"Fecha","Último","Apertura","Máximo","Mínimo","% var."
"31.12.2025","212,290","212,290","212,290","212,290","0,11%"
"30.12.2025","212,050","212,050","212,050","212,050","0,15%"
"29.12.2025","211,740","211,740","211,740","211,740","0,94%"
"24.12.2025","209,770","209,770","209,770","209,770","0,19%"
"23.12.2025","209,370","209,370","209,370","209,040","0,16%"
"22.12.2025","209,040","209,040","209,040","207,660","0,66%"
"19.12.2025","207,660","207,660","207,660","207,660","0,92%"
"18.12.2025","205,770","205,770","205,770","205,770","0,18%"
"17.12.2025","205,400","205,400","205,400","205,400","0,60%"
"16.12.2025","204,180","204,180","204,180","204,180","-1,60%"
"15.12.2025","207,510","207,510","210,350","207,510","-1,35%"
"12.12.2025","210,350","210,350","210,350","210,350","2,15%"
"11.12.2025","205,920","205,920","205,920","205,920","-2,34%"
"10.12.2025","210,850","210,850","210,850","210,850","0,18%"
"09.12.2025","210,470","210,470","210,470","210,470","-0,58%"
"08.12.2025","211,700","211,700","211,700","211,700","0,28%"
"05.12.2025","211,100","211,100","211,100","211,100","1,87%"
"04.12.2025","207,230","207,230","207,230","207,230","-0,81%"
"03.12.2025","208,930","208,930","208,930","208,930","0,51%"
"02.12.2025","207,870","207,870","207,870","206,580","0,62%"
"01.12.2025","206,580","206,580","208,910","206,580","-1,12%"
"28.11.2025","208,910","208,910","208,910","208,910","-0,34%"
"27.11.2025","209,630","209,630","209,870","209,630","-0,11%"
"26.11.2025","209,870","209,870","209,870","209,870","1,08%"
"25.11.2025","207,620","207,620","207,620","206,440","0,57%"
"24.11.2025","206,440","206,440","206,440","206,440","0,36%"
"21.11.2025","205,700","205,700","211,020","205,700","-2,52%"
"20.11.2025","211,020","211,020","211,020","211,020","1,99%"
"19.11.2025","206,910","206,910","208,530","206,910","-0,78%"
"18.11.2025","208,530","208,530","208,530","208,530","-1,73%"
"17.11.2025","212,200","212,200","212,200","211,580","0,29%"
"14.11.2025","211,580","211,580","212,680","211,580","-0,52%"
"13.11.2025","212,680","212,680","215,250","212,680","-1,19%"
"12.11.2025","215,250","215,250","215,250","214,510","0,34%"
"11.11.2025","214,510","214,510","214,510","214,510","0,74%"
"10.11.2025","212,940","212,940","212,940","209,620","1,58%"
"07.11.2025","209,620","209,620","214,120","209,620","-2,10%"
"06.11.2025","214,120","214,120","214,120","213,290","0,39%"
"05.11.2025","213,290","213,290","214,930","213,290","-0,76%"
"04.11.2025","214,930","214,930","214,930","214,830","0,05%"
"03.11.2025","214,830","214,830","214,830","214,830","-0,19%"
"31.10.2025","215,230","215,230","216,360","215,230","-0,52%"
"30.10.2025","216,360","216,360","216,360","214,940","0,66%"
"29.10.2025","214,940","214,940","214,940","213,240","0,80%"
"28.10.2025","213,240","213,240","214,470","213,240","-0,57%"
"27.10.2025","214,470","214,470","214,470","214,470","1,39%"
"24.10.2025","211,520","211,520","211,520","210,800","0,34%"
"23.10.2025","210,800","210,800","210,800","210,340","0,22%"
"22.10.2025","210,340","210,340","211,010","210,340","-0,32%"
"21.10.2025","211,010","211,010","211,010","211,010","0,31%"
"20.10.2025","210,360","210,360","210,360","206,830","1,71%"
"17.10.2025","206,830","206,830","206,830","206,830","-0,20%"
"16.10.2025","207,250","207,250","208,200","207,250","-0,46%"
"15.10.2025","208,200","208,200","208,200","204,640","1,74%"
"14.10.2025","204,640","204,640","207,430","204,640","-1,35%"
"13.10.2025","207,430","207,430","207,430","207,430","-0,58%"
"10.10.2025","208,650","208,650","208,650","208,650","-0,88%"
"09.10.2025","210,500","210,500","210,500","208,910","0,76%"
"08.10.2025","208,910","208,910","208,910","208,590","0,15%"
"07.10.2025","208,590","208,590","208,590","207,220","0,66%"
"06.10.2025","207,220","207,220","207,220","207,220","0,09%"
"03.10.2025","207,040","207,040","207,040","206,590","0,22%"
"02.10.2025","206,590","206,590","206,590","206,590","1,37%"
"01.10.2025","203,790","203,790","203,790","203,790","0,42%"
"30.09.2025","202,940","202,940","202,940","202,940","0,45%"
"29.09.2025","202,030","202,030","202,030","200,800","0,61%"
"26.09.2025","200,800","200,800","200,800","200,800","-1,48%"
"25.09.2025","203,820","203,820","203,870","203,820","-0,02%"
"24.09.2025","203,870","203,870","203,870","201,880","0,99%"
"23.09.2025","201,880","201,880","202,120","201,880","-0,12%"
"22.09.2025","202,120","202,120","202,120","202,120","0,09%"
"19.09.2025","201,930","201,930","201,930","199,720","1,11%"
"18.09.2025","199,720","199,720","199,720","199,720","0,48%"
"17.09.2025","198,770","198,770","198,770","198,770","0,62%"
"16.09.2025","197,550","197,550","197,550","197,550","0,07%"
"15.09.2025","197,420","197,420","200,090","197,420","-1,33%"
"12.09.2025","200,090","200,090","200,090","197,730","1,19%"
"11.09.2025","197,730","197,730","197,730","197,730","1,53%"
"10.09.2025","194,750","194,750","194,750","194,750","-0,32%"
"09.09.2025","195,380","195,380","195,380","195,380","1,14%"
"08.09.2025","193,180","193,180","193,180","192,380","0,42%"
"05.09.2025","192,380","192,380","192,380","192,380","0,29%"
"04.09.2025","191,820","191,820","191,820","191,820","-0,19%"
"03.09.2025","192,180","192,180","192,180","192,180","0,14%"
"02.09.2025","191,920","191,920","191,920","191,310","0,32%"
"01.09.2025","191,310","191,310","191,310","191,310","1,91%"
"29.08.2025","187,720","187,720","187,720","187,720","-0,52%"
"28.08.2025","188,700","188,700","188,700","188,700","-2,42%"
"27.08.2025","193,370","193,370","193,370","193,370","-0,02%"
"26.08.2025","193,400","193,400","194,220","193,400","-0,42%"
"25.08.2025","194,220","194,220","194,220","191,190","1,58%"
"22.08.2025","191,190","191,190","191,190","191,190","-0,46%"
"21.08.2025","192,070","192,070","192,070","192,070","1,88%"
"20.08.2025","188,530","188,530","192,470","188,530","-2,05%"
"19.08.2025","192,470","192,470","192,950","192,470","-0,25%"
"18.08.2025","192,950","192,950","192,950","191,750","0,63%"
"15.08.2025","191,750","191,750","191,750","190,260","0,78%"
"14.08.2025","190,260","190,260","192,570","190,260","-1,20%"
"13.08.2025","192,570","192,570","192,570","190,540","1,07%"
"12.08.2025","190,540","190,540","191,000","190,540","-0,24%"
"11.08.2025","191,000","191,000","191,000","191,000","0,52%"
"08.08.2025","190,010","190,010","190,010","190,010","-0,79%"
"07.08.2025","191,530","191,530","191,530","186,540","2,68%"
"06.08.2025","186,540","186,540","190,250","186,540","-1,95%"
"05.08.2025","190,250","190,250","190,250","188,870","0,73%"
"04.08.2025","188,870","188,870","188,870","188,870","2,20%"
"01.08.2025","184,800","184,800","189,150","184,800","-2,30%"
"31.07.2025","189,150","189,150","189,150","189,150","-1,76%"
"30.07.2025","192,530","192,530","192,530","192,530","0,38%"
"29.07.2025","191,800","191,800","191,800","191,800","0,75%"
"28.07.2025","190,380","190,380","190,380","190,380","0,62%"
"25.07.2025","189,200","189,200","189,200","189,200","-0,45%"
"24.07.2025","190,050","190,050","190,050","190,050","-0,11%"
"23.07.2025","190,250","190,250","190,250","190,250","2,66%"
"22.07.2025","185,320","185,320","185,320","185,320","-1,98%"
"21.07.2025","189,060","189,060","189,240","189,060","-0,10%"
"18.07.2025","189,240","189,240","189,240","188,970","0,14%"
"17.07.2025","188,970","188,970","188,970","188,970","0,23%"
"16.07.2025","188,530","188,530","188,530","188,310","0,12%"
"15.07.2025","188,310","188,310","188,310","185,470","1,53%"
"14.07.2025","185,470","185,470","185,470","185,470","1,42%"
"11.07.2025","182,880","182,880","182,880","182,880","-0,28%"
"10.07.2025","183,390","183,390","183,390","182,320","0,59%"
"09.07.2025","182,320","182,320","182,320","182,320","-1,80%"
"08.07.2025","185,670","185,670","185,670","184,140","0,83%"
"07.07.2025","184,140","184,140","184,140","184,070","0,04%"
"04.07.2025","184,070","184,070","184,070","184,070","-0,78%"
"03.07.2025","185,520","185,520","185,520","184,190","0,72%"
"02.07.2025","184,190","184,190","184,190","183,520","0,37%"
"01.07.2025","183,520","183,520","183,520","183,390","0,07%"
"30.06.2025","183,390","183,390","183,390","183,390","0,75%"
"27.06.2025","182,020","182,020","182,020","182,020","0,07%"
"26.06.2025","181,900","181,900","184,750","181,900","-1,54%"
"25.06.2025","184,750","184,750","184,750","184,750","2,07%"
"24.06.2025","181,000","181,000","181,000","177,880","1,75%"
"23.06.2025","177,880","177,880","181,670","177,880","-2,09%"
"20.06.2025","181,670","181,670","181,670","181,670","0,65%"
"19.06.2025","180,490","180,490","180,490","180,490","-1,00%"
"18.06.2025","182,310","182,310","182,550","182,310","-0,13%"
"17.06.2025","182,550","182,550","182,550","179,270","1,83%"
"16.06.2025","179,270","179,270","179,270","179,270","-1,06%"
"13.06.2025","181,190","181,190","182,500","181,190","-0,72%"
"12.06.2025","182,500","182,500","184,950","182,500","-1,32%"
"11.06.2025","184,950","184,950","184,950","182,080","1,58%"
"10.06.2025","182,080","182,080","183,670","182,080","-0,87%"
"09.06.2025","183,670","183,670","183,670","183,670","0,90%"
"06.06.2025","182,040","182,040","182,040","181,150","0,49%"
"05.06.2025","181,150","181,150","181,150","177,560","2,02%"
"04.06.2025","177,560","177,560","178,370","177,560","-0,45%"
"03.06.2025","178,370","178,370","178,370","176,730","0,93%"
"02.06.2025","176,730","176,730","176,730","176,730","-1,02%"
"30.05.2025","178,550","178,550","180,790","178,550","-1,24%"
"29.05.2025","180,790","180,790","180,790","180,790","0,12%"
"28.05.2025","180,580","180,580","180,580","180,580","0,33%"
"27.05.2025","179,980","179,980","179,980","179,980","0,01%"
"26.05.2025","179,970","179,970","179,970","179,970","-0,42%"
"23.05.2025","180,720","180,720","181,130","180,720","-0,23%"
"22.05.2025","181,130","181,130","181,520","181,130","-0,21%"
"21.05.2025","181,520","181,520","181,570","181,520","-0,03%"
"20.05.2025","181,570","181,570","181,570","181,570","-0,07%"
"19.05.2025","181,690","181,690","184,160","181,690","-1,34%"
"16.05.2025","184,160","184,160","184,160","184,160","1,40%"
"15.05.2025","181,610","181,610","181,610","181,170","0,24%"
"14.05.2025","181,170","181,170","181,460","181,170","-0,16%"
"13.05.2025","181,460","181,460","182,790","181,460","-0,73%"
"12.05.2025","182,790","182,790","182,790","176,860","3,35%"
"09.05.2025","176,860","176,860","176,860","175,960","0,51%"
"08.05.2025","175,960","175,960","175,960","175,960","0,47%"
"07.05.2025","175,140","175,140","175,290","175,140","-0,09%"
"06.05.2025","175,290","175,290","175,650","175,290","-0,20%"
"05.05.2025","175,650","175,650","175,650","174,440","0,69%"
"02.05.2025","174,440","174,440","174,440","174,440","1,85%"
"30.04.2025","171,270","171,270","171,270","171,270","0,81%"
"29.04.2025","169,900","169,900","169,900","169,900","0,28%"
"28.04.2025","169,430","169,430","169,430","169,430","0,55%"
"25.04.2025","168,510","168,510","168,510","168,510","0,28%"
"24.04.2025","168,040","168,040","168,850","168,040","-0,48%"
"23.04.2025","168,850","168,850","168,850","168,850","3,23%"
"22.04.2025","163,570","163,570","163,570","163,570","-0,33%"
"17.04.2025","164,110","164,110","164,110","164,110","0,91%"
"16.04.2025","162,630","162,630","163,490","162,630","-0,53%"
"15.04.2025","163,490","163,490","163,490","162,770","0,44%"
"14.04.2025","162,770","162,770","162,770","161,050","1,07%"
"11.04.2025","161,050","161,050","161,050","160,510","0,34%"
"10.04.2025","160,510","160,510","160,510","155,630","3,14%"
"09.04.2025","155,630","155,630","158,860","155,630","-2,03%"
"08.04.2025","158,860","158,860","158,860","158,860","-0,77%"
"07.04.2025","160,090","160,090","172,450","160,090","-7,17%"
"04.04.2025","172,450","172,450","172,880","172,450","-0,25%"
"03.04.2025","172,880","172,880","172,880","172,880","-2,29%"
"02.04.2025","176,930","176,930","179,020","176,930","-1,17%"
"01.04.2025","179,020","179,020","179,020","177,660","0,77%"
"31.03.2025","177,660","177,660","180,660","177,660","-1,66%"
"28.03.2025","180,660","180,660","180,660","180,660","-1,08%"
"27.03.2025","182,640","182,640","183,030","182,640","-0,21%"
"26.03.2025","183,030","183,030","183,030","183,030","0,37%"
"25.03.2025","182,360","182,360","183,520","182,360","-0,63%"
"24.03.2025","183,520","183,520","183,520","183,520","0,56%"
"21.03.2025","182,500","182,500","183,070","182,500","-0,31%"
"20.03.2025","183,070","183,070","183,240","183,070","-0,09%"
"19.03.2025","183,240","183,240","183,240","183,240","0,30%"
"18.03.2025","182,700","182,700","182,700","180,510","1,21%"
"17.03.2025","180,510","180,510","180,510","180,510","0,75%"
"14.03.2025","179,170","179,170","179,170","179,170","2,20%"
"13.03.2025","175,310","175,310","175,310","175,310","-1,08%"
"12.03.2025","177,220","177,220","177,220","177,220","0,25%"
"11.03.2025","176,780","176,780","176,780","176,780","-1,16%"
"10.03.2025","178,850","178,850","178,850","178,850","-1,06%"
"07.03.2025","180,770","180,770","180,770","180,770","0,51%"
"06.03.2025","179,850","179,850","179,850","179,850","-0,31%"
"05.03.2025","180,410","180,410","180,410","180,410","1,06%"
"04.03.2025","178,510","178,510","178,510","178,510","-1,86%"
"03.03.2025","181,900","181,900","181,900","181,900","-0,81%"
"28.02.2025","183,380","183,380","183,380","183,380","-2,38%"
"27.02.2025","187,860","187,860","187,860","187,860","0,05%"
"26.02.2025","187,760","187,760","187,760","187,760","1,08%"
"25.02.2025","185,750","185,750","185,750","185,750","-1,44%"
"24.02.2025","188,460","188,460","188,460","188,460","-1,27%"
"21.02.2025","190,890","190,890","190,890","190,890","1,48%"
"20.02.2025","188,100","188,100","188,100","188,100","-0,85%"
"19.02.2025","189,710","189,710","189,710","189,710","0,23%"
"18.02.2025","189,270","189,270","189,270","189,270","0,87%"
"17.02.2025","187,630","187,630","187,630","187,630","0,76%"
"14.02.2025","186,220","186,220","186,220","186,220","0,36%"
"13.02.2025","185,560","185,560","185,560","185,560","-0,38%"
"12.02.2025","186,260","186,260","186,260","186,260","1,72%"
"11.02.2025","183,110","183,110","183,110","183,110","-2,01%"
"10.02.2025","186,860","186,860","186,860","186,860","0,30%"
"07.02.2025","186,310","186,310","186,310","186,310","2,16%"
"06.02.2025","182,370","182,370","182,370","182,370","1,10%"
"05.02.2025","180,390","180,390","180,390","180,390","-1,32%"
"04.02.2025","182,800","182,800","182,800","182,800","1,15%"
"03.02.2025","180,730","180,730","180,730","180,730","-1,02%"
"31.01.2025","182,590","182,590","182,590","182,590","0,13%"
"30.01.2025","182,360","182,360","182,360","182,360","0,22%"
"29.01.2025","181,960","181,960","181,960","181,960","0,34%"
"28.01.2025","181,350","181,350","181,350","181,350","0,87%"
"27.01.2025","179,790","179,790","179,790","179,790","-0,07%"
"24.01.2025","179,910","179,910","179,910","179,910","-0,35%"
"23.01.2025","180,540","180,540","180,540","180,540","-0,02%"
"22.01.2025","180,570","180,570","180,570","180,570","-0,07%"
"21.01.2025","180,690","180,690","180,690","180,690","0,19%"
"20.01.2025","180,340","180,340","180,340","180,340","1,30%"
"17.01.2025","178,020","178,020","178,020","178,020","-1,09%"
"16.01.2025","179,980","179,980","179,980","179,980","1,07%"
"15.01.2025","178,070","178,070","178,070","178,070","0,16%"
"14.01.2025","177,780","177,780","177,780","177,780","0,53%"
"13.01.2025","176,850","176,850","176,850","176,850","-1,31%"
"10.01.2025","179,200","179,200","179,200","179,200","-0,26%"
"09.01.2025","179,670","179,670","179,670","179,670","0,90%"
"08.01.2025","178,060","178,060","178,060","178,060","-1,58%"
"07.01.2025","180,920","180,920","180,920","180,920","0,30%"
"06.01.2025","180,370","180,370","180,370","180,370","-0,34%"
"03.01.2025","180,990","180,990","180,990","180,990","0,07%"
"02.01.2025","180,860","180,860","180,860","180,860","0,43%"
"31.12.2024","180,080","180,080","180,080","180,080","-0,16%"
"30.12.2024","180,360","180,360","180,360","180,360","-0,02%"
"27.12.2024","180,390","180,390","180,390","180,390","-0,30%"
"24.12.2024","180,930","180,930","180,930","180,930","0,13%"
"23.12.2024","180,690","180,690","180,690","180,690","0,97%"
"20.12.2024","178,960","178,960","178,960","178,960","0,38%"
"19.12.2024","178,290","178,290","178,290","178,290","-1,75%"
"18.12.2024","181,460","181,460","181,460","181,460","0,43%"
"17.12.2024","180,690","180,690","180,690","180,690","-0,81%"
"16.12.2024","182,170","182,170","182,170","182,170","-0,52%"
"13.12.2024","183,130","183,130","183,130","183,130","-0,67%"
"12.12.2024","184,360","184,360","184,360","184,360","0,61%"
"11.12.2024","183,240","183,240","183,240","183,240","-0,14%"
"10.12.2024","183,500","183,500","183,500","183,500","2,38%"
"09.12.2024","179,230","179,230","179,230","179,230","-1,18%"
"06.12.2024","181,370","181,370","181,370","181,370","2,10%"
"05.12.2024","177,640","177,640","177,640","177,640","-1,96%"
"04.12.2024","181,200","181,200","181,200","181,200","1,90%"
"03.12.2024","177,820","177,820","177,820","177,820","-1,18%"
"02.12.2024","179,940","179,940","179,940","179,940","1,59%"
"28.11.2024","177,120","177,120","177,120","177,120","-0,70%"
"27.11.2024","178,360","178,360","178,360","178,360","-0,79%"
"26.11.2024","179,780","179,780","179,780","179,780","-0,42%"
"25.11.2024","180,540","180,540","180,540","180,540","-0,29%"
"22.11.2024","181,070","181,070","181,070","181,070","1,13%"
"21.11.2024","179,050","179,050","179,050","179,050","-0,53%"
"20.11.2024","180,010","180,010","180,010","180,010","0,38%"
"19.11.2024","179,320","179,320","179,320","179,320","2,12%"
"18.11.2024","175,600","175,600","175,600","175,600","-1,51%"
"15.11.2024","178,290","178,290","178,290","178,290","0,30%"
"14.11.2024","177,760","177,760","177,760","177,760","-0,71%"
"13.11.2024","179,030","179,030","179,030","179,030","-0,67%"
"12.11.2024","180,240","180,240","180,240","180,240","0,08%"
"11.11.2024","180,100","180,100","180,100","180,100","0,09%"
"08.11.2024","179,940","179,940","179,940","179,940","0,13%"
"07.11.2024","179,710","179,710","179,710","179,710","0,11%"
"06.11.2024","179,520","179,520","179,520","179,520","-0,87%"
"05.11.2024","181,100","181,100","181,100","181,100","0,94%"
"04.11.2024","179,420","179,420","179,420","179,420","0,21%"
"01.11.2024","179,040","179,040","179,040","179,040","0,18%"
"31.10.2024","178,720","178,720","178,720","178,720","-0,55%"
"30.10.2024","179,710","179,710","179,710","179,710","-1,47%"
"29.10.2024","182,390","182,390","182,390","182,390","0,07%"
"28.10.2024","182,270","182,270","182,270","182,270","0,39%"
"25.10.2024","181,570","181,570","181,570","181,570","-0,29%"
"24.10.2024","182,090","182,090","182,090","182,090","-0,84%"
"23.10.2024","183,640","183,640","183,640","183,640","2,03%"
"22.10.2024","179,990","179,990","179,990","179,990","-2,00%"
"21.10.2024","183,670","183,670","183,670","183,670","1,34%"
"18.10.2024","181,250","181,250","181,250","181,250","1,48%"
"17.10.2024","178,600","178,600","178,600","178,600","-2,00%"
"16.10.2024","182,240","182,240","182,240","182,240","1,45%"
"15.10.2024","179,630","179,630","179,630","179,630","-2,48%"
"14.10.2024","184,200","184,200","184,200","184,200","0,45%"
"11.10.2024","183,380","183,380","183,380","183,380","2,63%"
"09.10.2024","178,680","178,680","178,680","178,680","-0,48%"
"08.10.2024","179,550","179,550","179,550","179,550","-3,94%"
"07.10.2024","186,920","186,920","186,920","186,920","1,45%"
"03.10.2024","184,240","184,240","184,240","184,240","-1,10%"
"02.10.2024","186,290","186,290","186,290","186,290","1,69%"
"01.10.2024","183,190","183,190","183,190","183,190","0,77%"
"30.09.2024","181,790","181,790","181,790","181,790","-0,16%"
"27.09.2024","182,090","182,090","182,090","182,090","0,88%"
"26.09.2024","180,510","180,510","180,510","180,510","3,87%"
"25.09.2024","173,780","173,780","173,780","173,780","-1,18%"
"24.09.2024","175,860","175,860","175,860","175,860","1,91%"
"23.09.2024","172,570","172,570","172,570","172,570","1,80%"
"20.09.2024","169,520","169,520","169,520","169,520","-0,99%"
"19.09.2024","171,220","171,220","171,220","171,220","1,19%"
"18.09.2024","169,200","169,200","169,200","169,200","-0,20%"
"17.09.2024","169,540","169,540","169,540","169,540","0,41%"
"16.09.2024","168,840","168,840","168,840","168,840","-0,09%"
"13.09.2024","169,000","169,000","169,000","169,000","1,61%"
"12.09.2024","166,320","166,320","166,320","166,320","-0,07%"
"11.09.2024","166,440","166,440","166,440","166,440","-0,28%"
"10.09.2024","166,910","166,910","166,910","166,910","0,18%"
"09.09.2024","166,610","166,610","166,610","166,610","-0,33%"
"06.09.2024","167,170","167,170","167,170","167,170","-0,51%"
"05.09.2024","168,020","168,020","168,020","168,020","0,36%"
"04.09.2024","167,410","167,410","167,410","167,410","-1,92%"
"03.09.2024","170,690","170,690","170,690","170,690","-0,36%"
"02.09.2024","171,300","171,300","171,300","171,300","-0,34%"
"30.08.2024","171,880","171,880","171,880","171,880","0,47%"
"29.08.2024","171,080","171,080","171,080","171,080","0,33%"
"28.08.2024","170,510","170,510","170,510","170,510","0,08%"
"27.08.2024","170,370","170,370","170,370","170,370","1,00%"
"26.08.2024","168,680","168,680","168,680","168,680","-0,95%"
"23.08.2024","170,300","170,300","170,300","170,300","0,73%"
"22.08.2024","169,060","169,060","169,060","169,060","0,12%"
"21.08.2024","168,860","168,860","168,860","168,860","-1,73%"
"20.08.2024","171,830","171,830","171,830","171,830","-0,34%"
"19.08.2024","172,410","172,410","172,410","172,410","0,25%"
"16.08.2024","171,980","171,980","171,980","171,980","1,72%"
"15.08.2024","169,080","169,080","169,080","169,080","1,60%"
"14.08.2024","166,410","166,410","166,410","166,410","-0,20%"
"13.08.2024","166,740","166,740","166,740","166,740","-1,33%"
"12.08.2024","168,980","168,980","168,980","168,980","0,51%"
"09.08.2024","168,130","168,130","168,130","168,130","1,50%"
"08.08.2024","165,640","165,640","165,640","165,640","1,19%"
"07.08.2024","163,700","163,700","163,700","163,700","1,91%"
"06.08.2024","160,630","160,630","160,630","160,630","0,50%"
"05.08.2024","159,830","159,830","159,830","159,830","-4,68%"
"02.08.2024","167,670","167,670","167,670","167,670","-3,59%"
"01.08.2024","173,910","173,910","173,910","173,910","0,54%"
"31.07.2024","172,980","172,980","172,980","172,980","1,10%"
"30.07.2024","171,090","171,090","171,090","171,090","-0,42%"
"29.07.2024","171,820","171,820","171,820","171,820","2,16%"
"26.07.2024","168,180","168,180","168,180","168,180","-1,46%"
"25.07.2024","170,680","170,680","170,680","170,680","0,53%"
"24.07.2024","169,780","169,780","169,780","169,780","-1,79%"
"23.07.2024","172,880","172,880","172,880","172,880","0,51%"
"22.07.2024","172,010","172,010","172,010","172,010","-1,56%"
"18.07.2024","174,740","174,740","174,740","174,740","-0,19%"
"17.07.2024","175,070","175,070","175,070","175,070","-1,14%"
"16.07.2024","177,090","177,090","177,090","177,090","0,09%"
"15.07.2024","176,930","176,930","176,930","176,930","-0,35%"
"12.07.2024","177,550","177,550","177,550","177,550","0,84%"
"11.07.2024","176,070","176,070","176,070","176,070","0,72%"
"10.07.2024","174,820","174,820","174,820","174,820","-1,30%"
"09.07.2024","177,120","177,120","177,120","177,120","0,57%"
"08.07.2024","176,110","176,110","176,110","176,110","0,20%"
"05.07.2024","175,760","175,760","175,760","175,760","0,06%"
"04.07.2024","175,660","175,660","175,660","175,660","2,24%"
"03.07.2024","171,810","171,810","171,810","171,810","0,62%"
"02.07.2024","170,750","170,750","170,750","170,750","-1,85%"
"01.07.2024","173,970","173,970","173,970","173,970","-0,13%"
"28.06.2024","174,190","174,190","174,190","174,190","0,36%"
"27.06.2024","173,560","173,560","173,560","173,560","-0,60%"
"26.06.2024","174,600","174,600","174,600","174,600","0,28%"
"25.06.2024","174,110","174,110","174,110","174,110","1,60%"
"24.06.2024","171,370","171,370","171,370","171,370","-0,67%"
"21.06.2024","172,530","172,530","172,530","172,530","-1,64%"
"20.06.2024","175,410","175,410","175,410","175,410","1,55%"
"19.06.2024","172,740","172,740","172,740","172,740","-0,08%"
"18.06.2024","172,870","172,870","172,870","172,870","0,65%"
"17.06.2024","171,760","171,760","171,760","171,760","0,59%"
"14.06.2024","170,760","170,760","170,760","170,760","-0,33%"
"13.06.2024","171,320","171,320","171,320","171,320","1,37%"
"12.06.2024","169,000","169,000","169,000","169,000","0,45%"
"11.06.2024","168,240","168,240","168,240","168,240","-1,41%"
"10.06.2024","170,640","170,640","170,640","170,640","0,32%"
"07.06.2024","170,100","170,100","170,100","170,100","0,62%"
"06.06.2024","169,050","169,050","169,050","169,050","0,87%"
"05.06.2024","167,600","167,600","167,600","167,600","1,18%"
"04.06.2024","165,650","165,650","165,650","165,650","-0,48%"
"03.06.2024","166,450","166,450","166,450","166,450","0,59%"
"31.05.2024","165,480","165,480","165,480","165,480","-0,98%"
"30.05.2024","167,110","167,110","167,110","167,110","-1,54%"
"29.05.2024","169,720","169,720","169,720","169,720","-0,92%"
"28.05.2024","171,290","171,290","171,290","171,290","-0,33%"
"27.05.2024","171,850","171,850","171,850","171,850","0,57%"
"24.05.2024","170,880","170,880","170,880","170,880","-0,94%"
"23.05.2024","172,500","172,500","172,500","172,500","-0,29%"
"22.05.2024","173,000","173,000","173,000","173,000","0,42%"
"21.05.2024","172,280","172,280","172,280","172,280","0,46%"
"20.05.2024","171,490","171,490","171,490","171,490","0,29%"
"17.05.2024","171,000","171,000","171,000","171,000","-1,09%"
"16.05.2024","172,880","172,880","172,880","172,880","1,29%"
"15.05.2024","170,680","170,680","170,680","170,680","1,13%"
"14.05.2024","168,780","168,780","168,780","168,780","0,04%"
"13.05.2024","168,710","168,710","168,710","168,710","0,30%"
"10.05.2024","168,210","168,210","168,210","168,210","0,88%"
"09.05.2024","166,740","166,740","166,740","166,740","-0,53%"
"08.05.2024","167,630","167,630","167,630","167,630","-1,09%"
"07.05.2024","169,470","169,470","169,470","169,470","1,38%"
"06.05.2024","167,160","167,160","167,160","167,160","-0,82%"
"03.05.2024","168,540","168,540","168,540","168,540","0,13%"
"02.05.2024","168,320","168,320","168,320","168,320","1,96%"
"30.04.2024","165,090","165,090","165,090","165,090","-1,50%"
"29.04.2024","167,600","167,600","167,600","167,600","0,65%"
"26.04.2024","166,510","166,510","166,510","166,510","1,59%"
"25.04.2024","163,900","163,900","163,900","163,900","0,38%"
"24.04.2024","163,280","163,280","163,280","163,280","0,37%"
"23.04.2024","162,670","162,670","162,670","162,670","0,25%"
"22.04.2024","162,260","162,260","162,260","162,260","1,01%"
"19.04.2024","160,630","160,630","160,630","160,630","-0,38%"
"18.04.2024","161,240","161,240","161,240","161,240","-0,62%"
"17.04.2024","162,240","162,240","162,240","162,240","1,29%"
"16.04.2024","160,180","160,180","160,180","160,180","-3,23%"
"15.04.2024","165,520","165,520","165,520","165,520","0,17%"
"12.04.2024","165,240","165,240","165,240","165,240","-0,57%"
"11.04.2024","166,190","166,190","166,190","166,190","0,18%"
"10.04.2024","165,890","165,890","165,890","165,890","1,21%"
"09.04.2024","163,910","163,910","163,910","163,910","-0,64%"
"08.04.2024","164,970","164,970","164,970","164,970","0,03%"
"05.04.2024","164,920","164,920","164,920","164,920","0,30%"
"04.04.2024","164,430","164,430","164,430","164,430","1,18%"
"03.04.2024","162,510","162,510","162,510","162,510","-2,31%"
"02.04.2024","166,350","166,350","166,350","166,350","2,43%"
"28.03.2024","162,400","162,400","162,400","162,400","-0,61%"
"27.03.2024","163,400","163,400","163,400","163,400","-0,24%"
"26.03.2024","163,790","163,790","163,790","163,790","0,48%"
"25.03.2024","163,010","163,010","163,010","163,010","-0,48%"
"22.03.2024","163,790","163,790","163,790","163,790","-0,44%"
"21.03.2024","164,520","164,520","164,520","164,520","2,70%"
"20.03.2024","160,190","160,190","160,190","160,190","0,49%"
"19.03.2024","159,410","159,410","159,410","159,410","-1,90%"
"18.03.2024","162,500","162,500","162,500","162,500","1,56%"
"15.03.2024","160,000","160,000","160,000","160,000","-2,46%"
"14.03.2024","164,040","164,040","164,040","164,040","0,74%"
"13.03.2024","162,840","162,840","162,840","162,840","-0,45%"
"12.03.2024","163,570","163,570","163,570","163,570","1,08%"
"11.03.2024","161,820","161,820","161,820","161,820","0,49%"
"08.03.2024","161,030","161,030","161,030","161,030","0,39%"
"07.03.2024","160,410","160,410","160,410","160,410","0,03%"
"06.03.2024","160,360","160,360","160,360","160,360","0,29%"
"05.03.2024","159,890","159,890","159,890","159,890","0,18%"
"04.03.2024","159,610","159,610","159,610","159,610","-0,80%"
"01.03.2024","160,900","160,900","160,900","160,900","0,26%"
"29.02.2024","160,490","160,490","160,490","160,490","0,34%"
"28.02.2024","159,950","159,950","159,950","159,950","0,36%"
"27.02.2024","159,370","159,370","159,370","159,370","-0,70%"
"26.02.2024","160,500","160,500","160,500","160,500","-0,69%"
"23.02.2024","161,610","161,610","161,610","161,610","-0,21%"
"22.02.2024","161,950","161,950","161,950","161,950","0,84%"
"21.02.2024","160,600","160,600","160,600","160,600","0,33%"
"20.02.2024","160,070","160,070","160,070","160,070","-0,26%"
"19.02.2024","160,480","160,480","160,480","160,480","0,06%"
"16.02.2024","160,390","160,390","160,390","160,390","0,76%"
"15.02.2024","159,180","159,180","159,180","159,180","0,49%"
"14.02.2024","158,400","158,400","158,400","158,400","0,33%"
"13.02.2024","157,880","157,880","157,880","157,880","0,53%"
"12.02.2024","157,050","157,050","157,050","157,050","0,26%"
"09.02.2024","156,650","156,650","156,650","156,650","0,55%"
"08.02.2024","155,800","155,800","155,800","155,800","-0,55%"
"07.02.2024","156,660","156,660","156,660","156,660","0,15%"
"06.02.2024","156,430","156,430","156,430","156,430","0,40%"
"05.02.2024","155,800","155,800","155,800","155,800","1,33%"
"02.02.2024","153,750","153,750","153,750","153,750","0,86%"
"01.02.2024","152,440","152,440","152,440","152,440","-0,14%"
"31.01.2024","152,650","152,650","152,650","152,650","-0,72%"
"30.01.2024","153,760","153,760","153,760","153,760","-1,33%"
"29.01.2024","155,830","155,830","155,830","155,830","1,11%"
"26.01.2024","154,120","154,120","154,120","154,120","1,75%"
"24.01.2024","151,470","151,470","151,470","151,470","-0,45%"
"23.01.2024","152,160","152,160","152,160","152,160","2,11%"
"22.01.2024","149,010","149,010","149,010","149,010","-1,71%"
"19.01.2024","151,600","151,600","151,600","151,600","0,70%"
"18.01.2024","150,540","150,540","150,540","150,540","0,29%"
"17.01.2024","150,100","150,100","150,100","150,100","-0,95%"
"16.01.2024","151,540","151,540","151,540","151,540","-1,87%"
"15.01.2024","154,420","154,420","154,420","154,420","0,01%"
"12.01.2024","154,400","154,400","154,400","154,400","0,99%"
"11.01.2024","152,880","152,880","152,880","152,880","-0,22%"
"10.01.2024","153,220","153,220","153,220","153,220","-0,75%"
"08.01.2024","154,380","154,380","154,380","154,380","-0,46%"
"05.01.2024","155,100","155,100","155,100","155,100","-0,42%"
"04.01.2024","155,760","155,760","155,760","155,760","-0,33%"
"03.01.2024","156,280","156,280","156,280","156,280","-0,96%"
"02.01.2024","157,800","157,800","157,800","157,800","1,23%"
"29.12.2023","155,890","155,890","155,890","155,890","-0,38%"
"28.12.2023","156,490","156,490","156,490","156,490","1,29%"
"27.12.2023","154,490","154,490","154,490","154,490","0,98%"
"22.12.2023","152,990","152,990","152,990","152,990","-0,79%"
"21.12.2023","154,210","154,210","154,210","154,210","-0,06%"
"20.12.2023","154,300","154,300","154,300","154,300","0,98%"
"19.12.2023","152,800","152,800","152,800","152,800","-1,50%"
"18.12.2023","155,120","155,120","155,120","155,120","-0,30%"
"15.12.2023","155,590","155,590","155,590","155,590","1,58%"
"14.12.2023","153,170","153,170","153,170","153,170","0,14%"
"13.12.2023","152,960","152,960","152,960","152,960","-0,44%"
"12.12.2023","153,640","153,640","153,640","153,640","0,93%"
"11.12.2023","152,220","152,220","152,220","152,220","-0,89%"
"08.12.2023","153,580","153,580","153,580","153,580","0,66%"
"07.12.2023","152,580","152,580","152,580","152,580","0,49%"
"06.12.2023","151,840","151,840","151,840","151,840","0,44%"
"05.12.2023","151,170","151,170","151,170","151,170","-0,74%"
"04.12.2023","152,300","152,300","152,300","152,300","-0,94%"
"01.12.2023","153,740","153,740","153,740","153,740","1,12%"
"30.11.2023","152,040","152,040","152,040","152,040","0,07%"
"29.11.2023","151,940","151,940","151,940","151,940","-0,19%"
"28.11.2023","152,230","152,230","152,230","152,230","1,31%"
"27.11.2023","150,260","150,260","150,260","150,260","-1,14%"
"24.11.2023","151,990","151,990","151,990","151,990","-0,12%"
"23.11.2023","152,180","152,180","152,180","152,180","0,05%"
"22.11.2023","152,100","152,100","152,100","152,100","0,22%"
"21.11.2023","151,770","151,770","151,770","151,770","-0,60%"
"20.11.2023","152,680","152,680","152,680","152,680","0,43%"
"17.11.2023","152,020","152,020","152,020","152,020","0,29%"
"16.11.2023","151,580","151,580","151,580","151,580","-0,25%"
"15.11.2023","151,960","151,960","151,960","151,960","1,29%"
"14.11.2023","150,020","150,020","150,020","150,020","-0,62%"
"13.11.2023","150,960","150,960","150,960","150,960","0,23%"
"10.11.2023","150,620","150,620","150,620","150,620","0,56%"
"09.11.2023","149,780","149,780","149,780","149,780","-1,21%"
"08.11.2023","151,610","151,610","151,610","151,610","-0,49%"
"07.11.2023","152,350","152,350","152,350","152,350","-0,29%"
"06.11.2023","152,800","152,800","152,800","152,800","2,06%"
"03.11.2023","149,710","149,710","149,710","149,710","0,81%"
"02.11.2023","148,500","148,500","148,500","148,500","1,81%"
"01.11.2023","145,860","145,860","145,860","145,860","0,40%"
"31.10.2023","145,280","145,280","145,280","145,280","-1,22%"
"30.10.2023","147,070","147,070","147,070","147,070","-0,15%"
"27.10.2023","147,290","147,290","147,290","147,290","0,62%"
"26.10.2023","146,380","146,380","146,380","146,380","-0,67%"
"25.10.2023","147,360","147,360","147,360","147,360","0,14%"
"24.10.2023","147,160","147,160","147,160","147,160","0,75%"
"23.10.2023","146,060","146,060","146,060","146,060","-0,45%"
"20.10.2023","146,720","146,720","146,720","146,720","-1,67%"
"19.10.2023","149,210","149,210","149,210","149,210","-1,58%"
"18.10.2023","151,610","151,610","151,610","151,610","-0,49%"
"17.10.2023","152,360","152,360","152,360","152,360","1,20%"
"16.10.2023","150,560","150,560","150,560","150,560","-1,87%"
"13.10.2023","153,430","153,430","153,430","153,430","-0,69%"
"12.10.2023","154,490","154,490","154,490","154,490","1,27%"
"11.10.2023","152,560","152,560","152,560","152,560","1,06%"
"10.10.2023","150,960","150,960","150,960","150,960","0,63%"
"09.10.2023","150,020","150,020","150,020","150,020","-0,42%"
"06.10.2023","150,650","150,650","150,650","150,650","0,70%"
"05.10.2023","149,600","149,600","149,600","149,600","-0,10%"
"04.10.2023","149,750","149,750","149,750","149,750","-1,36%"
"03.10.2023","151,820","151,820","151,820","151,820","-0,95%"
"02.10.2023","153,270","153,270","153,270","153,270","0,72%"
"29.09.2023","152,180","152,180","152,180","152,180","1,45%"
"28.09.2023","150,010","150,010","150,010","150,010","-1,80%"
"27.09.2023","152,760","152,760","152,760","152,760","1,71%"
"26.09.2023","150,190","150,190","150,190","150,190","-1,10%"
"25.09.2023","151,860","151,860","151,860","151,860","0,05%"
"22.09.2023","151,790","151,790","151,790","151,790","0,86%"
"21.09.2023","150,490","150,490","150,490","150,490","-0,94%"
"20.09.2023","151,920","151,920","151,920","151,920","-1,52%"
"19.09.2023","154,260","154,260","154,260","154,260","-0,30%"
"18.09.2023","154,730","154,730","154,730","154,730","-0,98%"
"15.09.2023","156,260","156,260","156,260","156,260","1,18%"
"14.09.2023","154,440","154,440","154,440","154,440","0,61%"
"13.09.2023","153,510","153,510","153,510","153,510","0,57%"
"12.09.2023","152,640","152,640","152,640","152,640","0,14%"
"11.09.2023","152,430","152,430","152,430","152,430","-0,77%"
"08.09.2023","153,620","153,620","153,620","153,620","-0,07%"
"07.09.2023","153,720","153,720","153,720","153,720","-0,77%"
"06.09.2023","154,920","154,920","154,920","154,920","-0,43%"
"05.09.2023","155,590","155,590","155,590","155,590","0,63%"
"04.09.2023","154,610","154,610","154,610","154,610","0,30%"
"01.09.2023","154,150","154,150","154,150","154,150","1,88%"
"31.08.2023","151,310","151,310","151,310","151,310","-1,01%"
"30.08.2023","152,850","152,850","152,850","152,850","0,05%"
"29.08.2023","152,780","152,780","152,780","152,780","0,75%"
"28.08.2023","151,650","151,650","151,650","151,650","0,41%"
"25.08.2023","151,030","151,030","151,030","151,030","-1,38%"
"24.08.2023","153,140","153,140","153,140","153,140","1,29%"
"23.08.2023","151,190","151,190","151,190","151,190","1,31%"
"22.08.2023","149,230","149,230","149,230","149,230","1,10%"
"21.08.2023","147,600","147,600","147,600","147,600","-1,50%"
"18.08.2023","149,850","149,850","149,850","149,850","-0,81%"
"17.08.2023","151,080","151,080","151,080","151,080","-0,03%"
"16.08.2023","151,120","151,120","151,120","151,120","-0,32%"
"15.08.2023","151,600","151,600","151,600","151,600","-0,78%"
"14.08.2023","152,790","152,790","152,790","152,790","-0,49%"
"11.08.2023","153,550","153,550","153,550","153,550","0,18%"
"10.08.2023","153,280","153,280","153,280","153,280","-1,12%"
"09.08.2023","155,020","155,020","155,020","155,020","0,15%"
"08.08.2023","154,790","154,790","154,790","154,790","0,10%"
"07.08.2023","154,630","154,630","154,630","154,630","-0,81%"
"04.08.2023","155,900","155,900","155,900","155,900","0,23%"
"03.08.2023","155,540","155,540","155,540","155,540","-1,26%"
"02.08.2023","157,530","157,530","157,530","157,530","-1,73%"
"01.08.2023","160,310","160,310","160,310","160,310","0,86%"
"31.07.2023","158,940","158,940","158,940","158,940","-0,37%"
"28.07.2023","159,530","159,530","159,530","159,530","0,39%"
"27.07.2023","158,910","158,910","158,910","158,910","0,96%"
"26.07.2023","157,400","157,400","157,400","157,400","-0,20%"
"25.07.2023","157,710","157,710","157,710","157,710","2,19%"
"24.07.2023","154,330","154,330","154,330","154,330","0,21%"
"21.07.2023","154,010","154,010","154,010","154,010","0,81%"
"20.07.2023","152,780","152,780","152,780","152,780","0,24%"
"19.07.2023","152,410","152,410","152,410","152,410","0,16%"
"18.07.2023","152,160","152,160","152,160","152,160","-1,39%"
"17.07.2023","154,310","154,310","154,310","154,310","0,02%"
"14.07.2023","154,280","154,280","154,280","154,280","1,15%"
"13.07.2023","152,530","152,530","152,530","152,530","0,06%"
"12.07.2023","152,440","152,440","152,440","152,440","-0,09%"
"11.07.2023","152,570","152,570","152,570","152,570","2,00%"
"10.07.2023","149,580","149,580","149,580","149,580","-0,11%"
"07.07.2023","149,750","149,750","149,750","149,750","-1,12%"
"06.07.2023","151,450","151,450","151,450","151,450","-2,24%"
"05.07.2023","154,920","154,920","154,920","154,920","-0,39%"
"04.07.2023","155,530","155,530","155,530","155,530","0,39%"
"03.07.2023","154,930","154,930","154,930","154,930","1,62%"
"30.06.2023","152,460","152,460","152,460","152,460","0,90%"
"29.06.2023","151,100","151,100","151,100","151,100","-1,11%"
"28.06.2023","152,790","152,790","152,790","152,790","0,96%"
"27.06.2023","151,340","151,340","151,340","151,340","0,25%"
"26.06.2023","150,970","150,970","150,970","150,970","-1,26%"
"23.06.2023","152,890","152,890","152,890","152,890","-0,08%"
"22.06.2023","153,020","153,020","153,020","153,020","-0,48%"
"21.06.2023","153,760","153,760","153,760","153,760","-0,55%"
"20.06.2023","154,610","154,610","154,610","154,610","-0,74%"
"19.06.2023","155,760","155,760","155,760","155,760","-1,42%"
"16.06.2023","158,010","158,010","158,010","158,010","1,31%"
"15.06.2023","155,960","155,960","155,960","155,960","0,36%"
"14.06.2023","155,400","155,400","155,400","155,400","-1,09%"
"13.06.2023","157,110","157,110","157,110","157,110","1,37%"
"12.06.2023","154,990","154,990","154,990","154,990","0,19%"
"09.06.2023","154,690","154,690","154,690","154,690","0,16%"
"08.06.2023","154,440","154,440","154,440","154,440","-0,69%"
"07.06.2023","155,520","155,520","155,520","155,520","0,55%"
"06.06.2023","154,670","154,670","154,670","154,670","0,40%"
"05.06.2023","154,060","154,060","154,060","154,060","0,36%"
"02.06.2023","153,500","153,500","153,500","153,500","3,26%"
"01.06.2023","148,660","148,660","148,660","148,660","-0,32%"
"31.05.2023","149,130","149,130","149,130","149,130","-1,39%"
"30.05.2023","151,230","151,230","151,230","151,230","-0,29%"
"29.05.2023","151,670","151,670","151,670","151,670","0,01%"
"26.05.2023","151,660","151,660","151,660","151,660","0,99%"
"25.05.2023","150,170","150,170","150,170","150,170","-0,40%"
"24.05.2023","150,770","150,770","150,770","150,770","-0,63%"
"23.05.2023","151,730","151,730","151,730","151,730","-0,29%"
"22.05.2023","152,170","152,170","152,170","152,170","0,52%"
"19.05.2023","151,390","151,390","151,390","151,390","-0,22%"
"18.05.2023","151,730","151,730","151,730","151,730","0,72%"
"17.05.2023","150,650","150,650","150,650","150,650","0,09%"
"16.05.2023","150,520","150,520","150,520","150,520","0,19%"
"15.05.2023","150,240","150,240","150,240","150,240","0,45%"
"12.05.2023","149,570","149,570","149,570","149,570","0,77%"
"11.05.2023","148,430","148,430","148,430","148,430","-0,45%"
"10.05.2023","149,100","149,100","149,100","149,100","-0,40%"
"09.05.2023","149,700","149,700","149,700","149,700","-0,21%"
"08.05.2023","150,010","150,010","150,010","150,010","0,73%"
"05.05.2023","148,930","148,930","148,930","148,930","0,51%"
"04.05.2023","148,170","148,170","148,170","148,170","1,18%"
"03.05.2023","146,440","146,440","146,440","146,440","-1,08%"
"02.05.2023","148,040","148,040","148,040","148,040","0,22%"
"28.04.2023","147,710","147,710","147,710","147,710","0,33%"
"27.04.2023","147,230","147,230","147,230","147,230","0,76%"
"26.04.2023","146,120","146,120","146,120","146,120","-0,35%"
"25.04.2023","146,630","146,630","146,630","146,630","-0,74%"
"24.04.2023","147,730","147,730","147,730","147,730","-0,85%"
"21.04.2023","149,000","149,000","149,000","149,000","-0,86%"
"20.04.2023","150,300","150,300","150,300","150,300","-0,25%"
"19.04.2023","150,670","150,670","150,670","150,670","-0,97%"
"18.04.2023","152,140","152,140","152,140","152,140","-0,74%"
"17.04.2023","153,270","153,270","153,270","153,270","1,94%"
"14.04.2023","150,360","150,360","150,360","150,360","-0,05%"
"13.04.2023","150,440","150,440","150,440","150,440","0,48%"
"12.04.2023","149,720","149,720","149,720","149,720","-1,59%"
"11.04.2023","152,140","152,140","152,140","152,140","2,07%"
"06.04.2023","149,060","149,060","149,060","149,060","-1,05%"
"05.04.2023","150,640","150,640","150,640","150,640","0,41%"
"04.04.2023","150,030","150,030","150,030","150,030","-0,85%"
"03.04.2023","151,320","151,320","151,320","151,320","-0,32%"
"31.03.2023","151,810","151,810","151,810","151,810","0,90%"
"30.03.2023","150,450","150,450","150,450","150,450","-0,13%"
"29.03.2023","150,640","150,640","150,640","150,640","1,01%"
"28.03.2023","149,130","149,130","149,130","149,130","0,22%"
"27.03.2023","148,800","148,800","148,800","148,800","-0,99%"
"24.03.2023","150,290","150,290","150,290","150,290","0,62%"
"23.03.2023","149,360","149,360","149,360","149,360","1,54%"
"22.03.2023","147,090","147,090","147,090","147,090","0,01%"
"21.03.2023","147,070","147,070","147,070","147,070","0,55%"
"20.03.2023","146,270","146,270","146,270","146,270","-1,59%"
"17.03.2023","148,640","148,640","148,640","148,640","1,61%"
"16.03.2023","146,290","146,290","146,290","146,290","-1,30%"
"15.03.2023","148,220","148,220","148,220","148,220","2,00%"
"14.03.2023","145,320","145,320","145,320","145,320","-2,35%"
"13.03.2023","148,820","148,820","148,820","148,820","0,24%"
"10.03.2023","148,470","148,470","148,470","148,470","-1,67%"
"09.03.2023","150,990","150,990","150,990","150,990","-1,15%"
"08.03.2023","152,750","152,750","152,750","152,750","-90,15%"
"07.03.2023","1.550,400","1.550,400","1.550,400","1.550,400","1,11%"
"06.03.2023","1.533,390","1.533,390","1.533,390","1.533,390","-0,98%"
"03.03.2023","1.548,590","1.548,590","1.548,590","1.548,590","0,95%"
"02.03.2023","1.534,040","1.534,040","1.534,040","1.534,040","0,14%"
"01.03.2023","1.531,850","1.531,850","1.531,850","1.531,850","1,47%"
"28.02.2023","1.509,690","1.509,690","1.509,690","1.509,690","-0,36%"
"27.02.2023","1.515,200","1.515,200","1.515,200","1.515,200","-1,02%"
"24.02.2023","1.530,770","1.530,770","1.530,770","1.530,770","-1,06%"
"23.02.2023","1.547,200","1.547,200","1.547,200","1.547,200","0,88%"
"22.02.2023","1.533,670","1.533,670","1.533,670","1.533,670","-0,80%"
"21.02.2023","1.545,980","1.545,980","1.545,980","1.545,980","-0,97%"
"20.02.2023","1.561,120","1.561,120","1.561,120","1.561,120","1,14%"
"17.02.2023","1.543,500","1.543,500","1.543,500","1.543,500","-1,85%"
"16.02.2023","1.572,540","1.572,540","1.572,540","1.572,540","0,65%"
"15.02.2023","1.562,370","1.562,370","1.562,370","1.562,370","0,33%"
"14.02.2023","1.557,230","1.557,230","1.557,230","1.557,230","-0,76%"
"13.02.2023","1.569,130","1.569,130","1.569,130","1.569,130","-0,41%"
"10.02.2023","1.575,540","1.575,540","1.575,540","1.575,540","-0,28%"
"09.02.2023","1.579,890","1.579,890","1.579,890","1.579,890","0,92%"
"08.02.2023","1.565,550","1.565,550","1.565,550","1.565,550","0,20%"
"07.02.2023","1.562,370","1.562,370","1.562,370","1.562,370","0,46%"
"06.02.2023","1.555,170","1.555,170","1.555,170","1.555,170","-2,06%"
"03.02.2023","1.587,800","1.587,800","1.587,800","1.587,800","0,10%"
"02.02.2023","1.586,220","1.586,220","1.586,220","1.586,220","0,98%"
"01.02.2023","1.570,900","1.570,900","1.570,900","1.570,900","-0,34%"
"31.01.2023","1.576,300","1.576,300","1.576,300","1.576,300","-1,10%"
"30.01.2023","1.593,890","1.593,890","1.593,890","1.593,890","-0,97%"
"27.01.2023","1.609,500","1.609,500","1.609,500","1.609,500","-0,00%"
"26.01.2023","1.609,510","1.609,510","1.609,510","1.609,510","1,68%"
"25.01.2023","1.582,970","1.582,970","1.582,970","1.582,970","-0,05%"
"24.01.2023","1.583,820","1.583,820","1.583,820","1.583,820","-0,05%"
"23.01.2023","1.584,590","1.584,590","1.584,590","1.584,590","-0,22%"
"20.01.2023","1.588,040","1.588,040","1.588,040","1.588,040","0,43%"
"19.01.2023","1.581,220","1.581,220","1.581,220","1.581,220","0,19%"
"18.01.2023","1.578,300","1.578,300","1.578,300","1.578,300","0,85%"
"17.01.2023","1.564,960","1.564,960","1.564,960","1.564,960","-0,99%"
"16.01.2023","1.580,620","1.580,620","1.580,620","1.580,620","0,15%"
"13.01.2023","1.578,230","1.578,230","1.578,230","1.578,230","0,91%"
"12.01.2023","1.563,950","1.563,950","1.563,950","1.563,950","-0,34%"
"11.01.2023","1.569,280","1.569,280","1.569,280","1.569,280","0,05%"
"10.01.2023","1.568,570","1.568,570","1.568,570","1.568,570","1,13%"
"09.01.2023","1.551,100","1.551,100","1.551,100","1.551,100","0,25%"
"06.01.2023","1.547,260","1.547,260","1.547,260","1.547,260","-0,29%"
"05.01.2023","1.551,800","1.551,800","1.551,800","1.551,800","1,81%"
"04.01.2023","1.524,210","1.524,210","1.524,210","1.524,210","0,76%"
"03.01.2023","1.512,640","1.512,640","1.512,640","1.512,640","1,94%"
"02.01.2023","1.483,810","1.483,810","1.483,810","1.483,810","-0,16%"
"30.12.2022","1.486,230","1.486,230","1.486,230","1.486,230","-0,19%"
"29.12.2022","1.489,040","1.489,040","1.489,040","1.489,040","-0,70%"
"28.12.2022","1.499,540","1.499,540","1.499,540","1.499,540","0,62%"
"27.12.2022","1.490,260","1.490,260","1.490,260","1.490,260","0,96%"
"23.12.2022","1.476,110","1.476,110","1.476,110","1.476,110","-2,00%"
"22.12.2022","1.506,170","1.506,170","1.506,170","1.506,170","2,23%"
"21.12.2022","1.473,290","1.473,290","1.473,290","1.473,290","-0,50%"
"20.12.2022","1.480,680","1.480,680","1.480,680","1.480,680","-1,23%"
"19.12.2022","1.499,150","1.499,150","1.499,150","1.499,150","0,38%"
"16.12.2022","1.493,510","1.493,510","1.493,510","1.493,510","0,98%"
"15.12.2022","1.479,040","1.479,040","1.479,040","1.479,040","-2,33%"
"14.12.2022","1.514,260","1.514,260","1.514,260","1.514,260","0,78%"
"13.12.2022","1.502,510","1.502,510","1.502,510","1.502,510","-0,91%"
"12.12.2022","1.516,330","1.516,330","1.516,330","1.516,330","-0,37%"
"09.12.2022","1.522,030","1.522,030","1.522,030","1.522,030","0,98%"
"08.12.2022","1.507,210","1.507,210","1.507,210","1.507,210","0,70%"
"07.12.2022","1.496,800","1.496,800","1.496,800","1.496,800","-2,39%"
"06.12.2022","1.533,490","1.533,490","1.533,490","1.533,490","-0,90%"
"05.12.2022","1.547,360","1.547,360","1.547,360","1.547,360","0,52%"
"02.12.2022","1.539,290","1.539,290","1.539,290","1.539,290","0,61%"
"01.12.2022","1.529,910","1.529,910","1.529,910","1.529,910","-1,19%"
"30.11.2022","1.548,360","1.548,360","1.548,360","1.548,360","1,67%"
"29.11.2022","1.522,910","1.522,910","1.522,910","1.522,910","2,78%"
"28.11.2022","1.481,730","1.481,730","1.481,730","1.481,730","-0,99%"
"25.11.2022","1.496,480","1.496,480","1.496,480","1.496,480","-0,45%"
"24.11.2022","1.503,180","1.503,180","1.503,180","1.503,180","1,08%"
"23.11.2022","1.487,150","1.487,150","1.487,150","1.487,150","0,62%"
"22.11.2022","1.478,010","1.478,010","1.478,010","1.478,010","-0,72%"
"21.11.2022","1.488,770","1.488,770","1.488,770","1.488,770","-1,04%"
"18.11.2022","1.504,450","1.504,450","1.504,450","1.504,450","-0,24%"
"17.11.2022","1.508,040","1.508,040","1.508,040","1.508,040","-0,50%"
"16.11.2022","1.515,650","1.515,650","1.515,650","1.515,650","-1,04%"
"15.11.2022","1.531,580","1.531,580","1.531,580","1.531,580","1,88%"
"14.11.2022","1.503,260","1.503,260","1.503,260","1.503,260","0,37%"
"11.11.2022","1.497,670","1.497,670","1.497,670","1.497,670","3,69%"
"10.11.2022","1.444,320","1.444,320","1.444,320","1.444,320","-2,65%"
"09.11.2022","1.483,620","1.483,620","1.483,620","1.483,620","1,26%"
"08.11.2022","1.465,140","1.465,140","1.465,140","1.465,140","-1,21%"
"07.11.2022","1.483,040","1.483,040","1.483,040","1.483,040","0,33%"
"04.11.2022","1.478,210","1.478,210","1.478,210","1.478,210","1,39%"
"03.11.2022","1.457,880","1.457,880","1.457,880","1.457,880","-0,21%"
"02.11.2022","1.460,960","1.460,960","1.460,960","1.460,960","0,61%"
"01.11.2022","1.452,080","1.452,080","1.452,080","1.452,080","2,40%"
"31.10.2022","1.417,990","1.417,990","1.417,990","1.417,990","0,97%"
"28.10.2022","1.404,400","1.404,400","1.404,400","1.404,400","-1,13%"
"27.10.2022","1.420,520","1.420,520","1.420,520","1.420,520","1,41%"
"26.10.2022","1.400,830","1.400,830","1.400,830","1.400,830","0,83%"
"25.10.2022","1.389,300","1.389,300","1.389,300","1.389,300","-1,37%"
"24.10.2022","1.408,650","1.408,650","1.408,650","1.408,650","-2,63%"
"21.10.2022","1.446,670","1.446,670","1.446,670","1.446,670","0,53%"
"20.10.2022","1.439,080","1.439,080","1.439,080","1.439,080","-0,66%"
"19.10.2022","1.448,650","1.448,650","1.448,650","1.448,650","-1,73%"
"18.10.2022","1.474,210","1.474,210","1.474,210","1.474,210","1,17%"
"17.10.2022","1.457,090","1.457,090","1.457,090","1.457,090","-0,34%"
"14.10.2022","1.462,040","1.462,040","1.462,040","1.462,040","1,52%"
"13.10.2022","1.440,090","1.440,090","1.440,090","1.440,090","-1,39%"
"12.10.2022","1.460,460","1.460,460","1.460,460","1.460,460","-0,70%"
"11.10.2022","1.470,700","1.470,700","1.470,700","1.470,700","-2,19%"
"10.10.2022","1.503,670","1.503,670","1.503,670","1.503,670","-0,74%"
"07.10.2022","1.514,850","1.514,850","1.514,850","1.514,850","-0,85%"
"06.10.2022","1.527,900","1.527,900","1.527,900","1.527,900","1,15%"
"05.10.2022","1.510,540","1.510,540","1.510,540","1.510,540","2,03%"
"04.10.2022","1.480,550","1.480,550","1.480,550","1.480,550","0,45%"
"03.10.2022","1.473,870","1.473,870","1.473,870","1.473,870","-0,15%"
"30.09.2022","1.476,110","1.476,110","1.476,110","1.476,110","0,87%"
"29.09.2022","1.463,350","1.463,350","1.463,350","1.463,350","-2,54%"
"28.09.2022","1.501,440","1.501,440","1.501,440","1.501,440","-1,85%"
"27.09.2022","1.529,680","1.529,680","1.529,680","1.529,680","0,66%"
"26.09.2022","1.519,670","1.519,670","1.519,670","1.519,670","-1,32%"
"23.09.2022","1.539,980","1.539,980","1.539,980","1.539,980","0,17%"
"22.09.2022","1.537,430","1.537,430","1.537,430","1.537,430","-1,26%"
"21.09.2022","1.557,050","1.557,050","1.557,050","1.557,050","-0,33%"
"20.09.2022","1.562,140","1.562,140","1.562,140","1.562,140","0,99%"
"19.09.2022","1.546,770","1.546,770","1.546,770","1.546,770","-0,40%"
"16.09.2022","1.552,980","1.552,980","1.552,980","1.552,980","-1,84%"
"15.09.2022","1.582,040","1.582,040","1.582,040","1.582,040","-0,38%"
"14.09.2022","1.588,010","1.588,010","1.588,010","1.588,010","-0,69%"
"13.09.2022","1.599,060","1.599,060","1.599,060","1.599,060","0,48%"
"12.09.2022","1.591,450","1.591,450","1.591,450","1.591,450","0,04%"
"09.09.2022","1.590,740","1.590,740","1.590,740","1.590,740","1,23%"
"08.09.2022","1.571,480","1.571,480","1.571,480","1.571,480","0,01%"
"07.09.2022","1.571,360","1.571,360","1.571,360","1.571,360","-1,32%"
"06.09.2022","1.592,430","1.592,430","1.592,430","1.592,430","-0,95%"
"05.09.2022","1.607,660","1.607,660","1.607,660","1.607,660","0,64%"
"02.09.2022","1.597,450","1.597,450","1.597,450","1.597,450","-1,32%"
"01.09.2022","1.618,750","1.618,750","1.618,750","1.618,750","0,23%"
"31.08.2022","1.615,070","1.615,070","1.615,070","1.615,070","-1,37%"
"30.08.2022","1.637,450","1.637,450","1.637,450","1.637,450","0,89%"
"29.08.2022","1.622,980","1.622,980","1.622,980","1.622,980","-1,96%"
"26.08.2022","1.655,510","1.655,510","1.655,510","1.655,510","-0,07%"
"25.08.2022","1.656,640","1.656,640","1.656,640","1.656,640","1,98%"
"24.08.2022","1.624,530","1.624,530","1.624,530","1.624,530","0,37%"
"23.08.2022","1.618,590","1.618,590","1.618,590","1.618,590","-0,42%"
"22.08.2022","1.625,410","1.625,410","1.625,410","1.625,410","-1,05%"
"19.08.2022","1.642,590","1.642,590","1.642,590","1.642,590","0,06%"
"18.08.2022","1.641,650","1.641,650","1.641,650","1.641,650","-0,26%"
"17.08.2022","1.645,920","1.645,920","1.645,920","1.645,920","0,28%"
"16.08.2022","1.641,260","1.641,260","1.641,260","1.641,260","0,06%"
"15.08.2022","1.640,290","1.640,290","1.640,290","1.640,290","0,32%"
"12.08.2022","1.635,070","1.635,070","1.635,070","1.635,070","1,45%"
"11.08.2022","1.611,690","1.611,690","1.611,690","1.611,690","1,82%"
"10.08.2022","1.582,940","1.582,940","1.582,940","1.582,940","-1,68%"
"09.08.2022","1.610,040","1.610,040","1.610,040","1.610,040","-0,07%"
"08.08.2022","1.611,150","1.611,150","1.611,150","1.611,150","-0,59%"
"05.08.2022","1.620,720","1.620,720","1.620,720","1.620,720","1,28%"
"04.08.2022","1.600,230","1.600,230","1.600,230","1.600,230","0,11%"
"03.08.2022","1.598,520","1.598,520","1.598,520","1.598,520","0,84%"
"02.08.2022","1.585,250","1.585,250","1.585,250","1.585,250","0,37%"
"01.08.2022","1.579,460","1.579,460","1.579,460","1.579,460","-1,32%"
"29.07.2022","1.600,570","1.600,570","1.600,570","1.600,570","-0,78%"
"28.07.2022","1.613,140","1.613,140","1.613,140","1.613,140","0,44%"
"27.07.2022","1.606,070","1.606,070","1.606,070","1.606,070","0,15%"
"26.07.2022","1.603,590","1.603,590","1.603,590","1.603,590","1,13%"
"25.07.2022","1.585,630","1.585,630","1.585,630","1.585,630","-0,20%"
"22.07.2022","1.588,800","1.588,800","1.588,800","1.588,800","-0,40%"
"21.07.2022","1.595,220","1.595,220","1.595,220","1.595,220","0,63%"
"20.07.2022","1.585,170","1.585,170","1.585,170","1.585,170","1,75%"
"19.07.2022","1.557,890","1.557,890","1.557,890","1.557,890","-1,25%"
"18.07.2022","1.577,650","1.577,650","1.577,650","1.577,650","0,78%"
"15.07.2022","1.565,440","1.565,440","1.565,440","1.565,440","-1,16%"
"14.07.2022","1.583,870","1.583,870","1.583,870","1.583,870","1,42%"
"13.07.2022","1.561,740","1.561,740","1.561,740","1.561,740","-1,04%"
"12.07.2022","1.578,120","1.578,120","1.578,120","1.578,120","-1,06%"
"11.07.2022","1.595,000","1.595,000","1.595,000","1.595,000","-0,20%"
"08.07.2022","1.598,200","1.598,200","1.598,200","1.598,200","-0,27%"
"07.07.2022","1.602,550","1.602,550","1.602,550","1.602,550","1,71%"
"06.07.2022","1.575,630","1.575,630","1.575,630","1.575,630","-0,55%"
"05.07.2022","1.584,270","1.584,270","1.584,270","1.584,270","1,67%"
"04.07.2022","1.558,310","1.558,310","1.558,310","1.558,310","-0,07%"
"01.07.2022","1.559,380","1.559,380","1.559,380","1.559,380","-0,32%"
"30.06.2022","1.564,310","1.564,310","1.564,310","1.564,310","-0,98%"
"29.06.2022","1.579,800","1.579,800","1.579,800","1.579,800","-1,14%"
"28.06.2022","1.597,980","1.597,980","1.597,980","1.597,980","1,05%"
"27.06.2022","1.581,370","1.581,370","1.581,370","1.581,370","1,91%"
"24.06.2022","1.551,660","1.551,660","1.551,660","1.551,660","1,45%"
"23.06.2022","1.529,510","1.529,510","1.529,510","1.529,510","0,10%"
"22.06.2022","1.527,930","1.527,930","1.527,930","1.527,930","-2,56%"
"21.06.2022","1.568,100","1.568,100","1.568,100","1.568,100","2,20%"
"20.06.2022","1.534,380","1.534,380","1.534,380","1.534,380","-1,92%"
"17.06.2022","1.564,340","1.564,340","1.564,340","1.564,340","0,81%"
"16.06.2022","1.551,730","1.551,730","1.551,730","1.551,730","-2,70%"
"15.06.2022","1.594,820","1.594,820","1.594,820","1.594,820","1,11%"
"14.06.2022","1.577,280","1.577,280","1.577,280","1.577,280","0,26%"
"13.06.2022","1.573,170","1.573,170","1.573,170","1.573,170","-2,62%"
"10.06.2022","1.615,510","1.615,510","1.615,510","1.615,510","-0,89%"
"09.06.2022","1.629,950","1.629,950","1.629,950","1.629,950","0,13%"
"08.06.2022","1.627,830","1.627,830","1.627,830","1.627,830","0,97%"
"07.06.2022","1.612,160","1.612,160","1.612,160","1.612,160","-0,82%"
"06.06.2022","1.625,510","1.625,510","1.625,510","1.625,510","1,15%"
"03.06.2022","1.607,060","1.607,060","1.607,060","1.607,060","-0,29%"
"02.06.2022","1.611,800","1.611,800","1.611,800","1.611,800","-0,98%"
"01.06.2022","1.627,770","1.627,770","1.627,770","1.627,770","-0,49%"
"31.05.2022","1.635,860","1.635,860","1.635,860","1.635,860","2,73%"
"30.05.2022","1.592,420","1.592,420","1.592,420","1.592,420","0,55%"
"27.05.2022","1.583,670","1.583,670","1.583,670","1.583,670","2,07%"
"26.05.2022","1.551,570","1.551,570","1.551,570","1.551,570","-0,00%"
"25.05.2022","1.551,630","1.551,630","1.551,630","1.551,630","1,58%"
"24.05.2022","1.527,510","1.527,510","1.527,510","1.527,510","-2,95%"
"23.05.2022","1.573,920","1.573,920","1.573,920","1.573,920","-1,10%"
"20.05.2022","1.591,390","1.591,390","1.591,390","1.591,390","2,33%"
"19.05.2022","1.555,180","1.555,180","1.555,180","1.555,180","-1,60%"
"18.05.2022","1.580,510","1.580,510","1.580,510","1.580,510","0,44%"
"17.05.2022","1.573,570","1.573,570","1.573,570","1.573,570","1,05%"
"16.05.2022","1.557,220","1.557,220","1.557,220","1.557,220","-0,65%"
"13.05.2022","1.567,370","1.567,370","1.567,370","1.567,370","1,87%"
"12.05.2022","1.538,530","1.538,530","1.538,530","1.538,530","-0,21%"
"11.05.2022","1.541,830","1.541,830","1.541,830","1.541,830","0,36%"
"10.05.2022","1.536,310","1.536,310","1.536,310","1.536,310","-1,55%"
"09.05.2022","1.560,470","1.560,470","1.560,470","1.560,470","-1,27%"
"06.05.2022","1.580,530","1.580,530","1.580,530","1.580,530","-2,21%"
"05.05.2022","1.616,290","1.616,290","1.616,290","1.616,290","-0,37%"
"04.05.2022","1.622,230","1.622,230","1.622,230","1.622,230","-1,40%"
"03.05.2022","1.645,230","1.645,230","1.645,230","1.645,230","-0,28%"
"02.05.2022","1.649,870","1.649,870","1.649,870","1.649,870","-0,23%"
"29.04.2022","1.653,660","1.653,660","1.653,660","1.653,660","1,80%"
"28.04.2022","1.624,490","1.624,490","1.624,490","1.624,490","1,84%"
"27.04.2022","1.595,160","1.595,160","1.595,160","1.595,160","0,73%"
"26.04.2022","1.583,550","1.583,550","1.583,550","1.583,550","-0,02%"
"25.04.2022","1.583,790","1.583,790","1.583,790","1.583,790","-2,11%"
"22.04.2022","1.617,890","1.617,890","1.617,890","1.617,890","-0,41%"
"21.04.2022","1.624,510","1.624,510","1.624,510","1.624,510","0,21%"
"20.04.2022","1.621,050","1.621,050","1.621,050","1.621,050","-1,59%"
"19.04.2022","1.647,290","1.647,290","1.647,290","1.647,290","-1,97%"
"14.04.2022","1.680,390","1.680,390","1.680,390","1.680,390","1,39%"
"13.04.2022","1.657,370","1.657,370","1.657,370","1.657,370","1,00%"
"12.04.2022","1.641,030","1.641,030","1.641,030","1.641,030","-0,68%"
"11.04.2022","1.652,320","1.652,320","1.652,320","1.652,320","-1,63%"
"08.04.2022","1.679,720","1.679,720","1.679,720","1.679,720","0,51%"
"07.04.2022","1.671,150","1.671,150","1.671,150","1.671,150","-1,36%"
"06.04.2022","1.694,140","1.694,140","1.694,140","1.694,140","-0,91%"
"05.04.2022","1.709,690","1.709,690","1.709,690","1.709,690","-0,03%"
"04.04.2022","1.710,200","1.710,200","1.710,200","1.710,200","1,76%"
"01.04.2022","1.680,640","1.680,640","1.680,640","1.680,640","1,19%"
"31.03.2022","1.660,890","1.660,890","1.660,890","1.660,890","-0,33%"
"30.03.2022","1.666,390","1.666,390","1.666,390","1.666,390","0,59%"
"29.03.2022","1.656,620","1.656,620","1.656,620","1.656,620","0,62%"
"28.03.2022","1.646,470","1.646,470","1.646,470","1.646,470","0,14%"
"25.03.2022","1.644,250","1.644,250","1.644,250","1.644,250","-1,59%"
"24.03.2022","1.670,870","1.670,870","1.670,870","1.670,870","-0,37%"
"23.03.2022","1.677,030","1.677,030","1.677,030","1.677,030","1,01%"
"22.03.2022","1.660,340","1.660,340","1.660,340","1.660,340","1,71%"
"21.03.2022","1.632,450","1.632,450","1.632,450","1.632,450","0,07%"
"18.03.2022","1.631,380","1.631,380","1.631,380","1.631,380","-0,02%"
"17.03.2022","1.631,640","1.631,640","1.631,640","1.631,640","3,35%"
"16.03.2022","1.578,680","1.578,680","1.578,680","1.578,680","4,33%"
"15.03.2022","1.513,130","1.513,130","1.513,130","1.513,130","-2,58%"
"14.03.2022","1.553,220","1.553,220","1.553,220","1.553,220","-2,94%"
"11.03.2022","1.600,240","1.600,240","1.600,240","1.600,240","-1,09%"
"10.03.2022","1.617,810","1.617,810","1.617,810","1.617,810","1,34%"
"09.03.2022","1.596,350","1.596,350","1.596,350","1.596,350","0,23%"
"08.03.2022","1.592,660","1.592,660","1.592,660","1.592,660","-2,01%"
"07.03.2022","1.625,320","1.625,320","1.625,320","1.625,320","-1,90%"
"04.03.2022","1.656,800","1.656,800","1.656,800","1.656,800","-3,21%"
"03.03.2022","1.711,750","1.711,750","1.711,750","1.711,750","0,40%"
"02.03.2022","1.704,910","1.704,910","1.704,910","1.704,910","-0,02%"
"01.03.2022","1.705,220","1.705,220","1.705,220","1.705,220","2,08%"
"28.02.2022","1.670,410","1.670,410","1.670,410","1.670,410","0,05%"
"25.02.2022","1.669,620","1.669,620","1.669,620","1.669,620","-0,51%"
"24.02.2022","1.678,220","1.678,220","1.678,220","1.678,220","-1,68%"
"23.02.2022","1.706,840","1.706,840","1.706,840","1.706,840","0,09%"
"22.02.2022","1.705,260","1.705,260","1.705,260","1.705,260","-1,83%"
"21.02.2022","1.737,110","1.737,110","1.737,110","1.737,110","-0,15%"
"18.02.2022","1.739,760","1.739,760","1.739,760","1.739,760","-1,47%"
"17.02.2022","1.765,640","1.765,640","1.765,640","1.765,640","-0,14%"
"16.02.2022","1.768,140","1.768,140","1.768,140","1.768,140","2,00%"
"15.02.2022","1.733,460","1.733,460","1.733,460","1.733,460","-0,53%"
"14.02.2022","1.742,640","1.742,640","1.742,640","1.742,640","-0,78%"
"11.02.2022","1.756,320","1.756,320","1.756,320","1.756,320","0,53%"
"10.02.2022","1.747,020","1.747,020","1.747,020","1.747,020","0,57%"
"09.02.2022","1.737,120","1.737,120","1.737,120","1.737,120","0,74%"
"08.02.2022","1.724,440","1.724,440","1.724,440","1.724,440","0,26%"
"07.02.2022","1.719,940","1.719,940","1.719,940","1.719,940","-0,17%"
"04.02.2022","1.722,830","1.722,830","1.722,830","1.722,830","0,81%"
"03.02.2022","1.709,040","1.709,040","1.709,040","1.709,040","-1,30%"
"02.02.2022","1.731,580","1.731,580","1.731,580","1.731,580","-0,49%"
"01.02.2022","1.740,030","1.740,030","1.740,030","1.740,030","0,13%"
"31.01.2022","1.737,760","1.737,760","1.737,760","1.737,760","1,74%"
"28.01.2022","1.708,040","1.708,040","1.708,040","1.708,040","-1,05%"
"27.01.2022","1.726,220","1.726,220","1.726,220","1.726,220","0,41%"
"26.01.2022","1.719,160","1.719,160","1.719,160","1.719,160","0,00%"
"25.01.2022","1.719,110","1.719,110","1.719,110","1.719,110","-1,45%"
"24.01.2022","1.744,460","1.744,460","1.744,460","1.744,460","-0,63%"
"21.01.2022","1.755,450","1.755,450","1.755,450","1.755,450","-1,73%"
"20.01.2022","1.786,350","1.786,350","1.786,350","1.786,350","1,25%"
"19.01.2022","1.764,210","1.764,210","1.764,210","1.764,210","0,67%"
"18.01.2022","1.752,480","1.752,480","1.752,480","1.752,480","-1,31%"
"17.01.2022","1.775,730","1.775,730","1.775,730","1.775,730","0,85%"
"14.01.2022","1.760,850","1.760,850","1.760,850","1.760,850","-1,04%"
"13.01.2022","1.779,360","1.779,360","1.779,360","1.779,360","-0,65%"
"12.01.2022","1.791,060","1.791,060","1.791,060","1.791,060","2,08%"
"11.01.2022","1.754,600","1.754,600","1.754,600","1.754,600","-0,12%"
"10.01.2022","1.756,720","1.756,720","1.756,720","1.756,720","0,73%"
"07.01.2022","1.743,910","1.743,910","1.743,910","1.743,910","0,30%"
"06.01.2022","1.738,720","1.738,720","1.738,720","1.738,720","-0,10%"
"05.01.2022","1.740,530","1.740,530","1.740,530","1.740,530","-1,23%"
"04.01.2022","1.762,160","1.762,160","1.762,160","1.762,160","-0,04%"
"03.01.2022","1.762,840","1.762,840","1.762,840","1.762,840","0,98%"
"31.12.2021","1.745,750","1.745,750","1.745,750","1.745,750","0,24%"
"30.12.2021","1.741,500","1.741,500","1.741,500","1.741,500","1,40%"
"29.12.2021","1.717,540","1.717,540","1.717,540","1.717,540","-1,93%"
"28.12.2021","1.751,400","1.751,400","1.751,400","1.751,400","0,79%"
"27.12.2021","1.737,670","1.737,670","1.737,670","1.737,670","0,19%"
"24.12.2021","1.734,450","1.734,450","1.734,450","1.734,450","0,56%"
"23.12.2021","1.724,760","1.724,760","1.724,760","1.724,760","0,12%"
"22.12.2021","1.722,760","1.722,760","1.722,760","1.722,760","-0,02%"
"21.12.2021","1.723,050","1.723,050","1.723,050","1.723,050","1,40%"
"20.12.2021","1.699,330","1.699,330","1.699,330","1.699,330","-1,89%"
"17.12.2021","1.732,060","1.732,060","1.732,060","1.732,060","-0,33%"
"16.12.2021","1.737,790","1.737,790","1.737,790","1.737,790","-0,06%"
"15.12.2021","1.738,860","1.738,860","1.738,860","1.738,860","-0,45%"
"14.12.2021","1.746,700","1.746,700","1.746,700","1.746,700","-0,30%"
"13.12.2021","1.751,940","1.751,940","1.751,940","1.751,940","-0,76%"
"10.12.2021","1.765,360","1.765,360","1.765,360","1.765,360","-0,89%"
"09.12.2021","1.781,220","1.781,220","1.781,220","1.781,220","0,95%"
"08.12.2021","1.764,500","1.764,500","1.764,500","1.764,500","-0,31%"
"07.12.2021","1.769,990","1.769,990","1.769,990","1.769,990","2,01%"
"06.12.2021","1.735,170","1.735,170","1.735,170","1.735,170","-0,34%"
"03.12.2021","1.741,160","1.741,160","1.741,160","1.741,160","-0,99%"
"02.12.2021","1.758,550","1.758,550","1.758,550","1.758,550","0,93%"
"01.12.2021","1.742,340","1.742,340","1.742,340","1.742,340","0,46%"
"30.11.2021","1.734,400","1.734,400","1.734,400","1.734,400","-0,43%"
"29.11.2021","1.741,860","1.741,860","1.741,860","1.741,860","0,08%"
"26.11.2021","1.740,500","1.740,500","1.740,500","1.740,500","-3,42%"
"25.11.2021","1.802,140","1.802,140","1.802,140","1.802,140","0,37%"
"24.11.2021","1.795,460","1.795,460","1.795,460","1.795,460","0,05%"
"23.11.2021","1.794,620","1.794,620","1.794,620","1.794,620","-0,28%"
"22.11.2021","1.799,570","1.799,570","1.799,570","1.799,570","0,03%"
"19.11.2021","1.799,020","1.799,020","1.799,020","1.799,020","-0,47%"
"18.11.2021","1.807,510","1.807,510","1.807,510","1.807,510","-1,37%"
"17.11.2021","1.832,570","1.832,570","1.832,570","1.832,570","0,46%"
"16.11.2021","1.824,160","1.824,160","1.824,160","1.824,160","0,53%"
"15.11.2021","1.814,560","1.814,560","1.814,560","1.814,560","0,31%"
"12.11.2021","1.808,910","1.808,910","1.808,910","1.808,910","0,55%"
"11.11.2021","1.799,010","1.799,010","1.799,010","1.799,010","1,34%"
"10.11.2021","1.775,210","1.775,210","1.775,210","1.775,210","0,31%"
"09.11.2021","1.769,760","1.769,760","1.769,760","1.769,760","0,36%"
"08.11.2021","1.763,360","1.763,360","1.763,360","1.763,360","0,09%"
"05.11.2021","1.761,790","1.761,790","1.761,790","1.761,790","-0,42%"
"04.11.2021","1.769,260","1.769,260","1.769,260","1.769,260","0,83%"
"03.11.2021","1.754,760","1.754,760","1.754,760","1.754,760","-0,16%"
"02.11.2021","1.757,520","1.757,520","1.757,520","1.757,520","0,04%"
"01.11.2021","1.756,780","1.756,780","1.756,780","1.756,780","0,20%"
"29.10.2021","1.753,220","1.753,220","1.753,220","1.753,220","-0,37%"
"28.10.2021","1.759,760","1.759,760","1.759,760","1.759,760","-0,84%"
"27.10.2021","1.774,750","1.774,750","1.774,750","1.774,750","-1,03%"
"26.10.2021","1.793,200","1.793,200","1.793,200","1.793,200","-0,29%"
"25.10.2021","1.798,390","1.798,390","1.798,390","1.798,390","0,61%"
"22.10.2021","1.787,490","1.787,490","1.787,490","1.787,490","0,00%"
"21.10.2021","1.787,460","1.787,460","1.787,460","1.787,460","-0,61%"
"20.10.2021","1.798,510","1.798,510","1.798,510","1.798,510","0,49%"
"19.10.2021","1.789,760","1.789,760","1.789,760","1.789,760","0,91%"
"18.10.2021","1.773,700","1.773,700","1.773,700","1.773,700","-0,38%"
"15.10.2021","1.780,440","1.780,440","1.780,440","1.780,440","1,35%"
"14.10.2021","1.756,710","1.756,710","1.756,710","1.756,710","0,61%"
"13.10.2021","1.746,000","1.746,000","1.746,000","1.746,000","-0,06%"
"12.10.2021","1.747,020","1.747,020","1.747,020","1.747,020","-0,61%"
"11.10.2021","1.757,770","1.757,770","1.757,770","1.757,770","0,93%"
"08.10.2021","1.741,610","1.741,610","1.741,610","1.741,610","0,18%"
"07.10.2021","1.738,560","1.738,560","1.738,560","1.738,560","1,98%"
"06.10.2021","1.704,730","1.704,730","1.704,730","1.704,730","-0,33%"
"05.10.2021","1.710,300","1.710,300","1.710,300","1.710,300","-0,09%"
"04.10.2021","1.711,890","1.711,890","1.711,890","1.711,890","-0,92%"
"01.10.2021","1.727,780","1.727,780","1.727,780","1.727,780","-0,35%"
"30.09.2021","1.733,810","1.733,810","1.733,810","1.733,810","0,01%"
"29.09.2021","1.733,660","1.733,660","1.733,660","1.733,660","0,13%"
"28.09.2021","1.731,370","1.731,370","1.731,370","1.731,370","-0,29%"
"27.09.2021","1.736,460","1.736,460","1.736,460","1.736,460","-0,09%"
"24.09.2021","1.738,050","1.738,050","1.738,050","1.738,050","-0,29%"
"23.09.2021","1.743,050","1.743,050","1.743,050","1.743,050","0,86%"
"22.09.2021","1.728,220","1.728,220","1.728,220","1.728,220","0,06%"
"21.09.2021","1.727,130","1.727,130","1.727,130","1.727,130","0,26%"
"20.09.2021","1.722,570","1.722,570","1.722,570","1.722,570","-1,70%"
"17.09.2021","1.752,380","1.752,380","1.752,380","1.752,380","0,43%"
"16.09.2021","1.744,910","1.744,910","1.744,910","1.744,910","-0,06%"
"15.09.2021","1.745,920","1.745,920","1.745,920","1.745,920","-0,90%"
"14.09.2021","1.761,810","1.761,810","1.761,810","1.761,810","-0,50%"
"13.09.2021","1.770,690","1.770,690","1.770,690","1.770,690","0,02%"
"10.09.2021","1.770,300","1.770,300","1.770,300","1.770,300","0,17%"
"09.09.2021","1.767,260","1.767,260","1.767,260","1.767,260","-1,05%"
"08.09.2021","1.786,090","1.786,090","1.786,090","1.786,090","-0,61%"
"07.09.2021","1.797,090","1.797,090","1.797,090","1.797,090","0,23%"
"06.09.2021","1.792,890","1.792,890","1.792,890","1.792,890","0,82%"
"03.09.2021","1.778,360","1.778,360","1.778,360","1.778,360","0,19%"
"02.09.2021","1.775,040","1.775,040","1.775,040","1.775,040","-0,15%"
"01.09.2021","1.777,710","1.777,710","1.777,710","1.777,710","-0,12%"
"31.08.2021","1.779,790","1.779,790","1.779,790","1.779,790","1,77%"
"30.08.2021","1.748,830","1.748,830","1.748,830","1.748,830","0,88%"
"27.08.2021","1.733,520","1.733,520","1.733,520","1.733,520","0,26%"
"26.08.2021","1.728,990","1.728,990","1.728,990","1.728,990","-0,74%"
"25.08.2021","1.741,860","1.741,860","1.741,860","1.741,860","0,50%"
"24.08.2021","1.733,170","1.733,170","1.733,170","1.733,170","2,45%"
"23.08.2021","1.691,770","1.691,770","1.691,770","1.691,770","0,86%"
"20.08.2021","1.677,300","1.677,300","1.677,300","1.677,300","-0,91%"
"19.08.2021","1.692,640","1.692,640","1.692,640","1.692,640","-2,07%"
"18.08.2021","1.728,370","1.728,370","1.728,370","1.728,370","0,51%"
"17.08.2021","1.719,530","1.719,530","1.719,530","1.719,530","-0,64%"
"16.08.2021","1.730,620","1.730,620","1.730,620","1.730,620","-0,63%"
"13.08.2021","1.741,560","1.741,560","1.741,560","1.741,560","-1,31%"
"12.08.2021","1.764,610","1.764,610","1.764,610","1.764,610","-0,42%"
"11.08.2021","1.772,130","1.772,130","1.772,130","1.772,130","-0,36%"
"10.08.2021","1.778,460","1.778,460","1.778,460","1.778,460","0,70%"
"09.08.2021","1.766,170","1.766,170","1.766,170","1.766,170","0,27%"
"06.08.2021","1.761,390","1.761,390","1.761,390","1.761,390","0,08%"
"05.08.2021","1.759,980","1.759,980","1.759,980","1.759,980","-0,22%"
"04.08.2021","1.763,920","1.763,920","1.763,920","1.763,920","0,87%"
"03.08.2021","1.748,740","1.748,740","1.748,740","1.748,740","0,64%"
"02.08.2021","1.737,560","1.737,560","1.737,560","1.737,560","1,00%"
"30.07.2021","1.720,380","1.720,380","1.720,380","1.720,380","-1,48%"
"29.07.2021","1.746,210","1.746,210","1.746,210","1.746,210","1,42%"
"28.07.2021","1.721,760","1.721,760","1.721,760","1.721,760","1,87%"
"27.07.2021","1.690,120","1.690,120","1.690,120","1.690,120","-2,64%"
"26.07.2021","1.736,030","1.736,030","1.736,030","1.736,030","-2,77%"
"23.07.2021","1.785,430","1.785,430","1.785,430","1.785,430","-0,87%"
"22.07.2021","1.801,150","1.801,150","1.801,150","1.801,150","1,44%"
"21.07.2021","1.775,560","1.775,560","1.775,560","1.775,560","-0,49%"
"20.07.2021","1.784,240","1.784,240","1.784,240","1.784,240","-0,09%"
"19.07.2021","1.785,810","1.785,810","1.785,810","1.785,810","-1,67%"
"16.07.2021","1.816,130","1.816,130","1.816,130","1.816,130","-0,54%"
"15.07.2021","1.825,960","1.825,960","1.825,960","1.825,960","0,79%"
"14.07.2021","1.811,720","1.811,720","1.811,720","1.811,720","-0,03%"
"13.07.2021","1.812,270","1.812,270","1.812,270","1.812,270","1,33%"
"12.07.2021","1.788,430","1.788,430","1.788,430","1.788,430","0,63%"
"09.07.2021","1.777,180","1.777,180","1.777,180","1.777,180","0,09%"
"08.07.2021","1.775,570","1.775,570","1.775,570","1.775,570","-2,27%"
"07.07.2021","1.816,760","1.816,760","1.816,760","1.816,760","-0,11%"
"06.07.2021","1.818,720","1.818,720","1.818,720","1.818,720","-0,29%"
"05.07.2021","1.824,100","1.824,100","1.824,100","1.824,100","-0,19%"
"02.07.2021","1.827,610","1.827,610","1.827,610","1.827,610","-0,58%"
"01.07.2021","1.838,250","1.838,250","1.838,250","1.838,250","-0,67%"
"30.06.2021","1.850,700","1.850,700","1.850,700","1.850,700","0,22%"
"29.06.2021","1.846,550","1.846,550","1.846,550","1.846,550","-0,07%"
"28.06.2021","1.847,810","1.847,810","1.847,810","1.847,810","0,69%"
"25.06.2021","1.835,060","1.835,060","1.835,060","1.835,060","0,33%"
"24.06.2021","1.829,050","1.829,050","1.829,050","1.829,050","0,72%"
"23.06.2021","1.816,010","1.816,010","1.816,010","1.816,010","0,61%"
"22.06.2021","1.804,960","1.804,960","1.804,960","1.804,960","-0,17%"
"21.06.2021","1.808,000","1.808,000","1.808,000","1.808,000","-1,26%"
"18.06.2021","1.831,150","1.831,150","1.831,150","1.831,150","0,64%"
"17.06.2021","1.819,460","1.819,460","1.819,460","1.819,460","0,99%"
"16.06.2021","1.801,590","1.801,590","1.801,590","1.801,590","-0,54%"
"15.06.2021","1.811,330","1.811,330","1.811,330","1.811,330","-0,23%"
"14.06.2021","1.815,580","1.815,580","1.815,580","1.815,580","-0,16%"
"11.06.2021","1.818,500","1.818,500","1.818,500","1.818,500","0,75%"
"10.06.2021","1.804,900","1.804,900","1.804,900","1.804,900","0,56%"
"09.06.2021","1.794,870","1.794,870","1.794,870","1.794,870","-0,31%"
"08.06.2021","1.800,480","1.800,480","1.800,480","1.800,480","-0,22%"
"07.06.2021","1.804,360","1.804,360","1.804,360","1.804,360","-0,27%"
"04.06.2021","1.809,220","1.809,220","1.809,220","1.809,220","-0,34%"
"03.06.2021","1.815,400","1.815,400","1.815,400","1.815,400","0,22%"
"02.06.2021","1.811,450","1.811,450","1.811,450","1.811,450","0,15%"
"01.06.2021","1.808,790","1.808,790","1.808,790","1.808,790","0,93%"
"31.05.2021","1.792,170","1.792,170","1.792,170","1.792,170","0,78%"
"28.05.2021","1.778,240","1.778,240","1.778,240","1.778,240","0,65%"
"27.05.2021","1.766,760","1.766,760","1.766,760","1.766,760","0,33%"
"26.05.2021","1.760,930","1.760,930","1.760,930","1.760,930","0,71%"
"25.05.2021","1.748,560","1.748,560","1.748,560","1.748,560","1,22%"
"24.05.2021","1.727,500","1.727,500","1.727,500","1.727,500","-0,48%"
"21.05.2021","1.735,900","1.735,900","1.735,900","1.735,900","0,28%"
"20.05.2021","1.731,030","1.731,030","1.731,030","1.731,030","0,27%"
"19.05.2021","1.726,330","1.726,330","1.726,330","1.726,330","-0,53%"
"18.05.2021","1.735,510","1.735,510","1.735,510","1.735,510","1,05%"
"17.05.2021","1.717,490","1.717,490","1.717,490","1.717,490","0,21%"
"14.05.2021","1.713,840","1.713,840","1.713,840","1.713,840","1,00%"
"13.05.2021","1.696,930","1.696,930","1.696,930","1.696,930","-1,68%"
"12.05.2021","1.725,900","1.725,900","1.725,900","1.725,900","-0,68%"
"11.05.2021","1.737,780","1.737,780","1.737,780","1.737,780","-0,94%"
"10.05.2021","1.754,310","1.754,310","1.754,310","1.754,310","-0,30%"
"07.05.2021","1.759,630","1.759,630","1.759,630","1.759,630","-0,10%"
"06.05.2021","1.761,390","1.761,390","1.761,390","1.761,390","0,14%"
"05.05.2021","1.758,970","1.758,970","1.758,970","1.758,970","-0,26%"
"04.05.2021","1.763,530","1.763,530","1.763,530","1.763,530","0,40%"
"03.05.2021","1.756,420","1.756,420","1.756,420","1.756,420","-0,94%"
"30.04.2021","1.773,120","1.773,120","1.773,120","1.773,120","-0,63%"
"29.04.2021","1.784,450","1.784,450","1.784,450","1.784,450","-0,21%"
"28.04.2021","1.788,200","1.788,200","1.788,200","1.788,200","-0,18%"
"27.04.2021","1.791,460","1.791,460","1.791,460","1.791,460","0,11%"
"26.04.2021","1.789,530","1.789,530","1.789,530","1.789,530","0,29%"
"23.04.2021","1.784,350","1.784,350","1.784,350","1.784,350","0,99%"
"22.04.2021","1.766,810","1.766,810","1.766,810","1.766,810","0,06%"
"21.04.2021","1.765,760","1.765,760","1.765,760","1.765,760","-0,63%"
"20.04.2021","1.777,030","1.777,030","1.777,030","1.777,030","-0,30%"
"19.04.2021","1.782,420","1.782,420","1.782,420","1.782,420","-0,34%"
"16.04.2021","1.788,580","1.788,580","1.788,580","1.788,580","0,49%"
"15.04.2021","1.779,820","1.779,820","1.779,820","1.779,820","0,32%"
"14.04.2021","1.774,070","1.774,070","1.774,070","1.774,070","0,96%"
"13.04.2021","1.757,170","1.757,170","1.757,170","1.757,170","-0,37%"
"12.04.2021","1.763,780","1.763,780","1.763,780","1.763,780","-0,76%"
"09.04.2021","1.777,250","1.777,250","1.777,250","1.777,250","-0,90%"
"08.04.2021","1.793,320","1.793,320","1.793,320","1.793,320","0,38%"
"07.04.2021","1.786,540","1.786,540","1.786,540","1.786,540","-1,12%"
"06.04.2021","1.806,810","1.806,810","1.806,810","1.806,810","0,22%"
"01.04.2021","1.802,840","1.802,840","1.802,840","1.802,840","1,36%"
"31.03.2021","1.778,660","1.778,660","1.778,660","1.778,660","-0,44%"
"30.03.2021","1.786,510","1.786,510","1.786,510","1.786,510","1,06%"
"29.03.2021","1.767,780","1.767,780","1.767,780","1.767,780","0,49%"
"26.03.2021","1.759,100","1.759,100","1.759,100","1.759,100","1,30%"
"25.03.2021","1.736,440","1.736,440","1.736,440","1.736,440","-0,29%"
"24.03.2021","1.741,570","1.741,570","1.741,570","1.741,570","-1,23%"
"23.03.2021","1.763,190","1.763,190","1.763,190","1.763,190","-0,78%"
"22.03.2021","1.777,010","1.777,010","1.777,010","1.777,010","-0,23%"
"19.03.2021","1.781,140","1.781,140","1.781,140","1.781,140","-0,29%"
"18.03.2021","1.786,370","1.786,370","1.786,370","1.786,370","-0,19%"
"17.03.2021","1.789,790","1.789,790","1.789,790","1.789,790","-0,51%"
"16.03.2021","1.799,030","1.799,030","1.799,030","1.799,030","0,85%"
"15.03.2021","1.783,820","1.783,820","1.783,820","1.783,820","-0,41%"
"12.03.2021","1.791,210","1.791,210","1.791,210","1.791,210","-0,19%"
"11.03.2021","1.794,610","1.794,610","1.794,610","1.794,610","1,95%"
"10.03.2021","1.760,230","1.760,230","1.760,230","1.760,230","0,09%"
"09.03.2021","1.758,580","1.758,580","1.758,580","1.758,580","0,88%"
"08.03.2021","1.743,170","1.743,170","1.743,170","1.743,170","-2,25%"
"05.03.2021","1.783,220","1.783,220","1.783,220","1.783,220","0,63%"
"04.03.2021","1.771,970","1.771,970","1.771,970","1.771,970","-1,68%"
"03.03.2021","1.802,310","1.802,310","1.802,310","1.802,310","0,89%"
"02.03.2021","1.786,370","1.786,370","1.786,370","1.786,370","-0,30%"
"01.03.2021","1.791,710","1.791,710","1.791,710","1.791,710","2,81%"
"26.02.2021","1.742,700","1.742,700","1.742,700","1.742,700","-2,87%"
"25.02.2021","1.794,250","1.794,250","1.794,250","1.794,250","-0,33%"
"24.02.2021","1.800,120","1.800,120","1.800,120","1.800,120","-1,24%"
"23.02.2021","1.822,670","1.822,670","1.822,670","1.822,670","0,20%"
"22.02.2021","1.819,090","1.819,090","1.819,090","1.819,090","-2,69%"
"19.02.2021","1.869,290","1.869,290","1.869,290","1.869,290","0,24%"
"18.02.2021","1.864,880","1.864,880","1.864,880","1.864,880","-2,05%"
"17.02.2021","1.903,930","1.903,930","1.903,930","1.903,930","1,26%"
"16.02.2021","1.880,210","1.880,210","1.880,210","1.880,210","0,20%"
"15.02.2021","1.876,460","1.876,460","1.876,460","1.876,460","0,51%"
"12.02.2021","1.866,940","1.866,940","1.866,940","1.866,940","0,18%"
"11.02.2021","1.863,560","1.863,560","1.863,560","1.863,560","0,21%"
"10.02.2021","1.859,680","1.859,680","1.859,680","1.859,680","0,71%"
"09.02.2021","1.846,530","1.846,530","1.846,530","1.846,530","0,60%"
"08.02.2021","1.835,500","1.835,500","1.835,500","1.835,500","0,13%"
"05.02.2021","1.833,030","1.833,030","1.833,030","1.833,030","-0,18%"
"04.02.2021","1.836,270","1.836,270","1.836,270","1.836,270","0,27%"
"03.02.2021","1.831,400","1.831,400","1.831,400","1.831,400","0,61%"
"02.02.2021","1.820,300","1.820,300","1.820,300","1.820,300","1,94%"
"01.02.2021","1.785,720","1.785,720","1.785,720","1.785,720","3,30%"
"29.01.2021","1.728,730","1.728,730","1.728,730","1.728,730","-2,10%"
"28.01.2021","1.765,900","1.765,900","1.765,900","1.765,900","-1,38%"
"27.01.2021","1.790,630","1.790,630","1.790,630","1.790,630","-0,95%"
"26.01.2021","1.807,850","1.807,850","1.807,850","1.807,850","-1,82%"
"25.01.2021","1.841,370","1.841,370","1.841,370","1.841,370","1,60%"
"22.01.2021","1.812,350","1.812,350","1.812,350","1.812,350","-1,11%"
"21.01.2021","1.832,770","1.832,770","1.832,770","1.832,770","-0,01%"
"20.01.2021","1.832,980","1.832,980","1.832,980","1.832,980","1,61%"
"19.01.2021","1.803,880","1.803,880","1.803,880","1.803,880","1,20%"
"18.01.2021","1.782,480","1.782,480","1.782,480","1.782,480","0,21%"
"15.01.2021","1.778,700","1.778,700","1.778,700","1.778,700","-0,24%"
"14.01.2021","1.783,050","1.783,050","1.783,050","1.783,050","0,35%"
"13.01.2021","1.776,910","1.776,910","1.776,910","1.776,910","1,12%"
"12.01.2021","1.757,160","1.757,160","1.757,160","1.757,160","-0,13%"
"11.01.2021","1.759,380","1.759,380","1.759,380","1.759,380","0,93%"
"08.01.2021","1.743,110","1.743,110","1.743,110","1.743,110","2,39%"
"07.01.2021","1.702,460","1.702,460","1.702,460","1.702,460","0,72%"
"06.01.2021","1.690,350","1.690,350","1.690,350","1.690,350","-0,39%"
"05.01.2021","1.696,890","1.696,890","1.696,890","1.696,890","0,79%"
"04.01.2021","1.683,570","1.683,570","1.683,570","1.683,570","0,87%"
"31.12.2020","1.669,020","1.669,020","1.669,020","1.669,020","0,51%"
"30.12.2020","1.660,470","1.660,470","1.660,470","1.660,470","1,30%"
"29.12.2020","1.639,200","1.639,200","1.639,200","1.639,200","1,04%"
"28.12.2020","1.622,270","1.622,270","1.622,270","1.622,270","-0,33%"
"24.12.2020","1.627,700","1.627,700","1.627,700","1.627,700","-0,33%"
"23.12.2020","1.633,010","1.633,010","1.633,010","1.633,010","0,61%"
"22.12.2020","1.623,030","1.623,030","1.623,030","1.623,030","-0,32%"
"21.12.2020","1.628,160","1.628,160","1.628,160","1.628,160","-0,71%"
"18.12.2020","1.639,730","1.639,730","1.639,730","1.639,730","-0,27%"
"17.12.2020","1.644,160","1.644,160","1.644,160","1.644,160","0,28%"
"16.12.2020","1.639,620","1.639,620","1.639,620","1.639,620","0,80%"
"15.12.2020","1.626,590","1.626,590","1.626,590","1.626,590","0,14%"
"14.12.2020","1.624,360","1.624,360","1.624,360","1.624,360","-0,71%"
"11.12.2020","1.636,030","1.636,030","1.636,030","1.636,030","0,39%"
"10.12.2020","1.629,740","1.629,740","1.629,740","1.629,740","-0,45%"
"09.12.2020","1.637,060","1.637,060","1.637,060","1.637,060","0,40%"
"08.12.2020","1.630,600","1.630,600","1.630,600","1.630,600","0,23%"
"07.12.2020","1.626,780","1.626,780","1.626,780","1.626,780","0,26%"
"04.12.2020","1.622,600","1.622,600","1.622,600","1.622,600","0,73%"
"03.12.2020","1.610,770","1.610,770","1.610,770","1.610,770","0,55%"
"02.12.2020","1.601,930","1.601,930","1.601,930","1.601,930","-0,01%"
"01.12.2020","1.602,140","1.602,140","1.602,140","1.602,140","0,62%"
"30.11.2020","1.592,240","1.592,240","1.592,240","1.592,240","-2,22%"
"27.11.2020","1.628,380","1.628,380","1.628,380","1.628,380","0,08%"
"26.11.2020","1.627,050","1.627,050","1.627,050","1.627,050","0,54%"
"25.11.2020","1.618,250","1.618,250","1.618,250","1.618,250","-0,86%"
"24.11.2020","1.632,220","1.632,220","1.632,220","1.632,220","-0,01%"
"23.11.2020","1.632,370","1.632,370","1.632,370","1.632,370","1,23%"
"20.11.2020","1.612,460","1.612,460","1.612,460","1.612,460","0,61%"
"19.11.2020","1.602,660","1.602,660","1.602,660","1.602,660","-0,29%"
"18.11.2020","1.607,330","1.607,330","1.607,330","1.607,330","0,50%"
"17.11.2020","1.599,310","1.599,310","1.599,310","1.599,310","-0,44%"
"16.11.2020","1.606,450","1.606,450","1.606,450","1.606,450","1,09%"
"13.11.2020","1.589,160","1.589,160","1.589,160","1.589,160","0,47%"
"12.11.2020","1.581,770","1.581,770","1.581,770","1.581,770","-0,19%"
"11.11.2020","1.584,850","1.584,850","1.584,850","1.584,850","0,82%"
"10.11.2020","1.572,030","1.572,030","1.572,030","1.572,030","-1,41%"
"09.11.2020","1.594,520","1.594,520","1.594,520","1.594,520","1,86%"
"06.11.2020","1.565,390","1.565,390","1.565,390","1.565,390","0,46%"
"05.11.2020","1.558,280","1.558,280","1.558,280","1.558,280","1,74%"
"04.11.2020","1.531,570","1.531,570","1.531,570","1.531,570","1,44%"
"03.11.2020","1.509,900","1.509,900","1.509,900","1.509,900","-0,25%"
"02.11.2020","1.513,650","1.513,650","1.513,650","1.513,650","1,50%"
"30.10.2020","1.491,250","1.491,250","1.491,250","1.491,250","-1,41%"
"29.10.2020","1.512,650","1.512,650","1.512,650","1.512,650","0,76%"
"28.10.2020","1.501,240","1.501,240","1.501,240","1.501,240","-0,46%"
"27.10.2020","1.508,160","1.508,160","1.508,160","1.508,160","-0,21%"
"26.10.2020","1.511,390","1.511,390","1.511,390","1.511,390","-0,36%"
"23.10.2020","1.516,840","1.516,840","1.516,840","1.516,840","-0,07%"
"22.10.2020","1.517,900","1.517,900","1.517,900","1.517,900","0,29%"
"21.10.2020","1.513,470","1.513,470","1.513,470","1.513,470","0,33%"
"20.10.2020","1.508,430","1.508,430","1.508,430","1.508,430","-0,16%"
"19.10.2020","1.510,890","1.510,890","1.510,890","1.510,890","-0,26%"
"16.10.2020","1.514,850","1.514,850","1.514,850","1.514,850","0,15%"
"15.10.2020","1.512,610","1.512,610","1.512,610","1.512,610","-0,81%"
"14.10.2020","1.524,930","1.524,930","1.524,930","1.524,930","0,13%"
"13.10.2020","1.522,900","1.522,900","1.522,900","1.522,900","0,51%"
"12.10.2020","1.515,130","1.515,130","1.515,130","1.515,130","1,36%"
"09.10.2020","1.494,820","1.494,820","1.494,820","1.494,820","-0,44%"
"08.10.2020","1.501,380","1.501,380","1.501,380","1.501,380","1,34%"
"07.10.2020","1.481,490","1.481,490","1.481,490","1.481,490","0,74%"
"06.10.2020","1.470,600","1.470,600","1.470,600","1.470,600","0,68%"
"05.10.2020","1.460,650","1.460,650","1.460,650","1.460,650","0,35%"
"02.10.2020","1.455,620","1.455,620","1.455,620","1.455,620","-0,08%"
"01.10.2020","1.456,760","1.456,760","1.456,760","1.456,760","0,38%"
"30.09.2020","1.451,230","1.451,230","1.451,230","1.451,230","1,25%"
"29.09.2020","1.433,270","1.433,270","1.433,270","1.433,270","-0,83%"
"28.09.2020","1.445,240","1.445,240","1.445,240","1.445,240","0,80%"
"25.09.2020","1.433,780","1.433,780","1.433,780","1.433,780","0,30%"
"24.09.2020","1.429,430","1.429,430","1.429,430","1.429,430","-1,93%"
"23.09.2020","1.457,490","1.457,490","1.457,490","1.457,490","-0,18%"
"22.09.2020","1.460,130","1.460,130","1.460,130","1.460,130","-0,01%"
"21.09.2020","1.460,320","1.460,320","1.460,320","1.460,320","-1,01%"
"18.09.2020","1.475,200","1.475,200","1.475,200","1.475,200","0,08%"
"17.09.2020","1.473,990","1.473,990","1.473,990","1.473,990","-0,70%"
"16.09.2020","1.484,370","1.484,370","1.484,370","1.484,370","0,22%"
"15.09.2020","1.481,090","1.481,090","1.481,090","1.481,090","1,32%"
"14.09.2020","1.461,840","1.461,840","1.461,840","1.461,840","0,42%"
"11.09.2020","1.455,720","1.455,720","1.455,720","1.455,720","0,93%"
"10.09.2020","1.442,250","1.442,250","1.442,250","1.442,250","-0,55%"
"09.09.2020","1.450,190","1.450,190","1.450,190","1.450,190","-0,31%"
"08.09.2020","1.454,770","1.454,770","1.454,770","1.454,770","-0,35%"
"07.09.2020","1.459,840","1.459,840","1.459,840","1.459,840","-0,68%"
"04.09.2020","1.469,880","1.469,880","1.469,880","1.469,880","-0,51%"
"03.09.2020","1.477,400","1.477,400","1.477,400","1.477,400","-0,85%"
"02.09.2020","1.490,130","1.490,130","1.490,130","1.490,130","0,92%"
"01.09.2020","1.476,560","1.476,560","1.476,560","1.476,560","2,04%"
"31.08.2020","1.447,040","1.447,040","1.447,040","1.447,040","-2,66%"
"28.08.2020","1.486,560","1.486,560","1.486,560","1.486,560","-0,51%"
"27.08.2020","1.494,180","1.494,180","1.494,180","1.494,180","0,07%"
"26.08.2020","1.493,170","1.493,170","1.493,170","1.493,170","0,47%"
"25.08.2020","1.486,210","1.486,210","1.486,210","1.486,210","0,51%"
"24.08.2020","1.478,680","1.478,680","1.478,680","1.478,680","1,19%"
"21.08.2020","1.461,240","1.461,240","1.461,240","1.461,240","1,58%"
"20.08.2020","1.438,480","1.438,480","1.438,480","1.438,480","-1,23%"
"19.08.2020","1.456,340","1.456,340","1.456,340","1.456,340","-0,33%"
"18.08.2020","1.461,120","1.461,120","1.461,120","1.461,120","0,37%"
"17.08.2020","1.455,790","1.455,790","1.455,790","1.455,790","-0,06%"
"14.08.2020","1.456,660","1.456,660","1.456,660","1.456,660","-0,21%"
"13.08.2020","1.459,740","1.459,740","1.459,740","1.459,740","-0,06%"
"12.08.2020","1.460,620","1.460,620","1.460,620","1.460,620","0,29%"
"11.08.2020","1.456,330","1.456,330","1.456,330","1.456,330","0,10%"
"10.08.2020","1.454,940","1.454,940","1.454,940","1.454,940","-0,08%"
"07.08.2020","1.456,060","1.456,060","1.456,060","1.456,060","-1,09%"
"06.08.2020","1.472,140","1.472,140","1.472,140","1.472,140","0,67%"
"05.08.2020","1.462,370","1.462,370","1.462,370","1.462,370","0,15%"
"04.08.2020","1.460,230","1.460,230","1.460,230","1.460,230","0,93%"
"03.08.2020","1.446,730","1.446,730","1.446,730","1.446,730","1,01%"
"31.07.2020","1.432,220","1.432,220","1.432,220","1.432,220","-0,56%"
"30.07.2020","1.440,320","1.440,320","1.440,320","1.440,320","-0,58%"
"29.07.2020","1.448,760","1.448,760","1.448,760","1.448,760","0,04%"
"28.07.2020","1.448,150","1.448,150","1.448,150","1.448,150","1,23%"
"27.07.2020","1.430,490","1.430,490","1.430,490","1.430,490","-0,48%"
"24.07.2020","1.437,450","1.437,450","1.437,450","1.437,450","-1,84%"
"23.07.2020","1.464,340","1.464,340","1.464,340","1.464,340","0,01%"
"22.07.2020","1.464,210","1.464,210","1.464,210","1.464,210","-1,30%"
"21.07.2020","1.483,470","1.483,470","1.483,470","1.483,470","1,18%"
"20.07.2020","1.466,130","1.466,130","1.466,130","1.466,130","0,72%"
"17.07.2020","1.455,630","1.455,630","1.455,630","1.455,630","1,33%"
"16.07.2020","1.436,470","1.436,470","1.436,470","1.436,470","-2,35%"
"15.07.2020","1.471,030","1.471,030","1.471,030","1.471,030","0,89%"
"14.07.2020","1.458,040","1.458,040","1.458,040","1.458,040","-1,72%"
"13.07.2020","1.483,530","1.483,530","1.483,530","1.483,530","-0,22%"
"10.07.2020","1.486,770","1.486,770","1.486,770","1.486,770","-0,83%"
"09.07.2020","1.499,170","1.499,170","1.499,170","1.499,170","0,88%"
"08.07.2020","1.486,090","1.486,090","1.486,090","1.486,090","1,66%"
"07.07.2020","1.461,860","1.461,860","1.461,860","1.461,860","-0,78%"
"06.07.2020","1.473,340","1.473,340","1.473,340","1.473,340","2,00%"
"03.07.2020","1.444,410","1.444,410","1.444,410","1.444,410","0,83%"
"02.07.2020","1.432,490","1.432,490","1.432,490","1.432,490","3,01%"
"01.07.2020","1.390,590","1.390,590","1.390,590","1.390,590","0,38%"
"30.06.2020","1.385,350","1.385,350","1.385,350","1.385,350","-0,10%"
"29.06.2020","1.386,700","1.386,700","1.386,700","1.386,700","-0,84%"
"26.06.2020","1.398,470","1.398,470","1.398,470","1.398,470","-0,31%"
"25.06.2020","1.402,760","1.402,760","1.402,760","1.402,760","-0,22%"
"24.06.2020","1.405,810","1.405,810","1.405,810","1.405,810","0,16%"
"23.06.2020","1.403,610","1.403,610","1.403,610","1.403,610","1,06%"
"22.06.2020","1.388,930","1.388,930","1.388,930","1.388,930","-0,64%"
"19.06.2020","1.397,870","1.397,870","1.397,870","1.397,870","0,59%"
"18.06.2020","1.389,740","1.389,740","1.389,740","1.389,740","0,49%"
"17.06.2020","1.382,910","1.382,910","1.382,910","1.382,910","0,25%"
"16.06.2020","1.379,420","1.379,420","1.379,420","1.379,420","3,15%"
"15.06.2020","1.337,260","1.337,260","1.337,260","1.337,260","-2,70%"
"12.06.2020","1.374,310","1.374,310","1.374,310","1.374,310","0,54%"
"11.06.2020","1.366,880","1.366,880","1.366,880","1.366,880","-2,12%"
"10.06.2020","1.396,470","1.396,470","1.396,470","1.396,470","0,32%"
"09.06.2020","1.392,010","1.392,010","1.392,010","1.392,010","-0,26%"
"08.06.2020","1.395,690","1.395,690","1.395,690","1.395,690","0,59%"
"05.06.2020","1.387,550","1.387,550","1.387,550","1.387,550","1,69%"
"04.06.2020","1.364,520","1.364,520","1.364,520","1.364,520","-1,02%"
"03.06.2020","1.378,580","1.378,580","1.378,580","1.378,580","1,82%"
"02.06.2020","1.353,970","1.353,970","1.353,970","1.353,970","1,29%"
"01.06.2020","1.336,720","1.336,720","1.336,720","1.336,720","2,18%"
"29.05.2020","1.308,200","1.308,200","1.308,200","1.308,200","-0,05%"
"28.05.2020","1.308,830","1.308,830","1.308,830","1.308,830","-0,61%"
"27.05.2020","1.316,830","1.316,830","1.316,830","1.316,830","0,20%"
"26.05.2020","1.314,140","1.314,140","1.314,140","1.314,140","0,49%"
"25.05.2020","1.307,750","1.307,750","1.307,750","1.307,750","0,69%"
"22.05.2020","1.298,750","1.298,750","1.298,750","1.298,750","-1,84%"
"21.05.2020","1.323,040","1.323,040","1.323,040","1.323,040","0,31%"
"20.05.2020","1.318,890","1.318,890","1.318,890","1.318,890","0,29%"
"19.05.2020","1.315,120","1.315,120","1.315,120","1.315,120","0,54%"
"18.05.2020","1.308,110","1.308,110","1.308,110","1.308,110","0,88%"
"15.05.2020","1.296,650","1.296,650","1.296,650","1.296,650","-0,36%"
"14.05.2020","1.301,370","1.301,370","1.301,370","1.301,370","-0,29%"
"13.05.2020","1.305,210","1.305,210","1.305,210","1.305,210","0,33%"
"12.05.2020","1.300,960","1.300,960","1.300,960","1.300,960","-1,17%"
"11.05.2020","1.316,400","1.316,400","1.316,400","1.316,400","0,90%"
"08.05.2020","1.304,660","1.304,660","1.304,660","1.304,660","0,40%"
"07.05.2020","1.299,400","1.299,400","1.299,400","1.299,400","-0,00%"
"06.05.2020","1.299,450","1.299,450","1.299,450","1.299,450","1,07%"
"05.05.2020","1.285,700","1.285,700","1.285,700","1.285,700","1,57%"
"04.05.2020","1.265,780","1.265,780","1.265,780","1.265,780","-3,84%"
"30.04.2020","1.316,290","1.316,290","1.316,290","1.316,290","-0,49%"
"29.04.2020","1.322,820","1.322,820","1.322,820","1.322,820","1,69%"
"28.04.2020","1.300,780","1.300,780","1.300,780","1.300,780","0,90%"
"27.04.2020","1.289,190","1.289,190","1.289,190","1.289,190","1,55%"
"24.04.2020","1.269,460","1.269,460","1.269,460","1.269,460","-1,23%"
"23.04.2020","1.285,260","1.285,260","1.285,260","1.285,260","0,70%"
"22.04.2020","1.276,310","1.276,310","1.276,310","1.276,310","1,17%"
"21.04.2020","1.261,560","1.261,560","1.261,560","1.261,560","-2,16%"
"20.04.2020","1.289,370","1.289,370","1.289,370","1.289,370","-0,16%"
"17.04.2020","1.291,500","1.291,500","1.291,500","1.291,500","1,50%"
"16.04.2020","1.272,410","1.272,410","1.272,410","1.272,410","0,52%"
"15.04.2020","1.265,880","1.265,880","1.265,880","1.265,880","-0,32%"
"14.04.2020","1.269,940","1.269,940","1.269,940","1.269,940","0,71%"
"09.04.2020","1.261,020","1.261,020","1.261,020","1.261,020","0,52%"
"08.04.2020","1.254,460","1.254,460","1.254,460","1.254,460","-0,31%"
"07.04.2020","1.258,410","1.258,410","1.258,410","1.258,410","1,89%"
"06.04.2020","1.235,030","1.235,030","1.235,030","1.235,030","3,21%"
"03.04.2020","1.196,610","1.196,610","1.196,610","1.196,610","-0,57%"
"02.04.2020","1.203,500","1.203,500","1.203,500","1.203,500","1,95%"
"01.04.2020","1.180,450","1.180,450","1.180,450","1.180,450","-1,71%"
"31.03.2020","1.201,030","1.201,030","1.201,030","1.201,030","2,13%"
"30.03.2020","1.175,980","1.175,980","1.175,980","1.175,980","-0,56%"
"27.03.2020","1.182,580","1.182,580","1.182,580","1.182,580","-1,74%"
"26.03.2020","1.203,470","1.203,470","1.203,470","1.203,470","0,02%"
"25.03.2020","1.203,220","1.203,220","1.203,220","1.203,220","3,99%"
"24.03.2020","1.157,000","1.157,000","1.157,000","1.157,000","5,81%"
"23.03.2020","1.093,420","1.093,420","1.093,420","1.093,420","-6,58%"
"20.03.2020","1.170,480","1.170,480","1.170,480","1.170,480","5,28%"
"19.03.2020","1.111,750","1.111,750","1.111,750","1.111,750","-1,51%"
"18.03.2020","1.128,810","1.128,810","1.128,810","1.128,810","-3,43%"
"17.03.2020","1.168,850","1.168,850","1.168,850","1.168,850","0,68%"
"16.03.2020","1.160,980","1.160,980","1.160,980","1.160,980","-7,07%"
"13.03.2020","1.249,310","1.249,310","1.249,310","1.249,310","1,07%"
"12.03.2020","1.236,080","1.236,080","1.236,080","1.236,080","-5,09%"
"11.03.2020","1.302,430","1.302,430","1.302,430","1.302,430","-1,26%"
"10.03.2020","1.319,000","1.319,000","1.319,000","1.319,000","2,42%"
"09.03.2020","1.287,860","1.287,860","1.287,860","1.287,860","-7,54%"
"06.03.2020","1.392,920","1.392,920","1.392,920","1.392,920","-3,66%"
"05.03.2020","1.445,840","1.445,840","1.445,840","1.445,840","-0,26%"
"04.03.2020","1.449,680","1.449,680","1.449,680","1.449,680","1,34%"
"03.03.2020","1.430,560","1.430,560","1.430,560","1.430,560","0,97%"
"02.03.2020","1.416,790","1.416,790","1.416,790","1.416,790","-0,54%"
"28.02.2020","1.424,510","1.424,510","1.424,510","1.424,510","-2,06%"
"27.02.2020","1.454,470","1.454,470","1.454,470","1.454,470","-2,30%"
"26.02.2020","1.488,710","1.488,710","1.488,710","1.488,710","-1,25%"
"25.02.2020","1.507,560","1.507,560","1.507,560","1.507,560","-0,31%"
"24.02.2020","1.512,280","1.512,280","1.512,280","1.512,280","-2,71%"
"21.02.2020","1.554,340","1.554,340","1.554,340","1.554,340","-1,44%"
"20.02.2020","1.577,090","1.577,090","1.577,090","1.577,090","-0,88%"
"19.02.2020","1.591,100","1.591,100","1.591,100","1.591,100","1,03%"
"18.02.2020","1.574,920","1.574,920","1.574,920","1.574,920","-1,05%"
"17.02.2020","1.591,650","1.591,650","1.591,650","1.591,650","0,28%"
"14.02.2020","1.587,190","1.587,190","1.587,190","1.587,190","0,06%"
"13.02.2020","1.586,210","1.586,210","1.586,210","1.586,210","0,10%"
"12.02.2020","1.584,600","1.584,600","1.584,600","1.584,600","1,13%"
"11.02.2020","1.566,970","1.566,970","1.566,970","1.566,970","1,22%"
"10.02.2020","1.548,030","1.548,030","1.548,030","1.548,030","-0,06%"
"07.02.2020","1.548,910","1.548,910","1.548,910","1.548,910","-0,87%"
"06.02.2020","1.562,570","1.562,570","1.562,570","1.562,570","1,43%"
"05.02.2020","1.540,550","1.540,550","1.540,550","1.540,550","0,68%"
"04.02.2020","1.530,180","1.530,180","1.530,180","1.530,180","2,55%"
"03.02.2020","1.492,190","1.492,190","1.492,190","1.492,190","0,29%"
"31.01.2020","1.487,850","1.487,850","1.487,850","1.487,850","-1,68%"
"30.01.2020","1.513,300","1.513,300","1.513,300","1.513,300","-2,55%"
"29.01.2020","1.552,890","1.552,890","1.552,890","1.552,890","-0,21%"
"28.01.2020","1.556,170","1.556,170","1.556,170","1.556,170","-0,01%"
"27.01.2020","1.556,390","1.556,390","1.556,390","1.556,390","-1,35%"
"24.01.2020","1.577,660","1.577,660","1.577,660","1.577,660","-0,21%"
"23.01.2020","1.580,980","1.580,980","1.580,980","1.580,980","-0,72%"
"22.01.2020","1.592,490","1.592,490","1.592,490","1.592,490","0,80%"
"21.01.2020","1.579,780","1.579,780","1.579,780","1.579,780","-1,78%"
"20.01.2020","1.608,400","1.608,400","1.608,400","1.608,400","0,02%"
"17.01.2020","1.608,130","1.608,130","1.608,130","1.608,130","0,97%"
"16.01.2020","1.592,650","1.592,650","1.592,650","1.592,650","0,33%"
"15.01.2020","1.587,440","1.587,440","1.587,440","1.587,440","-0,80%"
"14.01.2020","1.600,200","1.600,200","1.600,200","1.600,200","0,10%"
"13.01.2020","1.598,680","1.598,680","1.598,680","1.598,680","0,74%"
"10.01.2020","1.586,890","1.586,890","1.586,890","1.586,890","0,27%"
"09.01.2020","1.582,580","1.582,580","1.582,580","1.582,580","1,76%"
"08.01.2020","1.555,190","1.555,190","1.555,190","1.555,190","-0,19%"
"07.01.2020","1.558,140","1.558,140","1.558,140","1.558,140","0,73%"
"06.01.2020","1.546,900","1.546,900","1.546,900","1.546,900","-1,21%"
"03.01.2020","1.565,920","1.565,920","1.565,920","1.565,920","-0,07%"
"02.01.2020","1.567,030","1.567,030","1.567,030","1.567,030","1,57%"
"31.12.2019","1.542,850","1.542,850","1.542,850","1.542,850","-0,30%"
"30.12.2019","1.547,540","1.547,540","1.547,540","1.547,540","-0,76%"
"27.12.2019","1.559,360","1.559,360","1.559,360","1.559,360","0,51%"
"24.12.2019","1.551,420","1.551,420","1.551,420","1.551,420","-0,39%"
"23.12.2019","1.557,470","1.557,470","1.557,470","1.557,470","0,34%"
"20.12.2019","1.552,140","1.552,140","1.552,140","1.552,140","0,40%"
"19.12.2019","1.546,030","1.546,030","1.546,030","1.546,030","-0,10%"
"18.12.2019","1.547,600","1.547,600","1.547,600","1.547,600","0,85%"
"17.12.2019","1.534,560","1.534,560","1.534,560","1.534,560","1,20%"
"16.12.2019","1.516,350","1.516,350","1.516,350","1.516,350","0,07%"
"13.12.2019","1.515,330","1.515,330","1.515,330","1.515,330","1,38%"
"12.12.2019","1.494,710","1.494,710","1.494,710","1.494,710","0,87%"
"11.12.2019","1.481,810","1.481,810","1.481,810","1.481,810","0,87%"
"10.12.2019","1.469,010","1.469,010","1.469,010","1.469,010","-0,33%"
"09.12.2019","1.473,880","1.473,880","1.473,880","1.473,880","0,01%"
"06.12.2019","1.473,700","1.473,700","1.473,700","1.473,700","0,98%"
"05.12.2019","1.459,470","1.459,470","1.459,470","1.459,470","0,58%"
"04.12.2019","1.451,110","1.451,110","1.451,110","1.451,110","-0,13%"
"03.12.2019","1.453,000","1.453,000","1.453,000","1.453,000","-0,35%"
"02.12.2019","1.458,160","1.458,160","1.458,160","1.458,160","-0,42%"
"29.11.2019","1.464,360","1.464,360","1.464,360","1.464,360","-1,16%"
"28.11.2019","1.481,510","1.481,510","1.481,510","1.481,510","-0,30%"
"27.11.2019","1.486,030","1.486,030","1.486,030","1.486,030","0,62%"
"26.11.2019","1.476,810","1.476,810","1.476,810","1.476,810","-0,56%"
"25.11.2019","1.485,160","1.485,160","1.485,160","1.485,160","0,66%"
"22.11.2019","1.475,360","1.475,360","1.475,360","1.475,360","0,77%"
"21.11.2019","1.464,090","1.464,090","1.464,090","1.464,090","-0,80%"
"20.11.2019","1.475,840","1.475,840","1.475,840","1.475,840","-0,36%"
"19.11.2019","1.481,180","1.481,180","1.481,180","1.481,180","0,49%"
"18.11.2019","1.474,000","1.474,000","1.474,000","1.474,000","0,05%"
"15.11.2019","1.473,210","1.473,210","1.473,210","1.473,210","0,17%"
"14.11.2019","1.470,740","1.470,740","1.470,740","1.470,740","-0,07%"
"13.11.2019","1.471,800","1.471,800","1.471,800","1.471,800","-1,10%"
"12.11.2019","1.488,150","1.488,150","1.488,150","1.488,150","0,47%"
"11.11.2019","1.481,120","1.481,120","1.481,120","1.481,120","-1,23%"
"08.11.2019","1.499,640","1.499,640","1.499,640","1.499,640","-0,59%"
"07.11.2019","1.508,610","1.508,610","1.508,610","1.508,610","0,71%"
"06.11.2019","1.497,970","1.497,970","1.497,970","1.497,970","-0,22%"
"05.11.2019","1.501,280","1.501,280","1.501,280","1.501,280","1,36%"
"04.11.2019","1.481,080","1.481,080","1.481,080","1.481,080","1,95%"
"01.11.2019","1.452,700","1.452,700","1.452,700","1.452,700","0,22%"
"31.10.2019","1.449,580","1.449,580","1.449,580","1.449,580","-0,25%"
"30.10.2019","1.453,260","1.453,260","1.453,260","1.453,260","-0,28%"
"29.10.2019","1.457,350","1.457,350","1.457,350","1.457,350","-0,13%"
"28.10.2019","1.459,300","1.459,300","1.459,300","1.459,300","0,67%"
"25.10.2019","1.449,560","1.449,560","1.449,560","1.449,560","-0,03%"
"24.10.2019","1.449,980","1.449,980","1.449,980","1.449,980","0,73%"
"23.10.2019","1.439,410","1.439,410","1.439,410","1.439,410","-0,16%"
"22.10.2019","1.441,650","1.441,650","1.441,650","1.441,650","0,69%"
"21.10.2019","1.431,790","1.431,790","1.431,790","1.431,790","0,38%"
"18.10.2019","1.426,350","1.426,350","1.426,350","1.426,350","-0,61%"
"17.10.2019","1.435,130","1.435,130","1.435,130","1.435,130","-0,16%"
"16.10.2019","1.437,430","1.437,430","1.437,430","1.437,430","0,35%"
"15.10.2019","1.432,410","1.432,410","1.432,410","1.432,410","0,07%"
"14.10.2019","1.431,390","1.431,390","1.431,390","1.431,390","0,68%"
"11.10.2019","1.421,780","1.421,780","1.421,780","1.421,780","1,68%"
"10.10.2019","1.398,350","1.398,350","1.398,350","1.398,350","-0,31%"
"09.10.2019","1.402,640","1.402,640","1.402,640","1.402,640","0,06%"
"08.10.2019","1.401,850","1.401,850","1.401,850","1.401,850","-0,04%"
"04.10.2019","1.402,440","1.402,440","1.402,440","1.402,440","0,14%"
"03.10.2019","1.400,540","1.400,540","1.400,540","1.400,540","0,32%"
"02.10.2019","1.396,140","1.396,140","1.396,140","1.396,140","-1,40%"
"01.10.2019","1.415,950","1.415,950","1.415,950","1.415,950","-0,53%"
"30.09.2019","1.423,530","1.423,530","1.423,530","1.423,530","0,37%"
"27.09.2019","1.418,340","1.418,340","1.418,340","1.418,340","-0,43%"
"26.09.2019","1.424,510","1.424,510","1.424,510","1.424,510","0,53%"
"25.09.2019","1.416,970","1.416,970","1.416,970","1.416,970","-0,55%"
"24.09.2019","1.424,850","1.424,850","1.424,850","1.424,850","-0,40%"
"23.09.2019","1.430,510","1.430,510","1.430,510","1.430,510","-0,43%"
"20.09.2019","1.436,670","1.436,670","1.436,670","1.436,670","0,85%"
"19.09.2019","1.424,560","1.424,560","1.424,560","1.424,560","-0,06%"
"18.09.2019","1.425,380","1.425,380","1.425,380","1.425,380","-0,22%"
"17.09.2019","1.428,490","1.428,490","1.428,490","1.428,490","-1,24%"
"16.09.2019","1.446,480","1.446,480","1.446,480","1.446,480","0,78%"
"12.09.2019","1.435,290","1.435,290","1.435,290","1.435,290","0,25%"
"11.09.2019","1.431,670","1.431,670","1.431,670","1.431,670","1,29%"
"10.09.2019","1.413,440","1.413,440","1.413,440","1.413,440","-0,08%"
"09.09.2019","1.414,630","1.414,630","1.414,630","1.414,630","0,17%"
"06.09.2019","1.412,180","1.412,180","1.412,180","1.412,180","0,46%"
"05.09.2019","1.405,670","1.405,670","1.405,670","1.405,670","1,13%"
"04.09.2019","1.390,030","1.390,030","1.390,030","1.390,030","1,17%"
"03.09.2019","1.373,910","1.373,910","1.373,910","1.373,910","-1,01%"
"02.09.2019","1.387,960","1.387,960","1.387,960","1.387,960","0,33%"
"30.08.2019","1.383,350","1.383,350","1.383,350","1.383,350","1,99%"
"29.08.2019","1.356,390","1.356,390","1.356,390","1.356,390","0,60%"
"28.08.2019","1.348,270","1.348,270","1.348,270","1.348,270","0,66%"
"27.08.2019","1.339,370","1.339,370","1.339,370","1.339,370","0,49%"
"26.08.2019","1.332,780","1.332,780","1.332,780","1.332,780","-1,66%"
"23.08.2019","1.355,330","1.355,330","1.355,330","1.355,330","-0,12%"
"22.08.2019","1.356,980","1.356,980","1.356,980","1.356,980","-0,97%"
"21.08.2019","1.370,280","1.370,280","1.370,280","1.370,280","0,28%"
"20.08.2019","1.366,510","1.366,510","1.366,510","1.366,510","0,30%"
"19.08.2019","1.362,360","1.362,360","1.362,360","1.362,360","0,85%"
"16.08.2019","1.350,940","1.350,940","1.350,940","1.350,940","0,77%"
"15.08.2019","1.340,650","1.340,650","1.340,650","1.340,650","0,63%"
"14.08.2019","1.332,270","1.332,270","1.332,270","1.332,270","-0,11%"
"13.08.2019","1.333,760","1.333,760","1.333,760","1.333,760","-0,28%"
"12.08.2019","1.337,560","1.337,560","1.337,560","1.337,560","-0,82%"
"09.08.2019","1.348,630","1.348,630","1.348,630","1.348,630","-0,32%"
"08.08.2019","1.352,920","1.352,920","1.352,920","1.352,920","0,99%"
"07.08.2019","1.339,630","1.339,630","1.339,630","1.339,630","0,09%"
"06.08.2019","1.338,390","1.338,390","1.338,390","1.338,390","-0,05%"
"05.08.2019","1.339,080","1.339,080","1.339,080","1.339,080","-4,10%"
"02.08.2019","1.396,270","1.396,270","1.396,270","1.396,270","-2,40%"
"01.08.2019","1.430,570","1.430,570","1.430,570","1.430,570","-0,19%"
"31.07.2019","1.433,230","1.433,230","1.433,230","1.433,230","-0,88%"
"30.07.2019","1.445,890","1.445,890","1.445,890","1.445,890","-0,32%"
"29.07.2019","1.450,470","1.450,470","1.450,470","1.450,470","-0,32%"
"26.07.2019","1.455,060","1.455,060","1.455,060","1.455,060","-0,24%"
"25.07.2019","1.458,620","1.458,620","1.458,620","1.458,620","0,14%"
"24.07.2019","1.456,620","1.456,620","1.456,620","1.456,620","0,05%"
"23.07.2019","1.455,940","1.455,940","1.455,940","1.455,940","0,80%"
"22.07.2019","1.444,380","1.444,380","1.444,380","1.444,380","-0,35%"
"19.07.2019","1.449,400","1.449,400","1.449,400","1.449,400","0,18%"
"18.07.2019","1.446,730","1.446,730","1.446,730","1.446,730","-0,22%"
"17.07.2019","1.449,990","1.449,990","1.449,990","1.449,990","-0,13%"
"16.07.2019","1.451,910","1.451,910","1.451,910","1.451,910","0,25%"
"15.07.2019","1.448,280","1.448,280","1.448,280","1.448,280","0,58%"
"12.07.2019","1.439,980","1.439,980","1.439,980","1.439,980","-0,38%"
"11.07.2019","1.445,480","1.445,480","1.445,480","1.445,480","0,93%"
"10.07.2019","1.432,160","1.432,160","1.432,160","1.432,160","-0,11%"
"09.07.2019","1.433,710","1.433,710","1.433,710","1.433,710","0,09%"
"08.07.2019","1.432,380","1.432,380","1.432,380","1.432,380","-1,52%"
"05.07.2019","1.454,450","1.454,450","1.454,450","1.454,450","0,09%"
"04.07.2019","1.453,100","1.453,100","1.453,100","1.453,100","0,50%"
"03.07.2019","1.445,830","1.445,830","1.445,830","1.445,830","-0,23%"
"02.07.2019","1.449,230","1.449,230","1.449,230","1.449,230","2,11%"
"28.06.2019","1.419,320","1.419,320","1.419,320","1.419,320","-0,16%"
"27.06.2019","1.421,630","1.421,630","1.421,630","1.421,630","0,75%"
"26.06.2019","1.411,050","1.411,050","1.411,050","1.411,050","0,32%"
"25.06.2019","1.406,490","1.406,490","1.406,490","1.406,490","-0,96%"
"24.06.2019","1.420,130","1.420,130","1.420,130","1.420,130","-0,18%"
"21.06.2019","1.422,750","1.422,750","1.422,750","1.422,750","-0,31%"
"20.06.2019","1.427,150","1.427,150","1.427,150","1.427,150","0,83%"
"19.06.2019","1.415,350","1.415,350","1.415,350","1.415,350","1,15%"
"18.06.2019","1.399,300","1.399,300","1.399,300","1.399,300","1,66%"
"17.06.2019","1.376,510","1.376,510","1.376,510","1.376,510","-0,39%"
"14.06.2019","1.381,920","1.381,920","1.381,920","1.381,920","-0,59%"
"13.06.2019","1.390,110","1.390,110","1.390,110","1.390,110","0,03%"
"12.06.2019","1.389,660","1.389,660","1.389,660","1.389,660","-0,24%"
"11.06.2019","1.393,000","1.393,000","1.393,000","1.393,000","1,02%"
"10.06.2019","1.378,870","1.378,870","1.378,870","1.378,870","1,27%"
"05.06.2019","1.361,620","1.361,620","1.361,620","1.361,620","-0,29%"
"04.06.2019","1.365,570","1.365,570","1.365,570","1.365,570","-0,55%"
"03.06.2019","1.373,110","1.373,110","1.373,110","1.373,110","0,33%"
"31.05.2019","1.368,570","1.368,570","1.368,570","1.368,570","0,21%"
"30.05.2019","1.365,760","1.365,760","1.365,760","1.365,760","1,12%"
"29.05.2019","1.350,640","1.350,640","1.350,640","1.350,640","-0,01%"
"28.05.2019","1.350,830","1.350,830","1.350,830","1.350,830","0,09%"
"27.05.2019","1.349,630","1.349,630","1.349,630","1.349,630","0,39%"
"24.05.2019","1.344,330","1.344,330","1.344,330","1.344,330","-0,28%"
"23.05.2019","1.348,090","1.348,090","1.348,090","1.348,090","-1,23%"
"22.05.2019","1.364,920","1.364,920","1.364,920","1.364,920","0,16%"
"21.05.2019","1.362,710","1.362,710","1.362,710","1.362,710","0,36%"
"20.05.2019","1.357,870","1.357,870","1.357,870","1.357,870","-0,29%"
"17.05.2019","1.361,760","1.361,760","1.361,760","1.361,760","-1,26%"
"16.05.2019","1.379,170","1.379,170","1.379,170","1.379,170","-0,22%"
"15.05.2019","1.382,240","1.382,240","1.382,240","1.382,240","0,20%"
"14.05.2019","1.379,500","1.379,500","1.379,500","1.379,500","-1,54%"
"10.05.2019","1.401,140","1.401,140","1.401,140","1.401,140","0,36%"
"09.05.2019","1.396,140","1.396,140","1.396,140","1.396,140","-2,37%"
"08.05.2019","1.430,090","1.430,090","1.430,090","1.430,090","-0,69%"
"07.05.2019","1.440,010","1.440,010","1.440,010","1.440,010","-2,36%"
"03.05.2019","1.474,760","1.474,760","1.474,760","1.474,760","0,33%"
"02.05.2019","1.469,980","1.469,980","1.469,980","1.469,980","0,20%"
"30.04.2019","1.467,050","1.467,050","1.467,050","1.467,050","-0,70%"
"29.04.2019","1.477,400","1.477,400","1.477,400","1.477,400","0,41%"
"26.04.2019","1.471,390","1.471,390","1.471,390","1.471,390","-0,05%"
"25.04.2019","1.472,110","1.472,110","1.472,110","1.472,110","-0,18%"
"24.04.2019","1.474,830","1.474,830","1.474,830","1.474,830","-0,43%"
"23.04.2019","1.481,200","1.481,200","1.481,200","1.481,200","0,09%"
"18.04.2019","1.479,870","1.479,870","1.479,870","1.479,870","0,16%"
"17.04.2019","1.477,480","1.477,480","1.477,480","1.477,480","0,25%"
"16.04.2019","1.473,810","1.473,810","1.473,810","1.473,810","0,76%"
"15.04.2019","1.462,680","1.462,680","1.462,680","1.462,680","-0,21%"
"12.04.2019","1.465,830","1.465,830","1.465,830","1.465,830","-0,20%"
"11.04.2019","1.468,730","1.468,730","1.468,730","1.468,730","-0,79%"
"10.04.2019","1.480,450","1.480,450","1.480,450","1.480,450","0,27%"
"09.04.2019","1.476,510","1.476,510","1.476,510","1.476,510","0,35%"
"08.04.2019","1.471,420","1.471,420","1.471,420","1.471,420","0,52%"
"03.04.2019","1.463,850","1.463,850","1.463,850","1.463,850","0,48%"
"02.04.2019","1.456,890","1.456,890","1.456,890","1.456,890","0,36%"
"01.04.2019","1.451,610","1.451,610","1.451,610","1.451,610","1,22%"
"29.03.2019","1.434,150","1.434,150","1.434,150","1.434,150","1,28%"
"28.03.2019","1.415,990","1.415,990","1.415,990","1.415,990","0,30%"
"27.03.2019","1.411,700","1.411,700","1.411,700","1.411,700","-0,34%"
"26.03.2019","1.416,490","1.416,490","1.416,490","1.416,490","0,61%"
"25.03.2019","1.407,900","1.407,900","1.407,900","1.407,900","-1,45%"
"22.03.2019","1.428,630","1.428,630","1.428,630","1.428,630","-0,26%"
"21.03.2019","1.432,420","1.432,420","1.432,420","1.432,420","0,03%"
"20.03.2019","1.431,980","1.431,980","1.431,980","1.431,980","-0,28%"
"19.03.2019","1.435,930","1.435,930","1.435,930","1.435,930","0,08%"
"18.03.2019","1.434,820","1.434,820","1.434,820","1.434,820","1,03%"
"15.03.2019","1.420,200","1.420,200","1.420,200","1.420,200","0,69%"
"14.03.2019","1.410,510","1.410,510","1.410,510","1.410,510","-0,16%"
"13.03.2019","1.412,750","1.412,750","1.412,750","1.412,750","-0,41%"
"12.03.2019","1.418,540","1.418,540","1.418,540","1.418,540","0,54%"
"11.03.2019","1.410,880","1.410,880","1.410,880","1.410,880","1,16%"
"08.03.2019","1.394,660","1.394,660","1.394,660","1.394,660","-1,31%"
"07.03.2019","1.413,190","1.413,190","1.413,190","1.413,190","-0,39%"
"06.03.2019","1.418,770","1.418,770","1.418,770","1.418,770","-0,03%"
"05.03.2019","1.419,170","1.419,170","1.419,170","1.419,170","0,30%"
"04.03.2019","1.414,970","1.414,970","1.414,970","1.414,970","-0,19%"
"27.02.2019","1.417,620","1.417,620","1.417,620","1.417,620","-0,55%"
"26.02.2019","1.425,520","1.425,520","1.425,520","1.425,520","-0,34%"
"25.02.2019","1.430,380","1.430,380","1.430,380","1.430,380","0,78%"
"22.02.2019","1.419,290","1.419,290","1.419,290","1.419,290","0,84%"
"21.02.2019","1.407,520","1.407,520","1.407,520","1.407,520","0,18%"
"20.02.2019","1.405,020","1.405,020","1.405,020","1.405,020","1,08%"
"19.02.2019","1.389,980","1.389,980","1.389,980","1.389,980","-0,35%"
"18.02.2019","1.394,800","1.394,800","1.394,800","1.394,800","0,32%"
"15.02.2019","1.390,420","1.390,420","1.390,420","1.390,420","-0,70%"
"14.02.2019","1.400,240","1.400,240","1.400,240","1.400,240","-0,14%"
"13.02.2019","1.402,210","1.402,210","1.402,210","1.402,210","0,05%"
"12.02.2019","1.401,490","1.401,490","1.401,490","1.401,490","0,33%"
"11.02.2019","1.396,940","1.396,940","1.396,940","1.396,940","0,37%"
"01.02.2019","1.391,770","1.391,770","1.391,770","1.391,770","0,92%"
"30.01.2019","1.379,020","1.379,020","1.379,020","1.379,020","0,59%"
"29.01.2019","1.370,910","1.370,910","1.370,910","1.370,910","0,35%"
"28.01.2019","1.366,180","1.366,180","1.366,180","1.366,180","-0,74%"
"25.01.2019","1.376,380","1.376,380","1.376,380","1.376,380","0,88%"
"24.01.2019","1.364,380","1.364,380","1.364,380","1.364,380","1,01%"
"23.01.2019","1.350,730","1.350,730","1.350,730","1.350,730","-0,10%"
"22.01.2019","1.352,050","1.352,050","1.352,050","1.352,050","-0,71%"
"21.01.2019","1.361,680","1.361,680","1.361,680","1.361,680","0,07%"
"18.01.2019","1.360,770","1.360,770","1.360,770","1.360,770","1,00%"
"17.01.2019","1.347,260","1.347,260","1.347,260","1.347,260","0,09%"
"16.01.2019","1.346,110","1.346,110","1.346,110","1.346,110","0,77%"
"15.01.2019","1.335,840","1.335,840","1.335,840","1.335,840","1,53%"
"14.01.2019","1.315,670","1.315,670","1.315,670","1.315,670","-0,74%"
"11.01.2019","1.325,480","1.325,480","1.325,480","1.325,480","0,64%"
"10.01.2019","1.317,090","1.317,090","1.317,090","1.317,090","0,34%"
"09.01.2019","1.312,640","1.312,640","1.312,640","1.312,640","1,32%"
"08.01.2019","1.295,560","1.295,560","1.295,560","1.295,560","-0,08%"
"07.01.2019","1.296,630","1.296,630","1.296,630","1.296,630","0,89%"
"04.01.2019","1.285,170","1.285,170","1.285,170","1.285,170","1,47%"
"03.01.2019","1.266,510","1.266,510","1.266,510","1.266,510","-0,79%"
"02.01.2019","1.276,620","1.276,620","1.276,620","1.276,620","-0,20%"
"28.12.2018","1.279,230","1.279,230","1.279,230","1.279,230","0,81%"
"27.12.2018","1.269,000","1.269,000","1.269,000","1.269,000","-0,24%"
"21.12.2018","1.272,050","1.272,050","1.272,050","1.272,050","-0,22%"
"20.12.2018","1.274,860","1.274,860","1.274,860","1.274,860","-0,77%"
"19.12.2018","1.284,750","1.284,750","1.284,750","1.284,750","-0,02%"
"18.12.2018","1.285,050","1.285,050","1.285,050","1.285,050","-0,73%"
"17.12.2018","1.294,540","1.294,540","1.294,540","1.294,540","-0,87%"
"14.12.2018","1.305,840","1.305,840","1.305,840","1.305,840","-0,93%"
"13.12.2018","1.318,150","1.318,150","1.318,150","1.318,150","0,97%"
"12.12.2018","1.305,470","1.305,470","1.305,470","1.305,470","1,11%"
"11.12.2018","1.291,190","1.291,190","1.291,190","1.291,190","0,66%"
"10.12.2018","1.282,670","1.282,670","1.282,670","1.282,670","-1,76%"
"07.12.2018","1.305,600","1.305,600","1.305,600","1.305,600","0,17%"
"06.12.2018","1.303,400","1.303,400","1.303,400","1.303,400","-2,64%"
"05.12.2018","1.338,680","1.338,680","1.338,680","1.338,680","-1,11%"
"04.12.2018","1.353,750","1.353,750","1.353,750","1.353,750","-0,29%"
"03.12.2018","1.357,690","1.357,690","1.357,690","1.357,690","1,99%"
"30.11.2018","1.331,250","1.331,250","1.331,250","1.331,250","0,09%"
"29.11.2018","1.330,080","1.330,080","1.330,080","1.330,080","-0,23%"
"28.11.2018","1.333,180","1.333,180","1.333,180","1.333,180","1,17%"
"27.11.2018","1.317,790","1.317,790","1.317,790","1.317,790","0,93%"
"26.11.2018","1.305,680","1.305,680","1.305,680","1.305,680","0,82%"
"23.11.2018","1.295,110","1.295,110","1.295,110","1.295,110","-0,15%"
"22.11.2018","1.297,100","1.297,100","1.297,100","1.297,100","-0,01%"
"21.11.2018","1.297,210","1.297,210","1.297,210","1.297,210","0,42%"
"20.11.2018","1.291,810","1.291,810","1.291,810","1.291,810","-1,24%"
"19.11.2018","1.307,990","1.307,990","1.307,990","1.307,990","-0,32%"
"16.11.2018","1.312,170","1.312,170","1.312,170","1.312,170","-0,11%"
"15.11.2018","1.313,660","1.313,660","1.313,660","1.313,660","1,22%"
"14.11.2018","1.297,850","1.297,850","1.297,850","1.297,850","-0,02%"
"13.11.2018","1.298,050","1.298,050","1.298,050","1.298,050","-0,30%"
"12.11.2018","1.301,970","1.301,970","1.301,970","1.301,970","-0,10%"
"09.11.2018","1.303,330","1.303,330","1.303,330","1.303,330","-1,12%"
"08.11.2018","1.318,120","1.318,120","1.318,120","1.318,120","-0,07%"
"07.11.2018","1.319,000","1.319,000","1.319,000","1.319,000","0,11%"
"06.11.2018","1.317,520","1.317,520","1.317,520","1.317,520","-0,15%"
"05.11.2018","1.319,450","1.319,450","1.319,450","1.319,450","-0,61%"
"02.11.2018","1.327,580","1.327,580","1.327,580","1.327,580","2,78%"
"01.11.2018","1.291,690","1.291,690","1.291,690","1.291,690","1,04%"
"31.10.2018","1.278,370","1.278,370","1.278,370","1.278,370","2,38%"
"30.10.2018","1.248,620","1.248,620","1.248,620","1.248,620","0,39%"
"29.10.2018","1.243,810","1.243,810","1.243,810","1.243,810","-0,66%"
"26.10.2018","1.252,100","1.252,100","1.252,100","1.252,100","-0,92%"
"25.10.2018","1.263,690","1.263,690","1.263,690","1.263,690","-0,27%"
"24.10.2018","1.267,140","1.267,140","1.267,140","1.267,140","-0,24%"
"23.10.2018","1.270,180","1.270,180","1.270,180","1.270,180","-2,18%"
"22.10.2018","1.298,440","1.298,440","1.298,440","1.298,440","1,40%"
"19.10.2018","1.280,570","1.280,570","1.280,570","1.280,570","0,00%"
"18.10.2018","1.280,540","1.280,540","1.280,540","1.280,540","-0,61%"
"16.10.2018","1.288,460","1.288,460","1.288,460","1.288,460","1,39%"
"15.10.2018","1.270,790","1.270,790","1.270,790","1.270,790","-1,07%"
"12.10.2018","1.284,490","1.284,490","1.284,490","1.284,490","2,65%"
"11.10.2018","1.251,380","1.251,380","1.251,380","1.251,380","-4,68%"
"09.10.2018","1.312,840","1.312,840","1.312,840","1.312,840","-0,13%"
"08.10.2018","1.314,500","1.314,500","1.314,500","1.314,500","-0,19%"
"05.10.2018","1.316,980","1.316,980","1.316,980","1.316,980","-0,86%"
"04.10.2018","1.328,380","1.328,380","1.328,380","1.328,380","-1,93%"
"02.10.2018","1.354,560","1.354,560","1.354,560","1.354,560","-0,88%"
"28.09.2018","1.366,610","1.366,610","1.366,610","1.366,610","0,23%"
"27.09.2018","1.363,540","1.363,540","1.363,540","1.363,540","0,75%"
"21.09.2018","1.353,440","1.353,440","1.353,440","1.353,440","1,33%"
"20.09.2018","1.335,690","1.335,690","1.335,690","1.335,690","-0,14%"
"19.09.2018","1.337,610","1.337,610","1.337,610","1.337,610","1,39%"
"18.09.2018","1.319,260","1.319,260","1.319,260","1.319,260","0,25%"
"17.09.2018","1.315,920","1.315,920","1.315,920","1.315,920","-1,37%"
"14.09.2018","1.334,260","1.334,260","1.334,260","1.334,260","1,14%"
"13.09.2018","1.319,200","1.319,200","1.319,200","1.319,200","1,08%"
"12.09.2018","1.305,090","1.305,090","1.305,090","1.305,090","-0,38%"
"11.09.2018","1.310,130","1.310,130","1.310,130","1.310,130","-0,62%"
"10.09.2018","1.318,250","1.318,250","1.318,250","1.318,250","-1,32%"
"07.09.2018","1.335,840","1.335,840","1.335,840","1.335,840","0,88%"
"06.09.2018","1.324,150","1.324,150","1.324,150","1.324,150","-0,36%"
"05.09.2018","1.328,890","1.328,890","1.328,890","1.328,890","-2,35%"
"04.09.2018","1.360,900","1.360,900","1.360,900","1.360,900","-0,05%"
"03.09.2018","1.361,590","1.361,590","1.361,590","1.361,590","-0,75%"
"31.08.2018","1.371,870","1.371,870","1.371,870","1.371,870","0,03%"
"30.08.2018","1.371,520","1.371,520","1.371,520","1.371,520","-0,86%"
"29.08.2018","1.383,470","1.383,470","1.383,470","1.383,470","0,17%"
"28.08.2018","1.381,060","1.381,060","1.381,060","1.381,060","-0,23%"
"27.08.2018","1.384,200","1.384,200","1.384,200","1.384,200","1,42%"
"24.08.2018","1.364,830","1.364,830","1.364,830","1.364,830","-0,26%"
"23.08.2018","1.368,320","1.368,320","1.368,320","1.368,320","-0,03%"
"22.08.2018","1.368,730","1.368,730","1.368,730","1.368,730","-0,07%"
"21.08.2018","1.369,720","1.369,720","1.369,720","1.369,720","0,29%"
"20.08.2018","1.365,770","1.365,770","1.365,770","1.365,770","0,86%"
"17.08.2018","1.354,170","1.354,170","1.354,170","1.354,170","-0,01%"
"16.08.2018","1.354,340","1.354,340","1.354,340","1.354,340","-2,17%"
"14.08.2018","1.384,380","1.384,380","1.384,380","1.384,380","0,32%"
"13.08.2018","1.379,920","1.379,920","1.379,920","1.379,920","-1,65%"
"10.08.2018","1.403,080","1.403,080","1.403,080","1.403,080","-0,30%"
"09.08.2018","1.407,330","1.407,330","1.407,330","1.407,330","0,17%"
"08.08.2018","1.404,900","1.404,900","1.404,900","1.404,900","-0,10%"
"07.08.2018","1.406,290","1.406,290","1.406,290","1.406,290","0,53%"
"06.08.2018","1.398,900","1.398,900","1.398,900","1.398,900","0,05%"
"03.08.2018","1.398,140","1.398,140","1.398,140","1.398,140","0,78%"
"02.08.2018","1.387,350","1.387,350","1.387,350","1.387,350","-1,27%"
"01.08.2018","1.405,200","1.405,200","1.405,200","1.405,200","0,19%"
"31.07.2018","1.402,490","1.402,490","1.402,490","1.402,490","-0,15%"
"30.07.2018","1.404,550","1.404,550","1.404,550","1.404,550","-0,68%"
"27.07.2018","1.414,210","1.414,210","1.414,210","1.414,210","0,35%"
"26.07.2018","1.409,300","1.409,300","1.409,300","1.409,300","0,16%"
"25.07.2018","1.407,070","1.407,070","1.407,070","1.407,070","1,09%"
"24.07.2018","1.391,930","1.391,930","1.391,930","1.391,930","1,01%"
"23.07.2018","1.378,010","1.378,010","1.378,010","1.378,010","-0,02%"
"20.07.2018","1.378,280","1.378,280","1.378,280","1.378,280","0,08%"
"19.07.2018","1.377,240","1.377,240","1.377,240","1.377,240","-0,49%"
"18.07.2018","1.384,000","1.384,000","1.384,000","1.384,000","0,18%"
"17.07.2018","1.381,560","1.381,560","1.381,560","1.381,560","0,28%"
"16.07.2018","1.377,740","1.377,740","1.377,740","1.377,740","-0,83%"
"13.07.2018","1.389,290","1.389,290","1.389,290","1.389,290","0,66%"
"12.07.2018","1.380,190","1.380,190","1.380,190","1.380,190","0,85%"
"11.07.2018","1.368,530","1.368,530","1.368,530","1.368,530","-1,03%"
"10.07.2018","1.382,800","1.382,800","1.382,800","1.382,800","0,42%"
"09.07.2018","1.376,980","1.376,980","1.376,980","1.376,980","1,56%"
"06.07.2018","1.355,830","1.355,830","1.355,830","1.355,830","0,07%"
"05.07.2018","1.354,930","1.354,930","1.354,930","1.354,930","-0,54%"
"04.07.2018","1.362,320","1.362,320","1.362,320","1.362,320","-0,09%"
"03.07.2018","1.363,530","1.363,530","1.363,530","1.363,530","-0,86%"
"29.06.2018","1.375,360","1.375,360","1.375,360","1.375,360","1,33%"
"28.06.2018","1.357,300","1.357,300","1.357,300","1.357,300","-0,31%"
"27.06.2018","1.361,510","1.361,510","1.361,510","1.361,510","-0,86%"
"26.06.2018","1.373,370","1.373,370","1.373,370","1.373,370","-0,11%"
"25.06.2018","1.374,880","1.374,880","1.374,880","1.374,880","-1,82%"
"22.06.2018","1.400,420","1.400,420","1.400,420","1.400,420","0,46%"
"21.06.2018","1.394,060","1.394,060","1.394,060","1.394,060","-1,43%"
"20.06.2018","1.414,320","1.414,320","1.414,320","1.414,320","0,65%"
"19.06.2018","1.405,210","1.405,210","1.405,210","1.405,210","-2,11%"
"15.06.2018","1.435,510","1.435,510","1.435,510","1.435,510","-0,77%"
"14.06.2018","1.446,620","1.446,620","1.446,620","1.446,620","-0,10%"
"12.06.2018","1.448,110","1.448,110","1.448,110","1.448,110","0,28%"
"11.06.2018","1.444,020","1.444,020","1.444,020","1.444,020","0,04%"
"08.06.2018","1.443,490","1.443,490","1.443,490","1.443,490","-0,73%"
"07.06.2018","1.454,090","1.454,090","1.454,090","1.454,090","-0,39%"
"06.06.2018","1.459,710","1.459,710","1.459,710","1.459,710","-0,45%"
"05.06.2018","1.466,280","1.466,280","1.466,280","1.466,280","0,04%"
"04.06.2018","1.465,690","1.465,690","1.465,690","1.465,690","1,19%"
"01.06.2018","1.448,500","1.448,500","1.448,500","1.448,500","0,94%"
"31.05.2018","1.435,010","1.435,010","1.435,010","1.435,010","0,21%"
"30.05.2018","1.432,000","1.432,000","1.432,000","1.432,000","-1,61%"
"29.05.2018","1.455,400","1.455,400","1.455,400","1.455,400","-0,45%"
"28.05.2018","1.461,990","1.461,990","1.461,990","1.461,990","0,33%"
"25.05.2018","1.457,200","1.457,200","1.457,200","1.457,200","0,77%"
"24.05.2018","1.446,070","1.446,070","1.446,070","1.446,070","0,02%"
"23.05.2018","1.445,720","1.445,720","1.445,720","1.445,720","0,11%"
"21.05.2018","1.444,110","1.444,110","1.444,110","1.444,110","0,07%"
"18.05.2018","1.443,110","1.443,110","1.443,110","1.443,110","-0,36%"
"17.05.2018","1.448,320","1.448,320","1.448,320","1.448,320","-0,99%"
"16.05.2018","1.462,810","1.462,810","1.462,810","1.462,810","1,08%"
"15.05.2018","1.447,180","1.447,180","1.447,180","1.447,180","-0,72%"
"14.05.2018","1.457,620","1.457,620","1.457,620","1.457,620","0,18%"
"11.05.2018","1.454,980","1.454,980","1.454,980","1.454,980","0,14%"
"10.05.2018","1.453,000","1.453,000","1.453,000","1.453,000","0,93%"
"09.05.2018","1.439,560","1.439,560","1.439,560","1.439,560","0,10%"
"08.05.2018","1.438,140","1.438,140","1.438,140","1.438,140","1,21%"
"04.05.2018","1.420,930","1.420,930","1.420,930","1.420,930","0,05%"
"03.05.2018","1.420,170","1.420,170","1.420,170","1.420,170","-1,14%"
"02.05.2018","1.436,510","1.436,510","1.436,510","1.436,510","-0,06%"
"30.04.2018","1.437,360","1.437,360","1.437,360","1.437,360","0,90%"
"27.04.2018","1.424,500","1.424,500","1.424,500","1.424,500","1,14%"
"26.04.2018","1.408,410","1.408,410","1.408,410","1.408,410","0,86%"
"25.04.2018","1.396,360","1.396,360","1.396,360","1.396,360","-0,87%"
"24.04.2018","1.408,620","1.408,620","1.408,620","1.408,620","-0,30%"
"23.04.2018","1.412,840","1.412,840","1.412,840","1.412,840","-0,39%"
"20.04.2018","1.418,410","1.418,410","1.418,410","1.418,410","-0,66%"
"19.04.2018","1.427,870","1.427,870","1.427,870","1.427,870","0,77%"
"18.04.2018","1.416,890","1.416,890","1.416,890","1.416,890","0,76%"
"17.04.2018","1.406,250","1.406,250","1.406,250","1.406,250","0,29%"
"16.04.2018","1.402,240","1.402,240","1.402,240","1.402,240","-0,89%"
"13.04.2018","1.414,820","1.414,820","1.414,820","1.414,820","-0,76%"
"12.04.2018","1.425,660","1.425,660","1.425,660","1.425,660","0,79%"
"11.04.2018","1.414,530","1.414,530","1.414,530","1.414,530","-0,25%"
"10.04.2018","1.418,040","1.418,040","1.418,040","1.418,040","0,74%"
"09.04.2018","1.407,610","1.407,610","1.407,610","1.407,610","-0,90%"
"03.04.2018","1.420,330","1.420,330","1.420,330","1.420,330","0,28%"
"29.03.2018","1.416,320","1.416,320","1.416,320","1.416,320","1,02%"
"28.03.2018","1.402,010","1.402,010","1.402,010","1.402,010","-1,55%"
"27.03.2018","1.424,020","1.424,020","1.424,020","1.424,020","0,62%"
"26.03.2018","1.415,190","1.415,190","1.415,190","1.415,190","0,11%"
"23.03.2018","1.413,690","1.413,690","1.413,690","1.413,690","-2,36%"
"22.03.2018","1.447,800","1.447,800","1.447,800","1.447,800","-1,39%"
"21.03.2018","1.468,260","1.468,260","1.468,260","1.468,260","-0,10%"
"20.03.2018","1.469,700","1.469,700","1.469,700","1.469,700","1,13%"
"19.03.2018","1.453,320","1.453,320","1.453,320","1.453,320","-1,19%"
"16.03.2018","1.470,850","1.470,850","1.470,850","1.470,850","-0,04%"
"15.03.2018","1.471,420","1.471,420","1.471,420","1.471,420","0,22%"
"14.03.2018","1.468,160","1.468,160","1.468,160","1.468,160","-0,11%"
"13.03.2018","1.469,720","1.469,720","1.469,720","1.469,720","-0,52%"
"12.03.2018","1.477,410","1.477,410","1.477,410","1.477,410","1,21%"
"09.03.2018","1.459,700","1.459,700","1.459,700","1.459,700","1,12%"
"08.03.2018","1.443,520","1.443,520","1.443,520","1.443,520","1,08%"
"07.03.2018","1.428,030","1.428,030","1.428,030","1.428,030","-0,38%"
"06.03.2018","1.433,460","1.433,460","1.433,460","1.433,460","0,91%"
"05.03.2018","1.420,530","1.420,530","1.420,530","1.420,530","-0,70%"
"02.03.2018","1.430,520","1.430,520","1.430,520","1.430,520","-2,94%"
"27.02.2018","1.473,890","1.473,890","1.473,890","1.473,890","-0,35%"
"26.02.2018","1.479,050","1.479,050","1.479,050","1.479,050","0,48%"
"23.02.2018","1.471,930","1.471,930","1.471,930","1.471,930","1,49%"
"22.02.2018","1.450,360","1.450,360","1.450,360","1.450,360","-0,71%"
"21.02.2018","1.460,790","1.460,790","1.460,790","1.460,790","4,55%"
"12.02.2018","1.397,180","1.397,180","1.397,180","1.397,180","0,74%"
"09.02.2018","1.386,910","1.386,910","1.386,910","1.386,910","-1,67%"
"08.02.2018","1.410,420","1.410,420","1.410,420","1.410,420","-0,61%"
"07.02.2018","1.419,120","1.419,120","1.419,120","1.419,120","0,14%"
"06.02.2018","1.417,090","1.417,090","1.417,090","1.417,090","-2,11%"
"05.02.2018","1.447,630","1.447,630","1.447,630","1.447,630","-1,61%"
"02.02.2018","1.471,310","1.471,310","1.471,310","1.471,310","-1,17%"
"01.02.2018","1.488,740","1.488,740","1.488,740","1.488,740","-0,58%"
"31.01.2018","1.497,440","1.497,440","1.497,440","1.497,440","0,20%"
"30.01.2018","1.494,430","1.494,430","1.494,430","1.494,430","-2,03%"
"29.01.2018","1.525,450","1.525,450","1.525,450","1.525,450","0,22%"
"26.01.2018","1.522,170","1.522,170","1.522,170","1.522,170","1,33%"
"25.01.2018","1.502,260","1.502,260","1.502,260","1.502,260","-0,60%"
"24.01.2018","1.511,390","1.511,390","1.511,390","1.511,390","-0,22%"
"23.01.2018","1.514,740","1.514,740","1.514,740","1.514,740","0,77%"
"22.01.2018","1.503,170","1.503,170","1.503,170","1.503,170","0,26%"
"19.01.2018","1.499,260","1.499,260","1.499,260","1.499,260","0,55%"
"18.01.2018","1.491,120","1.491,120","1.491,120","1.491,120","0,42%"
"17.01.2018","1.484,820","1.484,820","1.484,820","1.484,820","0,30%"
"16.01.2018","1.480,430","1.480,430","1.480,430","1.480,430","0,92%"
"15.01.2018","1.466,950","1.466,950","1.466,950","1.466,950","-0,82%"
"12.01.2018","1.479,110","1.479,110","1.479,110","1.479,110","0,11%"
"11.01.2018","1.477,500","1.477,500","1.477,500","1.477,500","-0,56%"
"10.01.2018","1.485,800","1.485,800","1.485,800","1.485,800","-1,05%"
"09.01.2018","1.501,580","1.501,580","1.501,580","1.501,580","0,24%"
"08.01.2018","1.497,940","1.497,940","1.497,940","1.497,940","0,98%"
"05.01.2018","1.483,400","1.483,400","1.483,400","1.483,400","1,04%"
"04.01.2018","1.468,190","1.468,190","1.468,190","1.468,190","0,27%"
"03.01.2018","1.464,250","1.464,250","1.464,250","1.464,250","0,72%"
"02.01.2018","1.453,810","1.453,810","1.453,810","1.453,810","1,38%"
"29.12.2017","1.434,020","1.434,020","1.434,020","1.434,020","-0,16%"
"28.12.2017","1.436,280","1.436,280","1.436,280","1.436,280","0,43%"
"27.12.2017","1.430,200","1.430,200","1.430,200","1.430,200","-0,07%"
"22.12.2017","1.431,140","1.431,140","1.431,140","1.431,140","0,83%"
"21.12.2017","1.419,420","1.419,420","1.419,420","1.419,420","0,35%"
"20.12.2017","1.414,450","1.414,450","1.414,450","1.414,450","-0,54%"
"19.12.2017","1.422,110","1.422,110","1.422,110","1.422,110","0,19%"
"18.12.2017","1.419,470","1.419,470","1.419,470","1.419,470","0,66%"
"15.12.2017","1.410,150","1.410,150","1.410,150","1.410,150","-0,15%"
"14.12.2017","1.412,240","1.412,240","1.412,240","1.412,240","0,06%"
"13.12.2017","1.411,440","1.411,440","1.411,440","1.411,440","0,34%"
"12.12.2017","1.406,600","1.406,600","1.406,600","1.406,600","-0,11%"
"11.12.2017","1.408,210","1.408,210","1.408,210","1.408,210","0,45%"
"08.12.2017","1.401,870","1.401,870","1.401,870","1.401,870","1,26%"
"07.12.2017","1.384,430","1.384,430","1.384,430","1.384,430","-0,06%"
"06.12.2017","1.385,280","1.385,280","1.385,280","1.385,280","-1,12%"
"05.12.2017","1.400,970","1.400,970","1.400,970","1.400,970","-0,23%"
"04.12.2017","1.404,130","1.404,130","1.404,130","1.404,130","0,69%"
"01.12.2017","1.394,550","1.394,550","1.394,550","1.394,550","0,05%"
"30.11.2017","1.393,800","1.393,800","1.393,800","1.393,800","-2,40%"
"29.11.2017","1.428,100","1.428,100","1.428,100","1.428,100","-0,31%"
"28.11.2017","1.432,470","1.432,470","1.432,470","1.432,470","0,63%"
"27.11.2017","1.423,550","1.423,550","1.423,550","1.423,550","-0,71%"
"24.11.2017","1.433,690","1.433,690","1.433,690","1.433,690","-0,63%"
"23.11.2017","1.442,840","1.442,840","1.442,840","1.442,840","-0,84%"
"22.11.2017","1.455,010","1.455,010","1.455,010","1.455,010","-0,02%"
"21.11.2017","1.455,340","1.455,340","1.455,340","1.455,340","1,53%"
"20.11.2017","1.433,440","1.433,440","1.433,440","1.433,440","0,25%"
"17.11.2017","1.429,810","1.429,810","1.429,810","1.429,810","2,45%"
"15.11.2017","1.395,650","1.395,650","1.395,650","1.395,650","-1,04%"
"14.11.2017","1.410,250","1.410,250","1.410,250","1.410,250","-1,20%"
"13.11.2017","1.427,380","1.427,380","1.427,380","1.427,380","-0,48%"
"10.11.2017","1.434,210","1.434,210","1.434,210","1.434,210","-0,78%"
"09.11.2017","1.445,540","1.445,540","1.445,540","1.445,540","-0,42%"
"08.11.2017","1.451,650","1.451,650","1.451,650","1.451,650","-0,06%"
"07.11.2017","1.452,590","1.452,590","1.452,590","1.452,590","0,39%"
"06.11.2017","1.447,000","1.447,000","1.447,000","1.447,000","0,70%"
"03.11.2017","1.436,880","1.436,880","1.436,880","1.436,880","0,38%"
"02.11.2017","1.431,470","1.431,470","1.431,470","1.431,470","-0,63%"
"01.11.2017","1.440,560","1.440,560","1.440,560","1.440,560","1,16%"
"31.10.2017","1.424,030","1.424,030","1.424,030","1.424,030","0,16%"
"30.10.2017","1.421,770","1.421,770","1.421,770","1.421,770","0,08%"
"27.10.2017","1.420,620","1.420,620","1.420,620","1.420,620","1,24%"
"26.10.2017","1.403,220","1.403,220","1.403,220","1.403,220","0,37%"
"25.10.2017","1.397,990","1.397,990","1.397,990","1.397,990","-0,35%"
"24.10.2017","1.402,850","1.402,850","1.402,850","1.402,850","-0,37%"
"23.10.2017","1.408,130","1.408,130","1.408,130","1.408,130","0,02%"
"20.10.2017","1.407,820","1.407,820","1.407,820","1.407,820","0,82%"
"19.10.2017","1.396,420","1.396,420","1.396,420","1.396,420","-1,53%"
"18.10.2017","1.418,110","1.418,110","1.418,110","1.418,110","-0,10%"
"17.10.2017","1.419,550","1.419,550","1.419,550","1.419,550","-0,16%"
"16.10.2017","1.421,760","1.421,760","1.421,760","1.421,760","0,84%"
"13.10.2017","1.409,860","1.409,860","1.409,860","1.409,860","0,47%"
"12.10.2017","1.403,210","1.403,210","1.403,210","1.403,210","0,37%"
"11.10.2017","1.398,020","1.398,020","1.398,020","1.398,020","3,12%"
"29.09.2017","1.355,720","1.355,720","1.355,720","1.355,720","0,55%"
"28.09.2017","1.348,340","1.348,340","1.348,340","1.348,340","-1,01%"
"27.09.2017","1.362,080","1.362,080","1.362,080","1.362,080","0,15%"
"26.09.2017","1.360,050","1.360,050","1.360,050","1.360,050","0,11%"
"25.09.2017","1.358,560","1.358,560","1.358,560","1.358,560","-0,45%"
"22.09.2017","1.364,710","1.364,710","1.364,710","1.364,710","-0,91%"
"21.09.2017","1.377,190","1.377,190","1.377,190","1.377,190","0,26%"
"20.09.2017","1.373,660","1.373,660","1.373,660","1.373,660","0,07%"
"19.09.2017","1.372,700","1.372,700","1.372,700","1.372,700","-0,49%"
"18.09.2017","1.379,410","1.379,410","1.379,410","1.379,410","1,04%"
"15.09.2017","1.365,250","1.365,250","1.365,250","1.365,250","-0,53%"
"14.09.2017","1.372,460","1.372,460","1.372,460","1.372,460","0,41%"
"13.09.2017","1.366,820","1.366,820","1.366,820","1.366,820","0,06%"
"12.09.2017","1.365,980","1.365,980","1.365,980","1.365,980","0,53%"
"11.09.2017","1.358,750","1.358,750","1.358,750","1.358,750","1,04%"
"08.09.2017","1.344,710","1.344,710","1.344,710","1.344,710","-0,00%"
"07.09.2017","1.344,730","1.344,730","1.344,730","1.344,730","0,06%"
"06.09.2017","1.343,950","1.343,950","1.343,950","1.343,950","-0,26%"
"05.09.2017","1.347,430","1.347,430","1.347,430","1.347,430","0,04%"
"04.09.2017","1.346,850","1.346,850","1.346,850","1.346,850","-1,00%"
"01.09.2017","1.360,510","1.360,510","1.360,510","1.360,510","0,42%"
"31.08.2017","1.354,870","1.354,870","1.354,870","1.354,870","0,28%"
"30.08.2017","1.351,100","1.351,100","1.351,100","1.351,100","1,54%"
"29.08.2017","1.330,640","1.330,640","1.330,640","1.330,640","-0,92%"
"28.08.2017","1.343,020","1.343,020","1.343,020","1.343,020","-0,72%"
"25.08.2017","1.352,810","1.352,810","1.352,810","1.352,810","-0,28%"
"24.08.2017","1.356,580","1.356,580","1.356,580","1.356,580","0,74%"
"23.08.2017","1.346,650","1.346,650","1.346,650","1.346,650","-0,13%"
"22.08.2017","1.348,420","1.348,420","1.348,420","1.348,420","1,26%"
"21.08.2017","1.331,700","1.331,700","1.331,700","1.331,700","-0,17%"
"18.08.2017","1.333,990","1.333,990","1.333,990","1.333,990","-0,40%"
"17.08.2017","1.339,360","1.339,360","1.339,360","1.339,360","-0,05%"
"16.08.2017","1.340,090","1.340,090","1.340,090","1.340,090","1,35%"
"14.08.2017","1.322,210","1.322,210","1.322,210","1.322,210","1,12%"
"11.08.2017","1.307,590","1.307,590","1.307,590","1.307,590","-1,58%"
"10.08.2017","1.328,640","1.328,640","1.328,640","1.328,640","-1,25%"
"09.08.2017","1.345,440","1.345,440","1.345,440","1.345,440","-0,93%"
"08.08.2017","1.358,010","1.358,010","1.358,010","1.358,010","0,79%"
"07.08.2017","1.347,390","1.347,390","1.347,390","1.347,390","0,40%"
"04.08.2017","1.342,080","1.342,080","1.342,080","1.342,080","1,38%"
"03.08.2017","1.323,800","1.323,800","1.323,800","1.323,800","-0,72%"
"02.08.2017","1.333,380","1.333,380","1.333,380","1.333,380","-0,30%"
"01.08.2017","1.337,430","1.337,430","1.337,430","1.337,430","0,14%"
"31.07.2017","1.335,620","1.335,620","1.335,620","1.335,620","-0,06%"
"28.07.2017","1.336,420","1.336,420","1.336,420","1.336,420","-1,24%"
"27.07.2017","1.353,150","1.353,150","1.353,150","1.353,150","0,33%"
"26.07.2017","1.348,650","1.348,650","1.348,650","1.348,650","0,34%"
"25.07.2017","1.344,130","1.344,130","1.344,130","1.344,130","-0,40%"
"24.07.2017","1.349,530","1.349,530","1.349,530","1.349,530","0,50%"
"21.07.2017","1.342,780","1.342,780","1.342,780","1.342,780","-0,10%"
"20.07.2017","1.344,090","1.344,090","1.344,090","1.344,090","-1,07%"
"19.07.2017","1.358,600","1.358,600","1.358,600","1.358,600","1,21%"
"18.07.2017","1.342,330","1.342,330","1.342,330","1.342,330","-0,77%"
"17.07.2017","1.352,690","1.352,690","1.352,690","1.352,690","0,23%"
"14.07.2017","1.349,600","1.349,600","1.349,600","1.349,600","0,23%"
"13.07.2017","1.346,530","1.346,530","1.346,530","1.346,530","1,24%"
"12.07.2017","1.330,100","1.330,100","1.330,100","1.330,100","1,16%"
"11.07.2017","1.314,800","1.314,800","1.314,800","1.314,800","0,65%"
"10.07.2017","1.306,250","1.306,250","1.306,250","1.306,250","0,71%"
"07.07.2017","1.297,100","1.297,100","1.297,100","1.297,100","-0,21%"
"06.07.2017","1.299,880","1.299,880","1.299,880","1.299,880","-0,96%"
"05.07.2017","1.312,540","1.312,540","1.312,540","1.312,540","0,52%"
"04.07.2017","1.305,780","1.305,780","1.305,780","1.305,780","-0,57%"
"03.07.2017","1.313,200","1.313,200","1.313,200","1.313,200","0,76%"
"30.06.2017","1.303,260","1.303,260","1.303,260","1.303,260","-0,13%"
"29.06.2017","1.304,900","1.304,900","1.304,900","1.304,900","-0,37%"
"28.06.2017","1.309,760","1.309,760","1.309,760","1.309,760","-1,11%"
"27.06.2017","1.324,430","1.324,430","1.324,430","1.324,430","-0,97%"
"26.06.2017","1.337,400","1.337,400","1.337,400","1.337,400","0,84%"
"23.06.2017","1.326,200","1.326,200","1.326,200","1.326,200","-0,09%"
"22.06.2017","1.327,360","1.327,360","1.327,360","1.327,360","0,03%"
"21.06.2017","1.326,940","1.326,940","1.326,940","1.326,940","-0,24%"
"20.06.2017","1.330,130","1.330,130","1.330,130","1.330,130","-0,04%"
"19.06.2017","1.330,640","1.330,640","1.330,640","1.330,640","1,28%"
"16.06.2017","1.313,840","1.313,840","1.313,840","1.313,840","-0,46%"
"15.06.2017","1.319,940","1.319,940","1.319,940","1.319,940","0,03%"
"14.06.2017","1.319,510","1.319,510","1.319,510","1.319,510","-0,13%"
"13.06.2017","1.321,270","1.321,270","1.321,270","1.321,270","0,08%"
"12.06.2017","1.320,250","1.320,250","1.320,250","1.320,250","-1,03%"
"09.06.2017","1.334,030","1.334,030","1.334,030","1.334,030","0,12%"
"08.06.2017","1.332,470","1.332,470","1.332,470","1.332,470","0,83%"
"07.06.2017","1.321,540","1.321,540","1.321,540","1.321,540","0,01%"
"06.06.2017","1.321,370","1.321,370","1.321,370","1.321,370","-0,28%"
"05.06.2017","1.325,020","1.325,020","1.325,020","1.325,020","0,47%"
"02.06.2017","1.318,820","1.318,820","1.318,820","1.318,820","0,12%"
"01.06.2017","1.317,290","1.317,290","1.317,290","1.317,290","0,48%"
"31.05.2017","1.310,940","1.310,940","1.310,940","1.310,940","-1,54%"
"26.05.2017","1.331,410","1.331,410","1.331,410","1.331,410","1,20%"
"24.05.2017","1.315,650","1.315,650","1.315,650","1.315,650","0,48%"
"23.05.2017","1.309,350","1.309,350","1.309,350","1.309,350","0,26%"
"22.05.2017","1.305,980","1.305,980","1.305,980","1.305,980","0,30%"
"19.05.2017","1.302,080","1.302,080","1.302,080","1.302,080","0,17%"
"18.05.2017","1.299,930","1.299,930","1.299,930","1.299,930","-1,81%"
"17.05.2017","1.323,950","1.323,950","1.323,950","1.323,950","-1,21%"
"16.05.2017","1.340,190","1.340,190","1.340,190","1.340,190","-0,46%"
"15.05.2017","1.346,330","1.346,330","1.346,330","1.346,330","0,30%"
"12.05.2017","1.342,270","1.342,270","1.342,270","1.342,270","-0,28%"
"11.05.2017","1.346,100","1.346,100","1.346,100","1.346,100","0,54%"
"10.05.2017","1.338,910","1.338,910","1.338,910","1.338,910","0,62%"
"09.05.2017","1.330,680","1.330,680","1.330,680","1.330,680","0,95%"
"08.05.2017","1.318,170","1.318,170","1.318,170","1.318,170","1,20%"
"05.05.2017","1.302,550","1.302,550","1.302,550","1.302,550","-0,55%"
"04.05.2017","1.309,710","1.309,710","1.309,710","1.309,710","-1,21%"
"02.05.2017","1.325,740","1.325,740","1.325,740","1.325,740","0,95%"
"28.04.2017","1.313,280","1.313,280","1.313,280","1.313,280","-0,39%"
"27.04.2017","1.318,450","1.318,450","1.318,450","1.318,450","-0,18%"
"26.04.2017","1.320,770","1.320,770","1.320,770","1.320,770","0,46%"
"25.04.2017","1.314,750","1.314,750","1.314,750","1.314,750","0,55%"
"24.04.2017","1.307,540","1.307,540","1.307,540","1.307,540","-0,58%"
"21.04.2017","1.315,230","1.315,230","1.315,230","1.315,230","1,10%"
"20.04.2017","1.300,870","1.300,870","1.300,870","1.300,870","0,10%"
"19.04.2017","1.299,630","1.299,630","1.299,630","1.299,630","-0,65%"
"18.04.2017","1.308,120","1.308,120","1.308,120","1.308,120","-1,22%"
"17.04.2017","1.324,320","1.324,320","1.324,320","1.324,320","0,00%"
"14.04.2017","1.324,320","1.324,320","1.324,320","1.324,320","0,00%"
"13.04.2017","1.324,320","1.324,320","1.324,320","1.324,320","0,44%"
"12.04.2017","1.318,520","1.318,520","1.318,520","1.318,520","0,47%"
"11.04.2017","1.312,290","1.312,290","1.312,290","1.312,290","-0,64%"
"10.04.2017","1.320,690","1.320,690","1.320,690","1.320,690","-0,20%"
"07.04.2017","1.323,330","1.323,330","1.323,330","1.323,330","0,19%"
"06.04.2017","1.320,840","1.320,840","1.320,840","1.320,840","-0,58%"
"05.04.2017","1.328,480","1.328,480","1.328,480","1.328,480","0,45%"
"04.04.2017","1.322,580","1.322,580","1.322,580","1.322,580","-0,08%"
"03.04.2017","1.323,700","1.323,700","1.323,700","1.323,700","1,12%"
"31.03.2017","1.309,100","1.309,100","1.309,100","1.309,100","-0,77%"
"30.03.2017","1.319,210","1.319,210","1.319,210","1.319,210","-0,10%"
"29.03.2017","1.320,570","1.320,570","1.320,570","1.320,570","1,27%"
"28.03.2017","1.303,970","1.303,970","1.303,970","1.303,970","0,64%"
"27.03.2017","1.295,690","1.295,690","1.295,690","1.295,690","-1,07%"
"24.03.2017","1.309,650","1.309,650","1.309,650","1.309,650","-0,05%"
"23.03.2017","1.310,300","1.310,300","1.310,300","1.310,300","0,24%"
"22.03.2017","1.307,200","1.307,200","1.307,200","1.307,200","-0,53%"
"21.03.2017","1.314,220","1.314,220","1.314,220","1.314,220","-0,45%"
"20.03.2017","1.320,200","1.320,200","1.320,200","1.320,200","0,57%"
"17.03.2017","1.312,660","1.312,660","1.312,660","1.312,660","0,21%"
"16.03.2017","1.309,970","1.309,970","1.309,970","1.309,970","1,10%"
"15.03.2017","1.295,750","1.295,750","1.295,750","1.295,750","0,52%"
"14.03.2017","1.289,040","1.289,040","1.289,040","1.289,040","0,38%"
"13.03.2017","1.284,140","1.284,140","1.284,140","1.284,140","1,23%"
"10.03.2017","1.268,550","1.268,550","1.268,550","1.268,550","-0,37%"
"09.03.2017","1.273,210","1.273,210","1.273,210","1.273,210","-1,52%"
"08.03.2017","1.292,840","1.292,840","1.292,840","1.292,840","0,07%"
"07.03.2017","1.291,940","1.291,940","1.291,940","1.291,940","0,39%"
"06.03.2017","1.286,890","1.286,890","1.286,890","1.286,890","0,02%"
"03.03.2017","1.286,580","1.286,580","1.286,580","1.286,580","-0,88%"
"02.03.2017","1.298,040","1.298,040","1.298,040","1.298,040","0,03%"
"01.03.2017","1.297,590","1.297,590","1.297,590","1.297,590","0,93%"
"28.02.2017","1.285,690","1.285,690","1.285,690","1.285,690","-0,55%"
"27.02.2017","1.292,860","1.292,860","1.292,860","1.292,860","-0,75%"
"24.02.2017","1.302,670","1.302,670","1.302,670","1.302,670","-0,69%"
"23.02.2017","1.311,690","1.311,690","1.311,690","1.311,690","-0,35%"
"22.02.2017","1.316,250","1.316,250","1.316,250","1.316,250","0,46%"
"21.02.2017","1.310,160","1.310,160","1.310,160","1.310,160","1,02%"
"20.02.2017","1.296,900","1.296,900","1.296,900","1.296,900","0,55%"
"17.02.2017","1.289,790","1.289,790","1.289,790","1.289,790","-0,30%"
"16.02.2017","1.293,730","1.293,730","1.293,730","1.293,730","-0,53%"
"15.02.2017","1.300,630","1.300,630","1.300,630","1.300,630","0,73%"
"14.02.2017","1.291,220","1.291,220","1.291,220","1.291,220","0,25%"
"13.02.2017","1.288,020","1.288,020","1.288,020","1.288,020","0,76%"
"10.02.2017","1.278,260","1.278,260","1.278,260","1.278,260","0,88%"
"09.02.2017","1.267,140","1.267,140","1.267,140","1.267,140","0,82%"
"08.02.2017","1.256,830","1.256,830","1.256,830","1.256,830","0,02%"
"07.02.2017","1.256,600","1.256,600","1.256,600","1.256,600","0,14%"
"06.02.2017","1.254,820","1.254,820","1.254,820","1.254,820","0,90%"
"03.02.2017","1.243,620","1.243,620","1.243,620","1.243,620","0,57%"
"02.02.2017","1.236,600","1.236,600","1.236,600","1.236,600","-0,20%"
"01.02.2017","1.239,100","1.239,100","1.239,100","1.239,100","0,88%"
"31.01.2017","1.228,260","1.228,260","1.228,260","1.228,260","-1,49%"
"30.01.2017","1.246,810","1.246,810","1.246,810","1.246,810","-0,19%"
"27.01.2017","1.249,210","1.249,210","1.249,210","1.249,210","-0,43%"
"26.01.2017","1.254,650","1.254,650","1.254,650","1.254,650","1,20%"
"25.01.2017","1.239,780","1.239,780","1.239,780","1.239,780","0,52%"
"24.01.2017","1.233,350","1.233,350","1.233,350","1.233,350","0,72%"
"23.01.2017","1.224,490","1.224,490","1.224,490","1.224,490","0,36%"
"20.01.2017","1.220,060","1.220,060","1.220,060","1.220,060","-0,75%"
"19.01.2017","1.229,330","1.229,330","1.229,330","1.229,330","0,43%"
"18.01.2017","1.224,060","1.224,060","1.224,060","1.224,060","0,30%"
"17.01.2017","1.220,340","1.220,340","1.220,340","1.220,340","-0,22%"
"16.01.2017","1.222,980","1.222,980","1.222,980","1.222,980","-0,59%"
"13.01.2017","1.230,210","1.230,210","1.230,210","1.230,210","0,20%"
"12.01.2017","1.227,760","1.227,760","1.227,760","1.227,760","-0,64%"
"11.01.2017","1.235,710","1.235,710","1.235,710","1.235,710","1,29%"
"10.01.2017","1.219,970","1.219,970","1.219,970","1.219,970","0,47%"
"09.01.2017","1.214,210","1.214,210","1.214,210","1.214,210","-0,08%"
"06.01.2017","1.215,240","1.215,240","1.215,240","1.215,240","0,13%"
"05.01.2017","1.213,710","1.213,710","1.213,710","1.213,710","0,00%"
"04.01.2017","1.213,650","1.213,650","1.213,650","1.213,650","-0,50%"
"03.01.2017","1.219,790","1.219,790","1.219,790","1.219,790","2,35%"
"02.01.2017","1.191,790","1.191,790","1.191,790","1.191,790","-0,05%"
"30.12.2016","1.192,330","1.192,330","1.192,330","1.192,330","-0,14%"
"29.12.2016","1.194,000","1.194,000","1.194,000","1.194,000","-0,03%"
"28.12.2016","1.194,410","1.194,410","1.194,410","1.194,410","1,38%"
"27.12.2016","1.178,190","1.178,190","1.178,190","1.178,190","0,40%"
"26.12.2016","1.173,520","1.173,520","1.173,520","1.173,520","0,00%"
"23.12.2016","1.173,520","1.173,520","1.173,520","1.173,520","-0,11%"
"22.12.2016","1.174,800","1.174,800","1.174,800","1.174,800","-1,23%"
"21.12.2016","1.189,390","1.189,390","1.189,390","1.189,390","-0,54%"
"20.12.2016","1.195,860","1.195,860","1.195,860","1.195,860","0,59%"
"19.12.2016","1.188,870","1.188,870","1.188,870","1.188,870","-0,90%"
"16.12.2016","1.199,650","1.199,650","1.199,650","1.199,650","-0,20%"
"15.12.2016","1.202,050","1.202,050","1.202,050","1.202,050","0,60%"
"14.12.2016","1.194,890","1.194,890","1.194,890","1.194,890","-0,62%"
"13.12.2016","1.202,350","1.202,350","1.202,350","1.202,350","0,26%"
"12.12.2016","1.199,280","1.199,280","1.199,280","1.199,280","-1,31%"
"09.12.2016","1.215,240","1.215,240","1.215,240","1.215,240","0,56%"
"08.12.2016","1.208,490","1.208,490","1.208,490","1.208,490","2,82%"
"07.12.2016","1.175,310","1.175,310","1.175,310","1.175,310","0,41%"
"06.12.2016","1.170,490","1.170,490","1.170,490","1.170,490","0,80%"
"05.12.2016","1.161,250","1.161,250","1.161,250","1.161,250","-0,48%"
"02.12.2016","1.166,900","1.166,900","1.166,900","1.166,900","-1,09%"
"01.12.2016","1.179,710","1.179,710","1.179,710","1.179,710","-0,54%"
"30.11.2016","1.186,120","1.186,120","1.186,120","1.186,120","0,62%"
"29.11.2016","1.178,790","1.178,790","1.178,790","1.178,790","-0,88%"
"28.11.2016","1.189,200","1.189,200","1.189,200","1.189,200","1,05%"
"25.11.2016","1.176,890","1.176,890","1.176,890","1.176,890","0,05%"
"24.11.2016","1.176,350","1.176,350","1.176,350","1.176,350","-0,73%"
"23.11.2016","1.184,960","1.184,960","1.184,960","1.184,960","0,41%"
"22.11.2016","1.180,080","1.180,080","1.180,080","1.180,080","1,51%"
"21.11.2016","1.162,510","1.162,510","1.162,510","1.162,510","-0,11%"
"18.11.2016","1.163,770","1.163,770","1.163,770","1.163,770","0,62%"
"17.11.2016","1.156,620","1.156,620","1.156,620","1.156,620","0,01%"
"16.11.2016","1.156,470","1.156,470","1.156,470","1.156,470","1,21%"
"15.11.2016","1.142,690","1.142,690","1.142,690","1.142,690","0,24%"
"14.11.2016","1.139,930","1.139,930","1.139,930","1.139,930","-0,01%"
"11.11.2016","1.140,070","1.140,070","1.140,070","1.140,070","-2,80%"
"10.11.2016","1.172,950","1.172,950","1.172,950","1.172,950","0,09%"
"09.11.2016","1.171,860","1.171,860","1.171,860","1.171,860","-1,59%"
"08.11.2016","1.190,750","1.190,750","1.190,750","1.190,750","0,74%"
"07.11.2016","1.181,990","1.181,990","1.181,990","1.181,990","2,50%"
"04.11.2016","1.153,210","1.153,210","1.153,210","1.153,210","-0,80%"
"03.11.2016","1.162,490","1.162,490","1.162,490","1.162,490","-0,37%"
"02.11.2016","1.166,770","1.166,770","1.166,770","1.166,770","-3,00%"
"01.11.2016","1.202,870","1.202,870","1.202,870","1.202,870","0,00%"
"31.10.2016","1.202,870","1.202,870","1.202,870","1.202,870","-0,14%"
"28.10.2016","1.204,500","1.204,500","1.204,500","1.204,500","-0,29%"
"27.10.2016","1.207,970","1.207,970","1.207,970","1.207,970","-0,57%"
"26.10.2016","1.214,880","1.214,880","1.214,880","1.214,880","-1,36%"
"25.10.2016","1.231,670","1.231,670","1.231,670","1.231,670","0,23%"
"24.10.2016","1.228,830","1.228,830","1.228,830","1.228,830","0,65%"
"21.10.2016","1.220,860","1.220,860","1.220,860","1.220,860","0,28%"
"20.10.2016","1.217,500","1.217,500","1.217,500","1.217,500","0,38%"
"19.10.2016","1.212,920","1.212,920","1.212,920","1.212,920","0,58%"
"18.10.2016","1.205,900","1.205,900","1.205,900","1.205,900","1,71%"
"17.10.2016","1.185,600","1.185,600","1.185,600","1.185,600","-0,16%"
"14.10.2016","1.187,480","1.187,480","1.187,480","1.187,480","0,91%"
"13.10.2016","1.176,810","1.176,810","1.176,810","1.176,810","-1,49%"
"12.10.2016","1.194,670","1.194,670","1.194,670","1.194,670","0,11%"
"11.10.2016","1.193,300","1.193,300","1.193,300","1.193,300","-0,61%"
"10.10.2016","1.200,630","1.200,630","1.200,630","1.200,630","0,62%"
"07.10.2016","1.193,280","1.193,280","1.193,280","1.193,280","-0,32%"
"06.10.2016","1.197,130","1.197,130","1.197,130","1.197,130","0,47%"
"05.10.2016","1.191,560","1.191,560","1.191,560","1.191,560","-0,34%"
"04.10.2016","1.195,580","1.195,580","1.195,580","1.195,580","0,91%"
"03.10.2016","1.184,760","1.184,760","1.184,760","1.184,760","1,08%"
"30.09.2016","1.172,150","1.172,150","1.172,150","1.172,150","-1,12%"
"29.09.2016","1.185,380","1.185,380","1.185,380","1.185,380","-0,24%"
"28.09.2016","1.188,260","1.188,260","1.188,260","1.188,260","0,20%"
"27.09.2016","1.185,870","1.185,870","1.185,870","1.185,870","1,26%"
"26.09.2016","1.171,110","1.171,110","1.171,110","1.171,110","-1,73%"
"23.09.2016","1.191,750","1.191,750","1.191,750","1.191,750","-0,20%"
"22.09.2016","1.194,090","1.194,090","1.194,090","1.194,090","0,77%"
"21.09.2016","1.185,020","1.185,020","1.185,020","1.185,020","1,09%"
"20.09.2016","1.172,300","1.172,300","1.172,300","1.172,300","0,23%"
"19.09.2016","1.169,660","1.169,660","1.169,660","1.169,660","1,17%"
"16.09.2016","1.156,110","1.156,110","1.156,110","1.156,110","0,34%"
"15.09.2016","1.152,140","1.152,140","1.152,140","1.152,140","0,50%"
"14.09.2016","1.146,450","1.146,450","1.146,450","1.146,450","-0,13%"
"13.09.2016","1.147,970","1.147,970","1.147,970","1.147,970","-0,63%"
"12.09.2016","1.155,280","1.155,280","1.155,280","1.155,280","-2,18%"
"09.09.2016","1.181,080","1.181,080","1.181,080","1.181,080","-1,44%"
"08.09.2016","1.198,320","1.198,320","1.198,320","1.198,320","-0,14%"
"07.09.2016","1.200,030","1.200,030","1.200,030","1.200,030","0,28%"
"06.09.2016","1.196,690","1.196,690","1.196,690","1.196,690","0,68%"
"05.09.2016","1.188,550","1.188,550","1.188,550","1.188,550","1,28%"
"02.09.2016","1.173,540","1.173,540","1.173,540","1.173,540","1,27%"
"01.09.2016","1.158,880","1.158,880","1.158,880","1.158,880","-0,72%"
"31.08.2016","1.167,310","1.167,310","1.167,310","1.167,310","-0,46%"
"30.08.2016","1.172,730","1.172,730","1.172,730","1.172,730","0,45%"
"29.08.2016","1.167,500","1.167,500","1.167,500","1.167,500","0,47%"
"26.08.2016","1.162,040","1.162,040","1.162,040","1.162,040","0,35%"
"25.08.2016","1.157,930","1.157,930","1.157,930","1.157,930","-0,16%"
"24.08.2016","1.159,740","1.159,740","1.159,740","1.159,740","-0,38%"
"23.08.2016","1.164,200","1.164,200","1.164,200","1.164,200","0,32%"
"22.08.2016","1.160,500","1.160,500","1.160,500","1.160,500","-0,73%"
"19.08.2016","1.169,080","1.169,080","1.169,080","1.169,080","-0,63%"
"18.08.2016","1.176,510","1.176,510","1.176,510","1.176,510","0,28%"
"17.08.2016","1.173,190","1.173,190","1.173,190","1.173,190","-0,78%"
"16.08.2016","1.182,380","1.182,380","1.182,380","1.182,380","-0,06%"
"15.08.2016","1.183,120","1.183,120","1.183,120","1.183,120","0,00%"
"12.08.2016","1.183,120","1.183,120","1.183,120","1.183,120","0,27%"
"11.08.2016","1.179,900","1.179,900","1.179,900","1.179,900","0,40%"
"10.08.2016","1.175,210","1.175,210","1.175,210","1.175,210","-0,10%"
"09.08.2016","1.176,370","1.176,370","1.176,370","1.176,370","0,16%"
"08.08.2016","1.174,530","1.174,530","1.174,530","1.174,530","1,09%"
"05.08.2016","1.161,850","1.161,850","1.161,850","1.161,850","1,71%"
"04.08.2016","1.142,270","1.142,270","1.142,270","1.142,270","1,22%"
"03.08.2016","1.128,510","1.128,510","1.128,510","1.128,510","-0,50%"
"02.08.2016","1.134,150","1.134,150","1.134,150","1.134,150","-1,10%"
"01.08.2016","1.146,730","1.146,730","1.146,730","1.146,730","1,12%"
"29.07.2016","1.134,080","1.134,080","1.134,080","1.134,080","-1,08%"
"28.07.2016","1.146,500","1.146,500","1.146,500","1.146,500","-0,65%"
"27.07.2016","1.154,040","1.154,040","1.154,040","1.154,040","0,35%"
"26.07.2016","1.150,010","1.150,010","1.150,010","1.150,010","0,10%"
"25.07.2016","1.148,830","1.148,830","1.148,830","1.148,830","0,02%"
"22.07.2016","1.148,550","1.148,550","1.148,550","1.148,550","-0,03%"
"21.07.2016","1.148,870","1.148,870","1.148,870","1.148,870","0,18%"
"20.07.2016","1.146,830","1.146,830","1.146,830","1.146,830","0,32%"
"19.07.2016","1.143,140","1.143,140","1.143,140","1.143,140","0,26%"
"18.07.2016","1.140,120","1.140,120","1.140,120","1.140,120","0,32%"
"15.07.2016","1.136,530","1.136,530","1.136,530","1.136,530","0,58%"
"14.07.2016","1.129,980","1.129,980","1.129,980","1.129,980","1,10%"
"13.07.2016","1.117,700","1.117,700","1.117,700","1.117,700","-0,05%"
"12.07.2016","1.118,240","1.118,240","1.118,240","1.118,240","0,72%"
"11.07.2016","1.110,200","1.110,200","1.110,200","1.110,200","1,98%"
"08.07.2016","1.088,640","1.088,640","1.088,640","1.088,640","0,67%"
"07.07.2016","1.081,370","1.081,370","1.081,370","1.081,370","0,89%"
"06.07.2016","1.071,780","1.071,780","1.071,780","1.071,780","-1,12%"
"05.07.2016","1.083,960","1.083,960","1.083,960","1.083,960","-1,13%"
"04.07.2016","1.096,370","1.096,370","1.096,370","1.096,370","0,42%"
"01.07.2016","1.091,760","1.091,760","1.091,760","1.091,760","0,44%"
"30.06.2016","1.087,020","1.087,020","1.087,020","1.087,020","1,43%"
"29.06.2016","1.071,660","1.071,660","1.071,660","1.071,660","1,68%"
"28.06.2016","1.053,960","1.053,960","1.053,960","1.053,960","0,73%"
"27.06.2016","1.046,330","1.046,330","1.046,330","1.046,330","-0,04%"
"24.06.2016","1.046,720","1.046,720","1.046,720","1.046,720","-1,39%"
"23.06.2016","1.061,490","1.061,490","1.061,490","1.061,490","0,00%"
"22.06.2016","1.061,490","1.061,490","1.061,490","1.061,490","0,46%"
"21.06.2016","1.056,590","1.056,590","1.056,590","1.056,590","1,12%"
"20.06.2016","1.044,870","1.044,870","1.044,870","1.044,870","1,10%"
"17.06.2016","1.033,490","1.033,490","1.033,490","1.033,490","-0,13%"
"16.06.2016","1.034,870","1.034,870","1.034,870","1.034,870","-0,19%"
"15.06.2016","1.036,830","1.036,830","1.036,830","1.036,830","0,43%"
"14.06.2016","1.032,440","1.032,440","1.032,440","1.032,440","0,06%"
"13.06.2016","1.031,800","1.031,800","1.031,800","1.031,800","-1,75%"
"10.06.2016","1.050,200","1.050,200","1.050,200","1.050,200","-1,36%"
"09.06.2016","1.064,730","1.064,730","1.064,730","1.064,730","-0,05%"
"08.06.2016","1.065,240","1.065,240","1.065,240","1.065,240","0,46%"
"07.06.2016","1.060,360","1.060,360","1.060,360","1.060,360","1,66%"
"06.06.2016","1.043,020","1.043,020","1.043,020","1.043,020","0,57%"
"03.06.2016","1.037,130","1.037,130","1.037,130","1.037,130","-0,65%"
"02.06.2016","1.043,870","1.043,870","1.043,870","1.043,870","0,39%"
"01.06.2016","1.039,830","1.039,830","1.039,830","1.039,830","-0,37%"
"31.05.2016","1.043,650","1.043,650","1.043,650","1.043,650","-0,01%"
"30.05.2016","1.043,720","1.043,720","1.043,720","1.043,720","-0,09%"
"27.05.2016","1.044,690","1.044,690","1.044,690","1.044,690","1,14%"
"26.05.2016","1.032,920","1.032,920","1.032,920","1.032,920","0,03%"
"25.05.2016","1.032,640","1.032,640","1.032,640","1.032,640","1,61%"
"24.05.2016","1.016,280","1.016,280","1.016,280","1.016,280","0,27%"
"23.05.2016","1.013,540","1.013,540","1.013,540","1.013,540","0,59%"
"20.05.2016","1.007,640","1.007,640","1.007,640","1.007,640","0,41%"
"19.05.2016","1.003,510","1.003,510","1.003,510","1.003,510","-0,89%"
"18.05.2016","1.012,520","1.012,520","1.012,520","1.012,520","-0,42%"
"17.05.2016","1.016,760","1.016,760","1.016,760","1.016,760","0,36%"
"16.05.2016","1.013,110","1.013,110","1.013,110","1.013,110","0,00%"
"13.05.2016","1.013,110","1.013,110","1.013,110","1.013,110","-0,40%"
"12.05.2016","1.017,220","1.017,220","1.017,220","1.017,220","0,10%"
"11.05.2016","1.016,160","1.016,160","1.016,160","1.016,160","-0,20%"
"10.05.2016","1.018,240","1.018,240","1.018,240","1.018,240","0,78%"
"09.05.2016","1.010,330","1.010,330","1.010,330","1.010,330","-0,31%"
"06.05.2016","1.013,490","1.013,490","1.013,490","1.013,490","-0,43%"
"05.05.2016","1.017,900","1.017,900","1.017,900","1.017,900","0,00%"
"04.05.2016","1.017,900","1.017,900","1.017,900","1.017,900","-0,68%"
"03.05.2016","1.024,820","1.024,820","1.024,820","1.024,820","-1,75%"
"02.05.2016","1.043,100","1.043,100","1.043,100","1.043,100","-1,05%"
"29.04.2016","1.054,170","1.054,170","1.054,170","1.054,170","-1,66%"
"28.04.2016","1.071,950","1.071,950","1.071,950","1.071,950","0,06%"
"27.04.2016","1.071,300","1.071,300","1.071,300","1.071,300","0,04%"
"26.04.2016","1.070,880","1.070,880","1.070,880","1.070,880","0,06%"
"25.04.2016","1.070,260","1.070,260","1.070,260","1.070,260","-0,96%"
"22.04.2016","1.080,660","1.080,660","1.080,660","1.080,660","-0,55%"
"21.04.2016","1.086,590","1.086,590","1.086,590","1.086,590","0,90%"
"20.04.2016","1.076,950","1.076,950","1.076,950","1.076,950","-0,02%"
"19.04.2016","1.077,200","1.077,200","1.077,200","1.077,200","0,64%"
"18.04.2016","1.070,310","1.070,310","1.070,310","1.070,310","-0,62%"
"15.04.2016","1.076,940","1.076,940","1.076,940","1.076,940","-0,16%"
"14.04.2016","1.078,650","1.078,650","1.078,650","1.078,650","0,36%"
"13.04.2016","1.074,800","1.074,800","1.074,800","1.074,800","2,43%"
"12.04.2016","1.049,330","1.049,330","1.049,330","1.049,330","1,42%"
"11.04.2016","1.034,650","1.034,650","1.034,650","1.034,650","0,57%"
"08.04.2016","1.028,750","1.028,750","1.028,750","1.028,750","0,69%"
"07.04.2016","1.021,730","1.021,730","1.021,730","1.021,730","-0,08%"
"06.04.2016","1.022,500","1.022,500","1.022,500","1.022,500","-0,42%"
"05.04.2016","1.026,820","1.026,820","1.026,820","1.026,820","-1,63%"
"04.04.2016","1.043,830","1.043,830","1.043,830","1.043,830","-0,25%"
"01.04.2016","1.046,470","1.046,470","1.046,470","1.046,470","-0,83%"
"31.03.2016","1.055,190","1.055,190","1.055,190","1.055,190","-0,02%"
"30.03.2016","1.055,400","1.055,400","1.055,400","1.055,400","0,80%"
"29.03.2016","1.046,980","1.046,980","1.046,980","1.046,980","-0,00%"
"28.03.2016","1.046,990","1.046,990","1.046,990","1.046,990","0,00%"
"25.03.2016","1.046,990","1.046,990","1.046,990","1.046,990","0,00%"
"24.03.2016","1.046,990","1.046,990","1.046,990","1.046,990","-0,83%"
"23.03.2016","1.055,770","1.055,770","1.055,770","1.055,770","-0,60%"
"22.03.2016","1.062,170","1.062,170","1.062,170","1.062,170","0,48%"
"21.03.2016","1.057,090","1.057,090","1.057,090","1.057,090","0,55%"
"18.03.2016","1.051,260","1.051,260","1.051,260","1.051,260","1,42%"
"17.03.2016","1.036,500","1.036,500","1.036,500","1.036,500","1,04%"
"16.03.2016","1.025,880","1.025,880","1.025,880","1.025,880","0,47%"
"15.03.2016","1.021,090","1.021,090","1.021,090","1.021,090","-1,63%"
"14.03.2016","1.038,030","1.038,030","1.038,030","1.038,030","0,76%"
"11.03.2016","1.030,220","1.030,220","1.030,220","1.030,220","1,20%"
"10.03.2016","1.018,020","1.018,020","1.018,020","1.018,020","-0,77%"
"09.03.2016","1.025,940","1.025,940","1.025,940","1.025,940","0,34%"
"08.03.2016","1.022,430","1.022,430","1.022,430","1.022,430","-1,53%"
"07.03.2016","1.038,290","1.038,290","1.038,290","1.038,290","0,76%"
"04.03.2016","1.030,500","1.030,500","1.030,500","1.030,500","0,69%"
"03.03.2016","1.023,400","1.023,400","1.023,400","1.023,400","0,46%"
"02.03.2016","1.018,760","1.018,760","1.018,760","1.018,760","2,39%"
"01.03.2016","994,980","994,980","994,980","994,980","1,78%"
"29.02.2016","977,600","977,600","977,600","977,600","0,63%"
"26.02.2016","971,500","971,500","971,500","971,500","1,58%"
"25.02.2016","956,410","956,410","956,410","956,410","-0,26%"
"24.02.2016","958,920","958,920","958,920","958,920","-1,05%"
"23.02.2016","969,130","969,130","969,130","969,130","-0,60%"
"22.02.2016","974,990","974,990","974,990","974,990","1,89%"
"19.02.2016","956,930","956,930","956,930","956,930","-0,75%"
"18.02.2016","964,180","964,180","964,180","964,180","1,72%"
"17.02.2016","947,920","947,920","947,920","947,920","0,69%"
"16.02.2016","941,390","941,390","941,390","941,390","0,66%"
"15.02.2016","935,260","935,260","935,260","935,260","3,18%"
"12.02.2016","906,430","906,430","906,430","906,430","0,63%"
"11.02.2016","900,720","900,720","900,720","900,720","-3,82%"
"10.02.2016","936,490","936,490","936,490","936,490","1,10%"
"09.02.2016","926,290","926,290","926,290","926,290","-2,00%"
"08.02.2016","945,190","945,190","945,190","945,190","-0,80%"
"05.02.2016","952,840","952,840","952,840","952,840","0,24%"
"04.02.2016","950,580","950,580","950,580","950,580","1,25%"
"03.02.2016","938,820","938,820","938,820","938,820","-2,30%"
"02.02.2016","960,940","960,940","960,940","960,940","-1,95%"
"01.02.2016","980,050","980,050","980,050","980,050","-0,62%"
"29.01.2016","986,150","986,150","986,150","986,150","3,97%"
"28.01.2016","948,500","948,500","948,500","948,500","0,27%"
"27.01.2016","945,960","945,960","945,960","945,960","0,89%"
"26.01.2016","937,650","937,650","937,650","937,650","-1,23%"
"25.01.2016","949,300","949,300","949,300","949,300","0,70%"
"22.01.2016","942,690","942,690","942,690","942,690","3,24%"
"21.01.2016","913,140","913,140","913,140","913,140","0,05%"
"20.01.2016","912,690","912,690","912,690","912,690","-3,02%"
"19.01.2016","941,120","941,120","941,120","941,120","1,34%"
"18.01.2016","928,670","928,670","928,670","928,670","-0,12%"
"15.01.2016","929,750","929,750","929,750","929,750","-2,93%"
"14.01.2016","957,850","957,850","957,850","957,850","-0,79%"
"13.01.2016","965,510","965,510","965,510","965,510","0,66%"
"12.01.2016","959,140","959,140","959,140","959,140","0,23%"
"11.01.2016","956,930","956,930","956,930","956,930","-1,81%"
"08.01.2016","974,610","974,610","974,610","974,610","-0,52%"
"07.01.2016","979,710","979,710","979,710","979,710","-3,52%"
"06.01.2016","1.015,420","1.015,420","1.015,420","1.015,420","-1,40%"
"05.01.2016","1.029,850","1.029,850","1.029,850","1.029,850","0,83%"
"04.01.2016","1.021,410","1.021,410","1.021,410","1.021,410","-2,84%"
"01.01.2016","1.051,320","1.051,320","1.051,320","1.051,320","0,00%"
"31.12.2015","1.051,320","1.051,320","1.051,320","1.051,320","0,75%"
"30.12.2015","1.043,450","1.043,450","1.043,450","1.043,450","-1,11%"
"29.12.2015","1.055,200","1.055,200","1.055,200","1.055,200","0,53%"
"28.12.2015","1.049,630","1.049,630","1.049,630","1.049,630","-1,18%"
"25.12.2015","1.062,210","1.062,210","1.062,210","1.062,210","0,00%"
"24.12.2015","1.062,210","1.062,210","1.062,210","1.062,210","0,00%"
"23.12.2015","1.062,210","1.062,210","1.062,210","1.062,210","1,90%"
"22.12.2015","1.042,380","1.042,380","1.042,380","1.042,380","-0,01%"
"21.12.2015","1.042,480","1.042,480","1.042,480","1.042,480","-0,46%"
"18.12.2015","1.047,250","1.047,250","1.047,250","1.047,250","-1,23%"
"17.12.2015","1.060,240","1.060,240","1.060,240","1.060,240","2,09%"
"16.12.2015","1.038,510","1.038,510","1.038,510","1.038,510","1,18%"
"15.12.2015","1.026,380","1.026,380","1.026,380","1.026,380","2,05%"
"14.12.2015","1.005,750","1.005,750","1.005,750","1.005,750","-0,58%"
"11.12.2015","1.011,600","1.011,600","1.011,600","1.011,600","-2,48%"
"10.12.2015","1.037,310","1.037,310","1.037,310","1.037,310","-0,54%"
"09.12.2015","1.042,900","1.042,900","1.042,900","1.042,900","-0,87%"
"08.12.2015","1.052,000","1.052,000","1.052,000","1.052,000","-1,71%"
"07.12.2015","1.070,300","1.070,300","1.070,300","1.070,300","-0,22%"
"04.12.2015","1.072,660","1.072,660","1.072,660","1.072,660","-1,17%"
"03.12.2015","1.085,340","1.085,340","1.085,340","1.085,340","-2,85%"
"02.12.2015","1.117,230","1.117,230","1.117,230","1.117,230","-0,14%"
"01.12.2015","1.118,830","1.118,830","1.118,830","1.118,830","0,96%"
"30.11.2015","1.108,220","1.108,220","1.108,220","1.108,220","-1,18%"
"27.11.2015","1.121,470","1.121,470","1.121,470","1.121,470","-1,19%"
"26.11.2015","1.135,020","1.135,020","1.135,020","1.135,020","0,08%"
"25.11.2015","1.134,130","1.134,130","1.134,130","1.134,130","-0,02%"
"24.11.2015","1.134,340","1.134,340","1.134,340","1.134,340","-0,41%"
"23.11.2015","1.139,030","1.139,030","1.139,030","1.139,030","0,19%"
"20.11.2015","1.136,890","1.136,890","1.136,890","1.136,890","1,37%"
"19.11.2015","1.121,470","1.121,470","1.121,470","1.121,470","0,89%"
"18.11.2015","1.111,530","1.111,530","1.111,530","1.111,530","-0,10%"
"17.11.2015","1.112,620","1.112,620","1.112,620","1.112,620","1,92%"
"16.11.2015","1.091,670","1.091,670","1.091,670","1.091,670","-0,76%"
"13.11.2015","1.100,040","1.100,040","1.100,040","1.100,040","-1,32%"
"12.11.2015","1.114,700","1.114,700","1.114,700","1.114,700","-0,21%"
"11.11.2015","1.117,020","1.117,020","1.117,020","1.117,020","-0,31%"
"10.11.2015","1.120,540","1.120,540","1.120,540","1.120,540","-0,74%"
"09.11.2015","1.128,850","1.128,850","1.128,850","1.128,850","-1,09%"
"06.11.2015","1.141,240","1.141,240","1.141,240","1.141,240","-0,24%"
"05.11.2015","1.144,010","1.144,010","1.144,010","1.144,010","-0,46%"
"04.11.2015","1.149,350","1.149,350","1.149,350","1.149,350","1,67%"
"03.11.2015","1.130,500","1.130,500","1.130,500","1.130,500","1,99%"
"02.11.2015","1.108,450","1.108,450","1.108,450","1.108,450","0,40%"
"30.10.2015","1.104,060","1.104,060","1.104,060","1.104,060","-0,55%"
"29.10.2015","1.110,160","1.110,160","1.110,160","1.110,160","-0,69%"
"28.10.2015","1.117,900","1.117,900","1.117,900","1.117,900","-0,42%"
"27.10.2015","1.122,590","1.122,590","1.122,590","1.122,590","-0,59%"
"26.10.2015","1.129,250","1.129,250","1.129,250","1.129,250","-0,26%"
"23.10.2015","1.132,170","1.132,170","1.132,170","1.132,170","2,37%"
"22.10.2015","1.105,970","1.105,970","1.105,970","1.105,970","1,62%"
"21.10.2015","1.088,290","1.088,290","1.088,290","1.088,290","-0,72%"
"20.10.2015","1.096,200","1.096,200","1.096,200","1.096,200","-0,58%"
"19.10.2015","1.102,650","1.102,650","1.102,650","1.102,650","0,79%"
"16.10.2015","1.093,970","1.093,970","1.093,970","1.093,970","0,15%"
"15.10.2015","1.092,380","1.092,380","1.092,380","1.092,380","2,25%"
"14.10.2015","1.068,390","1.068,390","1.068,390","1.068,390","-1,09%"
"13.10.2015","1.080,110","1.080,110","1.080,110","1.080,110","-1,28%"
"12.10.2015","1.094,090","1.094,090","1.094,090","1.094,090","0,51%"
"09.10.2015","1.088,580","1.088,580","1.088,580","1.088,580","0,61%"
"08.10.2015","1.081,940","1.081,940","1.081,940","1.081,940","-0,61%"
"07.10.2015","1.088,610","1.088,610","1.088,610","1.088,610","2,91%"
"06.10.2015","1.057,830","1.057,830","1.057,830","1.057,830","0,44%"
"05.10.2015","1.053,160","1.053,160","1.053,160","1.053,160","2,73%"
"02.10.2015","1.025,150","1.025,150","1.025,150","1.025,150","0,19%"
"01.10.2015","1.023,210","1.023,210","1.023,210","1.023,210","0,27%"
"30.09.2015","1.020,500","1.020,500","1.020,500","1.020,500","2,58%"
"29.09.2015","994,800","994,800","994,800","994,800","-0,76%"
"28.09.2015","1.002,380","1.002,380","1.002,380","1.002,380","-1,27%"
"25.09.2015","1.015,230","1.015,230","1.015,230","1.015,230","1,48%"
"24.09.2015","1.000,420","1.000,420","1.000,420","1.000,420","-2,01%"
"23.09.2015","1.020,930","1.020,930","1.020,930","1.020,930","-2,12%"
"22.09.2015","1.043,050","1.043,050","1.043,050","1.043,050","-0,34%"
"21.09.2015","1.046,660","1.046,660","1.046,660","1.046,660","-0,07%"
"18.09.2015","1.047,430","1.047,430","1.047,430","1.047,430","-0,30%"
"17.09.2015","1.050,540","1.050,540","1.050,540","1.050,540","0,38%"
"16.09.2015","1.046,540","1.046,540","1.046,540","1.046,540","1,80%"
"15.09.2015","1.028,070","1.028,070","1.028,070","1.028,070","0,08%"
"14.09.2015","1.027,220","1.027,220","1.027,220","1.027,220","0,61%"
"11.09.2015","1.020,990","1.020,990","1.020,990","1.020,990","-0,76%"
"10.09.2015","1.028,770","1.028,770","1.028,770","1.028,770","-1,12%"
"09.09.2015","1.040,460","1.040,460","1.040,460","1.040,460","2,56%"
"08.09.2015","1.014,530","1.014,530","1.014,530","1.014,530","1,37%"
"07.09.2015","1.000,790","1.000,790","1.000,790","1.000,790","-1,67%"
"04.09.2015","1.017,790","1.017,790","1.017,790","1.017,790","-1,78%"
"03.09.2015","1.036,220","1.036,220","1.036,220","1.036,220","1,86%"
"02.09.2015","1.017,290","1.017,290","1.017,290","1.017,290","-0,28%"
"01.09.2015","1.020,190","1.020,190","1.020,190","1.020,190","-2,63%"
"31.08.2015","1.047,770","1.047,770","1.047,770","1.047,770","0,16%"
"28.08.2015","1.046,100","1.046,100","1.046,100","1.046,100","0,78%"
"27.08.2015","1.038,020","1.038,020","1.038,020","1.038,020","5,04%"
"26.08.2015","988,180","988,180","988,180","988,180","-0,07%"
"25.08.2015","988,860","988,860","988,860","988,860","3,61%"
"24.08.2015","954,370","954,370","954,370","954,370","-7,13%"
"21.08.2015","1.027,630","1.027,630","1.027,630","1.027,630","-3,18%"
"20.08.2015","1.061,370","1.061,370","1.061,370","1.061,370","-2,46%"
"19.08.2015","1.088,190","1.088,190","1.088,190","1.088,190","-1,08%"
"18.08.2015","1.100,090","1.100,090","1.100,090","1.100,090","-0,40%"
"17.08.2015","1.104,490","1.104,490","1.104,490","1.104,490","-0,72%"
"14.08.2015","1.112,500","1.112,500","1.112,500","1.112,500","0,03%"
"13.08.2015","1.112,140","1.112,140","1.112,140","1.112,140","0,94%"
"12.08.2015","1.101,790","1.101,790","1.101,790","1.101,790","-3,12%"
"11.08.2015","1.137,330","1.137,330","1.137,330","1.137,330","-1,67%"
"10.08.2015","1.156,670","1.156,670","1.156,670","1.156,670","-0,04%"
"07.08.2015","1.157,130","1.157,130","1.157,130","1.157,130","-0,42%"
"06.08.2015","1.162,060","1.162,060","1.162,060","1.162,060","-1,20%"
"05.08.2015","1.176,220","1.176,220","1.176,220","1.176,220","0,77%"
"04.08.2015","1.167,240","1.167,240","1.167,240","1.167,240","0,34%"
"03.08.2015","1.163,270","1.163,270","1.163,270","1.163,270","-0,40%"
"31.07.2015","1.167,950","1.167,950","1.167,950","1.167,950","-0,29%"
"30.07.2015","1.171,380","1.171,380","1.171,380","1.171,380","0,33%"
"29.07.2015","1.167,530","1.167,530","1.167,530","1.167,530","1,08%"
"28.07.2015","1.155,050","1.155,050","1.155,050","1.155,050","0,42%"
"27.07.2015","1.150,190","1.150,190","1.150,190","1.150,190","-3,22%"
"24.07.2015","1.188,410","1.188,410","1.188,410","1.188,410","-1,30%"
"23.07.2015","1.204,030","1.204,030","1.204,030","1.204,030","-1,60%"
"22.07.2015","1.223,580","1.223,580","1.223,580","1.223,580","-0,53%"
"21.07.2015","1.230,130","1.230,130","1.230,130","1.230,130","-0,20%"
"20.07.2015","1.232,560","1.232,560","1.232,560","1.232,560","-0,77%"
"17.07.2015","1.242,120","1.242,120","1.242,120","1.242,120","0,45%"
"16.07.2015","1.236,520","1.236,520","1.236,520","1.236,520","0,94%"
"15.07.2015","1.225,020","1.225,020","1.225,020","1.225,020","0,16%"
"14.07.2015","1.223,040","1.223,040","1.223,040","1.223,040","-0,12%"
"13.07.2015","1.224,530","1.224,530","1.224,530","1.224,530","2,62%"
"10.07.2015","1.193,310","1.193,310","1.193,310","1.193,310","0,36%"
"09.07.2015","1.188,980","1.188,980","1.188,980","1.188,980","1,89%"
"08.07.2015","1.166,920","1.166,920","1.166,920","1.166,920","-3,96%"
"07.07.2015","1.215,040","1.215,040","1.215,040","1.215,040","-0,16%"
"06.07.2015","1.216,940","1.216,940","1.216,940","1.216,940","-2,05%"
"03.07.2015","1.242,470","1.242,470","1.242,470","1.242,470","-0,67%"
"02.07.2015","1.250,870","1.250,870","1.250,870","1.250,870","-0,02%"
"01.07.2015","1.251,140","1.251,140","1.251,140","1.251,140","0,33%"
"30.06.2015","1.247,070","1.247,070","1.247,070","1.247,070","1,52%"
"29.06.2015","1.228,440","1.228,440","1.228,440","1.228,440","-2,13%"
"26.06.2015","1.255,220","1.255,220","1.255,220","1.255,220","-0,29%"
"25.06.2015","1.258,820","1.258,820","1.258,820","1.258,820","-0,56%"
"24.06.2015","1.265,910","1.265,910","1.265,910","1.265,910","2,64%"
"23.06.2015","1.233,350","1.233,350","1.233,350","1.233,350","0,00%"
"22.06.2015","1.233,350","1.233,350","1.233,350","1.233,350","0,72%"
"19.06.2015","1.224,540","1.224,540","1.224,540","1.224,540","0,32%"
"18.06.2015","1.220,630","1.220,630","1.220,630","1.220,630","-0,65%"
"17.06.2015","1.228,590","1.228,590","1.228,590","1.228,590","0,44%"
"16.06.2015","1.223,220","1.223,220","1.223,220","1.223,220","-0,34%"
"15.06.2015","1.227,420","1.227,420","1.227,420","1.227,420","-0,77%"
"12.06.2015","1.236,960","1.236,960","1.236,960","1.236,960","0,08%"
"11.06.2015","1.236,010","1.236,010","1.236,010","1.236,010","0,55%"
"10.06.2015","1.229,210","1.229,210","1.229,210","1.229,210","0,15%"
"09.06.2015","1.227,370","1.227,370","1.227,370","1.227,370","-0,96%"
"08.06.2015","1.239,320","1.239,320","1.239,320","1.239,320","-1,34%"
"05.06.2015","1.256,180","1.256,180","1.256,180","1.256,180","0,93%"
"04.06.2015","1.244,640","1.244,640","1.244,640","1.244,640","-0,85%"
"03.06.2015","1.255,350","1.255,350","1.255,350","1.255,350","-1,59%"
"02.06.2015","1.275,610","1.275,610","1.275,610","1.275,610","-2,35%"
"01.06.2015","1.306,310","1.306,310","1.306,310","1.306,310","0,51%"
"29.05.2015","1.299,710","1.299,710","1.299,710","1.299,710","-0,95%"
"28.05.2015","1.312,240","1.312,240","1.312,240","1.312,240","-1,37%"
"27.05.2015","1.330,400","1.330,400","1.330,400","1.330,400","-0,49%"
"26.05.2015","1.336,910","1.336,910","1.336,910","1.336,910","0,08%"
"25.05.2015","1.335,890","1.335,890","1.335,890","1.335,890","0,00%"
"22.05.2015","1.335,890","1.335,890","1.335,890","1.335,890","1,40%"
"21.05.2015","1.317,430","1.317,430","1.317,430","1.317,430","-0,51%"
"20.05.2015","1.324,180","1.324,180","1.324,180","1.324,180","-0,22%"
"19.05.2015","1.327,050","1.327,050","1.327,050","1.327,050","2,12%"
"18.05.2015","1.299,450","1.299,450","1.299,450","1.299,450","0,42%"
"15.05.2015","1.293,960","1.293,960","1.293,960","1.293,960","0,17%"
"14.05.2015","1.291,780","1.291,780","1.291,780","1.291,780","0,00%"
"13.05.2015","1.291,780","1.291,780","1.291,780","1.291,780","-0,46%"
"12.05.2015","1.297,750","1.297,750","1.297,750","1.297,750","-1,51%"
"11.05.2015","1.317,710","1.317,710","1.317,710","1.317,710","0,70%"
"08.05.2015","1.308,530","1.308,530","1.308,530","1.308,530","1,41%"
"07.05.2015","1.290,390","1.290,390","1.290,390","1.290,390","-0,69%"
"06.05.2015","1.299,380","1.299,380","1.299,380","1.299,380","-2,12%"
"05.05.2015","1.327,530","1.327,530","1.327,530","1.327,530","-0,24%"
"04.05.2015","1.330,770","1.330,770","1.330,770","1.330,770","0,45%"
"01.05.2015","1.324,810","1.324,810","1.324,810","1.324,810","0,00%"
"30.04.2015","1.324,810","1.324,810","1.324,810","1.324,810","-1,57%"
"29.04.2015","1.345,950","1.345,950","1.345,950","1.345,950","-2,24%"
"28.04.2015","1.376,750","1.376,750","1.376,750","1.376,750","-0,74%"
"27.04.2015","1.387,050","1.387,050","1.387,050","1.387,050","0,31%"
"24.04.2015","1.382,760","1.382,760","1.382,760","1.382,760","0,06%"
"23.04.2015","1.381,950","1.381,950","1.381,950","1.381,950","-0,09%"
"22.04.2015","1.383,210","1.383,210","1.383,210","1.383,210","0,69%"
"21.04.2015","1.373,780","1.373,780","1.373,780","1.373,780","0,93%"
"20.04.2015","1.361,120","1.361,120","1.361,120","1.361,120","-0,64%"
"17.04.2015","1.369,910","1.369,910","1.369,910","1.369,910","-1,62%"
"16.04.2015","1.392,470","1.392,470","1.392,470","1.392,470","0,65%"
"15.04.2015","1.383,450","1.383,450","1.383,450","1.383,450","0,81%"
"14.04.2015","1.372,350","1.372,350","1.372,350","1.372,350","-1,55%"
"13.04.2015","1.393,970","1.393,970","1.393,970","1.393,970","1,17%"
"10.04.2015","1.377,790","1.377,790","1.377,790","1.377,790","1,04%"
"09.04.2015","1.363,560","1.363,560","1.363,560","1.363,560","1,81%"
"08.04.2015","1.339,340","1.339,340","1.339,340","1.339,340","2,16%"
"07.04.2015","1.311,040","1.311,040","1.311,040","1.311,040","1,57%"
"06.04.2015","1.290,740","1.290,740","1.290,740","1.290,740","0,00%"
"03.04.2015","1.290,740","1.290,740","1.290,740","1.290,740","0,00%"
"02.04.2015","1.290,740","1.290,740","1.290,740","1.290,740","-0,15%"
"01.04.2015","1.292,640","1.292,640","1.292,640","1.292,640","0,67%"
"31.03.2015","1.284,020","1.284,020","1.284,020","1.284,020","1,41%"
"30.03.2015","1.266,130","1.266,130","1.266,130","1.266,130","1,67%"
"27.03.2015","1.245,390","1.245,390","1.245,390","1.245,390","-0,16%"
"26.03.2015","1.247,340","1.247,340","1.247,340","1.247,340","-0,77%"
"25.03.2015","1.257,010","1.257,010","1.257,010","1.257,010","-0,95%"
"24.03.2015","1.269,090","1.269,090","1.269,090","1.269,090","0,49%"
"23.03.2015","1.262,910","1.262,910","1.262,910","1.262,910","-0,53%"
"20.03.2015","1.269,660","1.269,660","1.269,660","1.269,660","-1,14%"
"19.03.2015","1.284,320","1.284,320","1.284,320","1.284,320","0,98%"
"18.03.2015","1.271,860","1.271,860","1.271,860","1.271,860","0,49%"
"17.03.2015","1.265,600","1.265,600","1.265,600","1.265,600","0,66%"
"16.03.2015","1.257,320","1.257,320","1.257,320","1.257,320","-0,41%"
"13.03.2015","1.262,440","1.262,440","1.262,440","1.262,440","-0,06%"
"12.03.2015","1.263,220","1.263,220","1.263,220","1.263,220","0,18%"
"11.03.2015","1.261,000","1.261,000","1.261,000","1.261,000","1,22%"
"10.03.2015","1.245,760","1.245,760","1.245,760","1.245,760","-0,39%"
"09.03.2015","1.250,650","1.250,650","1.250,650","1.250,650","-1,08%"
"06.03.2015","1.264,250","1.264,250","1.264,250","1.264,250","1,17%"
"05.03.2015","1.249,660","1.249,660","1.249,660","1.249,660","0,17%"
"04.03.2015","1.247,570","1.247,570","1.247,570","1.247,570","0,03%"
"03.03.2015","1.247,160","1.247,160","1.247,160","1.247,160","-0,09%"
"02.03.2015","1.248,330","1.248,330","1.248,330","1.248,330","0,02%"
"27.02.2015","1.248,120","1.248,120","1.248,120","1.248,120","-0,40%"
"26.02.2015","1.253,110","1.253,110","1.253,110","1.253,110","1,36%"
"25.02.2015","1.236,240","1.236,240","1.236,240","1.236,240","0,35%"
"24.02.2015","1.231,870","1.231,870","1.231,870","1.231,870","0,62%"
"23.02.2015","1.224,300","1.224,300","1.224,300","1.224,300","0,01%"
"20.02.2015","1.224,230","1.224,230","1.224,230","1.224,230","0,10%"
"19.02.2015","1.222,960","1.222,960","1.222,960","1.222,960","-0,19%"
"18.02.2015","1.225,340","1.225,340","1.225,340","1.225,340","0,50%"
"17.02.2015","1.219,220","1.219,220","1.219,220","1.219,220","-0,01%"
"16.02.2015","1.219,390","1.219,390","1.219,390","1.219,390","-0,29%"
"13.02.2015","1.222,920","1.222,920","1.222,920","1.222,920","1,31%"
"12.02.2015","1.207,070","1.207,070","1.207,070","1.207,070","0,43%"
"11.02.2015","1.201,950","1.201,950","1.201,950","1.201,950","-0,36%"
"10.02.2015","1.206,320","1.206,320","1.206,320","1.206,320","-0,46%"
"09.02.2015","1.211,910","1.211,910","1.211,910","1.211,910","-0,52%"
"06.02.2015","1.218,230","1.218,230","1.218,230","1.218,230","0,37%"
"05.02.2015","1.213,710","1.213,710","1.213,710","1.213,710","0,11%"
"04.02.2015","1.212,320","1.212,320","1.212,320","1.212,320","0,62%"
"03.02.2015","1.204,900","1.204,900","1.204,900","1.204,900","0,43%"
"02.02.2015","1.199,780","1.199,780","1.199,780","1.199,780","-0,25%"
"30.01.2015","1.202,790","1.202,790","1.202,790","1.202,790","-0,69%"
"29.01.2015","1.211,160","1.211,160","1.211,160","1.211,160","-1,12%"
"28.01.2015","1.224,880","1.224,880","1.224,880","1.224,880","0,01%"
"27.01.2015","1.224,800","1.224,800","1.224,800","1.224,800","-1,10%"
"26.01.2015","1.238,430","1.238,430","1.238,430","1.238,430","-0,24%"
"23.01.2015","1.241,400","1.241,400","1.241,400","1.241,400","2,28%"
"22.01.2015","1.213,780","1.213,780","1.213,780","1.213,780","2,28%"
"21.01.2015","1.186,700","1.186,700","1.186,700","1.186,700","1,82%"
"20.01.2015","1.165,490","1.165,490","1.165,490","1.165,490","1,03%"
"19.01.2015","1.153,650","1.153,650","1.153,650","1.153,650","-1,67%"
"16.01.2015","1.173,300","1.173,300","1.173,300","1.173,300","0,53%"
"15.01.2015","1.167,170","1.167,170","1.167,170","1.167,170","2,13%"
"14.01.2015","1.142,860","1.142,860","1.142,860","1.142,860","-0,46%"
"13.01.2015","1.148,190","1.148,190","1.148,190","1.148,190","0,78%"
"12.01.2015","1.139,260","1.139,260","1.139,260","1.139,260","-0,43%"
"09.01.2015","1.144,230","1.144,230","1.144,230","1.144,230","-0,15%"
"08.01.2015","1.145,930","1.145,930","1.145,930","1.145,930","2,02%"
"07.01.2015","1.123,220","1.123,220","1.123,220","1.123,220","1,70%"
"06.01.2015","1.104,450","1.104,450","1.104,450","1.104,450","-0,48%"
"05.01.2015","1.109,780","1.109,780","1.109,780","1.109,780","-0,64%"
"02.01.2015","1.116,940","1.116,940","1.116,940","1.116,940","0,32%"
"01.01.2015","1.113,400","1.113,400","1.113,400","1.113,400","0,00%"
"31.12.2014","1.113,400","1.113,400","1.113,400","1.113,400","0,73%"
"30.12.2014","1.105,300","1.105,300","1.105,300","1.105,300","-0,27%"
"29.12.2014","1.108,250","1.108,250","1.108,250","1.108,250","0,64%"
"26.12.2014","1.101,250","1.101,250","1.101,250","1.101,250","0,00%"
"25.12.2014","1.101,250","1.101,250","1.101,250","1.101,250","0,00%"
"24.12.2014","1.101,250","1.101,250","1.101,250","1.101,250","0,00%"
"23.12.2014","1.101,250","1.101,250","1.101,250","1.101,250","0,07%"
"22.12.2014","1.100,520","1.100,520","1.100,520","1.100,520","1,45%"
"19.12.2014","1.084,830","1.084,830","1.084,830","1.084,830","1,12%"
"18.12.2014","1.072,770","1.072,770","1.072,770","1.072,770","2,83%"
"17.12.2014","1.043,240","1.043,240","1.043,240","1.043,240","1,71%"
"16.12.2014","1.025,690","1.025,690","1.025,690","1.025,690","-2,05%"
"15.12.2014","1.047,200","1.047,200","1.047,200","1.047,200","-1,26%"
"12.12.2014","1.060,600","1.060,600","1.060,600","1.060,600","-1,46%"
"11.12.2014","1.076,260","1.076,260","1.076,260","1.076,260","-1,05%"
"10.12.2014","1.087,730","1.087,730","1.087,730","1.087,730","-0,65%"
"09.12.2014","1.094,810","1.094,810","1.094,810","1.094,810","-2,23%"
"08.12.2014","1.119,740","1.119,740","1.119,740","1.119,740","-0,88%"
"05.12.2014","1.129,730","1.129,730","1.129,730","1.129,730","1,01%"
"04.12.2014","1.118,430","1.118,430","1.118,430","1.118,430","-0,81%"
"03.12.2014","1.127,600","1.127,600","1.127,600","1.127,600","0,79%"
"02.12.2014","1.118,720","1.118,720","1.118,720","1.118,720","0,52%"
"01.12.2014","1.112,880","1.112,880","1.112,880","1.112,880","-2,05%"
"28.11.2014","1.136,180","1.136,180","1.136,180","1.136,180","-0,68%"
"27.11.2014","1.144,010","1.144,010","1.144,010","1.144,010","0,41%"
"26.11.2014","1.139,340","1.139,340","1.139,340","1.139,340","-0,01%"
"25.11.2014","1.139,480","1.139,480","1.139,480","1.139,480","-0,60%"
"24.11.2014","1.146,350","1.146,350","1.146,350","1.146,350","0,50%"
"21.11.2014","1.140,660","1.140,660","1.140,660","1.140,660","2,45%"
"20.11.2014","1.113,340","1.113,340","1.113,340","1.113,340","0,03%"
"19.11.2014","1.112,960","1.112,960","1.112,960","1.112,960","0,05%"
"18.11.2014","1.112,380","1.112,380","1.112,380","1.112,380","-0,32%"
"17.11.2014","1.115,960","1.115,960","1.115,960","1.115,960","-0,31%"
"14.11.2014","1.119,390","1.119,390","1.119,390","1.119,390","-0,23%"
"13.11.2014","1.122,010","1.122,010","1.122,010","1.122,010","-0,31%"
"12.11.2014","1.125,500","1.125,500","1.125,500","1.125,500","-0,17%"
"11.11.2014","1.127,450","1.127,450","1.127,450","1.127,450","-0,26%"
"10.11.2014","1.130,440","1.130,440","1.130,440","1.130,440","0,77%"
"07.11.2014","1.121,750","1.121,750","1.121,750","1.121,750","-0,17%"
"06.11.2014","1.123,650","1.123,650","1.123,650","1.123,650","-0,30%"
"05.11.2014","1.127,060","1.127,060","1.127,060","1.127,060","-0,19%"
"04.11.2014","1.129,190","1.129,190","1.129,190","1.129,190","-1,02%"
"03.11.2014","1.140,800","1.140,800","1.140,800","1.140,800","-0,21%"
"31.10.2014","1.143,210","1.143,210","1.143,210","1.143,210","1,59%"
"30.10.2014","1.125,350","1.125,350","1.125,350","1.125,350","1,38%"
"29.10.2014","1.110,050","1.110,050","1.110,050","1.110,050","1,14%"
"28.10.2014","1.097,520","1.097,520","1.097,520","1.097,520","1,22%"
"27.10.2014","1.084,250","1.084,250","1.084,250","1.084,250","-1,00%"
"24.10.2014","1.095,170","1.095,170","1.095,170","1.095,170","0,11%"
"23.10.2014","1.094,020","1.094,020","1.094,020","1.094,020","-0,40%"
"22.10.2014","1.098,360","1.098,360","1.098,360","1.098,360","1,04%"
"21.10.2014","1.087,010","1.087,010","1.087,010","1.087,010","0,42%"
"20.10.2014","1.082,450","1.082,450","1.082,450","1.082,450","0,39%"
"17.10.2014","1.078,220","1.078,220","1.078,220","1.078,220","0,74%"
"16.10.2014","1.070,250","1.070,250","1.070,250","1.070,250","-1,37%"
"15.10.2014","1.085,100","1.085,100","1.085,100","1.085,100","-1,66%"
"14.10.2014","1.103,430","1.103,430","1.103,430","1.103,430","0,16%"
"13.10.2014","1.101,640","1.101,640","1.101,640","1.101,640","-0,27%"
"10.10.2014","1.104,580","1.104,580","1.104,580","1.104,580","-1,15%"
"09.10.2014","1.117,400","1.117,400","1.117,400","1.117,400","0,74%"
"08.10.2014","1.109,140","1.109,140","1.109,140","1.109,140","-1,63%"
"07.10.2014","1.127,490","1.127,490","1.127,490","1.127,490","-0,42%"
"06.10.2014","1.132,300","1.132,300","1.132,300","1.132,300","0,88%"
"03.10.2014","1.122,470","1.122,470","1.122,470","1.122,470","1,60%"
"02.10.2014","1.104,770","1.104,770","1.104,770","1.104,770","-0,88%"
"01.10.2014","1.114,590","1.114,590","1.114,590","1.114,590","-0,53%"
"30.09.2014","1.120,580","1.120,580","1.120,580","1.120,580","-0,01%"
"29.09.2014","1.120,690","1.120,690","1.120,690","1.120,690","-1,33%"
"26.09.2014","1.135,850","1.135,850","1.135,850","1.135,850","0,26%"
"25.09.2014","1.132,920","1.132,920","1.132,920","1.132,920","-0,52%"
"24.09.2014","1.138,880","1.138,880","1.138,880","1.138,880","0,75%"
"23.09.2014","1.130,410","1.130,410","1.130,410","1.130,410","-1,01%"
"22.09.2014","1.141,890","1.141,890","1.141,890","1.141,890","-1,19%"
"19.09.2014","1.155,610","1.155,610","1.155,610","1.155,610","0,40%"
"18.09.2014","1.150,970","1.150,970","1.150,970","1.150,970","-0,25%"
"17.09.2014","1.153,870","1.153,870","1.153,870","1.153,870","0,62%"
"16.09.2014","1.146,810","1.146,810","1.146,810","1.146,810","-0,17%"
"15.09.2014","1.148,790","1.148,790","1.148,790","1.148,790","-0,51%"
"12.09.2014","1.154,680","1.154,680","1.154,680","1.154,680","-0,69%"
"11.09.2014","1.162,670","1.162,670","1.162,670","1.162,670","-0,72%"
"10.09.2014","1.171,160","1.171,160","1.171,160","1.171,160","-1,13%"
"09.09.2014","1.184,550","1.184,550","1.184,550","1.184,550","-0,43%"
"08.09.2014","1.189,610","1.189,610","1.189,610","1.189,610","-0,06%"
"05.09.2014","1.190,360","1.190,360","1.190,360","1.190,360","-0,23%"
"04.09.2014","1.193,130","1.193,130","1.193,130","1.193,130","1,28%"
"03.09.2014","1.178,020","1.178,020","1.178,020","1.178,020","1,20%"
"02.09.2014","1.164,000","1.164,000","1.164,000","1.164,000","-0,24%"
"01.09.2014","1.166,760","1.166,760","1.166,760","1.166,760","0,52%"
"29.08.2014","1.160,760","1.160,760","1.160,760","1.160,760","0,08%"
"28.08.2014","1.159,820","1.159,820","1.159,820","1.159,820","-0,38%"
"27.08.2014","1.164,260","1.164,260","1.164,260","1.164,260","0,57%"
"26.08.2014","1.157,700","1.157,700","1.157,700","1.157,700","0,18%"
"25.08.2014","1.155,660","1.155,660","1.155,660","1.155,660","0,47%"
"22.08.2014","1.150,310","1.150,310","1.150,310","1.150,310","0,49%"
"21.08.2014","1.144,700","1.144,700","1.144,700","1.144,700","-0,26%"
"20.08.2014","1.147,640","1.147,640","1.147,640","1.147,640","0,30%"
"19.08.2014","1.144,260","1.144,260","1.144,260","1.144,260","1,03%"
"18.08.2014","1.132,610","1.132,610","1.132,610","1.132,610","0,57%"
"15.08.2014","1.126,230","1.126,230","1.126,230","1.126,230","0,00%"
"14.08.2014","1.126,230","1.126,230","1.126,230","1.126,230","0,15%"
"13.08.2014","1.124,510","1.124,510","1.124,510","1.124,510","0,47%"
"12.08.2014","1.119,200","1.119,200","1.119,200","1.119,200","0,51%"
"11.08.2014","1.113,520","1.113,520","1.113,520","1.113,520","1,74%"
"08.08.2014","1.094,490","1.094,490","1.094,490","1.094,490","-1,00%"
"07.08.2014","1.105,490","1.105,490","1.105,490","1.105,490","-0,49%"
"06.08.2014","1.110,890","1.110,890","1.110,890","1.110,890","-0,46%"
"05.08.2014","1.116,060","1.116,060","1.116,060","1.116,060","-0,24%"
"04.08.2014","1.118,790","1.118,790","1.118,790","1.118,790","0,95%"
"01.08.2014","1.108,260","1.108,260","1.108,260","1.108,260","-0,90%"
"31.07.2014","1.118,320","1.118,320","1.118,320","1.118,320","-1,19%"
"30.07.2014","1.131,820","1.131,820","1.131,820","1.131,820","0,10%"
"29.07.2014","1.130,710","1.130,710","1.130,710","1.130,710","0,36%"
"28.07.2014","1.126,680","1.126,680","1.126,680","1.126,680","0,00%"
"25.07.2014","1.126,650","1.126,650","1.126,650","1.126,650","0,06%"
"24.07.2014","1.126,020","1.126,020","1.126,020","1.126,020","0,28%"
"23.07.2014","1.122,930","1.122,930","1.122,930","1.122,930","0,32%"
"22.07.2014","1.119,310","1.119,310","1.119,310","1.119,310","1,48%"
"21.07.2014","1.102,960","1.102,960","1.102,960","1.102,960","-0,10%"
"18.07.2014","1.104,040","1.104,040","1.104,040","1.104,040","0,13%"
"17.07.2014","1.102,560","1.102,560","1.102,560","1.102,560","-0,26%"
"16.07.2014","1.105,480","1.105,480","1.105,480","1.105,480","0,37%"
"15.07.2014","1.101,350","1.101,350","1.101,350","1.101,350","0,70%"
"14.07.2014","1.093,740","1.093,740","1.093,740","1.093,740","0,33%"
"11.07.2014","1.090,170","1.090,170","1.090,170","1.090,170","-0,36%"
"10.07.2014","1.094,130","1.094,130","1.094,130","1.094,130","0,45%"
"09.07.2014","1.089,180","1.089,180","1.089,180","1.089,180","-0,55%"
"08.07.2014","1.095,250","1.095,250","1.095,250","1.095,250","-0,07%"
"07.07.2014","1.096,070","1.096,070","1.096,070","1.096,070","0,13%"
"04.07.2014","1.094,680","1.094,680","1.094,680","1.094,680","0,18%"
"03.07.2014","1.092,700","1.092,700","1.092,700","1.092,700","0,56%"
"02.07.2014","1.086,630","1.086,630","1.086,630","1.086,630","1,16%"
"01.07.2014","1.074,160","1.074,160","1.074,160","1.074,160","0,15%"
"30.06.2014","1.072,600","1.072,600","1.072,600","1.072,600","0,09%"
"27.06.2014","1.071,600","1.071,600","1.071,600","1.071,600","-0,41%"
"26.06.2014","1.076,010","1.076,010","1.076,010","1.076,010","0,83%"
"25.06.2014","1.067,190","1.067,190","1.067,190","1.067,190","-0,86%"
"24.06.2014","1.076,430","1.076,430","1.076,430","1.076,430","0,29%"
"23.06.2014","1.073,270","1.073,270","1.073,270","1.073,270","0,00%"
"20.06.2014","1.073,270","1.073,270","1.073,270","1.073,270","-0,17%"
"19.06.2014","1.075,130","1.075,130","1.075,130","1.075,130","0,14%"
"18.06.2014","1.073,640","1.073,640","1.073,640","1.073,640","-0,11%"
"17.06.2014","1.074,850","1.074,850","1.074,850","1.074,850","-0,06%"
"16.06.2014","1.075,510","1.075,510","1.075,510","1.075,510","-0,56%"
"13.06.2014","1.081,580","1.081,580","1.081,580","1.081,580","-0,35%"
"12.06.2014","1.085,380","1.085,380","1.085,380","1.085,380","-0,19%"
"11.06.2014","1.087,460","1.087,460","1.087,460","1.087,460","-0,03%"
"10.06.2014","1.087,740","1.087,740","1.087,740","1.087,740","1,92%"
"09.06.2014","1.067,230","1.067,230","1.067,230","1.067,230","0,00%"
"06.06.2014","1.067,230","1.067,230","1.067,230","1.067,230","0,78%"
"05.06.2014","1.058,990","1.058,990","1.058,990","1.058,990","0,45%"
"04.06.2014","1.054,200","1.054,200","1.054,200","1.054,200","-0,45%"
"03.06.2014","1.059,000","1.059,000","1.059,000","1.059,000","0,57%"
"02.06.2014","1.052,960","1.052,960","1.052,960","1.052,960","0,49%"
"30.05.2014","1.047,790","1.047,790","1.047,790","1.047,790","-1,33%"
"29.05.2014","1.061,890","1.061,890","1.061,890","1.061,890","0,00%"
"28.05.2014","1.061,890","1.061,890","1.061,890","1.061,890","0,67%"
"27.05.2014","1.054,790","1.054,790","1.054,790","1.054,790","-0,55%"
"26.05.2014","1.060,590","1.060,590","1.060,590","1.060,590","-0,21%"
"23.05.2014","1.062,770","1.062,770","1.062,770","1.062,770","0,36%"
"22.05.2014","1.058,950","1.058,950","1.058,950","1.058,950","0,95%"
"21.05.2014","1.048,950","1.048,950","1.048,950","1.048,950","0,40%"
"20.05.2014","1.044,810","1.044,810","1.044,810","1.044,810","-0,31%"
"19.05.2014","1.048,030","1.048,030","1.048,030","1.048,030","0,12%"
"16.05.2014","1.046,780","1.046,780","1.046,780","1.046,780","0,42%"
"15.05.2014","1.042,430","1.042,430","1.042,430","1.042,430","-0,44%"
"14.05.2014","1.047,050","1.047,050","1.047,050","1.047,050","0,94%"
"13.05.2014","1.037,350","1.037,350","1.037,350","1.037,350","0,99%"
"12.05.2014","1.027,170","1.027,170","1.027,170","1.027,170","0,88%"
"09.05.2014","1.018,160","1.018,160","1.018,160","1.018,160","0,64%"
"08.05.2014","1.011,710","1.011,710","1.011,710","1.011,710","0,87%"
"07.05.2014","1.002,950","1.002,950","1.002,950","1.002,950","0,13%"
"06.05.2014","1.001,650","1.001,650","1.001,650","1.001,650","-0,11%"
"05.05.2014","1.002,710","1.002,710","1.002,710","1.002,710","-0,29%"
"02.05.2014","1.005,670","1.005,670","1.005,670","1.005,670","0,80%"
"01.05.2014","997,670","997,670","997,670","997,670","0,00%"
"30.04.2014","997,670","997,670","997,670","997,670","-0,81%"
"29.04.2014","1.005,830","1.005,830","1.005,830","1.005,830","0,90%"
"28.04.2014","996,830","996,830","996,830","996,830","-0,04%"
"25.04.2014","997,240","997,240","997,240","997,240","-1,34%"
"24.04.2014","1.010,770","1.010,770","1.010,770","1.010,770","0,16%"
"23.04.2014","1.009,170","1.009,170","1.009,170","1.009,170","-0,69%"
"22.04.2014","1.016,220","1.016,220","1.016,220","1.016,220","0,32%"
"21.04.2014","1.013,000","1.013,000","1.013,000","1.013,000","0,00%"
"18.04.2014","1.013,000","1.013,000","1.013,000","1.013,000","0,00%"
"17.04.2014","1.013,000","1.013,000","1.013,000","1.013,000","0,47%"
"16.04.2014","1.008,230","1.008,230","1.008,230","1.008,230","0,43%"
"15.04.2014","1.003,900","1.003,900","1.003,900","1.003,900","-1,20%"
"14.04.2014","1.016,100","1.016,100","1.016,100","1.016,100","0,16%"
"11.04.2014","1.014,440","1.014,440","1.014,440","1.014,440","-0,67%"
"10.04.2014","1.021,260","1.021,260","1.021,260","1.021,260","0,24%"
"09.04.2014","1.018,850","1.018,850","1.018,850","1.018,850","0,10%"
"08.04.2014","1.017,810","1.017,810","1.017,810","1.017,810","0,39%"
"07.04.2014","1.013,840","1.013,840","1.013,840","1.013,840","-0,14%"
"04.04.2014","1.015,290","1.015,290","1.015,290","1.015,290","0,36%"
"03.04.2014","1.011,650","1.011,650","1.011,650","1.011,650","0,02%"
"02.04.2014","1.011,480","1.011,480","1.011,480","1.011,480","0,66%"
"01.04.2014","1.004,860","1.004,860","1.004,860","1.004,860","0,47%"
"31.03.2014","1.000,180","1.000,180","1.000,180","1.000,180","0,78%"
"28.03.2014","992,440","992,440","992,440","992,440","0,81%"
"27.03.2014","984,500","984,500","984,500","984,500","1,06%"
"26.03.2014","974,130","974,130","974,130","974,130","0,95%"
"25.03.2014","964,990","964,990","964,990","964,990","0,49%"
"24.03.2014","960,300","960,300","960,300","960,300","0,99%"
"21.03.2014","950,840","950,840","950,840","950,840","0,48%"
"20.03.2014","946,300","946,300","946,300","946,300","-0,14%"
"19.03.2014","947,620","947,620","947,620","947,620","-0,19%"
"18.03.2014","949,440","949,440","949,440","949,440","1,08%"
"17.03.2014","939,320","939,320","939,320","939,320","0,59%"
"14.03.2014","933,800","933,800","933,800","933,800","-0,56%"
"13.03.2014","939,060","939,060","939,060","939,060","-0,30%"
"12.03.2014","941,890","941,890","941,890","941,890","-1,42%"
"11.03.2014","955,500","955,500","955,500","955,500","0,20%"
"10.03.2014","953,560","953,560","953,560","953,560","-1,34%"
"07.03.2014","966,500","966,500","966,500","966,500","-0,50%"
"06.03.2014","971,390","971,390","971,390","971,390","0,40%"
"05.03.2014","967,550","967,550","967,550","967,550","0,32%"
"04.03.2014","964,430","964,430","964,430","964,430","0,82%"
"03.03.2014","956,590","956,590","956,590","956,590","-1,33%"
"28.02.2014","969,510","969,510","969,510","969,510","-0,67%"
"27.02.2014","976,030","976,030","976,030","976,030","0,64%"
"26.02.2014","969,820","969,820","969,820","969,820","0,55%"
"25.02.2014","964,500","964,500","964,500","964,500","-0,35%"
"24.02.2014","967,910","967,910","967,910","967,910","0,06%"
"21.02.2014","967,300","967,300","967,300","967,300","0,67%"
"20.02.2014","960,850","960,850","960,850","960,850","-0,60%"
"19.02.2014","966,690","966,690","966,690","966,690","-0,01%"
"18.02.2014","966,820","966,820","966,820","966,820","-0,87%"
"17.02.2014","975,320","975,320","975,320","975,320","0,61%"
"14.02.2014","969,420","969,420","969,420","969,420","1,07%"
"13.02.2014","959,170","959,170","959,170","959,170","-1,34%"
"12.02.2014","972,210","972,210","972,210","972,210","1,54%"
"11.02.2014","957,480","957,480","957,480","957,480","0,77%"
"10.02.2014","950,130","950,130","950,130","950,130","-0,40%"
"07.02.2014","953,910","953,910","953,910","953,910","0,67%"
"06.02.2014","947,520","947,520","947,520","947,520","0,94%"
"05.02.2014","938,650","938,650","938,650","938,650","-0,33%"
"04.02.2014","941,790","941,790","941,790","941,790","-0,90%"
"03.02.2014","950,390","950,390","950,390","950,390","-1,26%"
"31.01.2014","962,540","962,540","962,540","962,540","0,57%"
"30.01.2014","957,070","957,070","957,070","957,070","0,53%"
"29.01.2014","951,980","951,980","951,980","951,980","0,43%"
"28.01.2014","947,900","947,900","947,900","947,900","0,27%"
"27.01.2014","945,380","945,380","945,380","945,380","-1,74%"
"24.01.2014","962,150","962,150","962,150","962,150","-1,42%"
"23.01.2014","976,030","976,030","976,030","976,030","-2,08%"
"22.01.2014","996,770","996,770","996,770","996,770","0,44%"
"21.01.2014","992,430","992,430","992,430","992,430","0,18%"
"20.01.2014","990,640","990,640","990,640","990,640","-0,16%"
"17.01.2014","992,260","992,260","992,260","992,260","0,07%"
"16.01.2014","991,580","991,580","991,580","991,580","-0,39%"
"15.01.2014","995,470","995,470","995,470","995,470","0,93%"
"14.01.2014","986,320","986,320","986,320","986,320","-0,49%"
"13.01.2014","991,170","991,170","991,170","991,170","0,88%"
"10.01.2014","982,540","982,540","982,540","982,540","0,07%"
"09.01.2014","981,890","981,890","981,890","981,890","-0,91%"
"08.01.2014","990,950","990,950","990,950","990,950","0,19%"
"07.01.2014","989,100","989,100","989,100","989,100","0,18%"
"06.01.2014","987,360","987,360","987,360","987,360","-0,96%"
"03.01.2014","996,930","996,930","996,930","996,930","-0,83%"
"02.01.2014","1.005,290","1.005,290","1.005,290","1.005,290","-0,28%"
"01.01.2014","1.008,130","1.008,130","1.008,130","1.008,130","0,00%"
"31.12.2013","1.008,130","1.008,130","1.008,130","1.008,130","0,32%"
"30.12.2013","1.004,910","1.004,910","1.004,910","1.004,910","0,16%"
"27.12.2013","1.003,340","1.003,340","1.003,340","1.003,340","-0,05%"
"26.12.2013","1.003,840","1.003,840","1.003,840","1.003,840","0,00%"
"25.12.2013","1.003,840","1.003,840","1.003,840","1.003,840","0,00%"
"24.12.2013","1.003,840","1.003,840","1.003,840","1.003,840","0,00%"
"23.12.2013","1.003,840","1.003,840","1.003,840","1.003,840","0,23%"
"20.12.2013","1.001,560","1.001,560","1.001,560","1.001,560","-0,01%"
"19.12.2013","1.001,640","1.001,640","1.001,640","1.001,640","0,00%"
"18.12.2013","1.001,640","1.001,640","1.001,640","1.001,640","0,22%"
"17.12.2013","999,460","999,460","999,460","999,460","0,12%"
"16.12.2013","998,240","998,240","998,240","998,240","-0,18%"