"Fecha","Último","Apertura","Máximo","Mínimo","% var."
"31.12.2025","55,371","55,371","55,371","55,371","-0,50%"
"30.12.2025","55,650","55,650","55,650","55,650","0,01%"
"29.12.2025","55,645","55,645","55,645","55,645","-0,17%"
"26.12.2025","55,741","55,741","55,741","55,741","-0,01%"
"24.12.2025","55,745","55,745","55,745","55,745","0,20%"
"23.12.2025","55,635","55,635","55,635","55,423","0,38%"
"22.12.2025","55,423","55,423","55,423","55,423","0,20%"
"19.12.2025","55,314","55,314","55,314","55,314","0,86%"
"18.12.2025","54,840","54,840","54,840","54,840","0,94%"
"17.12.2025","54,332","54,332","54,332","54,332","-0,80%"
"16.12.2025","54,769","54,769","54,769","54,769","-0,42%"
"15.12.2025","55,000","55,000","55,000","55,000","-0,18%"
"12.12.2025","55,097","55,097","55,097","55,097","-0,66%"
"11.12.2025","55,465","55,465","55,465","55,465","-0,54%"
"10.12.2025","55,767","55,767","55,767","55,767","0,45%"
"09.12.2025","55,517","55,517","55,517","55,517","-0,14%"
"08.12.2025","55,598","55,598","55,598","55,598","-0,11%"
"05.12.2025","55,658","55,658","55,658","55,658","0,23%"
"04.12.2025","55,529","55,529","55,529","55,529","0,26%"
"03.12.2025","55,384","55,384","55,384","55,384","-0,09%"
"02.12.2025","55,434","55,434","55,434","55,434","0,38%"
"01.12.2025","55,225","55,225","55,225","55,225","-0,66%"
"28.11.2025","55,592","55,592","55,592","55,592","0,44%"
"27.11.2025","55,351","55,351","55,351","55,351","0,03%"
"26.11.2025","55,336","55,336","55,336","54,985","0,64%"
"25.11.2025","54,985","54,985","54,985","54,652","0,61%"
"24.11.2025","54,652","54,652","54,652","54,652","1,02%"
"21.11.2025","54,099","54,099","54,099","54,099","0,82%"
"20.11.2025","53,657","53,657","53,657","53,657","-0,91%"
"19.11.2025","54,151","54,151","54,151","54,151","0,46%"
"18.11.2025","53,905","53,905","53,905","53,905","-0,97%"
"17.11.2025","54,432","54,432","54,432","54,432","-0,75%"
"14.11.2025","54,843","54,843","54,843","54,843","-0,08%"
"13.11.2025","54,885","54,885","54,885","54,885","-1,67%"
"12.11.2025","55,820","55,820","55,820","55,820","0,25%"
"11.11.2025","55,683","55,683","55,683","55,666","0,03%"
"10.11.2025","55,666","55,666","55,666","55,666","1,62%"
"07.11.2025","54,780","54,780","54,780","54,780","-0,24%"
"06.11.2025","54,912","54,912","54,912","54,912","-1,28%"
"05.11.2025","55,625","55,625","55,625","55,625","0,33%"
"04.11.2025","55,443","55,443","55,889","55,443","-0,80%"
"03.11.2025","55,889","55,889","55,889","55,889","0,26%"
"31.10.2025","55,746","55,746","55,746","55,746","0,40%"
"30.10.2025","55,523","55,523","55,523","55,523","-0,12%"
"29.10.2025","55,590","55,590","55,590","55,590","-0,08%"
"28.10.2025","55,632","55,632","55,632","55,632","-0,03%"
"27.10.2025","55,649","55,649","55,649","55,649","1,00%"
"24.10.2025","55,096","55,096","55,096","55,096","0,54%"
"23.10.2025","54,803","54,803","54,803","54,803","0,47%"
"22.10.2025","54,548","54,548","54,821","54,548","-0,50%"
"21.10.2025","54,821","54,821","54,821","54,642","0,33%"
"20.10.2025","54,642","54,642","54,642","54,642","1,27%"
"17.10.2025","53,959","53,959","53,959","53,860","0,18%"
"16.10.2025","53,860","53,860","53,860","53,860","-0,69%"
"15.10.2025","54,233","54,233","54,233","54,059","0,32%"
"14.10.2025","54,059","54,059","54,059","54,059","-0,47%"
"13.10.2025","54,317","54,317","54,317","54,317","1,30%"
"10.10.2025","53,619","53,619","53,619","53,619","-2,29%"
"09.10.2025","54,874","54,874","54,874","54,874","0,01%"
"08.10.2025","54,868","54,868","54,868","54,868","0,85%"
"07.10.2025","54,407","54,407","54,407","54,407","-0,02%"
"06.10.2025","54,418","54,418","54,418","54,418","0,54%"
"03.10.2025","54,124","54,124","54,124","54,124","0,00%"
"02.10.2025","54,123","54,123","54,123","54,123","0,38%"
"01.10.2025","53,917","53,917","53,917","53,917","0,42%"
"30.09.2025","53,690","53,690","53,690","53,690","0,26%"
"29.09.2025","53,549","53,549","53,549","53,549","0,00%"
"26.09.2025","53,549","53,549","53,549","53,549","0,43%"
"25.09.2025","53,317","53,317","53,317","53,317","-0,01%"
"24.09.2025","53,324","53,324","53,324","53,324","0,07%"
"23.09.2025","53,289","53,289","53,591","53,289","-0,56%"
"22.09.2025","53,591","53,591","53,591","53,591","0,24%"
"19.09.2025","53,461","53,461","53,461","53,201","0,49%"
"18.09.2025","53,201","53,201","53,201","53,201","0,98%"
"17.09.2025","52,687","52,687","52,687","52,687","-0,10%"
"16.09.2025","52,738","52,738","53,202","52,738","-0,87%"
"15.09.2025","53,202","53,202","53,202","53,202","0,23%"
"12.09.2025","53,079","53,079","53,105","53,079","-0,05%"
"11.09.2025","53,105","53,105","53,105","53,105","0,74%"
"10.09.2025","52,713","52,713","52,713","52,713","0,29%"
"09.09.2025","52,563","52,563","52,563","52,563","0,32%"
"08.09.2025","52,393","52,393","52,393","52,393","0,24%"
"05.09.2025","52,266","52,266","52,266","52,266","-0,81%"
"04.09.2025","52,692","52,692","52,692","52,692","0,98%"
"03.09.2025","52,179","52,179","52,179","51,985","0,37%"
"02.09.2025","51,985","51,985","52,190","51,985","-0,39%"
"01.09.2025","52,190","52,190","52,190","52,190","-0,06%"
"29.08.2025","52,224","52,224","52,224","52,224","-0,82%"
"28.08.2025","52,656","52,656","52,656","52,656","-0,20%"
"27.08.2025","52,763","52,763","52,763","52,763","0,61%"
"26.08.2025","52,442","52,442","52,442","52,442","0,40%"
"25.08.2025","52,235","52,235","52,235","52,235","-0,22%"
"22.08.2025","52,349","52,349","52,349","52,041","0,59%"
"21.08.2025","52,041","52,041","52,041","52,041","0,00%"
"20.08.2025","52,039","52,039","52,039","52,039","-0,06%"
"19.08.2025","52,072","52,072","52,072","52,072","-0,44%"
"18.08.2025","52,301","52,301","52,301","52,301","0,32%"
"15.08.2025","52,136","52,136","52,136","52,136","-0,41%"
"14.08.2025","52,351","52,351","52,351","52,351","0,43%"
"13.08.2025","52,128","52,128","52,128","52,128","-0,00%"
"12.08.2025","52,130","52,130","52,130","52,130","0,52%"
"11.08.2025","51,859","51,859","51,859","51,859","0,22%"
"08.08.2025","51,746","51,746","51,746","51,746","0,38%"
"07.08.2025","51,549","51,549","51,549","51,467","0,16%"
"06.08.2025","51,467","51,467","51,467","51,467","0,21%"
"05.08.2025","51,357","51,357","51,357","51,357","-0,24%"
"04.08.2025","51,482","51,482","51,482","51,482","1,16%"
"01.08.2025","50,893","50,893","50,893","50,893","-2,23%"
"31.07.2025","52,056","52,056","52,056","52,056","-0,17%"
"30.07.2025","52,147","52,147","52,147","52,147","0,19%"
"29.07.2025","52,049","52,049","52,049","51,735","0,61%"
"28.07.2025","51,735","51,735","51,735","51,735","0,59%"
"25.07.2025","51,429","51,429","51,429","51,231","0,39%"
"24.07.2025","51,231","51,231","51,259","51,231","-0,06%"
"23.07.2025","51,259","51,259","51,259","51,259","0,90%"
"22.07.2025","50,803","50,803","50,803","50,803","-0,15%"
"21.07.2025","50,881","50,881","50,881","50,881","-0,26%"
"18.07.2025","51,016","51,016","51,215","51,016","-0,39%"
"17.07.2025","51,215","51,215","51,215","51,215","0,69%"
"16.07.2025","50,863","50,863","50,863","50,863","0,30%"
"15.07.2025","50,712","50,712","50,712","50,680","0,06%"
"14.07.2025","50,680","50,680","50,680","50,680","0,20%"
"11.07.2025","50,579","50,579","50,579","50,579","-0,53%"
"10.07.2025","50,850","50,850","50,850","50,850","0,51%"
"09.07.2025","50,594","50,594","50,594","50,594","0,45%"
"08.07.2025","50,367","50,367","50,367","50,235","0,26%"
"07.07.2025","50,235","50,235","50,235","50,235","-0,31%"
"04.07.2025","50,391","50,391","50,391","50,391","-0,26%"
"03.07.2025","50,522","50,522","50,522","50,522","0,80%"
"02.07.2025","50,122","50,122","50,122","49,892","0,46%"
"01.07.2025","49,892","49,892","50,120","49,892","-0,45%"
"30.06.2025","50,120","50,120","50,120","50,120","0,26%"
"27.06.2025","49,988","49,988","49,988","49,988","0,54%"
"26.06.2025","49,718","49,718","49,718","49,657","0,12%"
"25.06.2025","49,657","49,657","49,771","49,657","-0,23%"
"24.06.2025","49,771","49,771","49,771","49,486","0,58%"
"23.06.2025","49,486","49,486","49,486","49,486","0,49%"
"20.06.2025","49,245","49,245","49,512","49,245","-0,54%"
"19.06.2025","49,512","49,512","49,512","49,512","0,03%"
"18.06.2025","49,495","49,495","49,495","49,495","0,10%"
"17.06.2025","49,444","49,444","49,598","49,444","-0,31%"
"16.06.2025","49,598","49,598","49,598","49,598","0,49%"
"13.06.2025","49,357","49,357","49,737","49,357","-0,76%"
"12.06.2025","49,737","49,737","49,977","49,737","-0,48%"
"11.06.2025","49,977","49,977","49,977","49,977","-0,63%"
"10.06.2025","50,295","50,295","50,295","50,295","0,25%"
"09.06.2025","50,169","50,169","50,169","50,169","-0,05%"
"06.06.2025","50,195","50,195","50,195","49,573","1,26%"
"05.06.2025","49,573","49,573","49,857","49,573","-0,57%"
"04.06.2025","49,857","49,857","49,914","49,857","-0,11%"
"03.06.2025","49,914","49,914","49,914","49,558","0,72%"
"02.06.2025","49,558","49,558","49,558","49,558","-0,26%"
"30.05.2025","49,686","49,686","49,686","49,686","0,02%"
"29.05.2025","49,678","49,678","49,678","49,667","0,02%"
"28.05.2025","49,667","49,667","49,797","49,667","-0,26%"
"27.05.2025","49,797","49,797","49,797","48,899","1,84%"
"26.05.2025","48,899","48,899","48,899","48,899","-0,05%"
"23.05.2025","48,925","48,925","49,411","48,925","-0,98%"
"22.05.2025","49,411","49,411","49,411","49,282","0,26%"
"21.05.2025","49,282","49,282","49,282","49,282","-1,67%"
"20.05.2025","50,118","50,118","50,118","50,118","-0,24%"
"19.05.2025","50,237","50,237","50,237","50,237","-0,55%"
"16.05.2025","50,517","50,517","50,517","50,517","0,85%"
"15.05.2025","50,093","50,093","50,093","50,093","0,57%"
"14.05.2025","49,811","49,811","49,811","49,811","-0,25%"
"13.05.2025","49,935","49,935","49,935","49,935","0,33%"
"12.05.2025","49,773","49,773","49,773","49,773","3,67%"
"09.05.2025","48,013","48,013","48,013","48,013","0,20%"
"08.05.2025","47,917","47,917","47,917","47,917","1,09%"
"07.05.2025","47,398","47,398","47,398","47,398","0,06%"
"06.05.2025","47,367","47,367","47,367","47,367","-0,57%"
"05.05.2025","47,638","47,638","47,638","47,638","-0,18%"
"02.05.2025","47,726","47,726","47,726","47,726","0,89%"
"01.05.2025","47,305","47,305","47,305","47,305","0,99%"
"30.04.2025","46,840","46,840","46,840","46,667","0,37%"
"29.04.2025","46,667","46,667","46,667","46,667","0,48%"
"28.04.2025","46,444","46,444","46,444","46,444","0,19%"
"25.04.2025","46,356","46,356","46,356","46,045","0,68%"
"24.04.2025","46,045","46,045","46,045","45,388","1,45%"
"23.04.2025","45,388","45,388","45,388","45,388","2,58%"
"22.04.2025","44,247","44,247","44,247","44,247","2,07%"
"21.04.2025","43,350","43,350","43,350","43,350","-2,70%"
"17.04.2025","44,552","44,552","44,552","44,552","0,45%"
"16.04.2025","44,354","44,354","44,354","44,354","-2,01%"
"15.04.2025","45,265","45,265","45,265","45,265","0,61%"
"14.04.2025","44,992","44,992","44,992","44,992","0,98%"
"11.04.2025","44,557","44,557","44,557","44,557","-0,02%"
"10.04.2025","44,564","44,564","45,669","44,564","-2,42%"
"09.04.2025","45,669","45,669","45,669","43,395","5,24%"
"08.04.2025","43,395","43,395","43,395","43,395","-0,28%"
"07.04.2025","43,516","43,516","43,516","43,516","-1,19%"
"04.04.2025","44,042","44,042","46,223","44,042","-4,72%"
"03.04.2025","46,223","46,223","46,223","46,223","-5,97%"
"02.04.2025","49,156","49,156","49,156","49,156","0,10%"
"01.04.2025","49,108","49,108","49,108","49,108","0,50%"
"31.03.2025","48,863","48,863","48,863","48,863","0,04%"
"28.03.2025","48,845","48,845","48,845","48,845","-1,83%"
"27.03.2025","49,757","49,757","49,757","49,757","-0,48%"
"26.03.2025","49,997","49,997","49,997","49,997","-0,83%"
"25.03.2025","50,416","50,416","50,416","50,416","0,24%"
"24.03.2025","50,295","50,295","50,295","50,295","1,38%"
"21.03.2025","49,609","49,609","49,609","49,609","0,26%"
"20.03.2025","49,480","49,480","49,480","49,480","0,06%"
"19.03.2025","49,452","49,452","49,452","49,452","1,26%"
"18.03.2025","48,836","48,836","48,836","48,836","-0,71%"
"17.03.2025","49,187","49,187","49,187","49,187","0,41%"
"14.03.2025","48,986","48,986","48,986","48,986","1,71%"
"13.03.2025","48,163","48,163","48,163","48,163","-0,60%"
"12.03.2025","48,453","48,453","48,453","48,453","0,60%"
"11.03.2025","48,166","48,166","48,166","48,166","-1,58%"
"10.03.2025","48,940","48,940","48,940","48,940","-2,28%"
"06.03.2025","50,081","50,081","50,081","50,081","-1,72%"
"05.03.2025","50,956","50,956","50,956","50,956","-0,80%"
"04.03.2025","51,368","51,368","51,368","51,368","-1,60%"
"03.03.2025","52,206","52,206","52,206","52,206","-1,72%"
"28.02.2025","53,118","53,118","53,118","53,118","1,14%"
"27.02.2025","52,521","52,521","52,521","52,521","-0,52%"
"26.02.2025","52,792","52,792","52,792","52,792","0,10%"
"25.02.2025","52,742","52,742","52,742","52,742","-0,64%"
"24.02.2025","53,079","53,079","53,079","53,079","-0,52%"
"21.02.2025","53,357","53,357","53,357","53,357","-1,11%"
"20.02.2025","53,957","53,957","53,957","53,957","-0,80%"
"19.02.2025","54,394","54,394","54,394","54,394","0,32%"
"18.02.2025","54,222","54,222","54,222","54,222","0,35%"
"17.02.2025","54,034","54,034","54,034","54,034","0,36%"
"14.02.2025","53,839","53,839","53,839","53,839","-0,58%"
"13.02.2025","54,151","54,151","54,151","54,151","0,62%"
"12.02.2025","53,818","53,818","53,818","53,818","-0,75%"
"10.02.2025","54,227","54,227","54,227","54,227","0,90%"
"07.02.2025","53,746","53,746","53,746","53,746","-0,57%"
"06.02.2025","54,052","54,052","54,052","54,052","0,90%"
"05.02.2025","53,568","53,568","53,568","53,568","0,19%"
"04.02.2025","53,468","53,468","53,468","53,468","0,14%"
"03.02.2025","53,390","53,390","53,390","53,390","-0,25%"
"31.01.2025","53,526","53,526","53,526","53,526","-0,10%"
"30.01.2025","53,580","53,580","53,580","53,580","0,54%"
"29.01.2025","53,290","53,290","53,290","53,290","-0,16%"
"28.01.2025","53,376","53,376","53,376","53,376","1,33%"
"27.01.2025","52,675","52,675","52,675","52,675","-0,96%"
"24.01.2025","53,184","53,184","53,184","53,184","-1,13%"
"23.01.2025","53,790","53,790","53,790","53,790","0,69%"
"22.01.2025","53,420","53,420","53,420","53,420","0,35%"
"21.01.2025","53,231","53,231","53,231","53,231","0,76%"
"20.01.2025","52,830","52,830","52,830","52,830","-0,68%"
"17.01.2025","53,190","53,190","53,190","53,190","0,82%"
"16.01.2025","52,756","52,756","52,756","52,756","0,11%"
"15.01.2025","52,696","52,696","52,696","52,696","1,58%"
"14.01.2025","51,875","51,875","51,875","51,875","-0,74%"
"13.01.2025","52,264","52,264","52,264","52,264","0,37%"
"10.01.2025","52,070","52,070","52,070","52,070","-0,90%"
"09.01.2025","52,545","52,545","52,545","52,545","0,01%"
"08.01.2025","52,540","52,540","52,540","52,540","0,66%"
"07.01.2025","52,195","52,195","52,195","52,195","-0,58%"
"06.01.2025","52,499","52,499","52,499","52,499","0,47%"
"02.01.2025","52,251","52,251","52,251","52,251","0,64%"
"31.12.2024","51,917","51,917","51,917","51,917","-0,05%"
"30.12.2024","51,941","51,941","51,941","51,941","-0,57%"
"27.12.2024","52,239","52,239","52,239","52,239","-0,73%"
"26.12.2024","52,621","52,621","52,621","52,621","-0,14%"
"24.12.2024","52,697","52,697","52,697","52,697","0,86%"
"23.12.2024","52,247","52,247","52,247","52,247","0,66%"
"20.12.2024","51,904","51,904","51,904","51,904","0,55%"
"19.12.2024","51,621","51,621","51,621","51,621","0,24%"
"18.12.2024","51,499","51,499","51,499","51,499","-2,15%"
"17.12.2024","52,632","52,632","52,632","52,632","-0,31%"
"16.12.2024","52,797","52,797","52,797","52,797","0,09%"
"13.12.2024","52,749","52,749","52,749","52,749","-0,37%"
"12.12.2024","52,943","52,943","52,943","52,943","-0,28%"
"11.12.2024","53,089","53,089","53,089","53,089","0,82%"
"10.12.2024","52,659","52,659","52,659","52,659","0,28%"
"09.12.2024","52,510","52,510","52,510","52,510","-0,71%"
"06.12.2024","52,886","52,886","52,886","52,886","0,27%"
"05.12.2024","52,743","52,743","52,743","52,743","-0,44%"
"04.12.2024","52,979","52,979","52,979","52,979","0,40%"
"03.12.2024","52,769","52,769","52,769","52,769","-0,12%"
"02.12.2024","52,832","52,832","52,832","52,832","1,08%"
"29.11.2024","52,266","52,266","52,266","52,266","0,48%"
"28.11.2024","52,019","52,019","52,019","52,019","0,21%"
"27.11.2024","51,911","51,911","51,911","51,911","-0,90%"
"26.11.2024","52,380","52,380","52,380","52,380","0,28%"
"25.11.2024","52,234","52,234","52,234","52,234","0,97%"
"21.11.2024","51,731","51,731","51,731","51,731","0,66%"
"20.11.2024","51,394","51,394","51,394","51,394","0,46%"
"19.11.2024","51,157","51,157","51,157","51,157","0,25%"
"18.11.2024","51,032","51,032","51,032","51,032","0,05%"
"15.11.2024","51,006","51,006","51,006","51,006","-0,72%"
"14.11.2024","51,376","51,376","51,376","51,376","-0,25%"
"13.11.2024","51,506","51,506","51,506","51,506","0,03%"
"12.11.2024","51,491","51,491","51,491","51,491","-0,22%"
"11.11.2024","51,602","51,602","51,602","51,602","1,06%"
"08.11.2024","51,063","51,063","51,063","51,063","0,70%"
"07.11.2024","50,707","50,707","50,707","50,707","0,26%"
"06.11.2024","50,575","50,575","50,575","50,575","3,15%"
"05.11.2024","49,032","49,032","49,032","49,032","0,98%"
"04.11.2024","48,556","48,556","48,556","48,556","-0,56%"
"01.11.2024","48,831","48,831","48,831","48,831","0,42%"
"31.10.2024","48,625","48,625","48,625","48,625","-1,58%"
"30.10.2024","49,405","49,405","49,405","49,405","-0,90%"
"29.10.2024","49,855","49,855","49,855","49,855","0,27%"
"28.10.2024","49,721","49,721","49,721","49,721","0,41%"
"25.10.2024","49,518","49,518","49,518","49,518","-0,35%"
"24.10.2024","49,692","49,692","49,692","49,692","0,05%"
"23.10.2024","49,666","49,666","49,666","49,666","-0,58%"
"22.10.2024","49,957","49,957","49,957","49,957","-0,01%"
"21.10.2024","49,961","49,961","49,961","49,961","-0,13%"
"18.10.2024","50,027","50,027","50,027","50,027","0,14%"
"17.10.2024","49,959","49,959","49,959","49,959","0,55%"
"16.10.2024","49,688","49,688","49,688","49,688","0,40%"
"15.10.2024","49,488","49,488","49,488","49,488","-0,55%"
"14.10.2024","49,764","49,764","49,764","49,764","0,84%"
"11.10.2024","49,348","49,348","49,348","49,348","0,38%"
"10.10.2024","49,161","49,161","49,161","49,161","0,09%"
"09.10.2024","49,116","49,116","49,116","49,116","0,80%"
"08.10.2024","48,727","48,727","48,727","48,727","0,47%"
"07.10.2024","48,498","48,498","48,498","48,498","-0,59%"
"04.10.2024","48,785","48,785","48,785","48,785","1,06%"
"03.10.2024","48,272","48,272","48,272","48,272","-0,11%"
"02.10.2024","48,326","48,326","48,326","48,326","0,16%"
"01.10.2024","48,246","48,246","48,246","48,246","-0,03%"
"30.09.2024","48,260","48,260","48,260","48,260","0,06%"
"27.09.2024","48,232","48,232","48,232","48,232","0,12%"
"26.09.2024","48,175","48,175","48,175","48,175","0,35%"
"24.09.2024","48,006","48,006","48,006","48,006","0,21%"
"23.09.2024","47,906","47,906","47,906","47,906","0,41%"
"20.09.2024","47,709","47,709","47,709","47,709","-0,47%"
"19.09.2024","47,934","47,934","47,934","47,934","1,55%"
"18.09.2024","47,201","47,201","47,201","47,201","-0,24%"
"17.09.2024","47,314","47,314","47,314","47,314","-0,01%"
"16.09.2024","47,318","47,318","47,318","47,318","-0,14%"
"13.09.2024","47,387","47,387","47,387","47,387","0,22%"
"12.09.2024","47,283","47,283","47,283","47,283","0,65%"
"11.09.2024","46,979","46,979","46,979","46,979","0,82%"
"10.09.2024","46,596","46,596","46,596","46,596","0,39%"
"09.09.2024","46,416","46,416","46,416","46,416","1,50%"
"06.09.2024","45,729","45,729","45,729","45,729","-1,73%"
"05.09.2024","46,535","46,535","46,535","46,535","-0,23%"
"04.09.2024","46,642","46,642","46,642","46,642","-0,87%"
"03.09.2024","47,051","47,051","47,051","47,051","-1,50%"
"02.09.2024","47,767","47,767","47,767","47,767","-0,05%"
"30.08.2024","47,792","47,792","47,792","47,792","0,82%"
"29.08.2024","47,403","47,403","47,403","47,403","0,57%"
"28.08.2024","47,134","47,134","47,134","47,134","-0,11%"
"27.08.2024","47,188","47,188","47,188","47,188","0,24%"
"26.08.2024","47,075","47,075","47,075","47,075","-0,19%"
"23.08.2024","47,164","47,164","47,164","47,164","0,58%"
"22.08.2024","46,892","46,892","46,892","46,892","-0,53%"
"21.08.2024","47,143","47,143","47,143","47,143","0,30%"
"20.08.2024","47,005","47,005","47,005","47,005","-0,49%"
"19.08.2024","47,236","47,236","47,236","47,236","0,28%"
"16.08.2024","47,102","47,102","47,102","47,102","0,39%"
"15.08.2024","46,917","46,917","46,917","46,917","1,80%"
"14.08.2024","46,086","46,086","46,086","46,086","-0,13%"
"13.08.2024","46,148","46,148","46,148","46,148","1,39%"
"12.08.2024","45,516","45,516","45,516","45,516","-0,11%"
"09.08.2024","45,567","45,567","45,567","45,567","0,40%"
"08.08.2024","45,387","45,387","45,387","45,387","1,94%"
"07.08.2024","44,525","44,525","44,525","44,525","-0,24%"
"06.08.2024","44,631","44,631","44,631","44,631","1,57%"
"05.08.2024","43,943","43,943","43,943","43,943","-3,58%"
"02.08.2024","45,574","45,574","45,574","45,574","-3,13%"
"01.08.2024","47,047","47,047","47,047","47,047","-1,23%"
"31.07.2024","47,634","47,634","47,634","47,634","1,48%"
"30.07.2024","46,939","46,939","46,939","46,939","-0,24%"
"29.07.2024","47,053","47,053","47,053","47,053","0,44%"
"26.07.2024","46,847","46,847","46,847","46,847","0,95%"
"25.07.2024","46,406","46,406","46,406","46,406","-0,73%"
"24.07.2024","46,746","46,746","46,746","46,746","-1,89%"
"23.07.2024","47,646","47,646","47,646","47,646","0,26%"
"22.07.2024","47,524","47,524","47,524","47,524","0,92%"
"19.07.2024","47,091","47,091","47,091","47,091","-0,50%"
"18.07.2024","47,327","47,327","47,327","47,327","-0,61%"
"17.07.2024","47,619","47,619","47,619","47,619","-1,45%"
"16.07.2024","48,320","48,320","48,320","48,320","0,72%"
"15.07.2024","47,975","47,975","47,975","47,975","-0,01%"
"12.07.2024","47,979","47,979","47,979","47,979","0,31%"
"11.07.2024","47,831","47,831","47,831","47,831","-0,70%"
"10.07.2024","48,168","48,168","48,168","48,168","0,88%"
"09.07.2024","47,746","47,746","47,746","47,746","0,08%"
"08.07.2024","47,710","47,710","47,710","47,710","-0,04%"
"05.07.2024","47,728","47,728","47,728","47,728","0,17%"
"04.07.2024","47,645","47,645","47,645","47,645","0,17%"
"03.07.2024","47,565","47,565","47,565","47,565","0,13%"
"02.07.2024","47,505","47,505","47,505","47,505","0,37%"
"01.07.2024","47,329","47,329","47,329","47,329","0,13%"
"28.06.2024","47,268","47,268","47,268","47,268","-0,32%"
"27.06.2024","47,420","47,420","47,420","47,420","-0,24%"
"26.06.2024","47,533","47,533","47,533","47,533","0,17%"
"25.06.2024","47,453","47,453","47,453","47,453","0,61%"
"24.06.2024","47,167","47,167","47,167","47,167","-0,36%"
"20.06.2024","47,339","47,339","47,339","47,339","0,13%"
"19.06.2024","47,277","47,277","47,277","47,277","-0,06%"
"18.06.2024","47,307","47,307","47,307","47,307","0,20%"
"17.06.2024","47,211","47,211","47,211","47,211","0,20%"
"14.06.2024","47,117","47,117","47,117","47,117","0,44%"
"13.06.2024","46,909","46,909","46,909","46,909","0,37%"
"12.06.2024","46,737","46,737","46,737","46,737","-0,11%"
"11.06.2024","46,789","46,789","46,789","46,789","0,04%"
"10.06.2024","46,770","46,770","46,770","46,770","0,83%"
"07.06.2024","46,385","46,385","46,385","46,385","0,30%"
"06.06.2024","46,245","46,245","46,245","46,245","0,08%"
"05.06.2024","46,206","46,206","46,206","46,206","0,99%"
"04.06.2024","45,755","45,755","45,755","45,755","-0,07%"
"03.06.2024","45,788","45,788","45,788","45,788","0,11%"
"31.05.2024","45,736","45,736","45,736","45,736","0,54%"
"30.05.2024","45,488","45,488","45,488","45,488","-0,47%"
"29.05.2024","45,704","45,704","45,704","45,704","-0,44%"
"28.05.2024","45,905","45,905","45,905","45,905","-0,24%"
"27.05.2024","46,016","46,016","46,016","46,016","0,06%"
"24.05.2024","45,988","45,988","45,988","45,988","0,29%"
"23.05.2024","45,856","45,856","45,856","45,856","-0,49%"
"22.05.2024","46,082","46,082","46,082","46,082","-0,17%"
"21.05.2024","46,161","46,161","46,161","46,161","0,14%"
"20.05.2024","46,098","46,098","46,098","46,098","0,20%"
"17.05.2024","46,007","46,007","46,007","46,007","0,12%"
"16.05.2024","45,950","45,950","45,950","45,950","-0,21%"
"15.05.2024","46,046","46,046","46,046","46,046","0,80%"
"14.05.2024","45,679","45,679","45,679","45,679","0,22%"
"13.05.2024","45,578","45,578","45,578","45,578","-0,32%"
"10.05.2024","45,723","45,723","45,723","45,723","0,38%"
"09.05.2024","45,548","45,548","45,548","45,548","0,24%"
"08.05.2024","45,437","45,437","45,437","45,437","0,09%"
"07.05.2024","45,395","45,395","45,395","45,395","0,34%"
"06.05.2024","45,240","45,240","45,240","45,240","0,77%"
"03.05.2024","44,895","44,895","44,895","44,895","0,46%"
"02.05.2024","44,690","44,690","44,690","44,690","0,81%"
"01.05.2024","44,332","44,332","44,332","44,332","-0,25%"
"30.04.2024","44,444","44,444","44,444","44,444","-1,04%"
"29.04.2024","44,912","44,912","44,912","44,912","0,06%"
"26.04.2024","44,886","44,886","44,886","44,886","1,19%"
"25.04.2024","44,360","44,360","44,360","44,360","-0,72%"
"24.04.2024","44,683","44,683","44,683","44,683","0,12%"
"23.04.2024","44,631","44,631","44,631","44,631","0,74%"
"22.04.2024","44,304","44,304","44,304","44,304","1,07%"
"19.04.2024","43,835","43,835","43,835","43,835","-0,88%"
"18.04.2024","44,223","44,223","44,223","44,223","-0,21%"
"17.04.2024","44,314","44,314","44,314","44,314","-0,53%"
"16.04.2024","44,551","44,551","44,551","44,551","-0,66%"
"15.04.2024","44,846","44,846","44,846","44,846","-1,01%"
"12.04.2024","45,303","45,303","45,303","45,303","-0,42%"
"11.04.2024","45,495","45,495","45,495","45,495","0,79%"
"10.04.2024","45,136","45,136","45,136","45,136","0,01%"
"09.04.2024","45,132","45,132","45,132","45,132","0,07%"
"08.04.2024","45,101","45,101","45,101","45,101","-0,14%"
"05.04.2024","45,163","45,163","45,163","45,163","0,89%"
"04.04.2024","44,765","44,765","44,765","44,765","-1,04%"
"03.04.2024","45,237","45,237","45,237","45,237","-0,34%"
"02.04.2024","45,390","45,390","45,390","45,390","-0,82%"
"01.04.2024","45,765","45,765","45,765","45,765","0,17%"
"28.03.2024","45,688","45,688","45,688","45,688","0,24%"
"27.03.2024","45,579","45,579","45,579","45,579","0,75%"
"26.03.2024","45,239","45,239","45,239","45,239","-0,09%"
"25.03.2024","45,279","45,279","45,279","45,279","-0,42%"
"22.03.2024","45,470","45,470","45,470","45,470","0,23%"
"21.03.2024","45,367","45,367","45,367","45,367","0,52%"
"20.03.2024","45,130","45,130","45,130","45,130","0,69%"
"19.03.2024","44,820","44,820","44,820","44,820","0,62%"
"18.03.2024","44,543","44,543","44,543","44,543","0,50%"
"15.03.2024","44,323","44,323","44,323","44,323","-0,57%"
"14.03.2024","44,577","44,577","44,577","44,577","0,18%"
"13.03.2024","44,496","44,496","44,496","44,496","-0,26%"
"12.03.2024","44,613","44,613","44,613","44,613","0,99%"
"11.03.2024","44,177","44,177","44,177","44,177","-0,09%"
"08.03.2024","44,218","44,218","44,218","44,218","-0,65%"
"07.03.2024","44,508","44,508","44,508","44,508","0,90%"
"06.03.2024","44,109","44,109","44,109","44,109","0,27%"
"05.03.2024","43,991","43,991","43,991","43,991","-0,87%"
"04.03.2024","44,376","44,376","44,376","44,376","-0,31%"
"01.03.2024","44,514","44,514","44,514","44,514","0,69%"
"29.02.2024","44,211","44,211","44,211","44,211","0,48%"
"27.02.2024","44,001","44,001","44,001","44,001","0,22%"
"26.02.2024","43,903","43,903","43,903","43,903","-0,52%"
"23.02.2024","44,134","44,134","44,134","44,134","0,03%"
"22.02.2024","44,123","44,123","44,123","44,123","1,73%"
"21.02.2024","43,374","43,374","43,374","43,374","0,11%"
"20.02.2024","43,328","43,328","43,328","43,328","-0,89%"
"19.02.2024","43,718","43,718","43,718","43,718","0,09%"
"16.02.2024","43,680","43,680","43,680","43,680","-0,22%"
"15.02.2024","43,776","43,776","43,776","43,776","0,37%"
"14.02.2024","43,615","43,615","43,615","43,615","0,76%"
"13.02.2024","43,286","43,286","43,286","43,286","-0,77%"
"12.02.2024","43,623","43,623","43,623","43,623","0,16%"
"09.02.2024","43,552","43,552","43,552","43,552","0,25%"
"08.02.2024","43,444","43,444","43,444","43,444","-0,00%"
"07.02.2024","43,446","43,446","43,446","43,446","0,51%"
"06.02.2024","43,227","43,227","43,227","43,227","0,17%"
"05.02.2024","43,154","43,154","43,154","43,154","0,23%"
"02.02.2024","43,056","43,056","43,056","43,056","0,95%"
"01.02.2024","42,651","42,651","42,651","42,651","0,99%"
"31.01.2024","42,234","42,234","42,234","42,234","-1,21%"
"30.01.2024","42,750","42,750","42,750","42,750","-0,33%"
"29.01.2024","42,893","42,893","42,893","42,893","1,22%"
"26.01.2024","42,376","42,376","42,376","42,376","-0,17%"
"25.01.2024","42,450","42,450","42,450","42,450","0,93%"
"24.01.2024","42,057","42,057","42,057","42,057","-0,24%"
"23.01.2024","42,157","42,157","42,157","42,157","0,55%"
"22.01.2024","41,928","41,928","41,928","41,928","0,41%"
"19.01.2024","41,756","41,756","41,756","41,756","0,73%"
"18.01.2024","41,452","41,452","41,452","41,452","0,72%"
"17.01.2024","41,158","41,158","41,158","41,158","-0,56%"
"16.01.2024","41,391","41,391","41,391","41,391","0,07%"
"15.01.2024","41,361","41,361","41,361","41,361","0,04%"
"12.01.2024","41,346","41,346","41,346","41,346","0,18%"
"11.01.2024","41,273","41,273","41,273","41,273","0,07%"
"09.01.2024","41,243","41,243","41,243","41,243","0,29%"
"08.01.2024","41,125","41,125","41,125","41,125","1,12%"
"05.01.2024","40,669","40,669","40,669","40,669","-0,00%"
"04.01.2024","40,669","40,669","40,669","40,669","-0,50%"
"03.01.2024","40,875","40,875","40,875","40,875","-0,60%"
"02.01.2024","41,121","41,121","41,121","41,121","0,19%"
"29.12.2023","41,042","41,042","41,042","41,042","0,26%"
"28.12.2023","40,937","40,937","40,937","40,937","0,09%"
"27.12.2023","40,902","40,902","40,902","40,902","-0,29%"
"26.12.2023","41,020","41,020","41,020","41,020","0,20%"
"22.12.2023","40,938","40,938","40,938","40,938","0,02%"
"21.12.2023","40,928","40,928","40,928","40,928","0,61%"
"20.12.2023","40,682","40,682","40,682","40,682","-0,89%"
"19.12.2023","41,045","41,045","41,045","41,045","0,05%"
"18.12.2023","41,025","41,025","41,025","41,025","0,17%"
"15.12.2023","40,955","40,955","40,955","40,955","0,64%"
"14.12.2023","40,696","40,696","40,696","40,696","-0,93%"
"13.12.2023","41,077","41,077","41,077","41,077","0,97%"
"12.12.2023","40,681","40,681","40,681","40,681","0,02%"
"11.12.2023","40,674","40,674","40,674","40,674","0,53%"
"08.12.2023","40,461","40,461","40,461","40,461","0,47%"
"07.12.2023","40,272","40,272","40,272","40,272","0,56%"
"06.12.2023","40,046","40,046","40,046","40,046","0,11%"
"05.12.2023","40,001","40,001","40,001","40,001","-0,01%"
"04.12.2023","40,007","40,007","40,007","40,007","-0,28%"
"01.12.2023","40,118","40,118","40,118","40,118","1,27%"
"30.11.2023","39,613","39,613","39,613","39,613","0,93%"
"29.11.2023","39,250","39,250","39,250","39,250","0,11%"
"28.11.2023","39,207","39,207","39,207","39,207","-0,29%"
"27.11.2023","39,323","39,323","39,323","39,323","-0,15%"
"24.11.2023","39,384","39,384","39,384","39,384","-0,06%"
"23.11.2023","39,407","39,407","39,407","39,407","-0,26%"
"22.11.2023","39,510","39,510","39,510","39,510","0,79%"
"21.11.2023","39,200","39,200","39,200","39,200","-0,12%"
"20.11.2023","39,247","39,247","39,247","39,247","0,19%"
"17.11.2023","39,172","39,172","39,172","39,172","0,32%"
"16.11.2023","39,046","39,046","39,046","39,046","-0,16%"
"15.11.2023","39,108","39,108","39,108","39,108","0,15%"
"14.11.2023","39,050","39,050","39,050","39,050","0,65%"
"13.11.2023","38,796","38,796","38,796","38,796","-0,05%"
"10.11.2023","38,815","38,815","38,815","38,815","1,19%"
"09.11.2023","38,359","38,359","38,359","38,359","-0,39%"
"08.11.2023","38,511","38,511","38,511","38,511","-0,16%"
"07.11.2023","38,574","38,574","38,574","38,574","0,49%"
"06.11.2023","38,387","38,387","38,387","38,387","0,05%"
"03.11.2023","38,369","38,369","38,369","38,369","0,06%"
"02.11.2023","38,345","38,345","38,345","38,345","1,19%"
"01.11.2023","37,894","37,894","37,894","37,894","1,36%"
"31.10.2023","37,385","37,385","37,385","37,385","0,88%"
"30.10.2023","37,059","37,059","37,059","37,059","0,56%"
"27.10.2023","36,854","36,854","36,854","36,854","-0,66%"
"26.10.2023","37,101","37,101","37,101","37,101","-0,72%"
"25.10.2023","37,368","37,368","37,368","37,368","-0,94%"
"24.10.2023","37,724","37,724","37,724","37,724","0,84%"
"23.10.2023","37,411","37,411","37,411","37,411","-0,54%"
"20.10.2023","37,616","37,616","37,616","37,616","-1,35%"
"19.10.2023","38,132","38,132","38,132","38,132","-1,25%"
"18.10.2023","38,613","38,613","38,613","38,613","-0,92%"
"17.10.2023","38,970","38,970","38,970","38,970","-0,14%"
"16.10.2023","39,025","39,025","39,025","39,025","0,37%"
"13.10.2023","38,881","38,881","38,881","38,881","-0,27%"
"12.10.2023","38,986","38,986","38,986","38,986","0,11%"
"11.10.2023","38,942","38,942","38,942","38,942","0,16%"
"10.10.2023","38,881","38,881","38,881","38,881","0,53%"
"09.10.2023","38,678","38,678","38,678","38,678","1,36%"
"05.10.2023","38,157","38,157","38,157","38,157","-0,15%"
"04.10.2023","38,215","38,215","38,215","38,215","0,23%"
"03.10.2023","38,128","38,128","38,128","38,128","-1,21%"
"02.10.2023","38,597","38,597","38,597","38,597","0,41%"
"29.09.2023","38,440","38,440","38,440","38,440","-0,32%"
"28.09.2023","38,564","38,564","38,564","38,564","0,10%"
"27.09.2023","38,525","38,525","38,525","38,525","0,55%"
"26.09.2023","38,315","38,315","38,315","38,315","-1,27%"
"25.09.2023","38,807","38,807","38,807","38,807","0,75%"
"22.09.2023","38,517","38,517","38,517","38,517","-0,20%"
"21.09.2023","38,592","38,592","38,592","38,592","-1,16%"
"20.09.2023","39,046","39,046","39,046","39,046","-0,77%"
"19.09.2023","39,349","39,349","39,349","39,349","-0,30%"
"18.09.2023","39,468","39,468","39,468","39,468","-0,25%"
"15.09.2023","39,565","39,565","39,565","39,565","-0,74%"
"14.09.2023","39,860","39,860","39,860","39,860","1,58%"
"13.09.2023","39,239","39,239","39,239","39,239","-0,20%"
"12.09.2023","39,317","39,317","39,317","39,317","-0,15%"
"11.09.2023","39,377","39,377","39,377","39,377","0,41%"
"08.09.2023","39,217","39,217","39,217","39,217","-0,03%"
"07.09.2023","39,229","39,229","39,229","39,229","-0,25%"
"06.09.2023","39,329","39,329","39,329","39,329","-0,59%"
"05.09.2023","39,561","39,561","39,561","39,561","0,16%"
"04.09.2023","39,498","39,498","39,498","39,498","0,23%"
"01.09.2023","39,409","39,409","39,409","39,409","0,55%"
"31.08.2023","39,194","39,194","39,194","39,194","0,53%"
"30.08.2023","38,989","38,989","38,989","38,989","-0,37%"
"29.08.2023","39,132","39,132","39,132","39,132","1,14%"
"28.08.2023","38,690","38,690","38,690","38,690","0,48%"
"25.08.2023","38,504","38,504","38,504","38,504","0,85%"
"24.08.2023","38,179","38,179","38,179","38,179","-1,00%"
"23.08.2023","38,565","38,565","38,565","38,565","1,02%"
"22.08.2023","38,176","38,176","38,176","38,176","0,29%"
"21.08.2023","38,064","38,064","38,064","38,064","0,27%"
"18.08.2023","37,962","37,962","37,962","37,962","0,05%"
"17.08.2023","37,942","37,942","37,942","37,942","-0,69%"
"16.08.2023","38,205","38,205","38,205","38,205","-0,41%"
"15.08.2023","38,362","38,362","38,362","38,362","-1,27%"
"14.08.2023","38,856","38,856","38,856","38,856","0,77%"
"11.08.2023","38,560","38,560","38,560","38,560","0,03%"
"10.08.2023","38,550","38,550","38,550","38,550","-0,01%"
"09.08.2023","38,553","38,553","38,553","38,553","-0,73%"
"08.08.2023","38,835","38,835","38,835","38,835","-0,00%"
"07.08.2023","38,837","38,837","38,837","38,837","0,76%"
"04.08.2023","38,545","38,545","38,545","38,545","-0,93%"
"03.08.2023","38,909","38,909","38,909","38,909","-0,38%"
"02.08.2023","39,057","39,057","39,057","39,057","-1,11%"
"01.08.2023","39,497","39,497","39,497","39,497","-0,09%"
"31.07.2023","39,532","39,532","39,532","39,532","0,30%"
"28.07.2023","39,414","39,414","39,414","39,414","0,38%"
"27.07.2023","39,266","39,266","39,266","39,266","0,33%"
"26.07.2023","39,138","39,138","39,138","39,138","-0,20%"
"25.07.2023","39,216","39,216","39,216","39,216","0,58%"
"24.07.2023","38,989","38,989","38,989","38,989","0,60%"
"21.07.2023","38,757","38,757","38,757","38,757","0,27%"
"20.07.2023","38,652","38,652","38,652","38,652","-0,26%"
"19.07.2023","38,752","38,752","38,752","38,752","0,64%"
"18.07.2023","38,507","38,507","38,507","38,507","0,65%"
"17.07.2023","38,259","38,259","38,259","38,259","0,22%"
"14.07.2023","38,176","38,176","38,176","38,176","-0,48%"
"13.07.2023","38,362","38,362","38,362","38,362","0,43%"
"12.07.2023","38,198","38,198","38,198","38,198","-0,03%"
"11.07.2023","38,210","38,210","38,210","38,210","0,65%"
"10.07.2023","37,965","37,965","37,965","37,965","-0,04%"
"07.07.2023","37,978","37,978","37,978","37,978","-0,80%"
"06.07.2023","38,285","38,285","38,285","38,285","-1,16%"
"05.07.2023","38,734","38,734","38,734","38,734","-0,06%"
"04.07.2023","38,755","38,755","38,755","38,755","0,03%"
"03.07.2023","38,743","38,743","38,743","38,743","0,22%"
"30.06.2023","38,659","38,659","38,659","38,659","0,92%"
"29.06.2023","38,305","38,305","38,305","38,305","0,44%"
"28.06.2023","38,139","38,139","38,139","38,139","0,53%"
"27.06.2023","37,938","37,938","37,938","37,938","0,58%"
"26.06.2023","37,719","37,719","37,719","37,719","-0,50%"
"23.06.2023","37,907","37,907","37,907","37,907","-0,25%"
"22.06.2023","38,001","38,001","38,001","38,001","0,05%"
"21.06.2023","37,983","37,983","37,983","37,983","-0,88%"
"20.06.2023","38,319","38,319","38,319","38,319","-0,32%"
"19.06.2023","38,443","38,443","38,443","38,443","-0,23%"
"16.06.2023","38,533","38,533","38,533","38,533","-0,26%"
"15.06.2023","38,632","38,632","38,632","38,632","0,39%"
"14.06.2023","38,483","38,483","38,483","38,483","-0,13%"
"13.06.2023","38,533","38,533","38,533","38,533","0,31%"
"12.06.2023","38,415","38,415","38,415","38,415","0,80%"
"09.06.2023","38,112","38,112","38,112","38,112","0,25%"
"08.06.2023","38,017","38,017","38,017","38,017","-0,04%"
"07.06.2023","38,031","38,031","38,031","38,031","-0,55%"
"06.06.2023","38,242","38,242","38,242","38,242","0,47%"
"05.06.2023","38,064","38,064","38,064","38,064","0,02%"
"02.06.2023","38,055","38,055","38,055","38,055","1,53%"
"01.06.2023","37,480","37,480","37,480","37,480","0,47%"
"31.05.2023","37,306","37,306","37,306","37,306","-0,26%"
"30.05.2023","37,403","37,403","37,403","37,403","-0,32%"
"29.05.2023","37,523","37,523","37,523","37,523","0,05%"
"26.05.2023","37,505","37,505","37,505","37,505","1,33%"
"25.05.2023","37,012","37,012","37,012","37,012","0,61%"
"24.05.2023","36,786","36,786","36,786","36,786","-0,85%"
"23.05.2023","37,100","37,100","37,100","37,100","-0,82%"
"22.05.2023","37,407","37,407","37,407","37,407","0,01%"
"19.05.2023","37,401","37,401","37,401","37,401","-0,07%"
"18.05.2023","37,425","37,425","37,425","37,425","1,18%"
"17.05.2023","36,989","36,989","36,989","36,989","1,11%"
"16.05.2023","36,584","36,584","36,584","36,584","-0,61%"
"15.05.2023","36,808","36,808","36,808","36,808","0,35%"
"12.05.2023","36,679","36,679","36,679","36,679","0,34%"
"11.05.2023","36,556","36,556","36,556","36,556","0,25%"
"10.05.2023","36,466","36,466","36,466","36,466","0,12%"
"09.05.2023","36,424","36,424","36,424","36,424","0,12%"
"08.05.2023","36,380","36,380","36,380","36,380","0,13%"
"05.05.2023","36,332","36,332","36,332","36,332","1,50%"
"04.05.2023","35,795","35,795","35,795","35,795","-0,12%"
"03.05.2023","35,838","35,838","35,838","35,838","-0,90%"
"02.05.2023","36,164","36,164","36,164","36,164","-1,06%"
"01.05.2023","36,550","36,550","36,550","36,550","0,46%"
"28.04.2023","36,382","36,382","36,382","36,382","0,47%"
"27.04.2023","36,213","36,213","36,213","36,213","1,61%"
"26.04.2023","35,638","35,638","35,638","35,638","-0,94%"
"25.04.2023","35,976","35,976","35,976","35,976","-0,84%"
"24.04.2023","36,280","36,280","36,280","36,280","-0,35%"
"21.04.2023","36,407","36,407","36,407","36,407","0,07%"
"20.04.2023","36,383","36,383","36,383","36,383","-0,56%"
"19.04.2023","36,588","36,588","36,588","36,588","-0,05%"
"18.04.2023","36,607","36,607","36,607","36,607","-0,12%"
"17.04.2023","36,649","36,649","36,649","36,649","0,89%"
"14.04.2023","36,325","36,325","36,325","36,325","0,24%"
"13.04.2023","36,236","36,236","36,236","36,236","0,58%"
"12.04.2023","36,029","36,029","36,029","36,029","-0,64%"
"11.04.2023","36,262","36,262","36,262","36,262","-0,28%"
"10.04.2023","36,365","36,365","36,365","36,365","0,64%"
"06.04.2023","36,135","36,135","36,135","36,135","0,13%"
"05.04.2023","36,089","36,089","36,089","36,089","0,09%"
"04.04.2023","36,057","36,057","36,057","36,057","-1,03%"
"03.04.2023","36,431","36,431","36,431","36,431","0,22%"
"31.03.2023","36,350","36,350","36,350","36,350","1,66%"
"30.03.2023","35,755","35,755","35,755","35,755","0,05%"
"29.03.2023","35,736","35,736","35,736","35,736","1,32%"
"28.03.2023","35,271","35,271","35,271","35,271","-0,40%"
"27.03.2023","35,413","35,413","35,413","35,413","0,19%"
"24.03.2023","35,346","35,346","35,346","35,346","0,98%"
"23.03.2023","35,002","35,002","35,002","35,002","-0,45%"
"22.03.2023","35,160","35,160","35,160","35,160","-1,13%"
"21.03.2023","35,562","35,562","35,562","35,562","0,80%"
"20.03.2023","35,282","35,282","35,282","35,282","0,12%"
"17.03.2023","35,240","35,240","35,240","35,240","-1,05%"
"16.03.2023","35,612","35,612","35,612","35,612","0,71%"
"15.03.2023","35,363","35,363","35,363","35,363","0,43%"
"14.03.2023","35,212","35,212","35,212","35,212","1,26%"
"13.03.2023","34,775","34,775","34,775","34,775","-0,92%"
"10.03.2023","35,099","35,099","35,099","35,099","-2,36%"
"09.03.2023","35,946","35,946","35,946","35,946","-1,37%"
"08.03.2023","36,445","36,445","36,445","36,445","0,34%"
"07.03.2023","36,321","36,321","36,321","36,321","-0,57%"
"06.03.2023","36,529","36,529","36,529","36,529","-0,52%"
"03.03.2023","36,720","36,720","36,720","36,720","1,50%"
"02.03.2023","36,179","36,179","36,179","36,179","1,07%"
"01.03.2023","35,795","35,795","35,795","35,795","-0,85%"
"28.02.2023","36,104","36,104","36,104","36,104","-0,35%"
"24.02.2023","36,230","36,230","36,230","36,230","-0,55%"
"23.02.2023","36,430","36,430","36,430","36,430","0,56%"
"22.02.2023","36,226","36,226","36,226","36,226","0,17%"
"21.02.2023","36,165","36,165","36,165","36,165","-1,50%"
"20.02.2023","36,717","36,717","36,717","36,717","-0,10%"
"17.02.2023","36,755","36,755","36,755","36,755","-0,29%"
"16.02.2023","36,861","36,861","36,861","36,861","-0,84%"
"15.02.2023","37,173","37,173","37,173","37,173","0,51%"
"14.02.2023","36,983","36,983","36,983","36,983","0,11%"
"13.02.2023","36,943","36,943","36,943","36,943","0,54%"
"10.02.2023","36,745","36,745","36,745","36,745","0,57%"
"09.02.2023","36,535","36,535","36,535","36,535","-0,75%"
"08.02.2023","36,810","36,810","36,810","36,810","-0,95%"
"07.02.2023","37,163","37,163","37,163","37,163","1,33%"
"06.02.2023","36,674","36,674","36,674","36,674","0,20%"
"03.02.2023","36,600","36,600","36,600","36,600","-0,19%"
"02.02.2023","36,670","36,670","36,670","36,670","1,18%"
"01.02.2023","36,244","36,244","36,244","36,244","0,33%"
"31.01.2023","36,124","36,124","36,124","36,124","1,02%"
"30.01.2023","35,758","35,758","35,758","35,758","-1,22%"
"27.01.2023","36,200","36,200","36,200","36,200","0,42%"
"26.01.2023","36,047","36,047","36,047","36,047","1,21%"
"25.01.2023","35,616","35,616","35,616","35,616","-0,22%"
"24.01.2023","35,694","35,694","35,694","35,694","-0,06%"
"23.01.2023","35,715","35,715","35,715","35,715","0,77%"
"20.01.2023","35,441","35,441","35,441","35,441","1,10%"
"19.01.2023","35,054","35,054","35,054","35,054","-0,65%"
"18.01.2023","35,284","35,284","35,284","35,284","-1,11%"
"17.01.2023","35,680","35,680","35,680","35,680","0,24%"
"16.01.2023","35,594","35,594","35,594","35,594","0,04%"
"13.01.2023","35,579","35,579","35,579","35,579","0,37%"
"12.01.2023","35,447","35,447","35,447","35,447","0,22%"
"11.01.2023","35,371","35,371","35,371","35,371","0,87%"
"10.01.2023","35,066","35,066","35,066","35,066","0,43%"
"09.01.2023","34,917","34,917","34,917","34,917","-0,78%"
"06.01.2023","35,192","35,192","35,192","35,192","1,33%"
"05.01.2023","34,732","34,732","34,732","34,732","-0,33%"
"04.01.2023","34,847","34,847","34,847","34,847","0,45%"
"03.01.2023","34,690","34,690","34,690","34,690","1,04%"
"30.12.2022","34,332","34,332","34,332","34,332","-0,41%"
"29.12.2022","34,473","34,473","34,473","34,473","0,99%"
"28.12.2022","34,136","34,136","34,136","34,136","-1,20%"
"23.12.2022","34,550","34,550","34,550","34,550","0,26%"
"22.12.2022","34,459","34,459","34,459","34,459","-1,07%"
"21.12.2022","34,833","34,833","34,833","34,833","1,56%"
"20.12.2022","34,298","34,298","34,298","34,298","-0,29%"
"19.12.2022","34,399","34,399","34,399","34,399","-0,43%"
"16.12.2022","34,549","34,549","34,549","34,549","-0,82%"
"15.12.2022","34,835","34,835","34,835","34,835","-2,57%"
"14.12.2022","35,755","35,755","35,755","35,755","-0,45%"
"13.12.2022","35,916","35,916","35,916","35,916","0,08%"
"12.12.2022","35,888","35,888","35,888","35,888","0,96%"
"09.12.2022","35,547","35,547","35,547","35,547","-0,23%"
"08.12.2022","35,629","35,629","35,629","35,629","0,20%"
"07.12.2022","35,556","35,556","35,556","35,556","-0,30%"
"06.12.2022","35,662","35,662","35,662","35,662","-1,03%"
"05.12.2022","36,033","36,033","36,033","36,033","-1,85%"
"02.12.2022","36,711","36,711","36,711","36,711","-0,17%"
"01.12.2022","36,772","36,772","36,772","36,772","-1,07%"
"30.11.2022","37,169","37,169","37,169","37,169","2,77%"
"29.11.2022","36,167","36,167","36,167","36,167","0,20%"
"28.11.2022","36,093","36,093","36,093","36,093","-1,27%"
"25.11.2022","36,557","36,557","36,557","36,557","-0,01%"
"24.11.2022","36,561","36,561","36,561","36,561","-0,00%"
"23.11.2022","36,563","36,563","36,563","36,563","-0,05%"
"22.11.2022","36,582","36,582","36,582","36,582","0,89%"
"21.11.2022","36,258","36,258","36,258","36,258","0,81%"
"17.11.2022","35,966","35,966","35,966","35,966","0,17%"
"16.11.2022","35,904","35,904","35,904","35,904","-1,13%"
"15.11.2022","36,314","36,314","36,314","36,314","0,58%"
"14.11.2022","36,103","36,103","36,103","36,103","-0,79%"
"11.11.2022","36,391","36,391","36,391","36,391","0,00%"
"10.11.2022","36,390","36,390","36,390","36,390","3,48%"
"09.11.2022","35,167","35,167","35,167","35,167","-1,37%"
"08.11.2022","35,657","35,657","35,657","35,657","0,16%"
"07.11.2022","35,600","35,600","35,600","35,600","0,01%"
"04.11.2022","35,598","35,598","35,598","35,598","0,20%"
"03.11.2022","35,527","35,527","35,527","35,527","-0,12%"
"02.11.2022","35,571","35,571","35,571","35,571","-1,82%"
"01.11.2022","36,228","36,228","36,228","36,228","0,05%"
"31.10.2022","36,210","36,210","36,210","36,210","0,15%"
"28.10.2022","36,155","36,155","36,155","36,155","1,98%"
"27.10.2022","35,454","35,454","35,454","35,454","-0,02%"
"26.10.2022","35,461","35,461","35,461","35,461","-0,91%"
"25.10.2022","35,788","35,788","35,788","35,788","1,03%"
"24.10.2022","35,424","35,424","35,424","35,424","0,34%"
"21.10.2022","35,302","35,302","35,302","35,302","1,85%"
"20.10.2022","34,661","34,661","34,661","34,661","-0,94%"
"19.10.2022","34,990","34,990","34,990","34,990","-0,15%"
"18.10.2022","35,042","35,042","35,042","35,042","0,72%"
"17.10.2022","34,790","34,790","34,790","34,790","1,66%"
"14.10.2022","34,221","34,221","34,221","34,221","-1,82%"
"13.10.2022","34,856","34,856","34,856","34,856","1,70%"
"12.10.2022","34,274","34,274","34,274","34,274","-0,27%"
"11.10.2022","34,367","34,367","34,367","34,367","-0,87%"
"10.10.2022","34,670","34,670","34,670","34,670","-0,07%"
"07.10.2022","34,694","34,694","34,694","34,694","-1,89%"
"06.10.2022","35,361","35,361","35,361","35,361","1,77%"
"03.10.2022","34,746","34,746","34,746","34,746","1,94%"
"30.09.2022","34,086","34,086","34,086","34,086","-1,25%"
"29.09.2022","34,517","34,517","34,517","34,517","-1,51%"
"27.09.2022","35,048","35,048","35,048","35,048","0,09%"
"26.09.2022","35,017","35,017","35,017","35,017","-0,65%"
"23.09.2022","35,246","35,246","35,246","35,246","-0,93%"
"22.09.2022","35,577","35,577","35,577","35,577","-0,43%"
"21.09.2022","35,733","35,733","35,733","35,733","-0,31%"
"20.09.2022","35,844","35,844","35,844","35,844","-0,23%"
"16.09.2022","35,927","35,927","35,927","35,927","-1,21%"
"15.09.2022","36,368","36,368","36,368","36,368","-0,97%"
"14.09.2022","36,724","36,724","36,724","36,724","0,13%"
"13.09.2022","36,676","36,676","36,676","36,676","-2,55%"
"12.09.2022","37,635","37,635","37,635","37,635","0,46%"
"09.09.2022","37,463","37,463","37,463","37,463","0,91%"
"08.09.2022","37,127","37,127","37,127","37,127","0,78%"
"07.09.2022","36,841","36,841","36,841","36,841","0,68%"
"06.09.2022","36,592","36,592","36,592","36,592","-0,29%"
"05.09.2022","36,697","36,697","36,697","36,697","0,75%"
"02.09.2022","36,424","36,424","36,424","36,424","-1,10%"
"01.09.2022","36,828","36,828","36,828","36,828","0,59%"
"31.08.2022","36,613","36,613","36,613","36,613","-1,34%"
"30.08.2022","37,110","37,110","37,110","37,110","-0,92%"
"29.08.2022","37,454","37,454","37,454","37,454","-0,63%"
"26.08.2022","37,692","37,692","37,692","37,692","-3,01%"
"25.08.2022","38,861","38,861","38,861","38,861","1,30%"
"24.08.2022","38,363","38,363","38,363","38,363","0,15%"
"23.08.2022","38,304","38,304","38,304","38,304","-0,41%"
"22.08.2022","38,461","38,461","38,461","38,461","-1,11%"
"19.08.2022","38,892","38,892","38,892","38,892","-0,50%"
"18.08.2022","39,089","39,089","39,089","39,089","0,47%"
"17.08.2022","38,906","38,906","38,906","38,906","-0,57%"
"16.08.2022","39,128","39,128","39,128","39,128","0,21%"
"15.08.2022","39,045","39,045","39,045","39,045","0,78%"
"12.08.2022","38,744","38,744","38,744","38,744","2,16%"
"11.08.2022","37,925","37,925","37,925","37,925","0,09%"
"10.08.2022","37,891","37,891","37,891","37,891","0,87%"
"09.08.2022","37,564","37,564","37,564","37,564","-0,60%"
"08.08.2022","37,790","37,790","37,790","37,790","-0,26%"
"05.08.2022","37,887","37,887","37,887","37,887","0,10%"
"04.08.2022","37,850","37,850","37,850","37,850","-0,54%"
"03.08.2022","38,056","38,056","38,056","38,056","1,66%"
"02.08.2022","37,432","37,432","37,432","37,432","-0,05%"
"01.08.2022","37,450","37,450","37,450","37,450","-0,69%"
"29.07.2022","37,710","37,710","37,710","37,710","1,00%"
"28.07.2022","37,335","37,335","37,335","37,335","0,96%"
"27.07.2022","36,982","36,982","36,982","36,982","2,01%"
"26.07.2022","36,254","36,254","36,254","36,254","-0,14%"
"25.07.2022","36,304","36,304","36,304","36,304","0,14%"
"22.07.2022","36,253","36,253","36,253","36,253","-0,90%"
"21.07.2022","36,583","36,583","36,583","36,583","1,00%"
"20.07.2022","36,221","36,221","36,221","36,221","0,93%"
"19.07.2022","35,885","35,885","35,885","35,885","1,80%"
"18.07.2022","35,252","35,252","35,252","35,252","-1,12%"
"15.07.2022","35,652","35,652","35,652","35,652","1,05%"
"14.07.2022","35,281","35,281","35,281","35,281","0,20%"
"13.07.2022","35,209","35,209","35,209","35,209","-1,02%"
"12.07.2022","35,573","35,573","35,573","35,573","-0,32%"
"11.07.2022","35,687","35,687","35,687","35,687","-0,32%"
"08.07.2022","35,801","35,801","35,801","35,801","0,03%"
"07.07.2022","35,790","35,790","35,790","35,790","1,85%"
"06.07.2022","35,140","35,140","35,140","35,140","0,75%"
"05.07.2022","34,878","34,878","34,878","34,878","1,24%"
"04.07.2022","34,452","34,452","34,452","34,452","0,00%"
"01.07.2022","34,452","34,452","34,452","34,452","1,15%"
"30.06.2022","34,062","34,062","34,062","34,062","-0,86%"
"29.06.2022","34,357","34,357","34,357","34,357","-0,02%"
"28.06.2022","34,363","34,363","34,363","34,363","-0,71%"
"27.06.2022","34,609","34,609","34,609","34,609","-0,36%"
"24.06.2022","34,733","34,733","34,733","34,733","2,61%"
"23.06.2022","33,850","33,850","33,850","33,850","1,12%"
"22.06.2022","33,476","33,476","33,476","33,476","-0,54%"
"21.06.2022","33,658","33,658","33,658","33,658","1,67%"
"20.06.2022","33,104","33,104","33,104","33,104","-0,38%"
"17.06.2022","33,230","33,230","33,230","33,230","0,17%"
"16.06.2022","33,173","33,173","33,173","33,173","-3,37%"
"15.06.2022","34,330","34,330","34,330","34,330","1,22%"
"14.06.2022","33,916","33,916","33,916","33,916","-0,62%"
"13.06.2022","34,128","34,128","34,128","34,128","-2,66%"
"10.06.2022","35,060","35,060","35,060","35,060","-1,84%"
"09.06.2022","35,716","35,716","35,716","35,716","-1,46%"
"08.06.2022","36,244","36,244","36,244","36,244","-1,02%"
"07.06.2022","36,619","36,619","36,619","36,619","0,70%"
"06.06.2022","36,365","36,365","36,365","36,365","0,41%"
"03.06.2022","36,217","36,217","36,217","36,217","-1,29%"
"02.06.2022","36,690","36,690","36,690","36,690","1,12%"
"01.06.2022","36,285","36,285","36,285","36,285","-0,31%"
"31.05.2022","36,397","36,397","36,397","36,397","-0,22%"
"30.05.2022","36,476","36,476","36,476","36,476","-0,21%"
"27.05.2022","36,552","36,552","36,552","36,552","2,22%"
"26.05.2022","35,760","35,760","35,760","35,760","1,27%"
"25.05.2022","35,311","35,311","35,311","35,311","1,18%"
"24.05.2022","34,900","34,900","34,900","34,900","-1,33%"
"23.05.2022","35,372","35,372","35,372","35,372","0,72%"
"20.05.2022","35,119","35,119","35,119","35,119","0,47%"
"19.05.2022","34,956","34,956","34,956","34,956","-1,20%"
"18.05.2022","35,380","35,380","35,380","35,380","-2,76%"
"17.05.2022","36,385","36,385","36,385","36,385","0,70%"
"16.05.2022","36,133","36,133","36,133","36,133","-0,35%"
"13.05.2022","36,261","36,261","36,261","36,261","2,52%"
"12.05.2022","35,368","35,368","35,368","35,368","0,82%"
"11.05.2022","35,081","35,081","35,081","35,081","-0,94%"
"10.05.2022","35,413","35,413","35,413","35,413","0,08%"
"09.05.2022","35,383","35,383","35,383","35,383","-2,77%"
"06.05.2022","36,392","36,392","36,392","36,392","-1,25%"
"05.05.2022","36,854","36,854","36,854","36,854","-2,62%"
"04.05.2022","37,845","37,845","37,845","37,845","1,86%"
"03.05.2022","37,154","37,154","37,154","37,154","0,33%"
"02.05.2022","37,030","37,030","37,030","37,030","0,29%"
"29.04.2022","36,923","36,923","36,923","36,923","-2,65%"
"28.04.2022","37,927","37,927","37,927","37,927","2,00%"
"27.04.2022","37,184","37,184","37,184","37,184","1,15%"
"26.04.2022","36,763","36,763","36,763","36,763","-1,78%"
"25.04.2022","37,430","37,430","37,430","37,430","0,47%"
"22.04.2022","37,255","37,255","37,255","37,255","-1,99%"
"21.04.2022","38,012","38,012","38,012","38,012","-0,96%"
"20.04.2022","38,378","38,378","38,378","38,378","-0,39%"
"19.04.2022","38,530","38,530","38,530","38,530","1,11%"
"18.04.2022","38,106","38,106","38,106","38,106","-0,37%"
"14.04.2022","38,250","38,250","38,250","38,250","-0,16%"
"13.04.2022","38,311","38,311","38,311","38,311","1,05%"
"12.04.2022","37,912","37,912","37,912","37,912","-0,16%"
"11.04.2022","37,971","37,971","37,971","37,971","-1,53%"
"08.04.2022","38,560","38,560","38,560","38,560","0,30%"
"07.04.2022","38,446","38,446","38,446","38,446","0,15%"
"06.04.2022","38,387","38,387","38,387","38,387","-1,04%"
"05.04.2022","38,792","38,792","38,792","38,792","-0,50%"
"04.04.2022","38,988","38,988","38,988","38,988","1,16%"
"01.04.2022","38,541","38,541","38,541","38,541","0,94%"
"31.03.2022","38,181","38,181","38,181","38,181","-1,06%"
"30.03.2022","38,590","38,590","38,590","38,590","-0,94%"
"29.03.2022","38,956","38,956","38,956","38,956","0,39%"
"28.03.2022","38,805","38,805","38,805","38,805","0,54%"
"25.03.2022","38,595","38,595","38,595","38,595","0,47%"
"24.03.2022","38,413","38,413","38,413","38,413","0,91%"
"23.03.2022","38,067","38,067","38,067","38,067","-0,72%"
"22.03.2022","38,342","38,342","38,342","38,342","1,26%"
"21.03.2022","37,866","37,866","37,866","37,866","-0,02%"
"18.03.2022","37,873","37,873","37,873","37,873","1,54%"
"17.03.2022","37,300","37,300","37,300","37,300","0,49%"
"16.03.2022","37,120","37,120","37,120","37,120","2,28%"
"15.03.2022","36,294","36,294","36,294","36,294","1,46%"
"14.03.2022","35,772","35,772","35,772","35,772","-0,59%"
"11.03.2022","35,983","35,983","35,983","35,983","-0,62%"
"10.03.2022","36,208","36,208","36,208","36,208","-0,08%"
"09.03.2022","36,238","36,238","36,238","36,238","1,45%"
"08.03.2022","35,721","35,721","35,721","35,721","-0,78%"
"07.03.2022","36,003","36,003","36,003","36,003","-2,27%"
"04.03.2022","36,838","36,838","36,838","36,838","-0,27%"
"03.03.2022","36,937","36,937","36,937","36,937","-0,73%"
"02.03.2022","37,209","37,209","37,209","37,209","1,83%"
"01.03.2022","36,542","36,542","36,542","36,542","-0,74%"
"28.02.2022","36,813","36,813","36,813","36,813","0,05%"
"25.02.2022","36,795","36,795","36,795","36,795","1,37%"
"24.02.2022","36,298","36,298","36,298","36,298","1,80%"
"23.02.2022","35,657","35,657","35,657","35,657","-1,28%"
"22.02.2022","36,118","36,118","36,118","36,118","-0,87%"
"21.02.2022","36,434","36,434","36,434","36,434","-0,21%"
"18.02.2022","36,512","36,512","36,512","36,512","-0,60%"
"17.02.2022","36,732","36,732","36,732","36,732","-1,70%"
"16.02.2022","37,368","37,368","37,368","37,368","0,15%"
"15.02.2022","37,314","37,314","37,314","37,314","1,00%"
"14.02.2022","36,945","36,945","36,945","36,945","-0,08%"
"11.02.2022","36,974","36,974","36,974","36,974","-1,03%"
"10.02.2022","37,358","37,358","37,358","37,358","-1,51%"
"09.02.2022","37,929","37,929","37,929","37,929","1,48%"
"08.02.2022","37,375","37,375","37,375","37,375","0,80%"
"07.02.2022","37,079","37,079","37,079","37,079","-0,08%"
"04.02.2022","37,111","37,111","37,111","37,111","0,08%"
"03.02.2022","37,082","37,082","37,082","37,082","-3,01%"
"02.02.2022","38,233","38,233","38,233","38,233","0,46%"
"01.02.2022","38,057","38,057","38,057","38,057","0,56%"
"31.01.2022","37,846","37,846","37,846","37,846","1,37%"
"28.01.2022","37,336","37,336","37,336","37,336","1,56%"
"27.01.2022","36,764","36,764","36,764","36,764","0,37%"
"26.01.2022","36,627","36,627","36,627","36,627","0,07%"
"25.01.2022","36,602","36,602","36,602","36,602","-0,69%"
"24.01.2022","36,856","36,856","36,856","36,856","-0,31%"
"21.01.2022","36,971","36,971","36,971","36,971","-1,84%"
"20.01.2022","37,666","37,666","37,666","37,666","-0,55%"
"19.01.2022","37,875","37,875","37,875","37,875","-0,84%"
"18.01.2022","38,195","38,195","38,195","38,195","-1,12%"
"17.01.2022","38,626","38,626","38,626","38,626","0,36%"
"14.01.2022","38,486","38,486","38,486","38,486","-0,05%"
"13.01.2022","38,503","38,503","38,503","38,503","-1,34%"
"12.01.2022","39,025","39,025","39,025","39,025","-0,05%"
"11.01.2022","39,046","39,046","39,046","39,046","0,67%"
"10.01.2022","38,785","38,785","38,785","38,785","-0,11%"
"07.01.2022","38,827","38,827","38,827","38,827","-0,67%"
"06.01.2022","39,089","39,089","39,089","39,089","-0,22%"
"05.01.2022","39,174","39,174","39,174","39,174","-1,66%"
"04.01.2022","39,836","39,836","39,836","39,836","1,12%"
"31.12.2021","39,394","39,394","39,394","39,394","-0,52%"
"30.12.2021","39,601","39,601","39,601","39,601","-0,03%"
"29.12.2021","39,613","39,613","39,613","39,613","-0,33%"
"28.12.2021","39,743","39,743","39,743","39,743","1,30%"
"24.12.2021","39,232","39,232","39,232","39,232","-0,21%"
"23.12.2021","39,313","39,313","39,313","39,313","0,89%"
"22.12.2021","38,965","38,965","38,965","38,965","0,45%"
"21.12.2021","38,789","38,789","38,789","38,789","1,92%"
"20.12.2021","38,059","38,059","38,059","38,059","-1,38%"
"17.12.2021","38,592","38,592","38,592","38,592","-0,58%"
"16.12.2021","38,819","38,819","38,819","38,819","-0,73%"
"15.12.2021","39,105","39,105","39,105","39,105","1,38%"
"14.12.2021","38,573","38,573","38,573","38,573","-0,73%"
"13.12.2021","38,857","38,857","38,857","38,857","-0,57%"
"10.12.2021","39,079","39,079","39,079","39,079","0,33%"
"09.12.2021","38,950","38,950","38,950","38,950","-0,33%"
"08.12.2021","39,078","39,078","39,078","39,078","-0,42%"
"07.12.2021","39,245","39,245","39,245","39,245","3,52%"
"03.12.2021","37,910","37,910","37,910","37,910","-0,46%"
"02.12.2021","38,085","38,085","38,085","38,085","0,85%"
"01.12.2021","37,764","37,764","37,764","37,764","-1,07%"
"30.11.2021","38,171","38,171","38,171","38,171","-1,58%"
"29.11.2021","38,784","38,784","38,784","38,784","1,17%"
"26.11.2021","38,335","38,335","38,335","38,335","-3,11%"
"25.11.2021","39,567","39,567","39,567","39,567","0,02%"
"24.11.2021","39,560","39,560","39,560","39,560","0,64%"
"23.11.2021","39,309","39,309","39,309","39,309","-0,29%"
"22.11.2021","39,425","39,425","39,425","39,425","0,07%"
"19.11.2021","39,398","39,398","39,398","39,398","0,07%"
"18.11.2021","39,369","39,369","39,369","39,369","-0,18%"
"17.11.2021","39,442","39,442","39,442","39,442","0,05%"
"16.11.2021","39,424","39,424","39,424","39,424","0,79%"
"15.11.2021","39,114","39,114","39,114","39,114","0,30%"
"12.11.2021","38,999","38,999","38,999","38,999","0,92%"
"11.11.2021","38,643","38,643","38,643","38,643","0,43%"
"10.11.2021","38,477","38,477","38,477","38,477","-0,23%"
"09.11.2021","38,566","38,566","38,566","38,566","-0,26%"
"08.11.2021","38,668","38,668","38,668","38,668","-0,13%"
"05.11.2021","38,718","38,718","38,718","38,718","0,17%"
"04.11.2021","38,653","38,653","38,653","38,653","0,73%"
"03.11.2021","38,373","38,373","38,373","38,373","0,48%"
"02.11.2021","38,191","38,191","38,191","38,191","0,26%"
"01.11.2021","38,093","38,093","38,093","38,093","0,34%"
"29.10.2021","37,963","37,963","37,963","37,963","0,76%"
"28.10.2021","37,676","37,676","37,676","37,676","0,18%"
"27.10.2021","37,608","37,608","37,608","37,608","-0,50%"
"26.10.2021","37,798","37,798","37,798","37,798","0,40%"
"25.10.2021","37,645","37,645","37,645","37,645","0,57%"
"22.10.2021","37,433","37,433","37,433","37,433","-0,04%"
"21.10.2021","37,447","37,447","37,447","37,447","0,16%"
"20.10.2021","37,386","37,386","37,386","37,386","0,34%"
"19.10.2021","37,260","37,260","37,260","37,260","0,34%"
"18.10.2021","37,133","37,133","37,133","37,133","0,13%"
"15.10.2021","37,084","37,084","37,084","37,084","0,72%"
"14.10.2021","36,819","36,819","36,819","36,819","1,37%"
"13.10.2021","36,320","36,320","36,320","36,320","0,25%"
"12.10.2021","36,229","36,229","36,229","36,229","-0,02%"
"11.10.2021","36,238","36,238","36,238","36,238","-0,44%"
"08.10.2021","36,398","36,398","36,398","36,398","-0,16%"
"07.10.2021","36,456","36,456","36,456","36,456","0,87%"
"06.10.2021","36,141","36,141","36,141","36,141","0,43%"
"05.10.2021","35,986","35,986","35,986","35,986","1,05%"
"04.10.2021","35,612","35,612","35,612","35,612","-1,21%"
"01.10.2021","36,049","36,049","36,049","36,049","0,48%"
"30.09.2021","35,878","35,878","35,878","35,878","-0,50%"
"29.09.2021","36,058","36,058","36,058","36,058","0,42%"
"28.09.2021","35,907","35,907","35,907","35,907","-1,80%"
"27.09.2021","36,564","36,564","36,564","36,564","-0,15%"
"24.09.2021","36,617","36,617","36,617","36,617","0,21%"
"23.09.2021","36,539","36,539","36,539","36,539","0,91%"
"22.09.2021","36,210","36,210","36,210","36,210","0,73%"
"21.09.2021","35,947","35,947","35,947","35,947","0,13%"
"20.09.2021","35,902","35,902","35,902","35,902","-1,53%"
"17.09.2021","36,458","36,458","36,458","36,458","-0,61%"
"16.09.2021","36,681","36,681","36,681","36,681","0,31%"
"15.09.2021","36,567","36,567","36,567","36,567","0,40%"
"14.09.2021","36,424","36,424","36,424","36,424","-0,41%"
"13.09.2021","36,572","36,572","36,572","36,572","0,34%"
"10.09.2021","36,449","36,449","36,449","36,449","-0,58%"
"09.09.2021","36,663","36,663","36,663","36,663","-0,38%"
"08.09.2021","36,804","36,804","36,804","36,804","-0,10%"
"07.09.2021","36,842","36,842","36,842","36,842","-0,20%"
"06.09.2021","36,916","36,916","36,916","36,916","0,35%"
"03.09.2021","36,789","36,789","36,789","36,789","-0,02%"
"02.09.2021","36,796","36,796","36,796","36,796","0,21%"
"01.09.2021","36,717","36,717","36,717","36,717","-0,09%"
"31.08.2021","36,749","36,749","36,749","36,749","-0,21%"
"30.08.2021","36,825","36,825","36,825","36,825","0,31%"
"27.08.2021","36,712","36,712","36,712","36,712","0,48%"
"26.08.2021","36,536","36,536","36,536","36,536","-0,52%"
"25.08.2021","36,725","36,725","36,725","36,725","0,20%"
"24.08.2021","36,651","36,651","36,651","36,651","0,13%"
"23.08.2021","36,604","36,604","36,604","36,604","0,54%"
"20.08.2021","36,408","36,408","36,408","36,408","0,58%"
"19.08.2021","36,199","36,199","36,199","36,199","-0,22%"
"18.08.2021","36,277","36,277","36,277","36,277","-0,66%"
"17.08.2021","36,519","36,519","36,519","36,519","-0,14%"
"13.08.2021","36,571","36,571","36,571","36,571","-0,23%"
"12.08.2021","36,657","36,657","36,657","36,657","0,31%"
"11.08.2021","36,545","36,545","36,545","36,545","0,17%"
"10.08.2021","36,482","36,482","36,482","36,482","0,29%"
"09.08.2021","36,376","36,376","36,376","36,376","0,10%"
"06.08.2021","36,339","36,339","36,339","36,339","0,54%"
"05.08.2021","36,144","36,144","36,144","36,144","0,60%"
"04.08.2021","35,927","35,927","35,927","35,927","-0,10%"
"03.08.2021","35,964","35,964","35,964","35,964","0,63%"
"02.08.2021","35,737","35,737","35,737","35,737","0,12%"
"30.07.2021","35,695","35,695","35,695","35,695","-0,45%"
"29.07.2021","35,856","35,856","35,856","35,856","-0,05%"
"28.07.2021","35,875","35,875","35,875","35,875","0,24%"
"27.07.2021","35,788","35,788","35,788","35,788","-0,52%"
"26.07.2021","35,976","35,976","35,976","35,976","-0,13%"
"23.07.2021","36,025","36,025","36,025","36,025","1,12%"
"22.07.2021","35,626","35,626","35,626","35,626","0,30%"
"21.07.2021","35,522","35,522","35,522","35,522","0,80%"
"20.07.2021","35,238","35,238","35,238","35,238","1,39%"
"19.07.2021","34,756","34,756","34,756","34,756","-1,59%"
"16.07.2021","35,319","35,319","35,319","35,319","-0,54%"
"15.07.2021","35,511","35,511","35,511","35,511","-0,49%"
"14.07.2021","35,685","35,685","35,685","35,685","0,03%"
"13.07.2021","35,674","35,674","35,674","35,674","0,07%"
"12.07.2021","35,648","35,648","35,648","35,648","0,46%"
"09.07.2021","35,483","35,483","35,483","35,483","0,94%"
"08.07.2021","35,153","35,153","35,153","35,153","-1,35%"
"07.07.2021","35,633","35,633","35,633","35,633","0,49%"
"06.07.2021","35,459","35,459","35,459","35,459","0,03%"
"05.07.2021","35,448","35,448","35,448","35,448","-0,03%"
"02.07.2021","35,460","35,460","35,460","35,460","0,81%"
"01.07.2021","35,175","35,175","35,175","35,175","0,29%"
"30.06.2021","35,072","35,072","35,072","35,072","0,16%"
"29.06.2021","35,015","35,015","35,015","35,015","0,16%"
"28.06.2021","34,959","34,959","34,959","34,959","0,21%"
"25.06.2021","34,885","34,885","34,885","34,885","0,19%"
"24.06.2021","34,819","34,819","34,819","34,819","0,69%"
"23.06.2021","34,578","34,578","34,578","34,578","-0,51%"
"22.06.2021","34,757","34,757","34,757","34,757","0,69%"
"21.06.2021","34,519","34,519","34,519","34,519","0,54%"
"18.06.2021","34,335","34,335","34,335","34,335","-0,70%"
"17.06.2021","34,576","34,576","34,576","34,576","1,08%"
"16.06.2021","34,206","34,206","34,206","34,206","-0,23%"
"15.06.2021","34,285","34,285","34,285","34,285","-0,10%"
"14.06.2021","34,318","34,318","34,318","34,318","0,14%"
"11.06.2021","34,269","34,269","34,269","34,269","0,67%"
"10.06.2021","34,040","34,040","34,040","34,040","0,49%"
"09.06.2021","33,876","33,876","33,876","33,876","-0,17%"
"08.06.2021","33,935","33,935","33,935","33,935","0,03%"
"07.06.2021","33,923","33,923","33,923","33,923","-0,12%"
"04.06.2021","33,964","33,964","33,964","33,964","0,60%"
"03.06.2021","33,760","33,760","33,760","33,760","0,19%"
"02.06.2021","33,696","33,696","33,696","33,696","0,40%"
"01.06.2021","33,560","33,560","33,560","33,560","0,11%"
"31.05.2021","33,523","33,523","33,523","33,523","-0,54%"
"28.05.2021","33,704","33,704","33,704","33,704","0,52%"
"27.05.2021","33,531","33,531","33,531","33,531","0,19%"
"26.05.2021","33,469","33,469","33,469","33,469","0,30%"
"25.05.2021","33,370","33,370","33,370","33,370","-0,19%"
"24.05.2021","33,433","33,433","33,433","33,433","0,56%"
"21.05.2021","33,248","33,248","33,248","33,248","0,26%"
"20.05.2021","33,163","33,163","33,163","33,163","1,09%"
"19.05.2021","32,805","32,805","32,805","32,805","-0,57%"
"18.05.2021","32,995","32,995","32,995","32,995","-0,78%"
"17.05.2021","33,254","33,254","33,254","33,254","-0,23%"
"14.05.2021","33,330","33,330","33,330","33,330","1,09%"
"13.05.2021","32,970","32,970","32,970","32,970","0,59%"
"12.05.2021","32,778","32,778","32,778","32,778","-1,06%"
"11.05.2021","33,128","33,128","33,128","33,128","-1,18%"
"10.05.2021","33,525","33,525","33,525","33,525","-0,73%"
"07.05.2021","33,772","33,772","33,772","33,772","0,31%"
"06.05.2021","33,668","33,668","33,668","33,668","0,23%"
"05.05.2021","33,592","33,592","33,592","33,592","0,59%"
"04.05.2021","33,395","33,395","33,395","33,395","-0,53%"
"03.05.2021","33,574","33,574","33,574","33,574","-0,17%"
"29.04.2021","33,631","33,631","33,631","33,631","0,21%"
"28.04.2021","33,561","33,561","33,561","33,561","-0,06%"
"27.04.2021","33,582","33,582","33,582","33,582","-0,13%"
"26.04.2021","33,625","33,625","33,625","33,625","0,07%"
"23.04.2021","33,602","33,602","33,602","33,602","0,53%"
"22.04.2021","33,424","33,424","33,424","33,424","-0,25%"
"21.04.2021","33,508","33,508","33,508","33,508","0,76%"
"20.04.2021","33,256","33,256","33,256","33,256","-1,19%"
"19.04.2021","33,657","33,657","33,657","33,657","0,64%"
"14.04.2021","33,444","33,444","33,444","33,444","-0,50%"
"13.04.2021","33,613","33,613","33,613","33,613","0,22%"
"12.04.2021","33,538","33,538","33,538","33,538","0,32%"
"08.04.2021","33,430","33,430","33,430","33,430","0,54%"
"07.04.2021","33,250","33,250","33,250","33,250","-0,35%"
"06.04.2021","33,365","33,365","33,365","33,365","-0,23%"
"05.04.2021","33,442","33,442","33,442","33,442","0,84%"
"01.04.2021","33,164","33,164","33,164","33,164","0,96%"
"31.03.2021","32,850","32,850","32,850","32,850","0,03%"
"30.03.2021","32,841","32,841","32,841","32,841","0,14%"
"29.03.2021","32,795","32,795","32,795","32,795","0,17%"
"26.03.2021","32,740","32,740","32,740","32,740","1,26%"
"25.03.2021","32,334","32,334","32,334","32,334","0,77%"
"24.03.2021","32,089","32,089","32,089","32,089","-0,39%"
"23.03.2021","32,215","32,215","32,215","32,215","-0,27%"
"22.03.2021","32,302","32,302","32,302","32,302","0,29%"
"19.03.2021","32,208","32,208","32,208","32,208","-0,08%"
"18.03.2021","32,232","32,232","32,232","32,232","-1,03%"
"17.03.2021","32,567","32,567","32,567","32,567","0,03%"
"16.03.2021","32,559","32,559","32,559","32,559","0,26%"
"15.03.2021","32,476","32,476","32,476","32,476","0,70%"
"12.03.2021","32,250","32,250","32,250","32,250","0,24%"
"11.03.2021","32,173","32,173","32,173","32,173","0,58%"
"10.03.2021","31,988","31,988","31,988","31,988","0,39%"
"09.03.2021","31,863","31,863","31,863","31,863","1,16%"
"08.03.2021","31,497","31,497","31,497","31,497","0,21%"
"05.03.2021","31,431","31,431","31,431","31,431","1,99%"
"04.03.2021","30,819","30,819","30,819","30,819","-1,01%"
"03.03.2021","31,134","31,134","31,134","31,134","-1,00%"
"02.03.2021","31,448","31,448","31,448","31,448","-0,69%"
"01.03.2021","31,666","31,666","31,666","31,666","2,87%"
"26.02.2021","30,784","30,784","30,784","30,784","-0,50%"
"25.02.2021","30,939","30,939","30,939","30,939","-2,30%"
"24.02.2021","31,669","31,669","31,669","31,669","0,79%"
"23.02.2021","31,422","31,422","31,422","31,422","-0,14%"
"22.02.2021","31,466","31,466","31,466","31,466","-0,74%"
"19.02.2021","31,699","31,699","31,699","31,699","-0,31%"
"18.02.2021","31,798","31,798","31,798","31,798","-0,79%"
"17.02.2021","32,051","32,051","32,051","32,051","0,24%"
"16.02.2021","31,974","31,974","31,974","31,974","0,11%"
"15.02.2021","31,937","31,937","31,937","31,937","0,27%"
"12.02.2021","31,850","31,850","31,850","31,850","0,53%"
"11.02.2021","31,682","31,682","31,682","31,682","0,23%"
"10.02.2021","31,609","31,609","31,609","31,609","-0,20%"
"09.02.2021","31,672","31,672","31,672","31,672","-0,31%"
"08.02.2021","31,771","31,771","31,771","31,771","0,63%"
"05.02.2021","31,574","31,574","31,574","31,574","0,19%"
"04.02.2021","31,513","31,513","31,513","31,513","1,02%"
"03.02.2021","31,196","31,196","31,196","31,196","0,35%"
"02.02.2021","31,086","31,086","31,086","31,086","1,72%"
"01.02.2021","30,561","30,561","30,561","30,561","1,92%"
"29.01.2021","29,986","29,986","29,986","29,986","-2,01%"
"28.01.2021","30,602","30,602","30,602","30,602","0,34%"
"27.01.2021","30,497","30,497","30,497","30,497","-1,56%"
"26.01.2021","30,979","30,979","30,979","30,979","-0,39%"
"25.01.2021","31,099","31,099","31,099","31,099","0,38%"
"22.01.2021","30,981","30,981","30,981","30,981","-0,59%"
"21.01.2021","31,164","31,164","31,164","31,164","-0,22%"
"20.01.2021","31,233","31,233","31,233","31,233","1,25%"
"19.01.2021","30,848","30,848","30,848","30,848","0,31%"
"18.01.2021","30,751","30,751","30,751","30,751","0,05%"
"15.01.2021","30,736","30,736","30,736","30,736","-0,45%"
"14.01.2021","30,876","30,876","30,876","30,876","0,15%"
"13.01.2021","30,830","30,830","30,830","30,830","0,18%"
"12.01.2021","30,773","30,773","30,773","30,773","0,09%"
"11.01.2021","30,745","30,745","30,745","30,745","0,01%"
"08.01.2021","30,740","30,740","30,740","30,740","0,73%"
"07.01.2021","30,517","30,517","30,517","30,517","1,48%"
"06.01.2021","30,070","30,070","30,070","30,070","0,53%"
"05.01.2021","29,912","29,912","29,912","29,912","0,49%"
"04.01.2021","29,765","29,765","29,765","29,765","-1,04%"
"31.12.2020","30,077","30,077","30,077","30,077","0,69%"
"30.12.2020","29,872","29,872","29,872","29,872","-0,33%"
"29.12.2020","29,970","29,970","29,970","29,970","-0,02%"
"28.12.2020","29,975","29,975","29,975","29,975","0,42%"
"24.12.2020","29,851","29,851","29,851","29,851","0,32%"
"23.12.2020","29,756","29,756","29,756","29,756","0,17%"
"22.12.2020","29,705","29,705","29,705","29,705","0,24%"
"21.12.2020","29,633","29,633","29,633","29,633","-0,57%"
"18.12.2020","29,804","29,804","29,804","29,804","-0,23%"
"17.12.2020","29,873","29,873","29,873","29,873","0,29%"
"16.12.2020","29,786","29,786","29,786","29,786","0,14%"
"15.12.2020","29,745","29,745","29,745","29,745","0,69%"
"14.12.2020","29,541","29,541","29,541","29,541","-0,22%"
"11.12.2020","29,606","29,606","29,606","29,606","-0,08%"
"10.12.2020","29,630","29,630","29,630","29,630","-0,35%"
"09.12.2020","29,734","29,734","29,734","29,734","-0,29%"
"08.12.2020","29,819","29,819","29,819","29,819","0,40%"
"07.12.2020","29,701","29,701","29,701","29,701","-0,08%"
"04.12.2020","29,724","29,724","29,724","29,724","0,86%"
"03.12.2020","29,471","29,471","29,471","29,471","-0,39%"
"02.12.2020","29,585","29,585","29,585","29,585","-0,18%"
"01.12.2020","29,640","29,640","29,640","29,640","0,41%"
"30.11.2020","29,519","29,519","29,519","29,519","-0,80%"
"27.11.2020","29,755","29,755","29,755","29,755","0,05%"
"26.11.2020","29,740","29,740","29,740","29,740","0,01%"
"25.11.2020","29,737","29,737","29,737","29,737","-0,14%"
"24.11.2020","29,778","29,778","29,778","29,778","1,12%"
"23.11.2020","29,448","29,448","29,448","29,448","0,58%"
"20.11.2020","29,279","29,279","29,279","29,279","-0,36%"
"19.11.2020","29,386","29,386","29,386","29,386","0,43%"
"18.11.2020","29,259","29,259","29,259","29,259","-0,60%"
"17.11.2020","29,435","29,435","29,435","29,435","-0,44%"
"16.11.2020","29,566","29,566","29,566","29,566","1,13%"
"13.11.2020","29,235","29,235","29,235","29,235","0,73%"
"12.11.2020","29,022","29,022","29,022","29,022","-1,19%"
"11.11.2020","29,370","29,370","29,370","29,370","1,38%"
"10.11.2020","28,970","28,970","28,970","28,970","0,26%"
"09.11.2020","28,894","28,894","28,894","28,894","1,75%"
"06.11.2020","28,398","28,398","28,398","28,398","-0,27%"
"05.11.2020","28,476","28,476","28,476","28,476","1,06%"
"04.11.2020","28,177","28,177","28,177","28,177","2,19%"
"03.11.2020","27,573","27,573","27,573","27,573","1,21%"
"02.11.2020","27,243","27,243","27,243","27,243","1,38%"
"30.10.2020","26,873","26,873","26,873","26,873","-1,01%"
"29.10.2020","27,148","27,148","27,148","27,148","1,33%"
"28.10.2020","26,792","26,792","26,792","26,792","-2,47%"
"27.10.2020","27,471","27,471","27,471","27,471","-0,49%"
"26.10.2020","27,606","27,606","27,606","27,606","-1,52%"
"23.10.2020","28,031","28,031","28,031","28,031","0,33%"
"22.10.2020","27,940","27,940","27,940","27,940","0,53%"
"21.10.2020","27,792","27,792","27,792","27,792","-0,57%"
"20.10.2020","27,950","27,950","27,950","27,950","-0,19%"
"19.10.2020","28,003","28,003","28,003","28,003","-1,45%"
"16.10.2020","28,416","28,416","28,416","28,416","-0,00%"
"15.10.2020","28,417","28,417","28,417","28,417","-0,21%"
"14.10.2020","28,477","28,477","28,477","28,477","-0,56%"
"13.10.2020","28,637","28,637","28,637","28,637","0,02%"
"12.10.2020","28,631","28,631","28,631","28,631","1,25%"
"09.10.2020","28,277","28,277","28,277","28,277","0,28%"
"08.10.2020","28,198","28,198","28,198","28,198","0,87%"
"07.10.2020","27,954","27,954","27,954","27,954","1,38%"
"06.10.2020","27,573","27,573","27,573","27,573","-0,86%"
"05.10.2020","27,812","27,812","27,812","27,812","1,07%"
"02.10.2020","27,517","27,517","27,517","27,517","-0,56%"
"01.10.2020","27,673","27,673","27,673","27,673","0,47%"
"30.09.2020","27,543","27,543","27,543","27,543","0,37%"
"29.09.2020","27,443","27,443","27,443","27,443","-0,95%"
"28.09.2020","27,707","27,707","27,707","27,707","1,49%"
"25.09.2020","27,301","27,301","27,301","27,301","1,34%"
"24.09.2020","26,940","26,940","26,940","26,940","0,06%"
"23.09.2020","26,924","26,924","26,924","26,924","-1,34%"
"22.09.2020","27,288","27,288","27,288","27,288","0,86%"
"21.09.2020","27,056","27,056","27,056","27,056","-0,59%"
"18.09.2020","27,217","27,217","27,217","27,217","-1,09%"
"17.09.2020","27,517","27,517","27,517","27,517","-0,65%"
"16.09.2020","27,698","27,698","27,698","27,698","0,00%"
"15.09.2020","27,697","27,697","27,697","27,697","1,53%"
"11.09.2020","27,279","27,279","27,279","27,279","0,35%"
"10.09.2020","27,184","27,184","27,184","27,184","-1,59%"
"09.09.2020","27,625","27,625","27,625","27,625","1,53%"
"08.09.2020","27,208","27,208","27,208","27,208","-1,94%"
"07.09.2020","27,746","27,746","27,746","27,746","0,11%"
"04.09.2020","27,716","27,716","27,716","27,716","-0,75%"
"03.09.2020","27,924","27,924","27,924","27,924","-2,70%"
"02.09.2020","28,699","28,699","28,699","28,699","2,14%"
"01.09.2020","28,096","28,096","28,096","28,096","0,44%"
"31.08.2020","27,972","27,972","27,972","27,972","0,21%"
"25.08.2020","27,913","27,913","27,913","27,913","0,93%"
"21.08.2020","27,657","27,657","27,657","27,657","0,65%"
"20.08.2020","27,478","27,478","27,478","27,478","0,28%"
"19.08.2020","27,400","27,400","27,400","27,400","-0,03%"
"18.08.2020","27,408","27,408","27,408","27,408","-0,21%"
"17.08.2020","27,466","27,466","27,466","27,466","0,08%"
"14.08.2020","27,442","27,442","27,442","27,442","-0,17%"
"13.08.2020","27,489","27,489","27,489","27,489","-0,32%"
"12.08.2020","27,578","27,578","27,578","27,578","1,04%"
"11.08.2020","27,294","27,294","27,294","27,294","-0,05%"
"10.08.2020","27,307","27,307","27,307","27,307","0,40%"
"07.08.2020","27,198","27,198","27,198","27,198","0,30%"
"06.08.2020","27,117","27,117","27,117","27,117","0,52%"
"05.08.2020","26,977","26,977","26,977","26,977","-0,26%"
"04.08.2020","27,047","27,047","27,047","27,047","0,41%"
"03.08.2020","26,937","26,937","26,937","26,937","1,56%"
"31.07.2020","26,522","26,522","26,522","26,522","-0,26%"
"30.07.2020","26,591","26,591","26,591","26,591","-0,79%"
"29.07.2020","26,801","26,801","26,801","26,801","0,46%"
"28.07.2020","26,677","26,677","26,677","26,677","-0,09%"
"27.07.2020","26,701","26,701","26,701","26,701","-0,44%"
"24.07.2020","26,818","26,818","26,818","26,818","-1,02%"
"23.07.2020","27,093","27,093","27,093","27,093","-0,81%"
"22.07.2020","27,314","27,314","27,314","27,314","-0,64%"
"21.07.2020","27,490","27,490","27,490","27,490","-0,05%"
"20.07.2020","27,503","27,503","27,503","27,503","0,68%"
"17.07.2020","27,316","27,316","27,316","27,316","0,30%"
"16.07.2020","27,234","27,234","27,234","27,234","-0,55%"
"15.07.2020","27,386","27,386","27,386","27,386","1,06%"
"14.07.2020","27,098","27,098","27,098","27,098","0,50%"
"13.07.2020","26,964","26,964","26,964","26,964","-0,70%"
"10.07.2020","27,153","27,153","27,153","27,153","0,62%"
"09.07.2020","26,986","26,986","26,986","26,986","-0,21%"
"08.07.2020","27,043","27,043","27,043","27,043","0,00%"
"07.07.2020","27,042","27,042","27,042","27,042","-0,65%"
"06.07.2020","27,218","27,218","27,218","27,218","1,08%"
"03.07.2020","26,928","26,928","26,928","26,928","-0,23%"
"02.07.2020","26,989","26,989","26,989","26,989","1,10%"
"01.07.2020","26,697","26,697","26,697","26,697","0,17%"
"30.06.2020","26,651","26,651","26,651","26,651","1,30%"
"29.06.2020","26,309","26,309","26,309","26,309","0,52%"
"26.06.2020","26,172","26,172","26,172","26,172","-1,55%"
"25.06.2020","26,583","26,583","26,583","26,583","1,17%"
"24.06.2020","26,277","26,277","26,277","26,277","-2,00%"
"23.06.2020","26,813","26,813","26,813","26,813","0,07%"
"22.06.2020","26,794","26,794","26,794","26,794","-0,17%"
"19.06.2020","26,840","26,840","26,840","26,840","0,03%"
"18.06.2020","26,831","26,831","26,831","26,831","-0,07%"
"17.06.2020","26,851","26,851","26,851","26,851","0,09%"
"16.06.2020","26,827","26,827","26,827","26,827","2,53%"
"15.06.2020","26,165","26,165","26,165","26,165","0,08%"
"12.06.2020","26,146","26,146","26,146","26,146","1,68%"
"11.06.2020","25,715","25,715","25,715","25,715","-5,21%"
"10.06.2020","27,129","27,129","27,129","27,129","-0,33%"
"09.06.2020","27,218","27,218","27,218","27,218","-1,02%"
"08.06.2020","27,498","27,498","27,498","27,498","1,05%"
"05.06.2020","27,212","27,212","27,212","27,212","2,45%"
"04.06.2020","26,560","26,560","26,560","26,560","-1,27%"
"03.06.2020","26,900","26,900","26,900","26,900","1,24%"
"02.06.2020","26,572","26,572","26,572","26,572","0,72%"
"01.06.2020","26,383","26,383","26,383","26,383","0,63%"
"29.05.2020","26,218","26,218","26,218","26,218","-0,62%"
"28.05.2020","26,382","26,382","26,382","26,382","-0,20%"
"27.05.2020","26,437","26,437","26,437","26,437","1,18%"
"26.05.2020","26,129","26,129","26,129","26,129","0,72%"
"25.05.2020","25,942","25,942","25,942","25,942","0,45%"
"22.05.2020","25,826","25,826","25,826","25,826","0,37%"
"21.05.2020","25,730","25,730","25,730","25,730","-0,39%"
"20.05.2020","25,830","25,830","25,830","25,830","1,08%"
"19.05.2020","25,554","25,554","25,554","25,554","-1,17%"
"18.05.2020","25,856","25,856","25,856","25,856","2,66%"
"15.05.2020","25,185","25,185","25,185","25,185","0,40%"
"14.05.2020","25,086","25,086","25,086","25,086","0,32%"
"13.05.2020","25,005","25,005","25,005","25,005","-1,43%"
"12.05.2020","25,367","25,367","25,367","25,367","-1,73%"
"11.05.2020","25,812","25,812","25,812","25,812","0,37%"
"08.05.2020","25,717","25,717","25,717","25,717","0,88%"
"07.05.2020","25,492","25,492","25,492","25,492","1,15%"
"06.05.2020","25,202","25,202","25,202","25,202","-0,13%"
"05.05.2020","25,234","25,234","25,234","25,234","-0,30%"
"28.04.2020","25,311","25,311","25,311","25,311","0,13%"
"27.04.2020","25,278","25,278","25,278","25,278","1,50%"
"24.04.2020","24,903","24,903","24,903","24,903","0,82%"
"23.04.2020","24,700","24,700","24,700","24,700","0,31%"
"22.04.2020","24,623","24,623","24,623","24,623","2,13%"
"21.04.2020","24,108","24,108","24,108","24,108","-2,86%"
"20.04.2020","24,818","24,818","24,818","24,818","-1,10%"
"17.04.2020","25,094","25,094","25,094","25,094","2,34%"
"16.04.2020","24,521","24,521","24,521","24,521","0,73%"
"15.04.2020","24,344","24,344","24,344","24,344","-1,75%"
"14.04.2020","24,778","24,778","24,778","24,778","1,92%"
"13.04.2020","24,310","24,310","24,310","24,310","-0,36%"
"09.04.2020","24,397","24,397","24,397","24,397","0,90%"
"08.04.2020","24,180","24,180","24,180","24,180","2,56%"
"07.04.2020","23,577","23,577","23,577","23,577","-0,19%"
"06.04.2020","23,621","23,621","23,621","23,621","6,03%"
"03.04.2020","22,278","22,278","22,278","22,278","-0,84%"
"02.04.2020","22,468","22,468","22,468","22,468","1,80%"
"01.04.2020","22,069","22,069","22,069","22,069","-3,45%"
"31.03.2020","22,857","22,857","22,857","22,857","-0,43%"
"30.03.2020","22,956","22,956","22,956","22,956","2,74%"
"27.03.2020","22,343","22,343","22,343","22,343","-2,92%"
"26.03.2020","23,015","23,015","23,015","23,015","3,25%"
"25.03.2020","22,289","22,289","22,289","22,289","2,14%"
"24.03.2020","21,823","21,823","21,823","21,823","8,42%"
"23.03.2020","20,128","20,128","20,128","20,128","-3,59%"
"20.03.2020","20,877","20,877","20,877","20,877","-2,45%"
"19.03.2020","21,401","21,401","21,401","21,401","1,97%"
"18.03.2020","20,987","20,987","20,987","20,987","-3,86%"
"17.03.2020","21,830","21,830","21,830","21,830","5,67%"
"16.03.2020","20,660","20,660","20,660","20,660","-10,04%"
"13.03.2020","22,964","22,964","22,964","22,964","6,03%"
"12.03.2020","21,659","21,659","21,659","21,659","-8,31%"
"11.03.2020","23,621","23,621","23,621","23,621","-3,36%"
"10.03.2020","24,442","24,442","24,442","24,442","3,56%"
"09.03.2020","23,602","23,602","23,602","23,602","-18,73%"
"06.03.2020","29,042","29,042","29,042","29,042","9,75%"
"05.03.2020","26,462","26,462","26,462","26,462","-2,70%"
"04.03.2020","27,196","27,196","27,196","27,196","3,26%"
"03.03.2020","26,336","26,336","26,336","26,336","-1,88%"
"02.03.2020","26,841","26,841","26,841","26,841","2,02%"
"28.02.2020","26,308","26,308","26,308","26,308","-1,65%"
"27.02.2020","26,748","26,748","26,748","26,748","-4,63%"
"26.02.2020","28,048","28,048","28,048","28,048","-0,49%"
"25.02.2020","28,185","28,185","28,185","28,185","-2,70%"
"24.02.2020","28,967","28,967","28,967","28,967","-3,03%"
"21.02.2020","29,871","29,871","29,871","29,871","-1,16%"
"20.02.2020","30,222","30,222","30,222","30,222","-0,54%"
"19.02.2020","30,385","30,385","30,385","30,385","0,68%"
"18.02.2020","30,180","30,180","30,180","30,180","-0,31%"
"17.02.2020","30,273","30,273","30,273","30,273","0,11%"
"14.02.2020","30,240","30,240","30,240","30,240","0,10%"
"13.02.2020","30,208","30,208","30,208","30,208","0,25%"
"12.02.2020","30,132","30,132","30,132","30,132","0,74%"
"11.02.2020","29,910","29,910","29,910","29,910","0,42%"
"10.02.2020","29,784","29,784","29,784","29,784","0,72%"
"07.02.2020","29,571","29,571","29,571","29,571","-0,36%"
"06.02.2020","29,677","29,677","29,677","29,677","0,72%"
"05.02.2020","29,465","29,465","29,465","29,465","1,24%"
"04.02.2020","29,103","29,103","29,103","29,103","1,53%"
"03.02.2020","28,664","28,664","28,664","28,664","0,60%"
"31.01.2020","28,492","28,492","28,492","28,492","-1,66%"
"30.01.2020","28,975","28,975","28,975","28,975","-0,38%"
"29.01.2020","29,087","29,087","29,087","29,087","0,06%"
"28.01.2020","29,069","29,069","29,069","29,069","0,81%"
"27.01.2020","28,836","28,836","28,836","28,836","-1,53%"
"24.01.2020","29,284","29,284","29,284","29,284","-0,26%"
"23.01.2020","29,361","29,361","29,361","29,361","0,10%"
"22.01.2020","29,330","29,330","29,330","29,330","0,24%"
"21.01.2020","29,260","29,260","29,260","29,260","-0,38%"
"20.01.2020","29,370","29,370","29,370","29,370","0,11%"
"17.01.2020","29,339","29,339","29,339","29,339","0,75%"
"16.01.2020","29,121","29,121","29,121","29,121","0,74%"
"15.01.2020","28,906","28,906","28,906","28,906","-0,13%"
"14.01.2020","28,943","28,943","28,943","28,943","0,14%"
"13.01.2020","28,903","28,903","28,903","28,903","0,25%"
"10.01.2020","28,831","28,831","28,831","28,831","-0,18%"
"09.01.2020","28,884","28,884","28,884","28,884","0,70%"
"08.01.2020","28,683","28,683","28,683","28,683","0,39%"
"07.01.2020","28,571","28,571","28,571","28,571","0,36%"
"06.01.2020","28,470","28,470","28,470","28,470","-0,17%"
"03.01.2020","28,517","28,517","28,517","28,517","-0,22%"
"02.01.2020","28,579","28,579","28,579","28,579","0,96%"
"31.12.2019","28,307","28,307","28,307","28,307","0,03%"
"30.12.2019","28,297","28,297","28,297","28,297","-0,84%"
"27.12.2019","28,537","28,537","28,537","28,537","-0,37%"
"26.12.2019","28,643","28,643","28,643","28,643","0,28%"
"24.12.2019","28,562","28,562","28,562","28,562","0,03%"
"23.12.2019","28,553","28,553","28,553","28,553","0,01%"
"20.12.2019","28,549","28,549","28,549","28,549","0,68%"
"19.12.2019","28,356","28,356","28,356","28,356","0,41%"
"18.12.2019","28,241","28,241","28,241","28,241","0,12%"
"17.12.2019","28,208","28,208","28,208","28,208","-0,19%"
"16.12.2019","28,261","28,261","28,261","28,261","0,76%"
"13.12.2019","28,049","28,049","28,049","28,049","0,29%"
"12.12.2019","27,969","27,969","27,969","27,969","0,34%"
"11.12.2019","27,873","27,873","27,873","27,873","0,26%"
"10.12.2019","27,799","27,799","27,799","27,799","-0,30%"
"09.12.2019","27,883","27,883","27,883","27,883","-0,35%"
"06.12.2019","27,980","27,980","27,980","27,980","1,18%"
"05.12.2019","27,654","27,654","27,654","27,654","0,10%"
"04.12.2019","27,625","27,625","27,625","27,625","0,55%"
"03.12.2019","27,474","27,474","27,474","27,474","-0,68%"
"02.12.2019","27,663","27,663","27,663","27,663","-1,10%"
"29.11.2019","27,972","27,972","27,972","27,972","-0,58%"
"28.11.2019","28,134","28,134","28,134","28,134","-0,10%"
"27.11.2019","28,161","28,161","28,161","28,161","0,48%"
"26.11.2019","28,025","28,025","28,025","28,025","0,16%"
"25.11.2019","27,981","27,981","27,981","27,981","0,94%"
"22.11.2019","27,721","27,721","27,721","27,721","0,54%"
"21.11.2019","27,572","27,572","27,572","27,572","-0,28%"
"20.11.2019","27,650","27,650","27,650","27,650","-0,30%"
"19.11.2019","27,734","27,734","27,734","27,734","-0,02%"
"18.11.2019","27,741","27,741","27,741","27,741","-0,13%"
"15.11.2019","27,776","27,776","27,776","27,776","0,32%"
"14.11.2019","27,688","27,688","27,688","27,688","-0,08%"
"13.11.2019","27,711","27,711","27,711","27,711","0,00%"
"12.11.2019","27,710","27,710","27,710","27,710","0,37%"
"11.11.2019","27,608","27,608","27,608","27,608","-0,22%"
"08.11.2019","27,670","27,670","27,670","27,670","0,31%"
"07.11.2019","27,584","27,584","27,584","27,584","0,53%"
"06.11.2019","27,438","27,438","27,438","27,438","0,10%"
"05.11.2019","27,410","27,410","27,410","27,410","0,58%"
"04.11.2019","27,251","27,251","27,251","27,251","0,59%"
"01.11.2019","27,090","27,090","27,090","27,090","0,72%"
"31.10.2019","26,898","26,898","26,898","26,898","-0,46%"
"30.10.2019","27,022","27,022","27,022","27,022","0,13%"
"29.10.2019","26,987","26,987","26,987","26,987","-0,13%"
"28.10.2019","27,022","27,022","27,022","27,022","0,38%"
"25.10.2019","26,921","26,921","26,921","26,921","0,44%"
"24.10.2019","26,802","26,802","26,802","26,802","0,44%"
"23.10.2019","26,685","26,685","26,685","26,685","0,32%"
"22.10.2019","26,600","26,600","26,600","26,600","-0,09%"
"21.10.2019","26,624","26,624","26,624","26,624","0,58%"
"18.10.2019","26,471","26,471","26,471","26,471","-0,51%"
"17.10.2019","26,607","26,607","26,607","26,607","-0,29%"
"16.10.2019","26,684","26,684","26,684","26,684","-0,22%"
"15.10.2019","26,743","26,743","26,743","26,743","0,92%"
"14.10.2019","26,499","26,499","26,499","26,499","-0,10%"
"11.10.2019","26,524","26,524","26,524","26,524","1,16%"
"10.10.2019","26,221","26,221","26,221","26,221","0,29%"
"09.10.2019","26,144","26,144","26,144","26,144","0,43%"
"08.10.2019","26,031","26,031","26,031","26,031","-0,94%"
"07.10.2019","26,278","26,278","26,278","26,278","-0,23%"
"04.10.2019","26,340","26,340","26,340","26,340","1,10%"
"03.10.2019","26,053","26,053","26,053","26,053","0,13%"
"02.10.2019","26,021","26,021","26,021","26,021","-1,97%"
"01.10.2019","26,543","26,543","26,543","26,543","-1,13%"
"30.09.2019","26,846","26,846","26,846","26,846","0,64%"
"27.09.2019","26,676","26,676","26,676","26,676","-0,34%"
"26.09.2019","26,768","26,768","26,768","26,768","0,11%"
"25.09.2019","26,738","26,738","26,738","26,738","0,46%"
"24.09.2019","26,615","26,615","26,615","26,615","-0,54%"
"23.09.2019","26,760","26,760","26,760","26,760","-0,03%"
"20.09.2019","26,767","26,767","26,767","26,767","0,09%"
"19.09.2019","26,744","26,744","26,744","26,744","0,20%"
"18.09.2019","26,692","26,692","26,692","26,692","-0,12%"
"17.09.2019","26,725","26,725","26,725","26,725","-0,20%"
"16.09.2019","26,779","26,779","26,779","26,779","0,34%"
"13.09.2019","26,690","26,690","26,690","26,690","-0,29%"
"12.09.2019","26,767","26,767","26,767","26,767","0,04%"
"11.09.2019","26,757","26,757","26,757","26,757","1,10%"
"10.09.2019","26,466","26,466","26,466","26,466","0,19%"
"09.09.2019","26,415","26,415","26,415","26,415","-0,11%"
"06.09.2019","26,443","26,443","26,443","26,443","0,19%"
"05.09.2019","26,393","26,393","26,393","26,393","1,03%"
"04.09.2019","26,125","26,125","26,125","26,125","0,46%"
"03.09.2019","26,004","26,004","26,004","26,004","-0,40%"
"02.09.2019","26,108","26,108","26,108","26,108","0,32%"
"30.08.2019","26,025","26,025","26,025","26,025","0,75%"
"29.08.2019","25,831","25,831","25,831","25,831","1,09%"
"28.08.2019","25,551","25,551","25,551","25,551","0,57%"
"27.08.2019","25,405","25,405","25,405","25,405","0,10%"
"26.08.2019","25,381","25,381","25,381","25,381","0,45%"
"23.08.2019","25,267","25,267","25,267","25,267","-1,96%"
"22.08.2019","25,772","25,772","25,772","25,772","-0,11%"
"21.08.2019","25,802","25,802","25,802","25,802","0,77%"
"20.08.2019","25,606","25,606","25,606","25,606","-0,50%"
"19.08.2019","25,735","25,735","25,735","25,735","1,18%"
"16.08.2019","25,434","25,434","25,434","25,434","1,28%"
"15.08.2019","25,113","25,113","25,113","25,113","0,24%"
"14.08.2019","25,053","25,053","25,053","25,053","-1,90%"
"13.08.2019","25,538","25,538","25,538","25,538","1,07%"
"12.08.2019","25,268","25,268","25,268","25,268","-0,98%"
"09.08.2019","25,518","25,518","25,518","25,518","-0,54%"
"08.08.2019","25,656","25,656","25,656","25,656","1,73%"
"07.08.2019","25,219","25,219","25,219","25,219","-0,03%"
"06.08.2019","25,226","25,226","25,226","25,226","0,55%"
"05.08.2019","25,087","25,087","25,087","25,087","-3,17%"
"02.08.2019","25,909","25,909","25,909","25,909","-1,45%"
"01.08.2019","26,291","26,291","26,291","26,291","0,03%"
"31.07.2019","26,284","26,284","26,284","26,284","-0,67%"
"30.07.2019","26,460","26,460","26,460","26,460","-0,48%"
"29.07.2019","26,587","26,587","26,587","26,587","-0,19%"
"26.07.2019","26,638","26,638","26,638","26,638","0,69%"
"25.07.2019","26,456","26,456","26,456","26,456","-0,62%"
"24.07.2019","26,622","26,622","26,622","26,622","0,44%"
"23.07.2019","26,507","26,507","26,507","26,507","1,19%"
"22.07.2019","26,194","26,194","26,194","26,194","0,14%"
"19.07.2019","26,157","26,157","26,157","26,157","-0,20%"
"18.07.2019","26,210","26,210","26,210","26,210","0,10%"
"17.07.2019","26,185","26,185","26,185","26,185","-0,49%"
"16.07.2019","26,313","26,313","26,313","26,313","0,06%"
"15.07.2019","26,297","26,297","26,297","26,297","-0,01%"
"12.07.2019","26,299","26,299","26,299","26,299","0,35%"
"11.07.2019","26,208","26,208","26,208","26,208","0,16%"
"10.07.2019","26,166","26,166","26,166","26,166","-0,05%"
"09.07.2019","26,180","26,180","26,180","26,180","0,05%"
"08.07.2019","26,167","26,167","26,167","26,167","-0,44%"
"05.07.2019","26,281","26,281","26,281","26,281","0,10%"
"04.07.2019","26,254","26,254","26,254","26,254","0,08%"
"03.07.2019","26,235","26,235","26,235","26,235","0,80%"
"02.07.2019","26,025","26,025","26,025","26,025","0,55%"
"01.07.2019","25,883","25,883","25,883","25,883","1,20%"
"28.06.2019","25,575","25,575","25,575","25,575","0,38%"
"27.06.2019","25,479","25,479","25,479","25,479","0,47%"
"26.06.2019","25,361","25,361","25,361","25,361","-0,18%"
"25.06.2019","25,406","25,406","25,406","25,406","-0,60%"
"24.06.2019","25,560","25,560","25,560","25,560","-0,60%"
"21.06.2019","25,715","25,715","25,715","25,715","-0,49%"
"20.06.2019","25,843","25,843","25,843","25,843","0,34%"
"19.06.2019","25,756","25,756","25,756","25,756","0,24%"
"18.06.2019","25,694","25,694","25,694","25,694","1,31%"
"17.06.2019","25,361","25,361","25,361","25,361","-0,02%"
"14.06.2019","25,368","25,368","25,368","25,368","0,15%"
"13.06.2019","25,331","25,331","25,331","25,331","0,56%"
"12.06.2019","25,189","25,189","25,189","25,189","-0,30%"
"11.06.2019","25,265","25,265","25,265","25,265","0,21%"
"10.06.2019","25,213","25,213","25,213","25,213","0,61%"
"07.06.2019","25,061","25,061","25,061","25,061","0,59%"
"06.06.2019","24,913","24,913","24,913","24,913","0,23%"
"05.06.2019","24,855","24,855","24,855","24,855","0,62%"
"04.06.2019","24,702","24,702","24,702","24,702","1,31%"
"03.06.2019","24,382","24,382","24,382","24,382","-0,57%"
"31.05.2019","24,522","24,522","24,522","24,522","-1,12%"
"30.05.2019","24,799","24,799","24,799","24,799","0,24%"
"29.05.2019","24,740","24,740","24,740","24,740","-0,66%"
"28.05.2019","24,904","24,904","24,904","24,904","-0,41%"
"27.05.2019","25,006","25,006","25,006","25,006","0,18%"
"24.05.2019","24,961","24,961","24,961","24,961","-0,11%"
"23.05.2019","24,988","24,988","24,988","24,988","-1,10%"
"22.05.2019","25,266","25,266","25,266","25,266","-0,03%"
"21.05.2019","25,273","25,273","25,273","25,273","0,49%"
"20.05.2019","25,150","25,150","25,150","25,150","-0,64%"
"17.05.2019","25,312","25,312","25,312","25,312","-0,20%"
"16.05.2019","25,363","25,363","25,363","25,363","0,97%"
"15.05.2019","25,119","25,119","25,119","25,119","0,68%"
"14.05.2019","24,950","24,950","24,950","24,950","0,88%"
"13.05.2019","24,732","24,732","24,732","24,732","-1,86%"
"10.05.2019","25,200","25,200","25,200","25,200","0,16%"
"09.05.2019","25,160","25,160","25,160","25,160","-0,79%"
"08.05.2019","25,360","25,360","25,360","25,360","-0,29%"
"07.05.2019","25,433","25,433","25,433","25,433","-1,37%"
"06.05.2019","25,785","25,785","25,785","25,785","-0,50%"
"03.05.2019","25,914","25,914","25,914","25,914","0,68%"
"02.05.2019","25,738","25,738","25,738","25,738","0,12%"
"01.05.2019","25,707","25,707","25,707","25,707","-0,63%"
"30.04.2019","25,871","25,871","25,871","25,871","-0,21%"
"29.04.2019","25,926","25,926","25,926","25,926","0,01%"
"26.04.2019","25,925","25,925","25,925","25,925","0,23%"
"25.04.2019","25,865","25,865","25,865","25,865","0,38%"
"24.04.2019","25,767","25,767","25,767","25,767","-0,15%"
"23.04.2019","25,806","25,806","25,806","25,806","0,98%"
"22.04.2019","25,557","25,557","25,557","25,557","-0,04%"
"18.04.2019","25,568","25,568","25,568","25,568","0,55%"
"17.04.2019","25,427","25,427","25,427","25,427","-0,12%"
"16.04.2019","25,456","25,456","25,456","25,456","0,18%"
"15.04.2019","25,411","25,411","25,411","25,411","0,14%"
"12.04.2019","25,377","25,377","25,377","25,377","0,19%"
"11.04.2019","25,328","25,328","25,328","25,328","-0,26%"
"10.04.2019","25,395","25,395","25,395","25,395","0,43%"
"09.04.2019","25,287","25,287","25,287","25,287","-0,54%"
"08.04.2019","25,423","25,423","25,423","25,423","-0,20%"
"05.04.2019","25,473","25,473","25,473","25,473","0,28%"
"04.04.2019","25,402","25,402","25,402","25,402","0,19%"
"03.04.2019","25,355","25,355","25,355","25,355","0,18%"
"02.04.2019","25,308","25,308","25,308","25,308","0,27%"
"01.04.2019","25,240","25,240","25,240","25,240","1,15%"
"29.03.2019","24,954","24,954","24,954","24,954","0,74%"
"28.03.2019","24,771","24,771","24,771","24,771","0,22%"
"27.03.2019","24,716","24,716","24,716","24,716","-0,07%"
"26.03.2019","24,734","24,734","24,734","24,734","1,06%"
"25.03.2019","24,475","24,475","24,475","24,475","-0,66%"
"22.03.2019","24,637","24,637","24,637","24,637","-0,87%"
"21.03.2019","24,854","24,854","24,854","24,854","0,69%"
"20.03.2019","24,684","24,684","24,684","24,684","-0,44%"
"19.03.2019","24,793","24,793","24,793","24,793","-0,02%"
"18.03.2019","24,798","24,798","24,798","24,798","0,34%"
"15.03.2019","24,715","24,715","24,715","24,715","0,47%"
"14.03.2019","24,600","24,600","24,600","24,600","0,04%"
"13.03.2019","24,590","24,590","24,590","24,590","0,34%"
"12.03.2019","24,506","24,506","24,506","24,506","-0,09%"
"11.03.2019","24,527","24,527","24,527","24,527","1,30%"
"08.03.2019","24,212","24,212","24,212","24,212","-0,52%"
"07.03.2019","24,339","24,339","24,339","24,339","-0,08%"
"06.03.2019","24,359","24,359","24,359","24,359","-0,46%"
"05.03.2019","24,472","24,472","24,472","24,472","0,00%"
"04.03.2019","24,472","24,472","24,472","24,472","0,25%"
"01.03.2019","24,412","24,412","24,412","24,412","0,57%"
"28.02.2019","24,274","24,274","24,274","24,274","-0,31%"
"27.02.2019","24,351","24,351","24,351","24,351","-0,24%"
"26.02.2019","24,410","24,410","24,410","24,410","-0,03%"
"25.02.2019","24,418","24,418","24,418","24,418","0,11%"
"22.02.2019","24,392","24,392","24,392","24,392","0,60%"
"21.02.2019","24,247","24,247","24,247","24,247","-0,33%"
"20.02.2019","24,326","24,326","24,326","24,326","0,31%"
"19.02.2019","24,250","24,250","24,250","24,250","-0,09%"
"18.02.2019","24,272","24,272","24,272","24,272","-0,14%"
"15.02.2019","24,307","24,307","24,307","24,307","1,04%"
"14.02.2019","24,058","24,058","24,058","24,058","-0,05%"
"13.02.2019","24,070","24,070","24,070","24,070","0,43%"
"12.02.2019","23,967","23,967","23,967","23,967","0,96%"
"11.02.2019","23,740","23,740","23,740","23,740","0,57%"
"08.02.2019","23,605","23,605","23,605","23,605","-0,06%"
"07.02.2019","23,618","23,618","23,618","23,618","-0,84%"
"06.02.2019","23,819","23,819","23,819","23,819","0,07%"
"05.02.2019","23,801","23,801","23,801","23,801","0,83%"
"04.02.2019","23,606","23,606","23,606","23,606","0,75%"
"01.02.2019","23,430","23,430","23,430","23,430","0,11%"
"31.01.2019","23,403","23,403","23,403","23,403","0,52%"
"30.01.2019","23,282","23,282","23,282","23,282","0,99%"
"29.01.2019","23,054","23,054","23,054","23,054","0,14%"
"28.01.2019","23,022","23,022","23,022","23,022","-0,96%"
"25.01.2019","23,245","23,245","23,245","23,245","0,56%"
"24.01.2019","23,115","23,115","23,115","23,115","0,37%"
"23.01.2019","23,031","23,031","23,031","23,031","-0,13%"
"22.01.2019","23,060","23,060","23,060","23,060","-0,97%"
"21.01.2019","23,285","23,285","23,285","23,285","0,02%"
"18.01.2019","23,281","23,281","23,281","23,281","1,39%"
"17.01.2019","22,962","22,962","22,962","22,962","0,54%"
"16.01.2019","22,838","22,838","22,838","22,838","0,54%"
"15.01.2019","22,715","22,715","22,715","22,715","1,04%"
"14.01.2019","22,481","22,481","22,481","22,481","-0,37%"
"11.01.2019","22,564","22,564","22,564","22,564","0,36%"
"10.01.2019","22,484","22,484","22,484","22,484","0,26%"
"09.01.2019","22,425","22,425","22,425","22,425","0,19%"
"08.01.2019","22,382","22,382","22,382","22,382","1,07%"
"07.01.2019","22,146","22,146","22,146","22,146","0,30%"
"04.01.2019","22,079","22,079","22,079","22,079","2,65%"
"03.01.2019","21,509","21,509","21,509","21,509","-1,85%"
"02.01.2019","21,915","21,915","21,915","21,915","0,57%"
"31.12.2018","21,790","21,790","21,790","21,790","0,68%"
"28.12.2018","21,643","21,643","21,643","21,643","0,19%"
"27.12.2018","21,603","21,603","21,603","21,603","0,73%"
"26.12.2018","21,447","21,447","21,447","21,447","2,72%"
"24.12.2018","20,879","20,879","20,879","20,879","-1,79%"
"21.12.2018","21,259","21,259","21,259","21,259","-1,42%"
"20.12.2018","21,564","21,564","21,564","21,564","-1,52%"
"19.12.2018","21,897","21,897","21,897","21,897","-1,38%"
"18.12.2018","22,203","22,203","22,203","22,203","-0,49%"
"17.12.2018","22,312","22,312","22,312","22,312","-1,79%"
"14.12.2018","22,718","22,718","22,718","22,718","-1,17%"
"13.12.2018","22,988","22,988","22,988","22,988","0,10%"
"12.12.2018","22,965","22,965","22,965","22,965","0,71%"
"11.12.2018","22,803","22,803","22,803","22,803","0,05%"
"07.12.2018","22,792","22,792","22,792","22,792","-1,35%"
"06.12.2018","23,104","23,104","23,104","23,104","-1,24%"
"05.12.2018","23,395","23,395","23,395","23,395","-0,31%"
"04.12.2018","23,468","23,468","23,468","23,468","-2,48%"
"03.12.2018","24,065","24,065","24,065","24,065","1,01%"
"30.11.2018","23,825","23,825","23,825","23,825","0,95%"
"29.11.2018","23,601","23,601","23,601","23,601","-0,71%"
"28.11.2018","23,770","23,770","23,770","23,770","1,55%"
"27.11.2018","23,407","23,407","23,407","23,407","0,49%"
"26.11.2018","23,292","23,292","23,292","23,292","1,26%"
"23.11.2018","23,002","23,002","23,002","23,002","0,15%"
"22.11.2018","22,967","22,967","22,967","22,967","-0,13%"
"21.11.2018","22,997","22,997","22,997","22,997","0,49%"
"20.11.2018","22,884","22,884","22,884","22,884","-1,20%"
"19.11.2018","23,163","23,163","23,163","23,163","-1,59%"
"16.11.2018","23,538","23,538","23,538","23,538","-0,45%"
"15.11.2018","23,645","23,645","23,645","23,645","0,48%"
"14.11.2018","23,532","23,532","23,532","23,532","-0,74%"
"13.11.2018","23,706","23,706","23,706","23,706","-0,36%"
"12.11.2018","23,791","23,791","23,791","23,791","-0,83%"
"09.11.2018","23,990","23,990","23,990","23,990","-0,28%"
"08.11.2018","24,058","24,058","24,058","24,058","0,33%"
"07.11.2018","23,980","23,980","23,980","23,980","1,23%"
"06.11.2018","23,688","23,688","23,688","23,688","0,29%"
"05.11.2018","23,620","23,620","23,620","23,620","0,06%"
"02.11.2018","23,605","23,605","23,605","23,605","-0,10%"
"01.11.2018","23,629","23,629","23,629","23,629","0,41%"
"31.10.2018","23,531","23,531","23,531","23,531","1,54%"
"30.10.2018","23,175","23,175","23,175","23,175","1,26%"
"29.10.2018","22,886","22,886","22,886","22,886","-0,48%"
"26.10.2018","22,997","22,997","22,997","22,997","-1,07%"
"25.10.2018","23,245","23,245","23,245","23,245","1,02%"
"24.10.2018","23,009","23,009","23,009","23,009","-1,74%"
"23.10.2018","23,418","23,418","23,418","23,418","-0,85%"
"22.10.2018","23,619","23,619","23,619","23,619","-0,20%"
"19.10.2018","23,668","23,668","23,668","23,668","-0,09%"
"18.10.2018","23,690","23,690","23,690","23,690","-0,85%"
"17.10.2018","23,894","23,894","23,894","23,894","0,30%"
"16.10.2018","23,822","23,822","23,822","23,822","1,87%"
"15.10.2018","23,384","23,384","23,384","23,384","-0,62%"
"12.10.2018","23,530","23,530","23,530","23,530","0,83%"
"11.10.2018","23,337","23,337","23,337","23,337","-2,33%"
"10.10.2018","23,895","23,895","23,895","23,895","-2,84%"
"09.10.2018","24,593","24,593","24,593","24,593","-0,14%"
"08.10.2018","24,627","24,627","24,627","24,627","-0,03%"
"05.10.2018","24,636","24,636","24,636","24,636","-0,61%"
"04.10.2018","24,788","24,788","24,788","24,788","-0,61%"
"03.10.2018","24,941","24,941","24,941","24,941","0,15%"
"02.10.2018","24,903","24,903","24,903","24,903","-0,02%"
"01.10.2018","24,908","24,908","24,908","24,908","0,51%"
"28.09.2018","24,780","24,780","24,780","24,780","0,32%"
"27.09.2018","24,702","24,702","24,702","24,702","0,53%"
"26.09.2018","24,571","24,571","24,571","24,571","0,21%"
"25.09.2018","24,521","24,521","24,521","24,521","0,04%"
"24.09.2018","24,510","24,510","24,510","24,510","-0,56%"
"21.09.2018","24,649","24,649","24,649","24,649","0,12%"
"20.09.2018","24,619","24,619","24,619","24,619","0,19%"
"19.09.2018","24,573","24,573","24,573","24,573","0,51%"
"18.09.2018","24,448","24,448","24,448","24,448","0,40%"
"17.09.2018","24,351","24,351","24,351","24,351","-0,42%"
"14.09.2018","24,453","24,453","24,453","24,453","0,20%"
"13.09.2018","24,405","24,405","24,405","24,405","0,05%"
"12.09.2018","24,392","24,392","24,392","24,392","-0,05%"
"11.09.2018","24,403","24,403","24,403","24,403","0,34%"
"10.09.2018","24,321","24,321","24,321","24,321","0,12%"
"07.09.2018","24,292","24,292","24,292","24,292","0,06%"
"06.09.2018","24,278","24,278","24,278","24,278","-0,37%"
"05.09.2018","24,369","24,369","24,369","24,369","-1,06%"
"04.09.2018","24,630","24,630","24,630","24,630","0,12%"
"03.09.2018","24,602","24,602","24,602","24,602","-0,01%"
"31.08.2018","24,605","24,605","24,605","24,605","-0,14%"
"30.08.2018","24,639","24,639","24,639","24,639","-0,05%"
"29.08.2018","24,652","24,652","24,652","24,652","0,50%"
"28.08.2018","24,530","24,530","24,530","24,530","-0,25%"
"27.08.2018","24,591","24,591","24,591","24,591","0,54%"
"24.08.2018","24,458","24,458","24,458","24,458","0,06%"
"23.08.2018","24,442","24,442","24,442","24,442","-0,04%"
"22.08.2018","24,454","24,454","24,454","24,454","-0,55%"
"21.08.2018","24,588","24,588","24,588","24,588","-0,44%"
"20.08.2018","24,698","24,698","24,698","24,698","0,19%"
"17.08.2018","24,650","24,650","24,650","24,650","0,18%"
"16.08.2018","24,606","24,606","24,606","24,606","-0,00%"
"15.08.2018","24,607","24,607","24,607","24,607","-0,41%"
"14.08.2018","24,709","24,709","24,709","24,709","0,85%"
"13.08.2018","24,499","24,499","24,499","24,499","-0,49%"
"10.08.2018","24,621","24,621","24,621","24,621","0,12%"
"09.08.2018","24,592","24,592","24,592","24,592","0,26%"
"08.08.2018","24,529","24,529","24,529","24,529","-0,19%"
"07.08.2018","24,575","24,575","24,575","24,575","0,21%"
"06.08.2018","24,525","24,525","24,525","24,525","0,37%"
"03.08.2018","24,434","24,434","24,434","24,434","0,50%"
"02.08.2018","24,312","24,312","24,312","24,312","0,50%"
"01.08.2018","24,191","24,191","24,191","24,191","0,07%"
"31.07.2018","24,174","24,174","24,174","24,174","0,26%"
"30.07.2018","24,111","24,111","24,111","24,111","-0,86%"
"27.07.2018","24,321","24,321","24,321","24,321","-0,21%"
"26.07.2018","24,372","24,372","24,372","24,372","0,14%"
"25.07.2018","24,339","24,339","24,339","24,339","0,77%"
"24.07.2018","24,153","24,153","24,153","24,153","0,54%"
"23.07.2018","24,024","24,024","24,024","24,024","0,10%"
"20.07.2018","24,000","24,000","24,000","24,000","-0,61%"
"19.07.2018","24,147","24,147","24,147","24,147","-0,15%"
"18.07.2018","24,182","24,182","24,182","24,182","0,54%"
"17.07.2018","24,052","24,052","24,052","24,052","0,46%"
"16.07.2018","23,941","23,941","23,941","23,941","-0,43%"
"13.07.2018","24,044","24,044","24,044","24,044","0,32%"
"12.07.2018","23,967","23,967","23,967","23,967","0,96%"
"11.07.2018","23,739","23,739","23,739","23,739","-0,88%"
"10.07.2018","23,949","23,949","23,949","23,949","0,62%"
"09.07.2018","23,803","23,803","23,803","23,803","0,76%"
"06.07.2018","23,624","23,624","23,624","23,624","0,37%"
"05.07.2018","23,536","23,536","23,536","23,536","0,23%"
"04.07.2018","23,481","23,481","23,481","23,481","0,06%"
"03.07.2018","23,468","23,468","23,468","23,468","-0,37%"
"02.07.2018","23,554","23,554","23,554","23,554","0,24%"
"29.06.2018","23,497","23,497","23,497","23,497","-0,43%"
"28.06.2018","23,598","23,598","23,598","23,598","0,39%"
"27.06.2018","23,506","23,506","23,506","23,506","-0,03%"
"26.06.2018","23,514","23,514","23,514","23,514","0,31%"
"25.06.2018","23,441","23,441","23,441","23,441","-1,80%"
"22.06.2018","23,869","23,869","23,869","23,869","0,16%"
"21.06.2018","23,830","23,830","23,830","23,830","-0,73%"
"20.06.2018","24,006","24,006","24,006","24,006","0,17%"
"19.06.2018","23,964","23,964","23,964","23,964","-0,25%"
"18.06.2018","24,024","24,024","24,024","24,024","-0,42%"
"15.06.2018","24,126","24,126","24,126","24,126","-0,02%"
"14.06.2018","24,130","24,130","24,130","24,130","1,10%"
"13.06.2018","23,868","23,868","23,868","23,868","-0,07%"
"12.06.2018","23,884","23,884","23,884","23,884","0,23%"
"11.06.2018","23,830","23,830","23,830","23,830","-0,10%"
"08.06.2018","23,853","23,853","23,853","23,853","0,57%"
"07.06.2018","23,717","23,717","23,717","23,717","-0,37%"
"06.06.2018","23,806","23,806","23,806","23,806","-0,14%"
"05.06.2018","23,838","23,838","23,838","23,838","0,13%"
"04.06.2018","23,808","23,808","23,808","23,808","0,30%"
"01.06.2018","23,736","23,736","23,736","23,736","0,94%"
"31.05.2018","23,515","23,515","23,515","23,515","-0,85%"
"30.05.2018","23,718","23,718","23,718","23,718","0,36%"
"29.05.2018","23,632","23,632","23,632","23,632","-0,59%"
"28.05.2018","23,772","23,772","23,772","23,772","0,14%"
"25.05.2018","23,740","23,740","23,740","23,740","0,27%"
"24.05.2018","23,676","23,676","23,676","23,676","-0,41%"
"23.05.2018","23,773","23,773","23,773","23,773","0,26%"
"22.05.2018","23,712","23,712","23,712","23,712","-0,27%"
"21.05.2018","23,777","23,777","23,777","23,777","0,71%"
"18.05.2018","23,610","23,610","23,610","23,610","-0,02%"
"17.05.2018","23,614","23,614","23,614","23,614","0,10%"
"16.05.2018","23,590","23,590","23,590","23,590","0,80%"
"15.05.2018","23,403","23,403","23,403","23,403","0,14%"
"14.05.2018","23,369","23,369","23,369","23,369","0,00%"
"11.05.2018","23,369","23,369","23,369","23,369","-0,11%"
"10.05.2018","23,396","23,396","23,396","23,396","0,43%"
"09.05.2018","23,296","23,296","23,296","23,296","0,77%"
"08.05.2018","23,117","23,117","23,117","23,117","0,42%"
"07.05.2018","23,021","23,021","23,021","23,021","0,51%"
"04.05.2018","22,905","22,905","22,905","22,905","1,08%"
"03.05.2018","22,661","22,661","22,661","22,661","-0,26%"
"02.05.2018","22,720","22,720","22,720","22,720","-0,06%"
"01.05.2018","22,734","22,734","22,734","22,734","0,70%"
"30.04.2018","22,576","22,576","22,576","22,576","-0,34%"
"27.04.2018","22,654","22,654","22,654","22,654","0,29%"
"26.04.2018","22,588","22,588","22,588","22,588","1,26%"
"25.04.2018","22,307","22,307","22,307","22,307","0,13%"
"24.04.2018","22,278","22,278","22,278","22,278","-0,69%"
"23.04.2018","22,433","22,433","22,433","22,433","0,36%"
"20.04.2018","22,354","22,354","22,354","22,354","-0,00%"
"19.04.2018","22,354","22,354","22,354","22,354","-0,32%"
"18.04.2018","22,425","22,425","22,425","22,425","0,14%"
"17.04.2018","22,393","22,393","22,393","22,393","0,92%"
"16.04.2018","22,190","22,190","22,190","22,190","0,27%"
"13.04.2018","22,129","22,129","22,129","22,129","-0,16%"
"12.04.2018","22,165","22,165","22,165","22,165","0,96%"
"11.04.2018","21,955","22,108","21,955","21,955","0,40%"
"06.04.2018","21,867","21,867","21,867","21,867","-1,58%"
"05.04.2018","22,219","22,219","22,219","22,219","1,53%"
"04.04.2018","21,883","21,883","21,883","21,883","0,48%"
"03.04.2018","21,779","21,779","21,779","21,779","0,79%"
"02.04.2018","21,608","21,608","21,608","21,608","-1,46%"
"29.03.2018","21,928","21,928","21,928","21,928","1,31%"
"28.03.2018","21,645","21,645","21,645","21,645","0,06%"
"27.03.2018","21,632","21,632","21,632","21,632","-0,27%"
"26.03.2018","21,692","21,692","21,692","21,692","0,93%"
"23.03.2018","21,492","21,492","21,492","21,492","-2,10%"
"22.03.2018","21,952","21,952","21,952","21,952","-2,09%"
"21.03.2018","22,421","22,421","22,421","22,421","-0,04%"
"20.03.2018","22,431","22,431","22,431","22,431","0,56%"
"19.03.2018","22,306","22,306","22,306","22,306","-1,51%"
"16.03.2018","22,646","22,646","22,646","22,646","0,37%"
"15.03.2018","22,562","22,562","22,562","22,562","0,28%"
"14.03.2018","22,500","22,500","22,500","22,500","-1,05%"
"09.03.2018","22,740","22,740","22,740","22,740","1,21%"
"08.03.2018","22,468","22,468","22,468","22,468","1,13%"
"07.03.2018","22,218","22,218","22,218","22,218","-0,10%"
"06.03.2018","22,241","22,241","22,241","22,241","-0,05%"
"05.03.2018","22,251","22,251","22,251","22,251","0,67%"
"02.03.2018","22,103","22,103","22,103","22,103","-1,07%"
"01.03.2018","22,343","22,343","22,343","22,343","-1,16%"
"28.02.2018","22,606","22,606","22,606","22,606","-0,76%"
"27.02.2018","22,780","22,780","22,780","22,780","-0,42%"
"26.02.2018","22,876","22,876","22,876","22,876","0,90%"
"23.02.2018","22,671","22,671","22,671","22,671","1,37%"
"22.02.2018","22,364","22,364","22,364","22,364","-0,03%"
"21.02.2018","22,372","22,372","22,372","22,372","-0,19%"
"20.02.2018","22,416","22,416","22,416","22,416","-0,02%"
"19.02.2018","22,419","22,419","22,419","22,419","0,27%"
"16.02.2018","22,358","22,358","22,358","22,358","0,58%"
"15.02.2018","22,229","22,229","22,229","22,229","0,69%"
"14.02.2018","22,075","22,075","22,075","22,075","0,81%"
"13.02.2018","21,897","21,897","21,897","21,897","-0,41%"
"12.02.2018","21,988","21,988","21,988","21,988","0,99%"
"09.02.2018","21,772","21,772","21,772","21,772","0,31%"
"08.02.2018","21,705","21,705","21,705","21,705","-2,37%"
"07.02.2018","22,232","22,232","22,232","22,232","0,58%"
"06.02.2018","22,104","22,104","22,104","22,104","0,33%"
"05.02.2018","22,031","22,031","22,031","22,031","-3,00%"
"02.02.2018","22,714","22,714","22,714","22,714","-1,59%"
"01.02.2018","23,081","23,081","23,081","23,081","-0,06%"
"31.01.2018","23,095","23,095","23,095","23,095","-0,40%"
"30.01.2018","23,188","23,188","23,188","23,188","-1,39%"
"29.01.2018","23,516","23,516","23,516","23,516","0,02%"
"26.01.2018","23,510","23,510","23,510","23,510","1,15%"
"25.01.2018","23,242","23,242","23,242","23,242","-0,87%"
"24.01.2018","23,447","23,447","23,447","23,447","-0,55%"
"23.01.2018","23,578","23,578","23,578","23,578","0,01%"
"22.01.2018","23,576","23,576","23,576","23,576","0,46%"
"19.01.2018","23,468","23,468","23,468","23,468","0,61%"
"18.01.2018","23,326","23,326","23,326","23,326","-0,12%"
"17.01.2018","23,353","23,353","23,353","23,353","0,43%"
"16.01.2018","23,253","23,253","23,253","23,253","0,08%"
"15.01.2018","23,234","23,234","23,234","23,234","-0,69%"
"12.01.2018","23,395","23,395","23,395","23,395","-0,21%"
"11.01.2018","23,443","23,443","23,443","23,443","-0,09%"
"10.01.2018","23,465","23,465","23,465","23,465","-0,35%"
"09.01.2018","23,547","23,547","23,547","23,547","0,52%"
"08.01.2018","23,425","23,425","23,425","23,425","0,56%"
"05.01.2018","23,294","23,294","23,294","23,294","0,97%"
"04.01.2018","23,070","23,070","23,070","23,070","0,38%"
"03.01.2018","22,983","22,983","22,983","22,983","0,70%"
"02.01.2018","22,823","22,823","22,823","22,823","0,28%"
"29.12.2017","22,759","22,759","22,759","22,759","-0,74%"
"28.12.2017","22,929","22,929","22,929","22,929","-0,24%"
"27.12.2017","22,984","22,984","22,984","22,984","0,01%"
"26.12.2017","22,983","22,983","22,983","22,983","-0,32%"
"22.12.2017","23,057","23,057","23,057","23,057","0,16%"
"21.12.2017","23,020","23,020","23,020","23,020","0,44%"
"20.12.2017","22,918","22,918","22,918","22,918","-0,58%"
"19.12.2017","23,052","23,052","23,052","23,052","-0,40%"
"18.12.2017","23,145","23,145","23,145","23,145","0,49%"
"15.12.2017","23,033","23,033","23,033","23,033","0,53%"
"14.12.2017","22,911","22,911","22,911","22,911","-0,53%"
"13.12.2017","23,033","23,033","23,033","23,033","-0,14%"
"12.12.2017","23,065","23,065","23,065","23,065","0,62%"
"11.12.2017","22,923","22,923","22,923","22,923","0,06%"
"08.12.2017","22,910","22,910","22,910","22,910","0,75%"
"07.12.2017","22,739","22,739","22,739","22,739","0,26%"
"06.12.2017","22,680","22,680","22,680","22,680","0,16%"
"05.12.2017","22,644","22,644","22,644","22,644","-0,15%"
"04.12.2017","22,678","22,678","22,678","22,678","0,11%"
"01.12.2017","22,653","22,653","22,653","22,653","0,16%"
"30.11.2017","22,618","22,618","22,618","22,618","-0,12%"
"29.11.2017","22,645","22,645","22,645","22,645","0,13%"
"28.11.2017","22,615","22,615","22,615","22,615","1,02%"
"27.11.2017","22,387","22,387","22,387","22,387","-0,09%"
"24.11.2017","22,406","22,406","22,406","22,406","-0,44%"
"23.11.2017","22,504","22,504","22,504","22,504","-0,36%"
"22.11.2017","22,585","22,585","22,585","22,585","-0,31%"
"21.11.2017","22,656","22,656","22,656","22,656","0,75%"
"20.11.2017","22,486","22,486","22,486","22,486","0,41%"
"17.11.2017","22,394","22,394","22,394","22,394","-0,21%"
"16.11.2017","22,441","22,441","22,441","22,441","1,00%"
"15.11.2017","22,218","22,218","22,218","22,218","-0,92%"
"14.11.2017","22,424","22,424","22,424","22,424","-0,94%"
"13.11.2017","22,637","22,637","22,637","22,637","-0,23%"
"10.11.2017","22,688","22,688","22,688","22,688","-0,47%"
"09.11.2017","22,796","22,796","22,796","22,796","-0,66%"
"08.11.2017","22,948","22,948","22,948","22,948","0,05%"
"07.11.2017","22,935","22,935","22,935","22,935","0,08%"
"06.11.2017","22,916","22,916","22,916","22,916","0,40%"
"03.11.2017","22,825","22,825","22,825","22,825","0,53%"
"02.11.2017","22,704","22,704","22,704","22,704","-0,38%"
"01.11.2017","22,790","22,790","22,790","22,790","0,50%"
"31.10.2017","22,677","22,677","22,677","22,677","-0,01%"
"30.10.2017","22,681","22,681","22,681","22,681","-0,45%"
"27.10.2017","22,782","22,782","22,782","22,782","2,53%"
"25.10.2017","22,220","22,220","22,220","22,220","-0,74%"
"24.10.2017","22,386","22,386","22,386","22,386","-0,14%"
"23.10.2017","22,417","22,417","22,417","22,417","0,15%"
"20.10.2017","22,383","22,383","22,383","22,383","0,62%"
"19.10.2017","22,245","22,245","22,245","22,245","-0,44%"
"18.10.2017","22,345","22,345","22,345","22,345","-0,06%"
"17.10.2017","22,357","22,357","22,357","22,357","0,26%"
"16.10.2017","22,299","22,299","22,299","22,299","0,35%"
"13.10.2017","22,220","22,220","22,220","22,220","0,37%"
"12.10.2017","22,139","22,139","22,139","22,139","-0,20%"
"10.10.2017","22,182","22,182","22,182","22,182","-0,25%"
"09.10.2017","22,238","22,238","22,238","22,238","-0,09%"
"06.10.2017","22,258","22,258","22,258","22,258","-0,25%"
"05.10.2017","22,312","22,312","22,312","22,312","0,67%"
"04.10.2017","22,163","22,163","22,163","22,163","0,01%"
"03.10.2017","22,162","22,162","22,162","22,162","0,09%"
"02.10.2017","22,142","22,142","22,142","22,142","0,99%"
"29.09.2017","21,924","21,924","21,924","21,924","0,10%"
"28.09.2017","21,902","21,902","21,902","21,902","-0,23%"
"27.09.2017","21,952","21,952","21,952","21,952","0,60%"
"26.09.2017","21,821","21,821","21,821","21,821","0,57%"
"25.09.2017","21,697","21,697","21,697","21,697","0,57%"
"22.09.2017","21,574","21,574","21,574","21,574","-0,17%"
"21.09.2017","21,611","21,611","21,611","21,611","0,20%"
"20.09.2017","21,569","21,569","21,569","21,569","-0,01%"
"19.09.2017","21,571","21,571","21,571","21,571","0,07%"
"18.09.2017","21,555","21,555","21,555","21,555","0,22%"
"15.09.2017","21,507","21,507","21,507","21,507","-0,54%"
"14.09.2017","21,624","21,624","21,624","21,624","0,22%"
"13.09.2017","21,576","21,576","21,576","21,576","0,23%"
"12.09.2017","21,526","21,526","21,526","21,526","0,57%"
"11.09.2017","21,403","21,403","21,403","21,403","1,20%"
"08.09.2017","21,150","21,150","21,150","21,150","-0,11%"
"07.09.2017","21,173","21,173","21,173","21,173","-0,28%"
"06.09.2017","21,233","21,233","21,233","21,233","0,10%"
"05.09.2017","21,211","21,211","21,211","21,211","-0,53%"
"04.09.2017","21,324","21,324","21,324","21,324","-0,40%"
"01.09.2017","21,410","21,410","21,410","21,410","0,40%"
"31.08.2017","21,324","21,324","21,324","21,324","0,85%"
"30.08.2017","21,144","21,144","21,144","21,144","1,07%"
"29.08.2017","20,920","20,920","20,920","20,920","-0,64%"
"28.08.2017","21,055","21,055","21,055","21,055","-0,61%"
"25.08.2017","21,184","21,184","21,184","21,184","-0,31%"
"24.08.2017","21,250","21,250","21,250","21,250","-0,04%"
"23.08.2017","21,258","21,258","21,258","21,258","98,41%"