"Fecha","Último","Apertura","Máximo","Mínimo","Vol.","% var."
"31.12.2025","15.213,28","15.249,70","15.251,81","15.189,80","","-0,30%"
"30.12.2025","15.259,07","15.236,59","15.284,50","15.220,21","","0,14%"
"29.12.2025","15.237,60","15.231,65","15.263,75","15.208,68","","0,03%"
"28.12.2025","15.233,09","15.231,65","15.239,19","15.230,27","","-0,04%"
"26.12.2025","15.239,53","15.242,82","15.261,72","15.217,18","","-0,02%"
"25.12.2025","15.243,20","15.246,96","15.249,41","15.233,38","","0,03%"
"24.12.2025","15.238,40","15.260,37","15.279,69","15.228,74","","0,01%"
"23.12.2025","15.236,30","15.146,30","15.257,09","15.146,30","","0,61%"
"22.12.2025","15.144,62","15.058,02","15.155,56","15.050,29","","0,59%"
"21.12.2025","15.055,24","15.058,02","15.058,42","15.050,29","","0,03%"
"19.12.2025","15.050,06","15.015,50","15.074,11","14.984,17","","0,21%"
"18.12.2025","15.018,34","14.937,81","15.044,15","14.904,04","","0,42%"
"17.12.2025","14.956,02","14.978,98","14.996,78","14.919,92","","-0,25%"
"16.12.2025","14.993,14","15.087,12","15.095,82","14.971,60","","-0,70%"
"15.12.2025","15.098,31","15.011,44","15.124,43","14.990,11","","0,60%"
"14.12.2025","15.008,33","15.011,44","15.014,56","15.007,95","","-0,02%"
"12.12.2025","15.010,71","15.004,90","15.127,76","14.990,28","","-0,10%"
"11.12.2025","15.025,04","14.932,65","15.038,27","14.874,29","","1,06%"
"10.12.2025","14.868,01","14.830,00","14.937,54","14.810,53","","0,27%"
"09.12.2025","14.827,70","14.852,97","14.877,62","14.821,44","","-0,13%"
"08.12.2025","14.846,77","14.876,67","14.907,22","14.830,67","","-0,16%"
"07.12.2025","14.870,83","14.876,67","14.877,88","14.869,38","","-0,04%"
"05.12.2025","14.876,79","14.902,06","14.928,89","14.850,89","","-0,43%"
"04.12.2025","14.941,57","14.801,22","14.948,06","14.796,72","","1,03%"
"03.12.2025","14.789,06","14.731,13","14.805,38","14.728,73","","0,51%"
"02.12.2025","14.714,71","14.698,18","14.741,30","14.688,62","","-0,08%"
"01.12.2025","14.727,19","14.753,96","14.764,17","14.694,06","","-0,23%"
"30.11.2025","14.761,53","14.753,96","14.764,17","14.753,53","","-0,04%"
"28.11.2025","14.767,23","14.701,06","14.767,23","14.675,59","","0,44%"
"27.11.2025","14.703,08","14.678,08","14.722,55","14.661,91","","0,24%"
"26.11.2025","14.667,69","14.480,81","14.682,40","14.471,93","","1,42%"
"25.11.2025","14.462,58","14.348,64","14.490,87","14.318,60","","0,82%"
"24.11.2025","14.345,63","14.294,45","14.368,74","14.278,93","","0,40%"
"23.11.2025","14.288,86","14.294,45","14.295,47","14.286,37","","0,13%"
"21.11.2025","14.269,99","14.298,70","14.313,96","14.190,01","","-0,34%"
"20.11.2025","14.319,30","14.275,65","14.433,61","14.273,17","","0,21%"
"19.11.2025","14.289,03","14.348,76","14.369,11","14.249,26","","-0,41%"
"18.11.2025","14.347,46","14.603,94","14.605,82","14.302,81","","-1,88%"
"17.11.2025","14.622,68","14.732,45","14.736,74","14.592,61","","-0,72%"
"16.11.2025","14.729,03","14.732,45","14.736,74","14.725,70","","-0,01%"
"14.11.2025","14.730,50","14.845,12","14.845,12","14.646,70","","-0,98%"
"13.11.2025","14.875,68","14.903,87","14.984,93","14.853,07","","-0,21%"
"12.11.2025","14.906,36","14.778,16","14.910,96","14.776,41","","0,79%"
"11.11.2025","14.789,81","14.644,75","14.796,85","14.628,82","","1,11%"
"10.11.2025","14.627,11","14.474,18","14.650,70","14.462,86","","1,13%"
"09.11.2025","14.463,91","14.474,18","14.475,26","14.462,86","","-0,16%"
"07.11.2025","14.486,57","14.534,96","14.545,45","14.439,70","","-0,25%"
"06.11.2025","14.522,45","14.496,31","14.595,92","14.494,94","","0,32%"
"05.11.2025","14.476,32","14.485,31","14.497,44","14.385,26","","-0,18%"
"04.11.2025","14.502,23","14.602,02","14.603,48","14.428,63","","-0,71%"
"03.11.2025","14.605,90","14.599,39","14.643,55","14.577,08","","0,09%"
"02.11.2025","14.592,26","14.599,39","14.605,51","14.590,96","","-0,13%"
"31.10.2025","14.611,54","14.642,52","14.697,45","14.584,99","","-0,17%"
"30.10.2025","14.636,27","14.694,81","14.735,06","14.573,15","","-0,88%"
"29.10.2025","14.765,61","14.767,54","14.790,04","14.663,35","","-0,07%"
"28.10.2025","14.776,28","14.782,81","14.798,88","14.730,46","","0,08%"
"27.10.2025","14.764,42","14.682,32","14.780,72","14.677,89","","0,55%"
"26.10.2025","14.683,79","14.682,32","14.687,72","14.677,89","","0,10%"
"24.10.2025","14.669,01","14.632,47","14.683,62","14.603,52","","0,28%"
"23.10.2025","14.627,68","14.605,50","14.638,74","14.558,09","","0,12%"
"22.10.2025","14.610,64","14.607,54","14.642,37","14.593,33","","-0,05%"
"21.10.2025","14.617,30","14.670,17","14.708,82","14.595,22","","-0,42%"
"20.10.2025","14.678,30","14.486,26","14.692,98","14.482,33","","1,35%"
"19.10.2025","14.483,05","14.486,26","14.488,70","14.482,33","","-0,03%"
"17.10.2025","14.487,76","14.644,19","14.653,38","14.459,29","","-0,97%"
"16.10.2025","14.629,70","14.538,75","14.659,34","14.530,38","","0,85%"
"15.10.2025","14.506,31","14.372,81","14.548,28","14.372,19","","1,05%"
"14.10.2025","14.355,57","14.403,98","14.403,98","14.225,71","","-0,28%"
"13.10.2025","14.395,69","14.409,70","14.455,81","14.370,69","","-0,05%"
"12.10.2025","14.403,42","14.409,70","14.418,06","14.403,24","","0,07%"
"10.10.2025","14.393,36","14.552,74","14.555,40","14.393,36","","-1,23%"
"09.10.2025","14.572,98","14.650,46","14.682,15","14.527,83","","-0,49%"
"08.10.2025","14.644,18","14.608,54","14.654,41","14.554,43","","0,14%"
"07.10.2025","14.624,10","14.704,27","14.718,48","14.595,67","","-0,59%"
"06.10.2025","14.711,43","14.618,88","14.728,12","14.609,19","","0,68%"
"05.10.2025","14.611,44","14.618,88","14.620,73","14.609,19","","-0,44%"
"03.10.2025","14.676,69","14.563,50","14.688,71","14.563,36","","0,86%"
"02.10.2025","14.551,03","14.516,73","14.623,36","14.495,27","","0,17%"
"01.10.2025","14.526,99","14.435,80","14.542,35","14.378,33","","0,51%"
"30.09.2025","14.453,29","14.365,89","14.453,29","14.346,21","","0,63%"
"29.09.2025","14.362,60","14.302,91","14.380,25","14.300,65","","0,38%"
"28.09.2025","14.308,21","14.302,91","14.310,09","14.302,91","","0,12%"
"26.09.2025","14.291,13","14.204,55","14.305,40","14.194,48","","0,51%"
"25.09.2025","14.218,37","14.348,33","14.354,91","14.187,32","","-0,80%"
"24.09.2025","14.332,71","14.432,14","14.432,74","14.322,18","","-0,58%"
"23.09.2025","14.415,95","14.408,10","14.468,73","14.397,26","","0,19%"
"22.09.2025","14.388,10","14.357,49","14.410,69","14.338,70","","0,13%"
"19.09.2025","14.369,95","14.399,59","14.417,10","14.327,85","","-0,05%"
"18.09.2025","14.376,76","14.367,21","14.440,68","14.314,59","","-0,14%"
"17.09.2025","14.396,41","14.420,77","14.473,54","14.348,01","","-0,19%"
"16.09.2025","14.423,19","14.439,54","14.475,47","14.401,09","","0,01%"
"15.09.2025","14.421,76","14.348,27","14.442,47","14.340,53","","0,50%"
"12.09.2025","14.350,37","14.378,87","14.401,71","14.330,80","","-0,04%"
"11.09.2025","14.356,45","14.257,71","14.370,49","14.243,66","","0,48%"
"10.09.2025","14.287,38","14.233,37","14.318,94","14.229,37","","0,19%"
"09.09.2025","14.260,55","14.299,87","14.313,20","14.229,35","","-0,02%"
"08.09.2025","14.263,64","14.163,53","14.287,14","14.157,77","","0,49%"
"05.09.2025","14.194,79","14.104,91","14.254,55","14.104,75","","0,97%"
"04.09.2025","14.057,76","14.009,63","14.079,34","14.009,63","","0,46%"
"03.09.2025","13.993,16","13.942,40","14.010,70","13.871,38","","0,10%"
"02.09.2025","13.979,47","14.150,28","14.152,67","13.927,86","","-1,14%"
"01.09.2025","14.140,90","14.115,96","14.175,97","14.096,14","","-0,04%"
"29.08.2025","14.146,11","14.172,27","14.172,27","14.102,60","","-0,19%"
"28.08.2025","14.172,54","14.123,89","14.198,64","14.120,93","","0,70%"
"27.08.2025","14.074,40","14.106,96","14.122,82","14.037,95","","-0,28%"
"26.08.2025","14.114,07","14.165,36","14.193,07","14.040,71","","-0,82%"
"25.08.2025","14.231,32","14.308,02","14.310,04","14.165,64","","-0,49%"
"22.08.2025","14.300,94","14.124,43","14.326,76","14.092,02","","1,27%"
"21.08.2025","14.122,13","14.169,69","14.169,69","14.090,02","","-0,43%"
"20.08.2025","14.182,41","14.151,34","14.191,25","14.104,82","","0,09%"
"19.08.2025","14.169,27","14.133,77","14.188,27","14.101,61","","0,30%"
"18.08.2025","14.127,46","14.161,48","14.179,33","14.104,71","","-0,32%"
"15.08.2025","14.172,87","14.066,73","14.184,12","14.066,73","","0,75%"
"14.08.2025","14.066,90","14.093,75","14.108,30","14.030,65","","-0,27%"
"13.08.2025","14.104,42","13.995,11","14.109,01","13.985,63","","1,07%"
"12.08.2025","13.954,41","13.850,23","13.998,47","13.850,23","","0,90%"
"11.08.2025","13.830,09","13.886,32","13.926,69","13.821,08","","-0,38%"
"08.08.2025","13.882,66","13.874,68","13.908,93","13.857,24","","0,50%"
"07.08.2025","13.813,53","13.754,11","13.877,24","13.747,04","","0,61%"
"06.08.2025","13.729,41","13.637,91","13.761,64","13.637,91","","0,75%"
"05.08.2025","13.627,71","13.595,72","13.643,63","13.574,58","","0,48%"
"04.08.2025","13.562,08","13.514,18","13.578,09","13.438,55","","0,52%"
"01.08.2025","13.491,85","13.520,64","13.549,75","13.384,55","","-0,41%"
"31.07.2025","13.547,52","13.622,00","13.691,65","13.516,29","","-0,84%"
"30.07.2025","13.662,60","13.728,88","13.768,23","13.602,41","","-0,33%"
"29.07.2025","13.708,05","13.744,81","13.811,20","13.701,52","","-0,68%"
"28.07.2025","13.801,25","13.929,50","13.965,46","13.757,00","","-0,80%"
"25.07.2025","13.912,50","13.986,79","13.992,61","13.857,59","","-0,78%"
"24.07.2025","14.022,08","13.983,28","14.072,35","13.979,32","","0,62%"
"23.07.2025","13.935,56","13.755,99","13.962,95","13.752,02","","1,55%"
"22.07.2025","13.723,32","13.713,61","13.753,76","13.656,72","","0,11%"
"21.07.2025","13.707,93","13.650,08","13.731,33","13.630,45","","0,30%"
"18.07.2025","13.667,11","13.653,50","13.717,86","13.636,68","","0,37%"
"17.07.2025","13.616,18","13.549,06","13.627,48","13.512,72","","0,80%"
"16.07.2025","13.508,16","13.562,36","13.626,39","13.505,20","","-0,47%"
"15.07.2025","13.571,98","13.667,95","13.718,76","13.549,88","","-0,76%"
"14.07.2025","13.675,68","13.671,95","13.684,33","13.611,58","","-0,07%"
"11.07.2025","13.685,81","13.811,38","13.820,56","13.670,10","","-0,61%"
"10.07.2025","13.770,31","13.769,38","13.819,51","13.733,58","","0,14%"
"09.07.2025","13.750,55","13.691,52","13.763,61","13.657,46","","0,70%"
"08.07.2025","13.655,08","13.665,86","13.706,10","13.629,41","","-0,20%"
"07.07.2025","13.683,00","13.727,36","13.737,16","13.637,32","","-0,32%"
"04.07.2025","13.726,73","13.781,75","13.783,03","13.698,29","","-0,14%"
"03.07.2025","13.745,66","13.759,44","13.792,66","13.688,32","","0,21%"
"02.07.2025","13.717,46","13.733,17","13.758,81","13.672,73","","0,04%"
"01.07.2025","13.711,92","13.757,83","13.767,82","13.694,91","","0,01%"
"30.06.2025","13.711,21","13.724,93","13.764,90","13.674,71","","0,13%"
"27.06.2025","13.694,01","13.579,25","13.714,59","13.578,37","","0,89%"
"26.06.2025","13.572,62","13.490,86","13.601,48","13.484,20","","1,03%"
"25.06.2025","13.433,81","13.516,26","13.537,62","13.433,81","","-0,64%"
"24.06.2025","13.520,71","13.364,54","13.545,16","13.364,33","","1,81%"
"23.06.2025","13.280,32","13.280,16","13.322,86","13.156,22","","-0,19%"
"20.06.2025","13.306,16","13.331,14","13.385,44","13.293,78","","0,12%"
"19.06.2025","13.290,23","13.408,25","13.408,25","13.283,01","","-1,09%"
"18.06.2025","13.437,22","13.399,30","13.472,97","13.395,17","","-0,18%"
"17.06.2025","13.461,97","13.555,92","13.579,53","13.408,02","","-1,00%"
"16.06.2025","13.598,30","13.492,55","13.640,16","13.483,27","","0,78%"
"13.06.2025","13.493,71","13.663,79","13.666,47","13.450,56","","-1,03%"
"12.06.2025","13.634,81","13.600,85","13.657,71","13.528,85","","0,45%"
"11.06.2025","13.573,40","13.561,31","13.614,31","13.521,84","","0,19%"
"10.06.2025","13.547,83","13.546,25","13.580,74","13.503,92","","0,12%"
"09.06.2025","13.531,31","13.532,64","13.576,14","13.506,15","","0,23%"
"06.06.2025","13.499,59","13.532,13","13.543,10","13.475,51","","-0,27%"
"05.06.2025","13.535,55","13.514,76","13.550,61","13.479,94","","0,01%"
"04.06.2025","13.534,60","13.432,41","13.549,80","13.413,99","","0,79%"
"03.06.2025","13.428,47","13.486,14","13.486,14","13.368,20","","-0,31%"
"02.06.2025","13.470,29","13.391,09","13.472,63","13.365,26","","0,57%"
"30.05.2025","13.393,56","13.392,67","13.423,55","13.351,73","","0,07%"
"29.05.2025","13.383,66","13.253,10","13.426,71","13.250,03","","0,57%"
"28.05.2025","13.307,93","13.423,45","13.432,47","13.290,22","","-0,72%"
"27.05.2025","13.404,25","13.408,77","13.440,27","13.388,13","","-0,03%"
"26.05.2025","13.408,34","13.292,70","13.420,28","13.289,88","","1,05%"
"23.05.2025","13.269,60","13.244,44","13.346,83","13.121,08","","0,27%"
"22.05.2025","13.234,35","13.329,18","13.348,51","13.192,27","","-0,94%"
"21.05.2025","13.359,78","13.337,47","13.388,36","13.309,85","","0,48%"
"20.05.2025","13.296,24","13.210,11","13.317,66","13.206,13","","0,61%"
"19.05.2025","13.215,06","13.135,15","13.215,06","13.117,82","","0,89%"
"16.05.2025","13.097,96","13.099,86","13.172,69","13.068,29","","0,16%"
"15.05.2025","13.077,09","13.011,89","13.092,72","12.991,35","","0,16%"
"14.05.2025","13.055,74","13.032,31","13.103,43","12.998,89","","0,40%"
"13.05.2025","13.003,26","12.899,18","13.039,24","12.898,58","","0,82%"
"12.05.2025","12.897,56","12.925,39","12.978,41","12.814,86","","-0,41%"
"09.05.2025","12.951,30","12.839,56","12.964,28","12.836,86","","0,55%"
"08.05.2025","12.880,20","12.889,93","12.939,94","12.816,50","","-0,56%"
"07.05.2025","12.952,13","12.956,64","12.982,93","12.879,57","","-0,03%"
"06.05.2025","12.955,63","12.933,21","12.991,88","12.870,23","","0,03%"
"05.05.2025","12.951,22","12.909,26","12.970,53","12.897,22","","-0,05%"
"02.05.2025","12.958,33","12.692,18","12.960,66","12.692,18","","2,17%"
"01.05.2025","12.682,93","12.745,63","12.759,73","12.666,06","","-0,72%"
"30.04.2025","12.774,84","12.738,32","12.783,99","12.663,61","","0,48%"
"29.04.2025","12.713,98","12.705,87","12.740,18","12.676,68","","0,35%"
"28.04.2025","12.670,02","12.576,24","12.719,06","12.574,19","","0,79%"
"25.04.2025","12.570,16","12.533,01","12.588,49","12.509,63","","0,34%"
"24.04.2025","12.527,58","12.421,87","12.542,28","12.421,87","","0,66%"
"23.04.2025","12.446,02","12.229,68","12.525,27","12.229,68","","0,82%"
"22.04.2025","12.345,24","12.289,49","12.348,42","12.250,73","","0,38%"
"21.04.2025","12.298,62","12.284,59","12.363,17","12.279,88","","0,65%"
"18.04.2025","12.218,77","12.218,25","12.237,45","12.211,57","","0,20%"
"17.04.2025","12.194,75","12.184,68","12.221,25","12.147,81","","0,19%"
"16.04.2025","12.171,02","12.121,86","12.186,46","12.076,67","","0,11%"
"15.04.2025","12.157,62","12.015,40","12.157,62","12.013,23","","1,24%"
"14.04.2025","12.008,99","11.769,08","12.037,38","11.769,08","","2,35%"
"11.04.2025","11.732,87","11.722,85","11.783,08","11.590,56","","0,58%"
"10.04.2025","11.665,53","11.069,69","11.777,33","11.069,49","","5,04%"
"09.04.2025","11.105,66","11.285,38","11.285,41","10.960,00","","-1,27%"
"08.04.2025","11.248,79","10.951,58","11.391,69","10.951,58","","2,72%"
"07.04.2025","10.951,01","11.572,82","11.572,88","10.885,17","","-5,55%"
"04.04.2025","11.594,58","12.214,97","12.214,97","11.515,05","","-5,46%"
"03.04.2025","12.264,24","12.353,17","12.398,59","12.179,80","","-0,58%"
"02.04.2025","12.336,08","12.319,16","12.372,39","12.238,39","","0,05%"
"01.04.2025","12.329,89","12.212,76","12.335,37","12.210,60","","1,01%"
"31.03.2025","12.206,17","12.436,70","12.437,34","12.164,01","","-1,83%"
"28.03.2025","12.433,31","12.504,84","12.511,08","12.420,98","","-0,59%"
"27.03.2025","12.507,41","12.507,04","12.541,76","12.441,96","","-0,17%"
"26.03.2025","12.528,92","12.590,70","12.622,94","12.503,97","","-0,53%"
"25.03.2025","12.595,41","12.521,90","12.641,01","12.515,16","","0,63%"
"24.03.2025","12.516,18","12.545,73","12.601,73","12.508,23","","-0,25%"
"21.03.2025","12.548,01","12.628,88","12.645,92","12.521,78","","-0,57%"
"20.03.2025","12.620,45","12.701,27","12.719,58","12.562,12","","-0,23%"
"19.03.2025","12.650,05","12.665,39","12.704,05","12.613,76","","-0,01%"
"18.03.2025","12.651,67","12.584,84","12.695,14","12.583,60","","0,44%"
"17.03.2025","12.595,80","12.444,34","12.595,92","12.443,75","","1,30%"
"14.03.2025","12.433,73","12.304,93","12.445,76","12.288,87","","1,01%"
"13.03.2025","12.309,33","12.366,57","12.395,09","12.294,23","","-0,51%"
"12.03.2025","12.372,67","12.290,21","12.409,56","12.268,34","","0,59%"
"11.03.2025","12.299,55","12.410,80","12.443,17","12.271,15","","-0,94%"
"10.03.2025","12.416,57","12.561,45","12.586,28","12.386,23","","-1,23%"
"07.03.2025","12.570,71","12.615,38","12.615,63","12.518,64","","-0,43%"
"06.03.2025","12.624,93","12.574,85","12.672,22","12.563,40","","0,60%"
"05.03.2025","12.549,82","12.330,13","12.579,53","12.300,64","","2,16%"
"04.03.2025","12.284,34","12.440,30","12.444,94","12.249,78","","-1,24%"
"03.03.2025","12.438,08","12.257,98","12.507,10","12.255,00","","1,42%"
"28.02.2025","12.263,38","12.317,65","12.321,29","12.179,32","","-0,55%"
"27.02.2025","12.331,59","12.438,04","12.450,58","12.309,29","","-0,89%"
"26.02.2025","12.441,87","12.380,20","12.467,75","12.335,10","","0,57%"
"25.02.2025","12.371,71","12.349,12","12.409,47","12.309,68","","0,09%"
"24.02.2025","12.360,69","12.365,47","12.410,45","12.310,41","","0,05%"
"21.02.2025","12.354,57","12.373,30","12.389,10","12.343,32","","-0,01%"
"20.02.2025","12.355,87","12.339,73","12.375,90","12.303,21","","0,09%"
"19.02.2025","12.344,75","12.436,17","12.438,37","12.315,55","","-0,85%"
"18.02.2025","12.450,05","12.430,11","12.451,78","12.396,82","","0,17%"
"17.02.2025","12.428,46","12.370,87","12.434,27","12.358,53","","0,32%"
"14.02.2025","12.389,11","12.367,78","12.420,63","12.358,71","","0,44%"
"13.02.2025","12.335,43","12.148,25","12.371,40","12.146,02","","1,62%"
"12.02.2025","12.138,71","12.144,42","12.182,64","12.063,62","","0,09%"
"11.02.2025","12.127,36","12.097,16","12.160,73","12.079,10","","0,14%"
"10.02.2025","12.110,79","12.046,90","12.119,59","12.029,77","","0,21%"
"07.02.2025","12.085,80","12.157,72","12.162,37","12.051,32","","-0,48%"
"06.02.2025","12.143,88","12.056,34","12.167,33","12.049,04","","0,55%"
"05.02.2025","12.077,49","11.949,56","12.077,49","11.949,56","","1,11%"
"04.02.2025","11.944,99","11.863,07","11.962,97","11.813,77","","1,01%"
"03.02.2025","11.825,59","11.926,54","11.932,09","11.692,93","","-1,86%"
"31.01.2025","12.049,97","12.046,12","12.103,29","12.009,51","","-0,30%"
"30.01.2025","12.086,07","11.980,92","12.096,69","11.979,83","","0,90%"
"29.01.2025","11.978,18","11.923,76","11.992,44","11.922,38","0,00K","0,52%"
"28.01.2025","11.915,88","11.959,60","11.960,24","11.884,89","0,00K","-0,40%"
"27.01.2025","11.963,20","11.947,05","11.975,79","11.876,26","0,00K","-0,07%"
"24.01.2025","11.972,07","11.885,68","11.997,12","11.885,34","0,00K","0,87%"
"23.01.2025","11.869,06","11.828,14","11.905,00","11.811,03","0,00K","0,29%"
"22.01.2025","11.834,47","11.809,61","11.898,49","11.785,40","0,00K","0,40%"
"21.01.2025","11.787,72","11.760,65","11.810,69","11.685,33","0,00K","0,37%"
"20.01.2025","11.743,82","11.591,97","11.799,21","11.581,00","0,00K","1,09%"
"17.01.2025","11.617,39","11.585,42","11.647,83","11.542,93","0,00K","0,31%"
"16.01.2025","11.581,19","11.487,83","11.599,48","11.482,31","0,00K","0,75%"
"15.01.2025","11.494,96","11.364,86","11.524,21","11.361,31","0,00K","1,23%"
"14.01.2025","11.355,81","11.365,75","11.392,74","11.308,19","0,00K","0,40%"
"13.01.2025","11.310,71","11.393,20","11.394,40","11.293,43","0,00K","-0,79%"
"10.01.2025","11.401,24","11.538,71","11.541,23","11.378,38","0,00K","-1,19%"
"09.01.2025","11.537,98","11.551,08","11.555,42","11.461,28","0,00K","0,00%"
"08.01.2025","11.538,37","11.586,29","11.591,75","11.483,57","0,00K","-0,60%"
"07.01.2025","11.607,76","11.575,74","11.658,16","11.569,72","0,00K","0,28%"
"06.01.2025","11.575,81","11.470,28","11.614,00","11.442,87","0,00K","1,01%"
"03.01.2025","11.459,67","11.464,80","11.491,68","11.434,99","0,00K","-0,12%"
"02.01.2025","11.473,63","11.473,81","11.510,77","11.430,85","0,00K","-0,04%"
"01.01.2025","11.477,89","11.477,42","11.478,02","11.477,36","0,00K","0,00%"
"31.12.2024","11.477,43","11.484,15","11.506,48","11.457,73","0,00K","0,14%"
"30.12.2024","11.461,81","11.539,85","11.543,66","11.432,40","0,00K","-0,66%"
"27.12.2024","11.537,93","11.449,67","11.543,87","11.448,88","0,00K","0,88%"
"26.12.2024","11.437,43","11.434,24","11.457,36","11.432,91","0,00K","0,16%"
"25.12.2024","11.419,59","11.425,16","11.435,38","11.407,78","0,00K","0,07%"
"24.12.2024","11.412,03","11.401,96","11.425,68","11.393,56","0,00K","0,21%"
"23.12.2024","11.388,03","11.369,82","11.423,82","11.361,66","0,00K","0,34%"
"20.12.2024","11.349,80","11.380,08","11.398,52","11.251,61","0,00K","-0,38%"
"19.12.2024","11.393,62","11.540,92","11.542,64","11.373,93","0,00K","-2,18%"
"18.12.2024","11.647,62","11.717,07","11.727,23","11.541,49","0,00K","-0,58%"
"17.12.2024","11.715,97","11.749,34","11.782,61","11.687,77","0,00K","-0,30%"
"16.12.2024","11.751,52","11.776,93","11.795,24","11.723,46","0,00K","-0,15%"
"13.12.2024","11.769,64","11.844,74","11.848,03","11.753,46","","-0,80%"
"12.12.2024","11.865,13","11.879,56","11.932,65","11.842,05","0,00K","-0,08%"
"11.12.2024","11.874,06","11.873,25","11.898,38","11.830,47","0,00K","0,15%"
"10.12.2024","11.856,67","11.955,18","11.967,26","11.856,67","0,00K","-1,10%"
"09.12.2024","11.988,64","11.954,41","12.010,29","11.934,89","0,00K","0,25%"
"06.12.2024","11.958,66","11.996,76","12.020,00","11.937,42","0,00K","-0,20%"
"05.12.2024","11.982,24","11.908,19","12.000,69","11.903,25","0,00K","0,53%"
"04.12.2024","11.918,50","11.915,81","11.934,34","11.862,67","0,00K","-0,05%"
"03.12.2024","11.923,90","11.829,02","11.946,78","11.829,02","0,00K","1,05%"
"02.12.2024","11.800,48","11.806,29","11.849,88","11.759,03","0,00K","0,08%"
"29.11.2024","11.790,82","11.724,19","11.819,25","11.720,49","0,00K","0,58%"
"28.11.2024","11.723,01","11.682,16","11.729,67","11.662,52","0,00K","0,34%"
"27.11.2024","11.683,62","11.616,94","11.701,51","11.597,84","0,00K","0,67%"
"26.11.2024","11.605,84","11.686,93","11.694,77","11.575,17","0,00K","-0,61%"
"25.11.2024","11.676,65","11.651,40","11.722,27","11.644,87","0,00K","0,72%"
"22.11.2024","11.593,36","11.553,18","11.620,78","11.509,87","0,00K","0,14%"
"21.11.2024","11.577,46","11.540,81","11.579,01","11.491,43","0,00K","0,48%"
"20.11.2024","11.521,60","11.604,69","11.616,48","11.507,76","0,00K","-0,73%"
"19.11.2024","11.606,21","11.599,25","11.647,14","11.527,82","0,00K","0,31%"
"18.11.2024","11.570,00","11.556,28","11.606,30","11.500,75","0,00K","0,15%"
"15.11.2024","11.552,81","11.578,00","11.624,50","11.541,45","","-0,55%"
"14.11.2024","11.616,22","11.549,39","11.626,77","11.520,46","","0,38%"
"13.11.2024","11.572,23","11.640,63","11.640,63","11.505,29","","-0,60%"
"12.11.2024","11.642,18","11.809,91","11.841,01","11.617,88","","-1,39%"
"11.11.2024","11.805,96","11.796,61","11.838,26","11.759,42","","-0,17%"
"08.11.2024","11.825,52","11.908,70","11.920,29","11.774,49","","-0,72%"
"07.11.2024","11.911,71","11.729,74","11.934,95","11.722,57","","1,47%"
"06.11.2024","11.739,41","11.886,86","11.924,15","11.684,46","","-1,04%"
"05.11.2024","11.862,92","11.802,10","11.891,31","11.792,79","","0,37%"
"04.11.2024","11.819,51","11.807,34","11.874,72","11.795,09","","0,31%"
"01.11.2024","11.782,75","11.787,44","11.818,84","11.712,28","","0,19%"
"31.10.2024","11.760,30","11.863,91","11.872,00","11.722,75","","-0,97%"
"30.10.2024","11.875,34","11.922,93","11.945,76","11.823,09","","-0,27%"
"29.10.2024","11.907,16","11.942,68","11.997,37","11.892,58","","-0,32%"
"28.10.2024","11.945,43","11.867,77","11.963,86","11.857,92","","0,31%"
"25.10.2024","11.908,38","11.924,93","11.933,31","11.876,19","","0,00%"
"24.10.2024","11.908,82","11.877,68","11.964,46","11.850,92","","0,29%"
"23.10.2024","11.874,83","11.972,38","11.980,25","11.864,08","","-0,85%"
"22.10.2024","11.976,81","12.037,98","12.038,13","11.946,87","","-0,69%"
"21.10.2024","12.059,50","12.159,12","12.169,64","12.032,52","","-0,71%"
"18.10.2024","12.146,21","12.091,38","12.156,77","12.085,65","","0,40%"
"17.10.2024","12.097,26","12.052,23","12.120,64","12.049,29","","0,28%"
"16.10.2024","12.063,20","12.119,75","12.120,38","12.044,91","","-0,57%"
"15.10.2024","12.131,89","12.183,63","12.229,14","12.109,61","","-0,42%"
"14.10.2024","12.182,87","12.159,68","12.192,91","12.141,85","","0,09%"
"11.10.2024","12.172,18","12.134,98","12.184,70","12.108,04","","0,41%"
"10.10.2024","12.123,05","12.120,84","12.152,06","12.099,86","","-0,05%"
"09.10.2024","12.129,11","12.110,19","12.136,20","12.080,50","","0,26%"
"08.10.2024","12.097,13","12.221,08","12.221,14","12.083,57","","-0,92%"
"07.10.2024","12.209,93","12.139,80","12.236,73","12.136,09","","0,52%"
"04.10.2024","12.146,17","12.177,41","12.212,04","12.117,09","","-0,19%"
"03.10.2024","12.169,28","12.236,16","12.291,10","12.143,62","","-0,56%"
"02.10.2024","12.237,39","12.326,28","12.329,68","12.219,70","","-0,76%"
"01.10.2024","12.331,04","12.362,65","12.403,41","12.295,75","","-0,47%"
"30.09.2024","12.389,86","12.553,82","12.556,05","12.326,90","","-1,35%"
"27.09.2024","12.559,80","12.425,70","12.584,06","12.414,57","","1,11%"
"26.09.2024","12.422,02","12.214,47","12.450,54","12.214,47","","1,37%"
"25.09.2024","12.254,60","12.318,34","12.319,21","12.210,05","","-0,12%"
"24.09.2024","12.268,92","12.189,76","12.301,19","12.167,29","","0,70%"
"23.09.2024","12.183,03","12.145,19","12.192,28","12.113,06","","0,39%"
"20.09.2024","12.135,28","12.243,45","12.312,71","12.119,68","","-0,72%"
"19.09.2024","12.223,15","12.030,89","12.253,94","12.030,89","","1,47%"
"18.09.2024","12.046,15","12.092,81","12.142,24","12.013,81","","-0,35%"
"17.09.2024","12.088,10","12.100,05","12.150,04","12.049,39","","-0,08%"
"16.09.2024","12.097,97","12.064,34","12.121,74","12.064,31","","0,22%"
"13.09.2024","12.070,98","12.014,93","12.093,46","11.998,94","","0,90%"
"12.09.2024","11.962,97","11.804,70","12.002,53","11.804,70","","1,31%"
"11.09.2024","11.808,77","11.835,47","11.857,65","11.752,91","","-0,10%"
"10.09.2024","11.821,14","11.883,21","11.897,11","11.801,42","","-0,57%"
"09.09.2024","11.888,43","11.864,39","11.906,50","11.786,81","","-0,13%"
"06.09.2024","11.904,44","11.994,95","12.018,62","11.851,27","","-0,47%"
"05.09.2024","11.960,06","12.018,65","12.046,81","11.960,06","","-0,50%"
"04.09.2024","12.020,76","12.151,01","12.151,01","11.955,71","","-1,02%"
"03.09.2024","12.144,90","12.229,33","12.254,17","12.130,52","","-0,68%"
"02.09.2024","12.227,48","12.233,25","12.243,16","12.189,49","","-0,17%"
"30.08.2024","12.248,59","12.232,62","12.290,14","12.202,16","","0,27%"
"29.08.2024","12.215,45","12.191,75","12.247,24","12.186,61","","0,08%"
"28.08.2024","12.205,20","12.209,28","12.231,84","12.176,96","","0,04%"
"27.08.2024","12.199,96","12.167,00","12.226,99","12.155,52","","0,16%"
"26.08.2024","12.180,35","12.193,20","12.200,48","12.158,54","","0,07%"
"23.08.2024","12.171,96","12.045,07","12.207,74","12.043,08","","1,09%"
"22.08.2024","12.040,52","12.053,04","12.098,07","12.023,11","","0,10%"
"21.08.2024","12.028,26","11.990,04","12.081,71","11.980,54","","0,29%"
"20.08.2024","11.993,44","11.981,82","12.014,51","11.971,44","","0,33%"
"19.08.2024","11.954,14","11.869,13","11.972,82","11.857,58","","0,89%"
"16.08.2024","11.849,06","11.716,21","11.885,61","11.716,10","","1,11%"
"15.08.2024","11.718,45","11.632,95","11.725,90","11.632,95","","0,48%"
"14.08.2024","11.662,69","11.570,34","11.662,69","11.565,69","","1,13%"
"13.08.2024","11.532,88","11.401,95","11.566,84","11.401,95","","1,37%"
"12.08.2024","11.377,33","11.372,44","11.412,09","11.357,72","","-0,10%"
"09.08.2024","11.389,27","11.309,38","11.397,64","11.303,20","","0,86%"
"08.08.2024","11.292,50","11.297,59","11.328,79","11.215,73","","-0,08%"
"07.08.2024","11.302,08","11.164,76","11.345,68","11.130,69","","1,10%"
"06.08.2024","11.178,94","10.969,90","11.218,74","10.969,33","0,00K","1,42%"
"05.08.2024","11.022,21","11.399,44","11.400,20","10.899,45","0,00K","-3,30%"
"02.08.2024","11.398,11","11.640,36","11.641,40","11.369,19","","-2,19%"
"01.08.2024","11.653,03","11.853,50","11.855,77","11.631,81","","-1,67%"
"31.07.2024","11.851,33","11.680,57","11.878,06","11.663,06","","1,72%"
"30.07.2024","11.651,29","11.635,00","11.686,82","11.611,75","","0,07%"
"29.07.2024","11.643,64","11.645,18","11.735,97","11.626,54","","0,07%"
"26.07.2024","11.636,04","11.562,14","11.644,72","11.551,41","","0,55%"
"25.07.2024","11.572,77","11.682,52","11.683,19","11.511,69","","-1,33%"
"24.07.2024","11.728,56","11.763,45","11.774,60","11.678,14","","-0,37%"
"23.07.2024","11.772,02","11.786,55","11.826,31","11.757,16","","-0,02%"
"22.07.2024","11.774,43","11.740,29","11.800,15","11.691,10","","0,31%"
"19.07.2024","11.737,63","11.805,49","11.806,36","11.723,09","","-0,87%"
"18.07.2024","11.840,80","11.935,13","11.938,17","11.800,74","","-0,70%"
"17.07.2024","11.924,63","11.920,23","11.966,12","11.887,73","","0,33%"
"16.07.2024","11.885,49","11.922,13","11.932,20","11.850,53","","-0,40%"
"15.07.2024","11.933,57","11.973,10","12.001,63","11.912,99","","-0,56%"
"12.07.2024","12.001,30","11.898,43","12.013,25","11.865,36","","0,63%"
"11.07.2024","11.925,89","11.792,45","11.945,57","11.787,55","","1,41%"
"10.07.2024","11.759,78","11.658,05","11.762,98","11.653,08","","0,85%"
"09.07.2024","11.660,13","11.709,97","11.747,36","11.643,57","","-0,48%"
"08.07.2024","11.715,96","11.732,61","11.757,90","11.689,81","","-0,10%"
"05.07.2024","11.727,32","11.750,89","11.795,63","11.697,09","","-0,23%"
"04.07.2024","11.753,98","11.668,44","11.762,94","11.668,44","","0,72%"
"03.07.2024","11.669,76","11.542,80","11.690,95","11.533,75","","1,18%"
"02.07.2024","11.533,23","11.516,53","11.541,94","11.469,41","","0,21%"
"01.07.2024","11.509,60","11.513,12","11.609,32","11.501,89","","0,18%"
"28.06.2024","11.488,94","11.494,08","11.528,82","11.470,30","","0,01%"
"27.06.2024","11.487,64","11.490,08","11.519,03","11.466,88","","-0,12%"
"26.06.2024","11.501,38","11.560,70","11.603,57","11.470,58","","-0,45%"
"25.06.2024","11.553,76","11.549,93","11.604,73","11.530,58","","0,15%"
"24.06.2024","11.536,20","11.426,55","11.561,77","11.422,49","","0,93%"
"21.06.2024","11.429,96","11.507,98","11.527,99","11.413,86","","-0,81%"
"20.06.2024","11.522,87","11.481,83","11.524,57","11.460,63","","0,27%"
"19.06.2024","11.491,33","11.497,25","11.513,35","11.480,38","","0,11%"
"18.06.2024","11.478,68","11.432,10","11.494,50","11.417,04","","0,80%"
"17.06.2024","11.387,62","11.408,77","11.435,07","11.352,49","","-0,31%"
"14.06.2024","11.422,50","11.533,15","11.538,87","11.382,28","","-1,11%"
"13.06.2024","11.550,64","11.706,45","11.708,33","11.530,13","","-1,65%"
"12.06.2024","11.743,89","11.589,92","11.762,16","11.558,87","","1,48%"
"11.06.2024","11.572,46","11.689,61","11.697,55","11.547,37","","-0,89%"
"10.06.2024","11.676,01","11.705,44","11.723,77","11.634,67","","-0,37%"
"07.06.2024","11.719,86","11.825,28","11.848,84","11.702,29","","-0,76%"
"06.06.2024","11.809,24","11.743,86","11.833,71","11.743,86","","0,76%"
"05.06.2024","11.720,73","11.703,55","11.757,34","11.670,70","","0,01%"
"04.06.2024","11.719,91","11.765,42","11.783,10","11.688,65","","-0,28%"
"03.06.2024","11.752,42","11.699,80","11.790,04","11.698,23","","0,63%"
"31.05.2024","11.679,27","11.590,57","11.702,17","11.588,26","","0,75%"
"30.05.2024","11.591,89","11.496,33","11.598,48","11.468,26","","0,54%"
"29.05.2024","11.529,15","11.690,33","11.696,96","11.516,95","","-1,60%"
"28.05.2024","11.716,96","11.751,67","11.779,28","11.691,98","","-0,31%"
"27.05.2024","11.753,34","11.689,86","11.753,34","11.688,87","","0,61%"
"24.05.2024","11.681,97","11.661,29","11.697,10","11.602,31","","-0,12%"
"23.05.2024","11.696,49","11.688,06","11.759,57","11.673,35","","-0,04%"
"22.05.2024","11.701,12","11.765,60","11.774,91","11.680,00","","-0,69%"
"21.05.2024","11.782,28","11.804,50","11.809,89","11.732,26","","-0,22%"
"20.05.2024","11.808,07","11.776,19","11.819,33","11.773,53","","0,22%"
"17.05.2024","11.781,86","11.759,24","11.782,09","11.713,50","","0,10%"
"16.05.2024","11.770,22","11.797,19","11.816,09","11.751,31","","0,26%"
"15.05.2024","11.739,49","11.648,83","11.775,08","11.648,83","","0,79%"
"14.05.2024","11.646,93","11.615,37","11.649,53","11.573,81","","0,21%"
"13.05.2024","11.622,20","11.597,11","11.631,60","11.582,50","","0,25%"
"10.05.2024","11.592,83","11.552,08","11.626,01","11.542,35","","0,55%"
"09.05.2024","11.529,76","11.486,26","11.542,26","11.454,05","","0,45%"
"08.05.2024","11.478,09","11.501,65","11.501,65","11.449,22","","-0,55%"
"07.05.2024","11.541,45","11.438,57","11.546,87","11.423,62","","0,85%"
"06.05.2024","11.443,97","11.369,14","11.446,03","11.367,48","","0,49%"
"03.05.2024","11.388,00","11.311,55","11.463,56","11.305,27","","1,12%"
"02.05.2024","11.262,06","11.244,21","11.315,64","11.232,12","","0,62%"
"01.05.2024","11.193,07","11.191,68","11.252,64","11.171,09","","-0,38%"
"30.04.2024","11.236,00","11.292,90","11.334,08","11.210,68","","-0,33%"
"29.04.2024","11.273,64","11.231,41","11.328,14","11.215,94","","0,45%"
"26.04.2024","11.222,62","11.179,79","11.259,06","11.164,39","","0,49%"
"25.04.2024","11.168,21","11.233,30","11.239,08","11.096,40","","-0,63%"
"24.04.2024","11.239,09","11.243,75","11.297,44","11.228,90","","0,06%"
"23.04.2024","11.232,55","11.119,21","11.244,24","11.108,62","","1,23%"
"22.04.2024","11.096,56","11.020,10","11.115,45","11.019,77","","0,75%"
"19.04.2024","11.013,77","11.033,50","11.035,44","10.942,41","","-0,37%"
"18.04.2024","11.054,27","11.022,97","11.087,49","11.016,30","","0,45%"
"17.04.2024","11.004,42","11.028,50","11.070,57","10.982,71","","-0,20%"
"16.04.2024","11.026,42","11.187,77","11.187,77","11.003,12","","-1,59%"
"15.04.2024","11.205,09","11.228,32","11.289,76","11.197,14","","-0,36%"
"12.04.2024","11.245,42","11.320,66","11.360,17","11.234,00","","-0,40%"
"11.04.2024","11.290,84","11.329,95","11.375,07","11.255,73","","-0,64%"
"10.04.2024","11.363,37","11.465,59","11.514,26","11.318,13","","-0,96%"
"09.04.2024","11.473,23","11.488,94","11.535,24","11.450,66","","0,03%"
"08.04.2024","11.470,33","11.405,03","11.480,50","11.403,56","","0,70%"
"05.04.2024","11.390,51","11.495,36","11.495,76","11.334,20","","-1,07%"
"04.04.2024","11.513,62","11.456,73","11.537,58","11.456,73","","0,65%"
"03.04.2024","11.438,96","11.404,01","11.459,85","11.364,08","","0,32%"
"02.04.2024","11.402,28","11.437,39","11.477,78","11.394,33","","-0,34%"
"01.04.2024","11.441,06","11.542,77","11.542,77","11.424,28","","-0,77%"
"29.03.2024","11.529,99","11.519,09","11.529,99","11.511,24","","0,10%"
"28.03.2024","11.518,70","11.520,01","11.530,88","11.491,73","","-0,04%"
"27.03.2024","11.523,85","11.487,98","11.532,68","11.487,26","","0,30%"
"26.03.2024","11.489,72","11.480,39","11.515,47","11.472,07","","0,05%"
"25.03.2024","11.483,81","11.493,96","11.504,14","11.448,29","","-0,11%"
"22.03.2024","11.496,11","11.525,11","11.547,59","11.482,57","","-0,23%"
"21.03.2024","11.522,89","11.464,73","11.582,26","11.464,40","","1,17%"
"20.03.2024","11.390,14","11.398,78","11.455,38","11.347,74","","-0,04%"
"19.03.2024","11.394,91","11.396,54","11.405,29","11.360,15","","-0,05%"
"18.03.2024","11.400,72","11.368,62","11.436,69","11.363,01","","0,28%"
"15.03.2024","11.368,48","11.403,34","11.429,78","11.361,17","","-0,36%"
"14.03.2024","11.409,10","11.469,27","11.506,22","11.386,90","","-0,50%"
"13.03.2024","11.466,86","11.438,29","11.484,67","11.425,30","","0,33%"
"12.03.2024","11.429,30","11.386,97","11.436,73","11.343,37","","0,37%"
"11.03.2024","11.387,07","11.480,48","11.480,48","11.347,12","","-0,99%"
"08.03.2024","11.501,07","11.460,83","11.548,26","11.460,32","","0,50%"
"07.03.2024","11.444,07","11.316,43","11.460,52","11.308,05","","1,08%"
"06.03.2024","11.321,58","11.228,19","11.338,14","11.211,33","","0,70%"
"05.03.2024","11.242,68","11.233,87","11.265,93","11.198,75","","0,03%"
"04.03.2024","11.238,98","11.234,99","11.253,06","11.212,95","","0,07%"
"01.03.2024","11.231,31","11.120,17","11.240,13","11.115,34","","0,81%"
"29.02.2024","11.141,52","11.121,08","11.192,48","11.107,80","","0,24%"
"28.02.2024","11.115,21","11.169,82","11.172,07","11.102,27","","-0,50%"
"27.02.2024","11.171,55","11.153,16","11.183,69","11.149,22","","0,19%"
"26.02.2024","11.150,68","11.153,68","11.176,84","11.141,19","","-0,03%"
"23.02.2024","11.154,33","11.124,01","11.164,39","11.113,99","","0,41%"
"22.02.2024","11.109,19","11.020,21","11.165,04","11.017,81","","0,90%"
"21.02.2024","11.010,20","11.034,87","11.040,33","10.998,77","","-0,38%"
"20.02.2024","11.052,48","11.030,57","11.059,68","10.995,45","","0,26%"
"19.02.2024","11.023,55","11.010,07","11.032,81","11.009,74","","0,18%"
"16.02.2024","11.003,60","10.932,10","11.024,80","10.932,10","","0,78%"
"15.02.2024","10.918,51","10.804,32","10.929,82","10.804,32","","1,13%"
"14.02.2024","10.796,19","10.741,97","10.805,88","10.721,35","","0,23%"
"13.02.2024","10.771,90","10.874,48","10.925,01","10.745,70","","-0,89%"
"12.02.2024","10.868,26","10.847,52","10.888,97","10.841,15","","0,18%"
"09.02.2024","10.848,59","10.839,77","10.874,81","10.823,73","","0,18%"
"08.02.2024","10.829,54","10.843,74","10.883,39","10.820,99","","-0,13%"
"07.02.2024","10.843,68","10.842,01","10.875,97","10.833,24","","0,17%"
"06.02.2024","10.825,75","10.780,92","10.843,69","10.757,37","","0,54%"
"05.02.2024","10.768,14","10.822,49","10.849,39","10.755,95","","-0,65%"
"02.02.2024","10.838,91","10.906,68","10.974,33","10.810,45","","-0,34%"
"01.02.2024","10.875,70","10.901,99","10.910,23","10.818,80","","-0,70%"
"31.01.2024","10.952,68","10.903,70","10.994,72","10.881,33","","0,61%"
"30.01.2024","10.886,61","10.886,25","10.912,42","10.866,37","","0,26%"
"29.01.2024","10.858,87","10.826,55","10.894,77","10.822,22","","0,19%"
"26.01.2024","10.837,89","10.789,65","10.868,27","10.736,59","","0,53%"
"25.01.2024","10.780,24","10.785,27","10.804,96","10.757,68","","-0,24%"
"24.01.2024","10.805,80","10.688,56","10.840,02","10.674,41","","1,26%"
"23.01.2024","10.671,08","10.711,02","10.764,21","10.657,73","","-0,47%"
"22.01.2024","10.721,19","10.642,12","10.739,52","10.642,12","","0,83%"
"19.01.2024","10.632,61","10.604,21","10.666,77","10.597,47","","0,45%"
"18.01.2024","10.584,74","10.569,04","10.615,24","10.562,35","","0,38%"
"17.01.2024","10.544,90","10.684,49","10.717,46","10.508,30","","-1,39%"
"16.01.2024","10.693,44","10.812,44","10.812,44","10.664,58","","-1,12%"
"15.01.2024","10.814,25","10.833,46","10.872,68","10.793,51","","-0,33%"
"12.01.2024","10.850,26","10.777,05","10.899,23","10.776,35","","0,99%"
"11.01.2024","10.743,97","10.777,43","10.878,92","10.726,97","","-0,29%"
"10.01.2024","10.774,70","10.751,36","10.795,47","10.749,18","","0,24%"
"09.01.2024","10.748,64","10.777,86","10.826,80","10.739,40","","-0,35%"
"08.01.2024","10.785,89","10.736,25","10.789,72","10.669,59","","0,14%"
"05.01.2024","10.770,49","10.735,65","10.800,25","10.611,46","","0,27%"
"04.01.2024","10.741,30","10.700,76","10.754,65","10.671,49","","0,60%"
"03.01.2024","10.677,31","10.788,63","10.803,18","10.649,07","","-1,15%"
"02.01.2024","10.801,50","10.897,23","10.924,79","10.784,40","","-0,95%"
"01.01.2024","10.904,86","10.891,37","10.904,86","10.891,34","","0,01%"
"29.12.2023","10.904,03","10.880,86","10.924,11","10.872,50","","-0,18%"
"28.12.2023","10.924,10","10.914,60","10.965,39","10.873,52","","0,22%"
"27.12.2023","10.899,61","10.802,94","10.919,56","10.802,94","","1,05%"
"26.12.2023","10.785,92","10.786,27","10.803,94","10.771,17","","0,06%"
"25.12.2023","10.779,89","10.789,77","10.790,15","10.770,34","","0,02%"
"22.12.2023","10.777,22","10.751,89","10.809,22","10.743,90","","0,38%"
"21.12.2023","10.736,51","10.711,16","10.750,74","10.657,18","","0,06%"
"20.12.2023","10.730,22","10.709,51","10.761,51","10.695,37","","0,16%"
"19.12.2023","10.713,33","10.623,08","10.715,96","10.611,02","","0,93%"
"18.12.2023","10.614,32","10.644,70","10.650,57","10.600,92","","-0,50%"
"15.12.2023","10.667,73","10.688,50","10.743,17","10.640,51","","-0,26%"
"14.12.2023","10.695,03","10.561,83","10.712,24","10.551,25","","2,23%"
"13.12.2023","10.461,63","10.430,77","10.564,84","10.413,03","","0,40%"
"12.12.2023","10.420,02","10.416,68","10.487,13","10.394,29","","0,14%"
"11.12.2023","10.405,68","10.389,18","10.430,87","10.382,41","","0,05%"
"08.12.2023","10.400,19","10.400,44","10.429,65","10.331,56","","0,05%"
"07.12.2023","10.394,59","10.376,22","10.450,38","10.337,34","","-0,02%"
"06.12.2023","10.396,76","10.317,64","10.431,63","10.316,03","","0,68%"
"05.12.2023","10.326,71","10.357,19","10.357,19","10.300,42","","-0,19%"
"04.12.2023","10.346,21","10.426,26","10.448,71","10.335,17","","-0,27%"
"01.12.2023","10.374,48","10.311,64","10.426,59","10.310,87","","0,37%"
"30.11.2023","10.336,63","10.323,10","10.350,81","10.285,51","","0,17%"
"29.11.2023","10.319,03","10.315,05","10.341,32","10.288,15","","0,20%"
"28.11.2023","10.298,23","10.290,54","10.328,21","10.234,44","","0,25%"
"27.11.2023","10.272,67","10.309,11","10.318,18","10.268,42","","-0,38%"
"24.11.2023","10.311,95","10.255,60","10.316,62","10.253,38","","0,54%"
"23.11.2023","10.256,80","10.229,72","10.269,16","10.226,70","","0,46%"
"22.11.2023","10.209,60","10.233,70","10.263,17","10.191,98","","-0,41%"
"21.11.2023","10.251,86","10.261,10","10.295,23","10.222,82","","-0,05%"
"20.11.2023","10.257,01","10.221,50","10.269,85","10.210,50","","0,48%"
"17.11.2023","10.208,43","10.087,50","10.221,38","10.077,98","","1,01%"
"16.11.2023","10.106,74","10.127,48","10.142,31","10.079,95","","-0,39%"
"15.11.2023","10.145,82","10.080,49","10.184,43","10.080,49","","0,97%"
"14.11.2023","10.048,65","9.844,87","10.093,54","9.844,33","","2,14%"
"13.11.2023","9.838,28","9.791,31","9.854,15","9.777,94","","0,63%"
"10.11.2023","9.776,22","9.842,70","9.842,70","9.737,60","","-1,09%"
"09.11.2023","9.884,45","9.794,10","9.899,62","9.793,81","","0,90%"
"08.11.2023","9.796,23","9.809,35","9.823,34","9.747,06","","-0,08%"
"07.11.2023","9.803,60","9.886,78","9.886,78","9.783,54","","-1,05%"
"06.11.2023","9.907,43","9.873,19","9.938,78","9.872,22","","0,34%"
"03.11.2023","9.873,94","9.753,96","9.895,70","9.753,96","","1,31%"
"02.11.2023","9.746,71","9.582,16","9.773,40","9.581,15","","2,09%"
"01.11.2023","9.547,28","9.454,35","9.585,40","9.452,59","","1,06%"
"31.10.2023","9.446,76","9.464,16","9.525,30","9.432,34","","-0,20%"
"30.10.2023","9.465,77","9.392,30","9.479,08","9.382,68","","0,40%"
"27.10.2023","9.428,49","9.434,67","9.489,14","9.411,23","","0,00%"
"26.10.2023","9.428,22","9.502,18","9.502,18","9.385,75","","-1,02%"
"25.10.2023","9.525,07","9.516,96","9.558,26","9.473,55","","0,03%"
"24.10.2023","9.522,07","9.536,13","9.572,05","9.499,88","","0,09%"
"23.10.2023","9.513,86","9.520,51","9.548,94","9.445,47","","-0,10%"
"20.10.2023","9.523,48","9.621,95","9.622,19","9.519,12","","-0,94%"
"19.10.2023","9.613,70","9.718,04","9.718,04","9.606,72","","-1,13%"
"18.10.2023","9.723,86","9.821,83","9.842,36","9.714,89","","-1,01%"
"17.10.2023","9.823,12","9.795,61","9.840,22","9.759,38","","0,38%"
"16.10.2023","9.786,32","9.781,21","9.802,62","9.727,71","","0,16%"
"13.10.2023","9.770,39","9.876,08","9.876,77","9.765,32","","-1,27%"
"12.10.2023","9.895,90","9.918,38","10.006,21","9.867,45","","-0,22%"
"11.10.2023","9.917,86","9.898,47","9.939,72","9.877,41","","0,34%"
"10.10.2023","9.883,81","9.696,74","9.907,44","9.696,23","","2,14%"
"09.10.2023","9.676,63","9.688,41","9.703,99","9.635,93","","0,08%"
"06.10.2023","9.669,29","9.633,93","9.715,81","9.574,43","","0,54%"
"05.10.2023","9.617,22","9.533,14","9.641,98","9.532,66","","1,02%"
"04.10.2023","9.520,21","9.571,90","9.592,85","9.472,76","","-0,59%"
"03.10.2023","9.576,54","9.687,67","9.687,83","9.551,00","","-1,29%"
"02.10.2023","9.701,66","9.835,85","9.870,96","9.683,65","","-1,62%"
"29.09.2023","9.861,52","9.843,95","9.939,52","9.823,88","","0,26%"
"28.09.2023","9.835,47","9.775,58","9.851,81","9.743,28","","0,54%"
"27.09.2023","9.782,80","9.829,74","9.858,20","9.755,59","","-0,63%"
"26.09.2023","9.844,44","9.920,76","9.921,67","9.825,70","","-0,63%"
"25.09.2023","9.906,80","9.985,80","9.993,09","9.879,20","","-0,93%"
"22.09.2023","9.999,85","9.991,86","10.032,35","9.963,86","","-0,24%"
"21.09.2023","10.024,24","10.144,54","10.144,54","10.015,77","","-1,77%"
"20.09.2023","10.204,95","10.147,13","10.225,17","10.108,30","","0,50%"
"19.09.2023","10.154,61","10.164,34","10.192,26","10.137,49","","-0,03%"
"18.09.2023","10.157,95","10.225,82","10.230,85","10.140,15","","-0,66%"
"15.09.2023","10.224,97","10.178,49","10.269,65","10.178,49","","0,39%"
"14.09.2023","10.185,09","10.080,04","10.192,98","10.080,04","","1,03%"
"13.09.2023","10.081,16","10.108,00","10.116,41","10.026,12","","-0,08%"
"12.09.2023","10.089,44","10.101,41","10.132,72","10.080,00","","-0,17%"
"11.09.2023","10.106,51","10.045,49","10.130,41","10.039,97","","0,71%"
"08.09.2023","10.035,10","10.040,15","10.054,97","9.981,53","","-0,14%"
"07.09.2023","10.048,83","10.079,87","10.082,17","10.024,32","","-0,21%"
"06.09.2023","10.070,28","10.116,16","10.143,35","10.067,15","","-0,34%"
"05.09.2023","10.104,67","10.201,14","10.205,21","10.104,67","","-0,91%"
"04.09.2023","10.197,25","10.176,93","10.260,81","10.176,93","","0,08%"
"01.09.2023","10.188,64","10.197,46","10.274,51","10.165,59","","-0,12%"
"31.08.2023","10.200,61","10.224,95","10.257,57","10.190,80","","-0,32%"
"30.08.2023","10.233,34","10.192,59","10.267,43","10.173,07","","0,84%"
"29.08.2023","10.147,60","10.064,16","10.197,99","10.058,13","","1,04%"
"28.08.2023","10.043,32","9.958,27","10.056,79","9.958,27","","1,26%"
"25.08.2023","9.918,63","9.966,83","10.004,73","9.899,27","","-0,91%"
"24.08.2023","10.009,64","10.061,48","10.123,06","9.981,82","","-0,32%"
"23.08.2023","10.042,05","9.974,75","10.065,22","9.966,21","","0,66%"
"22.08.2023","9.976,66","9.948,55","10.050,60","9.948,01","","0,48%"
"21.08.2023","9.929,32","9.944,88","10.001,15","9.919,63","","-0,10%"
"18.08.2023","9.939,71","9.984,66","9.998,87","9.880,88","","-0,52%"
"17.08.2023","9.991,44","10.043,38","10.057,42","9.967,32","","-0,80%"
"16.08.2023","10.072,34","10.113,24","10.114,54","10.038,50","","-0,76%"
"15.08.2023","10.149,64","10.218,30","10.231,24","10.114,35","","-0,49%"
"14.08.2023","10.199,93","10.264,92","10.268,11","10.148,72","","-0,83%"
"11.08.2023","10.284,90","10.349,06","10.363,89","10.253,55","","-1,00%"
"10.08.2023","10.389,16","10.291,50","10.434,69","10.279,77","","0,93%"
"09.08.2023","10.293,77","10.264,80","10.337,73","10.255,71","","0,37%"
"08.08.2023","10.256,15","10.333,78","10.337,09","10.220,73","","-0,64%"
"07.08.2023","10.322,53","10.307,27","10.333,60","10.261,76","","-0,08%"
"04.08.2023","10.331,11","10.247,74","10.354,51","10.218,36","","0,85%"
"03.08.2023","10.243,69","10.298,29","10.300,80","10.199,26","","-0,59%"
"02.08.2023","10.304,30","10.503,53","10.503,53","10.289,59","","-1,86%"
"01.08.2023","10.499,45","10.585,38","10.590,98","10.482,04","","-1,03%"
"31.07.2023","10.609,19","10.584,70","10.625,01","10.558,62","","0,24%"
"28.07.2023","10.584,02","10.566,38","10.596,57","10.515,76","","0,18%"
"27.07.2023","10.564,87","10.531,79","10.671,79","10.525,75","","0,40%"
"26.07.2023","10.522,30","10.546,09","10.565,13","10.477,50","","-0,08%"
"25.07.2023","10.531,20","10.493,95","10.548,83","10.489,19","","0,20%"
"24.07.2023","10.510,16","10.499,61","10.529,74","10.479,92","","0,12%"
"21.07.2023","10.497,54","10.520,15","10.526,82","10.470,47","","-0,19%"
"20.07.2023","10.517,10","10.553,89","10.584,13","10.497,30","","-0,25%"
"19.07.2023","10.543,14","10.546,87","10.590,08","10.516,93","","0,02%"
"18.07.2023","10.541,43","10.481,27","10.548,55","10.479,32","","0,61%"
"17.07.2023","10.477,34","10.516,72","10.522,94","10.448,18","","-0,57%"
"14.07.2023","10.537,51","10.538,95","10.576,20","10.512,32","","0,11%"
"13.07.2023","10.526,21","10.385,71","10.543,47","10.381,32","","1,49%"
"12.07.2023","10.371,67","10.188,81","10.378,65","10.181,05","","2,13%"
"11.07.2023","10.155,11","10.116,33","10.177,44","10.110,52","","0,77%"
"10.07.2023","10.077,98","10.074,15","10.103,31","10.020,99","","0,13%"
"07.07.2023","10.064,69","10.015,48","10.086,88","9.961,61","","0,52%"
"06.07.2023","10.012,97","10.202,59","10.204,19","9.992,94","","-2,08%"
"05.07.2023","10.225,17","10.280,46","10.291,45","10.206,02","","-0,73%"
"04.07.2023","10.300,73","10.292,17","10.309,79","10.276,11","","-0,02%"
"03.07.2023","10.303,15","10.285,31","10.327,21","10.285,31","","0,28%"
"30.06.2023","10.274,88","10.163,64","10.296,48","10.144,54","","0,91%"
"29.06.2023","10.182,69","10.194,22","10.219,50","10.150,49","","0,10%"
"28.06.2023","10.172,60","10.149,28","10.221,49","10.142,57","","0,40%"
"27.06.2023","10.132,09","10.102,35","10.157,58","10.085,60","","0,30%"
"26.06.2023","10.101,60","10.099,13","10.113,31","10.056,00","","0,15%"
"23.06.2023","10.086,33","10.234,54","10.234,54","10.081,11","","-1,35%"
"22.06.2023","10.224,56","10.306,81","10.316,40","10.210,66","","-0,52%"
"21.06.2023","10.277,54","10.285,79","10.312,05","10.240,43","","-0,04%"
"20.06.2023","10.281,75","10.335,21","10.350,63","10.274,56","","-0,62%"
"19.06.2023","10.346,08","10.435,00","10.435,00","10.337,26","","-0,78%"
"16.06.2023","10.427,03","10.409,12","10.467,80","10.388,10","","0,40%"
"15.06.2023","10.385,39","10.338,60","10.416,87","10.281,93","","0,21%"
"14.06.2023","10.363,19","10.269,77","10.372,97","10.267,34","","0,93%"
"13.06.2023","10.267,81","10.178,70","10.278,63","10.175,33","","1,06%"
"12.06.2023","10.160,19","10.148,44","10.215,10","10.136,82","","0,13%"
"09.06.2023","10.146,64","10.148,82","10.180,26","10.130,77","","0,17%"
"08.06.2023","10.129,76","10.087,46","10.142,80","10.064,39","","0,37%"
"07.06.2023","10.092,28","10.145,31","10.151,84","10.067,24","","-0,32%"
"06.06.2023","10.124,24","10.084,66","10.132,51","10.076,04","","0,32%"
"05.06.2023","10.092,25","10.078,09","10.123,57","10.075,13","","0,08%"
"02.06.2023","10.083,91","9.974,92","10.096,11","9.974,92","","1,45%"
"01.06.2023","9.940,06","9.841,62","9.970,98","9.837,50","","1,38%"
"31.05.2023","9.805,19","9.951,15","9.951,15","9.790,80","","-1,55%"
"30.05.2023","9.959,82","10.002,17","10.046,62","9.946,80","","-0,51%"
"29.05.2023","10.011,18","10.000,98","10.047,33","10.000,98","","0,29%"
"26.05.2023","9.982,59","9.917,88","10.007,17","9.917,88","","0,57%"
"25.05.2023","9.925,75","9.999,67","9.999,67","9.910,08","","-0,80%"
"24.05.2023","10.005,96","10.160,71","10.165,18","9.991,79","","-1,61%"
"23.05.2023","10.169,68","10.253,28","10.275,10","10.159,59","","-0,75%"
"22.05.2023","10.246,51","10.251,09","10.282,75","10.241,02","","0,23%"
"19.05.2023","10.222,99","10.159,29","10.276,53","10.159,01","","0,67%"
"18.05.2023","10.155,08","10.157,62","10.217,89","10.142,65","","0,09%"
"17.05.2023","10.145,51","10.190,81","10.199,29","10.129,30","","-0,48%"
"16.05.2023","10.194,23","10.251,93","10.272,80","10.186,58","","-0,40%"
"15.05.2023","10.235,46","10.178,00","10.249,34","10.176,64","","0,44%"
"12.05.2023","10.190,68","10.199,06","10.256,91","10.168,62","","-0,16%"
"11.05.2023","10.207,23","10.261,17","10.270,89","10.161,86","","-0,44%"
"10.05.2023","10.251,96","10.275,50","10.307,96","10.230,52","","-0,18%"
"09.05.2023","10.270,59","10.296,82","10.323,42","10.230,97","","-0,36%"
"08.05.2023","10.307,57","10.270,18","10.325,12","10.265,93","","0,44%"
"05.05.2023","10.262,18","10.181,68","10.284,22","10.176,58","","0,92%"
"04.05.2023","10.168,44","10.222,69","10.243,49","10.151,67","","-0,35%"
"03.05.2023","10.204,34","10.150,41","10.243,14","10.135,20","","0,68%"
"02.05.2023","10.135,06","10.208,14","10.241,91","10.124,58","","-0,83%"
"01.05.2023","10.220,12","10.233,46","10.259,08","10.204,45","","-0,19%"
"28.04.2023","10.239,25","10.214,26","10.244,64","10.126,42","","0,60%"
"27.04.2023","10.178,50","10.170,98","10.206,84","10.156,24","","0,03%"
"26.04.2023","10.175,56","10.195,25","10.207,23","10.142,58","","-0,27%"
"25.04.2023","10.202,82","10.288,60","10.305,70","10.195,20","","-0,62%"
"24.04.2023","10.266,35","10.249,10","10.278,50","10.213,28","","0,39%"
"21.04.2023","10.226,54","10.219,05","10.246,82","10.173,05","","-0,09%"
"20.04.2023","10.236,11","10.210,89","10.245,84","10.176,64","","0,09%"
"19.04.2023","10.226,61","10.254,05","10.260,34","10.180,09","","-0,23%"
"18.04.2023","10.250,33","10.180,49","10.269,88","10.180,49","","0,75%"
"17.04.2023","10.174,33","10.206,79","10.258,39","10.166,77","","-0,53%"
"14.04.2023","10.228,51","10.227,91","10.291,14","10.196,11","","0,09%"
"13.04.2023","10.219,54","10.137,90","10.233,52","10.123,94","","0,94%"
"12.04.2023","10.124,57","10.054,84","10.182,17","10.054,84","","0,76%"
"11.04.2023","10.047,89","9.958,43","10.059,35","9.958,43","","1,18%"
"10.04.2023","9.931,19","9.997,20","10.003,77","9.926,27","","-0,70%"
"07.04.2023","10.001,37","10.001,40","10.009,22","9.997,20","","0,03%"
"06.04.2023","9.998,26","9.983,27","10.011,79","9.951,33","","-0,01%"
"05.04.2023","9.999,39","10.055,34","10.061,20","9.978,46","","-0,70%"
"04.04.2023","10.069,59","10.030,37","10.091,41","10.008,02","","0,52%"
"03.04.2023","10.017,31","9.920,10","10.037,78","9.912,26","","0,71%"
"31.03.2023","9.946,89","9.901,45","9.970,44","9.897,09","","0,44%"
"30.03.2023","9.903,45","9.781,36","9.907,29","9.775,90","","1,34%"
"29.03.2023","9.772,45","9.686,52","9.785,88","9.680,69","","0,94%"
"28.03.2023","9.681,05","9.636,23","9.714,90","9.635,92","","0,62%"
"27.03.2023","9.620,95","9.553,70","9.642,04","9.539,80","","0,76%"
"24.03.2023","9.547,97","9.665,10","9.678,11","9.492,20","","-1,55%"
"23.03.2023","9.698,55","9.683,93","9.733,14","9.638,74","","0,64%"
"22.03.2023","9.636,86","9.582,27","9.746,67","9.580,80","","0,65%"
"21.03.2023","9.574,36","9.485,57","9.616,90","9.469,60","","1,03%"
"20.03.2023","9.476,98","9.422,87","9.498,39","9.273,57","","0,75%"
"17.03.2023","9.406,38","9.414,35","9.544,32","9.373,34","","-0,14%"
"16.03.2023","9.420,01","9.327,60","9.437,47","9.285,01","","1,00%"
"15.03.2023","9.326,71","9.589,21","9.629,09","9.312,54","","-2,66%"
"14.03.2023","9.581,31","9.566,06","9.603,97","9.460,46","","0,08%"
"13.03.2023","9.573,54","9.696,39","9.704,72","9.511,93","","-1,27%"
"10.03.2023","9.696,37","9.759,50","9.759,62","9.586,95","","-0,64%"
"09.03.2023","9.758,73","9.725,46","9.800,88","9.725,32","","0,22%"
"08.03.2023","9.737,09","9.728,41","9.769,01","9.693,96","","-0,20%"
"07.03.2023","9.756,88","9.883,53","9.908,96","9.724,22","","-1,29%"
"06.03.2023","9.884,10","9.846,16","9.900,56","9.842,12","","0,72%"
"03.03.2023","9.813,60","9.718,75","9.855,14","9.718,75","","0,93%"
"02.03.2023","9.722,71","9.730,65","9.743,09","9.653,15","","-0,06%"
"01.03.2023","9.728,37","9.694,51","9.807,35","9.671,58","","0,10%"
"28.02.2023","9.718,88","9.753,07","9.760,83","9.691,42","","-0,20%"
"27.02.2023","9.738,17","9.634,90","9.769,83","9.623,76","","1,05%"
"24.02.2023","9.636,81","9.753,11","9.784,80","9.628,03","","-1,18%"
"23.02.2023","9.752,35","9.766,18","9.802,62","9.731,41","","-0,31%"
"22.02.2023","9.782,39","9.837,14","9.837,90","9.740,78","","-0,83%"
"21.02.2023","9.864,69","9.909,15","9.910,35","9.819,15","","-0,50%"
"20.02.2023","9.913,93","9.897,32","9.936,98","9.882,33","","0,38%"
"17.02.2023","9.875,96","9.921,06","9.921,06","9.790,23","","-0,47%"
"16.02.2023","9.922,33","9.919,02","10.005,84","9.873,76","","0,23%"
"15.02.2023","9.899,90","9.960,91","9.962,20","9.871,81","","-0,54%"
"14.02.2023","9.953,31","9.943,85","10.074,61","9.918,46","","0,21%"
"13.02.2023","9.932,22","9.878,25","9.947,30","9.829,56","","0,50%"
"10.02.2023","9.882,36","9.957,46","9.974,98","9.848,13","","-1,07%"
"09.02.2023","9.989,43","9.917,71","10.045,46","9.904,54","","0,67%"
"08.02.2023","9.923,11","9.923,99","10.003,03","9.913,06","","0,32%"
"07.02.2023","9.891,48","9.870,39","9.956,59","9.838,43","","0,27%"
"06.02.2023","9.865,09","9.969,75","9.992,27","9.841,23","","-1,61%"
"03.02.2023","10.026,57","10.059,79","10.099,09","9.957,40","","-0,66%"
"02.02.2023","10.093,01","10.046,39","10.112,06","10.020,41","","0,96%"
"01.02.2023","9.997,33","9.958,09","10.061,25","9.951,82","","0,48%"
"31.01.2023","9.949,60","9.954,83","9.967,50","9.852,73","","-0,23%"
"30.01.2023","9.972,34","10.001,29","10.010,94","9.947,20","","-0,12%"
"27.01.2023","9.984,51","10.002,40","10.016,85","9.963,32","","0,26%"
"26.01.2023","9.958,36","9.988,37","10.021,78","9.943,10","","-0,04%"
"25.01.2023","9.962,37","9.954,44","9.983,62","9.911,34","","0,13%"
"24.01.2023","9.949,92","9.921,43","9.996,81","9.881,61","","0,33%"
"23.01.2023","9.917,37","9.867,98","9.934,94","9.864,07","","0,77%"
"20.01.2023","9.841,38","9.807,50","9.867,72","9.788,39","","0,58%"
"19.01.2023","9.784,30","9.895,54","9.900,69","9.778,32","","-1,53%"
"18.01.2023","9.936,54","9.868,85","10.010,52","9.825,82","","0,61%"
"17.01.2023","9.876,31","9.834,26","9.905,75","9.812,31","","0,40%"
"16.01.2023","9.836,75","9.835,28","9.872,28","9.791,92","","0,02%"
"13.01.2023","9.834,71","9.784,59","9.842,50","9.762,49","","0,87%"
"12.01.2023","9.749,45","9.618,63","9.802,76","9.617,34","","1,47%"
"11.01.2023","9.608,68","9.551,82","9.640,31","9.551,82","","0,65%"
"10.01.2023","9.546,77","9.586,84","9.608,01","9.518,00","","-0,54%"
"09.01.2023","9.598,74","9.476,70","9.620,40","9.476,70","","1,65%"
"06.01.2023","9.442,72","9.289,90","9.479,30","9.258,12","","1,82%"
"05.01.2023","9.273,59","9.365,14","9.393,67","9.272,16","","-0,99%"
"04.01.2023","9.365,85","9.249,61","9.389,43","9.232,06","","1,13%"
"03.01.2023","9.260,99","9.261,66","9.334,17","9.218,86","","0,17%"
"02.01.2023","9.245,73","9.214,54","9.265,52","9.214,54","","0,56%"
"30.12.2022","9.194,27","9.262,29","9.270,54","9.194,27","","-0,58%"
"29.12.2022","9.247,58","9.172,56","9.266,38","9.136,99","","0,74%"
"28.12.2022","9.179,95","9.222,72","9.267,46","9.166,48","","-0,53%"
"27.12.2022","9.228,79","9.224,92","9.259,41","9.210,87","","0,37%"
"26.12.2022","9.194,89","9.196,87","9.207,32","9.191,87","","0,04%"
"23.12.2022","9.191,67","9.188,60","9.215,26","9.150,21","","0,01%"
"22.12.2022","9.190,36","9.240,29","9.327,68","9.164,17","","-0,65%"
"21.12.2022","9.250,52","9.164,69","9.259,51","9.137,53","","0,93%"
"20.12.2022","9.165,33","9.128,98","9.204,26","9.095,81","","0,59%"
"19.12.2022","9.111,51","9.150,18","9.201,69","9.111,51","","-0,40%"
"16.12.2022","9.148,11","9.248,91","9.264,64","9.128,46","","-1,28%"
"15.12.2022","9.266,96","9.508,24","9.510,92","9.219,97","","-2,50%"
"14.12.2022","9.504,44","9.473,19","9.537,42","9.462,06","","0,12%"
"13.12.2022","9.492,89","9.304,24","9.578,25","9.303,91","","2,14%"
"12.12.2022","9.294,44","9.348,11","9.348,62","9.277,08","","-0,66%"
"09.12.2022","9.355,96","9.292,83","9.385,10","9.291,16","","0,73%"
"08.12.2022","9.287,79","9.265,33","9.308,29","9.229,82","","0,20%"
"07.12.2022","9.269,38","9.277,16","9.315,34","9.232,92","","-0,53%"
"06.12.2022","9.319,14","9.356,83","9.381,55","9.284,80","","-0,79%"
"05.12.2022","9.393,75","9.467,17","9.500,49","9.346,33","","-0,17%"
"02.12.2022","9.409,74","9.488,77","9.499,49","9.340,76","","-0,63%"
"01.12.2022","9.469,65","9.337,32","9.510,29","9.337,32","","2,53%"
"30.11.2022","9.235,91","9.210,23","9.351,33","9.191,86","","0,02%"
"29.11.2022","9.233,92","9.214,87","9.297,78","9.198,44","","-0,23%"
"28.11.2022","9.255,03","9.306,37","9.318,91","9.207,31","","-0,76%"
"25.11.2022","9.325,56","9.335,89","9.348,10","9.283,17","","-0,19%"
"24.11.2022","9.343,69","9.261,05","9.353,97","9.260,91","","1,04%"
"23.11.2022","9.247,06","9.146,87","9.269,32","9.141,40","","1,26%"
"22.11.2022","9.131,97","9.024,92","9.147,78","9.024,92","","1,27%"
"21.11.2022","9.017,10","9.104,43","9.115,31","9.003,80","","-1,22%"
"18.11.2022","9.128,10","9.070,46","9.149,99","9.067,80","","0,99%"
"17.11.2022","9.038,53","9.119,33","9.163,17","8.994,78","","-0,98%"
"16.11.2022","9.128,42","9.158,52","9.193,63","9.096,32","","-0,45%"
"15.11.2022","9.169,40","9.091,89","9.262,91","9.083,50","","0,86%"
"14.11.2022","9.091,10","9.107,28","9.139,76","9.064,91","","-0,32%"
"11.11.2022","9.120,52","8.924,04","9.159,14","8.920,62","","2,35%"
"10.11.2022","8.911,19","8.581,95","8.952,43","8.514,39","","3,65%"
"09.11.2022","8.597,45","8.670,49","8.685,13","8.567,03","","-0,91%"
"08.11.2022","8.676,01","8.562,21","8.696,61","8.545,79","","1,45%"
"07.11.2022","8.551,88","8.457,66","8.572,40","8.449,32","","1,33%"
"04.11.2022","8.439,59","8.244,02","8.510,95","8.215,30","","2,33%"
"03.11.2022","8.247,66","8.344,89","8.357,05","8.192,89","","-1,78%"
"02.11.2022","8.397,51","8.407,28","8.495,07","8.352,71","","-0,09%"
"01.11.2022","8.404,93","8.343,30","8.505,73","8.342,34","","0,72%"
"31.10.2022","8.345,26","8.343,50","8.383,35","8.328,68","","0,02%"
"28.10.2022","8.343,60","8.380,24","8.394,86","8.276,43","","-0,65%"
"27.10.2022","8.397,80","8.432,34","8.449,55","8.345,75","","-0,22%"
"26.10.2022","8.416,55","8.289,13","8.447,72","8.287,40","","1,49%"
"25.10.2022","8.293,07","8.141,10","8.306,19","8.136,37","","1,95%"
"24.10.2022","8.134,27","8.070,63","8.170,18","8.039,34","","1,55%"
"21.10.2022","8.010,07","8.028,83","8.100,13","7.858,15","","-0,85%"
"20.10.2022","8.078,64","8.030,03","8.102,01","7.993,87","","0,40%"
"19.10.2022","8.046,81","8.122,61","8.136,22","8.016,37","","-0,82%"
"18.10.2022","8.113,08","8.046,45","8.179,23","8.045,45","","0,85%"
"17.10.2022","8.044,90","7.919,11","8.065,15","7.889,44","","1,38%"
"14.10.2022","7.935,35","7.917,55","8.062,22","7.906,65","","0,86%"
"13.10.2022","7.868,02","7.840,99","7.937,32","7.695,68","","0,39%"
"12.10.2022","7.837,78","7.869,19","7.895,30","7.805,78","","-0,50%"
"11.10.2022","7.877,08","7.967,21","7.970,23","7.834,62","","-1,05%"
"10.10.2022","7.960,51","8.017,62","8.022,00","7.935,78","","-1,17%"
"07.10.2022","8.054,94","8.151,31","8.153,58","8.013,94","","-1,47%"
"06.10.2022","8.175,19","8.270,39","8.308,88","8.144,87","","-0,57%"
"05.10.2022","8.222,23","8.361,34","8.372,73","8.189,73","","-1,06%"
"04.10.2022","8.310,39","8.035,11","8.343,74","8.035,11","","3,90%"
"03.10.2022","7.998,26","7.902,85","8.016,78","7.844,48","","1,14%"
"30.09.2022","7.908,09","7.921,42","7.952,30","7.850,33","","0,29%"
"29.09.2022","7.884,96","7.923,59","7.945,47","7.815,41","","0,15%"
"28.09.2022","7.873,28","7.840,21","7.940,89","7.697,71","","0,15%"
"27.09.2022","7.861,31","7.871,38","7.954,19","7.825,18","","-0,24%"
"26.09.2022","7.880,14","7.989,09","7.989,09","7.830,99","","-1,64%"
"23.09.2022","8.011,88","8.249,13","8.251,85","7.981,89","","-2,74%"
"22.09.2022","8.237,24","8.304,24","8.381,31","8.207,00","","-1,38%"
"21.09.2022","8.352,83","8.401,14","8.403,62","8.316,29","","-0,86%"
"20.09.2022","8.425,33","8.516,59","8.567,83","8.400,29","","-0,73%"
"19.09.2022","8.487,49","8.502,38","8.505,75","8.405,45","","-0,12%"
"16.09.2022","8.497,99","8.561,67","8.576,61","8.462,84","","-1,02%"
"15.09.2022","8.585,77","8.627,00","8.651,71","8.572,81","","-0,65%"
"14.09.2022","8.641,72","8.692,76","8.692,76","8.597,27","","-1,03%"
"13.09.2022","8.731,47","8.914,63","8.990,62","8.697,23","","-2,10%"
"12.09.2022","8.918,90","8.775,16","8.927,05","8.765,40","","1,99%"
"09.09.2022","8.744,97","8.588,97","8.776,31","8.587,93","","2,19%"
"08.09.2022","8.557,82","8.509,50","8.580,03","8.466,84","","1,15%"
"07.09.2022","8.460,23","8.490,50","8.508,42","8.389,83","","-0,57%"
"06.09.2022","8.509,07","8.573,70","8.600,80","8.460,13","","-0,52%"
"05.09.2022","8.553,63","8.577,74","8.594,61","8.484,32","","-1,07%"
"02.09.2022","8.645,72","8.506,00","8.660,61","8.490,74","","1,81%"
"01.09.2022","8.491,88","8.667,12","8.667,12","8.466,18","","-2,50%"
"31.08.2022","8.710,03","8.752,22","8.788,94","8.685,51","","-0,46%"
"30.08.2022","8.750,54","8.809,83","8.898,06","8.736,74","","-0,35%"
"29.08.2022","8.780,91","8.840,90","8.842,64","8.739,16","","-1,57%"
"26.08.2022","8.920,84","9.012,33","9.061,25","8.883,38","","-0,97%"
"25.08.2022","9.008,14","8.945,53","9.045,30","8.939,34","","0,56%"
"24.08.2022","8.957,63","8.945,12","8.968,26","8.895,16","","-0,08%"
"23.08.2022","8.964,48","8.954,94","9.000,58","8.894,93","","-0,20%"
"22.08.2022","8.982,67","9.076,62","9.088,47","8.953,47","","-1,14%"
"19.08.2022","9.086,04","9.185,40","9.187,84","9.076,02","","-1,38%"
"18.08.2022","9.213,34","9.217,35","9.252,02","9.173,21","","-0,02%"
"17.08.2022","9.215,08","9.284,88","9.320,72","9.206,74","","-0,64%"
"16.08.2022","9.274,72","9.268,43","9.283,92","9.237,38","","-0,14%"
"15.08.2022","9.287,52","9.301,23","9.326,69","9.260,01","","0,04%"
"12.08.2022","9.284,01","9.288,08","9.332,96","9.272,24","","-0,20%"
"11.08.2022","9.302,28","9.247,67","9.328,14","9.235,52","","0,20%"
"10.08.2022","9.283,25","9.092,13","9.288,69","9.063,47","","1,97%"
"09.08.2022","9.104,02","9.145,50","9.151,15","9.085,70","","-0,64%"
"08.08.2022","9.162,27","9.065,76","9.190,38","9.056,46","","1,02%"
"05.08.2022","9.069,87","9.168,35","9.183,83","9.045,54","","-0,85%"
"04.08.2022","9.147,32","9.097,80","9.176,03","9.089,96","","0,88%"
"03.08.2022","9.067,54","9.057,92","9.111,37","9.041,90","","-0,47%"
"02.08.2022","9.110,72","9.203,07","9.214,31","9.067,05","","-1,18%"
"01.08.2022","9.219,96","9.148,02","9.241,15","9.139,05","","0,93%"
"29.07.2022","9.135,13","9.057,90","9.156,48","9.054,49","","1,19%"
"28.07.2022","9.027,45","8.974,24","9.055,69","8.954,86","","1,48%"
"27.07.2022","8.895,49","8.857,85","8.975,85","8.853,10","","0,28%"
"26.07.2022","8.870,27","8.923,88","8.941,67","8.852,02","","-0,49%"
"25.07.2022","8.913,60","8.883,24","8.938,23","8.856,76","","-0,16%"
"22.07.2022","8.928,32","8.885,66","8.967,57","8.838,13","","0,76%"
"21.07.2022","8.861,17","8.820,22","8.888,05","8.781,82","","0,16%"
"20.07.2022","8.847,44","8.822,28","8.910,06","8.805,98","","0,32%"
"19.07.2022","8.819,02","8.665,50","8.823,01","8.642,72","","1,46%"
"18.07.2022","8.692,42","8.565,86","8.699,55","8.560,07","","1,71%"
"15.07.2022","8.546,37","8.425,20","8.558,64","8.397,86","","1,76%"
"14.07.2022","8.398,38","8.531,29","8.554,98","8.353,82","","-2,22%"
"13.07.2022","8.588,88","8.596,97","8.615,26","8.483,08","","-0,23%"
"12.07.2022","8.608,37","8.608,06","8.624,93","8.515,21","","-0,18%"
"11.07.2022","8.623,71","8.730,50","8.742,90","8.595,57","","-1,14%"
"08.07.2022","8.723,23","8.698,37","8.733,79","8.626,63","","0,43%"
"07.07.2022","8.685,91","8.553,98","8.692,59","8.545,98","","1,66%"
"06.07.2022","8.544,20","8.529,22","8.616,46","8.503,63","","0,27%"
"05.07.2022","8.521,18","8.745,13","8.770,46","8.504,28","","-2,38%"
"04.07.2022","8.728,58","8.688,02","8.772,03","8.683,86","","1,01%"
"01.07.2022","8.641,12","8.717,82","8.725,43","8.612,59","","-0,69%"
"30.06.2022","8.701,04","8.813,21","8.813,21","8.636,11","","-1,44%"
"29.06.2022","8.827,86","8.902,60","8.907,12","8.808,66","","-0,91%"
"28.06.2022","8.908,80","8.912,06","8.999,73","8.905,44","","-0,19%"
"27.06.2022","8.926,01","8.840,94","8.955,79","8.840,94","","1,20%"
"24.06.2022","8.820,58","8.629,98","8.835,80","8.613,60","","2,02%"
"23.06.2022","8.645,61","8.692,40","8.718,31","8.605,01","","-0,83%"
"22.06.2022","8.718,35","8.743,28","8.757,95","8.605,63","","-0,51%"
"21.06.2022","8.763,23","8.680,15","8.815,74","8.680,15","","0,88%"
"20.06.2022","8.687,15","8.611,69","8.687,15","8.586,53","","1,18%"
"17.06.2022","8.586,08","8.724,60","8.724,60","8.571,37","","-1,29%"
"16.06.2022","8.698,68","8.843,79","8.874,33","8.672,51","","-0,90%"
"15.06.2022","8.777,94","8.723,96","8.843,83","8.700,25","","0,54%"
"14.06.2022","8.730,81","8.840,12","8.873,94","8.693,92","","-1,56%"
"13.06.2022","8.868,86","9.094,41","9.095,23","8.844,49","","-2,93%"
"10.06.2022","9.136,67","9.366,43","9.376,42","9.114,15","","-2,90%"
"09.06.2022","9.409,17","9.546,64","9.563,15","9.378,37","","-1,70%"
"08.06.2022","9.571,82","9.595,86","9.610,61","9.540,81","","-0,20%"
"07.06.2022","9.590,57","9.597,30","9.598,96","9.510,66","","-0,38%"
"06.06.2022","9.627,05","9.557,66","9.658,84","9.553,73","","0,54%"
"03.06.2022","9.575,26","9.636,27","9.661,63","9.560,41","","-0,27%"
"02.06.2022","9.601,49","9.516,51","9.626,54","9.495,26","","0,67%"
"01.06.2022","9.537,34","9.612,51","9.654,42","9.506,75","","-0,67%"
"31.05.2022","9.601,87","9.705,32","9.711,97","9.588,13","","-1,17%"
"30.05.2022","9.715,43","9.606,68","9.722,23","9.606,68","","1,40%"
"27.05.2022","9.581,20","9.490,61","9.596,34","9.490,61","","1,28%"
"26.05.2022","9.459,82","9.406,02","9.476,96","9.377,06","","0,75%"
"25.05.2022","9.389,04","9.383,87","9.413,56","9.335,04","","0,11%"
"24.05.2022","9.378,39","9.418,48","9.421,44","9.352,36","","-0,40%"
"23.05.2022","9.415,65","9.286,93","9.424,63","9.285,67","","1,70%"
"20.05.2022","9.257,84","9.203,69","9.327,00","9.202,98","","0,48%"
"19.05.2022","9.213,23","9.232,53","9.232,53","9.091,52","","-0,54%"
"18.05.2022","9.263,08","9.334,69","9.365,82","9.229,06","","-0,57%"
"17.05.2022","9.315,90","9.180,87","9.328,32","9.177,59","","1,84%"
"16.05.2022","9.147,65","9.146,87","9.184,84","9.091,39","","0,30%"
"13.05.2022","9.120,46","8.936,33","9.138,97","8.934,93","","1,84%"
"12.05.2022","8.955,51","9.046,15","9.056,33","8.874,47","","-1,42%"
"11.05.2022","9.084,72","8.980,43","9.118,86","8.954,85","","0,97%"
"10.05.2022","8.997,23","8.989,17","9.093,62","8.941,64","","0,10%"
"09.05.2022","8.987,82","9.215,40","9.215,40","8.987,82","","-2,99%"
"06.05.2022","9.264,67","9.350,82","9.351,19","9.210,70","","-0,94%"
"05.05.2022","9.352,83","9.498,84","9.576,92","9.275,39","","-0,73%"
"04.05.2022","9.421,44","9.446,50","9.506,20","9.374,52","","-0,33%"
"03.05.2022","9.452,61","9.392,41","9.461,61","9.385,94","","0,63%"
"02.05.2022","9.393,64","9.485,33","9.502,81","9.313,52","","-1,23%"
"29.04.2022","9.510,30","9.442,08","9.567,98","9.442,06","","0,80%"
"28.04.2022","9.434,69","9.390,23","9.485,73","9.362,37","","0,69%"
"27.04.2022","9.370,16","9.414,38","9.442,03","9.321,69","","-0,72%"
"26.04.2022","9.438,33","9.544,54","9.587,13","9.422,01","","-1,04%"
"25.04.2022","9.537,90","9.725,89","9.725,89","9.520,20","","-1,91%"
"22.04.2022","9.723,83","9.917,69","9.917,74","9.720,30","","-2,29%"
"21.04.2022","9.951,80","9.959,71","10.048,63","9.935,50","","-0,18%"
"20.04.2022","9.969,94","9.828,96","9.978,92","9.828,96","","1,46%"
"19.04.2022","9.826,45","9.858,22","9.879,01","9.786,19","","-0,38%"
"18.04.2022","9.864,18","9.884,93","9.887,95","9.849,62","","-0,36%"
"15.04.2022","9.899,92","9.921,04","9.921,04","9.891,57","","-0,11%"
"14.04.2022","9.910,34","9.928,79","9.986,36","9.901,20","","0,23%"
"13.04.2022","9.887,87","9.856,63","9.924,27","9.823,64","","0,06%"
"12.04.2022","9.881,56","9.926,94","9.927,89","9.805,58","","-0,59%"
"11.04.2022","9.940,57","9.996,12","10.002,05","9.920,15","","-0,52%"
"08.04.2022","9.992,85","9.929,31","10.008,72","9.915,02","","0,57%"
"07.04.2022","9.936,13","9.969,47","10.012,74","9.910,16","","-0,64%"
"06.04.2022","10.000,04","10.112,31","10.112,31","9.948,48","","-1,55%"
"05.04.2022","10.157,58","10.184,36","10.213,18","10.120,07","","-0,30%"
"04.04.2022","10.188,06","10.134,94","10.188,85","10.131,16","","0,59%"
"01.04.2022","10.128,09","10.138,84","10.154,26","10.101,47","","-0,41%"
"31.03.2022","10.169,89","10.270,38","10.275,13","10.132,90","","-1,03%"
"30.03.2022","10.276,10","10.231,13","10.280,95","10.227,87","","0,36%"
"29.03.2022","10.239,43","10.024,23","10.269,94","10.024,23","","2,22%"
"28.03.2022","10.017,51","10.055,69","10.090,39","10.010,50","","-0,40%"
"25.03.2022","10.057,93","10.070,54","10.110,60","10.045,69","","-0,04%"
"24.03.2022","10.061,53","10.070,78","10.094,03","10.034,30","","-0,12%"
"23.03.2022","10.073,78","10.093,06","10.158,03","10.046,75","","-0,19%"
"22.03.2022","10.092,79","10.011,91","10.104,78","10.002,81","","0,55%"
"21.03.2022","10.037,14","10.020,10","10.047,93","10.003,94","","0,19%"
"18.03.2022","10.017,76","9.976,66","10.034,30","9.908,53","","0,33%"
"17.03.2022","9.985,27","9.796,52","9.993,36","9.796,52","","2,07%"
"16.03.2022","9.782,45","9.529,20","9.843,26","9.528,08","","2,63%"
"15.03.2022","9.532,11","9.522,83","9.553,72","9.435,72","","-0,26%"
"14.03.2022","9.556,79","9.508,67","9.606,94","9.475,96","","0,42%"
"11.03.2022","9.517,27","9.538,40","9.658,78","9.465,87","","-0,41%"
"10.03.2022","9.556,68","9.565,82","9.667,01","9.521,75","","-0,01%"
"09.03.2022","9.558,08","9.211,01","9.576,24","9.207,48","","3,77%"
"08.03.2022","9.210,71","9.280,74","9.354,93","9.189,00","","-0,92%"
"07.03.2022","9.296,59","9.471,14","9.471,14","9.176,61","","-1,75%"
"04.03.2022","9.462,38","9.766,16","9.767,57","9.453,82","","-3,05%"
"03.03.2022","9.760,02","9.879,56","9.928,24","9.739,76","","-0,78%"
"02.03.2022","9.836,90","9.853,59","9.883,31","9.740,77","","-0,35%"
"01.03.2022","9.871,42","10.043,73","10.074,89","9.839,41","","-1,70%"
"28.02.2022","10.042,17","9.989,74","10.051,00","9.885,37","","0,12%"
"25.02.2022","10.030,08","9.766,88","10.046,25","9.762,07","","3,27%"
"24.02.2022","9.712,75","10.085,00","10.085,00","9.697,03","","-3,78%"
"23.02.2022","10.094,74","10.111,62","10.200,31","10.079,25","","-0,24%"
"22.02.2022","10.119,40","10.158,38","10.158,38","9.990,41","","-0,50%"
"21.02.2022","10.170,46","10.244,66","10.304,31","10.127,70","","-0,80%"
"18.02.2022","10.252,26","10.342,05","10.358,89","10.227,80","","-0,93%"
"17.02.2022","10.348,62","10.407,49","10.419,42","10.326,17","","-0,48%"
"16.02.2022","10.398,48","10.346,94","10.451,09","10.346,80","","0,59%"
"15.02.2022","10.337,98","10.251,22","10.349,73","10.206,79","","0,90%"
"14.02.2022","10.245,52","10.431,48","10.446,56","10.190,36","","-2,06%"
"11.02.2022","10.460,56","10.504,80","10.504,80","10.400,66","","-0,75%"
"10.02.2022","10.539,87","10.520,10","10.578,25","10.447,03","","0,13%"
"09.02.2022","10.526,69","10.364,32","10.545,92","10.363,82","","1,56%"
"08.02.2022","10.364,62","10.363,41","10.406,19","10.327,62","","0,01%"
"07.02.2022","10.363,94","10.315,78","10.379,20","10.289,56","","0,54%"
"04.02.2022","10.307,86","10.366,42","10.424,27","10.275,93","","-0,54%"
"03.02.2022","10.363,32","10.445,89","10.445,89","10.348,87","","-0,73%"
"02.02.2022","10.439,89","10.357,38","10.482,75","10.356,95","","1,07%"
"01.02.2022","10.329,10","10.218,31","10.343,29","10.218,22","","1,27%"
"31.01.2022","10.199,55","10.078,11","10.228,04","10.062,15","","1,09%"
"28.01.2022","10.089,47","10.109,36","10.146,96","9.980,95","","-0,04%"
"27.01.2022","10.093,82","10.209,42","10.211,31","10.007,47","","-1,33%"
"26.01.2022","10.229,54","10.150,72","10.283,69","10.140,07","","0,94%"
"25.01.2022","10.134,32","10.158,29","10.170,70","10.060,33","","-0,25%"
"24.01.2022","10.159,82","10.427,82","10.429,49","10.098,79","","-2,69%"
"21.01.2022","10.440,95","10.576,90","10.576,90","10.396,88","","-1,62%"
"20.01.2022","10.613,08","10.532,49","10.630,82","10.532,49","","0,67%"
"19.01.2022","10.542,04","10.590,76","10.594,56","10.484,52","","-0,51%"
"18.01.2022","10.596,01","10.712,83","10.743,66","10.575,08","","-1,08%"
"17.01.2022","10.711,86","10.659,94","10.720,68","10.651,71","","0,31%"
"14.01.2022","10.679,11","10.776,82","10.778,30","10.639,79","","-1,02%"
"13.01.2022","10.788,99","10.781,38","10.823,57","10.762,60","","0,23%"
"12.01.2022","10.764,12","10.625,05","10.790,22","10.625,05","","1,56%"
"11.01.2022","10.599,11","10.539,67","10.626,04","10.509,75","","0,56%"
"10.01.2022","10.540,13","10.639,54","10.652,32","10.507,71","","-0,89%"
"07.01.2022","10.634,44","10.618,95","10.652,06","10.576,11","","0,31%"
"06.01.2022","10.601,51","10.744,49","10.744,72","10.573,55","","-1,62%"
"05.01.2022","10.776,33","10.741,99","10.795,04","10.739,99","","0,20%"
"04.01.2022","10.755,20","10.668,50","10.771,50","10.665,98","","1,13%"
"03.01.2022","10.634,79","10.658,43","10.705,33","10.630,06","","-0,32%"
"31.12.2021","10.669,13","10.657,48","10.675,98","10.625,28","","0,15%"
"30.12.2021","10.653,47","10.667,68","10.679,09","10.635,88","","-0,13%"
"29.12.2021","10.667,39","10.654,39","10.680,15","10.628,98","","0,24%"
"28.12.2021","10.642,03","10.610,08","10.667,55","10.603,52","","0,54%"
"27.12.2021","10.584,99","10.564,21","10.593,05","10.544,18","","0,14%"
"24.12.2021","10.569,78","10.572,41","10.584,08","10.554,28","","0,08%"
"23.12.2021","10.561,25","10.491,49","10.577,28","10.487,65","","0,86%"
"22.12.2021","10.470,71","10.381,69","10.487,93","10.366,61","","1,01%"
"21.12.2021","10.365,62","10.230,57","10.382,22","10.230,50","","1,23%"
"20.12.2021","10.239,22","10.361,16","10.362,63","10.163,48","","-1,44%"
"17.12.2021","10.388,36","10.489,15","10.495,44","10.355,91","","-0,89%"
"16.12.2021","10.481,32","10.356,93","10.515,98","10.349,43","","1,49%"
"15.12.2021","10.327,19","10.306,49","10.362,30","10.288,61","","0,11%"
"14.12.2021","10.315,35","10.388,05","10.409,95","10.304,03","","-0,67%"
"13.12.2021","10.385,44","10.452,99","10.476,36","10.385,44","","-0,60%"
"10.12.2021","10.447,67","10.483,55","10.486,36","10.420,62","","-0,28%"
"09.12.2021","10.476,99","10.535,32","10.538,76","10.471,89","","-0,48%"
"08.12.2021","10.527,46","10.508,97","10.576,03","10.508,07","","0,31%"
"07.12.2021","10.494,46","10.287,91","10.507,59","10.287,06","","2,12%"
"06.12.2021","10.277,08","10.218,27","10.299,86","10.186,55","","0,72%"
"03.12.2021","10.204,04","10.231,30","10.301,21","10.182,90","","-0,34%"
"02.12.2021","10.239,33","10.298,89","10.302,72","10.196,23","","-0,77%"
"01.12.2021","10.318,90","10.204,43","10.359,25","10.189,95","","1,65%"
"30.11.2021","10.151,68","10.293,08","10.330,88","10.151,68","","-1,20%"
"29.11.2021","10.274,46","10.301,47","10.323,86","10.245,31","","-0,38%"
"26.11.2021","10.313,82","10.546,75","10.550,84","10.298,80","","-2,24%"
"25.11.2021","10.549,66","10.509,07","10.563,42","10.506,56","","0,45%"
"24.11.2021","10.502,20","10.555,11","10.558,87","10.452,02","","-0,52%"
"23.11.2021","10.556,60","10.614,85","10.636,73","10.541,23","","-0,65%"
"22.11.2021","10.625,90","10.681,87","10.699,65","10.610,85","","-0,72%"
"19.11.2021","10.703,19","10.746,91","10.765,75","10.664,63","","-0,25%"
"18.11.2021","10.729,72","10.751,76","10.768,28","10.717,60","","-0,08%"
"17.11.2021","10.738,45","10.763,46","10.764,28","10.710,33","","-0,22%"
"16.11.2021","10.762,40","10.763,46","10.763,46","10.762,40","","-0,58%"
"15.11.2021","10.824,80","10.799,54","10.839,15","10.790,47","","0,28%"
"12.11.2021","10.794,22","10.729,36","10.804,55","10.728,70","","0,48%"
"11.11.2021","10.742,52","10.723,31","10.747,46","10.699,13","","-0,10%"
"10.11.2021","10.753,13","10.822,13","10.828,10","10.721,20","","-0,56%"
"09.11.2021","10.813,27","10.845,16","10.859,65","10.796,72","","-0,28%"
"08.11.2021","10.843,74","10.845,16","10.845,75","10.842,32","","0,20%"
"05.11.2021","10.821,99","10.810,08","10.830,70","10.785,13","","0,11%"
"04.11.2021","10.810,13","10.795,27","10.828,60","10.792,19","","0,33%"
"03.11.2021","10.774,56","10.745,38","10.800,52","10.733,73","","0,27%"
"02.11.2021","10.745,99","10.773,83","10.776,32","10.738,84","","-0,24%"
"01.11.2021","10.771,36","10.640,04","10.778,98","10.635,85","","1,16%"
"29.10.2021","10.648,12","10.737,63","10.738,52","10.631,96","","-0,83%"
"28.10.2021","10.737,74","10.674,35","10.745,12","10.638,86","","0,61%"
"27.10.2021","10.673,08","10.696,04","10.710,41","10.667,38","","-0,25%"
"26.10.2021","10.699,34","10.648,08","10.719,98","10.648,08","","0,42%"
"25.10.2021","10.655,07","10.665,72","10.679,86","10.631,79","","-0,14%"
"22.10.2021","10.670,12","10.616,86","10.696,25","10.601,79","","0,32%"
"21.10.2021","10.636,53","10.669,74","10.677,44","10.593,66","","-0,28%"
"20.10.2021","10.666,90","10.618,32","10.677,09","10.610,07","","0,39%"
"19.10.2021","10.625,89","10.558,88","10.633,17","10.557,57","","0,65%"
"18.10.2021","10.557,71","10.585,39","10.589,67","10.526,85","","-0,35%"
"15.10.2021","10.594,47","10.491,70","10.594,47","10.487,94","","0,99%"
"14.10.2021","10.490,32","10.393,83","10.501,09","10.393,83","","1,10%"
"13.10.2021","10.376,29","10.305,96","10.393,41","10.277,06","","0,58%"
"12.10.2021","10.316,49","10.334,98","10.341,83","10.263,26","","-0,38%"
"11.10.2021","10.355,39","10.321,78","10.368,69","10.309,90","","0,21%"
"08.10.2021","10.333,89","10.305,52","10.362,99","10.302,71","","0,22%"
"07.10.2021","10.311,38","10.185,87","10.321,56","10.185,87","","1,30%"
"06.10.2021","10.179,05","10.283,60","10.311,29","10.103,86","","-0,97%"
"05.10.2021","10.279,20","10.256,45","10.299,22","10.184,41","","0,16%"
"04.10.2021","10.262,91","10.285,74","10.318,85","10.227,83","","-0,08%"
"01.10.2021","10.271,01","10.339,16","10.339,25","10.180,18","","-0,64%"
"30.09.2021","10.337,59","10.326,00","10.400,43","10.321,00","","0,01%"
"29.09.2021","10.336,13","10.384,58","10.415,96","10.320,10","","-0,43%"
"28.09.2021","10.381,05","10.570,06","10.571,02","10.375,43","","-1,80%"
"27.09.2021","10.570,80","10.580,83","10.629,60","10.554,24","","-0,05%"
"24.09.2021","10.575,72","10.631,55","10.666,11","10.570,18","","-0,51%"
"23.09.2021","10.629,81","10.519,01","10.639,67","10.517,69","","0,76%"
"22.09.2021","10.549,17","10.490,88","10.574,44","10.470,42","","0,50%"
"21.09.2021","10.496,82","10.441,86","10.529,85","10.404,30","","0,40%"
"20.09.2021","10.454,80","10.590,30","10.590,37","10.405,20","","-1,37%"
"17.09.2021","10.599,85","10.686,65","10.746,29","10.587,19","","-0,77%"
"16.09.2021","10.682,32","10.724,34","10.733,73","10.676,89","","-0,31%"
"15.09.2021","10.715,53","10.746,57","10.751,55","10.703,11","","-0,58%"
"14.09.2021","10.778,32","10.760,77","10.816,41","10.749,18","","0,20%"
"13.09.2021","10.757,03","10.726,32","10.780,07","10.704,13","","0,05%"
"10.09.2021","10.751,50","10.730,98","10.804,25","10.730,98","","0,24%"
"09.09.2021","10.725,43","10.740,54","10.750,46","10.668,74","","-0,18%"
"08.09.2021","10.744,38","10.817,00","10.845,94","10.734,20","","-0,79%"
"07.09.2021","10.830,07","10.885,11","10.910,53","10.821,63","","-0,30%"
"06.09.2021","10.862,62","10.812,31","10.875,47","10.808,16","","0,57%"
"03.09.2021","10.800,78","10.784,54","10.837,81","10.772,34","","0,22%"
"02.09.2021","10.776,89","10.721,41","10.781,50","10.709,56","","0,44%"
"01.09.2021","10.729,88","10.642,76","10.760,28","10.634,03","","0,89%"
"31.08.2021","10.635,44","10.636,95","10.697,98","10.624,81","","-0,12%"
"30.08.2021","10.648,59","10.641,08","10.656,64","10.633,27","","0,35%"
"27.08.2021","10.611,02","10.546,12","10.630,12","10.529,59","","0,47%"
"26.08.2021","10.561,43","10.615,67","10.616,01","10.549,09","","-0,30%"
"25.08.2021","10.593,44","10.601,18","10.616,39","10.575,38","","-0,11%"
"24.08.2021","10.605,22","10.566,84","10.606,68","10.564,49","","0,51%"
"23.08.2021","10.551,23","10.431,69","10.563,12","10.431,69","","1,42%"
"20.08.2021","10.403,56","10.395,32","10.420,59","10.345,12","","-0,05%"
"19.08.2021","10.409,21","10.557,65","10.559,63","10.371,32","","-1,61%"
"18.08.2021","10.579,56","10.572,45","10.605,06","10.569,91","","0,01%"
"17.08.2021","10.578,70","10.651,79","10.655,88","10.566,55","","-0,70%"
"16.08.2021","10.653,52","10.720,25","10.723,19","10.625,94","","-0,67%"
"13.08.2021","10.725,67","10.659,96","10.739,26","10.654,62","","0,63%"
"12.08.2021","10.658,24","10.666,36","10.678,56","10.643,90","","0,02%"
"11.08.2021","10.656,23","10.597,65","10.668,82","10.597,16","","0,63%"
"10.08.2021","10.589,56","10.571,70","10.598,54","10.565,33","","0,18%"
"09.08.2021","10.570,49","10.563,72","10.592,08","10.558,19","","0,02%"
"06.08.2021","10.568,56","10.617,80","10.621,64","10.566,70","","-0,55%"
"05.08.2021","10.626,62","10.581,81","10.631,62","10.581,36","","0,36%"
"04.08.2021","10.588,51","10.583,71","10.632,75","10.572,68","","0,13%"
"03.08.2021","10.574,72","10.560,96","10.602,87","10.546,98","","-0,06%"
"02.08.2021","10.580,72","10.484,29","10.590,07","10.483,26","","1,10%"
"30.07.2021","10.466,11","10.553,87","10.557,16","10.455,89","","-0,84%"
"29.07.2021","10.554,97","10.472,85","10.563,10","10.471,24","","1,23%"
"28.07.2021","10.426,71","10.412,43","10.464,00","10.383,31","","-0,05%"
"27.07.2021","10.431,75","10.450,80","10.463,86","10.366,47","","-0,10%"
"26.07.2021","10.442,06","10.422,31","10.448,04","10.383,29","","0,44%"
"23.07.2021","10.396,20","10.349,43","10.406,39","10.331,86","","0,39%"
"22.07.2021","10.355,41","10.315,06","10.383,21","10.312,90","","0,51%"
"21.07.2021","10.302,42","10.188,54","10.320,11","10.173,30","","1,48%"
"20.07.2021","10.152,30","10.140,01","10.191,70","10.102,25","","-0,14%"
"19.07.2021","10.166,53","10.341,44","10.342,11","10.142,21","","-1,91%"
"16.07.2021","10.364,00","10.397,36","10.424,11","10.337,22","","-0,50%"
"15.07.2021","10.415,58","10.506,95","10.508,54","10.394,93","","-0,85%"
"14.07.2021","10.505,32","10.475,99","10.526,20","10.462,59","","-0,13%"
"13.07.2021","10.518,95","10.535,01","10.554,69","10.481,75","","-0,09%"
"12.07.2021","10.527,90","10.457,47","10.531,74","10.457,47","","0,94%"
"09.07.2021","10.430,24","10.324,49","10.447,16","10.277,54","","0,79%"
"08.07.2021","10.348,90","10.449,32","10.452,79","10.311,53","","-0,94%"
"07.07.2021","10.447,34","10.409,88","10.467,68","10.399,52","","0,14%"
"06.07.2021","10.433,23","10.494,79","10.520,64","10.409,93","","-0,48%"
"05.07.2021","10.483,80","10.458,73","10.490,29","10.436,20","","0,39%"
"02.07.2021","10.443,39","10.403,47","10.476,89","10.402,84","","0,29%"
"01.07.2021","10.413,05","10.395,51","10.445,35","10.367,28","","0,17%"
"30.06.2021","10.395,61","10.485,43","10.495,37","10.382,49","","-0,81%"
"29.06.2021","10.481,00","10.484,39","10.500,41","10.462,48","","-0,13%"
"28.06.2021","10.494,76","10.551,64","10.561,63","10.489,74","","-0,57%"
"25.06.2021","10.554,46","10.521,11","10.562,96","10.518,93","","0,51%"
"24.06.2021","10.501,25","10.447,53","10.526,98","10.436,95","","0,36%"
"23.06.2021","10.463,93","10.505,69","10.513,30","10.443,18","","-0,17%"
"22.06.2021","10.481,93","10.421,00","10.522,47","10.419,44","","0,74%"
"21.06.2021","10.405,10","10.376,02","10.419,20","10.274,36","","0,18%"
"18.06.2021","10.386,81","10.556,02","10.559,95","10.382,88","","-1,78%"
"17.06.2021","10.574,66","10.618,23","10.623,45","10.538,39","","-1,37%"
"16.06.2021","10.721,30","10.703,86","10.731,47","10.632,74","","0,13%"
"15.06.2021","10.706,98","10.676,24","10.737,45","10.674,47","","0,30%"
"14.06.2021","10.674,73","10.659,70","10.694,45","10.639,45","","0,27%"
"11.06.2021","10.646,21","10.654,90","10.680,35","10.634,74","","0,03%"
"10.06.2021","10.643,18","10.628,01","10.665,61","10.613,26","","0,02%"
"09.06.2021","10.640,90","10.642,01","10.665,27","10.627,46","","-0,13%"
"08.06.2021","10.654,76","10.651,75","10.677,42","10.632,93","","0,03%"
"07.06.2021","10.651,67","10.626,91","10.665,10","10.580,29","","0,35%"
"04.06.2021","10.614,37","10.537,21","10.620,43","10.521,63","","0,61%"
"03.06.2021","10.550,37","10.598,81","10.634,64","10.529,97","","-0,42%"
"02.06.2021","10.595,12","10.565,83","10.604,46","10.552,83","","0,14%"
"01.06.2021","10.579,80","10.512,10","10.596,27","10.494,28","","0,77%"
"31.05.2021","10.499,00","10.534,29","10.544,76","10.494,29","","-0,36%"
"28.05.2021","10.536,75","10.486,30","10.554,82","10.484,96","","0,67%"
"27.05.2021","10.466,24","10.452,55","10.492,14","10.433,35","","-0,08%"
"26.05.2021","10.474,97","10.474,90","10.512,87","10.457,16","","-0,05%"
"25.05.2021","10.479,81","10.451,49","10.519,99","10.447,56","","0,33%"
"24.05.2021","10.445,45","10.396,81","10.448,60","10.396,81","","0,39%"
"21.05.2021","10.405,19","10.387,94","10.434,81","10.379,63","","0,28%"
"20.05.2021","10.375,67","10.232,65","10.389,97","10.229,69","","0,93%"
"19.05.2021","10.280,04","10.388,52","10.392,25","10.220,62","","-1,26%"
"18.05.2021","10.410,83","10.319,51","10.442,30","10.319,51","","1,00%"
"17.05.2021","10.307,68","10.316,04","10.324,95","10.269,96","","0,15%"
"14.05.2021","10.292,38","10.140,21","10.301,54","10.140,21","","1,66%"
"13.05.2021","10.124,10","10.157,73","10.160,62","10.012,89","","-0,56%"
"12.05.2021","10.180,86","10.258,61","10.265,79","10.164,20","","-0,86%"
"11.05.2021","10.269,33","10.434,03","10.434,57","10.227,82","","-1,84%"
"10.05.2021","10.461,62","10.435,09","10.477,53","10.431,25","","0,50%"
"07.05.2021","10.409,49","10.288,09","10.425,04","10.283,03","","1,28%"
"06.05.2021","10.277,49","10.219,56","10.286,04","10.219,14","","0,70%"
"05.05.2021","10.206,53","10.085,58","10.206,53","10.077,36","","1,13%"
"04.05.2021","10.092,92","10.191,96","10.198,87","10.065,24","","-1,08%"
"03.05.2021","10.203,11","10.132,45","10.207,41","10.110,15","","0,65%"
"30.04.2021","10.137,52","10.246,82","10.249,44","10.122,35","","-0,98%"
"29.04.2021","10.237,94","10.273,59","10.303,10","10.225,33","","0,04%"
"28.04.2021","10.233,94","10.204,47","10.272,70","10.191,44","","0,23%"
"27.04.2021","10.210,54","10.239,09","10.239,09","10.188,08","","-0,33%"
"26.04.2021","10.243,90","10.219,28","10.249,66","10.213,13","","0,55%"
"23.04.2021","10.187,79","10.169,85","10.222,62","10.160,19","","0,01%"
"22.04.2021","10.186,58","10.130,17","10.205,04","10.129,04","","0,80%"
"21.04.2021","10.105,75","10.075,24","10.113,60","10.033,94","","-0,08%"
"20.04.2021","10.113,86","10.253,29","10.257,74","10.090,82","","-1,48%"
"19.04.2021","10.265,65","10.230,39","10.302,88","10.215,15","","0,29%"
"16.04.2021","10.236,41","10.178,73","10.238,77","10.148,58","","0,62%"
"15.04.2021","10.173,68","10.127,26","10.183,27","10.121,67","","0,57%"
"14.04.2021","10.115,84","10.090,27","10.134,00","10.083,27","","0,45%"
"13.04.2021","10.070,48","10.051,15","10.092,92","10.029,35","","0,25%"
"12.04.2021","10.045,18","10.078,42","10.081,72","10.028,56","","-0,28%"
"09.04.2021","10.073,17","10.086,37","10.110,00","10.051,44","","0,04%"
"08.04.2021","10.069,22","9.995,81","10.084,64","9.985,54","","0,48%"
"07.04.2021","10.020,69","10.006,50","10.034,70","9.990,11","","0,29%"
"06.04.2021","9.991,44","9.969,56","10.002,94","9.917,13","","0,35%"
"05.04.2021","9.956,13","9.911,11","9.970,38","9.902,53","","0,59%"
"02.04.2021","9.897,94","9.905,86","9.921,83","9.897,94","","0,18%"
"01.04.2021","9.880,24","9.802,69","9.891,39","9.794,28","","0,61%"
"31.03.2021","9.820,60","9.847,35","9.858,97","9.799,22","","-0,26%"
"30.03.2021","9.846,42","9.841,24","9.863,62","9.817,91","","0,08%"
"29.03.2021","9.838,16","9.835,31","9.865,32","9.821,05","","0,00%"
"26.03.2021","9.838,10","9.736,85","9.840,53","9.735,95","","1,08%"
"25.03.2021","9.733,46","9.725,00","9.773,98","9.691,97","","-0,06%"
"24.03.2021","9.739,54","9.797,35","9.798,34","9.693,43","","-0,80%"
"23.03.2021","9.818,49","9.889,98","9.911,89","9.794,38","","-0,74%"
"22.03.2021","9.891,44","9.880,89","9.897,73","9.821,99","","-0,03%"
"19.03.2021","9.894,87","9.951,59","9.961,38","9.841,40","","-0,67%"
"18.03.2021","9.962,01","9.944,71","9.987,74","9.933,15","","0,73%"
"17.03.2021","9.889,51","9.914,66","9.951,22","9.869,22","","-0,21%"
"16.03.2021","9.909,98","9.860,02","9.929,96","9.860,02","","0,58%"
"15.03.2021","9.852,61","9.844,50","9.901,53","9.824,97","","0,13%"
"12.03.2021","9.839,87","9.852,94","9.874,47","9.801,09","","0,02%"
"11.03.2021","9.838,05","9.772,54","9.858,50","9.753,70","","0,89%"
"10.03.2021","9.751,62","9.732,93","9.777,54","9.682,52","","0,36%"
"09.03.2021","9.716,55","9.610,71","9.740,23","9.603,50","","1,02%"
"08.03.2021","9.618,07","9.555,77","9.639,28","9.525,68","","0,78%"
"05.03.2021","9.543,30","9.604,34","9.612,10","9.513,78","","-1,16%"
"04.03.2021","9.655,29","9.719,82","9.721,25","9.589,87","","-0,79%"
"03.03.2021","9.732,17","9.720,74","9.795,79","9.674,66","","0,20%"
"02.03.2021","9.712,68","9.697,90","9.730,30","9.636,87","","0,13%"
"01.03.2021","9.700,54","9.535,18","9.712,38","9.534,89","","1,39%"
"26.02.2021","9.567,56","9.802,26","9.802,26","9.527,81","","-2,82%"
"25.02.2021","9.844,88","9.813,86","9.910,79","9.794,62","","0,59%"
"24.02.2021","9.787,20","9.833,33","9.835,02","9.737,45","","-0,56%"
"23.02.2021","9.842,13","9.849,98","9.891,14","9.752,57","","0,01%"
"22.02.2021","9.841,37","9.838,97","9.882,90","9.752,41","","0,06%"
"19.02.2021","9.835,56","9.795,96","9.849,97","9.753,34","","0,57%"
"18.02.2021","9.779,78","9.836,59","9.848,08","9.757,74","","-0,48%"
"17.02.2021","9.827,17","9.912,36","9.912,98","9.810,25","","-1,03%"
"16.02.2021","9.929,21","9.918,94","9.976,53","9.911,54","","0,10%"
"15.02.2021","9.919,51","9.813,47","9.930,11","9.813,47","","1,14%"
"12.02.2021","9.807,29","9.776,60","9.813,26","9.726,69","","0,28%"
"11.02.2021","9.779,69","9.750,41","9.788,78","9.745,21","","0,25%"
"10.02.2021","9.755,64","9.745,06","9.796,72","9.716,51","","0,23%"
"09.02.2021","9.732,88","9.692,29","9.746,40","9.690,10","","0,41%"
"08.02.2021","9.692,89","9.613,35","9.712,88","9.613,10","","0,95%"
"05.02.2021","9.601,21","9.523,37","9.614,78","9.521,54","","0,79%"
"04.02.2021","9.526,15","9.539,19","9.549,15","9.496,87","","-0,06%"
"03.02.2021","9.531,58","9.495,19","9.582,05","9.494,70","","0,55%"
"02.02.2021","9.479,15","9.397,16","9.500,57","9.396,97","","0,83%"
"01.02.2021","9.401,00","9.313,86","9.416,15","9.295,32","","0,78%"
"29.01.2021","9.328,26","9.487,71","9.494,90","9.308,41","","-1,64%"
"28.01.2021","9.484,23","9.516,59","9.516,59","9.340,08","","-0,34%"
"27.01.2021","9.516,73","9.634,81","9.654,26","9.447,12","","-1,24%"
"26.01.2021","9.636,65","9.616,83","9.663,19","9.567,80","","0,26%"
"25.01.2021","9.611,47","9.656,85","9.711,78","9.575,50","","-0,51%"
"22.01.2021","9.660,84","9.718,61","9.720,27","9.631,47","","-0,52%"
"21.01.2021","9.711,35","9.678,96","9.749,54","9.678,96","","0,40%"
"20.01.2021","9.672,78","9.636,93","9.684,08","9.627,30","","0,40%"
"19.01.2021","9.634,12","9.590,45","9.667,73","9.589,53","","0,47%"
"18.01.2021","9.589,08","9.599,68","9.602,46","9.552,57","","-0,13%"
"15.01.2021","9.601,73","9.719,34","9.726,86","9.558,50","","-1,10%"
"14.01.2021","9.708,47","9.656,68","9.740,26","9.654,44","","0,55%"
"13.01.2021","9.655,19","9.672,46","9.694,75","9.643,52","","0,20%"
"12.01.2021","9.635,53","9.618,75","9.675,74","9.605,17","","0,25%"
"11.01.2021","9.611,85","9.710,99","9.710,99","9.580,74","","-1,25%"
"08.01.2021","9.733,81","9.651,74","9.744,43","9.651,74","","0,96%"
"07.01.2021","9.641,37","9.610,79","9.680,09","9.604,00","","0,69%"
"06.01.2021","9.575,21","9.523,52","9.614,40","9.499,94","","0,73%"
"05.01.2021","9.505,50","9.480,03","9.529,73","9.459,88","","0,14%"
"04.01.2021","9.491,75","9.429,19","9.572,13","9.405,18","","0,68%"
"01.01.2021","9.427,51","9.427,51","9.427,51","9.427,51","","0,00%"
"31.12.2020","9.427,51","9.489,27","9.498,16","9.419,69","","-0,63%"
"30.12.2020","9.487,63","9.480,71","9.509,64","9.456,93","","0,13%"
"29.12.2020","9.475,01","9.374,42","9.502,60","9.374,42","","1,12%"
"28.12.2020","9.370,51","9.329,67","9.398,81","9.316,69","","0,63%"
"25.12.2020","9.311,45","9.313,73","9.320,85","9.308,49","","0,03%"
"24.12.2020","9.309,06","9.290,95","9.328,55","9.289,91","","0,23%"
"23.12.2020","9.287,70","9.204,80","9.301,90","9.200,47","","0,98%"
"22.12.2020","9.197,87","9.232,63","9.237,17","9.164,76","","-0,08%"
"21.12.2020","9.205,38","9.355,41","9.357,91","9.094,99","","-1,68%"
"18.12.2020","9.362,35","9.413,66","9.422,62","9.356,94","","-0,51%"
"17.12.2020","9.409,97","9.337,82","9.436,04","9.332,11","","0,85%"
"16.12.2020","9.330,51","9.258,44","9.352,40","9.258,44","","0,88%"
"15.12.2020","9.248,71","9.234,35","9.264,62","9.201,47","","0,26%"
"14.12.2020","9.224,89","9.218,57","9.297,87","9.218,49","","0,32%"
"11.12.2020","9.195,33","9.251,77","9.269,39","9.159,81","","-0,49%"
"10.12.2020","9.240,88","9.232,63","9.264,28","9.197,72","","0,02%"
"09.12.2020","9.239,20","9.204,13","9.288,59","9.203,61","","0,34%"
"08.12.2020","9.208,11","9.201,50","9.210,45","9.159,54","","0,02%"
"07.12.2020","9.206,19","9.226,94","9.238,48","9.147,80","","-0,29%"
"04.12.2020","9.233,38","9.192,06","9.244,19","9.184,84","","0,33%"
"03.12.2020","9.203,04","9.159,18","9.210,15","9.133,09","","0,75%"
"02.12.2020","9.134,33","9.127,34","9.152,34","9.086,06","","0,35%"
"01.12.2020","9.102,29","8.995,45","9.127,71","8.995,45","","0,96%"
"30.11.2020","9.015,51","9.130,00","9.137,98","8.995,32","","-1,25%"
"27.11.2020","9.129,79","9.074,98","9.133,68","9.069,48","","0,65%"
"26.11.2020","9.070,69","9.071,18","9.100,78","9.062,67","","0,07%"
"25.11.2020","9.064,58","9.050,27","9.096,80","9.034,26","","0,34%"
"24.11.2020","9.033,72","8.897,02","9.049,89","8.897,02","","1,65%"
"23.11.2020","8.886,87","8.923,20","8.979,00","8.883,34","","-0,42%"
"20.11.2020","8.924,15","8.887,18","8.931,41","8.883,40","","0,48%"
"19.11.2020","8.881,89","8.920,10","8.925,28","8.852,72","","-0,61%"
"18.11.2020","8.936,20","8.911,16","8.939,20","8.887,22","","0,24%"
"17.11.2020","8.914,60","8.906,82","8.921,70","8.875,38","","0,31%"
"16.11.2020","8.887,37","8.763,53","8.894,23","8.763,53","","1,56%"
"13.11.2020","8.750,44","8.752,99","8.769,12","8.713,01","","-0,13%"
"12.11.2020","8.762,17","8.807,41","8.820,46","8.748,24","","-0,37%"
"11.11.2020","8.794,28","8.724,69","8.809,50","8.724,59","","0,79%"
"10.11.2020","8.724,97","8.626,64","8.738,41","8.626,64","","1,08%"
"09.11.2020","8.632,11","8.444,46","8.726,60","8.444,46","","2,28%"
"06.11.2020","8.440,07","8.410,67","8.465,34","8.382,89","","0,37%"
"05.11.2020","8.408,97","8.228,64","8.422,73","8.228,64","","2,18%"
"04.11.2020","8.229,38","8.115,97","8.247,38","8.031,35","","1,36%"
"03.11.2020","8.118,62","7.933,28","8.120,43","7.933,28","","2,43%"
"02.11.2020","7.926,11","7.813,72","7.933,12","7.805,32","","1,42%"
"30.10.2020","7.815,14","7.867,44","7.873,85","7.781,95","","-0,51%"
"29.10.2020","7.855,07","7.911,61","7.928,43","7.827,02","","-0,77%"
"28.10.2020","7.915,74","8.095,69","8.105,16","7.881,40","","-2,50%"
"27.10.2020","8.118,95","8.157,84","8.163,88","8.108,65","","-0,54%"
"26.10.2020","8.162,77","8.278,36","8.289,36","8.154,08","","-1,33%"
"23.10.2020","8.272,56","8.230,96","8.304,48","8.210,91","","0,50%"
"22.10.2020","8.231,17","8.267,33","8.267,68","8.187,72","","-0,60%"
"21.10.2020","8.281,25","8.290,44","8.332,85","8.259,74","","-0,10%"
"20.10.2020","8.289,35","8.291,58","8.313,61","8.253,20","","-0,19%"
"19.10.2020","8.304,83","8.266,46","8.342,26","8.266,46","","0,44%"
"16.10.2020","8.268,34","8.221,71","8.294,38","8.196,62","","0,57%"
"15.10.2020","8.221,10","8.363,30","8.368,39","8.193,62","","-1,86%"
"14.10.2020","8.376,66","8.370,24","8.393,82","8.353,18","","0,00%"
"13.10.2020","8.376,74","8.426,10","8.440,89","8.356,79","","-0,61%"
"12.10.2020","8.428,00","8.394,65","8.431,87","8.381,46","","0,46%"
"09.10.2020","8.389,25","8.338,15","8.399,51","8.328,25","","0,72%"
"08.10.2020","8.329,08","8.278,17","8.341,78","8.276,22","","0,70%"
"07.10.2020","8.271,25","8.245,18","8.284,87","8.231,56","","-0,08%"
"06.10.2020","8.278,28","8.273,38","8.311,69","8.248,58","","0,10%"
"05.10.2020","8.269,82","8.142,24","8.269,82","8.141,74","","1,59%"
"02.10.2020","8.140,53","8.165,27","8.178,59","8.079,46","","-0,21%"
"01.10.2020","8.157,86","8.137,74","8.198,56","8.133,56","","0,30%"
"30.09.2020","8.133,56","8.196,68","8.197,03","8.095,82","","-0,63%"
"29.09.2020","8.185,34","8.178,22","8.212,02","8.152,53","","0,26%"
"28.09.2020","8.163,86","8.026,89","8.185,41","8.025,33","","1,85%"
"25.09.2020","8.015,80","8.034,82","8.063,53","7.966,88","","0,11%"
"24.09.2020","8.007,25","8.077,05","8.082,42","7.986,74","","-1,17%"
"23.09.2020","8.101,99","8.100,38","8.191,93","8.081,99","","0,00%"
"22.09.2020","8.102,01","8.122,30","8.156,23","8.090,11","","-0,19%"
"21.09.2020","8.117,65","8.337,76","8.352,63","8.090,66","","-2,80%"
"18.09.2020","8.351,24","8.370,48","8.396,31","8.336,53","","0,02%"
"17.09.2020","8.349,17","8.388,87","8.389,96","8.296,42","","-0,71%"
"16.09.2020","8.409,11","8.372,76","8.433,25","8.371,66","","0,40%"
"15.09.2020","8.375,39","8.341,05","8.405,77","8.327,36","","0,23%"
"14.09.2020","8.356,12","8.306,96","8.372,00","8.306,96","","0,73%"
"11.09.2020","8.295,28","8.264,82","8.318,40","8.262,93","","0,00%"
"10.09.2020","8.295,23","8.296,50","8.354,08","8.264,22","","0,14%"
"09.09.2020","8.283,38","8.181,01","8.294,95","8.152,38","","0,83%"
"08.09.2020","8.215,29","8.278,43","8.300,47","8.162,93","","-0,76%"
"07.09.2020","8.278,05","8.205,83","8.285,72","8.194,96","","1,07%"
"04.09.2020","8.190,76","8.296,52","8.321,88","8.149,44","","-1,50%"
"03.09.2020","8.315,39","8.404,24","8.450,45","8.290,81","","-0,83%"
"02.09.2020","8.384,71","8.336,05","8.420,19","8.320,84","","0,50%"
"01.09.2020","8.342,98","8.347,26","8.405,77","8.308,45","","-0,27%"
"31.08.2020","8.365,18","8.393,80","8.419,06","8.352,80","","-0,08%"
"28.08.2020","8.372,27","8.348,33","8.405,41","8.337,03","","0,44%"
"27.08.2020","8.335,56","8.412,67","8.436,58","8.328,94","","-0,73%"
"26.08.2020","8.397,21","8.345,04","8.408,51","8.311,33","","0,70%"
"25.08.2020","8.338,80","8.342,18","8.402,42","8.333,54","","0,02%"
"24.08.2020","8.337,39","8.240,55","8.369,01","8.232,44","","1,30%"
"21.08.2020","8.230,28","8.295,24","8.316,44","8.199,41","","-0,33%"
"20.08.2020","8.257,18","8.324,76","8.328,32","8.223,80","","-1,38%"
"19.08.2020","8.372,43","8.356,85","8.393,36","8.330,19","","0,31%"
"18.08.2020","8.346,38","8.336,11","8.391,87","8.326,56","","0,15%"
"17.08.2020","8.333,58","8.302,91","8.340,63","8.271,28","","0,38%"
"14.08.2020","8.302,18","8.345,88","8.357,67","8.253,32","","-0,65%"
"13.08.2020","8.356,61","8.359,97","8.388,97","8.331,30","","0,06%"
"12.08.2020","8.351,61","8.242,58","8.363,79","8.229,07","","1,18%"
"11.08.2020","8.253,82","8.132,87","8.302,43","8.129,50","","1,46%"
"10.08.2020","8.135,27","8.110,28","8.153,16","8.096,70","","0,28%"
"07.08.2020","8.112,82","8.153,43","8.156,96","8.088,07","","-0,42%"
"06.08.2020","8.146,90","8.187,46","8.207,80","8.122,34","","-0,61%"
"05.08.2020","8.197,18","8.128,70","8.209,76","8.109,55","","1,15%"
"04.08.2020","8.104,01","8.058,50","8.135,67","8.051,12","","0,95%"
"03.08.2020","8.027,83","7.945,02","8.049,13","7.919,38","","0,94%"
"31.07.2020","7.953,46","8.090,19","8.100,43","7.917,43","","-1,31%"
"30.07.2020","8.059,25","8.183,37","8.187,95","7.999,05","","-1,34%"
"29.07.2020","8.168,68","8.150,65","8.191,44","8.133,36","","0,04%"
"28.07.2020","8.165,13","8.171,68","8.195,43","8.119,37","","-0,13%"
"27.07.2020","8.175,40","8.091,47","8.184,45","8.085,22","","0,91%"
"24.07.2020","8.101,48","8.162,19","8.176,69","8.062,72","","-0,77%"
"23.07.2020","8.164,08","8.153,33","8.205,05","8.146,32","","0,04%"
"22.07.2020","8.161,08","8.196,22","8.201,88","8.117,73","","-0,31%"
"21.07.2020","8.186,66","8.122,15","8.215,94","8.122,02","","0,92%"
"20.07.2020","8.111,63","8.082,40","8.117,01","8.032,52","","0,57%"
"17.07.2020","8.065,99","8.044,98","8.081,27","8.028,56","","0,01%"
"16.07.2020","8.065,28","8.108,07","8.108,07","8.024,00","","-0,57%"
"15.07.2020","8.111,74","7.988,26","8.138,28","7.988,18","","1,83%"
"14.07.2020","7.965,77","7.964,56","7.969,00","7.869,50","","-0,35%"
"13.07.2020","7.993,47","7.894,41","8.008,68","7.890,69","","1,32%"
"10.07.2020","7.889,32","7.847,73","7.890,88","7.788,61","","0,44%"
"09.07.2020","7.855,01","7.907,63","7.953,13","7.836,49","","-0,57%"
"08.07.2020","7.900,39","7.911,60","7.933,21","7.857,78","","-0,37%"
"07.07.2020","7.929,74","7.983,17","8.000,72","7.892,31","","-0,75%"
"06.07.2020","7.990,01","7.851,48","7.995,44","7.851,48","","1,82%"
"03.07.2020","7.847,43","7.875,29","7.897,29","7.828,06","","-0,16%"
"02.07.2020","7.859,62","7.765,12","7.903,07","7.758,97","","1,27%"
"01.07.2020","7.760,78","7.754,72","7.790,84","7.675,79","","0,20%"
"30.06.2020","7.745,16","7.739,26","7.762,17","7.702,40","","0,38%"
"29.06.2020","7.716,21","7.715,47","7.736,73","7.673,43","","-0,01%"
"26.06.2020","7.716,96","7.752,50","7.837,33","7.716,18","","-0,24%"
"25.06.2020","7.735,44","7.730,68","7.746,03","7.646,76","","-0,37%"
"24.06.2020","7.764,18","7.934,05","7.946,09","7.746,21","","-2,34%"
"23.06.2020","7.950,59","7.855,22","7.956,85","7.797,27","","1,62%"
"22.06.2020","7.824,18","7.813,10","7.857,06","7.779,09","","-0,06%"
"19.06.2020","7.828,92","7.815,26","7.884,61","7.798,71","","0,13%"
"18.06.2020","7.818,87","7.858,80","7.879,02","7.790,18","","-0,47%"
"17.06.2020","7.855,94","7.836,92","7.893,37","7.816,47","","0,43%"
"16.06.2020","7.822,04","7.649,54","7.885,18","7.649,54","","2,81%"
"15.06.2020","7.608,25","7.660,78","7.676,17","7.485,09","","-0,85%"
"12.06.2020","7.673,29","7.687,16","7.771,45","7.625,98","","-0,99%"
"11.06.2020","7.749,93","8.016,87","8.020,23","7.706,00","","-3,38%"
"10.06.2020","8.021,05","8.016,63","8.085,54","8.008,87","","-0,23%"
"09.06.2020","8.039,31","8.062,38","8.088,71","7.978,37","","-0,16%"
"08.06.2020","8.052,54","8.033,54","8.063,61","7.987,68","","0,44%"
"05.06.2020","8.017,08","7.883,04","8.019,25","7.871,80","","1,55%"
"04.06.2020","7.894,96","7.883,44","7.911,04","7.824,60","","0,31%"
"03.06.2020","7.870,55","7.713,56","7.881,47","7.713,56","","2,15%"
"02.06.2020","7.704,61","7.593,80","7.715,35","7.591,39","","1,57%"
"01.06.2020","7.585,33","7.486,08","7.591,81","7.483,44","","1,33%"
"29.05.2020","7.485,75","7.558,21","7.577,10","7.463,71","","-1,03%"
"28.05.2020","7.563,98","7.449,43","7.581,04","7.445,57","","1,98%"
"27.05.2020","7.416,87","7.393,90","7.472,15","7.380,93","","0,33%"
"26.05.2020","7.392,65","7.247,42","7.401,10","7.246,07","","2,20%"
"25.05.2020","7.233,80","7.153,10","7.236,07","7.147,66","","1,42%"
"22.05.2020","7.132,49","7.200,21","7.207,30","7.075,96","","-0,85%"
"21.05.2020","7.193,38","7.263,17","7.264,92","7.186,55","","-1,04%"
"20.05.2020","7.268,75","7.177,70","7.276,66","7.161,41","","1,13%"
"19.05.2020","7.187,22","7.149,35","7.226,13","7.149,35","","0,91%"
"18.05.2020","7.122,50","6.935,84","7.141,53","6.928,69","","2,80%"
"15.05.2020","6.928,76","6.909,54","6.969,62","6.886,45","","0,49%"
"14.05.2020","6.895,27","7.019,18","7.020,26","6.828,34","","-1,96%"
"13.05.2020","7.033,34","7.118,74","7.136,84","7.018,34","","-1,65%"
"12.05.2020","7.151,53","7.129,08","7.168,06","7.102,90","","0,20%"
"11.05.2020","7.137,52","7.142,47","7.190,24","7.095,94","","-0,23%"
"08.05.2020","7.154,14","7.068,86","7.154,14","7.068,72","","1,87%"
"07.05.2020","7.023,13","6.982,12","7.059,98","6.971,59","","0,37%"
"06.05.2020","6.997,04","7.021,41","7.035,66","6.989,55","","-0,32%"
"05.05.2020","7.019,80","6.944,21","7.039,34","6.944,21","","1,16%"
"04.05.2020","6.939,30","7.047,02","7.047,02","6.925,14","","-1,91%"
"01.05.2020","7.074,73","7.147,37","7.147,37","7.060,15","","-1,41%"
"30.04.2020","7.176,05","7.241,13","7.294,25","7.158,58","","-0,63%"
"29.04.2020","7.221,85","7.108,74","7.234,41","7.108,61","","1,68%"
"28.04.2020","7.102,25","7.013,77","7.136,16","7.001,03","","1,17%"
"27.04.2020","7.019,91","6.882,13","7.021,56","6.879,11","","2,16%"
"24.04.2020","6.871,19","6.890,17","6.898,72","6.819,06","","-0,70%"
"23.04.2020","6.919,47","6.850,89","6.954,73","6.844,43","","1,00%"
"22.04.2020","6.851,12","6.769,75","6.857,07","6.741,91","","1,01%"
"21.04.2020","6.782,95","6.968,82","6.971,90","6.772,96","","-3,06%"
"20.04.2020","6.996,86","6.977,83","7.003,70","6.909,32","","-0,04%"
"17.04.2020","6.999,44","6.833,36","6.999,44","6.833,36","","2,70%"
"16.04.2020","6.815,38","6.824,72","6.857,27","6.787,52","","-0,48%"
"15.04.2020","6.848,41","7.033,54","7.046,49","6.836,06","","-2,60%"
"14.04.2020","7.031,51","6.936,52","7.069,21","6.932,39","","1,61%"
"13.04.2020","6.920,04","6.933,39","6.943,98","6.910,65","","-0,36%"
"10.04.2020","6.945,34","6.920,41","6.953,62","6.905,20","","0,19%"
"09.04.2020","6.932,31","6.813,03","6.946,90","6.799,83","","1,69%"
"08.04.2020","6.817,03","6.801,78","6.822,42","6.733,36","","0,41%"
"07.04.2020","6.789,15","6.655,24","6.862,43","6.652,80","","2,29%"
"06.04.2020","6.637,29","6.393,79","6.645,06","6.390,52","","3,66%"
"03.04.2020","6.402,97","6.481,00","6.500,09","6.388,61","","-1,24%"
"02.04.2020","6.483,21","6.519,84","6.529,25","6.410,69","","-0,55%"
"01.04.2020","6.518,85","6.726,87","6.744,52","6.504,86","","-2,75%"
"31.03.2020","6.703,05","6.690,01","6.737,21","6.597,91","","0,26%"
"30.03.2020","6.685,73","6.637,36","6.699,17","6.543,73","","1,08%"
"27.03.2020","6.614,48","6.699,32","6.787,47","6.539,71","","-1,18%"
"26.03.2020","6.693,26","6.530,13","6.711,25","6.449,08","","2,88%"
"25.03.2020","6.506,13","6.223,18","6.554,33","6.223,18","","4,77%"
"24.03.2020","6.210,04","5.782,63","6.210,04","5.780,84","","7,64%"
"23.03.2020","5.769,02","5.922,27","5.967,42","5.752,51","","-3,11%"
"20.03.2020","5.954,17","5.869,70","6.135,30","5.869,70","","0,65%"
"19.03.2020","5.915,87","5.886,76","5.929,79","5.762,07","","0,83%"
"18.03.2020","5.867,46","6.175,38","6.216,20","5.830,19","","-4,75%"
"17.03.2020","6.159,85","6.100,31","6.261,18","6.011,84","","0,90%"
"16.03.2020","6.104,93","6.415,09","6.418,35","5.904,12","","-4,33%"
"13.03.2020","6.381,16","6.402,74","6.616,56","6.207,94","","0,14%"
"12.03.2020","6.372,19","7.113,39","7.113,39","6.372,19","","-10,61%"
"11.03.2020","7.128,81","7.242,51","7.299,64","7.120,83","","-1,96%"
"10.03.2020","7.271,57","7.318,04","7.453,38","7.216,71","","-0,73%"
"09.03.2020","7.324,81","7.841,57","7.841,57","7.324,59","","-6,25%"
"06.03.2020","7.812,90","8.023,86","8.023,97","7.800,18","","-2,34%"
"05.03.2020","8.000,28","8.019,41","8.075,40","7.970,35","","-0,21%"
"04.03.2020","8.017,49","7.956,35","8.018,24","7.925,09","","0,74%"
"03.03.2020","7.958,80","7.895,22","8.058,65","7.876,85","","0,88%"
"02.03.2020","7.889,26","7.825,83","7.956,90","7.784,26","","1,19%"
"28.02.2020","7.796,36","8.052,78","8.054,32","7.717,45","","-3,09%"
"27.02.2020","8.044,98","8.220,44","8.220,95","7.993,30","","-2,08%"
"26.02.2020","8.216,24","8.260,68","8.261,17","8.111,34","","-0,56%"
"25.02.2020","8.262,35","8.413,21","8.413,52","8.262,35","","-1,88%"
"24.02.2020","8.420,63","8.615,70","8.615,70","8.381,13","","-2,36%"
"21.02.2020","8.623,78","8.623,02","8.634,83","8.589,70","","-0,08%"
"20.02.2020","8.631,11","8.683,15","8.712,97","8.620,74","","-0,62%"
"19.02.2020","8.685,25","8.647,54","8.692,39","8.646,96","","0,26%"
"18.02.2020","8.662,33","8.717,79","8.718,68","8.646,21","","-0,59%"
"17.02.2020","8.713,63","8.721,04","8.728,42","8.693,81","","-0,08%"
"14.02.2020","8.720,33","8.732,14","8.739,95","8.714,38","","-0,20%"
"13.02.2020","8.737,81","8.756,15","8.761,52","8.697,70","","-0,32%"
"12.02.2020","8.765,90","8.733,82","8.771,00","8.725,47","","0,42%"
"11.02.2020","8.729,04","8.675,31","8.742,71","8.675,31","","0,57%"
"10.02.2020","8.679,38","8.697,12","8.698,87","8.662,48","","-0,35%"
"07.02.2020","8.709,87","8.744,34","8.745,75","8.696,96","","-0,39%"
"06.02.2020","8.743,82","8.678,62","8.766,61","8.678,62","","0,77%"
"05.02.2020","8.676,92","8.612,58","8.685,81","8.612,58","","0,78%"
"04.02.2020","8.609,85","8.519,92","8.614,00","8.518,69","","0,99%"
"03.02.2020","8.525,84","8.551,66","8.551,96","8.515,80","","-0,33%"
"31.01.2020","8.554,32","8.579,81","8.610,47","8.545,39","","-0,34%"
"30.01.2020","8.583,68","8.657,28","8.660,70","8.564,31","","-0,74%"
"29.01.2020","8.648,03","8.639,01","8.663,75","8.636,09","","0,25%"
"28.01.2020","8.626,82","8.612,08","8.639,23","8.583,79","","0,14%"
"27.01.2020","8.614,99","8.779,43","8.782,79","8.606,99","","-1,77%"
"24.01.2020","8.770,39","8.741,79","8.806,06","8.739,11","","0,35%"
"23.01.2020","8.740,01","8.805,40","8.808,18","8.730,78","","-0,67%"
"22.01.2020","8.799,01","8.791,30","8.823,07","8.790,25","","0,00%"
"21.01.2020","8.798,91","8.826,28","8.826,28","8.751,05","","-0,24%"
"20.01.2020","8.819,87","8.820,21","8.833,93","8.809,20","","-0,04%"
"17.01.2020","8.823,80","8.784,75","8.838,12","8.783,90","","0,43%"
"16.01.2020","8.785,98","8.778,85","8.803,28","8.773,71","","0,15%"
"15.01.2020","8.772,99","8.767,99","8.780,61","8.741,67","","0,11%"
"14.01.2020","8.763,14","8.740,38","8.770,36","8.722,41","","0,28%"
"13.01.2020","8.738,26","8.737,84","8.752,61","8.716,70","","-0,04%"
"10.01.2020","8.741,47","8.729,06","8.755,34","8.728,90","","0,22%"
"09.01.2020","8.722,47","8.681,99","8.752,83","8.680,41","","0,34%"
"08.01.2020","8.692,68","8.728,59","8.735,21","8.671,76","","-0,35%"
"07.01.2020","8.722,84","8.708,59","8.775,79","8.708,51","","0,21%"
"06.01.2020","8.704,74","8.742,55","8.742,69","8.655,15","","-0,44%"
"03.01.2020","8.743,30","8.749,37","8.768,33","8.694,60","","-0,31%"
"02.01.2020","8.770,48","8.717,78","8.773,99","8.708,83","","0,56%"
"01.01.2020","8.721,92","8.719,66","8.721,92","8.717,39","","0,00%"
"31.12.2019","8.721,85","8.714,51","8.731,88","8.697,24","","0,09%"
"30.12.2019","8.714,22","8.748,68","8.762,22","8.712,35","","-0,31%"
"27.12.2019","8.741,21","8.693,25","8.753,10","8.692,89","","0,58%"
"26.12.2019","8.690,90","8.679,72","8.697,69","8.679,60","","0,16%"
"25.12.2019","8.677,33","8.678,00","8.682,30","8.664,50","","-0,07%"
"24.12.2019","8.683,58","8.673,14","8.683,63","8.666,23","","0,16%"
"23.12.2019","8.669,84","8.666,68","8.676,69","8.662,17","","-0,05%"
"20.12.2019","8.674,21","8.655,20","8.679,97","8.641,28","","0,22%"
"19.12.2019","8.655,17","8.647,24","8.662,69","8.631,53","","0,08%"
"18.12.2019","8.648,50","8.675,02","8.676,73","8.643,32","","-0,32%"
"17.12.2019","8.676,53","8.682,40","8.696,97","8.663,73","","-0,12%"
"16.12.2019","8.687,36","8.615,09","8.703,85","8.614,59","","0,82%"
"13.12.2019","8.616,78","8.566,48","8.665,66","8.566,14","","1,20%"
"12.12.2019","8.514,54","8.510,88","8.546,83","8.503,44","","0,32%"
"11.12.2019","8.487,74","8.470,82","8.519,05","8.458,15","","0,16%"
"10.12.2019","8.474,12","8.484,33","8.485,89","8.424,77","","-0,15%"
"09.12.2019","8.487,15","8.487,50","8.502,58","8.481,28","","0,11%"
"06.12.2019","8.478,24","8.433,19","8.488,48","8.433,19","","0,59%"
"05.12.2019","8.428,54","8.416,26","8.464,19","8.416,26","","0,13%"
"04.12.2019","8.417,53","8.377,03","8.426,56","8.352,94","","0,45%"
"03.12.2019","8.380,13","8.426,05","8.429,34","8.362,05","","-0,49%"
"02.12.2019","8.421,35","8.445,76","8.494,51","8.420,45","","-0,34%"
"29.11.2019","8.450,49","8.488,21","8.494,66","8.446,53","","-0,40%"
"28.11.2019","8.484,27","8.497,02","8.501,71","8.477,13","","-0,09%"
"27.11.2019","8.491,50","8.480,31","8.503,52","8.479,57","","0,21%"
"26.11.2019","8.473,43","8.465,85","8.486,03","8.461,40","","0,12%"
"25.11.2019","8.463,62","8.404,68","8.468,18","8.403,99","","0,67%"
"22.11.2019","8.407,36","8.395,67","8.446,35","8.395,67","","0,05%"
"21.11.2019","8.403,35","8.429,87","8.430,11","8.378,25","","-0,25%"
"20.11.2019","8.424,34","8.472,08","8.472,71","8.404,39","","-0,61%"
"19.11.2019","8.476,26","8.473,87","8.512,53","8.459,42","","-0,06%"
"18.11.2019","8.481,31","8.458,91","8.482,00","8.456,45","","0,26%"
"15.11.2019","8.458,96","8.407,47","8.458,96","8.405,79","","0,76%"
"14.11.2019","8.394,81","8.432,96","8.435,47","8.393,89","","-0,46%"
"13.11.2019","8.433,69","8.466,15","8.467,08","8.402,17","","-0,33%"
"12.11.2019","8.461,96","8.445,13","8.471,41","8.431,82","","0,18%"
"11.11.2019","8.446,44","8.442,67","8.455,66","8.419,72","","0,01%"
"08.11.2019","8.445,53","8.464,70","8.482,42","8.433,43","","-0,20%"
"07.11.2019","8.462,69","8.445,68","8.487,59","8.445,55","","0,16%"
"06.11.2019","8.449,48","8.438,50","8.457,83","8.431,26","","0,15%"
"05.11.2019","8.436,52","8.422,41","8.466,19","8.421,64","","-0,02%"
"04.11.2019","8.438,51","8.391,02","8.444,94","8.388,74","","0,53%"
"01.11.2019","8.393,81","8.341,24","8.395,48","8.328,44","","0,59%"
"31.10.2019","8.344,76","8.353,45","8.377,68","8.332,18","","0,09%"
"30.10.2019","8.337,51","8.327,07","8.353,56","8.303,33","","0,05%"
"29.10.2019","8.333,31","8.312,25","8.333,31","8.297,91","","0,30%"
"28.10.2019","8.308,65","8.294,66","8.320,85","8.291,69","","0,10%"
"25.10.2019","8.300,06","8.284,44","8.302,43","8.275,53","","0,15%"
"24.10.2019","8.287,88","8.258,21","8.307,19","8.257,91","","0,47%"
"23.10.2019","8.248,71","8.245,40","8.259,80","8.228,64","","0,02%"
"22.10.2019","8.246,87","8.244,24","8.265,78","8.226,98","","0,02%"
"21.10.2019","8.244,84","8.207,16","8.255,57","8.201,21","","0,57%"
"18.10.2019","8.198,17","8.215,56","8.220,68","8.182,86","","-0,13%"
"17.10.2019","8.209,08","8.194,19","8.254,16","8.171,63","","0,32%"
"16.10.2019","8.182,63","8.157,87","8.203,17","8.157,63","","0,26%"
"15.10.2019","8.161,01","8.086,48","8.179,23","8.084,06","","0,96%"
"14.10.2019","8.083,39","8.102,22","8.110,61","8.062,31","","-0,27%"
"11.10.2019","8.105,47","7.980,90","8.116,03","7.980,90","","1,75%"
"10.10.2019","7.966,12","7.929,84","7.985,79","7.908,01","","0,53%"
"09.10.2019","7.924,11","7.912,44","7.941,89","7.890,02","","0,16%"
"08.10.2019","7.911,42","7.956,46","7.985,67","7.904,74","","-0,76%"
"07.10.2019","7.971,89","7.938,95","7.976,46","7.927,11","","0,50%"
"04.10.2019","7.932,28","7.883,56","7.939,46","7.879,45","","0,44%"
"03.10.2019","7.897,49","7.911,45","7.913,15","7.858,35","","-0,11%"
"02.10.2019","7.906,37","8.052,92","8.055,77","7.903,18","","-1,62%"
"01.10.2019","8.036,92","8.078,23","8.108,81","8.036,92","","-0,56%"
"30.09.2019","8.082,25","8.109,71","8.109,86","8.070,36","","-0,32%"
"27.09.2019","8.108,32","8.088,41","8.114,09","8.067,34","","0,22%"
"26.09.2019","8.090,37","8.076,45","8.109,69","8.059,61","","0,29%"
"25.09.2019","8.066,88","8.131,18","8.131,18","8.036,31","","-0,76%"
"24.09.2019","8.128,67","8.125,89","8.147,61","8.125,89","","0,05%"
"23.09.2019","8.124,41","8.163,68","8.167,77","8.103,04","","-0,44%"
"20.09.2019","8.160,32","8.169,10","8.184,54","8.153,78","","-0,03%"
"19.09.2019","8.162,92","8.119,70","8.178,30","8.119,70","","0,45%"
"18.09.2019","8.126,67","8.146,69","8.146,69","8.099,98","","-0,10%"
"17.09.2019","8.134,99","8.109,89","8.150,37","8.101,18","","0,26%"
"16.09.2019","8.113,54","8.189,86","8.190,19","8.113,14","","-0,79%"
"13.09.2019","8.178,01","8.127,06","8.184,28","8.124,24","","0,68%"
"12.09.2019","8.123,01","8.097,90","8.140,64","8.094,73","","0,44%"
"11.09.2019","8.087,75","8.039,96","8.093,18","8.039,66","","0,62%"
"10.09.2019","8.038,26","8.028,05","8.039,59","8.000,41","","0,10%"
"09.09.2019","8.030,32","8.014,98","8.043,02","8.014,11","","0,03%"
"06.09.2019","8.027,60","7.999,16","8.029,23","7.997,19","","0,44%"
"05.09.2019","7.992,15","7.937,49","8.006,76","7.937,49","","0,92%"
"04.09.2019","7.919,23","7.835,60","7.926,93","7.826,96","","1,05%"
"03.09.2019","7.836,88","7.835,15","7.840,32","7.808,48","","-0,02%"
"02.09.2019","7.838,72","7.843,33","7.852,12","7.831,33","","-0,24%"
"30.08.2019","7.857,56","7.820,08","7.879,75","7.819,96","","0,60%"
"29.08.2019","7.810,46","7.769,25","7.818,39","7.756,23","","0,56%"
"28.08.2019","7.766,93","7.778,73","7.784,09","7.733,10","","-0,16%"
"27.08.2019","7.779,40","7.748,66","7.789,80","7.742,34","","0,54%"
"26.08.2019","7.737,52","7.783,20","7.783,57","7.718,11","","-0,47%"
"23.08.2019","7.774,01","7.793,03","7.835,92","7.774,01","","-0,25%"
"22.08.2019","7.793,21","7.820,00","7.824,46","7.779,50","","-0,35%"
"21.08.2019","7.820,89","7.763,35","7.827,70","7.755,16","","0,60%"
"20.08.2019","7.774,19","7.788,93","7.818,80","7.766,10","","-0,24%"
"19.08.2019","7.792,98","7.730,83","7.793,40","7.727,91","","0,97%"
"16.08.2019","7.717,95","7.645,61","7.724,09","7.643,26","","0,85%"
"15.08.2019","7.653,12","7.693,11","7.693,11","7.632,03","","-0,76%"
"14.08.2019","7.711,88","7.802,74","7.813,59","7.698,44","","-1,04%"
"13.08.2019","7.793,15","7.808,64","7.813,59","7.748,26","","-0,37%"
"12.08.2019","7.822,44","7.833,16","7.871,13","7.814,74","","-0,13%"
"09.08.2019","7.832,83","7.873,88","7.880,75","7.830,07","","-0,29%"
"08.08.2019","7.855,75","7.762,55","7.869,81","7.756,37","","1,04%"
"07.08.2019","7.775,20","7.738,65","7.785,37","7.731,03","","0,46%"
"06.08.2019","7.739,67","7.805,30","7.807,38","7.727,99","","-0,70%"
"05.08.2019","7.794,38","7.901,94","7.908,94","7.789,85","","-1,49%"
"02.08.2019","7.911,98","8.033,62","8.033,62","7.899,67","","-1,55%"
"01.08.2019","8.036,48","8.004,93","8.065,00","7.977,07","","-0,22%"
"31.07.2019","8.054,14","8.060,46","8.064,24","8.002,73","","-0,13%"
"30.07.2019","8.064,53","8.127,32","8.135,39","8.056,81","","-0,67%"
"29.07.2019","8.118,90","8.121,49","8.142,58","8.104,82","","-0,06%"
"26.07.2019","8.124,12","8.123,05","8.132,80","8.109,89","","-0,21%"
"25.07.2019","8.141,33","8.166,15","8.203,34","8.120,33","","-0,37%"
"24.07.2019","8.171,96","8.161,24","8.176,62","8.150,03","","0,16%"
"23.07.2019","8.159,29","8.119,18","8.177,31","8.119,18","","0,31%"
"22.07.2019","8.134,04","8.135,66","8.139,42","8.120,01","","-0,10%"
"19.07.2019","8.142,49","8.130,28","8.189,91","8.130,05","","0,60%"
"18.07.2019","8.093,67","8.134,64","8.136,42","8.083,81","","-0,56%"
"17.07.2019","8.139,26","8.142,38","8.159,93","8.132,93","","-0,20%"
"16.07.2019","8.155,72","8.167,19","8.168,22","8.141,49","","-0,16%"
"15.07.2019","8.168,40","8.165,40","8.186,11","8.152,43","","0,16%"
"12.07.2019","8.155,31","8.146,07","8.169,97","8.138,87","","0,09%"
"11.07.2019","8.148,30","8.149,55","8.187,20","8.139,51","","0,14%"
"10.07.2019","8.137,02","8.109,77","8.166,00","8.104,89","","0,17%"
"09.07.2019","8.123,17","8.158,53","8.163,08","8.096,23","","-0,41%"
"08.07.2019","8.156,31","8.195,43","8.195,43","8.147,65","","-0,47%"
"05.07.2019","8.194,82","8.271,85","8.275,64","8.170,08","","-0,88%"
"04.07.2019","8.267,90","8.263,01","8.275,11","8.259,81","","0,22%"
"03.07.2019","8.249,40","8.207,32","8.256,01","8.200,71","","0,49%"
"02.07.2019","8.208,89","8.171,19","8.221,02","8.170,13","","0,29%"
"01.07.2019","8.184,92","8.144,29","8.211,60","8.144,29","","0,41%"
"28.06.2019","8.151,25","8.111,24","8.151,25","8.100,81","","0,49%"
"27.06.2019","8.111,28","8.085,09","8.122,23","8.083,20","","0,35%"
"26.06.2019","8.082,84","8.097,77","8.101,94","8.078,18","","-0,42%"
"25.06.2019","8.116,84","8.133,49","8.148,37","8.092,08","","-0,15%"
"24.06.2019","8.129,04","8.128,29","8.149,22","8.120,63","","0,38%"
"21.06.2019","8.098,55","8.135,52","8.137,72","8.093,35","","-0,37%"
"20.06.2019","8.128,90","8.062,14","8.150,54","8.062,14","","1,14%"
"19.06.2019","8.037,63","7.996,54","8.067,23","7.995,05","","0,80%"
"18.06.2019","7.973,94","7.903,49","7.989,26","7.891,58","","0,88%"
"17.06.2019","7.904,31","7.906,99","7.918,17","7.896,32","","-0,20%"
"14.06.2019","7.920,00","7.958,84","7.963,20","7.906,02","","-0,44%"
"13.06.2019","7.954,69","7.960,89","7.975,88","7.944,82","","-0,35%"
"12.06.2019","7.983,02","8.010,10","8.021,36","7.963,19","","-0,34%"
"11.06.2019","8.010,22","7.963,36","8.029,92","7.961,11","","0,64%"
"10.06.2019","7.959,40","7.935,75","7.966,37","7.931,59","","0,25%"
"07.06.2019","7.939,39","7.847,73","7.954,75","7.845,96","","1,13%"
"06.06.2019","7.850,96","7.820,51","7.869,69","7.818,46","","0,07%"
"05.06.2019","7.845,54","7.797,52","7.858,64","7.797,52","","0,97%"
"04.06.2019","7.770,53","7.747,73","7.790,97","7.728,18","","0,66%"
"03.06.2019","7.719,58","7.693,16","7.750,70","7.648,08","","0,37%"
"31.05.2019","7.691,23","7.724,50","7.729,84","7.663,45","","-0,46%"
"30.05.2019","7.726,95","7.721,63","7.741,95","7.709,62","","-0,10%"
"29.05.2019","7.734,99","7.824,19","7.824,19","7.726,29","","-1,33%"
"28.05.2019","7.839,58","7.850,02","7.865,52","7.834,24","","-0,13%"
"27.05.2019","7.849,94","7.842,00","7.871,91","7.837,70","","0,20%"
"24.05.2019","7.834,02","7.774,33","7.843,83","7.768,99","","0,74%"
"23.05.2019","7.776,79","7.847,63","7.849,07","7.757,96","","-0,99%"
"22.05.2019","7.854,38","7.866,63","7.881,07","7.841,30","","-0,24%"
"21.05.2019","7.873,50","7.847,86","7.875,17","7.835,57","","0,24%"
"20.05.2019","7.854,87","7.879,69","7.905,99","7.838,94","","-0,27%"
"17.05.2019","7.875,79","7.895,27","7.914,65","7.860,05","","-0,16%"
"16.05.2019","7.888,30","7.841,27","7.891,42","7.823,08","","0,57%"
"15.05.2019","7.843,28","7.801,94","7.844,64","7.780,53","","0,50%"
"14.05.2019","7.804,33","7.771,44","7.807,60","7.744,06","","0,19%"
"13.05.2019","7.789,75","7.841,66","7.845,32","7.777,66","","-0,85%"
"10.05.2019","7.856,45","7.829,39","7.879,64","7.816,95","","0,28%"
"09.05.2019","7.834,61","7.901,66","7.903,63","7.821,39","","-0,99%"
"08.05.2019","7.913,31","7.917,44","7.923,70","7.882,67","","-0,19%"
"07.05.2019","7.928,04","8.010,47","8.019,28","7.920,71","","-1,02%"
"06.05.2019","8.009,84","8.061,60","8.062,00","7.972,52","","-0,58%"
"03.05.2019","8.056,55","8.017,97","8.067,89","8.014,46","","0,42%"
"02.05.2019","8.022,50","8.054,09","8.060,98","8.018,12","","-0,67%"
"01.05.2019","8.076,87","8.068,16","8.093,54","8.050,17","","0,19%"
"30.04.2019","8.061,69","8.048,18","8.074,19","8.042,03","","0,26%"
"29.04.2019","8.040,83","8.028,48","8.051,47","8.018,96","","0,08%"
"26.04.2019","8.034,12","7.999,28","8.034,59","7.984,64","","0,29%"
"25.04.2019","8.011,07","8.007,39","8.021,98","7.989,30","","-0,28%"
"24.04.2019","8.033,32","8.068,37","8.069,31","7.998,66","","-0,31%"
"23.04.2019","8.058,63","8.052,52","8.064,76","8.039,08","","0,14%"
"22.04.2019","8.047,74","8.043,94","8.052,04","8.039,10","","-0,03%"
"19.04.2019","8.050,26","8.047,39","8.050,69","8.044,63","","0,02%"
"18.04.2019","8.048,74","8.073,51","8.074,99","8.026,11","","-0,34%"
"17.04.2019","8.076,43","8.058,11","8.085,72","8.052,92","","0,17%"
"16.04.2019","8.062,81","8.040,44","8.068,85","8.036,92","","0,18%"
"15.04.2019","8.048,08","8.028,38","8.054,78","8.028,38","","0,37%"
"12.04.2019","8.018,76","7.978,71","8.022,55","7.972,24","","0,38%"
"11.04.2019","7.988,27","7.994,15","8.009,68","7.973,85","","-0,03%"
"10.04.2019","7.991,04","7.974,64","8.005,00","7.967,13","","-0,02%"
"09.04.2019","7.992,65","8.000,82","8.037,04","7.986,75","","-0,17%"
"08.04.2019","8.006,19","7.994,54","8.014,36","7.982,70","","0,20%"
"05.04.2019","7.989,86","7.977,13","7.999,71","7.974,11","","0,13%"
"04.04.2019","7.979,31","8.004,70","8.005,11","7.972,56","","-0,28%"
"03.04.2019","8.001,84","7.934,73","8.010,90","7.932,69","","1,02%"
"02.04.2019","7.920,68","7.908,01","7.936,01","7.899,88","","0,01%"
"01.04.2019","7.920,20","7.828,17","7.922,70","7.828,17","","1,12%"
"29.03.2019","7.832,38","7.785,74","7.839,63","7.785,39","","0,52%"
"28.03.2019","7.791,48","7.821,98","7.826,68","7.777,46","","-0,43%"
"27.03.2019","7.825,03","7.827,54","7.856,87","7.810,53","","-0,05%"
"26.03.2019","7.828,96","7.768,01","7.841,38","7.766,72","","0,79%"
"25.03.2019","7.767,78","7.825,13","7.825,13","7.744,38","","-0,81%"
"22.03.2019","7.831,39","7.915,31","7.937,96","7.821,87","","-0,93%"
"21.03.2019","7.904,86","7.929,88","7.937,39","7.893,16","","0,20%"
"20.03.2019","7.889,18","7.934,27","7.944,79","7.885,46","","-0,56%"
"19.03.2019","7.933,77","7.907,98","7.956,96","7.897,41","","0,37%"
"18.03.2019","7.904,74","7.865,26","7.910,11","7.863,99","","0,54%"
"15.03.2019","7.862,39","7.799,62","7.867,67","7.798,96","","0,78%"
"14.03.2019","7.801,84","7.799,50","7.813,28","7.774,42","","0,26%"
"13.03.2019","7.781,91","7.752,56","7.797,35","7.724,84","","0,43%"
"12.03.2019","7.748,61","7.725,24","7.764,39","7.724,19","","0,63%"
"11.03.2019","7.700,05","7.652,31","7.714,11","7.645,45","","0,61%"
"08.03.2019","7.653,60","7.711,06","7.711,46","7.643,75","","-0,97%"
"07.03.2019","7.728,19","7.785,36","7.791,19","7.703,31","","-0,75%"
"06.03.2019","7.786,67","7.791,36","7.804,13","7.775,05","","-0,02%"
"05.03.2019","7.788,23","7.806,63","7.807,41","7.771,24","","-0,17%"
"04.03.2019","7.801,13","7.798,73","7.826,29","7.798,53","","-0,02%"
"01.03.2019","7.802,82","7.773,15","7.825,44","7.773,15","","0,24%"
"28.02.2019","7.784,38","7.799,06","7.805,14","7.768,87","","-0,29%"
"27.02.2019","7.807,08","7.820,72","7.828,50","7.789,87","","0,05%"
"26.02.2019","7.803,40","7.796,35","7.828,16","7.759,79","","0,13%"
"25.02.2019","7.792,93","7.765,49","7.808,96","7.765,10","","0,41%"
"22.02.2019","7.761,16","7.743,32","7.775,58","7.733,85","","0,12%"
"21.02.2019","7.752,00","7.759,34","7.774,60","7.738,67","","-0,14%"
"20.02.2019","7.762,65","7.715,46","7.773,97","7.715,46","","0,71%"
"19.02.2019","7.707,60","7.693,96","7.721,70","7.655,39","","0,18%"
"18.02.2019","7.693,70","7.651,36","7.706,46","7.651,27","","0,78%"
"15.02.2019","7.634,16","7.595,52","7.655,64","7.564,37","","0,68%"
"14.02.2019","7.582,75","7.581,00","7.619,88","7.579,70","","-0,19%"
"13.02.2019","7.597,17","7.567,90","7.614,54","7.567,90","","0,54%"
"12.02.2019","7.556,52","7.485,56","7.571,22","7.483,50","","0,94%"
"11.02.2019","7.486,24","7.483,76","7.518,45","7.475,31","","0,01%"
"08.02.2019","7.485,36","7.545,31","7.545,31","7.473,43","","-0,94%"
"07.02.2019","7.556,74","7.629,73","7.634,43","7.545,76","","-1,12%"
"06.02.2019","7.642,09","7.655,09","7.666,83","7.628,81","","-0,17%"
"05.02.2019","7.655,48","7.583,19","7.657,56","7.582,67","","0,98%"
"04.02.2019","7.581,21","7.577,92","7.597,66","7.557,90","","-0,04%"
"01.02.2019","7.583,96","7.576,79","7.590,79","7.560,58","","-0,06%"
"31.01.2019","7.588,23","7.555,46","7.620,06","7.555,40","","0,89%"
"30.01.2019","7.520,97","7.498,00","7.569,64","7.492,06","","0,29%"
"29.01.2019","7.499,06","7.471,48","7.520,62","7.447,82","","0,32%"
"28.01.2019","7.475,03","7.517,34","7.522,28","7.463,01","","-0,41%"
"25.01.2019","7.506,07","7.418,61","7.520,86","7.417,16","","1,02%"
"24.01.2019","7.430,27","7.422,67","7.435,09","7.401,71","","0,16%"
"23.01.2019","7.418,41","7.429,82","7.439,03","7.391,25","","-0,14%"
"22.01.2019","7.429,10","7.473,05","7.476,49","7.413,36","","-0,58%"
"21.01.2019","7.472,47","7.465,24","7.487,94","7.457,24","","0,01%"
"18.01.2019","7.471,55","7.390,38","7.476,11","7.390,26","","1,23%"
"17.01.2019","7.380,43","7.379,49","7.396,81","7.352,72","","-0,02%"
"16.01.2019","7.381,96","7.377,46","7.392,00","7.357,64","","-0,01%"
"15.01.2019","7.382,50","7.353,97","7.412,34","7.345,31","","0,36%"
"14.01.2019","7.355,93","7.378,25","7.383,69","7.331,12","","-0,32%"
"11.01.2019","7.379,75","7.369,78","7.416,82","7.355,67","","-0,05%"
"10.01.2019","7.383,24","7.388,07","7.388,75","7.339,42","","0,19%"
"09.01.2019","7.369,36","7.268,97","7.391,19","7.268,97","","1,36%"
"08.01.2019","7.270,62","7.233,15","7.292,98","7.226,94","","0,58%"
"07.01.2019","7.228,64","7.160,92","7.244,03","7.160,92","","0,94%"
"04.01.2019","7.161,45","7.050,71","7.166,45","6.994,13","","1,64%"
"03.01.2019","7.045,82","7.058,15","7.079,73","7.026,84","","0,05%"
"02.01.2019","7.042,19","7.092,81","7.099,20","7.006,95","","-0,56%"
"01.01.2019","7.081,76","7.096,50","7.109,38","7.081,76","","0,00%"
"31.12.2018","7.081,51","7.054,21","7.093,28","7.050,27","","0,45%"
"28.12.2018","7.049,70","6.958,34","7.070,83","6.947,72","","1,39%"
"27.12.2018","6.952,79","6.907,53","7.018,08","6.907,51","","0,30%"
"26.12.2018","6.932,09","6.930,29","6.945,93","6.898,79","","0,21%"
"25.12.2018","6.917,68","6.987,53","6.987,53","6.905,61","","-1,08%"
"24.12.2018","6.993,01","6.992,64","7.006,75","6.980,66","","-0,26%"
"21.12.2018","7.011,17","7.068,90","7.076,55","6.980,42","","-0,56%"
"20.12.2018","7.050,47","7.140,00","7.144,79","7.044,44","","-1,56%"
"19.12.2018","7.162,06","7.139,28","7.188,60","7.132,71","","0,37%"
"18.12.2018","7.135,72","7.197,66","7.197,66","7.132,69","","-0,83%"
"17.12.2018","7.195,68","7.227,21","7.240,44","7.194,18","","-0,38%"
"14.12.2018","7.223,24","7.314,24","7.315,81","7.194,75","","-1,17%"
"13.12.2018","7.308,39","7.312,93","7.347,74","7.308,39","","-0,11%"
"12.12.2018","7.316,23","7.170,90","7.330,06","7.170,87","","1,97%"
"11.12.2018","7.174,86","7.145,13","7.229,89","7.130,91","","0,34%"
"10.12.2018","7.150,69","7.288,31","7.288,94","7.140,96","","-1,95%"
"07.12.2018","7.292,94","7.251,80","7.352,93","7.251,80","","0,52%"
"06.12.2018","7.255,28","7.418,26","7.418,38","7.227,41","","-2,15%"
"05.12.2018","7.414,91","7.490,23","7.490,30","7.409,58","","-1,08%"
"04.12.2018","7.495,85","7.572,47","7.572,90","7.484,87","","-1,01%"
"03.12.2018","7.572,16","7.471,24","7.624,72","7.471,01","","1,43%"
"30.11.2018","7.465,35","7.501,77","7.509,35","7.453,68","","-0,51%"
"29.11.2018","7.503,85","7.474,89","7.527,59","7.474,89","","1,05%"
"28.11.2018","7.426,18","7.419,33","7.481,91","7.411,76","","0,13%"
"27.11.2018","7.416,40","7.436,21","7.460,50","7.405,30","","-0,31%"
"26.11.2018","7.439,14","7.389,11","7.468,67","7.380,93","","0,63%"
"23.11.2018","7.392,87","7.404,24","7.421,77","7.368,06","","-0,13%"
"22.11.2018","7.402,35","7.409,15","7.434,25","7.391,68","","-0,07%"
"21.11.2018","7.407,34","7.347,88","7.420,51","7.319,09","","0,48%"
"20.11.2018","7.372,18","7.474,15","7.475,44","7.341,18","","-1,35%"
"19.11.2018","7.473,41","7.484,57","7.527,65","7.466,02","","-0,06%"
"16.11.2018","7.477,84","7.449,97","7.498,34","7.426,40","","0,35%"
"15.11.2018","7.451,89","7.478,72","7.522,19","7.419,32","","-0,28%"
"14.11.2018","7.472,68","7.501,47","7.514,90","7.433,51","","-0,23%"
"13.11.2018","7.489,67","7.477,23","7.505,19","7.423,07","","-0,03%"
"12.11.2018","7.491,88","7.553,73","7.566,61","7.478,63","","-1,13%"
"09.11.2018","7.577,45","7.616,84","7.620,96","7.553,02","","-0,91%"
"08.11.2018","7.646,75","7.612,24","7.678,54","7.609,26","","0,26%"
"07.11.2018","7.626,65","7.559,61","7.648,22","7.556,77","","0,91%"
"06.11.2018","7.557,88","7.542,20","7.580,12","7.542,19","","0,28%"
"05.11.2018","7.537,01","7.564,85","7.568,96","7.519,74","","-0,29%"
"02.11.2018","7.559,12","7.528,23","7.634,30","7.525,54","","0,54%"
"01.11.2018","7.518,89","7.465,44","7.532,63","7.455,70","","0,64%"
"31.10.2018","7.470,71","7.352,78","7.484,89","7.352,78","","1,43%"
"30.10.2018","7.365,25","7.339,63","7.374,07","7.325,64","","0,29%"
"29.10.2018","7.343,84","7.328,05","7.397,23","7.322,64","","0,29%"
"26.10.2018","7.322,57","7.354,10","7.369,46","7.265,41","","-0,36%"
"25.10.2018","7.349,00","7.402,41","7.402,41","7.298,75","","-0,72%"
"24.10.2018","7.402,08","7.459,14","7.478,26","7.400,74","","-0,73%"
"23.10.2018","7.456,75","7.579,40","7.580,18","7.438,08","","-1,64%"
"22.10.2018","7.580,85","7.618,65","7.663,91","7.575,60","","-0,45%"
"19.10.2018","7.614,98","7.611,99","7.633,54","7.573,13","","-0,15%"
"18.10.2018","7.626,66","7.663,43","7.687,59","7.611,07","","-0,77%"
"17.10.2018","7.685,54","7.692,29","7.747,97","7.666,61","","-0,14%"
"16.10.2018","7.696,06","7.613,38","7.696,90","7.603,92","","1,10%"
"15.10.2018","7.612,33","7.612,81","7.619,40","7.566,79","","-0,12%"
"12.10.2018","7.621,51","7.631,71","7.677,36","7.615,06","","0,05%"
"11.10.2018","7.617,90","7.788,70","7.788,70","7.613,37","","-2,20%"
"10.10.2018","7.789,45","7.861,47","7.876,72","7.781,92","","-0,68%"
"09.10.2018","7.842,58","7.879,97","7.880,99","7.786,08","","-0,37%"
"08.10.2018","7.871,75","7.942,66","7.943,01","7.863,58","","-0,83%"
"05.10.2018","7.937,37","7.988,94","7.989,60","7.931,61","","-0,75%"
"04.10.2018","7.997,54","8.028,43","8.043,48","7.978,18","","-0,78%"
"03.10.2018","8.060,24","8.068,79","8.078,26","8.039,68","","-0,14%"
"02.10.2018","8.071,47","8.108,42","8.129,14","8.039,22","","-0,48%"
"01.10.2018","8.110,10","8.110,26","8.132,47","8.094,27","","-0,05%"
"28.09.2018","8.114,54","8.159,39","8.178,24","8.085,82","","-0,55%"
"27.09.2018","8.159,69","8.198,73","8.204,38","8.132,51","","-0,50%"
"26.09.2018","8.200,65","8.185,35","8.229,50","8.176,33","","0,15%"
"25.09.2018","8.188,28","8.143,04","8.199,41","8.140,35","","0,32%"
"24.09.2018","8.162,19","8.178,53","8.181,16","8.140,16","","-0,27%"
"21.09.2018","8.184,52","8.154,89","8.199,99","8.154,09","","0,61%"
"20.09.2018","8.134,98","8.072,55","8.151,65","8.063,69","","0,89%"
"19.09.2018","8.063,09","8.040,39","8.076,85","8.037,48","","0,52%"
"18.09.2018","8.021,73","7.967,25","8.023,58","7.967,25","","0,57%"
"17.09.2018","7.976,52","7.943,54","7.987,72","7.928,77","","0,26%"
"14.09.2018","7.956,21","7.937,70","7.986,33","7.937,70","","0,42%"
"13.09.2018","7.923,25","7.904,82","7.956,82","7.904,82","","0,38%"
"12.09.2018","7.893,23","7.860,27","7.908,05","7.842,31","","0,54%"
"11.09.2018","7.850,53","7.846,69","7.878,69","7.819,25","","0,02%"
"10.09.2018","7.848,85","7.813,34","7.863,49","7.802,36","","0,29%"
"07.09.2018","7.826,11","7.853,78","7.861,61","7.797,45","","-0,41%"
"06.09.2018","7.857,99","7.886,80","7.894,67","7.849,67","","-0,43%"
"05.09.2018","7.891,96","7.952,65","7.952,65","7.878,43","","-0,69%"
"04.09.2018","7.947,11","8.020,35","8.020,35","7.930,25","","-1,01%"
"03.09.2018","8.028,07","8.017,62","8.028,07","8.005,16","","-0,25%"
"31.08.2018","8.047,97","8.106,59","8.119,02","8.024,90","","-0,77%"
"30.08.2018","8.110,19","8.163,55","8.164,27","8.100,16","","-0,37%"
"29.08.2018","8.140,35","8.129,43","8.153,69","8.115,11","","0,08%"
"28.08.2018","8.133,44","8.125,72","8.159,48","8.111,44","","0,28%"
"27.08.2018","8.111,07","8.043,61","8.121,21","8.042,05","","0,99%"
"24.08.2018","8.031,27","7.983,05","8.039,05","7.975,26","","0,46%"
"23.08.2018","7.994,20","8.032,17","8.033,08","7.973,70","","-0,51%"
"22.08.2018","8.035,02","8.020,84","8.052,68","8.009,71","","0,56%"
"21.08.2018","7.990,66","7.982,24","8.026,33","7.977,16","","0,43%"
"20.08.2018","7.956,20","7.921,71","7.980,73","7.915,34","","0,50%"
"17.08.2018","7.916,62","7.886,29","7.929,03","7.878,36","","0,35%"
"16.08.2018","7.888,93","7.833,66","7.898,44","7.814,58","","0,66%"
"15.08.2018","7.837,21","7.930,36","7.930,36","7.820,43","","-1,34%"
"14.08.2018","7.943,92","7.931,90","7.985,55","7.917,82","","0,21%"
"13.08.2018","7.927,04","7.967,29","7.967,29","7.904,04","","-0,85%"
"10.08.2018","7.995,38","8.114,92","8.114,92","7.974,14","","-1,76%"
"09.08.2018","8.138,47","8.140,73","8.151,38","8.115,83","","-0,01%"
"08.08.2018","8.139,24","8.141,52","8.156,24","8.116,43","","-0,02%"
"07.08.2018","8.141,06","8.087,55","8.169,34","8.087,05","","0,67%"
"06.08.2018","8.086,65","8.101,45","8.115,48","8.065,39","","-0,33%"
"03.08.2018","8.113,13","8.081,40","8.119,59","8.063,59","","0,27%"
"02.08.2018","8.091,46","8.179,46","8.181,33","8.077,70","","-1,05%"
"01.08.2018","8.177,65","8.206,85","8.213,59","8.172,71","","-0,29%"
"31.07.2018","8.201,72","8.212,02","8.222,78","8.193,35","","-0,20%"
"30.07.2018","8.218,03","8.209,91","8.227,96","8.181,20","","0,03%"
"27.07.2018","8.215,73","8.179,79","8.222,93","8.177,69","","0,40%"
"26.07.2018","8.183,03","8.188,59","8.210,77","8.164,90","","0,49%"
"25.07.2018","8.142,90","8.154,13","8.175,21","8.131,18","","-0,16%"
"24.07.2018","8.155,70","8.099,50","8.177,99","8.087,89","","0,74%"
"23.07.2018","8.095,52","8.129,76","8.143,63","8.083,30","","-0,22%"
"20.07.2018","8.113,06","8.078,83","8.135,06","8.052,79","","0,69%"
"19.07.2018","8.057,65","8.093,54","8.108,25","8.040,18","","-0,30%"
"18.07.2018","8.081,52","8.062,71","8.094,60","8.039,76","","0,19%"
"17.07.2018","8.066,16","8.073,18","8.100,10","8.047,92","","-0,02%"
"16.07.2018","8.067,63","8.076,40","8.092,64","8.064,47","","-0,02%"
"13.07.2018","8.069,48","8.041,10","8.080,64","8.039,05","","0,31%"
"12.07.2018","8.044,58","7.992,81","8.048,26","7.990,40","","0,27%"
"11.07.2018","8.022,83","8.104,23","8.107,15","7.982,79","","-1,13%"
"10.07.2018","8.114,37","8.114,88","8.128,42","8.092,45","","0,05%"
"09.07.2018","8.110,46","8.058,14","8.118,81","8.058,05","","0,73%"
"06.07.2018","8.051,73","7.992,66","8.051,73","7.986,82","","0,80%"
"05.07.2018","7.987,89","7.962,17","8.017,20","7.941,57","","0,38%"
"04.07.2018","7.957,45","7.960,86","7.975,58","7.944,31","","0,02%"
"03.07.2018","7.956,07","7.910,91","7.978,53","7.885,56","","0,76%"
"02.07.2018","7.895,74","8.004,29","8.004,80","7.889,82","","-1,35%"
"29.06.2018","8.004,19","7.916,05","8.019,68","7.902,62","","1,07%"
"28.06.2018","7.919,62","7.941,50","7.950,14","7.900,04","","-0,50%"
"27.06.2018","7.959,56","7.957,85","7.993,43","7.914,48","","-0,07%"
"26.06.2018","7.965,39","7.964,16","7.991,49","7.952,04","","0,00%"
"25.06.2018","7.965,71","8.087,65","8.089,40","7.965,71","","-1,36%"
"22.06.2018","8.075,77","7.993,95","8.087,17","7.991,97","","0,81%"
"21.06.2018","8.010,70","8.031,83","8.046,03","7.994,36","","-0,38%"
"20.06.2018","8.041,32","8.011,22","8.070,54","7.994,28","","0,47%"
"19.06.2018","8.003,47","8.092,86","8.103,94","7.983,29","","-1,08%"
"18.06.2018","8.091,26","8.131,35","8.131,35","8.071,44","","-0,71%"
"15.06.2018","8.148,73","8.175,59","8.192,11","8.139,81","","-0,80%"
"14.06.2018","8.214,34","8.231,02","8.231,02","8.174,69","","-0,18%"
"13.06.2018","8.229,49","8.215,64","8.244,15","8.197,79","","0,01%"
"12.06.2018","8.228,43","8.235,69","8.251,94","8.206,05","","-0,17%"
"11.06.2018","8.242,27","8.194,56","8.247,70","8.191,07","","0,62%"
"08.06.2018","8.191,56","8.219,82","8.232,82","8.156,06","","-0,46%"
"07.06.2018","8.229,81","8.211,62","8.269,88","8.211,62","","0,28%"
"06.06.2018","8.206,85","8.175,12","8.206,85","8.171,57","","0,74%"
"05.06.2018","8.146,48","8.181,54","8.195,01","8.146,48","","-0,42%"
"04.06.2018","8.181,03","8.132,10","8.211,14","8.132,10","","0,83%"
"01.06.2018","8.113,49","8.083,86","8.141,32","8.070,21","","0,29%"
"31.05.2018","8.090,16","8.104,04","8.153,85","8.068,58","","0,17%"
"30.05.2018","8.076,32","8.042,24","8.091,25","8.009,21","","0,20%"
"29.05.2018","8.060,28","8.151,95","8.161,93","8.039,25","","-1,14%"
"28.05.2018","8.153,44","8.186,03","8.220,28","8.149,08","","-0,40%"
"25.05.2018","8.185,91","8.213,79","8.238,79","8.168,25","","-0,46%"
"24.05.2018","8.223,46","8.248,95","8.266,99","8.207,53","","-0,30%"
"23.05.2018","8.247,82","8.348,20","8.349,60","8.229,21","","-1,17%"
"22.05.2018","8.345,77","8.341,33","8.367,22","8.324,96","","0,30%"
"21.05.2018","8.320,88","8.306,44","8.341,77","8.284,41","","0,11%"
"18.05.2018","8.311,37","8.324,71","8.340,04","8.293,92","","-0,14%"
"17.05.2018","8.323,14","8.308,24","8.333,48","8.293,73","","0,45%"
"16.05.2018","8.285,71","8.295,92","8.312,57","8.269,44","","-0,24%"
"15.05.2018","8.305,50","8.359,99","8.364,89","8.273,25","","-0,85%"
"14.05.2018","8.376,44","8.341,25","8.381,45","8.340,31","","0,42%"
"11.05.2018","8.341,62","8.301,25","8.352,07","8.300,75","","0,80%"
"10.05.2018","8.275,34","8.244,42","8.304,69","8.241,13","","0,36%"
"09.05.2018","8.245,81","8.223,76","8.248,95","8.190,60","","0,36%"
"08.05.2018","8.216,34","8.240,77","8.254,11","8.192,08","","-0,19%"
"07.05.2018","8.231,78","8.212,29","8.243,43","8.200,13","","0,37%"
"04.05.2018","8.201,28","8.192,51","8.217,99","8.162,11","","0,31%"
"03.05.2018","8.175,58","8.193,15","8.221,35","8.166,02","","-0,25%"
"02.05.2018","8.196,46","8.183,78","8.233,21","8.178,94","","0,19%"
"01.05.2018","8.180,62","8.231,72","8.234,48","8.175,73","","-0,67%"
"30.04.2018","8.235,79","8.233,64","8.250,99","8.220,96","","0,06%"
"27.04.2018","8.230,51","8.208,02","8.241,46","8.196,06","","0,35%"
"26.04.2018","8.201,82","8.177,34","8.216,82","8.170,93","","0,38%"
"25.04.2018","8.170,96","8.236,32","8.236,32","8.153,08","","-0,73%"
"24.04.2018","8.230,86","8.222,36","8.252,94","8.210,47","","0,12%"
"23.04.2018","8.221,12","8.235,84","8.244,90","8.202,48","","-0,28%"
"20.04.2018","8.243,89","8.268,19","8.274,46","8.226,94","","-0,64%"
"19.04.2018","8.297,06","8.302,78","8.318,15","8.266,35","","-0,06%"
"18.04.2018","8.302,17","8.253,40","8.304,55","8.252,50","","0,73%"
"17.04.2018","8.242,15","8.219,72","8.255,05","8.214,25","","0,36%"
"16.04.2018","8.212,65","8.203,34","8.230,54","8.203,34","","0,14%"
"13.04.2018","8.200,83","8.198,02","8.221,91","8.191,37","","0,24%"
"12.04.2018","8.181,46","8.186,54","8.192,87","8.156,69","","-0,17%"
"11.04.2018","8.195,34","8.213,42","8.214,06","8.174,64","","-0,10%"
"10.04.2018","8.203,46","8.129,37","8.210,44","8.126,83","","0,98%"
"09.04.2018","8.123,53","8.082,03","8.138,92","8.078,94","","0,56%"
"06.04.2018","8.078,62","8.092,99","8.107,09","8.055,84","","-0,05%"
"05.04.2018","8.082,28","7.989,86","8.088,87","7.983,65","","1,32%"
"04.04.2018","7.976,70","7.999,94","8.004,17","7.937,40","","-0,17%"
"03.04.2018","7.990,36","8.017,95","8.044,23","7.971,83","","-0,55%"
"02.04.2018","8.034,28","8.049,33","8.063,88","8.025,54","","-0,10%"
"30.03.2018","8.042,67","8.043,71","8.057,28","8.039,48","","0,16%"
"29.03.2018","8.030,01","7.991,20","8.052,86","7.989,33","","0,15%"
"28.03.2018","8.018,01","8.047,50","8.048,40","7.966,88","","-0,25%"
"27.03.2018","8.037,96","7.961,61","8.083,79","7.961,07","","0,99%"
"26.03.2018","7.959,06","7.957,78","8.008,09","7.933,40","","0,03%"
"23.03.2018","7.957,07","8.069,08","8.069,08","7.917,23","","-1,24%"
"22.03.2018","8.057,37","8.140,33","8.168,68","8.031,41","","-0,51%"
"21.03.2018","8.098,73","8.086,50","8.143,24","8.085,55","","0,04%"
"20.03.2018","8.095,44","8.105,08","8.112,54","8.079,46","","-0,16%"
"19.03.2018","8.108,62","8.167,16","8.169,48","8.097,41","","-0,64%"
"16.03.2018","8.161,22","8.164,49","8.190,59","8.155,56","","-0,16%"
"15.03.2018","8.174,64","8.171,48","8.198,13","8.162,43","","0,06%"
"14.03.2018","8.169,49","8.193,42","8.205,67","8.160,22","","-0,34%"
"13.03.2018","8.197,38","8.217,41","8.233,43","8.188,51","","-0,16%"
"12.03.2018","8.210,74","8.151,12","8.227,33","8.151,12","","0,74%"
"09.03.2018","8.150,69","8.122,21","8.159,23","8.111,71","","0,28%"
"08.03.2018","8.128,00","8.091,90","8.143,09","8.091,90","","0,49%"
"07.03.2018","8.088,39","8.115,70","8.118,11","8.061,60","","-0,18%"
"06.03.2018","8.102,72","8.024,28","8.133,05","8.024,28","","0,93%"
"05.03.2018","8.027,92","8.013,03","8.034,93","7.960,75","","0,34%"
"02.03.2018","8.000,83","8.114,58","8.114,58","7.987,36","","-0,82%"
"01.03.2018","8.067,15","8.170,27","8.170,87","8.059,91","","-1,34%"
"28.02.2018","8.176,35","8.262,06","8.262,40","8.173,21","","-0,99%"
"27.02.2018","8.258,18","8.293,24","8.339,46","8.249,09","","-0,30%"
"26.02.2018","8.283,07","8.232,05","8.321,64","8.231,99","","0,52%"
"23.02.2018","8.239,96","8.214,52","8.243,71","8.206,03","","0,43%"
"22.02.2018","8.204,64","8.195,41","8.221,80","8.136,62","","-0,18%"
"21.02.2018","8.219,44","8.217,81","8.245,07","8.177,09","","-0,12%"
"20.02.2018","8.229,17","8.253,09","8.255,25","8.192,37","","-0,27%"
"19.02.2018","8.251,50","8.253,79","8.301,14","8.243,65","","-0,23%"
"16.02.2018","8.270,19","8.224,09","8.307,79","8.222,21","","0,77%"
"15.02.2018","8.206,84","8.128,91","8.234,63","8.128,91","","1,24%"
"14.02.2018","8.106,31","8.019,98","8.129,84","7.972,77","","1,00%"
"13.02.2018","8.026,35","8.023,71","8.051,48","8.017,75","","0,15%"
"12.02.2018","8.014,37","7.937,90","8.031,82","7.933,28","","0,98%"
"09.02.2018","7.936,24","8.045,85","8.050,44","7.914,36","","-1,40%"
"08.02.2018","8.048,72","8.120,31","8.152,72","8.037,25","","-1,08%"
"07.02.2018","8.136,90","8.073,75","8.157,73","8.073,56","","0,96%"
"06.02.2018","8.059,91","8.299,40","8.299,40","8.026,43","","-2,96%"
"05.02.2018","8.305,56","8.445,83","8.452,73","8.299,99","","-1,78%"
"02.02.2018","8.456,01","8.597,95","8.603,10","8.454,13","","-1,50%"
"01.02.2018","8.584,68","8.562,42","8.634,57","8.562,42","","0,02%"
"31.01.2018","8.582,59","8.597,05","8.610,84","8.546,35","","-0,16%"
"30.01.2018","8.596,59","8.656,86","8.657,61","8.588,11","","-0,62%"
"29.01.2018","8.650,36","8.696,81","8.711,67","8.638,39","","-0,62%"
"26.01.2018","8.704,64","8.628,90","8.721,23","8.628,90","","-0,10%"
"25.01.2018","8.713,54","8.708,10","8.748,52","8.621,84","","0,14%"
"24.01.2018","8.701,75","8.674,76","8.732,49","8.671,89","","0,33%"
"23.01.2018","8.673,21","8.615,44","8.677,89","8.614,80","","0,67%"
"22.01.2018","8.615,22","8.597,15","8.615,53","8.573,62","","0,35%"
"19.01.2018","8.585,24","8.547,59","8.611,76","8.544,66","","0,50%"
"18.01.2018","8.542,49","8.519,24","8.557,74","8.508,94","","-0,13%"
"17.01.2018","8.553,24","8.569,26","8.586,43","8.531,71","","-0,07%"
"16.01.2018","8.558,93","8.562,21","8.581,37","8.548,72","","-0,09%"
"15.01.2018","8.566,28","8.517,82","8.573,59","8.510,47","","0,97%"
"12.01.2018","8.483,63","8.437,16","8.510,72","8.423,39","","0,59%"
"11.01.2018","8.433,90","8.415,40","8.441,15","8.389,31","","0,04%"
"10.01.2018","8.430,85","8.409,66","8.446,01","8.403,06","","0,25%"
"09.01.2018","8.410,12","8.383,59","8.412,84","8.383,59","","0,25%"
"08.01.2018","8.389,38","8.402,40","8.411,30","8.380,72","","-0,12%"
"05.01.2018","8.399,48","8.353,93","8.405,60","8.353,93","","0,57%"
"04.01.2018","8.351,50","8.231,10","8.357,76","8.229,33","","1,40%"
"03.01.2018","8.236,21","8.224,61","8.243,81","8.215,72","","0,18%"
"02.01.2018","8.221,75","8.197,98","8.226,92","8.192,62","","0,27%"
"01.01.2018","8.199,97","8.189,24","8.199,97","8.189,23","","0,00%"
"29.12.2017","8.199,75","8.171,15","8.206,96","8.169,06","","0,37%"
"28.12.2017","8.169,44","8.160,75","8.253,30","8.158,40","","0,18%"
"27.12.2017","8.154,55","8.125,55","8.164,17","8.124,57","","0,38%"
"26.12.2017","8.124,01","8.129,71","8.131,48","8.115,38","","0,08%"
"25.12.2017","8.117,51","8.122,20","8.135,74","8.117,51","","0,04%"
"22.12.2017","8.114,15","8.128,73","8.134,31","8.111,89","","-0,08%"
"21.12.2017","8.120,34","8.088,18","8.133,19","8.067,15","","0,33%"
"20.12.2017","8.093,95","8.108,54","8.116,74","8.087,31","","0,02%"
"19.12.2017","8.092,19","8.113,67","8.132,92","8.091,32","","-0,41%"
"18.12.2017","8.125,75","8.009,69","8.131,76","8.007,77","","1,39%"
"15.12.2017","8.014,23","8.047,27","8.050,73","8.003,69","","-0,36%"
"14.12.2017","8.043,07","8.092,47","8.098,02","8.043,07","","-0,20%"
"13.12.2017","8.059,41","8.049,91","8.096,54","8.043,75","","0,18%"
"12.12.2017","8.044,79","8.029,53","8.054,63","8.027,72","","0,05%"
"11.12.2017","8.040,46","8.011,01","8.048,55","8.009,32","","0,45%"
"08.12.2017","8.004,40","7.969,01","8.021,94","7.967,65","","0,37%"
"07.12.2017","7.974,80","7.961,56","7.985,51","7.956,56","","0,19%"
"06.12.2017","7.959,75","8.007,11","8.008,69","7.941,55","","-0,61%"
"05.12.2017","8.008,40","8.032,94","8.041,88","7.999,18","","-0,20%"
"04.12.2017","8.024,59","8.006,72","8.042,21","7.972,52","","0,30%"
"01.12.2017","8.000,69","8.029,10","8.054,95","8.000,55","","-0,65%"
"30.11.2017","8.053,08","8.034,70","8.070,99","8.023,65","","0,19%"
"29.11.2017","8.038,17","8.040,35","8.084,99","8.036,41","","0,05%"
"28.11.2017","8.034,45","8.033,46","8.051,19","8.016,90","","-0,11%"
"27.11.2017","8.043,52","8.067,20","8.086,41","8.031,68","","-0,37%"
"24.11.2017","8.073,56","8.042,45","8.077,53","8.026,87","","0,44%"
"23.11.2017","8.038,37","8.028,82","8.051,03","8.010,93","","0,40%"
"22.11.2017","8.006,15","7.991,87","8.033,38","7.988,20","","0,46%"
"21.11.2017","7.969,87","7.924,36","7.988,85","7.924,36","","0,44%"
"20.11.2017","7.935,10","7.927,44","7.943,07","7.908,74","","0,12%"
"17.11.2017","7.925,87","7.918,71","7.965,44","7.915,18","","0,00%"
"16.11.2017","7.925,49","7.875,12","7.929,87","7.875,06","","0,63%"
"15.11.2017","7.875,76","7.933,64","7.933,91","7.865,82","","-0,52%"
"14.11.2017","7.916,75","7.920,87","7.943,33","7.910,53","","-0,11%"
"13.11.2017","7.925,53","7.963,75","7.963,75","7.904,57","","-0,65%"
"10.11.2017","7.977,54","8.001,95","8.005,20","7.964,81","","-0,14%"
"09.11.2017","7.988,80","8.023,86","8.056,93","7.982,95","","-0,42%"
"08.11.2017","8.022,31","8.013,83","8.032,70","8.008,63","","0,26%"
"07.11.2017","8.001,68","8.021,82","8.047,48","7.998,90","","0,05%"
"06.11.2017","7.997,60","8.002,47","8.022,58","7.986,26","","-0,03%"
"03.11.2017","8.000,22","8.008,12","8.029,51","7.986,74","","-0,21%"
"02.11.2017","8.016,88","7.995,28","8.028,56","7.995,21","","0,26%"
"01.11.2017","7.996,40","7.970,59","8.022,53","7.970,42","","0,32%"
"31.10.2017","7.971,11","7.970,42","7.978,58","7.955,86","","0,10%"
"30.10.2017","7.962,97","7.935,30","7.977,04","7.935,30","","0,49%"
"27.10.2017","7.924,22","7.905,71","7.940,41","7.902,99","","-0,06%"
"26.10.2017","7.929,34","7.928,54","7.948,38","7.909,05","","0,04%"
"25.10.2017","7.926,21","7.949,51","7.957,57","7.919,68","","-0,27%"
"24.10.2017","7.947,43","7.961,62","7.977,33","7.946,18","","-0,07%"
"23.10.2017","7.953,00","7.942,84","7.966,97","7.936,72","","-0,07%"
"20.10.2017","7.958,75","7.984,21","7.987,36","7.947,84","","-0,45%"
"19.10.2017","7.994,77","7.981,23","8.001,26","7.958,83","","0,27%"
"18.10.2017","7.972,98","7.965,57","7.986,88","7.957,58","","0,27%"
"17.10.2017","7.951,70","7.972,56","7.984,72","7.951,70","","-0,40%"
"16.10.2017","7.983,70","7.974,82","7.997,62","7.967,38","","-0,01%"
"13.10.2017","7.984,60","7.959,63","7.998,49","7.955,49","","0,42%"
"12.10.2017","7.951,06","7.947,56","7.969,13","7.941,40","","0,16%"
"11.10.2017","7.938,74","7.920,08","7.952,58","7.914,05","","0,11%"
"10.10.2017","7.930,26","7.874,27","7.930,26","7.873,82","","0,71%"
"09.10.2017","7.874,58","7.870,81","7.883,17","7.866,44","","0,17%"
"06.10.2017","7.860,94","7.860,00","7.870,27","7.833,71","","-0,10%"
"05.10.2017","7.868,57","7.876,90","7.881,58","7.854,73","","-0,16%"
"04.10.2017","7.880,99","7.880,40","7.902,29","7.869,98","","-0,01%"
"03.10.2017","7.882,04","7.858,80","7.886,00","7.838,61","","0,31%"
"02.10.2017","7.857,75","7.859,18","7.864,40","7.833,92","","-0,06%"
"29.09.2017","7.862,67","7.832,11","7.869,68","7.815,98","","0,47%"
"28.09.2017","7.825,87","7.789,96","7.837,81","7.781,69","","0,40%"
"27.09.2017","7.794,60","7.793,80","7.808,25","7.770,24","","0,16%"
"26.09.2017","7.781,84","7.834,99","7.838,81","7.774,55","","-0,71%"
"25.09.2017","7.837,79","7.840,19","7.854,45","7.826,03","","-0,32%"
"22.09.2017","7.862,97","7.843,21","7.872,99","7.838,02","","0,41%"
"21.09.2017","7.830,63","7.819,51","7.847,04","7.802,76","","-0,58%"
"20.09.2017","7.876,15","7.855,70","7.886,97","7.801,78","","0,24%"
"19.09.2017","7.857,41","7.822,79","7.867,32","7.822,79","","0,53%"
"18.09.2017","7.816,09","7.795,06","7.828,27","7.792,75","","0,13%"
"15.09.2017","7.806,28","7.814,70","7.818,94","7.794,54","","0,26%"
"14.09.2017","7.785,78","7.797,45","7.808,15","7.760,39","","-0,25%"
"13.09.2017","7.805,04","7.833,76","7.846,62","7.788,43","","-0,27%"
"12.09.2017","7.826,45","7.802,58","7.833,94","7.799,64","","0,28%"
"11.09.2017","7.804,83","7.763,56","7.820,75","7.762,85","","0,61%"
"08.09.2017","7.757,58","7.753,84","7.787,68","7.748,38","","0,20%"
"07.09.2017","7.741,96","7.681,55","7.754,35","7.675,05","","0,74%"
"06.09.2017","7.684,73","7.669,25","7.693,27","7.645,07","","0,14%"
"05.09.2017","7.674,20","7.661,71","7.681,32","7.654,71","","0,02%"
"04.09.2017","7.672,91","7.697,10","7.697,38","7.661,06","","-0,30%"
"01.09.2017","7.696,03","7.682,01","7.736,69","7.666,45","","0,46%"
"31.08.2017","7.660,76","7.602,97","7.676,35","7.599,89","","0,68%"
"30.08.2017","7.609,38","7.608,10","7.632,99","7.596,98","","-0,37%"
"29.08.2017","7.637,27","7.654,13","7.672,67","7.593,60","","-0,25%"
"28.08.2017","7.656,51","7.670,47","7.671,48","7.643,09","","0,16%"
"25.08.2017","7.644,50","7.610,85","7.665,16","7.604,19","","0,40%"
"24.08.2017","7.614,20","7.622,01","7.631,87","7.600,88","","-0,05%"
"23.08.2017","7.618,18","7.616,41","7.624,83","7.602,28","","0,09%"
"22.08.2017","7.611,57","7.589,81","7.616,19","7.582,76","","0,20%"
"21.08.2017","7.596,55","7.588,13","7.598,99","7.562,35","","0,07%"
"18.08.2017","7.591,35","7.605,22","7.614,17","7.570,64","","-0,46%"
"17.08.2017","7.626,55","7.666,07","7.676,69","7.620,75","","0,03%"
"16.08.2017","7.623,92","7.600,02","7.665,27","7.594,04","","0,40%"
"15.08.2017","7.593,36","7.615,12","7.632,56","7.584,47","","-0,32%"
"14.08.2017","7.618,09","7.585,85","7.627,00","7.574,08","","0,43%"
"11.08.2017","7.585,74","7.627,93","7.628,60","7.566,93","","-0,51%"
"10.08.2017","7.624,78","7.674,97","7.677,60","7.614,24","","-0,49%"
"09.08.2017","7.662,26","7.715,90","7.719,03","7.646,76","","-0,52%"
"08.08.2017","7.702,49","7.728,54","7.735,27","7.700,56","","-0,26%"
"07.08.2017","7.722,48","7.721,66","7.737,41","7.712,47","","0,26%"
"04.08.2017","7.702,24","7.728,82","7.731,90","7.691,31","","-0,38%"
"03.08.2017","7.731,43","7.711,87","7.741,12","7.688,25","","0,14%"
"02.08.2017","7.720,95","7.717,39","7.736,62","7.703,56","","-0,03%"
"01.08.2017","7.723,62","7.671,84","7.735,64","7.671,84","","0,81%"
"31.07.2017","7.661,20","7.648,50","7.683,69","7.642,28","","0,20%"
"28.07.2017","7.645,87","7.668,96","7.669,10","7.613,33","","-0,20%"
"27.07.2017","7.660,99","7.687,62","7.721,05","7.652,15","","0,37%"
"26.07.2017","7.632,71","7.619,88","7.695,93","7.606,33","","0,14%"
"25.07.2017","7.622,05","7.592,12","7.652,38","7.592,12","","0,30%"
"24.07.2017","7.599,33","7.625,95","7.626,35","7.589,40","","-0,37%"
"21.07.2017","7.627,38","7.653,12","7.671,78","7.612,21","","-0,51%"
"20.07.2017","7.666,49","7.622,19","7.669,75","7.618,21","","0,60%"
"19.07.2017","7.620,54","7.582,80","7.625,33","7.581,37","","0,32%"
"18.07.2017","7.596,00","7.586,14","7.617,46","7.583,81","","0,04%"
"17.07.2017","7.592,81","7.602,04","7.607,66","7.578,84","","0,08%"
"14.07.2017","7.586,91","7.542,46","7.599,11","7.537,41","","0,74%"
"13.07.2017","7.531,31","7.519,21","7.549,55","7.519,09","","0,25%"
"12.07.2017","7.512,62","7.451,77","7.521,08","7.439,79","","1,16%"
"11.07.2017","7.426,68","7.440,48","7.458,83","7.426,68","","-0,10%"
"10.07.2017","7.434,34","7.423,07","7.445,62","7.417,02","","0,36%"
"07.07.2017","7.407,45","7.430,89","7.432,93","7.391,76","","-0,41%"
"06.07.2017","7.437,76","7.447,95","7.449,65","7.407,53","","-0,03%"
"05.07.2017","7.440,18","7.443,82","7.453,98","7.422,33","","0,01%"
"04.07.2017","7.439,10","7.468,53","7.474,75","7.433,26","","-0,21%"
"03.07.2017","7.454,92","7.449,15","7.463,08","7.432,42","","0,21%"
"30.06.2017","7.439,07","7.487,31","7.488,51","7.433,79","","-0,63%"
"29.06.2017","7.486,06","7.520,83","7.572,05","7.479,85","","-0,26%"
"28.06.2017","7.505,51","7.480,69","7.513,88","7.457,75","","0,56%"
"27.06.2017","7.463,88","7.458,68","7.491,18","7.445,88","","-0,05%"
"26.06.2017","7.467,71","7.448,01","7.492,74","7.444,43","","0,27%"
"23.06.2017","7.447,44","7.435,43","7.456,22","7.422,16","","0,19%"
"22.06.2017","7.433,40","7.426,61","7.439,98","7.408,46","","0,25%"
"21.06.2017","7.415,23","7.439,09","7.439,61","7.387,37","","-0,25%"
"20.06.2017","7.433,72","7.488,10","7.502,41","7.433,72","","-0,79%"
"19.06.2017","7.493,04","7.451,47","7.502,84","7.450,37","","0,51%"
"16.06.2017","7.455,38","7.396,25","7.455,38","7.392,30","","0,83%"
"15.06.2017","7.393,88","7.463,85","7.467,33","7.370,63","","-1,44%"
"14.06.2017","7.501,55","7.477,15","7.539,89","7.454,52","","0,39%"
"13.06.2017","7.472,30","7.429,46","7.476,73","7.429,46","","0,59%"
"12.06.2017","7.428,11","7.462,18","7.474,00","7.424,97","","-0,38%"
"09.06.2017","7.456,12","7.427,97","7.465,89","7.413,47","","0,01%"
"08.06.2017","7.455,52","7.477,38","7.487,27","7.444,00","","-0,39%"
"07.06.2017","7.484,98","7.492,96","7.512,97","7.466,76","","-0,09%"
"06.06.2017","7.491,77","7.509,47","7.517,90","7.479,90","","-0,29%"
"05.06.2017","7.513,81","7.523,21","7.527,69","7.501,49","","-0,23%"
"02.06.2017","7.530,84","7.453,46","7.537,07","7.453,46","","1,02%"
"01.06.2017","7.454,75","7.421,81","7.458,58","7.421,81","","0,34%"
"31.05.2017","7.429,64","7.398,02","7.448,83","7.392,60","","0,30%"
"30.05.2017","7.407,20","7.393,19","7.416,35","7.376,16","","-0,04%"
"29.05.2017","7.409,86","7.412,92","7.416,27","7.400,80","","-0,05%"
"26.05.2017","7.413,77","7.433,05","7.433,08","7.400,90","","-0,34%"
"25.05.2017","7.439,04","7.446,68","7.463,41","7.431,40","","0,24%"
"24.05.2017","7.421,27","7.419,38","7.444,48","7.411,63","","-0,22%"
"23.05.2017","7.437,99","7.432,74","7.449,92","7.409,14","","-0,02%"
"22.05.2017","7.439,43","7.409,03","7.446,56","7.396,29","","0,59%"
"19.05.2017","7.395,72","7.323,67","7.408,70","7.315,98","","0,83%"
"18.05.2017","7.335,16","7.378,23","7.378,23","7.305,15","","-0,68%"
"17.05.2017","7.385,08","7.414,66","7.424,80","7.377,38","","-0,39%"
"16.05.2017","7.414,36","7.364,86","7.422,64","7.361,74","","0,77%"
"15.05.2017","7.357,58","7.315,34","7.361,85","7.314,64","","0,47%"
"12.05.2017","7.323,16","7.283,59","7.326,28","7.273,54","","0,46%"
"11.05.2017","7.289,50","7.295,50","7.308,01","7.272,80","","-0,21%"
"10.05.2017","7.304,50","7.295,73","7.304,50","7.283,73","","0,18%"
"09.05.2017","7.291,25","7.309,35","7.311,15","7.274,68","","-0,34%"
"08.05.2017","7.316,36","7.313,79","7.347,64","7.305,44","","0,18%"
"05.05.2017","7.303,56","7.263,08","7.313,27","7.243,79","","0,73%"
"04.05.2017","7.250,99","7.202,45","7.267,90","7.191,76","","0,42%"
"03.05.2017","7.220,43","7.246,12","7.246,24","7.203,75","","-0,14%"
"02.05.2017","7.230,35","7.192,62","7.242,08","7.191,87","","0,42%"
"01.05.2017","7.200,08","7.187,49","7.205,57","7.179,69","","0,27%"
"28.04.2017","7.180,96","7.185,73","7.203,70","7.178,47","","-0,06%"
"27.04.2017","7.185,23","7.208,69","7.221,04","7.179,56","","-0,25%"
"26.04.2017","7.202,92","7.203,33","7.219,62","7.191,41","","0,13%"
"25.04.2017","7.193,88","7.161,36","7.202,04","7.160,11","","0,49%"
"24.04.2017","7.158,84","7.046,00","7.164,14","7.027,21","","2,41%"
"21.04.2017","6.990,12","6.992,87","7.012,19","6.985,68","","-0,15%"
"20.04.2017","7.000,83","6.964,53","7.007,50","6.964,53","","0,48%"
"19.04.2017","6.967,44","6.980,28","6.985,41","6.961,71","","-0,05%"
"18.04.2017","6.971,08","7.011,70","7.012,95","6.959,80","","-0,76%"
"17.04.2017","7.024,52","6.984,50","7.024,52","6.984,50","","0,61%"
"14.04.2017","6.982,19","6.977,98","6.982,19","6.973,21","","-0,11%"
"13.04.2017","6.990,16","7.029,56","7.032,61","6.982,59","","-0,34%"
"12.04.2017","7.013,69","7.008,19","7.035,19","6.995,62","","-0,08%"
"11.04.2017","7.019,20","6.995,77","7.020,90","6.982,17","","0,35%"
"10.04.2017","6.994,83","6.978,97","7.001,55","6.971,20","","0,11%"
"07.04.2017","6.987,17","6.988,39","6.999,07","6.967,06","","-0,01%"
"06.04.2017","6.988,02","7.005,98","7.007,72","6.944,52","","-0,19%"
"05.04.2017","7.001,15","7.010,88","7.024,60","6.991,27","","-0,05%"
"04.04.2017","7.004,45","7.007,85","7.008,87","6.982,92","","0,05%"
"03.04.2017","7.001,07","7.025,11","7.039,18","6.994,45","","-0,36%"
"31.03.2017","7.026,52","7.034,94","7.046,19","6.995,31","","-0,48%"
"30.03.2017","7.060,75","7.064,79","7.066,18","7.034,26","","0,07%"
"29.03.2017","7.056,03","7.039,31","7.069,22","7.037,24","","-0,27%"
"28.03.2017","7.074,97","7.010,56","7.074,97","7.010,00","","0,79%"
"27.03.2017","7.019,83","7.036,94","7.037,91","6.994,43","","0,05%"
"24.03.2017","7.016,62","6.997,53","7.027,13","6.997,53","","0,23%"
"23.03.2017","7.000,67","6.962,63","7.003,80","6.952,78","","0,49%"
"22.03.2017","6.966,88","7.021,83","7.021,83","6.928,54","","-0,78%"
"21.03.2017","7.021,65","7.016,42","7.065,05","7.010,29","","0,00%"
"20.03.2017","7.021,32","7.024,61","7.042,97","7.011,24","","0,00%"
"17.03.2017","7.021,64","7.018,71","7.033,49","6.999,94","","0,05%"
"16.03.2017","7.018,11","6.968,97","7.019,69","6.960,11","","1,64%"
"15.03.2017","6.904,93","6.874,57","6.973,14","6.865,36","","0,26%"
"14.03.2017","6.887,01","6.909,76","6.910,25","6.870,85","","-0,47%"
"13.03.2017","6.919,21","6.891,69","6.924,79","6.888,36","","0,47%"
"10.03.2017","6.886,98","6.825,05","6.902,83","6.824,86","","0,86%"
"09.03.2017","6.828,44","6.818,21","6.840,68","6.802,76","","0,08%"
"08.03.2017","6.823,14","6.848,16","6.852,12","6.818,65","","-0,43%"
"07.03.2017","6.852,59","6.859,91","6.873,37","6.837,94","","-0,26%"
"06.03.2017","6.870,22","6.889,99","6.895,41","6.855,09","","0,05%"
"03.03.2017","6.866,62","6.860,40","6.895,71","6.834,25","","-0,05%"
"02.03.2017","6.870,03","6.873,46","6.893,21","6.854,39","","-0,06%"
"01.03.2017","6.874,19","6.806,25","6.887,33","6.798,81","","0,43%"
"28.02.2017","6.845,08","6.819,84","6.853,83","6.807,12","","0,04%"
"27.02.2017","6.842,63","6.841,98","6.851,04","6.815,11","","-0,07%"
"24.02.2017","6.847,38","6.899,44","6.900,46","6.840,96","","-0,84%"
"23.02.2017","6.905,37","6.881,03","6.916,97","6.866,19","","0,45%"
"22.02.2017","6.874,59","6.867,15","6.892,47","6.861,04","","0,11%"
"21.02.2017","6.867,29","6.867,64","6.875,00","6.841,85","","-0,06%"
"20.02.2017","6.871,12","6.863,04","6.880,90","6.851,67","","0,05%"
"17.02.2017","6.867,96","6.886,13","6.886,76","6.847,77","","-0,27%"
"16.02.2017","6.886,61","6.859,37","6.890,98","6.859,31","","0,63%"
"15.02.2017","6.843,66","6.813,17","6.864,63","6.809,40","","0,62%"
"14.02.2017","6.801,19","6.842,50","6.850,44","6.795,74","","-0,57%"
"13.02.2017","6.839,97","6.811,92","6.849,94","6.805,30","","0,43%"
"10.02.2017","6.810,80","6.769,84","6.829,98","6.769,05","","0,47%"
"09.02.2017","6.778,78","6.782,31","6.786,64","6.753,55","","-0,12%"
"08.02.2017","6.786,66","6.749,73","6.786,69","6.743,73","","0,57%"
"07.02.2017","6.748,01","6.774,08","6.774,08","6.725,81","","-0,16%"
"06.02.2017","6.758,53","6.796,91","6.814,08","6.754,84","","-0,70%"
"03.02.2017","6.805,86","6.762,31","6.812,48","6.756,65","","0,34%"
"02.02.2017","6.782,94","6.780,74","6.801,61","6.763,22","","0,16%"
"01.02.2017","6.772,09","6.760,93","6.799,14","6.742,75","","0,09%"
"31.01.2017","6.765,85","6.759,77","6.789,34","6.729,05","","0,12%"
"30.01.2017","6.757,51","6.804,80","6.810,65","6.739,47","","-0,65%"
"27.01.2017","6.801,98","6.803,09","6.816,68","6.785,67","","0,07%"
"26.01.2017","6.797,30","6.815,84","6.852,82","6.788,28","","-0,14%"
"25.01.2017","6.806,58","6.733,29","6.818,02","6.731,14","","0,93%"
"24.01.2017","6.743,80","6.746,82","6.747,18","6.710,47","","0,28%"
"23.01.2017","6.725,19","6.734,25","6.750,42","6.703,61","","0,20%"
"20.01.2017","6.711,97","6.698,32","6.736,82","6.682,58","","0,48%"
"19.01.2017","6.680,18","6.685,72","6.710,70","6.674,87","","-0,82%"
"18.01.2017","6.735,50","6.739,41","6.740,56","6.684,41","","0,11%"
"17.01.2017","6.728,29","6.699,14","6.744,90","6.684,33","","0,33%"
"16.01.2017","6.706,11","6.743,05","6.753,88","6.698,88","","-0,62%"
"13.01.2017","6.748,05","6.698,84","6.764,63","6.688,53","","0,36%"
"12.01.2017","6.723,95","6.719,98","6.758,14","6.697,85","","1,05%"
"11.01.2017","6.653,78","6.676,92","6.746,98","6.653,78","","-0,60%"
"10.01.2017","6.694,24","6.686,28","6.698,90","6.663,41","","0,37%"
"09.01.2017","6.669,79","6.665,08","6.687,64","6.647,61","","-0,35%"
"06.01.2017","6.693,27","6.723,48","6.732,02","6.662,74","","-0,45%"
"05.01.2017","6.723,81","6.642,07","6.728,30","6.639,98","","1,31%"
"04.01.2017","6.636,82","6.559,76","6.646,62","6.559,39","","1,34%"
"03.01.2017","6.549,13","6.549,15","6.575,89","6.538,93","","-0,58%"
"02.01.2017","6.587,27","6.554,26","6.587,27","6.539,37","","0,27%"
"30.12.2016","6.569,66","6.541,86","6.584,60","6.533,31","","0,44%"
"29.12.2016","6.540,77","6.526,81","6.541,98","6.515,32","","0,42%"
"28.12.2016","6.513,26","6.524,11","6.536,03","6.505,59","","-0,13%"
"27.12.2016","6.521,45","6.520,92","6.528,25","6.513,90","","-0,05%"
"26.12.2016","6.524,67","6.526,80","6.532,06","6.524,53","","-0,10%"
"23.12.2016","6.530,93","6.524,71","6.534,20","6.516,44","","-0,03%"
"22.12.2016","6.532,87","6.529,26","6.539,63","6.517,49","","-0,01%"
"21.12.2016","6.533,75","6.531,04","6.546,17","6.521,50","","0,19%"
"20.12.2016","6.521,15","6.519,96","6.537,09","6.503,50","","-0,18%"
"19.12.2016","6.532,90","6.534,35","6.551,56","6.516,61","","0,32%"
"16.12.2016","6.512,24","6.505,19","6.544,61","6.503,17","","0,27%"
"15.12.2016","6.494,53","6.527,96","6.532,88","6.476,32","","-1,87%"
"14.12.2016","6.618,17","6.627,39","6.644,64","6.521,39","","-0,22%"
"13.12.2016","6.632,82","6.584,77","6.642,42","6.574,10","","0,98%"
"12.12.2016","6.568,49","6.555,86","6.588,19","6.554,19","","0,21%"
"09.12.2016","6.554,58","6.548,93","6.570,20","6.543,53","","0,20%"
"08.12.2016","6.541,34","6.530,37","6.588,24","6.530,30","","0,19%"
"07.12.2016","6.529,07","6.447,29","6.529,07","6.447,29","","1,19%"
"06.12.2016","6.452,41","6.416,60","6.453,36","6.412,96","","0,89%"
"05.12.2016","6.395,60","6.350,55","6.433,59","6.329,97","","0,42%"
"02.12.2016","6.368,97","6.379,90","6.387,07","6.333,57","","0,01%"
"01.12.2016","6.368,35","6.356,84","6.395,74","6.351,62","","0,12%"
"30.11.2016","6.360,41","6.375,55","6.399,47","6.342,83","","-0,06%"
"29.11.2016","6.364,01","6.365,91","6.382,02","6.334,21","","0,16%"
"28.11.2016","6.353,66","6.374,57","6.415,50","6.348,55","","-0,32%"
"25.11.2016","6.374,22","6.339,42","6.381,44","6.338,57","","0,50%"
"24.11.2016","6.342,27","6.319,28","6.346,96","6.313,12","","0,55%"
"23.11.2016","6.307,61","6.358,34","6.376,78","6.299,14","","-0,62%"
"22.11.2016","6.346,77","6.346,27","6.391,38","6.342,87","","0,06%"
"21.11.2016","6.343,05","6.293,80","6.355,05","6.285,66","","0,82%"
"18.11.2016","6.291,40","6.328,03","6.342,11","6.290,51","","-1,07%"
"17.11.2016","6.359,33","6.343,15","6.365,82","6.329,78","","0,54%"
"16.11.2016","6.325,11","6.346,28","6.379,27","6.320,18","","-0,28%"
"15.11.2016","6.342,78","6.336,71","6.375,46","6.322,30","","0,30%"
"14.11.2016","6.323,75","6.360,02","6.387,23","6.319,65","","-0,68%"
"11.11.2016","6.366,77","6.400,54","6.432,02","6.349,50","","-0,44%"
"10.11.2016","6.394,71","6.340,78","6.496,95","6.340,48","","0,56%"
"09.11.2016","6.358,99","6.409,56","6.441,08","6.296,42","","-0,93%"
"08.11.2016","6.418,91","6.404,92","6.426,71","6.392,15","","0,34%"
"07.11.2016","6.397,08","6.335,89","6.405,91","6.331,70","","0,58%"
"04.11.2016","6.360,27","6.415,71","6.415,98","6.341,56","","-0,78%"
"03.11.2016","6.410,37","6.412,57","6.435,84","6.409,94","","-0,18%"
"02.11.2016","6.421,86","6.474,12","6.474,12","6.408,59","","-0,62%"
"01.11.2016","6.462,05","6.469,36","6.495,42","6.455,91","","-0,02%"
"31.10.2016","6.463,02","6.488,59","6.494,81","6.446,00","","-0,02%"
"28.10.2016","6.464,04","6.459,56","6.495,97","6.434,02","","-0,10%"
"27.10.2016","6.470,53","6.481,43","6.489,82","6.450,44","","-0,27%"
"26.10.2016","6.488,26","6.500,81","6.506,81","6.469,45","","0,08%"
"25.10.2016","6.483,11","6.490,60","6.525,82","6.479,72","","-0,15%"
"24.10.2016","6.492,55","6.493,55","6.530,26","6.478,94","","0,02%"
"21.10.2016","6.491,46","6.519,38","6.520,31","6.481,04","","-0,42%"
"20.10.2016","6.519,09","6.526,37","6.537,03","6.506,47","","-0,14%"
"19.10.2016","6.528,36","6.500,00","6.535,26","6.494,86","","0,49%"
"18.10.2016","6.496,33","6.440,73","6.507,86","6.438,93","","1,03%"
"17.10.2016","6.430,12","6.446,97","6.457,68","6.425,89","","-0,42%"
"14.10.2016","6.457,20","6.429,27","6.486,05","6.416,47","","0,59%"
"13.10.2016","6.419,25","6.440,17","6.446,78","6.388,30","","-0,39%"
"12.10.2016","6.444,54","6.499,82","6.508,34","6.434,56","","-0,84%"
"11.10.2016","6.499,10","6.550,72","6.556,39","6.487,00","","-0,89%"
"10.10.2016","6.557,24","6.539,20","6.562,35","6.513,89","","0,33%"
"07.10.2016","6.535,49","6.554,36","6.556,84","6.505,99","","-0,38%"
"06.10.2016","6.560,39","6.590,27","6.607,51","6.549,42","","-0,38%"
"05.10.2016","6.585,14","6.597,85","6.614,72","6.576,17","","-0,14%"
"04.10.2016","6.594,14","6.595,48","6.624,34","6.575,27","","0,00%"
"03.10.2016","6.594,07","6.582,40","6.616,23","6.580,35","","0,06%"
"30.09.2016","6.590,37","6.611,97","6.612,52","6.498,12","","-0,30%"
"29.09.2016","6.610,42","6.594,12","6.645,37","6.593,76","","0,54%"
"28.09.2016","6.574,88","6.568,80","6.599,58","6.544,97","","0,25%"
"27.09.2016","6.558,48","6.563,51","6.597,71","6.527,88","","-0,16%"
"26.09.2016","6.569,21","6.628,95","6.633,20","6.553,04","","-0,87%"
"23.09.2016","6.627,18","6.660,39","6.660,39","6.616,96","","-0,72%"
"22.09.2016","6.675,26","6.595,15","6.694,86","6.594,97","","1,74%"
"21.09.2016","6.561,28","6.493,95","6.592,54","6.484,48","","1,09%"
"20.09.2016","6.490,72","6.478,06","6.511,96","6.478,06","","-0,01%"
"19.09.2016","6.491,29","6.421,95","6.496,36","6.421,73","","0,97%"
"16.09.2016","6.429,18","6.488,19","6.499,18","6.414,34","","-0,69%"
"15.09.2016","6.474,06","6.451,23","6.486,21","6.427,42","","0,32%"
"14.09.2016","6.453,49","6.449,76","6.478,90","6.441,06","","-0,26%"
"13.09.2016","6.470,40","6.547,35","6.550,12","6.449,61","","-0,84%"
"12.09.2016","6.524,91","6.576,11","6.576,11","6.483,27","","-0,97%"
"09.09.2016","6.588,95","6.678,33","6.686,19","6.584,05","","-1,57%"
"08.09.2016","6.694,11","6.689,19","6.723,57","6.667,61","","-0,07%"
"07.09.2016","6.699,07","6.686,15","6.711,88","6.679,31","","0,24%"
"06.09.2016","6.683,15","6.633,31","6.693,61","6.632,42","","0,77%"
"05.09.2016","6.632,23","6.623,49","6.655,56","6.621,70","","0,40%"
"02.09.2016","6.606,03","6.541,89","6.612,72","6.534,91","","0,94%"
"01.09.2016","6.544,38","6.516,93","6.558,34","6.514,16","","0,56%"
"31.08.2016","6.508,00","6.532,10","6.547,10","6.508,00","","-0,26%"
"30.08.2016","6.524,65","6.535,23","6.546,86","6.511,77","","0,02%"
"29.08.2016","6.523,45","6.525,22","6.544,20","6.503,97","","-0,81%"
"26.08.2016","6.576,46","6.570,43","6.612,13","6.512,29","","0,06%"
"25.08.2016","6.572,70","6.597,04","6.603,72","6.561,53","","-0,36%"
"24.08.2016","6.596,24","6.608,43","6.628,26","6.580,76","","-0,25%"
"23.08.2016","6.612,61","6.565,74","6.622,42","6.565,61","","0,56%"
"22.08.2016","6.575,93","6.557,08","6.584,64","6.541,08","","0,16%"
"19.08.2016","6.565,67","6.609,80","6.611,14","6.546,15","","-0,50%"
"18.08.2016","6.598,59","6.576,93","6.613,25","6.566,88","","0,43%"
"17.08.2016","6.570,45","6.594,42","6.607,13","6.552,63","","-0,11%"
"16.08.2016","6.577,83","6.596,70","6.625,49","6.576,33","","-0,37%"
"15.08.2016","6.602,41","6.578,91","6.605,30","6.575,76","","0,05%"
"12.08.2016","6.599,16","6.576,72","6.611,77","6.571,54","","0,17%"
"11.08.2016","6.588,16","6.556,03","6.588,16","6.533,72","","0,60%"
"10.08.2016","6.548,81","6.526,60","6.571,46","6.526,60","","0,28%"
"09.08.2016","6.530,52","6.461,92","6.534,52","6.452,57","","1,16%"
"08.08.2016","6.455,69","6.428,54","6.476,70","6.428,54","","0,60%"
"05.08.2016","6.416,98","6.411,11","6.438,50","6.398,45","","0,10%"
"04.08.2016","6.410,73","6.374,78","6.412,85","6.371,86","","0,61%"
"03.08.2016","6.371,60","6.417,87","6.417,87","6.359,71","","-0,94%"
"02.08.2016","6.432,15","6.459,53","6.462,18","6.411,52","","-0,65%"
"01.08.2016","6.474,44","6.480,94","6.521,15","6.466,02","","-0,41%"
"29.07.2016","6.501,00","6.388,53","6.504,15","6.387,33","","1,81%"
"28.07.2016","6.385,23","6.433,20","6.445,79","6.377,45","","-0,09%"
"27.07.2016","6.390,70","6.386,08","6.425,02","6.361,75","","0,27%"
"26.07.2016","6.373,76","6.355,87","6.392,66","6.344,79","","0,24%"
"25.07.2016","6.358,59","6.367,09","6.391,83","6.348,98","","-0,01%"
"22.07.2016","6.359,02","6.393,30","6.393,30","6.352,53","","-0,44%"
"21.07.2016","6.387,39","6.383,42","6.401,24","6.375,75","","0,20%"
"20.07.2016","6.374,47","6.334,02","6.376,06","6.324,31","","0,58%"
"19.07.2016","6.337,51","6.374,98","6.378,58","6.328,09","","-0,54%"
"18.07.2016","6.371,82","6.363,65","6.392,27","6.354,37","","0,14%"
"15.07.2016","6.363,15","6.387,55","6.409,86","6.353,13","","-0,26%"
"14.07.2016","6.379,51","6.336,97","6.397,78","6.334,26","","0,53%"
"13.07.2016","6.345,61","6.317,84","6.362,98","6.316,57","","0,54%"
"12.07.2016","6.311,28","6.249,38","6.333,04","6.248,77","","1,15%"
"11.07.2016","6.239,30","6.153,51","6.243,76","6.153,51","","1,59%"
"08.07.2016","6.141,59","6.107,49","6.152,03","6.081,15","","0,49%"
"07.07.2016","6.111,49","6.082,74","6.146,15","6.077,35","","0,58%"
"06.07.2016","6.076,49","6.142,63","6.143,12","6.046,69","","-1,52%"
"05.07.2016","6.170,19","6.242,98","6.243,60","6.154,57","","-1,25%"
"04.07.2016","6.248,38","6.236,63","6.273,05","6.234,11","","0,10%"
"01.07.2016","6.242,30","6.195,09","6.252,36","6.186,59","","0,76%"
"30.06.2016","6.195,44","6.153,12","6.195,44","6.111,42","","0,88%"
"29.06.2016","6.141,25","5.989,70","6.141,25","5.984,87","","2,97%"
"28.06.2016","5.964,35","5.866,75","6.004,78","5.847,13","","1,71%"
"27.06.2016","5.864,22","6.006,91","6.028,42","5.853,18","","-2,97%"
"24.06.2016","6.043,47","6.466,91","6.472,35","6.002,84","","-6,75%"
"23.06.2016","6.481,07","6.403,26","6.523,06","6.401,30","","1,54%"
"22.06.2016","6.382,49","6.359,11","6.412,06","6.352,38","","0,13%"
"21.06.2016","6.374,06","6.345,27","6.397,59","6.341,63","","0,32%"
"20.06.2016","6.353,47","6.196,35","6.358,73","6.196,22","","3,45%"
"17.06.2016","6.141,83","6.093,78","6.161,29","6.084,19","","1,68%"
"16.06.2016","6.040,15","6.120,95","6.127,41","6.000,25","","-1,30%"
"15.06.2016","6.119,59","6.065,80","6.140,74","6.060,48","","0,76%"
"14.06.2016","6.073,47","6.184,18","6.187,45","6.067,82","","-2,04%"
"13.06.2016","6.199,82","6.278,26","6.278,90","6.181,87","","-1,76%"
"10.06.2016","6.311,20","6.422,15","6.422,15","6.286,43","","-2,01%"
"09.06.2016","6.440,50","6.512,01","6.515,14","6.431,75","","-1,21%"
"08.06.2016","6.519,57","6.505,76","6.530,84","6.499,80","","0,25%"
"07.06.2016","6.503,04","6.444,80","6.512,08","6.439,07","","0,97%"
"06.06.2016","6.440,84","6.408,29","6.451,75","6.383,20","","0,46%"
"03.06.2016","6.411,57","6.333,44","6.424,42","6.330,62","","1,14%"
"02.06.2016","6.339,51","6.353,11","6.356,97","6.324,10","","-0,30%"
"01.06.2016","6.358,65","6.374,83","6.377,51","6.341,09","","-0,44%"
"31.05.2016","6.386,67","6.404,68","6.429,89","6.379,30","","-0,22%"
"30.05.2016","6.400,77","6.385,24","6.403,65","6.371,63","","0,12%"
"27.05.2016","6.393,11","6.401,65","6.408,88","6.378,58","","-0,04%"
"26.05.2016","6.395,51","6.378,37","6.410,11","6.373,19","","0,54%"
"25.05.2016","6.361,20","6.294,81","6.371,69","6.294,81","","1,17%"
"24.05.2016","6.287,90","6.238,95","6.297,86","6.202,40","","0,83%"
"23.05.2016","6.236,04","6.253,33","6.269,62","6.229,25","","-0,26%"
"20.05.2016","6.252,44","6.195,87","6.263,14","6.192,82","","0,92%"
"19.05.2016","6.195,56","6.262,92","6.269,11","6.190,79","","-1,41%"
"18.05.2016","6.283,85","6.276,58","6.293,14","6.232,39","","-0,09%"
"17.05.2016","6.289,46","6.269,46","6.329,78","6.267,79","","0,40%"
"16.05.2016","6.264,31","6.237,14","6.266,67","6.228,79","","0,49%"
"13.05.2016","6.233,85","6.272,29","6.273,48","6.204,71","","-0,83%"
"12.05.2016","6.286,31","6.297,77","6.328,39","6.263,22","","-0,40%"
"11.05.2016","6.311,53","6.311,36","6.326,18","6.275,69","","0,08%"
"10.05.2016","6.306,74","6.238,52","6.314,73","6.229,66","","1,11%"
"09.05.2016","6.237,21","6.235,99","6.290,81","6.231,35","","-0,16%"
"06.05.2016","6.247,07","6.259,09","6.262,10","6.205,28","","-0,12%"
"05.05.2016","6.254,81","6.273,41","6.288,53","6.250,02","","-0,28%"
"04.05.2016","6.272,62","6.341,91","6.343,03","6.263,09","","-1,27%"
"03.05.2016","6.353,58","6.432,02","6.459,97","6.342,65","","-1,16%"
"02.05.2016","6.428,12","6.451,93","6.453,35","6.396,97","","-0,37%"
"29.04.2016","6.452,01","6.482,93","6.510,14","6.440,95","","-0,20%"
"28.04.2016","6.464,73","6.472,10","6.511,61","6.420,86","","0,15%"
"27.04.2016","6.454,93","6.462,43","6.469,50","6.431,26","","-0,14%"
"26.04.2016","6.464,30","6.441,04","6.482,29","6.426,33","","0,17%"
"25.04.2016","6.453,03","6.469,02","6.470,69","6.434,72","","-0,23%"
"22.04.2016","6.468,22","6.491,84","6.514,40","6.453,00","","-0,65%"
"21.04.2016","6.510,42","6.495,68","6.535,20","6.493,16","","0,06%"
"20.04.2016","6.506,78","6.499,80","6.509,88","6.478,05","","0,18%"
"19.04.2016","6.494,88","6.361,25","6.499,17","6.361,09","","2,16%"
"18.04.2016","6.357,73","6.367,34","6.367,34","6.273,59","","-0,21%"
"15.04.2016","6.371,28","6.362,82","6.385,43","6.351,06","","-0,09%"
"14.04.2016","6.376,72","6.326,29","6.390,57","6.325,67","","0,88%"
"13.04.2016","6.320,95","6.234,60","6.325,18","6.234,60","","1,78%"
"12.04.2016","6.210,35","6.170,25","6.229,45","6.168,27","","0,44%"
"11.04.2016","6.183,34","6.149,27","6.199,30","6.121,57","","0,48%"
"08.04.2016","6.153,79","6.052,92","6.158,30","6.038,73","","1,22%"
"07.04.2016","6.079,69","6.092,64","6.132,31","6.065,72","","0,07%"
"06.04.2016","6.075,41","6.039,56","6.102,26","6.025,35","","0,68%"
"05.04.2016","6.034,38","6.131,29","6.133,12","6.021,32","","-1,86%"
"04.04.2016","6.149,02","6.133,68","6.170,53","6.120,62","","0,58%"
"01.04.2016","6.113,80","6.232,91","6.233,50","6.090,98","","-2,09%"
"31.03.2016","6.244,53","6.260,41","6.279,48","6.216,26","","-0,47%"
"30.03.2016","6.274,01","6.203,55","6.286,22","6.190,99","","1,94%"
"29.03.2016","6.154,59","6.140,34","6.208,61","6.127,35","","0,13%"
"28.03.2016","6.146,39","6.109,48","6.146,39","6.101,72","","0,53%"
"25.03.2016","6.114,12","6.101,45","6.114,12","6.095,86","","0,23%"
"24.03.2016","6.100,21","6.182,74","6.182,74","6.091,36","","-1,31%"
"23.03.2016","6.181,37","6.224,28","6.229,07","6.166,74","","-0,84%"
"22.03.2016","6.233,57","6.213,58","6.248,89","6.172,30","","0,07%"
"21.03.2016","6.229,24","6.241,38","6.259,85","6.205,98","","-0,40%"
"18.03.2016","6.254,41","6.269,53","6.274,49","6.237,63","","-0,23%"
"17.03.2016","6.269,04","6.194,98","6.275,61","6.194,98","","2,35%"
"16.03.2016","6.125,35","6.148,20","6.207,57","6.100,53","","-0,48%"
"15.03.2016","6.154,63","6.206,39","6.206,87","6.137,98","","-0,92%"
"14.03.2016","6.211,79","6.187,33","6.232,32","6.187,31","","0,39%"
"11.03.2016","6.187,62","6.073,86","6.197,87","6.052,85","","2,03%"
"10.03.2016","6.064,49","6.066,38","6.139,12","6.064,18","","-0,16%"
"09.03.2016","6.074,51","6.058,85","6.087,89","6.027,82","","0,03%"
"08.03.2016","6.072,50","6.114,01","6.116,46","6.048,98","","-0,44%"
"07.03.2016","6.099,64","6.112,71","6.118,15","6.051,13","","-0,19%"
"04.03.2016","6.111,22","6.050,04","6.121,06","6.044,22","","1,04%"
"03.03.2016","6.048,33","5.999,22","6.060,36","5.998,64","","1,11%"
"02.03.2016","5.982,12","5.904,12","6.002,37","5.904,12","","1,38%"
"01.03.2016","5.900,69","5.850,74","5.907,79","5.838,02","","0,99%"
"29.02.2016","5.842,78","5.840,09","5.862,84","5.787,64","","0,05%"
"26.02.2016","5.839,88","5.821,95","5.898,05","5.817,13","","0,31%"
"25.02.2016","5.822,02","5.729,17","5.832,23","5.724,54","","1,49%"
"24.02.2016","5.736,49","5.820,35","5.820,57","5.707,34","","-1,60%"
"23.02.2016","5.829,69","5.883,31","5.903,44","5.819,77","","-0,91%"
"22.02.2016","5.883,15","5.832,65","5.891,19","5.821,13","","1,06%"
"19.02.2016","5.821,22","5.872,79","5.872,95","5.794,31","","-0,84%"
"18.02.2016","5.870,71","5.834,79","5.907,58","5.834,18","","0,65%"
"17.02.2016","5.832,79","5.742,65","5.840,42","5.717,22","","1,50%"
"16.02.2016","5.746,33","5.742,18","5.789,85","5.720,04","","0,15%"
"15.02.2016","5.737,53","5.575,18","5.768,83","5.573,64","","2,91%"
"12.02.2016","5.575,23","5.565,81","5.579,32","5.492,14","","0,07%"
"11.02.2016","5.571,38","5.669,54","5.689,53","5.563,68","","-1,11%"
"10.02.2016","5.634,05","5.638,75","5.682,42","5.586,62","","-0,31%"
"09.02.2016","5.651,59","5.749,69","5.749,69","5.611,21","","-1,47%"
"08.02.2016","5.735,72","5.844,40","5.871,71","5.735,72","","-1,87%"
"05.02.2016","5.844,75","5.917,10","5.919,91","5.837,77","","-1,12%"
"04.02.2016","5.910,74","5.865,55","5.933,26","5.853,15","","1,03%"
"03.02.2016","5.850,58","5.884,87","5.885,05","5.798,74","","-0,40%"
"02.02.2016","5.873,79","5.971,28","5.975,10","5.861,03","","-1,56%"
"01.02.2016","5.966,69","5.928,49","5.979,26","5.927,84","","0,73%"
"29.01.2016","5.923,43","5.855,66","5.934,53","5.834,14","","1,14%"
"28.01.2016","5.856,78","5.890,84","5.897,34","5.827,86","","-0,48%"
"27.01.2016","5.884,78","5.833,87","5.895,84","5.829,89","","0,95%"
"26.01.2016","5.829,32","5.815,80","5.835,82","5.721,04","","0,28%"
"25.01.2016","5.812,81","5.810,50","5.854,97","5.799,42","","-0,20%"
"22.01.2016","5.824,28","5.653,16","5.840,99","5.650,79","","3,37%"
"21.01.2016","5.634,32","5.616,80","5.661,22","5.576,29","","0,32%"
"20.01.2016","5.616,22","5.791,14","5.794,26","5.588,81","","-2,97%"
"19.01.2016","5.787,97","5.726,72","5.813,79","5.714,03","","1,07%"
"18.01.2016","5.726,49","5.773,51","5.785,70","5.725,42","","-1,11%"
"15.01.2016","5.790,82","5.878,07","5.903,30","5.773,32","","-1,31%"
"14.01.2016","5.867,73","5.966,69","5.966,69","5.826,84","","-1,56%"
"13.01.2016","5.960,47","5.915,12","6.011,55","5.915,01","","0,95%"
"12.01.2016","5.904,29","5.927,76","5.951,57","5.885,69","","-0,43%"
"11.01.2016","5.930,05","5.979,59","5.988,16","5.924,40","","-0,65%"
"08.01.2016","5.968,89","6.040,37","6.042,97","5.962,38","","-0,72%"
"07.01.2016","6.012,27","6.123,19","6.125,70","5.970,42","","-1,68%"
"06.01.2016","6.115,15","6.194,95","6.200,49","6.098,00","","-1,11%"
"05.01.2016","6.183,60","6.211,05","6.237,67","6.165,85","","-0,31%"
"04.01.2016","6.202,86","6.362,89","6.363,30","6.177,17","","-2,48%"
"31.12.2015","6.360,37","6.405,19","6.410,95","6.359,81","","-0,68%"
"30.12.2015","6.403,68","6.428,73","6.444,88","6.400,39","","-0,30%"
"29.12.2015","6.422,94","6.373,06","6.436,79","6.372,54","","0,74%"
"28.12.2015","6.376,04","6.389,60","6.395,94","6.372,11","","-0,09%"
"25.12.2015","6.381,54","6.392,00","6.394,30","6.381,24","","-0,10%"
"24.12.2015","6.388,02","6.359,09","6.390,74","6.359,09","","0,60%"
"23.12.2015","6.349,90","6.263,58","6.363,51","6.261,62","","1,34%"
"22.12.2015","6.265,78","6.238,87","6.274,79","6.236,50","","0,42%"
"21.12.2015","6.239,35","6.260,97","6.291,54","6.236,26","","-0,28%"
"18.12.2015","6.256,78","6.301,06","6.325,76","6.248,31","","-0,67%"
"17.12.2015","6.298,88","6.270,23","6.368,41","6.265,49","","0,20%"
"16.12.2015","6.286,10","6.222,52","6.315,16","6.222,25","","1,16%"
"15.12.2015","6.213,74","6.171,62","6.235,31","6.152,33","","0,61%"
"14.12.2015","6.175,79","6.251,85","6.254,31","6.163,50","","-1,41%"
"11.12.2015","6.263,93","6.324,08","6.330,76","6.257,53","","-1,02%"
"10.12.2015","6.328,79","6.372,87","6.372,87","6.323,67","","-0,39%"
"09.12.2015","6.353,79","6.346,12","6.389,71","6.311,01","","0,22%"
"08.12.2015","6.340,00","6.421,85","6.424,68","6.331,48","","-1,42%"
"07.12.2015","6.431,32","6.436,26","6.474,88","6.422,67","","-0,11%"
"04.12.2015","6.438,65","6.503,70","6.503,70","6.419,30","","-0,43%"
"03.12.2015","6.466,24","6.510,31","6.535,68","6.466,24","","-0,50%"
"02.12.2015","6.498,87","6.530,61","6.545,18","6.489,86","","-0,39%"
"01.12.2015","6.524,18","6.479,85","6.537,98","6.479,74","","0,76%"
"30.11.2015","6.475,02","6.482,83","6.483,89","6.445,36","","-0,17%"
"27.11.2015","6.485,95","6.520,22","6.523,42","6.480,68","","-0,60%"
"26.11.2015","6.525,04","6.482,28","6.525,37","6.479,98","","0,88%"
"25.11.2015","6.468,29","6.453,21","6.488,88","6.441,09","","0,33%"
"24.11.2015","6.447,09","6.480,50","6.488,96","6.419,32","","-0,48%"
"23.11.2015","6.478,28","6.505,66","6.507,05","6.462,01","","-0,62%"
"20.11.2015","6.518,86","6.527,16","6.543,54","6.506,71","","-0,20%"
"19.11.2015","6.531,63","6.448,94","6.542,46","6.448,46","","1,51%"
"18.11.2015","6.434,36","6.436,74","6.448,74","6.416,92","","-0,07%"
"17.11.2015","6.438,99","6.338,75","6.441,64","6.338,75","","1,47%"
"16.11.2015","6.345,66","6.363,56","6.363,56","6.317,19","","-0,16%"
"13.11.2015","6.355,63","6.431,34","6.432,28","6.340,94","","-0,93%"
"12.11.2015","6.415,30","6.481,48","6.495,23","6.415,30","","-0,88%"
"11.11.2015","6.472,40","6.433,59","6.494,87","6.433,59","","0,71%"
"10.11.2015","6.426,64","6.454,86","6.462,64","6.412,97","","-0,37%"
"09.11.2015","6.450,45","6.470,59","6.506,88","6.450,45","","-0,43%"
"06.11.2015","6.478,29","6.532,19","6.542,17","6.454,47","","-0,84%"
"05.11.2015","6.533,37","6.547,93","6.570,05","6.525,57","","-0,21%"
"04.11.2015","6.547,38","6.557,81","6.608,12","6.538,31","","-0,04%"
"03.11.2015","6.549,93","6.546,31","6.567,65","6.522,57","","-0,06%"
"02.11.2015","6.554,15","6.576,92","6.576,92","6.515,20","","-0,37%"
"30.10.2015","6.578,75","6.554,77","6.583,71","6.548,27","","0,52%"
"29.10.2015","6.544,70","6.559,00","6.569,31","6.526,86","","-0,93%"
"28.10.2015","6.606,34","6.543,86","6.617,07","6.537,31","","0,82%"
"27.10.2015","6.552,91","6.608,29","6.611,94","6.543,05","","-0,89%"
"26.10.2015","6.611,43","6.601,49","6.635,62","6.600,53","","0,02%"
"23.10.2015","6.609,92","6.533,01","6.654,90","6.528,40","","0,95%"
"22.10.2015","6.547,93","6.527,32","6.552,11","6.507,17","","0,17%"
"21.10.2015","6.536,61","6.520,99","6.563,06","6.517,94","","0,21%"
"20.10.2015","6.522,67","6.528,68","6.547,76","6.512,13","","-0,11%"
"19.10.2015","6.530,11","6.556,48","6.571,52","6.526,38","","-0,53%"
"16.10.2015","6.565,06","6.529,22","6.575,67","6.528,56","","0,49%"
"15.10.2015","6.533,32","6.477,13","6.551,26","6.472,97","","1,21%"
"14.10.2015","6.455,31","6.487,75","6.487,75","6.430,29","","-0,50%"
"13.10.2015","6.487,94","6.540,70","6.541,23","6.461,09","","-0,95%"
"12.10.2015","6.549,92","6.552,23","6.575,05","6.537,97","","-0,02%"
"09.10.2015","6.551,45","6.476,10","6.580,58","6.476,10","","1,37%"
"08.10.2015","6.463,01","6.442,82","6.484,08","6.429,23","","0,27%"
"07.10.2015","6.445,32","6.406,20","6.486,66","6.403,10","","0,70%"
"06.10.2015","6.400,63","6.328,07","6.411,42","6.327,29","","1,04%"
"05.10.2015","6.334,60","6.191,92","6.338,73","6.191,92","","2,02%"
"02.10.2015","6.209,39","6.148,92","6.209,70","6.131,65","","0,84%"
"01.10.2015","6.157,90","6.119,41","6.209,93","6.118,92","","0,66%"
"30.09.2015","6.117,72","5.996,39","6.121,99","5.993,54","","2,18%"
"29.09.2015","5.986,95","6.086,25","6.086,85","5.962,60","","-1,61%"
"28.09.2015","6.084,75","6.173,36","6.187,78","6.084,75","","-1,33%"
"25.09.2015","6.166,61","6.056,76","6.182,06","6.048,10","","1,24%"
"24.09.2015","6.091,23","6.147,50","6.148,67","6.066,67","","-0,90%"
"23.09.2015","6.146,26","6.160,94","6.192,18","6.138,20","","-0,29%"
"22.09.2015","6.164,07","6.315,93","6.327,06","6.161,08","","-2,40%"
"21.09.2015","6.315,75","6.330,61","6.354,05","6.314,05","","-0,81%"
"18.09.2015","6.367,38","6.457,62","6.459,74","6.329,83","","-0,99%"
"17.09.2015","6.430,98","6.428,37","6.482,38","6.423,14","","0,20%"
"16.09.2015","6.417,99","6.323,31","6.419,00","6.321,94","","1,69%"
"15.09.2015","6.311,35","6.306,88","6.329,14","6.281,15","","0,26%"
"14.09.2015","6.294,73","6.348,25","6.370,59","6.293,29","","-0,42%"
"11.09.2015","6.321,01","6.353,50","6.368,63","6.319,31","","-0,38%"
"10.09.2015","6.345,23","6.415,70","6.416,41","6.326,96","","-1,08%"
"09.09.2015","6.414,48","6.290,54","6.459,39","6.290,22","","2,13%"
"08.09.2015","6.280,79","6.233,25","6.301,59","6.229,25","","0,79%"
"07.09.2015","6.231,86","6.203,27","6.256,41","6.190,83","","0,45%"
"04.09.2015","6.204,20","6.341,32","6.341,32","6.198,69","","-1,91%"
"03.09.2015","6.324,71","6.279,81","6.351,28","6.268,62","","0,89%"
"02.09.2015","6.269,14","6.273,79","6.303,97","6.255,96","","-0,27%"
"01.09.2015","6.285,99","6.444,94","6.446,88","6.263,31","","-2,40%"
"31.08.2015","6.440,36","6.471,63","6.476,81","6.418,26","","-0,64%"
"28.08.2015","6.481,58","6.435,72","6.495,62","6.435,72","","0,95%"
"27.08.2015","6.420,32","6.300,93","6.441,12","6.299,55","","1,63%"
"26.08.2015","6.317,56","6.385,15","6.403,27","6.284,23","","-0,30%"
"25.08.2015","6.336,32","6.271,30","6.382,45","6.210,53","","0,97%"
"24.08.2015","6.275,27","6.502,83","6.502,83","6.204,01","","-3,39%"
"21.08.2015","6.495,51","6.642,67","6.642,67","6.495,51","","-2,16%"
"20.08.2015","6.638,81","6.720,84","6.729,92","6.638,81","","-0,96%"
"19.08.2015","6.703,27","6.790,89","6.803,62","6.700,69","","-1,33%"
"18.08.2015","6.793,40","6.812,36","6.821,63","6.790,85","","-0,28%"
"17.08.2015","6.812,21","6.817,55","6.848,73","6.786,66","","-0,04%"
"14.08.2015","6.815,22","6.836,85","6.850,01","6.812,56","","-0,19%"
"13.08.2015","6.828,19","6.797,61","6.868,94","6.794,68","","0,14%"
"12.08.2015","6.818,82","6.886,56","6.888,29","6.789,96","","-1,08%"
"11.08.2015","6.893,55","6.984,46","6.991,38","6.872,99","","-0,95%"
"10.08.2015","6.960,00","6.898,21","6.983,44","6.890,20","","0,84%"
"07.08.2015","6.901,69","6.921,24","6.931,90","6.884,72","","-0,33%"
"06.08.2015","6.924,20","6.958,03","6.969,03","6.923,42","","-0,19%"
"05.08.2015","6.937,61","6.898,77","6.963,12","6.889,46","","0,08%"
"04.08.2015","6.932,02","6.918,52","6.938,63","6.899,07","","-0,02%"
"03.08.2015","6.933,09","6.914,99","6.935,98","6.904,94","","-0,18%"
"31.07.2015","6.945,38","6.883,56","6.955,06","6.883,56","","1,09%"
"30.07.2015","6.870,66","6.869,53","6.892,50","6.841,81","","-0,17%"
"29.07.2015","6.882,34","6.848,44","6.892,87","6.836,18","","0,85%"
"28.07.2015","6.824,25","6.791,67","6.840,64","6.777,44","","0,15%"
"27.07.2015","6.813,78","6.856,38","6.874,79","6.802,18","","-0,76%"
"24.07.2015","6.866,11","6.924,95","6.928,22","6.864,18","","-0,89%"
"23.07.2015","6.927,52","6.919,04","6.966,23","6.915,12","","0,26%"
"22.07.2015","6.909,81","6.978,76","6.979,97","6.901,15","","-1,16%"
"21.07.2015","6.990,83","6.985,10","6.999,29","6.972,92","","0,04%"
"20.07.2015","6.987,84","6.969,94","7.007,44","6.961,75","","0,08%"
"17.07.2015","6.982,21","6.996,72","7.013,79","6.971,59","","-0,29%"
"16.07.2015","7.002,31","6.952,42","7.011,48","6.945,99","","0,78%"
"15.07.2015","6.948,08","6.963,97","6.979,39","6.938,69","","-0,03%"
"14.07.2015","6.950,13","6.900,54","6.959,17","6.900,54","","0,79%"
"13.07.2015","6.895,48","6.860,03","6.933,16","6.860,03","","0,59%"
"10.07.2015","6.855,01","6.732,62","6.867,84","6.730,37","","1,89%"
"09.07.2015","6.727,59","6.644,76","6.748,17","6.601,16","","1,16%"
"08.07.2015","6.650,28","6.670,76","6.670,76","6.611,45","","-0,14%"
"07.07.2015","6.659,66","6.760,40","6.774,40","6.655,08","","-1,43%"
"06.07.2015","6.756,59","6.816,93","6.823,08","6.732,38","","-1,50%"
"03.07.2015","6.859,69","6.883,26","6.885,42","6.842,76","","-0,37%"
"02.07.2015","6.884,90","6.862,74","6.903,38","6.862,74","","0,07%"
"01.07.2015","6.880,14","6.834,97","6.919,98","6.829,37","","0,64%"
"30.06.2015","6.836,30","6.896,57","6.914,28","6.831,89","","-0,67%"
"29.06.2015","6.882,49","7.014,80","7.015,37","6.847,95","","-2,28%"
"26.06.2015","7.043,33","7.087,25","7.087,25","7.040,93","","-0,57%"
"25.06.2015","7.084,05","7.098,85","7.120,32","7.069,99","","-0,14%"
"24.06.2015","7.094,18","7.123,36","7.146,28","7.088,76","","-0,31%"
"23.06.2015","7.116,41","7.110,81","7.147,30","7.098,56","","-0,11%"
"22.06.2015","7.124,23","6.990,90","7.125,81","6.990,59","","2,03%"
"19.06.2015","6.982,17","6.984,31","7.017,54","6.976,29","","-0,06%"
"18.06.2015","6.986,34","6.963,93","6.991,48","6.922,20","","1,15%"
"17.06.2015","6.907,09","6.949,28","6.972,13","6.907,09","","-0,48%"
"16.06.2015","6.940,50","6.939,72","6.948,57","6.888,65","","0,11%"
"15.06.2015","6.932,77","6.984,25","6.992,57","6.917,91","","-1,11%"
"12.06.2015","7.010,60","7.041,46","7.048,98","6.972,06","","-0,29%"
"11.06.2015","7.031,00","7.022,56","7.061,27","7.017,28","","0,11%"
"10.06.2015","7.023,19","6.917,96","7.042,26","6.912,96","","1,78%"
"09.06.2015","6.900,70","6.938,73","6.958,33","6.868,44","","-0,12%"
"08.06.2015","6.909,08","6.933,73","6.956,89","6.905,41","","-0,20%"
"05.06.2015","6.922,83","7.030,33","7.035,36","6.900,25","","-1,85%"
"04.06.2015","7.053,37","7.101,91","7.102,92","7.026,61","","-0,72%"
"03.06.2015","7.104,50","7.058,55","7.118,93","7.043,35","","0,69%"
"02.06.2015","7.055,96","7.010,68","7.081,74","6.975,71","","0,69%"
"01.06.2015","7.007,54","7.024,11","7.060,88","6.993,86","","-0,38%"
"29.05.2015","7.034,04","7.110,37","7.126,76","7.028,12","","-0,74%"
"28.05.2015","7.086,67","7.112,47","7.126,98","7.056,16","","-0,09%"
"27.05.2015","7.093,10","7.053,30","7.105,79","7.042,25","","0,44%"
"26.05.2015","7.061,78","7.154,56","7.154,56","7.048,88","","-1,57%"
"25.05.2015","7.174,28","7.164,92","7.182,39","7.154,44","","0,04%"
"22.05.2015","7.171,19","7.217,34","7.246,61","7.158,77","","-0,64%"
"21.05.2015","7.217,28","7.180,62","7.227,10","7.180,62","","0,59%"
"20.05.2015","7.175,05","7.183,49","7.196,64","7.152,31","","0,10%"
"19.05.2015","7.167,76","7.195,78","7.210,92","7.159,88","","-0,55%"
"18.05.2015","7.207,30","7.218,59","7.228,01","7.179,40","","-0,17%"
"15.05.2015","7.219,63","7.210,09","7.237,48","7.180,26","","0,36%"
"14.05.2015","7.193,74","7.158,22","7.203,01","7.151,71","","0,40%"
"13.05.2015","7.165,12","7.105,09","7.185,49","7.094,39","","0,75%"
"12.05.2015","7.111,55","7.120,12","7.140,35","7.086,81","","-0,14%"
"11.05.2015","7.121,60","7.132,55","7.149,58","7.102,02","","0,01%"
"08.05.2015","7.120,95","7.019,75","7.136,13","7.014,48","","1,65%"
"07.05.2015","7.005,05","7.043,14","7.047,84","6.981,23","","-0,90%"
"06.05.2015","7.068,54","7.026,01","7.079,93","7.014,75","","0,49%"
"05.05.2015","7.033,91","7.080,61","7.096,89","7.029,12","","-0,66%"
"04.05.2015","7.080,61","7.060,83","7.098,44","7.049,96","","0,12%"
"01.05.2015","7.072,11","7.090,00","7.102,96","7.050,79","","-0,22%"
"30.04.2015","7.087,92","7.120,92","7.128,29","7.068,89","","-0,86%"
"29.04.2015","7.149,74","7.179,81","7.192,07","7.121,50","","-0,48%"
"28.04.2015","7.184,24","7.191,72","7.201,37","7.150,16","","-0,06%"
"27.04.2015","7.188,86","7.138,69","7.207,49","7.100,54","","0,79%"
"24.04.2015","7.132,78","7.082,58","7.147,13","7.074,65","","0,77%"
"23.04.2015","7.078,45","7.050,83","7.095,35","7.010,84","","0,45%"
"22.04.2015","7.047,05","7.046,68","7.093,55","7.023,85","","-0,02%"
"21.04.2015","7.048,76","7.012,81","7.064,37","7.006,31","","0,56%"
"20.04.2015","7.009,32","6.994,60","7.033,63","6.987,65","","0,20%"
"17.04.2015","6.995,65","7.069,64","7.089,02","6.990,00","","-0,76%"
"16.04.2015","7.049,31","7.053,92","7.097,46","7.041,63","","0,49%"
"15.04.2015","7.015,24","7.000,79","7.064,79","6.986,27","","-0,16%"
"14.04.2015","7.026,36","6.973,19","7.026,36","6.954,64","","0,83%"
"13.04.2015","6.968,62","6.989,19","6.991,43","6.939,67","","-0,35%"
"10.04.2015","6.993,00","6.965,40","6.993,00","6.946,37","","0,32%"
"09.04.2015","6.970,35","6.956,78","6.998,11","6.943,37","","0,13%"
"08.04.2015","6.961,31","6.957,47","7.014,33","6.943,44","","-0,08%"
"07.04.2015","6.967,02","6.915,62","6.979,79","6.915,62","","0,27%"
"06.04.2015","6.948,00","6.922,86","6.950,11","6.895,29","","1,00%"
"03.04.2015","6.879,49","6.866,24","6.883,63","6.865,32","","0,12%"
"02.04.2015","6.871,09","6.803,73","6.880,85","6.802,73","","1,05%"
"01.04.2015","6.799,82","6.782,93","6.815,46","6.763,35","","0,17%"
"31.03.2015","6.788,60","6.862,75","6.884,80","6.769,99","","-1,04%"
"30.03.2015","6.860,11","6.851,46","6.877,43","6.826,45","","0,06%"
"27.03.2015","6.856,16","6.855,75","6.883,13","6.826,13","","-0,17%"
"26.03.2015","6.867,94","6.938,95","6.944,26","6.834,18","","-1,21%"
"25.03.2015","6.952,25","6.963,15","6.990,52","6.937,39","","-0,13%"
"24.03.2015","6.961,31","6.971,06","7.004,15","6.942,83","","0,08%"
"23.03.2015","6.955,57","6.923,85","6.975,09","6.886,61","","0,72%"
"20.03.2015","6.905,63","6.790,18","6.938,04","6.781,27","","1,97%"
"19.03.2015","6.772,54","6.842,61","6.888,67","6.762,37","","0,29%"
"18.03.2015","6.753,23","6.699,60","6.905,83","6.698,80","","0,73%"
"17.03.2015","6.704,23","6.705,61","6.738,81","6.685,03","","-0,05%"
"16.03.2015","6.707,73","6.634,69","6.723,29","6.626,41","","0,96%"
"13.03.2015","6.643,73","6.668,70","6.683,68","6.619,56","","-0,40%"
"12.03.2015","6.670,09","6.613,91","6.706,63","6.611,82","","0,80%"
"11.03.2015","6.617,01","6.608,68","6.630,39","6.593,73","","0,01%"
"10.03.2015","6.616,35","6.729,34","6.732,19","6.608,49","","-1,69%"
"09.03.2015","6.729,82","6.764,97","6.764,97","6.724,30","","-0,54%"
"06.03.2015","6.766,46","6.834,88","6.854,55","6.761,37","","-0,98%"
"05.03.2015","6.833,21","6.818,08","6.847,85","6.803,83","","0,25%"
"04.03.2015","6.815,93","6.838,37","6.840,20","6.786,46","","-0,42%"
"03.03.2015","6.844,50","6.873,42","6.897,39","6.836,67","","-0,45%"
"02.03.2015","6.875,26","6.881,08","6.901,22","6.863,64","","-0,33%"
"27.02.2015","6.897,70","6.873,23","6.903,46","6.871,52","","0,26%"
"26.02.2015","6.879,75","6.896,54","6.923,59","6.868,14","","-0,17%"
"25.02.2015","6.891,16","6.876,26","6.902,15","6.872,29","","0,32%"
"24.02.2015","6.869,06","6.845,17","6.882,34","6.821,73","","0,29%"
"23.02.2015","6.848,86","6.827,38","6.849,26","6.804,66","","0,36%"
"20.02.2015","6.824,54","6.806,93","6.839,08","6.784,99","","0,14%"
"19.02.2015","6.814,99","6.801,52","6.822,41","6.792,15","","0,40%"
"18.02.2015","6.787,58","6.749,44","6.809,89","6.747,28","","0,60%"
"17.02.2015","6.746,77","6.727,14","6.762,48","6.691,95","","0,06%"
"16.02.2015","6.742,74","6.736,72","6.758,65","6.730,44","","0,10%"
"13.02.2015","6.735,92","6.682,89","6.744,88","6.682,89","","0,88%"
"12.02.2015","6.676,85","6.586,68","6.696,00","6.581,24","","1,43%"
"11.02.2015","6.582,73","6.614,09","6.617,90","6.567,72","","-0,60%"
"10.02.2015","6.622,65","6.607,24","6.632,86","6.588,93","","0,14%"
"09.02.2015","6.613,33","6.618,30","6.634,81","6.572,49","","-0,29%"
"06.02.2015","6.632,85","6.681,08","6.693,22","6.615,44","","-0,49%"
"05.02.2015","6.665,76","6.628,61","6.684,60","6.606,48","","0,28%"
"04.02.2015","6.647,06","6.624,47","6.667,55","6.624,08","","0,56%"
"03.02.2015","6.610,10","6.540,71","6.656,59","6.518,62","","0,92%"
"02.02.2015","6.549,77","6.519,16","6.550,18","6.495,90","","0,64%"
"30.01.2015","6.508,01","6.533,25","6.555,78","6.499,44","","-0,54%"
"29.01.2015","6.543,20","6.560,46","6.564,09","6.507,98","","-0,60%"
"28.01.2015","6.582,62","6.597,58","6.616,31","6.559,62","","-0,40%"
"27.01.2015","6.609,38","6.549,01","6.609,38","6.549,01","","0,83%"
"26.01.2015","6.555,27","6.513,62","6.566,54","6.500,05","","0,23%"
"23.01.2015","6.540,01","6.488,54","6.556,55","6.484,54","","0,34%"
"22.01.2015","6.517,53","6.507,44","6.535,40","6.470,51","","0,18%"
"21.01.2015","6.505,60","6.458,77","6.506,65","6.451,21","","0,60%"
"20.01.2015","6.466,80","6.435,20","6.490,79","6.428,05","","0,29%"
"19.01.2015","6.448,39","6.401,22","6.463,75","6.400,47","","0,97%"
"16.01.2015","6.386,50","6.399,35","6.409,04","6.352,97","","-0,03%"
"15.01.2015","6.388,35","6.328,64","6.457,54","6.237,49","","0,90%"
"14.01.2015","6.331,17","6.400,29","6.402,13","6.317,98","","-1,03%"
"13.01.2015","6.396,78","6.365,74","6.408,24","6.340,39","","0,55%"
"12.01.2015","6.361,65","6.368,89","6.379,78","6.331,37","","0,12%"
"09.01.2015","6.354,19","6.374,05","6.398,15","6.340,32","","-0,31%"
"08.01.2015","6.374,02","6.257,64","6.385,82","6.256,80","","2,14%"
"07.01.2015","6.240,72","6.258,04","6.285,78","6.238,60","","-0,52%"
"06.01.2015","6.273,07","6.347,30","6.347,90","6.262,40","","-1,17%"
"05.01.2015","6.347,31","6.448,47","6.467,54","6.338,86","","-2,16%"
"02.01.2015","6.487,47","6.528,37","6.534,30","6.468,41","","-0,66%"
"01.01.2015","6.530,31","6.526,06","6.530,31","6.525,97","","0,00%"
"31.12.2014","6.530,23","6.536,15","6.552,84","6.525,46","","-0,15%"
"30.12.2014","6.540,19","6.581,64","6.583,90","6.534,07","","-0,78%"
"29.12.2014","6.591,82","6.578,44","6.598,46","6.561,74","","0,23%"
"26.12.2014","6.576,67","6.579,81","6.591,48","6.576,67","","0,05%"
"25.12.2014","6.573,57","6.576,18","6.591,05","6.573,57","","-0,06%"
"24.12.2014","6.577,60","6.555,01","6.586,02","6.553,82","","0,31%"
"23.12.2014","6.557,10","6.551,67","6.572,78","6.540,24","","-0,13%"
"22.12.2014","6.565,81","6.531,28","6.589,19","6.531,28","","0,36%"
"19.12.2014","6.542,40","6.495,13","6.564,97","6.495,13","","0,84%"
"18.12.2014","6.487,69","6.358,54","6.494,60","6.357,07","","1,51%"
"17.12.2014","6.390,99","6.425,53","6.430,33","6.351,49","","-0,39%"
"16.12.2014","6.415,84","6.341,91","6.428,89","6.295,03","","1,31%"
"15.12.2014","6.332,67","6.463,76","6.465,95","6.332,67","","-2,00%"
"12.12.2014","6.461,80","6.552,45","6.564,69","6.457,10","","-1,16%"
"11.12.2014","6.537,54","6.594,45","6.597,96","6.531,18","","-0,51%"
"10.12.2014","6.571,12","6.613,69","6.619,29","6.571,12","","-0,96%"
"09.12.2014","6.634,96","6.684,99","6.685,46","6.605,04","","-0,61%"
"08.12.2014","6.675,53","6.704,99","6.721,03","6.672,59","","-0,60%"
"05.12.2014","6.715,79","6.694,67","6.735,57","6.686,92","","0,05%"
"04.12.2014","6.712,49","6.719,49","6.747,63","6.695,33","","-0,25%"
"03.12.2014","6.729,37","6.722,55","6.737,26","6.712,94","","-0,03%"
"02.12.2014","6.731,68","6.736,30","6.770,93","6.717,99","","0,00%"
"01.12.2014","6.731,98","6.738,29","6.751,57","6.698,61","","-0,31%"
"28.11.2014","6.752,68","6.766,24","6.772,43","6.736,61","","-0,33%"
"27.11.2014","6.774,88","6.798,27","6.798,94","6.767,42","","-0,44%"
"26.11.2014","6.804,88","6.778,71","6.805,52","6.776,99","","0,32%"
"25.11.2014","6.782,95","6.748,17","6.783,78","6.737,86","","0,53%"
"24.11.2014","6.747,42","6.734,36","6.762,81","6.734,36","","-0,01%"
"21.11.2014","6.747,91","6.687,06","6.752,04","6.681,46","","0,88%"
"20.11.2014","6.688,81","6.695,68","6.701,46","6.653,21","","-0,17%"
"19.11.2014","6.700,22","6.712,86","6.719,78","6.682,76","","-0,27%"
"18.11.2014","6.718,38","6.639,27","6.720,80","6.636,65","","1,13%"
"17.11.2014","6.643,39","6.680,63","6.681,04","6.614,49","","-0,38%"
"14.11.2014","6.668,97","6.655,19","6.694,96","6.630,38","","0,08%"
"13.11.2014","6.663,37","6.631,85","6.686,76","6.627,73","","0,14%"
"12.11.2014","6.653,98","6.680,00","6.696,45","6.627,16","","-0,16%"
"11.11.2014","6.664,67","6.638,56","6.698,39","6.636,99","","0,20%"
"10.11.2014","6.651,46","6.630,02","6.660,98","6.620,51","","0,67%"
"07.11.2014","6.607,51","6.589,97","6.631,49","6.588,73","","-0,11%"
"06.11.2014","6.614,87","6.631,22","6.643,90","6.588,02","","-0,36%"
"05.11.2014","6.638,86","6.607,85","6.641,13","6.579,48","","0,42%"
"04.11.2014","6.610,98","6.592,43","6.654,91","6.590,36","","0,34%"
"03.11.2014","6.588,68","6.652,26","6.656,74","6.586,03","","-1,21%"
"31.10.2014","6.669,71","6.591,97","6.686,19","6.591,97","","1,03%"
"30.10.2014","6.601,62","6.576,79","6.605,92","6.527,59","","-0,44%"
"29.10.2014","6.630,47","6.594,10","6.652,77","6.571,72","","0,48%"
"28.10.2014","6.598,47","6.534,12","6.599,12","6.530,55","","0,88%"
"27.10.2014","6.541,03","6.537,77","6.592,12","6.508,80","","0,08%"
"24.10.2014","6.535,99","6.526,81","6.545,63","6.511,36","","0,17%"
"23.10.2014","6.525,14","6.503,44","6.529,95","6.450,62","","0,20%"
"22.10.2014","6.512,24","6.471,81","6.523,07","6.471,81","","0,47%"
"21.10.2014","6.481,83","6.423,77","6.483,11","6.401,33","","0,97%"
"20.10.2014","6.419,78","6.370,19","6.431,49","6.369,67","","0,59%"
"17.10.2014","6.382,40","6.305,15","6.386,18","6.279,74","","1,36%"
"16.10.2014","6.296,54","6.348,91","6.349,80","6.197,41","","-0,46%"
"15.10.2014","6.325,63","6.391,86","6.409,24","6.317,63","","-1,24%"
"14.10.2014","6.405,22","6.462,46","6.465,42","6.358,25","","-0,61%"
"13.10.2014","6.444,76","6.432,71","6.472,60","6.401,33","","0,34%"
"10.10.2014","6.422,73","6.540,82","6.540,82","6.419,26","","-2,10%"
"09.10.2014","6.560,62","6.595,74","6.659,96","6.539,31","","-0,10%"
"08.10.2014","6.567,17","6.615,04","6.618,70","6.544,01","","-0,55%"
"07.10.2014","6.603,66","6.674,99","6.676,28","6.603,66","","-0,57%"
"06.10.2014","6.641,21","6.585,63","6.684,34","6.584,57","","0,82%"
"03.10.2014","6.587,02","6.623,90","6.641,50","6.579,54","","-0,43%"
"02.10.2014","6.615,57","6.731,73","6.736,87","6.608,51","","-1,53%"
"01.10.2014","6.718,32","6.776,15","6.776,46","6.718,32","","-0,86%"
"30.09.2014","6.776,81","6.785,82","6.789,05","6.750,46","","-0,12%"
"29.09.2014","6.784,72","6.803,92","6.813,65","6.766,90","","-0,44%"
"26.09.2014","6.814,45","6.825,87","6.832,35","6.800,32","","-0,32%"
"25.09.2014","6.836,26","6.878,85","6.891,31","6.822,70","","-0,66%"
"24.09.2014","6.882,02","6.877,94","6.884,80","6.846,05","","-0,01%"
"23.09.2014","6.882,82","6.933,79","6.946,55","6.874,71","","-0,60%"
"22.09.2014","6.924,12","6.977,03","6.979,80","6.920,25","","-0,72%"
"19.09.2014","6.974,47","6.998,61","7.028,62","6.969,35","","-0,24%"
"18.09.2014","6.991,12","6.927,16","6.991,12","6.927,16","","0,38%"
"17.09.2014","6.964,62","6.967,31","6.980,43","6.916,73","","0,21%"
"16.09.2014","6.949,89","6.964,99","6.980,37","6.929,02","","-0,19%"
"15.09.2014","6.963,11","6.978,09","6.978,27","6.946,21","","-0,17%"
"12.09.2014","6.975,17","6.980,29","6.991,23","6.961,46","","-0,20%"
"11.09.2014","6.989,30","6.998,79","7.004,22","6.968,03","","0,03%"
"10.09.2014","6.987,06","6.999,39","7.005,89","6.966,81","","-0,10%"
"09.09.2014","6.994,03","7.008,65","7.014,30","6.980,05","","-0,60%"
"08.09.2014","7.036,41","7.057,46","7.059,83","7.002,94","","-0,44%"
"05.09.2014","7.067,48","7.072,24","7.074,14","7.045,71","","-0,37%"
"04.09.2014","7.093,42","7.112,93","7.118,73","7.076,03","","-0,22%"
"03.09.2014","7.108,97","7.061,14","7.125,46","7.060,36","","0,75%"
"02.09.2014","7.056,04","7.061,26","7.084,34","7.050,15","","-0,08%"
"01.09.2014","7.061,41","7.048,63","7.068,44","7.047,28","","-0,04%"
"29.08.2014","7.064,19","7.053,24","7.071,56","7.036,12","","0,14%"
"28.08.2014","7.054,19","7.091,25","7.099,57","7.045,45","","-0,61%"
"27.08.2014","7.097,13","7.075,09","7.099,55","7.072,11","","0,20%"
"26.08.2014","7.082,71","7.049,45","7.083,52","7.045,68","","0,37%"
"25.08.2014","7.056,92","7.006,63","7.057,29","7.003,72","","0,62%"
"22.08.2014","7.013,14","7.051,39","7.052,35","7.000,66","","-0,53%"
"21.08.2014","7.050,68","7.008,77","7.051,90","6.999,11","","0,44%"
"20.08.2014","7.020,05","7.028,21","7.030,28","6.998,71","","-0,16%"
"19.08.2014","7.031,31","7.011,35","7.041,63","7.010,65","","0,39%"
"18.08.2014","7.004,03","6.965,18","7.013,83","6.962,74","","0,66%"
"15.08.2014","6.957,82","6.966,34","7.013,23","6.954,36","","-0,20%"
"14.08.2014","6.971,99","6.948,24","6.979,71","6.934,83","","0,38%"
"13.08.2014","6.945,26","6.910,49","6.949,77","6.909,19","","0,47%"
"12.08.2014","6.913,11","6.919,23","6.926,49","6.906,80","","-0,07%"
"11.08.2014","6.917,71","6.834,20","6.924,08","6.834,20","","1,10%"
"08.08.2014","6.842,33","6.883,46","6.883,46","6.801,45","","-0,62%"
"07.08.2014","6.885,03","6.926,22","6.929,03","6.881,98","","-0,43%"
"06.08.2014","6.914,46","6.959,14","6.959,14","6.872,75","","-0,60%"
"05.08.2014","6.956,02","6.985,71","6.993,41","6.948,68","","-0,38%"
"04.08.2014","6.982,72","6.998,61","7.003,36","6.976,06","","-0,29%"
"01.08.2014","7.003,29","7.060,15","7.060,15","6.976,10","","-0,77%"
"31.07.2014","7.057,75","7.130,40","7.135,73","7.052,79","","-0,87%"
"30.07.2014","7.119,97","7.157,52","7.166,84","7.109,43","","-0,53%"
"29.07.2014","7.158,15","7.155,09","7.180,74","7.152,42","","0,02%"
"28.07.2014","7.156,41","7.154,73","7.172,23","7.132,81","","-0,03%"
"25.07.2014","7.158,58","7.192,76","7.204,49","7.148,16","","-0,42%"
"24.07.2014","7.188,48","7.173,83","7.201,07","7.154,87","","0,20%"
"23.07.2014","7.173,96","7.164,30","7.188,60","7.156,74","","0,21%"
"22.07.2014","7.159,20","7.112,25","7.162,58","7.111,98","","0,74%"
"21.07.2014","7.106,33","7.131,51","7.139,49","7.097,66","","-0,24%"
"18.07.2014","7.123,62","7.116,71","7.133,15","7.093,67","","-0,08%"
"17.07.2014","7.129,68","7.182,17","7.187,86","7.129,68","","-0,66%"
"16.07.2014","7.176,75","7.119,85","7.176,75","7.114,90","","0,78%"
"15.07.2014","7.120,91","7.159,31","7.167,73","7.117,51","","-0,45%"
"14.07.2014","7.152,88","7.099,07","7.158,37","7.097,79","","0,81%"
"11.07.2014","7.095,22","7.084,78","7.118,39","7.081,33","","0,03%"
"10.07.2014","7.093,44","7.169,36","7.170,89","7.080,15","","-0,96%"
"09.07.2014","7.162,20","7.152,00","7.166,96","7.132,61","","0,00%"
"08.07.2014","7.162,01","7.214,26","7.219,40","7.156,52","","-0,78%"
"07.07.2014","7.218,43","7.258,21","7.258,22","7.215,08","","-0,58%"
"04.07.2014","7.260,45","7.277,47","7.281,63","7.260,30","","-0,08%"
"03.07.2014","7.266,58","7.250,24","7.270,14","7.236,43","","0,26%"
"02.07.2014","7.247,94","7.241,65","7.264,53","7.238,26","","0,23%"
"01.07.2014","7.231,10","7.187,66","7.237,07","7.185,92","","0,64%"
"30.06.2014","7.185,31","7.168,11","7.190,85","7.153,36","","0,32%"
"27.06.2014","7.162,11","7.152,21","7.166,61","7.144,36","","0,22%"
"26.06.2014","7.146,36","7.146,62","7.168,71","7.125,46","","0,06%"
"25.06.2014","7.141,99","7.178,98","7.180,41","7.131,93","","-0,52%"
"24.06.2014","7.179,42","7.197,99","7.213,74","7.179,42","","-0,27%"
"23.06.2014","7.199,02","7.219,28","7.230,44","7.191,02","","-0,13%"
"20.06.2014","7.208,38","7.226,48","7.233,71","7.208,38","","-0,35%"
"19.06.2014","7.233,59","7.169,11","7.248,05","7.168,74","","1,21%"
"18.06.2014","7.147,30","7.133,17","7.165,68","7.131,91","","0,24%"
"17.06.2014","7.129,98","7.134,59","7.145,77","7.109,13","","-0,04%"
"16.06.2014","7.132,59","7.144,09","7.147,56","7.113,93","","-0,13%"
"13.06.2014","7.141,75","7.153,52","7.171,31","7.113,59","","-0,16%"
"12.06.2014","7.153,22","7.135,25","7.162,59","7.128,44","","0,13%"
"11.06.2014","7.144,10","7.151,87","7.162,34","7.136,91","","-0,08%"
"10.06.2014","7.150,14","7.156,20","7.162,70","7.137,15","","-0,03%"
"09.06.2014","7.152,58","7.157,94","7.167,15","7.141,44","","0,09%"
"06.06.2014","7.146,49","7.125,08","7.154,78","7.123,11","","0,60%"
"05.06.2014","7.104,05","7.086,01","7.123,25","7.073,34","","0,22%"
"04.06.2014","7.088,29","7.087,74","7.088,29","7.066,07","","0,03%"
"03.06.2014","7.086,21","7.099,75","7.103,95","7.076,01","","-0,14%"
"02.06.2014","7.096,23","7.083,81","7.107,10","7.083,61","","0,20%"
"30.05.2014","7.082,10","7.077,72","7.085,08","7.067,09","","0,04%"
"29.05.2014","7.078,96","7.053,71","7.081,21","7.052,99","","0,28%"
"28.05.2014","7.059,41","7.073,23","7.080,65","7.045,26","","-0,04%"
"27.05.2014","7.062,09","7.069,71","7.087,38","7.057,93","","-0,12%"
"26.05.2014","7.070,86","7.031,26","7.071,50","7.028,56","","0,69%"
"23.05.2014","7.022,29","7.006,14","7.026,46","6.999,68","","0,22%"
"22.05.2014","7.006,61","6.981,43","7.019,05","6.981,43","","0,48%"
"21.05.2014","6.973,33","6.960,20","6.984,20","6.948,25","","0,17%"
"20.05.2014","6.961,78","6.973,62","6.977,28","6.955,26","","-0,21%"
"19.05.2014","6.976,16","6.986,23","6.986,86","6.940,61","","-0,16%"
"16.05.2014","6.987,26","6.990,09","6.990,09","6.956,89","","-0,22%"
"15.05.2014","7.002,40","7.029,89","7.042,30","6.984,18","","-0,50%"
"14.05.2014","7.037,51","7.018,68","7.043,12","7.016,69","","0,25%"
"13.05.2014","7.019,87","7.004,82","7.035,15","7.004,82","","0,38%"
"12.05.2014","6.993,18","6.964,26","6.999,75","6.955,36","","0,41%"
"09.05.2014","6.964,62","6.997,17","7.011,07","6.954,68","","-0,61%"
"08.05.2014","7.007,44","6.966,81","7.014,26","6.965,37","","0,61%"
"07.05.2014","6.965,23","6.986,53","6.986,53","6.946,43","","-0,53%"
"06.05.2014","7.002,14","6.983,25","7.014,79","6.983,25","","0,27%"
"05.05.2014","6.983,09","6.993,26","6.996,16","6.956,63","","-0,09%"
"02.05.2014","6.989,44","6.987,88","6.997,01","6.963,40","","0,01%"
"01.05.2014","6.988,51","6.972,65","6.995,94","6.972,65","","0,33%"
"30.04.2014","6.965,82","6.947,14","6.971,51","6.934,12","","0,38%"
"29.04.2014","6.939,57","6.893,31","6.939,57","6.889,14","","0,69%"
"28.04.2014","6.891,90","6.885,24","6.921,59","6.872,73","","-0,07%"
"25.04.2014","6.896,43","6.918,64","6.930,06","6.880,14","","-0,31%"
"24.04.2014","6.918,04","6.910,02","6.937,16","6.882,36","","0,08%"
"23.04.2014","6.912,39","6.924,57","6.935,62","6.908,55","","-0,03%"
"22.04.2014","6.914,25","6.861,50","6.924,44","6.854,61","","0,76%"
"21.04.2014","6.862,27","6.866,98","6.872,07","6.856,28","","-0,23%"
"18.04.2014","6.877,98","6.864,50","6.877,98","6.860,77","","0,10%"
"17.04.2014","6.870,85","6.842,59","6.870,92","6.840,16","","0,50%"
"16.04.2014","6.836,58","6.759,84","6.841,97","6.759,13","","1,17%"
"15.04.2014","6.757,70","6.796,96","6.800,44","6.749,14","","-0,48%"
"14.04.2014","6.790,28","6.782,99","6.797,76","6.736,84","","-0,10%"
"11.04.2014","6.796,81","6.867,19","6.867,33","6.776,30","","-1,17%"
"10.04.2014","6.877,51","6.897,62","6.922,93","6.877,08","","0,02%"
"09.04.2014","6.876,03","6.853,30","6.893,47","6.841,47","","0,22%"
"08.04.2014","6.861,12","6.846,07","6.870,79","6.813,75","","0,11%"
"07.04.2014","6.853,73","6.906,95","6.907,26","6.851,98","","-0,88%"
"04.04.2014","6.914,48","6.885,45","6.922,12","6.881,57","","0,42%"
"03.04.2014","6.885,74","6.890,39","6.907,32","6.879,34","","-0,09%"
"02.04.2014","6.892,27","6.880,10","6.905,55","6.878,31","","0,17%"
"01.04.2014","6.880,64","6.846,94","6.890,98","6.838,84","","0,42%"
"31.03.2014","6.852,11","6.811,94","6.867,38","6.811,78","","0,63%"
"28.03.2014","6.809,42","6.771,38","6.818,64","6.765,75","","0,59%"
"27.03.2014","6.769,48","6.758,26","6.778,51","6.746,99","","0,23%"
"26.03.2014","6.753,76","6.720,72","6.774,58","6.720,67","","0,71%"
"25.03.2014","6.705,90","6.664,54","6.727,06","6.653,01","","0,82%"
"24.03.2014","6.651,43","6.676,69","6.701,61","6.640,68","","-0,35%"
"21.03.2014","6.674,75","6.656,77","6.691,89","6.656,04","","0,27%"
"20.03.2014","6.656,67","6.692,89","6.696,03","6.607,97","","-1,19%"
"19.03.2014","6.736,90","6.754,12","6.766,83","6.683,58","","-0,22%"
"18.03.2014","6.751,53","6.703,83","6.765,97","6.693,89","","0,66%"
"17.03.2014","6.707,40","6.663,78","6.716,00","6.647,59","","0,60%"
"14.03.2014","6.667,67","6.726,77","6.726,97","6.633,21","","-1,11%"
"13.03.2014","6.742,55","6.773,83","6.807,35","6.724,48","","-0,41%"
"12.03.2014","6.770,61","6.824,94","6.824,94","6.744,60","","-0,86%"
"11.03.2014","6.829,49","6.826,03","6.855,97","6.815,05","","0,05%"
"10.03.2014","6.825,76","6.862,59","6.869,12","6.806,33","","-0,52%"