"Fecha","Último","Apertura","Máximo","Mínimo","Vol.","% var."
"31.12.2025","1.115,90","1.117,63","1.117,74","1.114,58","","-0,17%"
"30.12.2025","1.117,78","1.116,47","1.119,44","1.115,30","","0,12%"
"29.12.2025","1.116,44","1.114,98","1.118,48","1.114,91","","0,13%"
"28.12.2025","1.115,03","1.114,98","1.115,37","1.114,91","","-0,03%"
"26.12.2025","1.115,42","1.114,41","1.117,11","1.114,12","","0,11%"
"25.12.2025","1.114,24","1.114,56","1.114,89","1.113,90","","0,02%"
"24.12.2025","1.114,06","1.114,37","1.116,10","1.113,69","","0,12%"
"23.12.2025","1.112,75","1.107,28","1.114,28","1.107,28","","0,50%"
"22.12.2025","1.107,23","1.098,94","1.107,87","1.098,53","","0,77%"
"21.12.2025","1.098,80","1.098,94","1.098,96","1.098,53","","0,01%"
"19.12.2025","1.098,67","1.094,45","1.099,98","1.094,45","","0,38%"
"18.12.2025","1.094,51","1.090,44","1.096,12","1.087,03","","0,28%"
"17.12.2025","1.091,50","1.091,29","1.094,17","1.089,37","","-0,03%"
"16.12.2025","1.091,85","1.101,93","1.102,23","1.091,01","","-0,95%"
"15.12.2025","1.102,34","1.101,21","1.104,06","1.097,27","","0,12%"
"14.12.2025","1.101,05","1.101,21","1.101,37","1.101,03","","-0,07%"
"12.12.2025","1.101,77","1.098,33","1.107,80","1.098,24","","0,23%"
"11.12.2025","1.099,20","1.096,21","1.100,32","1.090,78","","0,62%"
"10.12.2025","1.092,46","1.089,64","1.096,73","1.088,29","","0,28%"
"09.12.2025","1.089,43","1.092,47","1.093,17","1.088,82","","-0,26%"
"08.12.2025","1.092,25","1.093,02","1.095,95","1.091,10","","-0,06%"
"07.12.2025","1.092,89","1.093,24","1.093,28","1.092,82","","-0,05%"
"05.12.2025","1.093,47","1.092,56","1.097,01","1.089,96","","-0,11%"
"04.12.2025","1.094,65","1.086,51","1.095,01","1.086,23","","0,81%"
"03.12.2025","1.085,89","1.083,03","1.087,15","1.082,93","","0,34%"
"02.12.2025","1.082,22","1.079,94","1.083,28","1.079,64","","0,07%"
"01.12.2025","1.081,46","1.082,57","1.083,60","1.079,37","","-0,13%"
"30.11.2025","1.082,88","1.082,57","1.083,07","1.082,45","","-0,03%"
"28.11.2025","1.083,17","1.080,64","1.083,23","1.078,01","","0,23%"
"27.11.2025","1.080,73","1.079,78","1.083,70","1.078,89","","0,14%"
"26.11.2025","1.079,17","1.065,68","1.080,06","1.065,28","","1,39%"
"25.11.2025","1.064,42","1.055,83","1.066,33","1.055,32","","0,83%"
"24.11.2025","1.055,61","1.051,40","1.056,87","1.050,93","","0,42%"
"23.11.2025","1.051,18","1.051,40","1.051,52","1.051,05","","0,13%"
"21.11.2025","1.049,79","1.060,08","1.060,52","1.045,50","","-1,09%"
"20.11.2025","1.061,34","1.056,40","1.067,84","1.056,36","","0,40%"
"19.11.2025","1.057,09","1.060,99","1.062,57","1.054,85","","-0,31%"
"18.11.2025","1.060,42","1.079,49","1.079,52","1.058,25","","-1,88%"
"17.11.2025","1.080,73","1.086,99","1.087,18","1.078,79","","-0,55%"
"16.11.2025","1.086,75","1.086,99","1.087,17","1.086,58","","0,10%"
"14.11.2025","1.085,67","1.096,93","1.096,93","1.081,13","","-1,20%"
"13.11.2025","1.098,90","1.099,57","1.105,36","1.097,35","","-0,10%"
"12.11.2025","1.099,96","1.093,15","1.100,11","1.092,97","","0,66%"
"11.11.2025","1.092,78","1.084,73","1.093,38","1.082,66","","0,82%"
"10.11.2025","1.083,86","1.071,80","1.085,07","1.071,11","","1,19%"
"09.11.2025","1.071,12","1.071,80","1.071,80","1.071,11","","-0,10%"
"07.11.2025","1.072,19","1.076,41","1.077,26","1.069,30","","-0,44%"
"06.11.2025","1.076,90","1.073,38","1.081,23","1.073,31","","0,46%"
"05.11.2025","1.071,93","1.074,11","1.074,11","1.063,60","","-0,36%"
"04.11.2025","1.075,75","1.084,69","1.084,76","1.072,06","","-0,86%"
"03.11.2025","1.085,12","1.082,23","1.086,88","1.081,81","","0,30%"
"02.11.2025","1.081,87","1.082,23","1.082,56","1.081,81","","-0,13%"
"31.10.2025","1.083,25","1.087,80","1.090,23","1.081,60","","-0,34%"
"30.10.2025","1.086,94","1.090,68","1.095,10","1.083,17","","-0,71%"
"29.10.2025","1.094,66","1.091,89","1.095,93","1.088,82","","0,25%"
"28.10.2025","1.091,91","1.093,72","1.094,12","1.089,29","","-0,06%"
"27.10.2025","1.092,57","1.083,72","1.093,66","1.083,53","","0,81%"
"26.10.2025","1.083,83","1.083,72","1.084,02","1.083,53","","0,06%"
"24.10.2025","1.083,21","1.080,20","1.083,91","1.079,59","","0,37%"
"23.10.2025","1.079,17","1.077,65","1.079,98","1.073,64","","0,11%"
"22.10.2025","1.077,98","1.078,50","1.079,44","1.076,36","","-0,11%"
"21.10.2025","1.079,17","1.081,81","1.086,59","1.077,76","","-0,28%"
"20.10.2025","1.082,19","1.067,26","1.083,24","1.067,07","","1,41%"
"19.10.2025","1.067,12","1.067,26","1.067,40","1.067,07","","-0,01%"
"17.10.2025","1.067,25","1.079,19","1.079,66","1.065,33","","-1,06%"
"16.10.2025","1.078,66","1.071,05","1.080,08","1.071,05","","0,89%"
"15.10.2025","1.069,15","1.056,17","1.071,31","1.056,11","","1,34%"
"14.10.2025","1.055,02","1.060,85","1.062,21","1.048,14","","-0,52%"
"13.10.2025","1.060,51","1.063,31","1.063,70","1.057,38","","-0,22%"
"12.10.2025","1.062,90","1.063,31","1.063,70","1.062,90","","-0,04%"
"10.10.2025","1.063,35","1.073,03","1.073,19","1.063,35","","-1,08%"
"09.10.2025","1.074,98","1.077,41","1.081,03","1.071,61","","-0,25%"
"08.10.2025","1.077,68","1.075,97","1.077,68","1.071,59","","0,03%"
"07.10.2025","1.077,39","1.080,11","1.082,74","1.075,32","","-0,35%"
"06.10.2025","1.081,13","1.076,48","1.081,54","1.075,62","","0,48%"
"05.10.2025","1.076,01","1.076,48","1.076,58","1.075,88","","-0,35%"
"03.10.2025","1.079,75","1.072,19","1.080,10","1.072,19","","0,74%"
"02.10.2025","1.071,84","1.066,42","1.076,02","1.066,30","","0,45%"
"01.10.2025","1.067,02","1.060,65","1.068,15","1.058,38","","0,51%"
"30.09.2025","1.061,63","1.055,72","1.061,63","1.054,90","","0,59%"
"29.09.2025","1.055,45","1.049,12","1.056,62","1.049,12","","0,58%"
"28.09.2025","1.049,40","1.049,12","1.049,49","1.049,12","","0,10%"
"26.09.2025","1.048,34","1.047,55","1.049,42","1.044,31","","-0,06%"
"25.09.2025","1.048,99","1.056,97","1.058,22","1.046,61","","-0,74%"
"24.09.2025","1.056,77","1.060,46","1.060,52","1.055,79","","-0,28%"
"23.09.2025","1.059,70","1.059,06","1.062,22","1.057,62","","0,20%"
"22.09.2025","1.057,58","1.055,37","1.058,88","1.054,84","","0,15%"
"19.09.2025","1.055,96","1.058,41","1.059,35","1.053,22","","-0,14%"
"18.09.2025","1.057,48","1.057,36","1.061,02","1.053,46","","-0,14%"
"17.09.2025","1.058,96","1.058,25","1.063,75","1.056,41","","0,05%"
"16.09.2025","1.058,42","1.056,65","1.060,89","1.056,13","","0,27%"
"15.09.2025","1.055,54","1.051,10","1.056,69","1.050,33","","0,42%"
"12.09.2025","1.051,16","1.049,28","1.053,78","1.049,28","","0,33%"
"11.09.2025","1.047,72","1.041,93","1.048,77","1.041,15","","0,40%"
"10.09.2025","1.043,52","1.037,60","1.044,80","1.037,51","","0,42%"
"09.09.2025","1.039,14","1.038,67","1.041,76","1.037,28","","0,30%"
"08.09.2025","1.036,08","1.029,69","1.037,90","1.029,32","","0,48%"
"05.09.2025","1.031,08","1.023,05","1.034,99","1.023,05","","1,03%"
"04.09.2025","1.020,60","1.019,36","1.021,77","1.018,41","","0,20%"
"03.09.2025","1.018,56","1.015,36","1.019,58","1.011,45","","0,11%"
"02.09.2025","1.017,48","1.026,56","1.027,18","1.013,98","","-0,83%"
"01.09.2025","1.025,99","1.022,75","1.027,99","1.022,07","","0,16%"
"29.08.2025","1.024,30","1.026,69","1.027,13","1.022,13","","-0,20%"
"28.08.2025","1.026,32","1.025,90","1.028,10","1.024,67","","0,31%"
"27.08.2025","1.023,15","1.026,04","1.026,39","1.020,91","","-0,32%"
"26.08.2025","1.026,39","1.031,29","1.032,66","1.022,71","","-0,84%"
"25.08.2025","1.035,06","1.035,23","1.039,31","1.031,37","","0,09%"
"22.08.2025","1.034,11","1.023,96","1.036,46","1.022,12","","1,01%"
"21.08.2025","1.023,76","1.025,87","1.026,26","1.021,84","","-0,26%"
"20.08.2025","1.026,38","1.026,85","1.027,12","1.021,92","","-0,18%"
"19.08.2025","1.028,24","1.026,95","1.029,36","1.024,83","","0,16%"
"18.08.2025","1.026,62","1.027,83","1.030,96","1.025,34","","-0,21%"
"15.08.2025","1.028,76","1.022,71","1.029,13","1.022,41","","0,54%"
"14.08.2025","1.023,22","1.025,83","1.026,38","1.020,79","","-0,30%"
"13.08.2025","1.026,29","1.016,63","1.026,80","1.016,15","","1,23%"
"12.08.2025","1.013,81","1.007,92","1.016,62","1.007,92","","0,68%"
"11.08.2025","1.007,00","1.009,51","1.011,81","1.006,26","","-0,22%"
"08.08.2025","1.009,24","1.010,43","1.012,41","1.007,76","","0,20%"
"07.08.2025","1.007,23","1.000,66","1.010,47","1.000,24","","0,82%"
"06.08.2025","999,07","994,68","1.001,13","994,29","","0,49%"
"05.08.2025","994,24","990,72","995,18","990,36","","0,56%"
"04.08.2025","988,70","984,51","989,87","980,09","","0,64%"
"01.08.2025","982,44","987,51","987,51","976,79","","-0,70%"
"31.07.2025","989,33","994,74","997,10","987,31","","-0,81%"
"30.07.2025","997,37","1.000,74","1.004,02","993,29","","-0,23%"
"29.07.2025","999,62","1.001,64","1.004,89","998,15","","-0,55%"
"28.07.2025","1.005,14","1.012,43","1.014,54","1.002,23","","-0,62%"
"25.07.2025","1.011,36","1.017,12","1.017,49","1.008,38","","-0,77%"
"24.07.2025","1.019,20","1.017,26","1.022,09","1.017,26","","0,49%"
"23.07.2025","1.014,24","1.001,39","1.016,17","1.001,22","","1,49%"
"22.07.2025","999,31","1.000,46","1.001,27","995,68","","-0,05%"
"21.07.2025","999,78","995,48","1.001,46","994,40","","0,31%"
"18.07.2025","996,70","994,19","999,77","993,77","","0,46%"
"17.07.2025","992,12","988,37","992,82","986,07","","0,61%"
"16.07.2025","986,14","988,61","992,14","985,07","","-0,35%"
"15.07.2025","989,61","991,30","997,25","987,86","","-0,25%"
"14.07.2025","992,09","991,99","992,69","988,70","","-0,06%"
"11.07.2025","992,69","999,56","1.000,30","991,70","","-0,48%"
"10.07.2025","997,50","996,21","1.000,31","995,35","","0,19%"
"09.07.2025","995,65","993,23","996,24","990,69","","0,41%"
"08.07.2025","991,55","990,62","994,29","990,05","","-0,02%"
"07.07.2025","991,70","995,08","995,58","988,90","","-0,35%"
"04.07.2025","995,22","998,93","999,03","993,25","","-0,22%"
"03.07.2025","997,41","996,67","999,55","993,39","","0,32%"
"02.07.2025","994,20","994,30","996,59","991,41","","0,07%"
"01.07.2025","993,52","994,56","996,38","992,20","","0,17%"
"30.06.2025","991,87","993,66","995,01","989,62","","-0,04%"
"27.06.2025","992,24","985,95","993,06","985,88","","0,68%"
"26.06.2025","985,52","980,17","987,06","978,96","","0,89%"
"25.06.2025","976,84","979,31","982,79","976,84","","-0,24%"
"24.06.2025","979,16","964,95","980,65","964,95","","2,02%"
"23.06.2025","959,79","961,08","962,78","952,86","","-0,32%"
"20.06.2025","962,89","961,39","967,17","960,89","","0,40%"
"19.06.2025","959,07","968,76","968,84","958,60","","-1,16%"
"18.06.2025","970,37","968,28","972,15","967,89","","-0,21%"
"17.06.2025","972,45","977,99","979,79","968,84","","-0,73%"
"16.06.2025","979,65","972,41","982,47","971,32","","0,75%"
"13.06.2025","972,35","984,38","984,59","970,26","","-1,04%"
"12.06.2025","982,54","982,37","984,42","977,34","","0,19%"
"11.06.2025","980,71","978,04","982,91","977,13","","0,34%"
"10.06.2025","977,35","975,72","979,17","974,45","","0,27%"
"09.06.2025","974,73","972,34","977,15","972,10","","0,43%"
"06.06.2025","970,51","972,04","972,64","969,08","","-0,18%"
"05.06.2025","972,26","968,96","973,26","968,45","","0,26%"
"04.06.2025","969,77","961,14","970,79","961,14","","0,92%"
"03.06.2025","960,92","962,66","963,49","957,23","","-0,10%"
"02.06.2025","961,91","958,60","962,07","954,28","","0,32%"
"30.05.2025","958,82","961,94","962,27","957,47","","-0,26%"
"29.05.2025","961,28","953,06","964,24","953,03","","0,56%"
"28.05.2025","955,88","961,65","962,77","954,86","","-0,52%"
"27.05.2025","960,83","962,36","963,79","959,81","","-0,17%"
"26.05.2025","962,45","956,84","963,08","956,70","","0,72%"
"23.05.2025","955,53","952,66","959,50","947,34","","0,33%"
"22.05.2025","952,36","959,74","960,25","949,98","","-0,89%"
"21.05.2025","960,90","958,32","963,04","958,28","","0,52%"
"20.05.2025","955,94","951,70","957,20","951,42","","0,46%"
"19.05.2025","951,59","948,49","951,86","946,09","","0,49%"
"16.05.2025","946,92","947,12","950,83","944,76","","0,10%"
"15.05.2025","945,98","942,44","946,70","940,85","","0,12%"
"14.05.2025","944,85","939,91","948,04","938,89","","0,71%"
"13.05.2025","938,15","933,72","940,23","933,72","","0,45%"
"12.05.2025","933,91","930,17","937,59","928,92","","0,30%"
"09.05.2025","931,12","924,22","932,16","923,93","","0,52%"
"08.05.2025","926,32","927,48","931,06","923,16","","-0,49%"
"07.05.2025","930,89","932,21","933,64","926,84","","-0,02%"
"06.05.2025","931,05","932,20","934,07","926,90","","-0,03%"
"05.05.2025","931,30","928,12","934,79","927,52","","0,12%"
"02.05.2025","930,14","911,22","931,16","910,85","","2,10%"
"01.05.2025","910,97","914,00","914,81","909,52","","-0,54%"
"30.04.2025","915,87","912,37","916,29","909,54","","0,53%"
"29.04.2025","911,01","909,94","912,78","909,02","","0,34%"
"28.04.2025","907,95","901,84","910,74","901,71","","0,71%"
"25.04.2025","901,54","898,84","902,40","898,14","","0,35%"
"24.04.2025","898,39","893,71","899,29","892,34","","0,39%"
"23.04.2025","894,89","878,98","899,03","878,98","","1,18%"
"22.04.2025","884,49","880,89","884,55","879,01","","0,33%"
"21.04.2025","881,61","880,31","885,07","879,92","","0,56%"
"18.04.2025","876,73","876,50","878,12","876,13","","0,18%"
"17.04.2025","875,15","873,21","876,71","871,11","","0,36%"
"16.04.2025","872,02","871,90","873,14","866,84","","-0,22%"
"15.04.2025","873,93","864,42","873,95","864,24","","1,16%"
"14.04.2025","863,94","849,01","865,77","849,01","","2,10%"
"11.04.2025","846,20","842,17","849,62","834,71","","0,87%"
"10.04.2025","838,88","802,05","845,92","802,05","","4,61%"
"09.04.2025","801,88","812,58","812,58","793,84","","-1,16%"
"08.04.2025","811,30","795,90","819,88","795,90","","1,95%"
"07.04.2025","795,75","845,33","845,33","791,89","","-6,25%"
"04.04.2025","848,83","884,53","884,53","843,51","","-4,27%"
"03.04.2025","886,69","893,00","895,25","882,67","","-0,64%"
"02.04.2025","892,39","891,15","894,45","887,45","","0,07%"
"01.04.2025","891,79","883,60","891,98","883,50","","0,97%"
"31.03.2025","883,26","899,42","899,46","880,86","","-1,80%"
"28.03.2025","899,42","905,37","905,67","898,67","","-0,66%"
"27.03.2025","905,41","905,56","907,10","901,65","","-0,14%"
"26.03.2025","906,72","909,51","911,82","905,27","","-0,32%"
"25.03.2025","909,59","907,35","912,09","905,27","","0,28%"
"24.03.2025","907,04","907,31","911,68","906,09","","-0,06%"
"21.03.2025","907,56","913,70","914,43","906,00","","-0,64%"
"20.03.2025","913,40","918,08","919,78","909,75","","-0,23%"
"19.03.2025","915,48","916,74","918,35","913,28","","-0,05%"
"18.03.2025","915,98","909,37","918,48","909,30","","0,69%"
"17.03.2025","909,74","899,39","910,00","899,36","","1,23%"
"14.03.2025","898,67","888,93","899,40","888,46","","1,08%"
"13.03.2025","889,11","893,29","895,67","887,98","","-0,50%"
"12.03.2025","893,54","888,97","895,39","886,96","","0,48%"
"11.03.2025","889,26","895,61","896,73","887,57","","-0,77%"
"10.03.2025","896,16","906,93","908,38","894,13","","-1,26%"
"07.03.2025","907,63","910,41","910,42","904,70","","-0,37%"
"06.03.2025","911,02","905,15","913,42","904,89","","0,83%"
"05.03.2025","903,48","887,48","905,39","886,33","","2,14%"
"04.03.2025","884,57","893,66","893,89","882,57","","-1,00%"
"03.03.2025","893,47","883,97","897,48","883,84","","1,02%"
"28.02.2025","884,48","892,99","893,24","880,77","","-1,08%"
"27.02.2025","894,18","902,15","903,17","892,78","","-0,91%"
"26.02.2025","902,36","896,16","903,97","895,05","","0,74%"
"25.02.2025","895,72","897,56","897,77","892,23","","-0,28%"
"24.02.2025","898,24","901,03","903,10","895,67","","-0,26%"
"21.02.2025","900,57","898,39","902,51","897,08","","0,38%"
"20.02.2025","897,20","897,34","898,55","893,21","","-0,05%"
"19.02.2025","897,63","902,92","903,23","896,04","","-0,65%"
"18.02.2025","903,52","900,44","903,73","899,17","","0,34%"
"17.02.2025","900,42","896,53","900,77","895,89","","0,36%"
"14.02.2025","897,15","893,89","899,13","893,03","","0,62%"
"13.02.2025","891,62","881,50","894,01","881,36","","1,21%"
"12.02.2025","880,98","879,80","883,44","876,64","","0,24%"
"11.02.2025","878,89","878,15","880,71","876,33","","0,00%"
"10.02.2025","878,93","874,99","879,49","874,08","","0,15%"
"07.02.2025","877,61","879,92","881,33","875,34","","-0,17%"
"06.02.2025","879,13","873,26","880,50","873,15","","0,56%"
"05.02.2025","874,22","867,35","874,22","867,32","","0,86%"
"04.02.2025","866,74","858,46","868,09","857,24","","1,24%"
"03.02.2025","856,16","865,09","865,35","848,82","","-1,84%"
"31.01.2025","872,24","871,85","875,38","869,66","","-0,27%"
"30.01.2025","874,63","868,05","874,71","868,02","","0,73%"
"29.01.2025","868,29","864,28","868,68","864,19","0,00K","0,46%"
"28.01.2025","864,35","866,01","866,01","861,84","0,00K","-0,24%"
"27.01.2025","866,41","866,00","867,20","861,65","0,00K","-0,12%"
"24.01.2025","867,43","861,23","868,60","861,21","0,00K","0,85%"
"23.01.2025","860,12","858,33","862,35","857,00","0,00K","0,18%"
"22.01.2025","858,57","857,48","861,99","856,04","0,00K","0,31%"
"21.01.2025","855,88","855,11","857,82","850,80","0,00K","0,28%"
"20.01.2025","853,48","843,26","857,21","842,69","0,00K","1,05%"
"17.01.2025","844,58","841,92","846,51","839,41","0,00K","0,32%"
"16.01.2025","841,89","834,87","842,80","834,81","0,00K","0,83%"
"15.01.2025","834,94","827,78","836,79","827,16","0,00K","0,94%"
"14.01.2025","827,14","824,48","829,02","822,64","0,00K","0,67%"
"13.01.2025","821,60","829,44","829,52","820,60","0,00K","-1,06%"
"10.01.2025","830,37","839,69","839,85","828,78","0,00K","-1,10%"
"09.01.2025","839,57","841,08","841,12","835,47","0,00K","-0,12%"
"08.01.2025","840,58","844,98","845,05","837,60","0,00K","-0,67%"
"07.01.2025","846,29","844,76","848,92","844,42","0,00K","0,23%"
"06.01.2025","844,37","837,47","847,07","836,16","0,00K","0,87%"
"03.01.2025","837,09","836,79","839,64","835,75","0,00K","-0,02%"
"02.01.2025","837,29","838,18","839,04","835,03","0,00K","-0,15%"
"01.01.2025","838,58","838,13","838,58","837,95","0,00K","0,03%"
"31.12.2024","838,32","839,31","840,04","837,26","0,00K","0,02%"
"30.12.2024","838,19","843,10","843,29","836,64","0,00K","-0,58%"
"27.12.2024","843,12","838,78","843,34","838,77","0,00K","0,58%"
"26.12.2024","838,28","838,28","839,31","837,95","0,00K","0,08%"
"25.12.2024","837,57","837,68","838,33","836,76","0,00K","0,07%"
"24.12.2024","836,98","835,84","837,66","835,43","0,00K","0,23%"
"23.12.2024","835,04","832,22","837,30","832,22","0,00K","0,51%"
"20.12.2024","830,83","834,77","834,77","825,62","0,00K","-0,53%"
"19.12.2024","835,25","844,88","844,93","834,44","0,00K","-1,90%"
"18.12.2024","851,43","854,64","856,49","844,93","0,00K","-0,35%"
"17.12.2024","854,45","858,40","859,98","853,41","0,00K","-0,48%"
"16.12.2024","858,56","860,66","862,02","857,27","0,00K","-0,21%"
"13.12.2024","860,37","865,59","865,84","859,48","0,00K","-0,72%"
"12.12.2024","866,65","866,35","871,27","865,40","0,00K","0,09%"
"11.12.2024","865,88","866,49","867,15","863,33","0,00K","0,02%"
"10.12.2024","865,74","871,44","874,29","865,66","0,00K","-0,84%"
"09.12.2024","873,03","869,04","874,46","866,72","0,00K","0,42%"
"06.12.2024","869,41","870,72","873,08","867,81","0,00K","-0,07%"
"05.12.2024","869,98","865,79","870,97","865,27","0,00K","0,43%"
"04.12.2024","866,28","865,32","867,16","862,82","0,00K","0,05%"
"03.12.2024","865,87","858,48","867,10","858,48","0,00K","1,04%"
"02.12.2024","856,95","855,35","859,51","853,56","0,00K","0,27%"
"29.11.2024","854,65","851,47","856,12","850,35","0,00K","0,38%"
"28.11.2024","851,41","851,34","851,87","848,94","0,00K","0,02%"
"27.11.2024","851,21","847,84","852,58","845,80","0,00K","0,49%"
"26.11.2024","847,06","852,62","853,07","845,58","0,00K","-0,57%"
"25.11.2024","851,90","849,68","854,63","849,35","0,00K","0,64%"
"22.11.2024","846,47","843,90","847,74","841,94","0,00K","0,15%"
"21.11.2024","845,24","845,09","845,54","841,09","0,00K","0,11%"
"20.11.2024","844,27","848,89","849,65","843,24","0,00K","-0,54%"
"19.11.2024","848,88","847,51","851,56","844,60","0,00K","0,36%"
"18.11.2024","845,80","844,01","847,92","841,80","0,00K","0,24%"
"15.11.2024","843,81","844,93","848,17","843,13","","-0,37%"
"14.11.2024","846,94","845,63","847,58","842,09","","0,02%"
"13.11.2024","846,79","852,49","852,49","843,37","","-0,68%"
"12.11.2024","852,57","866,20","867,70","851,05","","-1,57%"
"11.11.2024","866,20","867,62","868,11","863,49","","-0,37%"
"08.11.2024","869,43","875,48","877,12","865,98","","-0,63%"
"07.11.2024","874,98","863,41","876,84","862,50","","1,26%"
"06.11.2024","864,10","873,77","875,17","860,20","","-0,92%"
"05.11.2024","872,11","866,69","873,84","865,59","","0,50%"
"04.11.2024","867,73","865,33","870,22","865,19","","0,42%"
"01.11.2024","864,10","864,14","866,73","860,19","","0,21%"
"31.10.2024","862,31","869,57","869,71","860,53","","-0,86%"
"30.10.2024","869,81","874,58","875,81","867,39","","-0,45%"
"29.10.2024","873,73","875,95","878,60","873,11","","-0,26%"
"28.10.2024","876,00","871,33","877,08","870,90","","0,30%"
"25.10.2024","873,39","874,38","874,87","871,64","","0,01%"
"24.10.2024","873,33","873,65","876,39","872,09","","0,01%"
"23.10.2024","873,25","878,41","878,94","872,68","","-0,61%"
"22.10.2024","878,59","882,96","882,96","876,91","","-0,64%"
"21.10.2024","884,27","890,80","891,98","882,43","","-0,68%"
"18.10.2024","890,28","883,08","890,82","882,76","","0,81%"
"17.10.2024","883,17","882,85","886,01","881,22","","-0,03%"
"16.10.2024","883,45","887,50","887,54","882,38","","-0,54%"
"15.10.2024","888,27","893,22","896,09","886,81","","-0,56%"
"14.10.2024","893,26","892,11","894,04","889,67","","0,08%"
"11.10.2024","892,59","890,10","893,30","889,21","","0,35%"
"10.10.2024","889,47","887,31","892,01","887,29","","0,19%"
"09.10.2024","887,78","888,82","891,42","885,15","","-0,02%"
"08.10.2024","887,93","900,66","900,69","887,15","","-1,35%"
"07.10.2024","900,05","894,39","901,70","894,21","","0,48%"
"04.10.2024","895,74","895,35","898,92","893,32","","0,03%"
"03.10.2024","895,48","902,09","904,84","893,21","","-0,77%"
"02.10.2024","902,42","903,05","907,65","901,05","","-0,14%"
"01.10.2024","903,71","904,43","906,85","901,08","","-0,29%"
"30.09.2024","906,33","915,77","915,89","902,62","","-1,05%"
"27.09.2024","915,92","907,48","918,01","906,91","","1,08%"
"26.09.2024","906,15","889,99","908,19","889,99","","1,65%"
"25.09.2024","891,44","894,11","896,58","888,67","","0,04%"
"24.09.2024","891,07","882,08","893,19","882,03","","1,06%"
"23.09.2024","881,74","878,73","882,27","877,50","","0,39%"
"20.09.2024","878,30","883,50","887,87","877,32","","-0,35%"
"19.09.2024","881,38","869,63","883,04","867,71","","1,38%"
"18.09.2024","869,40","872,68","874,90","867,79","","-0,32%"
"17.09.2024","872,18","872,23","875,57","869,86","","0,06%"
"16.09.2024","871,66","869,18","873,03","869,18","","0,26%"
"13.09.2024","869,38","864,88","870,73","864,82","","0,82%"
"12.09.2024","862,27","850,23","864,74","850,23","","1,40%"
"11.09.2024","850,35","852,07","853,29","847,05","","-0,18%"
"10.09.2024","851,87","855,11","856,19","850,84","","-0,42%"
"09.09.2024","855,43","855,92","856,45","850,55","","-0,40%"
"06.09.2024","858,84","863,92","865,50","855,60","","-0,36%"
"05.09.2024","861,97","864,16","867,46","861,97","","-0,29%"
"04.09.2024","864,50","874,58","874,58","860,55","","-1,16%"
"03.09.2024","874,62","880,36","881,16","873,90","","-0,64%"
"02.09.2024","880,28","881,45","882,01","878,10","","-0,22%"
"30.08.2024","882,18","880,56","884,57","879,56","","0,32%"
"29.08.2024","879,34","878,19","881,17","876,63","","0,00%"
"28.08.2024","879,31","880,16","881,13","877,73","","-0,03%"
"27.08.2024","879,60","878,83","881,21","877,38","","0,00%"
"26.08.2024","879,58","880,16","881,60","878,25","","0,14%"
"23.08.2024","878,33","871,32","880,97","870,46","","0,78%"
"22.08.2024","871,57","872,21","875,02","870,27","","0,08%"
"21.08.2024","870,84","869,67","873,91","867,81","","0,12%"
"20.08.2024","869,82","869,53","871,50","868,83","","0,26%"
"19.08.2024","867,56","861,43","868,70","860,72","","0,90%"
"16.08.2024","859,85","848,84","862,38","848,84","","1,27%"
"15.08.2024","849,10","844,95","849,34","844,14","","0,33%"
"14.08.2024","846,33","840,79","846,33","840,79","","0,95%"
"13.08.2024","838,33","831,08","840,61","831,08","","1,03%"
"12.08.2024","829,80","828,38","831,56","828,38","","0,09%"
"09.08.2024","829,07","821,55","829,44","821,55","","1,08%"
"08.08.2024","820,18","820,93","822,94","815,84","","-0,16%"
"07.08.2024","821,53","809,71","824,08","808,25","","1,33%"
"06.08.2024","810,75","797,39","813,33","797,39","0,00K","1,42%"
"05.08.2024","799,39","828,69","828,69","792,58","0,00K","-3,55%"
"02.08.2024","828,85","846,76","846,76","827,72","","-2,26%"
"01.08.2024","848,01","858,41","858,63","846,44","","-1,12%"
"31.07.2024","857,58","846,09","859,38","844,97","","1,58%"
"30.07.2024","844,24","844,53","846,20","841,66","","-0,10%"
"29.07.2024","845,11","844,34","850,44","843,95","","0,18%"
"26.07.2024","843,58","840,24","844,07","838,60","","0,35%"
"25.07.2024","840,64","847,91","847,91","837,55","","-1,17%"
"24.07.2024","850,59","853,17","854,25","848,17","","-0,38%"
"23.07.2024","853,86","854,46","856,94","853,05","","0,03%"
"22.07.2024","853,64","852,56","855,05","847,90","","0,12%"
"19.07.2024","852,65","859,37","859,37","851,48","","-1,04%"
"18.07.2024","861,62","867,91","867,91","859,09","","-0,64%"
"17.07.2024","867,15","868,27","869,70","865,73","","0,08%"
"16.07.2024","866,42","868,84","869,36","864,65","","-0,36%"
"15.07.2024","869,54","872,62","873,28","868,44","","-0,48%"
"12.07.2024","873,75","869,00","874,60","865,01","","0,42%"
"11.07.2024","870,09","860,20","871,60","860,20","","1,36%"
"10.07.2024","858,40","853,28","858,58","852,66","","0,60%"
"09.07.2024","853,29","855,01","857,52","852,19","","-0,22%"
"08.07.2024","855,18","855,71","857,47","853,54","","0,02%"
"05.07.2024","855,00","855,95","859,04","853,09","","-0,14%"
"04.07.2024","856,19","849,03","856,72","849,03","","0,86%"
"03.07.2024","848,91","839,56","850,54","839,34","","1,19%"
"02.07.2024","838,94","839,42","840,90","835,65","","-0,04%"
"01.07.2024","839,30","838,76","844,64","838,25","","0,17%"
"28.06.2024","837,91","837,08","840,12","835,97","","0,13%"
"27.06.2024","836,83","837,30","838,57","835,80","","-0,17%"
"26.06.2024","838,26","840,90","843,70","836,33","","-0,29%"
"25.06.2024","840,73","840,38","843,90","839,54","","0,14%"
"24.06.2024","839,58","834,71","841,23","833,11","","0,59%"
"21.06.2024","834,65","840,67","841,22","833,86","","-0,80%"
"20.06.2024","841,40","839,07","841,40","837,70","","0,21%"
"19.06.2024","839,62","836,92","840,72","836,92","","0,44%"
"18.06.2024","835,93","831,92","836,92","831,92","","0,78%"
"17.06.2024","829,47","831,05","832,07","827,75","","-0,29%"
"14.06.2024","831,86","836,95","837,75","829,31","","-0,75%"
"13.06.2024","838,16","845,08","846,63","836,94","","-0,99%"
"12.06.2024","846,50","836,75","848,05","836,05","","1,16%"
"11.06.2024","836,78","844,03","844,30","835,56","","-0,75%"
"10.06.2024","843,13","845,00","845,36","840,62","","-0,34%"
"07.06.2024","846,03","851,80","853,47","844,93","","-0,54%"
"06.06.2024","850,61","845,59","852,04","845,59","","0,82%"
"05.06.2024","843,68","840,71","845,65","839,14","","0,30%"
"04.06.2024","841,19","847,56","848,48","839,47","","-0,65%"
"03.06.2024","846,73","839,63","848,87","839,63","","1,00%"
"31.05.2024","838,38","835,73","839,98","835,08","","0,31%"
"30.05.2024","835,80","833,49","836,37","830,38","","0,02%"
"29.05.2024","835,61","847,25","847,55","834,68","","-1,56%"
"28.05.2024","848,86","851,26","853,01","847,31","","-0,28%"
"27.05.2024","851,24","846,19","851,24","846,19","","0,63%"
"24.05.2024","845,91","846,59","846,96","841,67","","-0,30%"
"23.05.2024","848,48","848,74","852,32","847,06","","-0,13%"
"22.05.2024","849,56","852,46","853,77","848,25","","-0,44%"
"21.05.2024","853,32","856,13","856,26","850,80","","-0,37%"
"20.05.2024","856,52","854,68","857,09","854,59","","0,21%"
"17.05.2024","854,69","852,91","854,92","850,74","","0,12%"
"16.05.2024","853,70","852,57","855,61","852,36","","0,55%"
"15.05.2024","848,99","843,45","851,52","843,45","","0,67%"
"14.05.2024","843,34","841,18","843,73","840,03","","0,21%"
"13.05.2024","841,54","838,43","842,19","837,71","","0,37%"
"10.05.2024","838,44","834,92","840,51","834,84","","0,61%"
"09.05.2024","833,35","831,83","834,33","829,44","","0,24%"
"08.05.2024","831,34","832,71","832,83","829,54","","-0,44%"
"07.05.2024","834,99","829,70","835,43","828,93","","0,65%"
"06.05.2024","829,56","824,82","830,00","824,72","","0,49%"
"03.05.2024","825,49","820,06","830,05","819,68","","1,05%"
"02.05.2024","816,94","814,59","820,26","813,18","","0,65%"
"01.05.2024","811,69","811,64","815,12","810,22","","-0,28%"
"30.04.2024","813,99","818,25","820,63","812,40","","-0,38%"
"29.04.2024","817,11","812,66","819,37","812,44","","0,60%"
"26.04.2024","812,24","807,41","813,79","806,71","","0,71%"
"25.04.2024","806,51","810,87","810,89","802,26","","-0,62%"
"24.04.2024","811,52","808,87","814,94","808,87","","0,46%"
"23.04.2024","807,81","800,31","808,73","800,29","","1,10%"
"22.04.2024","799,06","793,62","800,14","793,45","","0,76%"
"19.04.2024","793,06","796,87","796,87","788,08","","-0,66%"
"18.04.2024","798,32","795,60","800,71","795,43","","0,50%"
"17.04.2024","794,38","795,07","798,23","792,84","","-0,07%"
"16.04.2024","794,91","807,74","807,74","793,57","","-1,71%"
"15.04.2024","808,78","811,96","813,57","808,10","","-0,55%"
"12.04.2024","813,28","820,12","820,33","812,53","","-0,64%"
"11.04.2024","818,55","820,37","822,98","816,34","","-0,53%"
"10.04.2024","822,93","827,79","831,64","820,14","","-0,62%"
"09.04.2024","828,06","827,56","831,65","827,03","","0,18%"
"08.04.2024","826,54","822,33","827,13","822,13","","0,60%"
"05.04.2024","821,60","827,58","827,59","818,35","","-0,85%"
"04.04.2024","828,67","824,84","830,36","824,84","","0,62%"
"03.04.2024","823,56","823,25","824,94","819,68","","0,06%"
"02.04.2024","823,06","822,96","826,87","822,52","","-0,03%"
"01.04.2024","823,34","828,80","829,11","822,16","","-0,59%"
"29.03.2024","828,21","826,87","828,50","826,72","","0,15%"
"28.03.2024","827,00","826,14","827,83","825,27","","0,08%"
"27.03.2024","826,38","825,15","826,87","824,54","","0,13%"
"26.03.2024","825,32","824,16","826,68","823,26","","0,15%"
"25.03.2024","824,10","824,96","825,40","822,38","","-0,15%"
"22.03.2024","825,37","828,46","829,87","824,33","","-0,40%"
"21.03.2024","828,72","822,79","832,06","822,70","","1,28%"
"20.03.2024","818,26","817,83","822,16","815,34","","0,09%"
"19.03.2024","817,52","819,72","819,73","815,70","","-0,30%"
"18.03.2024","820,02","817,51","822,04","817,19","","0,30%"
"15.03.2024","817,53","821,93","821,94","817,03","","-0,62%"
"14.03.2024","822,66","825,53","827,89","821,16","","-0,30%"
"13.03.2024","825,10","824,09","826,16","822,69","","0,18%"
"12.03.2024","823,65","818,64","824,17","816,92","","0,54%"
"11.03.2024","819,20","823,53","823,65","817,13","","-0,67%"
"08.03.2024","824,70","821,20","827,57","821,19","","0,54%"
"07.03.2024","820,23","813,29","821,37","813,08","","0,85%"
"06.03.2024","813,32","806,89","814,55","805,88","","0,68%"
"05.03.2024","807,84","809,28","809,40","805,65","","-0,21%"
"04.03.2024","809,53","808,18","810,63","808,12","","0,20%"
"01.03.2024","807,89","801,16","808,48","800,88","","0,69%"
"29.02.2024","802,38","800,68","805,06","799,57","","0,23%"
"28.02.2024","800,51","805,18","805,46","800,06","","-0,60%"
"27.02.2024","805,33","803,58","805,85","802,62","","0,24%"
"26.02.2024","803,44","804,44","805,54","802,87","","-0,14%"
"23.02.2024","804,53","803,16","805,25","802,44","","0,26%"
"22.02.2024","802,41","795,93","805,29","795,80","","0,90%"
"21.02.2024","795,28","796,38","797,91","794,53","","-0,23%"
"20.02.2024","797,12","795,44","797,85","793,48","","0,26%"
"19.02.2024","795,04","794,36","795,88","794,05","","0,14%"
"16.02.2024","793,95","788,60","795,23","788,60","","0,80%"
"15.02.2024","787,66","779,84","788,47","779,84","","1,06%"
"14.02.2024","779,36","776,76","779,83","773,38","","0,22%"
"13.02.2024","777,64","782,84","785,94","775,56","","-0,62%"
"12.02.2024","782,49","781,22","783,63","780,74","","0,15%"
"09.02.2024","781,32","781,31","782,72","779,88","","0,07%"
"08.02.2024","780,75","782,52","784,29","780,20","","-0,23%"
"07.02.2024","782,56","781,94","784,91","781,88","","0,19%"
"06.02.2024","781,04","775,17","782,02","773,81","","0,85%"
"05.02.2024","774,44","777,73","779,23","773,51","","-0,61%"
"02.02.2024","779,19","781,62","786,84","776,95","","-0,08%"
"01.02.2024","779,79","779,73","781,75","776,02","","-0,34%"
"31.01.2024","782,43","780,99","784,98","778,50","","0,31%"
"30.01.2024","780,03","782,22","783,71","778,87","","-0,08%"
"29.01.2024","780,66","778,58","782,72","778,49","","0,28%"
"26.01.2024","778,46","776,55","780,13","772,64","","0,30%"
"25.01.2024","776,15","775,12","777,65","773,61","","-0,01%"
"24.01.2024","776,19","767,19","778,41","766,37","","1,27%"
"23.01.2024","766,48","767,19","771,40","765,40","","-0,18%"
"22.01.2024","767,83","765,26","769,01","765,26","","0,41%"
"19.01.2024","764,67","761,11","766,43","761,11","","0,60%"
"18.01.2024","760,09","758,76","762,09","758,41","","0,36%"
"17.01.2024","757,37","769,00","770,22","755,25","","-1,61%"
"16.01.2024","769,73","779,34","779,39","768,20","","-1,24%"
"15.01.2024","779,38","780,32","782,89","778,15","","-0,27%"
"12.01.2024","781,50","777,39","784,63","777,34","","0,76%"
"11.01.2024","775,63","776,10","782,66","774,37","","-0,05%"
"10.01.2024","775,98","775,48","777,23","774,77","","0,06%"
"09.01.2024","775,49","777,83","781,27","774,84","","-0,35%"
"08.01.2024","778,24","776,93","778,49","771,80","","-0,04%"
"05.01.2024","778,59","777,10","780,48","769,50","","0,14%"
"04.01.2024","777,54","775,01","778,27","773,33","","0,47%"
"03.01.2024","773,91","782,50","782,54","772,21","","-1,19%"
"02.01.2024","783,25","789,78","790,23","782,23","","-0,91%"
"01.01.2024","790,42","789,44","790,42","789,39","","0,03%"
"29.12.2023","790,17","788,48","791,14","787,82","","-0,11%"
"28.12.2023","791,03","787,80","793,23","787,67","","0,52%"
"27.12.2023","786,93","779,46","788,02","779,46","","1,10%"
"26.12.2023","778,39","777,53","779,52","776,94","","0,19%"
"25.12.2023","776,93","777,55","777,55","776,48","","0,05%"
"22.12.2023","776,58","776,76","778,59","774,84","","0,11%"
"21.12.2023","775,72","773,91","776,69","770,93","","0,07%"
"20.12.2023","775,20","774,53","777,84","773,06","","0,10%"
"19.12.2023","774,46","769,51","774,88","768,45","","0,69%"
"18.12.2023","769,15","771,17","771,17","768,09","","-0,44%"
"15.12.2023","772,57","772,03","776,67","770,89","","0,05%"
"14.12.2023","772,18","761,56","773,37","761,51","","2,16%"
"13.12.2023","755,82","754,96","762,04","752,34","","0,20%"
"12.12.2023","754,32","753,47","758,13","752,69","","0,20%"
"11.12.2023","752,84","752,03","754,29","751,27","","-0,01%"
"08.12.2023","752,93","752,18","754,37","748,96","","0,18%"
"07.12.2023","751,57","751,51","754,90","748,10","","-0,15%"
"06.12.2023","752,72","747,94","754,75","747,84","","0,57%"
"05.12.2023","748,43","751,51","751,51","746,79","","-0,37%"
"04.12.2023","751,22","756,35","757,54","750,31","","-0,25%"
"01.12.2023","753,09","750,56","756,41","749,97","","0,12%"
"30.11.2023","752,18","750,45","752,63","748,61","","0,24%"
"29.11.2023","750,38","750,98","752,81","748,89","","0,08%"
"28.11.2023","749,81","748,00","751,87","745,53","","0,41%"
"27.11.2023","746,77","749,28","750,49","746,56","","-0,35%"
"24.11.2023","749,41","747,89","749,87","746,56","","0,16%"
"23.11.2023","748,18","745,63","748,90","745,57","","0,46%"
"22.11.2023","744,74","746,62","747,66","743,55","","-0,42%"
"21.11.2023","747,87","747,99","751,62","746,11","","0,05%"
"20.11.2023","747,46","743,84","748,43","743,19","","0,60%"
"17.11.2023","743,00","738,18","743,88","736,59","","0,55%"
"16.11.2023","738,91","740,27","741,05","737,11","","-0,31%"
"15.11.2023","741,21","733,56","743,50","733,56","","1,41%"
"14.11.2023","730,90","720,07","734,33","719,33","","1,74%"
"13.11.2023","718,43","715,23","719,49","714,52","","0,57%"
"10.11.2023","714,34","718,96","718,96","712,08","","-1,02%"
"09.11.2023","721,68","717,31","722,75","717,25","","0,59%"
"08.11.2023","717,42","718,82","719,20","714,71","","-0,14%"
"07.11.2023","718,39","724,48","724,48","717,06","","-0,99%"
"06.11.2023","725,58","719,86","727,22","719,82","","0,86%"
"03.11.2023","719,39","709,56","721,02","709,56","","1,47%"
"02.11.2023","708,95","697,70","710,65","697,67","","1,95%"
"01.11.2023","695,37","690,32","697,57","690,27","","0,79%"
"31.10.2023","689,94","692,38","694,40","688,94","","-0,35%"
"30.10.2023","692,35","689,16","693,54","687,29","","0,35%"
"27.10.2023","689,94","688,59","693,32","688,58","","0,28%"
"26.10.2023","688,03","693,95","693,95","685,47","","-1,03%"
"25.10.2023","695,20","695,00","698,84","692,42","","0,03%"
"24.10.2023","694,98","695,45","697,68","692,49","","0,15%"
"23.10.2023","693,93","695,87","696,16","690,06","","-0,31%"
"20.10.2023","696,12","702,59","702,59","695,90","","-0,83%"
"19.10.2023","701,95","709,71","709,73","701,77","","-1,18%"
"18.10.2023","710,34","717,14","717,69","709,65","","-0,96%"
"17.10.2023","717,25","715,08","718,32","713,51","","0,42%"
"16.10.2023","714,26","714,96","715,29","710,74","","-0,03%"
"13.10.2023","714,51","721,13","721,59","714,19","","-1,24%"
"12.10.2023","723,51","723,42","729,73","721,51","","0,02%"
"11.10.2023","723,38","720,14","724,57","720,14","","0,62%"
"10.10.2023","718,95","707,51","720,54","707,48","","1,81%"
"09.10.2023","706,16","707,37","708,27","703,81","","0,00%"
"06.10.2023","706,19","703,03","709,19","700,53","","0,61%"
"05.10.2023","701,94","697,47","703,42","697,43","","0,80%"
"04.10.2023","696,36","701,14","701,25","693,62","","-0,76%"
"03.10.2023","701,71","709,89","709,89","700,35","","-1,29%"
"02.10.2023","710,89","717,99","720,31","709,58","","-1,20%"
"29.09.2023","719,52","717,05","723,76","715,83","","0,45%"
"28.09.2023","716,29","713,87","717,42","711,21","","0,26%"
"27.09.2023","714,42","715,45","718,47","712,44","","-0,41%"
"26.09.2023","717,39","723,52","723,57","716,27","","-0,74%"
"25.09.2023","722,76","728,40","728,88","721,27","","-0,87%"
"22.09.2023","729,09","727,02","731,10","726,09","","0,06%"
"21.09.2023","728,64","737,83","737,83","728,31","","-1,70%"
"20.09.2023","741,22","738,87","742,66","735,96","","0,26%"
"19.09.2023","739,33","740,46","741,54","738,44","","-0,07%"
"18.09.2023","739,86","745,30","745,39","738,76","","-0,72%"
"15.09.2023","745,24","742,12","747,74","742,12","","0,36%"
"14.09.2023","742,53","735,34","742,89","735,34","","0,97%"
"13.09.2023","735,39","737,20","737,85","732,23","","-0,08%"
"12.09.2023","736,01","737,30","738,48","735,32","","-0,17%"
"11.09.2023","737,25","733,00","738,46","731,82","","0,63%"
"08.09.2023","732,67","732,91","733,76","729,91","","-0,09%"
"07.09.2023","733,33","736,54","736,54","731,93","","-0,37%"
"06.09.2023","736,09","739,44","740,49","735,83","","-0,37%"
"05.09.2023","738,81","745,72","745,99","738,81","","-0,93%"
"04.09.2023","745,71","742,24","749,27","742,24","","0,34%"
"01.09.2023","743,16","742,43","748,06","741,77","","0,07%"
"31.08.2023","742,64","745,65","747,53","742,22","","-0,46%"
"30.08.2023","746,04","743,89","748,15","742,93","","0,63%"
"29.08.2023","741,38","734,82","744,31","734,82","","1,02%"
"28.08.2023","733,89","727,45","734,52","727,45","","1,11%"
"25.08.2023","725,85","730,86","730,87","724,64","","-0,97%"
"24.08.2023","732,99","733,54","739,49","731,26","","0,12%"
"23.08.2023","732,13","727,23","733,75","727,09","","0,57%"
"22.08.2023","727,95","725,34","731,70","725,26","","0,55%"
"21.08.2023","723,94","725,74","728,01","723,42","","-0,21%"
"18.08.2023","725,45","728,85","730,83","722,27","","-0,64%"
"17.08.2023","730,14","732,82","734,09","728,04","","-0,63%"
"16.08.2023","734,78","737,12","737,12","732,49","","-0,72%"
"15.08.2023","740,10","744,52","745,33","737,91","","-0,48%"
"14.08.2023","743,68","749,32","749,35","740,36","","-0,91%"
"11.08.2023","750,48","755,68","756,77","748,64","","-1,01%"
"10.08.2023","758,17","752,79","761,25","751,80","","0,67%"
"09.08.2023","753,14","750,67","755,51","750,13","","0,40%"
"08.08.2023","750,11","756,85","757,22","748,24","","-0,81%"
"07.08.2023","756,24","755,86","757,00","753,06","","-0,10%"
"04.08.2023","757,03","752,06","758,81","750,69","","0,68%"
"03.08.2023","751,92","755,60","756,12","749,32","","-0,54%"
"02.08.2023","755,98","771,01","771,01","754,93","","-1,96%"
"01.08.2023","771,06","776,35","777,22","769,67","","-0,84%"
"31.07.2023","777,60","775,58","778,54","774,64","","0,27%"
"28.07.2023","775,49","772,31","776,07","770,29","","0,35%"
"27.07.2023","772,77","770,29","778,90","770,18","","0,38%"
"26.07.2023","769,84","771,19","771,97","767,04","","-0,07%"
"25.07.2023","770,36","764,58","771,30","764,27","","0,66%"
"24.07.2023","765,29","765,64","766,56","762,92","","0,06%"
"21.07.2023","764,86","766,50","766,76","760,31","","-0,23%"
"20.07.2023","766,60","768,77","771,63","765,13","","-0,22%"
"19.07.2023","768,26","768,82","770,86","766,61","","-0,05%"
"18.07.2023","768,68","766,97","769,14","765,55","","0,29%"
"17.07.2023","766,49","768,45","768,91","764,43","","-0,43%"
"14.07.2023","769,78","769,28","772,06","767,98","","0,30%"
"13.07.2023","767,49","757,57","768,82","757,34","","1,50%"
"12.07.2023","756,18","744,35","757,04","744,04","","1,84%"
"11.07.2023","742,54","737,71","743,92","737,70","","0,93%"
"10.07.2023","735,72","735,46","737,27","732,70","","0,13%"
"07.07.2023","734,73","732,50","736,33","728,68","","0,26%"
"06.07.2023","732,84","746,12","746,12","731,28","","-1,91%"
"05.07.2023","747,10","751,72","751,72","745,89","","-0,71%"
"04.07.2023","752,42","751,42","753,27","750,43","","0,08%"
"03.07.2023","751,79","747,62","753,19","747,62","","0,64%"
"30.06.2023","747,00","740,36","748,42","738,96","","0,74%"
"29.06.2023","741,49","742,87","744,39","739,50","","-0,04%"
"28.06.2023","741,82","741,18","744,84","740,03","","0,21%"
"27.06.2023","740,29","737,54","741,81","736,17","","0,39%"
"26.06.2023","737,40","737,56","738,52","734,87","","0,04%"
"23.06.2023","737,09","746,35","746,71","736,61","","-1,23%"
"22.06.2023","746,26","751,44","751,96","745,37","","-0,46%"
"21.06.2023","749,69","752,41","752,41","747,56","","-0,27%"
"20.06.2023","751,73","756,93","756,93","750,97","","-0,71%"
"19.06.2023","757,07","762,93","762,93","756,58","","-0,74%"
"16.06.2023","762,68","760,91","764,91","759,63","","0,47%"
"15.06.2023","759,14","754,85","761,38","752,91","","0,41%"
"14.06.2023","756,07","750,91","756,82","750,66","","0,72%"
"13.06.2023","750,65","743,43","751,45","743,43","","1,06%"
"12.06.2023","742,76","742,04","745,90","741,00","","0,13%"
"09.06.2023","741,83","740,49","743,56","740,49","","0,36%"
"08.06.2023","739,19","736,94","740,08","734,80","","0,24%"
"07.06.2023","737,45","738,66","740,95","735,87","","-0,03%"
"06.06.2023","737,66","735,25","738,34","734,90","","0,28%"
"05.06.2023","735,59","734,40","737,31","734,32","","0,13%"
"02.06.2023","734,64","724,84","735,35","724,83","","1,70%"
"01.06.2023","722,33","716,65","724,38","716,11","","1,09%"
"31.05.2023","714,56","724,49","724,62","713,83","","-1,46%"
"30.05.2023","725,13","727,75","730,71","724,59","","-0,40%"
"29.05.2023","728,06","727,72","730,29","727,72","","0,18%"
"26.05.2023","726,77","721,48","728,14","721,48","","0,67%"
"25.05.2023","721,93","727,19","727,35","720,89","","-0,78%"
"24.05.2023","727,57","737,14","737,33","726,65","","-1,38%"
"23.05.2023","737,77","743,68","744,60","736,94","","-0,67%"
"22.05.2023","742,78","741,76","744,82","741,50","","0,34%"
"19.05.2023","740,27","737,06","743,35","736,20","","0,47%"
"18.05.2023","736,81","737,31","740,65","735,96","","0,14%"
"17.05.2023","735,80","738,79","739,88","734,83","","-0,44%"
"16.05.2023","739,07","741,82","743,64","738,49","","-0,24%"
"15.05.2023","740,83","736,60","741,66","736,43","","0,45%"
"12.05.2023","737,53","738,96","741,12","736,15","","-0,25%"
"11.05.2023","739,39","742,86","743,70","736,49","","-0,37%"
"10.05.2023","742,12","743,87","745,55","740,88","","-0,20%"
"09.05.2023","743,63","746,31","747,58","741,11","","-0,46%"
"08.05.2023","747,05","743,80","747,84","743,63","","0,54%"
"05.05.2023","743,02","737,88","744,44","737,61","","0,82%"
"04.05.2023","736,95","738,60","740,71","736,00","","-0,07%"
"03.05.2023","737,45","735,56","739,93","734,00","","0,38%"
"02.05.2023","734,66","738,76","741,33","733,99","","-0,68%"
"01.05.2023","739,70","740,11","741,87","738,65","","-0,14%"
"28.04.2023","740,77","737,64","741,04","734,27","","0,60%"
"27.04.2023","736,37","735,06","737,76","734,00","","0,14%"
"26.04.2023","735,33","735,73","737,06","733,54","","-0,13%"
"25.04.2023","736,29","743,33","744,36","735,56","","-0,78%"
"24.04.2023","742,05","741,67","742,66","738,60","","0,19%"
"21.04.2023","740,64","742,08","742,67","737,47","","-0,31%"
"20.04.2023","742,98","741,67","743,69","739,57","","0,05%"
"19.04.2023","742,59","746,09","746,54","740,01","","-0,44%"
"18.04.2023","745,90","742,63","747,14","742,44","","0,45%"
"17.04.2023","742,54","743,57","747,04","741,78","","-0,29%"
"14.04.2023","744,72","744,12","748,51","742,77","","0,16%"
"13.04.2023","743,52","738,72","744,59","736,86","","0,78%"
"12.04.2023","737,79","735,03","741,19","734,18","","0,48%"
"11.04.2023","734,26","728,78","734,93","728,78","","1,06%"
"10.04.2023","726,55","729,81","730,43","726,05","","-0,46%"
"07.04.2023","729,92","729,34","730,27","727,95","","0,10%"
"06.04.2023","729,22","729,12","730,01","726,17","","-0,10%"
"05.04.2023","729,97","732,99","733,59","728,57","","-0,50%"
"04.04.2023","733,62","731,84","735,00","729,61","","0,34%"
"03.04.2023","731,10","725,94","732,27","724,23","","0,49%"
"31.03.2023","727,57","725,30","729,06","724,96","","0,44%"
"30.03.2023","724,36","716,50","724,68","715,82","","1,14%"
"29.03.2023","716,20","709,89","716,83","709,46","","0,96%"
"28.03.2023","709,39","705,86","710,94","705,85","","0,65%"
"27.03.2023","704,84","702,95","706,18","700,92","","0,32%"
"24.03.2023","702,59","709,20","710,34","699,08","","-1,27%"
"23.03.2023","711,63","707,52","713,59","707,05","","0,93%"
"22.03.2023","705,06","701,81","711,96","701,81","","0,74%"
"21.03.2023","699,88","693,72","702,48","693,42","","1,02%"
"20.03.2023","692,79","691,71","694,25","681,60","","0,29%"
"17.03.2023","690,78","689,58","698,72","688,91","","0,20%"
"16.03.2023","689,42","685,31","690,55","682,57","","0,57%"
"15.03.2023","685,50","700,07","703,76","684,09","","-1,87%"
"14.03.2023","698,57","699,52","700,32","692,33","","-0,41%"
"13.03.2023","701,42","704,67","709,57","697,59","","-0,74%"
"10.03.2023","706,62","712,43","712,43","700,71","","-0,84%"
"09.03.2023","712,57","713,76","715,38","711,66","","-0,11%"
"08.03.2023","713,37","714,39","715,43","710,21","","-0,43%"
"07.03.2023","716,48","724,31","726,67","714,02","","-1,08%"
"06.03.2023","724,30","721,51","725,30","721,40","","0,68%"
"03.03.2023","719,41","712,83","722,08","712,83","","0,90%"
"02.03.2023","712,97","714,60","715,68","709,43","","-0,16%"
"01.03.2023","714,10","707,97","718,63","706,52","","0,65%"
"28.02.2023","709,51","711,46","713,09","707,58","","-0,23%"
"27.02.2023","711,17","706,29","712,97","704,07","","0,63%"
"24.02.2023","706,73","716,06","717,81","705,63","","-1,30%"
"23.02.2023","716,05","715,49","719,18","714,66","","-0,06%"
"22.02.2023","716,48","721,67","721,67","714,31","","-0,97%"
"21.02.2023","723,48","727,81","727,84","721,19","","-0,64%"
"20.02.2023","728,12","726,21","729,56","725,16","","0,44%"
"17.02.2023","724,94","729,56","729,56","720,33","","-0,66%"
"16.02.2023","729,76","728,31","734,35","726,43","","0,34%"
"15.02.2023","727,30","732,20","732,32","725,37","","-0,65%"
"14.02.2023","732,03","731,52","738,96","729,89","","0,18%"
"13.02.2023","730,71","727,80","731,69","723,53","","0,36%"
"10.02.2023","728,09","734,07","734,21","726,22","","-1,07%"
"09.02.2023","735,95","731,33","739,45","730,11","","0,59%"
"08.02.2023","731,63","730,63","735,92","730,33","","0,37%"
"07.02.2023","728,92","727,44","732,60","725,63","","0,22%"
"06.02.2023","727,31","736,75","737,53","725,47","","-1,82%"
"03.02.2023","740,76","743,61","745,15","736,45","","-0,66%"
"02.02.2023","745,65","743,25","747,26","741,70","","0,76%"
"01.02.2023","740,03","735,68","744,24","735,56","","0,65%"
"31.01.2023","735,22","737,81","738,64","729,63","","-0,50%"
"30.01.2023","738,95","742,10","743,20","737,34","","-0,28%"
"27.01.2023","741,04","741,74","743,36","739,98","","0,15%"
"26.01.2023","739,91","738,93","743,33","738,92","","0,28%"
"25.01.2023","737,86","737,22","739,13","734,85","","0,15%"
"24.01.2023","736,78","735,19","739,28","732,89","","0,25%"
"23.01.2023","734,95","732,07","735,83","731,96","","0,62%"
"20.01.2023","730,43","727,24","731,98","726,82","","0,65%"
"19.01.2023","725,73","731,56","731,84","724,99","","-1,16%"
"18.01.2023","734,22","730,30","738,96","727,57","","0,51%"
"17.01.2023","730,49","728,71","731,98","726,85","","0,19%"
"16.01.2023","729,10","728,90","732,23","726,52","","0,05%"
"13.01.2023","728,76","724,33","729,25","723,49","","0,95%"
"12.01.2023","721,91","714,83","725,51","714,80","","1,09%"
"11.01.2023","714,16","710,78","715,61","710,78","","0,54%"
"10.01.2023","710,31","712,55","713,82","708,26","","-0,37%"
"09.01.2023","712,95","702,15","714,53","702,15","","1,90%"
"06.01.2023","699,65","690,58","702,33","689,16","","1,44%"
"05.01.2023","689,75","692,83","696,69","689,43","","-0,42%"
"04.01.2023","692,66","683,83","693,86","682,86","","1,16%"
"03.01.2023","684,75","683,24","689,14","680,14","","0,31%"
"02.01.2023","682,64","681,94","683,80","680,82","","0,39%"
"30.12.2022","679,96","683,15","685,19","679,96","","-0,45%"
"29.12.2022","683,00","679,29","683,99","676,50","","0,45%"
"28.12.2022","679,96","681,73","684,68","679,05","","-0,31%"
"27.12.2022","682,07","681,29","683,69","680,89","","0,35%"
"26.12.2022","679,68","679,37","680,57","679,06","","0,08%"
"23.12.2022","679,17","680,45","680,45","676,72","","-0,26%"
"22.12.2022","680,96","681,43","688,49","678,92","","-0,14%"
"21.12.2022","681,91","677,10","682,42","675,61","","0,72%"
"20.12.2022","677,01","676,41","679,15","672,13","","0,23%"
"19.12.2022","675,46","677,29","679,95","675,46","","-0,27%"
"16.12.2022","677,32","682,71","684,03","676,18","","-1,01%"
"15.12.2022","684,20","699,84","699,91","681,22","","-2,18%"
"14.12.2022","699,43","696,88","701,36","696,35","","0,33%"
"13.12.2022","697,10","687,88","702,36","686,76","","1,58%"
"12.12.2022","686,24","691,84","691,84","685,12","","-0,90%"
"09.12.2022","692,44","687,36","694,04","687,34","","0,79%"
"08.12.2022","686,98","684,20","688,36","681,64","","0,45%"
"07.12.2022","683,90","687,92","688,75","682,16","","-0,79%"
"06.12.2022","689,38","693,22","694,22","687,45","","-0,89%"
"05.12.2022","695,58","697,08","701,84","692,50","","0,18%"
"02.12.2022","694,34","699,55","700,02","690,44","","-0,58%"
"01.12.2022","698,40","690,71","700,90","690,71","","1,99%"
"30.11.2022","684,80","679,68","691,49","678,57","","0,58%"
"29.11.2022","680,83","675,34","683,94","674,28","","0,49%"
"28.11.2022","677,51","681,78","681,78","674,89","","-0,85%"
"25.11.2022","683,30","684,75","685,05","680,99","","-0,27%"
"24.11.2022","685,14","678,46","685,81","678,46","","1,15%"
"23.11.2022","677,35","671,13","678,88","670,96","","1,06%"
"22.11.2022","670,25","665,11","671,14","665,11","","0,84%"
"21.11.2022","664,69","671,51","672,03","663,78","","-1,23%"
"18.11.2022","672,96","669,86","674,52","669,72","","0,73%"
"17.11.2022","668,07","674,21","675,33","664,86","","-1,06%"
"16.11.2022","675,22","678,70","679,25","673,00","","-0,51%"
"15.11.2022","678,66","670,68","683,85","670,06","","1,24%"
"14.11.2022","670,33","670,66","674,09","668,86","","-0,11%"
"11.11.2022","671,08","652,83","673,51","652,48","","3,12%"
"10.11.2022","650,77","634,87","654,18","629,18","","2,29%"
"09.11.2022","636,22","640,54","641,85","634,39","","-0,64%"
"08.11.2022","640,32","633,98","642,05","633,07","","1,12%"
"07.11.2022","633,20","626,25","634,62","625,93","","1,35%"
"04.11.2022","624,76","609,68","629,28","607,79","","2,46%"
"03.11.2022","609,76","617,22","617,22","606,24","","-1,67%"
"02.11.2022","620,13","619,49","625,76","617,64","","0,11%"
"01.11.2022","619,44","612,34","625,03","612,32","","1,15%"
"31.10.2022","612,39","611,82","615,07","611,08","","0,10%"
"28.10.2022","611,78","615,53","616,70","607,98","","-0,92%"
"27.10.2022","617,43","618,85","620,88","614,03","","0,09%"
"26.10.2022","616,88","609,63","619,37","608,92","","1,32%"
"25.10.2022","608,86","600,27","610,04","599,60","","1,46%"
"24.10.2022","600,07","601,49","605,12","596,01","","0,36%"
"21.10.2022","597,90","598,22","603,15","588,60","","-0,60%"
"20.10.2022","601,49","598,13","603,08","594,82","","0,24%"
"19.10.2022","600,02","606,65","607,52","598,05","","-1,01%"
"18.10.2022","606,16","600,03","609,95","600,02","","1,05%"
"17.10.2022","599,89","592,29","601,38","589,50","","1,06%"
"14.10.2022","593,57","592,03","600,99","591,61","","0,91%"
"13.10.2022","588,24","589,06","592,50","578,16","","-0,09%"
"12.10.2022","588,78","590,17","591,86","586,99","","-0,33%"
"11.10.2022","590,70","599,22","599,36","588,22","","-1,41%"
"10.10.2022","599,14","604,32","604,32","597,73","","-1,25%"
"07.10.2022","606,73","614,04","614,09","604,21","","-1,45%"
"06.10.2022","615,67","619,76","623,36","613,72","","-0,37%"
"05.10.2022","617,96","621,16","626,68","615,70","","-0,25%"
"04.10.2022","619,48","600,15","621,55","600,15","","3,35%"
"03.10.2022","599,41","593,90","600,51","589,71","","0,82%"
"30.09.2022","594,53","595,23","596,72","591,00","","0,29%"
"29.09.2022","592,81","595,99","598,59","589,00","","0,03%"
"28.09.2022","592,62","593,86","597,07","582,70","","-0,42%"
"27.09.2022","595,13","593,64","600,36","592,97","","-0,06%"
"26.09.2022","595,47","603,94","603,94","592,73","","-1,72%"
"23.09.2022","605,90","622,04","622,25","603,69","","-2,46%"
"22.09.2022","621,21","626,45","629,28","618,93","","-1,27%"
"21.09.2022","629,23","634,49","634,56","627,32","","-1,04%"
"20.09.2022","635,85","639,43","643,93","634,32","","-0,28%"
"19.09.2022","637,62","639,42","639,65","632,66","","-0,26%"
"16.09.2022","639,27","645,18","645,93","637,12","","-1,16%"
"15.09.2022","646,80","649,73","651,03","645,76","","-0,57%"
"14.09.2022","650,50","655,36","655,36","647,94","","-1,24%"
"13.09.2022","658,67","668,55","673,62","655,93","","-1,46%"
"12.09.2022","668,45","659,07","669,00","658,94","","1,68%"
"09.09.2022","657,43","646,58","658,77","646,51","","1,95%"
"08.09.2022","644,87","642,49","646,37","639,81","","0,84%"
"07.09.2022","639,51","642,49","642,49","635,38","","-0,67%"
"06.09.2022","643,81","647,83","649,77","640,94","","-0,44%"
"05.09.2022","646,68","648,71","649,82","642,64","","-0,88%"
"02.09.2022","652,40","645,62","653,52","643,66","","1,14%"
"01.09.2022","645,03","657,62","657,62","643,14","","-2,29%"
"31.08.2022","660,18","661,60","665,21","659,03","","-0,28%"
"30.08.2022","662,06","664,70","670,72","661,14","","-0,21%"
"29.08.2022","663,46","669,21","669,21","661,02","","-1,54%"
"26.08.2022","673,84","677,92","681,78","671,43","","-0,60%"
"25.08.2022","677,88","670,67","679,55","670,65","","0,94%"
"24.08.2022","671,55","671,82","672,38","667,83","","-0,18%"
"23.08.2022","672,76","672,51","675,09","668,05","","-0,21%"
"22.08.2022","674,18","680,90","681,10","672,40","","-1,08%"
"19.08.2022","681,56","688,29","688,39","680,68","","-1,21%"
"18.08.2022","689,93","691,79","692,30","687,31","","-0,18%"
"17.08.2022","691,18","694,49","697,47","690,58","","-0,42%"
"16.08.2022","694,08","693,79","694,74","692,12","","-0,12%"
"15.08.2022","694,90","696,06","697,47","693,11","","-0,02%"
"12.08.2022","695,06","694,15","697,15","693,94","","-0,01%"
"11.08.2022","695,10","689,37","696,99","689,37","","0,64%"
"10.08.2022","690,70","681,21","691,48","677,53","","1,28%"
"09.08.2022","681,98","684,47","684,74","680,81","","-0,46%"
"08.08.2022","685,10","680,28","686,74","678,83","","0,70%"
"05.08.2022","680,37","684,53","686,44","678,70","","-0,36%"
"04.08.2022","682,86","678,69","684,79","678,69","","0,89%"
"03.08.2022","676,85","675,60","679,17","674,67","","-0,29%"
"02.08.2022","678,84","685,41","685,96","676,14","","-1,15%"
"01.08.2022","686,76","682,52","688,08","681,88","","0,71%"
"29.07.2022","681,95","678,66","682,94","677,78","","0,74%"
"28.07.2022","676,93","672,97","678,71","672,32","","1,28%"
"27.07.2022","668,36","666,09","673,09","665,10","","0,21%"
"26.07.2022","666,99","669,33","671,06","665,78","","-0,25%"
"25.07.2022","668,69","668,08","670,13","665,17","","-0,21%"
"22.07.2022","670,11","668,06","672,49","665,08","","0,53%"
"21.07.2022","666,59","663,64","668,10","661,94","","0,24%"
"20.07.2022","665,02","661,81","668,88","661,81","","0,43%"
"19.07.2022","662,19","653,84","662,49","652,14","","1,01%"
"18.07.2022","655,54","645,44","656,38","645,30","","1,78%"
"15.07.2022","644,09","638,19","644,79","636,09","","1,13%"
"14.07.2022","636,88","645,38","646,73","633,84","","-1,71%"
"13.07.2022","647,93","647,99","650,25","641,81","","-0,06%"
"12.07.2022","648,34","651,01","651,01","643,27","","-0,53%"
"11.07.2022","651,82","660,94","661,92","649,97","","-1,35%"
"08.07.2022","660,72","658,18","661,75","655,30","","0,46%"
"07.07.2022","657,67","647,43","658,22","646,83","","1,60%"
"06.07.2022","647,34","648,80","651,48","644,44","","-0,11%"
"05.07.2022","648,08","659,83","662,58","646,55","","-1,70%"
"04.07.2022","659,32","656,88","661,66","655,70","","0,75%"
"01.07.2022","654,43","660,46","660,92","652,35","","-0,71%"
"30.06.2022","659,14","667,71","667,71","655,40","","-1,37%"
"29.06.2022","668,28","674,92","674,92","667,22","","-1,07%"
"28.06.2022","675,51","675,01","680,33","673,55","","-0,06%"
"27.06.2022","675,89","668,48","677,49","668,48","","1,33%"
"24.06.2022","667,01","653,83","668,02","653,05","","1,90%"
"23.06.2022","654,59","656,60","658,85","652,09","","-0,51%"
"22.06.2022","657,97","663,74","664,53","652,27","","-1,04%"
"21.06.2022","664,87","657,13","667,18","657,13","","1,11%"
"20.06.2022","657,54","653,81","657,57","650,84","","0,70%"
"17.06.2022","652,95","661,13","661,13","651,66","","-1,01%"
"16.06.2022","659,60","670,44","672,81","657,88","","-0,97%"
"15.06.2022","666,06","662,76","670,54","661,66","","0,45%"
"14.06.2022","663,07","668,50","670,79","660,79","","-1,05%"
"13.06.2022","670,12","688,77","688,77","668,52","","-3,14%"
"10.06.2022","691,81","706,02","706,13","690,06","","-2,39%"
"09.06.2022","708,72","717,19","717,73","706,69","","-1,38%"
"08.06.2022","718,64","717,64","720,95","716,87","","0,21%"
"07.06.2022","717,12","718,96","718,96","712,56","","-0,55%"
"06.06.2022","721,05","715,12","723,01","714,68","","0,68%"
"03.06.2022","716,21","720,38","721,68","715,18","","-0,21%"
"02.06.2022","717,74","714,10","719,62","711,01","","0,30%"
"01.06.2022","715,56","721,30","722,38","713,58","","-0,73%"
"31.05.2022","720,84","723,96","724,83","719,85","","-0,49%"
"30.05.2022","724,39","714,83","725,01","714,83","","1,60%"
"27.05.2022","712,98","704,63","713,87","704,63","","1,48%"
"26.05.2022","702,56","699,00","703,73","696,13","","0,64%"
"25.05.2022","698,12","697,75","699,57","694,90","","0,15%"
"24.05.2022","697,04","702,31","702,31","696,07","","-0,73%"
"23.05.2022","702,17","695,11","702,78","694,99","","1,19%"
"20.05.2022","693,88","687,65","697,38","687,57","","0,93%"
"19.05.2022","687,52","691,47","691,47","680,23","","-0,88%"
"18.05.2022","693,64","697,39","699,46","691,25","","-0,34%"
"17.05.2022","696,01","684,43","697,17","684,43","","1,98%"
"16.05.2022","682,52","682,43","684,72","679,02","","0,30%"
"13.05.2022","680,48","667,33","681,77","667,33","","1,80%"
"12.05.2022","668,45","677,42","677,54","663,59","","-1,68%"
"11.05.2022","679,84","673,47","682,32","672,31","","0,81%"
"10.05.2022","674,39","675,13","680,27","669,51","","-0,14%"
"09.05.2022","675,32","690,51","690,51","675,32","","-2,60%"
"06.05.2022","693,34","702,62","702,62","690,08","","-1,41%"
"05.05.2022","703,26","713,19","717,82","698,31","","-0,66%"
"04.05.2022","707,90","710,74","713,52","704,76","","-0,38%"
"03.05.2022","710,58","707,75","711,40","706,35","","0,36%"
"02.05.2022","708,06","713,30","714,23","703,69","","-0,97%"
"29.04.2022","714,98","707,31","718,88","707,31","","1,18%"
"28.04.2022","706,63","702,45","709,36","701,43","","0,77%"
"27.04.2022","701,23","704,01","704,83","697,96","","-0,67%"
"26.04.2022","705,94","711,52","714,87","704,69","","-0,66%"
"25.04.2022","710,63","725,37","725,37","709,40","","-2,15%"
"22.04.2022","726,22","738,42","738,42","725,61","","-1,94%"
"21.04.2022","740,58","742,70","746,38","739,40","","-0,35%"
"20.04.2022","743,21","736,35","744,18","735,87","","1,04%"
"19.04.2022","735,58","739,99","740,79","733,30","","-0,55%"
"18.04.2022","739,64","741,80","741,80","738,67","","-0,41%"
"15.04.2022","742,72","743,86","743,89","742,06","","-0,19%"
"14.04.2022","744,13","745,84","748,58","743,26","","0,14%"
"13.04.2022","743,12","740,00","745,46","739,31","","0,28%"
"12.04.2022","741,05","743,46","744,17","736,99","","-0,46%"
"11.04.2022","744,47","750,75","751,06","743,23","","-0,78%"
"08.04.2022","750,34","746,61","751,29","744,99","","0,45%"
"07.04.2022","746,95","751,45","751,45","745,25","","-0,87%"
"06.04.2022","753,49","761,84","761,84","750,31","","-1,45%"
"05.04.2022","764,60","767,14","768,91","762,27","","-0,33%"
"04.04.2022","767,15","761,24","767,26","760,95","","0,82%"
"01.04.2022","760,91","760,63","762,19","757,39","","-0,19%"
"31.03.2022","762,37","769,19","769,54","760,22","","-0,93%"
"30.03.2022","769,49","765,06","770,10","765,06","","0,59%"
"29.03.2022","764,98","751,44","767,10","751,43","","1,88%"
"28.03.2022","750,87","752,76","755,07","749,16","","-0,29%"
"25.03.2022","753,04","755,26","757,25","752,01","","-0,32%"
"24.03.2022","755,49","756,51","756,74","753,15","","-0,18%"
"23.03.2022","756,85","756,21","761,25","754,67","","0,10%"
"22.03.2022","756,06","748,81","756,83","748,23","","0,81%"
"21.03.2022","750,00","750,42","752,33","747,84","","-0,05%"
"18.03.2022","750,41","748,08","751,16","743,36","","0,29%"
"17.03.2022","748,27","731,46","748,87","731,42","","2,53%"
"16.03.2022","729,80","705,98","732,85","705,98","","3,38%"
"15.03.2022","705,97","710,71","711,73","700,34","","-0,94%"
"14.03.2022","712,65","714,27","716,70","709,74","","-0,52%"
"11.03.2022","716,35","720,84","724,80","713,44","","-0,74%"
"10.03.2022","721,66","720,41","728,57","719,60","","0,31%"
"09.03.2022","719,43","702,07","721,83","700,79","","2,53%"
"08.03.2022","701,71","707,44","709,27","699,69","","-0,95%"
"07.03.2022","708,44","724,69","724,74","702,91","","-2,21%"
"04.03.2022","724,45","745,79","745,85","723,45","","-2,84%"
"03.03.2022","745,64","752,13","754,66","744,28","","-0,44%"
"02.03.2022","748,95","751,09","752,31","743,62","","-0,45%"
"01.03.2022","752,31","760,64","764,03","750,09","","-1,08%"
"28.02.2022","760,49","758,07","760,81","751,01","","0,07%"
"25.02.2022","759,95","742,74","761,06","742,44","","2,74%"
"24.02.2022","739,69","769,42","769,42","737,61","","-3,94%"
"23.02.2022","770,03","770,99","776,38","769,13","","-0,16%"
"22.02.2022","771,30","775,47","775,52","762,97","","-0,67%"
"21.02.2022","776,47","782,61","785,04","774,29","","-0,86%"
"18.02.2022","783,18","790,10","790,22","781,71","","-0,92%"
"17.02.2022","790,45","794,07","795,39","789,33","","-0,37%"
"16.02.2022","793,36","788,01","796,49","788,00","","0,78%"
"15.02.2022","787,24","780,77","788,09","778,37","","0,85%"
"14.02.2022","780,63","793,69","794,47","777,18","","-1,92%"
"11.02.2022","795,92","799,80","799,80","792,64","","-0,78%"
"10.02.2022","802,17","799,14","804,43","796,47","","0,36%"
"09.02.2022","799,31","787,01","800,41","786,97","","1,59%"
"08.02.2022","786,82","786,91","788,69","784,26","","0,02%"
"07.02.2022","786,70","784,61","787,73","782,12","","0,34%"
"04.02.2022","784,02","785,07","790,47","781,76","","-0,12%"
"03.02.2022","784,94","790,19","790,21","784,33","","-0,59%"
"02.02.2022","789,59","784,86","792,80","784,80","","0,74%"
"01.02.2022","783,79","776,80","784,65","776,64","","1,04%"
"31.01.2022","775,74","765,96","777,41","765,17","","1,19%"
"28.01.2022","766,60","766,85","770,75","760,50","","-0,05%"
"27.01.2022","766,99","776,09","776,88","761,55","","-1,41%"
"26.01.2022","777,94","773,70","781,50","772,85","","0,69%"
"25.01.2022","772,64","776,13","776,14","768,07","","-0,46%"
"24.01.2022","776,22","794,65","794,72","772,30","","-2,42%"
"21.01.2022","795,49","804,71","804,74","793,15","","-1,41%"
"20.01.2022","806,89","800,20","808,43","799,74","","0,85%"
"19.01.2022","800,06","802,84","803,18","795,96","","-0,40%"
"18.01.2022","803,28","812,23","814,56","801,85","","-1,06%"
"17.01.2022","811,92","809,90","812,53","808,63","","0,15%"
"14.01.2022","810,74","817,21","817,21","808,21","","-0,86%"
"13.01.2022","817,74","818,43","820,38","816,37","","0,07%"
"12.01.2022","817,13","806,17","818,91","806,17","","1,67%"
"11.01.2022","803,68","798,79","805,33","796,57","","0,65%"
"10.01.2022","798,48","803,34","804,95","796,43","","-0,48%"
"07.01.2022","802,37","798,93","803,54","798,64","","0,43%"
"06.01.2022","798,90","806,73","806,73","796,74","","-1,29%"
"05.01.2022","809,34","809,65","810,96","807,10","","-0,14%"
"04.01.2022","810,51","804,10","811,47","804,07","","0,84%"
"03.01.2022","803,77","804,65","807,83","803,34","","-0,19%"
"31.12.2021","805,33","802,94","805,68","802,59","","0,32%"
"30.12.2021","802,74","802,56","803,47","800,53","","0,02%"
"29.12.2021","802,57","803,03","803,89","801,01","","-0,01%"
"28.12.2021","802,68","800,07","804,28","799,43","","0,51%"
"27.12.2021","798,60","797,18","799,12","796,20","","0,13%"
"24.12.2021","797,55","797,84","798,61","796,72","","0,08%"
"23.12.2021","796,91","791,81","798,08","791,52","","0,85%"
"22.12.2021","790,21","784,97","791,47","783,99","","0,87%"
"21.12.2021","783,38","773,81","784,30","773,80","","1,21%"
"20.12.2021","774,02","784,82","784,92","770,27","","-1,64%"
"17.12.2021","786,90","793,71","794,05","784,45","","-0,81%"
"16.12.2021","793,31","785,06","795,31","784,64","","1,29%"
"15.12.2021","783,19","783,31","785,29","780,51","","-0,10%"
"14.12.2021","783,98","789,40","789,66","783,16","","-0,68%"
"13.12.2021","789,34","794,65","797,54","789,26","","-0,61%"
"10.12.2021","794,17","797,39","797,64","792,62","","-0,41%"
"09.12.2021","797,47","799,62","801,39","797,09","","-0,18%"
"08.12.2021","798,90","797,97","801,39","797,97","","0,35%"
"07.12.2021","796,10","781,66","796,95","780,99","","2,02%"
"06.12.2021","780,36","779,58","781,71","775,98","","0,25%"
"03.12.2021","778,44","782,07","785,10","777,35","","-0,52%"
"02.12.2021","782,52","783,62","784,60","779,88","","-0,30%"
"01.12.2021","784,87","776,62","787,99","775,84","","1,51%"
"30.11.2021","773,17","782,23","784,68","773,17","","-1,00%"
"29.11.2021","781,00","782,50","784,09","779,00","","-0,37%"
"26.11.2021","783,88","802,25","802,46","782,60","","-2,32%"
"25.11.2021","802,47","799,84","803,24","799,74","","0,36%"
"24.11.2021","799,63","803,12","803,46","796,50","","-0,42%"
"23.11.2021","802,97","807,01","807,65","801,87","","-0,60%"
"22.11.2021","807,85","811,84","812,16","806,72","","-0,68%"
"19.11.2021","813,42","816,58","817,25","810,91","","-0,28%"
"18.11.2021","815,71","819,40","819,49","814,61","","-0,36%"
"17.11.2021","818,62","820,53","820,55","817,01","","-0,23%"
"16.11.2021","820,49","820,53","820,53","820,48","","-0,33%"
"15.11.2021","823,23","821,60","824,43","821,22","","0,23%"
"12.11.2021","821,33","816,78","821,84","816,66","","0,43%"
"11.11.2021","817,79","815,13","818,19","813,14","","0,09%"
"10.11.2021","817,04","820,37","820,62","814,89","","-0,36%"
"09.11.2021","820,00","820,80","822,43","818,96","","-0,09%"
"08.11.2021","820,73","820,80","820,84","820,65","","0,24%"
"05.11.2021","818,78","818,80","819,51","816,61","","-0,02%"
"04.11.2021","818,96","817,44","820,02","817,44","","0,38%"
"03.11.2021","815,90","814,38","817,70","813,17","","0,15%"
"02.11.2021","814,64","816,18","817,48","814,27","","-0,18%"
"01.11.2021","816,11","808,71","816,52","808,53","","0,82%"
"29.10.2021","809,51","816,51","816,71","808,44","","-0,85%"
"28.10.2021","816,44","814,30","816,98","811,58","","0,27%"
"27.10.2021","814,23","818,07","818,28","814,06","","-0,47%"
"26.10.2021","818,10","815,64","820,36","815,64","","0,27%"
"25.10.2021","815,92","815,73","816,78","813,98","","0,00%"
"22.10.2021","815,95","812,89","817,87","812,04","","0,23%"
"21.10.2021","814,11","817,43","818,40","812,16","","-0,39%"
"20.10.2021","817,26","813,68","818,03","813,58","","0,42%"
"19.10.2021","813,82","808,22","814,50","808,15","","0,72%"
"18.10.2021","807,99","809,75","809,97","805,93","","-0,26%"
"15.10.2021","810,08","801,70","810,20","801,51","","1,10%"
"14.10.2021","801,29","795,39","802,24","795,39","","0,92%"
"13.10.2021","793,95","788,96","795,30","787,97","","0,57%"
"12.10.2021","789,48","792,51","792,87","786,01","","-0,55%"
"11.10.2021","793,82","790,24","794,65","789,63","","0,35%"
"08.10.2021","791,04","788,63","792,58","788,56","","0,25%"
"07.10.2021","789,10","777,65","789,71","777,65","","1,55%"
"06.10.2021","777,08","784,54","786,25","772,83","","-0,91%"
"05.10.2021","784,22","782,89","785,51","776,43","","0,11%"
"04.10.2021","783,32","786,81","788,34","781,99","","-0,30%"
"01.10.2021","785,66","790,53","790,53","780,36","","-0,61%"
"30.09.2021","790,45","789,21","793,50","788,11","","0,05%"
"29.09.2021","790,03","794,15","794,44","787,92","","-0,52%"
"28.09.2021","794,14","805,44","805,69","793,45","","-1,41%"
"27.09.2021","805,53","805,59","808,59","803,72","","0,02%"
"24.09.2021","805,37","809,69","811,96","804,92","","-0,53%"
"23.09.2021","809,67","801,45","810,10","801,03","","0,79%"
"22.09.2021","803,32","799,73","804,95","797,62","","0,39%"
"21.09.2021","800,23","796,30","801,75","793,45","","0,36%"
"20.09.2021","797,35","808,16","808,16","795,06","","-1,45%"
"17.09.2021","809,09","813,08","817,36","808,00","","-0,49%"
"16.09.2021","813,05","817,70","817,87","812,51","","-0,48%"
"15.09.2021","816,96","819,92","820,13","816,05","","-0,58%"
"14.09.2021","821,69","821,92","824,42","820,33","","0,02%"
"13.09.2021","821,52","821,03","822,72","816,97","","-0,13%"
"10.09.2021","822,58","819,92","826,08","819,92","","0,38%"
"09.09.2021","819,49","822,67","822,80","816,21","","-0,42%"
"08.09.2021","822,98","828,92","830,67","822,36","","-0,82%"
"07.09.2021","829,79","832,56","833,93","829,16","","-0,18%"
"06.09.2021","831,29","826,97","831,81","826,66","","0,60%"
"03.09.2021","826,35","824,80","828,47","824,50","","0,25%"
"02.09.2021","824,31","821,35","824,69","820,38","","0,30%"
"01.09.2021","821,87","816,40","823,64","815,03","","0,71%"
"31.08.2021","816,08","811,78","818,70","809,95","","0,45%"
"30.08.2021","812,44","810,26","812,77","809,43","","0,54%"
"27.08.2021","808,06","803,35","809,39","802,11","","0,48%"
"26.08.2021","804,17","809,07","809,16","803,62","","-0,42%"
"25.08.2021","807,57","807,09","808,71","805,93","","0,05%"
"24.08.2021","807,20","799,44","807,20","799,44","","1,12%"
"23.08.2021","798,27","788,87","799,16","788,87","","1,41%"
"20.08.2021","787,18","788,74","790,21","783,52","","-0,31%"
"19.08.2021","789,63","802,65","802,65","788,15","","-1,81%"
"18.08.2021","804,22","802,50","805,95","802,29","","0,14%"
"17.08.2021","803,07","809,95","810,25","801,93","","-0,86%"
"16.08.2021","810,04","815,41","815,58","808,48","","-0,67%"
"13.08.2021","815,47","813,68","816,48","811,51","","0,22%"
"12.08.2021","813,70","815,60","816,24","812,73","","-0,13%"
"11.08.2021","814,78","812,09","815,75","811,03","","0,38%"
"10.08.2021","811,66","809,46","812,26","808,72","","0,27%"
"09.08.2021","809,47","808,61","810,46","807,17","","0,05%"
"06.08.2021","809,03","812,80","813,08","808,70","","-0,56%"
"05.08.2021","813,56","811,97","814,06","810,98","","0,17%"
"04.08.2021","812,20","810,36","815,46","809,29","","0,32%"
"03.08.2021","809,63","808,47","811,58","806,15","","-0,02%"
"02.08.2021","809,76","801,59","810,61","801,59","","1,13%"
"30.07.2021","800,71","808,81","808,91","799,93","","-0,99%"
"29.07.2021","808,74","799,62","809,38","799,62","","1,50%"
"28.07.2021","796,77","792,85","799,26","789,90","","0,34%"
"27.07.2021","794,09","800,36","801,24","790,44","","-0,71%"
"26.07.2021","799,74","804,38","805,39","797,07","","-0,41%"
"23.07.2021","803,00","803,22","804,59","801,17","","-0,07%"
"22.07.2021","803,58","799,28","805,37","799,28","","0,70%"
"21.07.2021","798,01","791,94","799,49","790,15","","1,05%"
"20.07.2021","789,70","789,81","791,80","786,26","","-0,24%"
"19.07.2021","791,60","804,98","804,98","789,73","","-1,84%"
"16.07.2021","806,44","809,66","810,32","804,73","","-0,53%"
"15.07.2021","810,76","813,98","815,40","809,23","","-0,35%"
"14.07.2021","813,63","811,78","815,25","811,00","","-0,11%"
"13.07.2021","814,55","813,39","816,60","811,70","","0,23%"
"12.07.2021","812,65","807,55","812,65","807,55","","0,85%"
"09.07.2021","805,78","799,68","806,94","794,68","","0,60%"
"08.07.2021","801,01","810,97","811,27","798,25","","-1,21%"
"07.07.2021","810,81","809,36","812,58","808,05","","-0,02%"
"06.07.2021","810,94","815,54","817,17","809,21","","-0,50%"
"05.07.2021","815,05","814,24","815,51","812,33","","0,26%"
"02.07.2021","812,97","813,00","815,20","810,74","","-0,09%"
"01.07.2021","813,67","813,87","816,33","811,84","","-0,03%"
"30.06.2021","813,89","818,97","820,05","812,96","","-0,61%"
"29.06.2021","818,88","819,73","819,91","817,35","","-0,17%"
"28.06.2021","820,24","822,91","823,61","819,72","","-0,35%"
"25.06.2021","823,12","819,40","824,11","819,40","","0,63%"
"24.06.2021","817,99","813,89","819,31","813,33","","0,41%"
"23.06.2021","814,62","814,58","817,90","813,54","","0,20%"
"22.06.2021","813,02","810,62","815,43","810,62","","0,43%"
"21.06.2021","809,55","809,48","810,42","801,59","","-0,12%"
"18.06.2021","810,53","819,78","820,70","809,98","","-1,26%"
"17.06.2021","820,91","823,25","823,60","818,43","","-1,10%"
"16.06.2021","830,03","830,76","831,70","823,86","","-0,09%"
"15.06.2021","830,77","829,94","833,30","829,27","","0,10%"
"14.06.2021","829,94","828,61","830,44","827,43","","0,21%"
"11.06.2021","828,17","828,22","830,31","827,02","","0,09%"
"10.06.2021","827,39","825,22","828,97","825,17","","0,15%"
"09.06.2021","826,14","826,97","827,90","825,38","","-0,19%"
"08.06.2021","827,68","828,24","829,30","826,56","","-0,05%"
"07.06.2021","828,07","827,46","828,78","824,11","","0,22%"
"04.06.2021","826,24","822,27","826,93","820,30","","0,38%"
"03.06.2021","823,14","826,84","829,48","821,75","","-0,40%"
"02.06.2021","826,43","825,25","827,24","823,91","","0,05%"
"01.06.2021","826,03","819,90","826,83","818,92","","0,87%"
"31.05.2021","818,93","818,00","820,02","817,44","","0,11%"
"28.05.2021","818,03","814,00","819,12","814,00","","0,62%"
"27.05.2021","813,01","811,82","814,29","809,58","","0,00%"
"26.05.2021","812,97","811,80","814,91","811,65","","0,11%"
"25.05.2021","812,05","807,20","814,36","806,96","","0,66%"
"24.05.2021","806,75","804,44","807,15","803,68","","0,20%"
"21.05.2021","805,13","804,28","807,48","803,53","","0,22%"
"20.05.2021","803,39","795,21","804,44","794,80","","0,69%"
"19.05.2021","797,87","804,73","805,15","794,12","","-1,01%"
"18.05.2021","805,98","797,01","807,38","797,01","","1,20%"
"17.05.2021","796,44","796,23","797,13","793,42","","0,20%"
"14.05.2021","794,87","784,08","795,45","784,08","","1,51%"
"13.05.2021","783,08","788,30","788,30","777,79","","-0,90%"
"12.05.2021","790,21","796,93","797,32","788,58","","-0,92%"
"11.05.2021","797,51","809,21","809,21","793,97","","-1,66%"
"10.05.2021","810,98","810,37","813,08","810,19","","0,30%"
"07.05.2021","808,53","800,74","810,03","800,45","","1,07%"
"06.05.2021","799,97","795,43","800,65","795,23","","0,66%"
"05.05.2021","794,70","788,49","794,93","787,13","","0,74%"
"04.05.2021","788,87","795,13","795,67","786,89","","-0,84%"
"03.05.2021","795,55","793,14","796,65","790,00","","0,25%"
"30.04.2021","793,56","802,61","802,80","792,54","","-1,06%"
"29.04.2021","802,05","804,48","806,91","801,29","","0,02%"
"28.04.2021","801,89","799,58","804,61","798,59","","0,23%"
"27.04.2021","800,06","801,56","801,56","798,79","","-0,19%"
"26.04.2021","801,61","799,16","802,08","798,78","","0,55%"
"23.04.2021","797,19","794,00","799,34","793,22","","0,27%"
"22.04.2021","795,01","791,04","795,71","791,04","","0,66%"
"21.04.2021","789,76","789,61","789,99","785,26","","-0,30%"
"20.04.2021","792,14","800,03","800,86","790,31","","-1,05%"
"19.04.2021","800,53","798,60","803,05","797,05","","0,20%"
"16.04.2021","798,97","794,65","799,12","792,41","","0,60%"
"15.04.2021","794,18","790,95","794,75","789,58","","0,50%"
"14.04.2021","790,19","786,77","791,62","786,41","","0,61%"
"13.04.2021","785,42","783,96","786,85","782,53","","0,21%"
"12.04.2021","783,75","786,83","787,09","781,69","","-0,38%"
"09.04.2021","786,71","789,77","791,14","785,89","","-0,27%"
"08.04.2021","788,84","783,86","789,91","782,47","","0,44%"
"07.04.2021","785,36","786,21","787,98","783,27","","0,02%"
"06.04.2021","785,22","782,73","785,96","779,98","","0,43%"
"05.04.2021","781,83","779,24","782,64","778,35","","0,42%"
"02.04.2021","778,56","778,63","779,81","778,20","","0,19%"
"01.04.2021","777,06","769,67","777,68","769,52","","0,86%"
"31.03.2021","770,41","772,43","773,32","768,85","","-0,25%"
"30.03.2021","772,36","770,32","772,88","769,65","","0,29%"
"29.03.2021","770,13","769,36","771,52","768,26","","0,06%"
"26.03.2021","769,65","760,66","769,70","760,61","","1,20%"
"25.03.2021","760,53","761,70","764,25","758,05","","-0,28%"
"24.03.2021","762,64","769,90","769,94","761,70","","-1,14%"
"23.03.2021","771,45","777,83","779,30","769,77","","-0,79%"
"22.03.2021","777,63","777,06","778,35","773,90","","-0,04%"
"19.03.2021","777,91","782,49","782,49","774,24","","-0,71%"
"18.03.2021","783,45","782,52","786,82","781,70","","0,61%"
"17.03.2021","778,69","781,03","782,99","776,82","","-0,27%"
"16.03.2021","780,83","776,77","782,14","776,77","","0,61%"
"15.03.2021","776,13","777,19","779,71","773,93","","-0,09%"
"12.03.2021","776,86","779,85","782,30","774,11","","-0,20%"
"11.03.2021","778,44","769,56","780,08","768,63","","1,38%"
"10.03.2021","767,85","765,97","770,48","764,11","","0,42%"
"09.03.2021","764,65","756,55","766,49","753,31","","0,94%"
"08.03.2021","757,52","759,36","762,91","754,47","","-0,20%"
"05.03.2021","759,07","762,66","763,21","755,76","","-0,95%"
"04.03.2021","766,33","775,33","775,41","761,55","","-1,27%"
"03.03.2021","776,18","772,32","780,54","772,02","","0,56%"
"02.03.2021","771,82","771,75","773,78","767,91","","0,02%"
"01.03.2021","771,65","758,27","772,44","758,18","","1,50%"
"26.02.2021","760,25","780,16","780,16","757,74","","-2,94%"
"25.02.2021","783,30","780,72","788,94","779,57","","0,56%"
"24.02.2021","778,90","785,32","785,80","775,49","","-0,87%"
"23.02.2021","785,71","786,24","788,98","778,15","","0,02%"
"22.02.2021","785,57","791,20","795,32","782,67","","-0,69%"
"19.02.2021","791,02","788,24","792,18","783,74","","0,50%"
"18.02.2021","787,10","793,79","794,48","785,38","","-0,77%"
"17.02.2021","793,22","797,06","798,36","791,72","","-0,63%"
"16.02.2021","798,28","796,86","800,62","796,51","","0,17%"
"15.02.2021","796,96","789,68","797,49","789,68","","0,98%"
"12.02.2021","789,26","787,49","790,04","784,33","","0,21%"
"11.02.2021","787,57","785,02","788,65","784,17","","0,28%"
"10.02.2021","785,38","782,61","788,09","782,04","","0,47%"
"09.02.2021","781,67","777,92","782,75","777,76","","0,49%"
"08.02.2021","777,82","772,87","779,10","772,86","","0,75%"
"05.02.2021","772,03","767,70","772,94","767,46","","0,71%"
"04.02.2021","766,56","768,26","768,63","763,58","","-0,15%"
"03.02.2021","767,75","763,95","769,99","763,88","","0,64%"
"02.02.2021","762,85","754,91","763,97","754,88","","1,04%"
"01.02.2021","755,00","744,30","755,29","743,31","","1,29%"
"29.01.2021","745,39","757,80","760,17","743,98","","-1,58%"
"28.01.2021","757,39","762,74","762,74","748,83","","-0,72%"
"27.01.2021","762,88","772,65","774,44","758,87","","-1,25%"
"26.01.2021","772,50","774,51","774,86","768,22","","-0,32%"
"25.01.2021","774,96","774,14","780,63","772,39","","0,05%"
"22.01.2021","774,54","780,06","780,16","772,69","","-0,66%"
"21.01.2021","779,65","777,16","782,57","777,16","","0,39%"
"20.01.2021","776,64","772,30","777,43","770,90","","0,73%"
"19.01.2021","771,02","764,59","772,53","764,55","","0,84%"
"18.01.2021","764,58","764,72","764,89","761,83","","-0,07%"
"15.01.2021","765,10","773,92","774,56","762,36","","-1,05%"
"14.01.2021","773,18","768,90","775,16","768,58","","0,53%"
"13.01.2021","769,09","768,78","771,11","767,63","","0,39%"
"12.01.2021","766,14","764,25","768,95","762,63","","0,26%"
"11.01.2021","764,14","770,01","770,69","762,87","","-0,95%"
"08.01.2021","771,48","760,96","771,48","760,96","","1,40%"
"07.01.2021","760,86","757,91","762,82","757,88","","0,64%"
"06.01.2021","756,00","754,15","759,13","752,29","","0,39%"
"05.01.2021","753,05","748,40","754,46","747,51","","0,47%"
"04.01.2021","749,51","743,87","754,30","742,39","","0,78%"
"01.01.2021","743,74","743,35","743,74","743,35","","0,01%"
"31.12.2020","743,65","746,50","747,89","743,04","","-0,38%"
"30.12.2020","746,51","742,06","747,19","740,59","","0,63%"
"29.12.2020","741,83","733,51","742,70","733,51","","1,17%"
"28.12.2020","733,24","731,58","735,29","730,94","","0,37%"
"25.12.2020","730,55","730,33","731,29","730,05","","0,06%"
"24.12.2020","730,12","729,98","732,99","729,48","","0,05%"
"23.12.2020","729,77","723,44","730,35","723,05","","0,91%"
"22.12.2020","723,19","725,41","725,84","721,17","","-0,26%"
"21.12.2020","725,08","735,15","735,23","718,73","","-1,44%"
"18.12.2020","735,64","739,24","739,26","735,32","","-0,46%"
"17.12.2020","739,04","733,54","740,24","733,13","","0,82%"
"16.12.2020","733,00","726,96","733,65","726,96","","0,95%"
"15.12.2020","726,12","725,32","727,22","722,80","","0,17%"
"14.12.2020","724,86","725,98","729,97","724,86","","0,04%"
"11.12.2020","724,54","727,50","729,15","722,53","","-0,28%"
"10.12.2020","726,54","725,89","727,40","722,91","","-0,01%"
"09.12.2020","726,59","724,14","729,84","724,14","","0,27%"
"08.12.2020","724,61","723,99","724,67","721,43","","0,04%"
"07.12.2020","724,35","725,11","726,13","720,51","","-0,14%"
"04.12.2020","725,40","721,16","726,35","721,03","","0,52%"
"03.12.2020","721,68","717,47","722,48","716,94","","0,79%"
"02.12.2020","716,02","714,91","717,16","713,00","","0,36%"
"01.12.2020","713,43","704,25","714,93","704,21","","1,15%"
"30.11.2020","705,32","716,03","716,58","704,17","","-1,50%"
"27.11.2020","716,08","712,79","716,34","712,37","","0,48%"
"26.11.2020","712,64","710,93","714,10","710,61","","0,33%"
"25.11.2020","710,32","712,31","714,44","708,69","","0,05%"
"24.11.2020","709,97","701,40","711,03","701,35","","1,29%"
"23.11.2020","700,96","700,92","706,07","700,27","","-0,01%"
"20.11.2020","701,02","698,14","701,14","697,27","","0,55%"
"19.11.2020","697,16","700,15","700,20","694,75","","-0,60%"
"18.11.2020","701,37","699,04","701,77","697,59","","0,32%"
"17.11.2020","699,12","698,36","699,79","696,64","","0,17%"
"16.11.2020","697,90","689,03","698,55","689,03","","1,47%"
"13.11.2020","687,82","686,71","689,05","684,30","","0,07%"
"12.11.2020","687,37","689,28","691,04","686,28","","-0,17%"
"11.11.2020","688,56","684,72","689,35","684,69","","0,53%"
"10.11.2020","684,94","681,45","685,65","681,43","","0,43%"
"09.11.2020","682,02","669,15","687,95","669,15","","1,99%"
"06.11.2020","668,68","665,42","669,18","664,12","","0,52%"
"05.11.2020","665,20","650,33","666,34","650,33","","2,35%"
"04.11.2020","649,92","641,12","651,42","636,46","","1,34%"
"03.11.2020","641,33","630,17","641,65","630,17","","1,85%"
"02.11.2020","629,69","621,41","630,07","620,95","","1,30%"
"30.10.2020","621,62","627,61","627,97","619,41","","-0,81%"
"29.10.2020","626,72","629,70","630,62","624,26","","-0,54%"
"28.10.2020","630,15","642,04","642,97","627,96","","-2,09%"
"27.10.2020","643,60","644,98","645,69","642,52","","-0,28%"
"26.10.2020","645,42","652,27","653,34","644,26","","-1,08%"
"23.10.2020","652,46","649,95","654,26","648,78","","0,35%"
"22.10.2020","650,19","651,04","651,14","647,38","","-0,46%"
"21.10.2020","653,17","652,92","656,34","651,66","","0,04%"
"20.10.2020","652,92","651,38","654,18","649,86","","0,05%"
"19.10.2020","652,61","649,99","654,89","649,98","","0,40%"
"16.10.2020","650,04","646,85","651,77","645,41","","0,50%"
"15.10.2020","646,83","657,07","657,38","644,76","","-1,70%"
"14.10.2020","657,99","657,13","659,43","656,46","","-0,02%"
"13.10.2020","658,12","660,91","661,90","656,63","","-0,45%"
"12.10.2020","661,07","656,91","661,29","656,19","","0,71%"
"09.10.2020","656,38","652,81","657,37","652,26","","0,64%"
"08.10.2020","652,19","647,81","652,70","647,81","","0,75%"
"07.10.2020","647,34","643,87","648,20","643,42","","0,09%"
"06.10.2020","646,77","644,58","648,46","644,42","","0,37%"
"05.10.2020","644,37","635,59","644,48","635,59","","1,38%"
"02.10.2020","635,59","637,62","638,35","632,27","","-0,22%"
"01.10.2020","637,00","636,47","639,72","635,52","","0,29%"
"30.09.2020","635,18","636,44","637,62","631,47","","-0,08%"
"29.09.2020","635,71","635,53","637,60","633,87","","0,16%"
"28.09.2020","634,70","625,19","636,47","625,09","","1,61%"
"25.09.2020","624,64","625,69","627,57","621,03","","0,12%"
"24.09.2020","623,92","631,14","631,14","622,25","","-1,37%"
"23.09.2020","632,59","633,30","638,55","631,21","","-0,14%"
"22.09.2020","633,49","635,88","636,67","632,32","","-0,33%"
"21.09.2020","635,59","650,54","652,06","633,04","","-2,46%"
"18.09.2020","651,59","652,66","654,83","650,35","","0,07%"
"17.09.2020","651,16","655,08","655,12","648,18","","-0,76%"
"16.09.2020","656,16","653,41","657,63","653,16","","0,40%"
"15.09.2020","653,52","650,36","655,40","649,54","","0,39%"
"14.09.2020","651,00","646,10","651,70","646,10","","0,85%"
"11.09.2020","645,49","642,81","647,02","642,30","","0,18%"
"10.09.2020","644,35","644,64","648,72","642,45","","0,09%"
"09.09.2020","643,76","638,24","644,54","634,94","","0,54%"
"08.09.2020","640,32","645,04","646,87","636,82","","-0,72%"
"07.09.2020","644,98","641,81","645,42","640,25","","0,62%"
"04.09.2020","641,03","648,27","648,52","637,20","","-1,30%"
"03.09.2020","649,49","656,14","658,31","647,41","","-0,84%"
"02.09.2020","655,02","652,46","657,41","651,35","","0,32%"
"01.09.2020","652,92","650,02","655,10","649,40","","0,31%"
"31.08.2020","650,92","656,32","658,39","650,24","","-0,59%"
"28.08.2020","654,78","652,73","656,19","652,04","","0,43%"
"27.08.2020","652,00","656,63","658,46","651,32","","-0,57%"
"26.08.2020","655,72","652,16","656,28","650,31","","0,62%"
"25.08.2020","651,69","650,75","654,40","650,75","","0,19%"
"24.08.2020","650,48","642,21","651,69","641,56","","1,36%"
"21.08.2020","641,75","643,69","646,57","639,38","","0,07%"
"20.08.2020","641,27","647,97","648,03","639,03","","-1,47%"
"19.08.2020","650,87","651,10","652,31","648,33","","0,07%"
"18.08.2020","650,39","648,87","653,20","648,23","","0,24%"
"17.08.2020","648,81","645,92","649,10","645,17","","0,45%"
"14.08.2020","645,90","648,81","649,73","643,15","","-0,54%"
"13.08.2020","649,42","649,36","651,61","647,85","","0,11%"
"12.08.2020","648,71","642,29","649,33","639,98","","0,91%"
"11.08.2020","642,83","635,21","645,78","635,13","","1,16%"
"10.08.2020","635,46","634,37","636,99","633,39","","0,12%"
"07.08.2020","634,72","639,99","640,35","633,53","","-0,76%"
"06.08.2020","639,56","641,26","643,44","637,79","","-0,33%"
"05.08.2020","641,70","635,80","642,50","634,79","","1,18%"
"04.08.2020","634,23","629,65","636,24","629,65","","0,99%"
"03.08.2020","628,01","623,45","629,27","621,93","","0,63%"
"31.07.2020","624,08","632,54","633,15","621,63","","-1,01%"
"30.07.2020","630,44","637,97","639,03","626,69","","-1,07%"
"29.07.2020","637,24","635,36","638,63","634,01","","0,16%"
"28.07.2020","636,24","635,19","639,24","633,83","","0,15%"
"27.07.2020","635,26","628,43","635,69","628,17","","1,00%"
"24.07.2020","629,00","635,03","636,03","626,73","","-1,01%"
"23.07.2020","635,39","634,60","638,33","633,84","","0,03%"
"22.07.2020","635,17","638,81","639,71","632,80","","-0,44%"
"21.07.2020","637,97","630,94","640,09","630,94","","1,24%"
"20.07.2020","630,15","626,94","630,45","623,83","","0,66%"
"17.07.2020","626,01","623,28","626,86","622,94","","0,26%"
"16.07.2020","624,39","630,06","630,10","622,44","","-0,95%"
"15.07.2020","630,39","622,66","632,01","622,66","","1,50%"
"14.07.2020","621,09","622,78","622,80","615,60","","-0,57%"
"13.07.2020","624,64","618,87","626,40","618,84","","0,99%"
"10.07.2020","618,50","617,98","618,56","612,47","","0,02%"
"09.07.2020","618,39","619,82","623,83","616,78","","-0,12%"
"08.07.2020","619,16","616,64","620,09","615,06","","0,23%"
"07.07.2020","617,72","621,87","623,59","615,77","","-0,73%"
"06.07.2020","622,29","609,98","622,69","609,98","","2,07%"
"03.07.2020","609,67","609,53","612,56","608,52","","0,16%"
"02.07.2020","608,68","599,40","611,41","599,20","","1,59%"
"01.07.2020","599,13","597,94","600,96","593,93","","0,32%"
"30.06.2020","597,19","596,79","599,08","595,05","","0,31%"
"29.06.2020","595,37","596,06","596,51","592,54","","-0,13%"
"26.06.2020","596,16","599,25","603,99","595,92","","-0,33%"
"25.06.2020","598,12","598,57","598,84","592,88","","-0,44%"
"24.06.2020","600,78","610,82","612,54","599,45","","-1,78%"
"23.06.2020","611,66","604,09","612,09","600,14","","1,57%"
"22.06.2020","602,20","601,62","604,16","599,54","","-0,06%"
"19.06.2020","602,56","600,64","605,76","599,32","","0,27%"
"18.06.2020","600,94","602,86","604,72","599,19","","-0,31%"
"17.06.2020","602,78","600,69","604,72","598,94","","0,45%"
"16.06.2020","600,09","587,15","604,35","587,15","","2,71%"
"15.06.2020","584,28","590,58","591,22","577,49","","-1,20%"
"12.06.2020","591,38","592,95","597,29","587,28","","-0,89%"
"11.06.2020","596,72","614,63","615,02","593,73","","-2,95%"
"10.06.2020","614,85","614,12","618,80","613,51","","-0,08%"
"09.06.2020","615,34","616,76","618,61","611,85","","-0,06%"
"08.06.2020","615,70","614,23","616,79","611,67","","0,45%"
"05.06.2020","612,92","603,15","613,47","602,20","","1,51%"
"04.06.2020","603,82","602,92","605,05","599,76","","0,25%"
"03.06.2020","602,29","590,37","602,82","590,37","","2,15%"
"02.06.2020","589,62","580,73","590,38","580,56","","1,61%"
"01.06.2020","580,28","571,61","580,74","571,52","","1,60%"
"29.05.2020","571,13","574,34","575,66","568,97","","-0,60%"
"28.05.2020","574,58","568,75","576,08","567,47","","1,38%"
"27.05.2020","566,77","565,50","569,90","563,98","","0,26%"
"26.05.2020","565,29","554,82","566,23","554,68","","2,05%"
"25.05.2020","553,91","548,40","554,04","547,38","","1,22%"
"22.05.2020","547,21","555,05","555,41","544,69","","-1,35%"
"21.05.2020","554,72","559,00","559,12","553,93","","-0,79%"
"20.05.2020","559,14","552,81","560,16","552,25","","1,01%"
"19.05.2020","553,56","549,57","555,89","549,57","","1,04%"
"18.05.2020","547,84","535,40","549,02","535,01","","2,36%"
"15.05.2020","535,19","534,32","537,71","532,57","","0,36%"
"14.05.2020","533,26","541,39","541,39","528,12","","-1,66%"
"13.05.2020","542,28","546,71","548,60","541,11","","-1,19%"
"12.05.2020","548,83","548,52","550,73","545,88","","-0,06%"
"11.05.2020","549,17","548,85","552,38","546,55","","-0,04%"
"08.05.2020","549,37","542,33","549,37","542,33","","1,81%"
"07.05.2020","539,60","537,10","541,98","536,59","","0,21%"
"06.05.2020","538,45","539,37","540,94","537,71","","-0,14%"
"05.05.2020","539,21","533,99","540,88","533,99","","1,08%"
"04.05.2020","533,44","543,38","543,38","532,49","","-2,26%"
"01.05.2020","545,78","550,87","550,96","544,57","","-1,26%"
"30.04.2020","552,76","555,79","560,52","551,37","","-0,30%"
"29.04.2020","554,40","545,53","555,55","545,53","","1,74%"
"28.04.2020","544,92","538,95","547,44","537,55","","1,08%"
"27.04.2020","539,11","529,12","539,27","528,97","","2,07%"
"24.04.2020","528,20","531,14","531,17","526,02","","-0,89%"
"23.04.2020","532,96","528,72","535,38","528,42","","0,82%"
"22.04.2020","528,63","522,28","529,14","520,15","","1,06%"
"21.04.2020","523,08","536,77","536,77","522,19","","-2,85%"
"20.04.2020","538,45","537,95","539,09","533,51","","-0,09%"
"17.04.2020","538,93","527,15","539,37","527,15","","2,47%"
"16.04.2020","525,96","526,83","528,77","524,18","","-0,45%"
"15.04.2020","528,34","540,22","541,02","527,01","","-2,13%"
"14.04.2020","539,83","532,56","542,52","532,19","","1,58%"
"13.04.2020","531,44","533,08","533,34","530,37","","-0,42%"
"10.04.2020","533,68","532,03","534,34","531,21","","0,16%"
"09.04.2020","532,85","524,42","534,13","523,99","","1,66%"
"08.04.2020","524,13","524,14","525,12","518,97","","0,16%"
"07.04.2020","523,30","511,96","528,64","511,96","","2,45%"
"06.04.2020","510,80","493,32","511,45","493,24","","3,38%"
"03.04.2020","494,11","499,59","500,81","492,84","","-1,12%"
"02.04.2020","499,70","499,57","502,50","494,53","","-0,01%"
"01.04.2020","499,77","514,75","515,76","498,61","","-2,68%"
"31.03.2020","513,51","510,02","515,94","506,89","","0,73%"
"30.03.2020","509,77","508,54","510,50","501,61","","0,45%"
"27.03.2020","507,49","513,89","520,70","502,90","","-1,14%"
"26.03.2020","513,32","501,81","514,65","498,04","","2,57%"
"25.03.2020","500,45","479,27","503,96","479,27","","4,65%"
"24.03.2020","478,20","447,24","478,20","447,06","","7,10%"
"23.03.2020","446,48","461,93","462,63","444,88","","-3,83%"
"20.03.2020","464,24","453,85","475,20","453,85","","1,81%"
"19.03.2020","455,97","457,54","459,37","446,62","","-0,18%"
"18.03.2020","456,77","480,56","483,40","453,24","","-4,73%"
"17.03.2020","479,46","476,99","485,35","469,60","","0,41%"
"16.03.2020","477,50","504,36","504,93","466,11","","-4,97%"
"13.03.2020","502,47","502,43","514,99","485,63","","0,37%"
"12.03.2020","500,63","552,00","552,00","499,94","","-9,50%"
"11.03.2020","553,16","562,81","565,03","551,94","","-1,93%"
"10.03.2020","564,04","564,01","573,52","558,76","","-0,03%"
"09.03.2020","564,22","602,77","602,91","564,22","","-6,27%"
"06.03.2020","601,98","618,11","618,11","600,91","","-2,42%"
"05.03.2020","616,91","617,60","622,64","615,30","","-0,11%"
"04.03.2020","617,61","612,56","617,61","611,11","","0,81%"
"03.03.2020","612,65","607,77","619,08","607,71","","0,93%"
"02.03.2020","606,99","601,59","611,56","599,15","","1,18%"
"28.02.2020","599,90","618,39","618,45","594,40","","-2,91%"
"27.02.2020","617,87","629,53","629,62","614,81","","-1,84%"
"26.02.2020","629,46","634,07","634,10","623,68","","-0,75%"
"25.02.2020","634,21","642,49","642,51","634,13","","-1,33%"
"24.02.2020","642,79","658,20","658,26","640,32","","-2,44%"
"21.02.2020","658,87","660,36","661,00","656,97","","-0,33%"
"20.02.2020","661,07","665,33","667,15","660,07","","-0,66%"
"19.02.2020","665,46","662,06","665,54","661,98","","0,39%"
"18.02.2020","662,85","667,93","667,97","661,70","","-0,73%"
"17.02.2020","667,74","667,76","668,68","666,04","","-0,01%"
"14.02.2020","667,82","668,27","668,99","667,16","","-0,14%"
"13.02.2020","668,75","670,31","670,80","666,71","","-0,32%"
"12.02.2020","670,90","667,37","670,93","666,84","","0,56%"
"11.02.2020","667,15","662,12","668,24","662,11","","0,73%"
"10.02.2020","662,32","663,74","663,83","661,17","","-0,37%"
"07.02.2020","664,77","668,26","668,34","663,66","","-0,55%"
"06.02.2020","668,43","662,91","670,12","662,90","","0,89%"
"05.02.2020","662,56","658,39","664,15","658,39","","0,67%"
"04.02.2020","658,18","649,32","658,63","648,96","","1,36%"
"03.02.2020","649,37","650,83","650,86","647,31","","-0,29%"
"31.01.2020","651,29","654,55","657,31","650,48","","-0,51%"
"30.01.2020","654,65","662,65","662,87","652,77","","-1,16%"
"29.01.2020","662,32","662,65","663,28","661,50","","0,07%"
"28.01.2020","661,83","661,03","662,67","658,41","","0,07%"
"27.01.2020","661,38","673,03","673,20","660,62","","-1,69%"
"24.01.2020","672,73","671,51","675,67","671,22","","0,18%"
"23.01.2020","671,51","677,00","677,24","670,44","","-0,76%"
"22.01.2020","676,64","674,96","677,99","674,88","","0,16%"
"21.01.2020","675,55","680,13","680,13","673,54","","-0,63%"
"20.01.2020","679,82","680,04","681,31","679,21","","-0,06%"
"17.01.2020","680,23","677,00","680,63","676,96","","0,46%"
"16.01.2020","677,09","676,22","678,07","675,88","","0,17%"
"15.01.2020","675,93","676,55","676,74","674,30","","-0,06%"
"14.01.2020","676,36","675,19","676,73","673,91","","0,20%"
"13.01.2020","674,99","673,13","675,39","672,92","","0,23%"
"10.01.2020","673,46","671,96","674,48","671,95","","0,26%"
"09.01.2020","671,70","666,79","673,04","666,72","","0,70%"
"08.01.2020","667,06","669,85","670,21","665,61","","-0,36%"
"07.01.2020","669,46","668,17","672,76","668,17","","0,23%"
"06.01.2020","667,91","671,54","671,54","665,03","","-0,60%"
"03.01.2020","671,92","673,55","674,96","669,20","","-0,32%"
"02.01.2020","674,11","669,06","674,11","669,00","","0,74%"
"01.01.2020","669,19","669,13","669,21","669,02","","0,00%"
"31.12.2019","669,19","669,27","669,94","668,06","","-0,03%"
"30.12.2019","669,39","671,37","672,46","669,16","","-0,23%"
"27.12.2019","670,92","666,85","671,63","666,80","","0,64%"
"26.12.2019","666,67","665,62","667,03","665,54","","0,19%"
"25.12.2019","665,41","665,38","665,74","664,71","","-0,05%"
"24.12.2019","665,75","665,48","665,86","664,79","","0,05%"
"23.12.2019","665,41","664,57","665,61","664,26","","0,06%"
"20.12.2019","664,99","663,76","665,30","662,66","","0,19%"
"19.12.2019","663,73","663,58","664,18","662,18","","0,01%"
"18.12.2019","663,68","664,08","664,55","662,82","","-0,07%"
"17.12.2019","664,15","662,26","664,77","661,94","","0,27%"
"16.12.2019","662,33","658,09","663,66","657,97","","0,62%"
"13.12.2019","658,23","653,35","661,08","653,32","","1,29%"
"12.12.2019","649,87","647,84","652,11","647,77","","0,55%"
"11.12.2019","646,32","644,02","648,29","643,48","","0,34%"
"10.12.2019","644,12","645,00","645,07","641,24","","-0,15%"
"09.12.2019","645,11","645,05","646,35","644,93","","0,13%"
"06.12.2019","644,26","640,96","645,04","640,96","","0,59%"
"05.12.2019","640,48","638,79","642,03","638,79","","0,26%"
"04.12.2019","638,82","636,68","639,57","634,43","","0,31%"
"03.12.2019","636,86","639,91","639,95","635,18","","-0,43%"
"02.12.2019","639,62","640,98","643,90","639,36","","-0,25%"
"29.11.2019","641,21","645,28","645,74","640,80","","-0,56%"
"28.11.2019","644,79","645,96","646,20","644,31","","-0,13%"
"27.11.2019","645,60","644,33","646,04","644,31","","0,29%"
"26.11.2019","643,75","644,27","646,17","643,29","","-0,05%"
"25.11.2019","644,10","639,78","644,42","639,75","","0,62%"
"22.11.2019","640,14","638,95","642,12","638,95","","0,13%"
"21.11.2019","639,28","641,96","642,00","637,54","","-0,37%"
"20.11.2019","641,65","645,18","645,24","640,61","","-0,58%"
"19.11.2019","645,38","644,23","647,48","643,06","","0,08%"
"18.11.2019","644,86","643,14","645,02","642,84","","0,28%"
"15.11.2019","643,07","639,24","643,15","639,11","","0,73%"
"14.11.2019","638,41","640,81","640,97","638,26","","-0,38%"
"13.11.2019","640,85","644,33","644,43","639,43","","-0,54%"
"12.11.2019","644,35","642,93","644,80","642,17","","0,21%"
"11.11.2019","642,99","644,53","645,24","641,42","","-0,29%"
"08.11.2019","644,85","647,47","648,58","643,97","","-0,36%"
"07.11.2019","647,21","645,32","648,29","644,77","","0,23%"
"06.11.2019","645,70","645,43","646,57","644,77","","0,05%"
"05.11.2019","645,35","643,26","647,08","643,26","","0,15%"
"04.11.2019","644,39","639,20","644,79","639,20","","0,78%"
"01.11.2019","639,42","635,09","639,60","634,30","","0,62%"
"31.10.2019","635,51","636,21","638,06","634,56","","0,08%"
"30.10.2019","635,02","634,68","636,15","632,51","","-0,02%"
"29.10.2019","635,13","633,83","635,13","633,10","","0,24%"
"28.10.2019","633,62","631,80","634,39","631,75","","0,26%"
"25.10.2019","632,00","631,24","632,19","630,35","","0,07%"
"24.10.2019","631,57","629,11","632,53","629,10","","0,52%"
"23.10.2019","628,33","628,66","629,15","626,94","","-0,06%"
"22.10.2019","628,72","627,82","629,86","627,13","","0,16%"
"21.10.2019","627,71","625,06","628,27","624,76","","0,54%"
"18.10.2019","624,36","626,08","626,58","623,76","","-0,20%"
"17.10.2019","625,63","624,27","628,56","622,98","","0,35%"
"16.10.2019","623,44","621,28","624,59","621,24","","0,32%"
"15.10.2019","621,45","616,94","622,54","616,81","","0,75%"
"14.10.2019","616,80","617,14","618,94","615,56","","-0,05%"
"11.10.2019","617,10","607,84","618,27","607,84","","1,69%"
"10.10.2019","606,86","604,15","608,15","602,51","","0,49%"
"09.10.2019","603,92","603,24","604,69","601,45","","0,10%"
"08.10.2019","603,33","605,72","608,41","602,98","","-0,57%"
"07.10.2019","606,76","605,38","607,43","604,53","","0,30%"
"04.10.2019","604,92","601,64","605,45","601,39","","0,45%"
"03.10.2019","602,24","602,64","602,72","599,26","","0,00%"
"02.10.2019","602,25","611,92","612,08","602,03","","-1,44%"
"01.10.2019","611,05","613,81","615,72","611,05","","-0,48%"
"30.09.2019","614,00","615,47","615,48","613,12","","-0,25%"
"27.09.2019","615,54","615,48","616,62","613,74","","-0,03%"
"26.09.2019","615,72","614,42","616,95","613,67","","0,32%"
"25.09.2019","613,77","618,21","618,23","611,26","","-0,71%"
"24.09.2019","618,13","618,48","619,69","618,13","","-0,06%"
"23.09.2019","618,51","621,58","621,92","617,47","","-0,48%"
"20.09.2019","621,49","621,07","622,74","620,94","","0,10%"
"19.09.2019","620,88","619,03","621,86","618,43","","0,21%"
"18.09.2019","619,56","620,55","620,56","617,60","","-0,01%"
"17.09.2019","619,62","619,40","620,58","617,27","","-0,01%"
"16.09.2019","619,69","623,79","623,94","619,48","","-0,56%"
"13.09.2019","623,21","619,99","624,02","619,77","","0,61%"
"12.09.2019","619,44","617,19","620,87","617,15","","0,47%"
"11.09.2019","616,57","612,61","616,74","612,61","","0,69%"
"10.09.2019","612,33","612,19","612,60","610,28","","0,01%"
"09.09.2019","612,27","611,07","613,04","610,98","","0,09%"
"06.09.2019","611,69","609,22","611,98","609,20","","0,46%"
"05.09.2019","608,89","604,09","609,86","604,09","","1,01%"
"04.09.2019","602,81","595,42","603,35","595,05","","1,25%"
"03.09.2019","595,39","596,58","596,79","594,11","","-0,30%"
"02.09.2019","597,17","597,28","598,01","596,69","","-0,19%"
"30.08.2019","598,31","594,18","599,47","594,18","","0,83%"
"29.08.2019","593,38","590,18","593,57","588,90","","0,55%"
"28.08.2019","590,15","590,77","591,54","587,82","","-0,09%"
"27.08.2019","590,70","588,58","591,64","588,11","","0,50%"
"26.08.2019","587,74","591,41","591,41","586,26","","-0,68%"
"23.08.2019","591,79","592,98","596,23","591,79","","-0,23%"
"22.08.2019","593,18","596,06","596,32","592,25","","-0,46%"
"21.08.2019","595,91","592,16","596,35","591,56","","0,53%"
"20.08.2019","592,79","593,01","595,29","592,03","","-0,11%"
"19.08.2019","593,47","588,81","593,74","588,64","","0,92%"
"16.08.2019","588,05","582,87","588,45","582,32","","0,82%"
"15.08.2019","583,29","585,45","585,49","581,48","","-0,59%"
"14.08.2019","586,74","593,17","594,76","585,86","","-0,89%"
"13.08.2019","592,01","593,48","593,96","588,27","","-0,39%"
"12.08.2019","594,35","595,97","598,54","594,01","","-0,29%"
"09.08.2019","596,09","599,21","599,75","595,79","","-0,30%"
"08.08.2019","597,87","590,84","598,80","590,44","","1,08%"
"07.08.2019","591,48","589,58","592,25","588,66","","0,34%"
"06.08.2019","589,47","592,82","592,82","588,20","","-0,53%"
"05.08.2019","592,60","603,27","603,48","592,30","","-1,90%"
"02.08.2019","604,05","613,65","613,65","602,97","","-1,67%"
"01.08.2019","614,33","613,93","616,31","611,40","","-0,47%"
"31.07.2019","617,25","618,50","618,71","613,43","","-0,25%"
"30.07.2019","618,78","622,82","623,52","618,35","","-0,56%"
"29.07.2019","622,24","622,86","623,63","621,04","","-0,12%"
"26.07.2019","622,98","623,68","623,73","622,24","","-0,30%"
"25.07.2019","624,83","626,25","629,05","623,48","","-0,29%"
"24.07.2019","626,63","626,06","626,96","625,15","","0,11%"
"23.07.2019","625,92","623,50","626,80","623,42","","0,27%"
"22.07.2019","624,23","624,79","624,81","623,28","","-0,17%"
"19.07.2019","625,27","624,12","628,43","624,12","","0,59%"
"18.07.2019","621,58","624,39","624,39","621,01","","-0,49%"
"17.07.2019","624,64","625,47","625,94","624,28","","-0,27%"
"16.07.2019","626,30","626,47","626,66","625,29","","-0,04%"
"15.07.2019","626,58","625,49","627,40","624,11","","0,29%"
"12.07.2019","624,74","624,79","625,98","624,39","","-0,04%"
"11.07.2019","624,99","624,27","627,40","624,27","","0,26%"
"10.07.2019","623,34","620,86","625,54","620,80","","0,29%"
"09.07.2019","621,54","624,10","624,50","619,89","","-0,39%"
"08.07.2019","623,97","627,94","627,94","623,54","","-0,67%"
"05.07.2019","628,20","633,27","633,40","626,27","","-0,77%"
"04.07.2019","633,05","632,01","633,23","632,01","","0,30%"
"03.07.2019","631,14","629,49","631,53","628,11","","0,27%"
"02.07.2019","629,45","627,03","630,36","626,69","","0,23%"
"01.07.2019","627,98","624,27","629,47","624,27","","0,54%"
"28.06.2019","624,61","622,54","624,61","621,63","","0,36%"
"27.06.2019","622,35","619,93","623,16","619,75","","0,45%"
"26.06.2019","619,56","619,85","620,36","618,70","","-0,24%"
"25.06.2019","621,02","623,28","624,11","619,61","","-0,29%"
"24.06.2019","622,82","622,70","624,13","622,17","","0,30%"
"21.06.2019","620,93","623,32","623,46","620,76","","-0,29%"
"20.06.2019","622,72","616,99","624,43","616,94","","1,24%"
"19.06.2019","615,10","610,85","617,24","610,85","","0,96%"
"18.06.2019","609,25","603,28","610,66","603,17","","0,99%"
"17.06.2019","603,28","603,87","604,87","602,84","","-0,25%"
"14.06.2019","604,78","608,23","608,23","603,82","","-0,50%"
"13.06.2019","607,81","608,40","609,13","606,50","","-0,36%"
"12.06.2019","610,02","612,39","613,18","608,62","","-0,39%"
"11.06.2019","612,40","608,09","613,52","607,89","","0,74%"
"10.06.2019","607,89","604,24","608,38","604,19","","0,57%"
"07.06.2019","604,46","598,68","605,52","598,43","","0,95%"
"06.06.2019","598,75","597,22","600,00","596,85","","0,00%"
"05.06.2019","598,73","596,32","600,30","596,32","","0,70%"
"04.06.2019","594,55","593,80","595,93","591,79","","0,41%"
"03.06.2019","592,11","588,90","593,97","587,30","","0,55%"
"31.05.2019","588,86","590,07","590,97","586,77","","-0,25%"
"30.05.2019","590,35","588,78","591,13","588,14","","0,17%"
"29.05.2019","589,32","594,62","594,65","588,48","","-1,06%"
"28.05.2019","595,62","596,35","597,46","595,24","","-0,12%"
"27.05.2019","596,34","595,59","597,65","595,29","","0,22%"
"24.05.2019","595,01","591,44","595,85","590,94","","0,60%"
"23.05.2019","591,44","597,38","597,41","590,01","","-1,06%"
"22.05.2019","597,75","598,81","599,80","597,33","","-0,20%"
"21.05.2019","598,96","596,70","598,96","596,07","","0,30%"
"20.05.2019","597,14","598,76","600,57","595,90","","-0,26%"
"17.05.2019","598,68","601,88","603,07","597,78","","-0,48%"
"16.05.2019","601,59","599,72","602,10","598,02","","0,31%"
"15.05.2019","599,74","597,30","600,08","595,48","","0,41%"
"14.05.2019","597,29","595,46","597,57","592,79","","0,09%"
"13.05.2019","596,76","602,30","602,34","595,91","","-1,05%"
"10.05.2019","603,09","600,80","604,91","600,00","","0,33%"
"09.05.2019","601,08","608,21","608,30","599,77","","-1,29%"
"08.05.2019","608,95","609,95","609,95","606,97","","-0,28%"
"07.05.2019","610,69","616,23","617,13","609,96","","-0,89%"
"06.05.2019","616,16","622,06","622,13","613,95","","-0,91%"
"03.05.2019","621,84","619,03","622,69","618,27","","0,41%"
"02.05.2019","619,30","621,21","622,01","618,93","","-0,53%"
"01.05.2019","622,61","622,12","624,01","621,10","","0,17%"
"30.04.2019","621,55","621,30","622,48","620,14","","0,10%"
"29.04.2019","620,90","619,44","621,53","619,38","","0,18%"
"26.04.2019","619,78","617,62","619,87","616,29","","0,24%"
"25.04.2019","618,27","618,87","619,46","616,37","","-0,39%"
"24.04.2019","620,69","623,65","623,88","618,28","","-0,36%"
"23.04.2019","622,91","622,51","623,37","621,50","","0,12%"
"22.04.2019","622,17","622,56","623,09","622,01","","-0,11%"
"19.04.2019","622,84","622,73","623,13","622,56","","0,01%"
"18.04.2019","622,75","624,81","624,94","620,92","","-0,35%"
"17.04.2019","624,91","623,38","625,85","623,09","","0,20%"
"16.04.2019","623,69","621,24","623,81","620,74","","0,31%"
"15.04.2019","621,74","621,00","622,98","621,00","","0,20%"
"12.04.2019","620,49","617,91","621,06","617,23","","0,32%"
"11.04.2019","618,49","620,17","620,40","617,46","","-0,23%"
"10.04.2019","619,92","618,55","620,81","617,51","","0,05%"
"09.04.2019","619,58","619,52","622,33","619,10","","0,00%"
"08.04.2019","619,61","618,46","619,95","617,74","","0,23%"
"05.04.2019","618,18","616,81","618,73","616,69","","0,21%"
"04.04.2019","616,91","618,15","618,48","616,03","","-0,19%"
"03.04.2019","618,06","612,90","618,88","612,80","","0,97%"
"02.04.2019","612,10","611,26","613,02","610,87","","0,03%"
"01.04.2019","611,91","604,81","612,16","604,79","","1,12%"
"29.03.2019","605,11","600,76","605,54","600,73","","0,71%"
"28.03.2019","600,85","602,11","602,48","599,76","","-0,28%"
"27.03.2019","602,51","603,53","604,90","601,50","","-0,19%"
"26.03.2019","603,65","599,76","604,39","599,67","","0,65%"
"25.03.2019","599,75","604,54","604,54","597,84","","-0,89%"
"22.03.2019","605,14","611,49","612,99","604,44","","-0,93%"
"21.03.2019","610,83","612,18","613,45","609,77","","0,18%"
"20.03.2019","609,75","612,55","613,62","609,36","","-0,47%"
"19.03.2019","612,66","611,00","614,17","610,27","","0,31%"
"18.03.2019","610,75","606,82","611,15","606,68","","0,69%"
"15.03.2019","606,54","601,50","606,94","601,44","","0,80%"
"14.03.2019","601,73","601,96","602,78","600,20","","0,14%"
"13.03.2019","600,91","599,40","601,93","597,02","","0,29%"
"12.03.2019","599,15","596,37","600,08","596,34","","0,73%"
"11.03.2019","594,83","590,45","595,70","589,98","","0,73%"
"08.03.2019","590,53","595,54","595,65","589,64","","-1,05%"
"07.03.2019","596,78","601,72","602,06","594,95","","-0,85%"
"06.03.2019","601,92","602,07","603,14","601,38","","0,01%"
"05.03.2019","601,88","602,63","602,71","600,86","","-0,08%"
"04.03.2019","602,38","601,84","603,83","601,82","","0,03%"
"01.03.2019","602,17","600,39","603,87","600,36","","0,19%"
"28.02.2019","601,02","603,47","603,85","600,05","","-0,47%"
"27.02.2019","603,83","605,29","605,91","602,62","","-0,05%"
"26.02.2019","604,16","604,11","605,84","601,55","","0,03%"
"25.02.2019","603,95","601,00","605,20","601,00","","0,52%"
"22.02.2019","600,80","598,42","601,73","597,36","","0,29%"
"21.02.2019","599,04","599,23","600,60","597,88","","-0,06%"
"20.02.2019","599,39","595,05","600,41","595,04","","0,84%"
"19.02.2019","594,42","593,56","595,47","590,78","","0,14%"
"18.02.2019","593,58","590,41","594,41","590,41","","0,73%"
"15.02.2019","589,27","588,54","590,67","585,13","","0,29%"
"14.02.2019","587,59","587,57","589,83","587,16","","-0,21%"
"13.02.2019","588,80","587,29","590,35","587,29","","0,39%"
"12.02.2019","586,51","581,38","587,61","581,23","","0,86%"
"11.02.2019","581,49","581,32","583,87","580,88","","0,00%"
"08.02.2019","581,50","585,83","585,83","580,43","","-0,85%"
"07.02.2019","586,47","591,47","591,74","585,63","","-0,99%"
"06.02.2019","592,31","593,59","594,29","591,41","","-0,21%"
"05.02.2019","593,58","588,74","593,79","588,70","","0,82%"
"04.02.2019","588,75","588,75","589,89","587,13","","-0,08%"
"01.02.2019","589,23","588,81","589,88","587,70","","-0,03%"
"31.01.2019","589,43","586,04","590,84","586,02","","1,00%"
"30.01.2019","583,61","581,19","586,97","580,67","","0,39%"
"29.01.2019","581,34","579,50","582,79","577,48","","0,28%"
"28.01.2019","579,72","582,91","583,78","578,60","","-0,41%"
"25.01.2019","582,12","575,13","583,14","575,05","","1,09%"
"24.01.2019","575,87","574,50","575,87","573,55","","0,32%"
"23.01.2019","574,03","574,41","575,30","572,05","","-0,08%"
"22.01.2019","574,50","578,06","578,36","573,59","","-0,63%"
"21.01.2019","578,13","577,42","579,23","577,06","","0,02%"
"18.01.2019","578,01","572,12","578,21","572,12","","1,15%"
"17.01.2019","571,46","571,58","572,93","569,55","","-0,03%"
"16.01.2019","571,61","570,69","571,98","569,10","","0,11%"
"15.01.2019","571,01","567,54","572,61","567,17","","0,59%"
"14.01.2019","567,66","570,09","570,28","565,91","","-0,46%"
"11.01.2019","570,26","569,22","572,78","568,54","","0,03%"
"10.01.2019","570,10","569,88","570,17","567,18","","0,25%"
"09.01.2019","568,68","560,16","570,11","560,16","","1,51%"
"08.01.2019","560,23","558,30","561,48","557,22","","0,37%"
"07.01.2019","558,17","552,62","558,92","552,61","","1,04%"
"04.01.2019","552,40","543,90","552,95","540,58","","1,64%"
"03.01.2019","543,51","545,12","545,81","542,49","","-0,12%"
"02.01.2019","544,19","548,77","548,93","541,13","","-0,69%"
"01.01.2019","547,97","548,94","549,77","547,97","","0,01%"
"31.12.2018","547,92","545,97","548,72","545,89","","0,42%"
"28.12.2018","545,65","538,99","546,99","538,46","","1,31%"
"27.12.2018","538,58","535,37","542,41","535,35","","0,34%"
"26.12.2018","536,76","536,40","537,30","534,65","","0,16%"
"25.12.2018","535,90","540,40","540,40","535,07","","-0,87%"
"24.12.2018","540,59","540,68","541,34","539,85","","-0,31%"
"21.12.2018","542,29","545,91","546,52","540,28","","-0,48%"
"20.12.2018","544,89","550,77","550,99","544,43","","-1,36%"
"19.12.2018","552,42","550,55","554,66","550,20","","0,40%"
"18.12.2018","550,21","554,56","554,62","550,08","","-0,75%"
"17.12.2018","554,35","556,66","557,67","554,35","","-0,39%"
"14.12.2018","556,52","563,69","563,81","554,92","","-1,22%"
"13.12.2018","563,40","562,79","565,87","562,71","","0,09%"
"12.12.2018","562,87","552,48","564,17","552,48","","1,84%"
"11.12.2018","552,69","550,43","556,20","549,53","","0,30%"
"10.12.2018","551,01","561,16","561,25","549,92","","-1,93%"
"07.12.2018","561,88","559,35","566,05","559,35","","0,45%"
"06.12.2018","559,36","572,09","572,18","557,03","","-2,19%"
"05.12.2018","571,88","577,61","577,65","571,45","","-1,11%"
"04.12.2018","578,32","583,17","583,18","577,24","","-0,82%"
"03.12.2018","583,08","574,11","585,96","574,09","","1,64%"
"30.11.2018","573,70","576,31","577,04","572,88","","-0,47%"
"29.11.2018","576,39","574,09","577,89","574,09","","0,94%"
"28.11.2018","571,00","568,83","574,53","568,40","","0,40%"
"27.11.2018","568,74","569,07","570,78","567,75","","-0,14%"
"26.11.2018","569,52","565,49","571,52","565,12","","0,66%"
"23.11.2018","565,77","567,35","567,96","564,30","","-0,27%"
"22.11.2018","567,32","567,45","569,13","566,49","","-0,02%"
"21.11.2018","567,45","563,62","568,58","560,80","","0,42%"
"20.11.2018","565,07","573,16","573,25","563,01","","-1,41%"
"19.11.2018","573,18","573,65","576,79","572,62","","0,01%"
"16.11.2018","573,14","570,90","574,05","569,56","","0,40%"
"15.11.2018","570,85","570,60","574,75","568,69","","0,12%"
"14.11.2018","570,18","571,61","572,54","567,09","","-0,12%"
"13.11.2018","570,84","570,02","572,07","565,25","","-0,03%"
"12.11.2018","571,02","575,89","576,81","570,02","","-1,10%"
"09.11.2018","577,35","581,99","582,35","575,66","","-1,11%"
"08.11.2018","583,86","583,02","587,14","581,48","","0,09%"
"07.11.2018","583,35","578,79","584,69","578,69","","0,83%"
"06.11.2018","578,57","577,70","579,87","577,64","","0,21%"
"05.11.2018","577,38","579,88","580,05","575,71","","-0,33%"
"02.11.2018","579,28","574,18","584,30","573,99","","1,05%"
"01.11.2018","573,27","567,83","574,58","567,26","","0,89%"
"31.10.2018","568,23","558,65","568,81","558,65","","1,59%"
"30.10.2018","559,31","557,30","559,94","556,44","","0,26%"
"29.10.2018","557,86","557,89","562,13","556,99","","0,09%"
"26.10.2018","557,34","560,54","561,36","553,59","","-0,51%"
"25.10.2018","560,22","563,59","563,60","555,67","","-0,64%"
"24.10.2018","563,85","568,43","569,73","563,51","","-0,74%"
"23.10.2018","568,07","578,24","578,27","566,47","","-1,79%"
"22.10.2018","578,45","578,96","583,08","577,26","","-0,05%"
"19.10.2018","578,75","578,29","580,32","575,67","","-0,10%"
"18.10.2018","579,33","583,27","583,95","578,22","","-0,90%"
"17.10.2018","584,58","585,24","588,73","583,21","","-0,13%"
"16.10.2018","585,32","578,64","585,38","578,17","","1,16%"
"15.10.2018","578,62","579,82","579,87","575,78","","-0,30%"
"12.10.2018","580,37","577,48","582,99","576,58","","0,68%"
"11.10.2018","576,45","590,30","590,32","575,98","","-2,43%"
"10.10.2018","590,78","596,34","597,61","589,95","","-0,72%"
"09.10.2018","595,04","597,28","597,36","591,40","","-0,32%"
"08.10.2018","596,93","601,71","601,73","596,05","","-0,75%"
"05.10.2018","601,45","605,71","605,79","601,04","","-0,80%"
"04.10.2018","606,30","610,99","611,78","604,68","","-1,17%"
"03.10.2018","613,49","613,72","614,60","611,66","","-0,06%"
"02.10.2018","613,87","617,86","619,06","611,51","","-0,67%"
"01.10.2018","617,99","618,13","619,54","616,79","","-0,08%"
"28.09.2018","618,46","620,49","622,58","616,61","","-0,49%"
"27.09.2018","621,51","623,31","623,57","619,13","","-0,24%"
"26.09.2018","623,03","621,65","625,22","621,38","","0,22%"
"25.09.2018","621,69","618,87","622,14","618,57","","0,23%"
"24.09.2018","620,27","622,48","622,53","618,65","","-0,42%"
"21.09.2018","622,86","619,48","623,74","619,40","","0,80%"
"20.09.2018","617,90","613,57","619,33","613,20","","0,81%"
"19.09.2018","612,92","610,01","613,94","609,87","","0,67%"
"18.09.2018","608,86","605,09","608,88","605,02","","0,51%"
"17.09.2018","605,76","605,43","606,63","602,97","","-0,10%"
"14.09.2018","606,34","603,77","608,30","603,77","","0,58%"
"13.09.2018","602,87","600,13","605,13","600,10","","0,61%"
"12.09.2018","599,23","597,31","600,45","595,63","","0,45%"
"11.09.2018","596,55","597,28","599,10","594,24","","-0,17%"
"10.09.2018","597,59","596,91","598,89","595,00","","-0,07%"
"07.09.2018","597,98","599,13","599,81","596,02","","-0,19%"
"06.09.2018","599,12","601,30","601,81","598,34","","-0,40%"
"05.09.2018","601,52","607,40","607,43","600,79","","-0,96%"
"04.09.2018","607,35","612,38","612,70","606,26","","-0,92%"
"03.09.2018","613,00","613,62","613,72","611,60","","-0,39%"
"31.08.2018","615,40","618,90","619,17","613,74","","-0,62%"
"30.08.2018","619,25","624,23","624,59","618,59","","-0,57%"
"29.08.2018","622,77","622,17","623,69","621,03","","0,06%"
"28.08.2018","622,37","621,70","624,29","621,03","","0,24%"
"27.08.2018","620,86","614,48","621,44","614,38","","1,19%"
"24.08.2018","613,53","610,11","614,19","609,07","","0,40%"
"23.08.2018","611,11","613,88","613,98","609,57","","-0,44%"
"22.08.2018","613,80","612,04","614,59","611,38","","0,57%"
"21.08.2018","610,32","608,50","612,68","608,20","","0,58%"
"20.08.2018","606,79","603,59","608,44","603,24","","0,64%"
"17.08.2018","602,94","600,95","604,10","600,51","","0,30%"
"16.08.2018","601,14","598,11","602,18","596,21","","0,45%"
"15.08.2018","598,42","606,50","606,53","597,01","","-1,46%"
"14.08.2018","607,31","606,53","610,07","605,47","","0,15%"
"13.08.2018","606,43","611,05","611,05","604,92","","-1,09%"
"10.08.2018","613,10","622,02","622,02","611,60","","-1,69%"
"09.08.2018","623,66","623,77","624,99","622,02","","-0,03%"
"08.08.2018","623,84","623,99","625,48","622,62","","-0,02%"
"07.08.2018","623,94","619,55","625,83","619,45","","0,71%"
"06.08.2018","619,54","620,81","622,46","618,15","","-0,30%"
"03.08.2018","621,39","618,59","622,05","617,71","","0,34%"
"02.08.2018","619,26","626,99","627,08","618,21","","-1,23%"
"01.08.2018","626,98","628,73","629,49","626,65","","-0,23%"
"31.07.2018","628,43","629,51","629,80","627,67","","-0,21%"
"30.07.2018","629,75","629,63","630,55","627,24","","-0,03%"
"27.07.2018","629,91","627,17","630,69","627,03","","0,37%"
"26.07.2018","627,57","628,40","629,59","626,50","","0,38%"
"25.07.2018","625,18","624,67","627,51","624,22","","0,08%"
"24.07.2018","624,67","619,93","626,48","619,62","","0,81%"
"23.07.2018","619,64","621,92","622,71","618,72","","-0,17%"
"20.07.2018","620,70","617,35","622,33","615,40","","0,74%"
"19.07.2018","616,16","619,50","620,65","615,09","","-0,41%"
"18.07.2018","618,67","617,82","619,59","616,27","","0,10%"
"17.07.2018","618,04","618,47","619,48","616,31","","0,00%"
"16.07.2018","618,02","619,07","619,82","617,78","","-0,14%"
"13.07.2018","618,88","616,44","619,36","616,27","","0,36%"
"12.07.2018","616,66","612,28","617,13","611,99","","0,34%"
"11.07.2018","614,56","620,92","620,92","611,62","","-1,11%"
"10.07.2018","621,44","621,26","622,63","619,98","","0,06%"
"09.07.2018","621,07","615,84","621,47","615,84","","0,94%"
"06.07.2018","615,26","611,05","615,44","610,16","","0,74%"
"05.07.2018","610,76","609,30","612,57","606,94","","0,28%"
"04.07.2018","609,06","609,72","610,94","607,89","","-0,01%"
"03.07.2018","609,15","606,85","610,60","603,56","","0,54%"
"02.07.2018","605,89","613,37","613,55","605,17","","-1,25%"
"29.06.2018","613,57","605,36","614,53","604,68","","1,34%"
"28.06.2018","605,43","606,86","607,42","603,77","","-0,49%"
"27.06.2018","608,39","610,35","610,96","606,13","","-0,42%"
"26.06.2018","610,94","611,30","612,86","609,76","","-0,07%"
"25.06.2018","611,39","620,54","620,54","611,39","","-1,37%"
"22.06.2018","619,88","614,16","620,53","613,63","","0,79%"
"21.06.2018","615,02","618,02","619,26","614,48","","-0,59%"
"20.06.2018","618,64","615,73","620,39","614,85","","0,55%"
"19.06.2018","615,26","623,38","623,92","613,67","","-1,29%"
"18.06.2018","623,28","626,72","626,72","621,72","","-0,70%"
"15.06.2018","627,68","630,41","630,75","627,00","","-0,86%"
"14.06.2018","633,15","635,15","635,15","630,25","","-0,36%"
"13.06.2018","635,41","635,06","636,38","632,88","","-0,10%"
"12.06.2018","636,02","636,12","637,34","634,36","","-0,10%"
"11.06.2018","636,64","633,65","637,04","633,39","","0,55%"
"08.06.2018","633,14","636,42","637,10","630,60","","-0,66%"
"07.06.2018","637,37","636,52","640,55","636,14","","0,21%"
"06.06.2018","636,04","633,36","636,06","633,12","","0,68%"
"05.06.2018","631,74","634,13","635,03","631,74","","-0,36%"
"04.06.2018","634,04","628,86","635,48","628,85","","1,00%"
"01.06.2018","627,78","624,68","629,05","624,31","","0,44%"
"31.05.2018","625,05","625,04","629,23","623,70","","0,31%"
"30.05.2018","623,12","622,62","624,25","619,10","","-0,15%"
"29.05.2018","624,05","630,80","631,37","622,57","","-1,09%"
"28.05.2018","630,92","632,88","635,55","630,87","","-0,29%"
"25.05.2018","632,75","634,11","636,06","631,63","","-0,30%"
"24.05.2018","634,65","636,29","637,69","633,36","","-0,17%"
"23.05.2018","635,76","643,07","643,30","634,80","","-1,08%"
"22.05.2018","642,68","642,14","644,34","641,25","","0,35%"
"21.05.2018","640,45","639,74","642,10","638,56","","0,06%"
"18.05.2018","640,05","641,54","642,89","638,84","","-0,24%"
"17.05.2018","641,59","642,39","643,44","640,57","","0,11%"
"16.05.2018","640,90","640,54","642,19","639,39","","-0,07%"
"15.05.2018","641,38","646,90","647,14","638,81","","-1,03%"
"14.05.2018","648,07","645,39","648,39","645,23","","0,41%"
"11.05.2018","645,43","642,34","646,54","642,34","","0,77%"
"10.05.2018","640,48","636,90","642,80","636,85","","0,54%"
"09.05.2018","637,01","635,58","637,26","633,29","","0,30%"
"08.05.2018","635,13","635,98","637,72","633,13","","-0,07%"
"07.05.2018","635,58","634,15","636,37","633,41","","0,36%"
"04.05.2018","633,33","633,41","634,64","630,42","","0,20%"
"03.05.2018","632,04","634,93","635,78","631,17","","-0,48%"
"02.05.2018","635,12","635,66","637,88","634,37","","-0,05%"
"01.05.2018","635,41","638,67","638,73","634,87","","-0,59%"
"30.04.2018","639,16","637,88","640,50","637,88","","0,23%"
"27.04.2018","637,71","634,96","638,68","634,81","","0,52%"
"26.04.2018","634,40","632,56","635,29","631,81","","0,37%"
"25.04.2018","632,04","637,59","637,60","630,62","","-0,85%"
"24.04.2018","637,44","636,98","639,29","635,92","","0,00%"
"23.04.2018","637,41","639,43","639,98","636,01","","-0,42%"
"20.04.2018","640,11","643,46","643,46","638,81","","-0,82%"
"19.04.2018","645,37","644,77","646,86","643,19","","0,12%"
"18.04.2018","644,57","640,06","644,71","640,06","","0,80%"
"17.04.2018","639,46","638,22","640,08","637,31","","0,30%"
"16.04.2018","637,56","637,89","638,93","637,02","","-0,04%"
"13.04.2018","637,81","638,26","639,74","637,18","","0,03%"
"12.04.2018","637,60","637,94","638,29","635,66","","-0,10%"
"11.04.2018","638,23","639,36","639,67","636,82","","-0,06%"
"10.04.2018","638,63","632,27","639,17","631,93","","1,00%"
"09.04.2018","632,29","629,55","633,29","629,48","","0,44%"
"06.04.2018","629,53","630,82","631,84","628,56","","-0,13%"
"05.04.2018","630,36","623,80","630,79","623,42","","1,23%"
"04.04.2018","622,72","626,03","626,03","619,64","","-0,44%"
"03.04.2018","625,48","626,84","628,53","624,11","","-0,39%"
"02.04.2018","627,93","629,40","630,46","627,40","","-0,11%"
"30.03.2018","628,60","628,75","630,06","628,52","","0,15%"
"29.03.2018","627,64","624,56","629,01","624,09","","0,27%"
"28.03.2018","625,95","630,58","630,62","623,48","","-0,67%"
"27.03.2018","630,18","625,48","634,10","625,43","","0,80%"
"26.03.2018","625,15","623,69","628,13","621,98","","0,24%"
"23.03.2018","623,64","633,26","633,27","621,51","","-1,45%"
"22.03.2018","632,84","639,90","642,08","630,92","","-0,65%"
"21.03.2018","637,00","636,14","640,17","635,90","","0,03%"
"20.03.2018","636,84","636,56","637,47","634,98","","0,02%"
"19.03.2018","636,72","641,37","641,50","636,03","","-0,68%"
"16.03.2018","641,09","641,60","642,90","640,56","","-0,19%"
"15.03.2018","642,29","642,51","644,21","641,40","","0,00%"
"14.03.2018","642,32","644,30","644,77","641,56","","-0,36%"
"13.03.2018","644,63","645,60","647,36","643,90","","-0,08%"
"12.03.2018","645,17","639,73","646,14","639,72","","0,87%"
"09.03.2018","639,62","636,17","640,25","635,90","","0,46%"
"08.03.2018","636,66","633,77","637,76","633,77","","0,50%"
"07.03.2018","633,52","636,02","636,23","631,88","","-0,23%"
"06.03.2018","634,97","628,24","637,22","628,23","","1,08%"
"05.03.2018","628,16","628,36","628,58","623,57","","0,12%"
"02.03.2018","627,38","635,56","635,56","625,93","","-0,83%"
"01.03.2018","632,62","638,85","638,91","631,98","","-1,06%"
"28.02.2018","639,38","646,38","646,42","639,03","","-1,10%"
"27.02.2018","646,47","649,96","652,84","645,56","","-0,41%"
"26.02.2018","649,11","645,62","651,70","645,56","","0,49%"
"23.02.2018","645,95","642,51","646,21","642,16","","0,65%"
"22.02.2018","641,75","642,18","643,06","637,17","","-0,32%"
"21.02.2018","643,80","641,60","646,06","640,85","","0,23%"
"20.02.2018","642,30","644,76","644,88","639,93","","-0,34%"
"19.02.2018","644,49","644,81","647,62","644,16","","-0,14%"
"16.02.2018","645,39","643,66","648,45","643,51","","0,52%"
"15.02.2018","642,03","635,55","643,86","635,55","","1,30%"
"14.02.2018","633,81","625,96","635,82","624,08","","1,20%"
"13.02.2018","626,32","624,75","628,00","624,75","","0,36%"
"12.02.2018","624,10","618,48","625,10","618,19","","0,97%"
"09.02.2018","618,09","626,95","627,19","616,19","","-1,48%"
"08.02.2018","627,40","632,50","635,18","626,60","","-1,03%"
"07.02.2018","633,93","631,30","637,86","631,24","","0,65%"
"06.02.2018","629,82","647,84","647,84","626,55","","-2,90%"
"05.02.2018","648,65","659,32","659,72","647,85","","-1,77%"
"02.02.2018","660,34","671,03","671,35","659,77","","-1,48%"
"01.02.2018","670,26","669,59","673,78","668,87","","-0,10%"
"31.01.2018","670,90","670,72","672,55","668,46","","0,02%"
"30.01.2018","670,77","676,97","677,06","670,02","","-0,87%"
"29.01.2018","676,67","680,14","681,35","675,65","","-0,57%"
"26.01.2018","680,53","674,36","681,45","674,36","","0,12%"
"25.01.2018","679,73","679,17","681,72","673,82","","0,20%"
"24.01.2018","678,40","675,93","680,33","675,33","","0,37%"
"23.01.2018","675,87","670,75","676,02","670,65","","0,78%"
"22.01.2018","670,61","668,82","670,74","666,92","","0,38%"
"19.01.2018","668,05","665,16","669,69","664,98","","0,48%"
"18.01.2018","664,87","662,79","665,79","662,63","","0,01%"
"17.01.2018","664,83","665,14","667,03","662,72","","0,05%"
"16.01.2018","664,51","663,62","665,95","662,76","","0,08%"
"15.01.2018","663,96","661,07","664,28","660,66","","0,78%"
"12.01.2018","658,80","654,85","660,58","654,45","","0,67%"
"11.01.2018","654,39","653,43","655,05","651,34","","0,02%"
"10.01.2018","654,28","653,99","655,67","653,17","","0,03%"
"09.01.2018","654,10","652,64","654,27","652,39","","0,15%"
"08.01.2018","653,12","653,22","654,13","652,32","","0,03%"
"05.01.2018","652,91","649,07","653,28","649,03","","0,61%"
"04.01.2018","648,96","640,88","649,43","640,77","","1,22%"
"03.01.2018","641,11","639,47","641,59","639,43","","0,27%"
"02.01.2018","639,41","635,39","639,78","635,04","","0,64%"
"01.01.2018","635,34","635,04","635,34","634,85","","-0,02%"
"29.12.2017","635,45","633,10","636,04","632,92","","0,38%"
"28.12.2017","633,02","631,30","637,93","631,25","","0,33%"
"27.12.2017","630,91","628,22","631,55","628,16","","0,45%"
"26.12.2017","628,09","628,77","629,01","627,65","","0,01%"
"25.12.2017","628,01","628,26","629,02","627,95","","0,03%"
"22.12.2017","627,82","627,74","628,75","627,16","","0,09%"
"21.12.2017","627,25","624,96","628,05","623,53","","0,29%"
"20.12.2017","625,46","626,34","626,81","624,95","","0,03%"
"19.12.2017","625,27","626,11","628,08","625,27","","-0,27%"
"18.12.2017","626,95","618,73","627,39","618,63","","1,31%"
"15.12.2017","618,84","620,99","621,22","618,07","","-0,33%"
"14.12.2017","620,88","623,57","624,56","620,88","","-0,10%"
"13.12.2017","621,50","620,15","623,91","620,10","","0,28%"
"12.12.2017","619,77","619,88","620,55","618,97","","-0,13%"
"11.12.2017","620,55","617,61","621,08","617,52","","0,54%"
"08.12.2017","617,20","613,72","618,55","613,63","","0,51%"
"07.12.2017","614,08","613,34","615,02","612,73","","0,13%"
"06.12.2017","613,29","618,28","618,34","611,99","","-0,82%"
"05.12.2017","618,36","620,52","620,89","617,80","","-0,25%"
"04.12.2017","619,88","618,10","621,26","616,75","","0,36%"
"01.12.2017","617,66","619,73","621,31","617,64","","-0,60%"
"30.11.2017","621,37","622,80","622,83","619,77","","-0,31%"
"29.11.2017","623,28","624,04","626,77","622,89","","-0,07%"
"28.11.2017","623,74","623,25","624,96","622,11","","-0,04%"
"27.11.2017","623,97","626,49","626,85","623,12","","-0,49%"
"24.11.2017","627,06","625,10","627,29","624,05","","0,37%"
"23.11.2017","624,75","625,04","625,77","623,31","","0,21%"
"22.11.2017","623,45","620,90","625,35","620,88","","0,47%"
"21.11.2017","620,56","615,96","621,89","615,96","","0,66%"
"20.11.2017","616,52","616,41","617,29","614,72","","0,08%"
"17.11.2017","616,02","614,24","618,01","614,23","","0,25%"
"16.11.2017","614,50","609,71","614,96","609,71","","0,79%"
"15.11.2017","609,68","614,08","614,10","609,08","","-0,55%"
"14.11.2017","613,04","614,02","614,83","612,90","","-0,19%"
"13.11.2017","614,22","616,99","617,02","612,90","","-0,60%"
"10.11.2017","617,95","620,05","620,21","617,02","","-0,22%"
"09.11.2017","619,32","621,45","623,80","618,65","","-0,33%"
"08.11.2017","621,39","620,87","621,89","620,52","","0,20%"
"07.11.2017","620,16","621,15","623,34","619,91","","0,11%"
"06.11.2017","619,45","619,02","621,24","617,27","","0,08%"
"03.11.2017","618,94","619,66","621,23","617,74","","-0,18%"
"02.11.2017","620,07","619,16","621,22","619,06","","0,16%"
"01.11.2017","619,09","616,31","621,05","616,27","","0,46%"
"31.10.2017","616,28","615,57","616,67","614,89","","0,16%"
"30.10.2017","615,31","613,32","616,02","613,32","","0,49%"
"27.10.2017","612,33","610,70","613,62","610,47","","0,00%"
"26.10.2017","612,35","613,06","613,82","610,81","","-0,10%"
"25.10.2017","612,97","614,21","615,31","612,39","","-0,18%"
"24.10.2017","614,10","615,18","616,36","613,90","","-0,11%"
"23.10.2017","614,77","614,64","616,19","614,25","","-0,14%"
"20.10.2017","615,62","616,84","617,52","615,01","","-0,28%"
"19.10.2017","617,34","617,80","619,10","615,36","","-0,01%"
"18.10.2017","617,42","617,01","618,24","616,33","","0,23%"
"17.10.2017","616,00","618,00","618,71","616,00","","-0,44%"
"16.10.2017","618,70","617,50","619,39","617,48","","0,12%"
"13.10.2017","617,95","615,86","618,91","615,56","","0,41%"
"12.10.2017","615,41","614,71","616,57","614,62","","0,21%"
"11.10.2017","614,11","612,17","615,01","612,13","","0,19%"
"10.10.2017","612,97","608,08","612,97","608,05","","0,80%"
"09.10.2017","608,08","608,20","608,61","607,47","","0,07%"
"06.10.2017","607,64","607,37","608,31","605,71","","-0,06%"
"05.10.2017","608,03","608,38","608,90","607,05","","-0,10%"
"04.10.2017","608,63","607,96","609,71","607,68","","0,10%"
"03.10.2017","608,03","604,82","608,21","603,69","","0,55%"
"02.10.2017","604,71","604,63","605,04","603,09","","-0,02%"
"29.09.2017","604,83","601,88","605,19","601,18","","0,57%"
"28.09.2017","601,41","599,89","602,22","598,85","","0,17%"
"27.09.2017","600,38","600,56","601,09","598,67","","0,09%"
"26.09.2017","599,84","603,91","604,01","599,21","","-0,72%"
"25.09.2017","604,20","606,19","607,15","603,11","","-0,55%"
"22.09.2017","607,55","607,31","608,28","606,45","","0,18%"
"21.09.2017","606,45","606,02","607,41","604,95","","-0,52%"
"20.09.2017","609,63","608,08","610,21","604,52","","0,24%"
"19.09.2017","608,20","606,53","608,76","606,53","","0,32%"
"18.09.2017","606,23","603,63","607,11","603,63","","0,34%"
"15.09.2017","604,20","604,43","605,09","603,37","","0,25%"
"14.09.2017","602,69","603,21","604,08","601,02","","-0,17%"
"13.09.2017","603,74","605,78","606,58","602,64","","-0,26%"
"12.09.2017","605,33","603,42","605,76","603,18","","0,28%"
"11.09.2017","603,65","600,08","604,20","600,08","","0,64%"
"08.09.2017","599,79","599,42","602,08","599,31","","0,18%"
"07.09.2017","598,73","594,42","599,61","594,41","","0,72%"
"06.09.2017","594,43","593,65","595,01","591,75","","0,07%"
"05.09.2017","594,03","593,07","594,81","592,78","","0,05%"
"04.09.2017","593,73","595,93","595,93","593,01","","-0,40%"
"01.09.2017","596,14","594,89","598,56","594,06","","0,43%"
"31.08.2017","593,59","590,23","594,56","589,66","","0,52%"
"30.08.2017","590,51","589,58","591,84","589,37","","-0,12%"
"29.08.2017","591,22","592,52","593,47","588,66","","-0,28%"
"28.08.2017","592,86","593,90","594,00","592,05","","0,11%"
"25.08.2017","592,19","589,92","593,78","589,47","","0,37%"
"24.08.2017","590,03","589,64","591,08","588,90","","0,12%"
"23.08.2017","589,33","588,84","589,99","588,02","","0,14%"
"22.08.2017","588,52","585,93","588,80","585,93","","0,35%"
"21.08.2017","586,44","585,67","586,70","584,21","","0,15%"
"18.08.2017","585,58","586,56","586,88","584,04","","-0,44%"
"17.08.2017","588,14","590,18","591,41","587,78","","0,10%"
"16.08.2017","587,56","585,55","590,27","585,08","","0,49%"
"15.08.2017","584,72","586,07","587,63","584,06","","-0,27%"
"14.08.2017","586,31","583,05","586,89","582,63","","0,57%"
"11.08.2017","582,96","586,96","586,96","581,59","","-0,69%"
"10.08.2017","587,03","591,56","591,65","586,39","","-0,65%"
"09.08.2017","590,89","595,19","595,19","589,70","","-0,61%"
"08.08.2017","594,51","595,63","596,58","594,46","","-0,12%"
"07.08.2017","595,24","594,02","595,64","594,02","","0,38%"
"04.08.2017","592,96","594,12","594,83","592,11","","-0,21%"
"03.08.2017","594,23","593,93","594,82","591,73","","-0,03%"
"02.08.2017","594,39","594,00","595,39","593,32","","0,00%"
"01.08.2017","594,40","590,91","595,18","590,91","","0,68%"
"31.07.2017","590,37","589,19","591,70","588,86","","0,23%"
"28.07.2017","589,02","591,09","591,09","586,58","","-0,29%"
"27.07.2017","590,71","591,75","594,58","590,34","","0,44%"
"26.07.2017","588,15","587,07","592,40","586,21","","0,12%"
"25.07.2017","587,44","586,03","589,31","585,89","","0,17%"
"24.07.2017","586,44","587,33","587,63","585,67","","-0,18%"
"21.07.2017","587,52","589,01","590,27","586,53","","-0,37%"
"20.07.2017","589,68","587,12","590,01","586,85","","0,44%"
"19.07.2017","587,09","583,80","587,42","583,80","","0,41%"
"18.07.2017","584,68","583,79","585,82","583,59","","0,08%"
"17.07.2017","584,24","584,41","585,11","583,25","","0,17%"
"14.07.2017","583,27","579,66","584,24","579,64","","0,71%"
"13.07.2017","579,16","577,15","580,12","577,15","","0,46%"
"12.07.2017","576,52","571,40","577,30","571,22","","1,16%"
"11.07.2017","569,90","569,52","571,62","569,34","","0,14%"
"10.07.2017","569,12","567,64","569,75","567,40","","0,44%"
"07.07.2017","566,61","568,48","568,54","565,64","","-0,39%"
"06.07.2017","568,85","569,95","570,06","567,42","","-0,09%"
"05.07.2017","569,35","569,02","570,22","567,88","","0,09%"
"04.07.2017","568,84","571,31","571,84","568,50","","-0,33%"
"03.07.2017","570,75","569,86","571,09","569,07","","0,27%"
"30.06.2017","569,24","572,27","572,27","568,89","","-0,55%"
"29.06.2017","572,40","574,33","578,07","571,66","","-0,14%"
"28.06.2017","573,22","572,14","573,95","569,98","","0,32%"
"27.06.2017","571,39","571,51","572,86","570,58","","-0,09%"
"26.06.2017","571,93","569,72","573,68","569,68","","0,42%"
"23.06.2017","569,54","568,54","570,22","567,93","","0,21%"
"22.06.2017","568,33","567,37","568,91","566,75","","0,26%"
"21.06.2017","566,83","568,38","568,38","564,59","","-0,24%"
"20.06.2017","568,19","571,75","572,80","568,07","","-0,70%"
"19.06.2017","572,19","568,55","572,67","568,39","","0,62%"
"16.06.2017","568,67","565,19","568,67","564,77","","0,62%"
"15.06.2017","565,15","570,65","570,89","563,45","","-1,33%"
"14.06.2017","572,76","570,83","575,38","569,72","","0,39%"
"13.06.2017","570,53","567,67","571,05","567,67","","0,48%"
"12.06.2017","567,78","570,83","571,09","567,29","","-0,50%"
"09.06.2017","570,64","569,18","571,47","568,30","","-0,01%"
"08.06.2017","570,72","571,48","572,26","569,75","","-0,22%"
"07.06.2017","571,95","572,28","573,62","570,65","","-0,07%"
"06.06.2017","572,36","573,59","574,14","571,45","","-0,26%"
"05.06.2017","573,86","574,10","574,67","572,93","","-0,11%"
"02.06.2017","574,50","569,09","574,89","569,09","","0,94%"
"01.06.2017","569,15","566,90","569,25","566,90","","0,34%"
"31.05.2017","567,24","566,18","568,83","565,74","","0,08%"
"30.05.2017","566,76","566,36","567,47","564,96","","-0,11%"
"29.05.2017","567,37","567,80","568,15","566,82","","-0,08%"
"26.05.2017","567,83","568,45","568,52","566,83","","-0,20%"
"25.05.2017","568,96","568,30","570,43","567,99","","0,41%"
"24.05.2017","566,66","566,20","568,21","565,69","","-0,16%"
"23.05.2017","567,56","567,21","568,31","565,72","","0,01%"
"22.05.2017","567,53","565,13","568,10","564,48","","0,64%"
"19.05.2017","563,90","558,44","565,16","557,84","","0,81%"
"18.05.2017","559,38","564,19","564,19","557,29","","-0,99%"
"17.05.2017","564,97","567,49","567,99","564,66","","-0,45%"
"16.05.2017","567,52","564,16","568,04","563,77","","0,70%"
"15.05.2017","563,56","560,14","563,97","560,01","","0,55%"
"12.05.2017","560,50","558,19","560,79","557,31","","0,40%"
"11.05.2017","558,25","557,97","559,42","557,15","","-0,03%"
"10.05.2017","558,44","557,04","558,45","556,60","","0,25%"
"09.05.2017","557,07","557,19","557,58","555,77","","-0,13%"
"08.05.2017","557,80","556,64","559,79","556,64","","0,30%"
"05.05.2017","556,14","553,85","556,74","551,94","","0,51%"
"04.05.2017","553,30","551,00","554,11","550,23","","0,19%"
"03.05.2017","552,24","554,08","554,20","551,05","","-0,16%"
"02.05.2017","553,13","549,80","553,85","549,80","","0,53%"
"01.05.2017","550,22","549,39","550,53","548,88","","0,25%"
"28.04.2017","548,86","549,38","550,41","548,68","","-0,09%"
"27.04.2017","549,33","551,17","551,64","548,79","","-0,25%"
"26.04.2017","550,73","550,31","552,10","549,71","","0,09%"
"25.04.2017","550,22","546,57","550,58","546,57","","0,65%"
"24.04.2017","546,68","538,93","546,96","537,92","","2,09%"
"21.04.2017","535,50","534,59","536,87","534,59","","-0,03%"
"20.04.2017","535,68","532,68","536,12","532,63","","0,50%"
"19.04.2017","532,99","534,76","534,76","532,48","","-0,16%"
"18.04.2017","533,83","536,65","537,13","533,02","","-0,70%"
"17.04.2017","537,61","534,63","537,61","534,63","","0,52%"
"14.04.2017","534,82","535,02","535,14","534,05","","-0,15%"
"13.04.2017","535,60","538,41","538,53","534,93","","-0,14%"
"12.04.2017","536,36","536,26","538,09","534,90","","0,03%"
"11.04.2017","536,18","535,65","536,64","534,02","","0,18%"
"10.04.2017","535,20","534,66","535,68","533,66","","-0,01%"
"07.04.2017","535,23","535,02","536,09","533,93","","-0,05%"
"06.04.2017","535,49","537,48","537,48","532,63","","-0,29%"
"05.04.2017","537,04","536,66","538,69","536,35","","0,07%"
"04.04.2017","536,68","536,90","536,90","535,03","","0,04%"
"03.04.2017","536,46","537,23","538,48","535,87","","-0,11%"
"31.03.2017","537,05","538,84","539,49","535,54","","-0,64%"
"30.03.2017","540,50","541,03","541,11","538,57","","0,00%"
"29.03.2017","540,52","539,07","541,35","538,93","","-0,16%"
"28.03.2017","541,38","537,08","541,38","537,00","","0,71%"
"27.03.2017","537,55","539,26","539,29","535,99","","-0,05%"
"24.03.2017","537,80","536,56","538,64","536,34","","0,20%"
"23.03.2017","536,71","534,46","537,07","533,80","","0,40%"
"22.03.2017","534,59","538,34","538,40","531,89","","-0,74%"
"21.03.2017","538,56","538,29","541,95","537,91","","0,02%"
"20.03.2017","538,45","537,86","539,41","537,63","","0,16%"
"17.03.2017","537,57","537,19","538,49","536,07","","0,10%"
"16.03.2017","537,05","532,39","537,45","532,16","","1,75%"
"15.03.2017","527,83","525,53","532,83","524,78","","0,29%"
"14.03.2017","526,31","527,33","527,87","525,29","","-0,32%"
"13.03.2017","527,99","525,00","528,28","524,77","","0,67%"
"10.03.2017","524,48","520,39","525,68","520,30","","0,74%"
"09.03.2017","520,63","521,33","521,92","519,26","","-0,24%"
"08.03.2017","521,88","523,56","523,99","521,28","","-0,37%"
"07.03.2017","523,80","523,92","525,20","522,75","","-0,14%"
"06.03.2017","524,56","525,53","525,91","523,59","","0,13%"
"03.03.2017","523,90","523,87","525,90","521,39","","-0,17%"
"02.03.2017","524,80","525,37","527,10","523,45","","-0,10%"
"01.03.2017","525,30","520,91","526,11","520,42","","0,38%"
"28.02.2017","523,30","522,23","523,97","520,87","","-0,07%"
"27.02.2017","523,67","524,03","524,23","522,19","","-0,13%"
"24.02.2017","524,36","528,55","528,62","523,93","","-0,85%"
"23.02.2017","528,88","527,54","530,10","526,50","","0,37%"
"22.02.2017","526,92","525,98","528,17","525,97","","0,21%"
"21.02.2017","525,80","525,56","526,29","523,95","","0,02%"
"20.02.2017","525,72","524,58","525,97","523,96","","0,15%"
"17.02.2017","524,94","526,67","526,73","523,76","","-0,37%"
"16.02.2017","526,89","524,91","527,15","524,91","","0,58%"
"15.02.2017","523,86","521,37","525,32","521,36","","0,67%"
"14.02.2017","520,36","523,06","523,54","519,89","","-0,47%"
"13.02.2017","522,81","520,64","523,46","520,20","","0,46%"
"10.02.2017","520,41","517,37","521,75","517,32","","0,48%"
"09.02.2017","517,93","517,77","518,58","516,31","","0,01%"
"08.02.2017","517,88","515,49","517,90","514,91","","0,49%"
"07.02.2017","515,37","517,44","517,44","513,99","","-0,20%"
"06.02.2017","516,39","518,30","519,40","516,31","","-0,43%"
"03.02.2017","518,62","515,72","519,44","515,18","","0,35%"
"02.02.2017","516,80","516,57","518,34","515,71","","0,18%"
"01.02.2017","515,87","514,97","517,77","513,61","","0,17%"
"31.01.2017","515,01","514,89","516,94","512,88","","0,00%"
"30.01.2017","515,03","517,88","518,15","513,47","","-0,57%"
"27.01.2017","518,00","517,90","518,72","516,54","","0,03%"
"26.01.2017","517,83","518,42","521,36","517,17","","0,01%"
"25.01.2017","517,77","512,77","518,62","512,73","","0,81%"
"24.01.2017","513,63","513,05","513,81","511,13","","0,38%"
"23.01.2017","511,69","511,04","512,74","509,87","","0,38%"
"20.01.2017","509,75","509,24","511,34","507,70","","0,33%"
"19.01.2017","508,05","508,38","509,93","507,50","","-0,72%"
"18.01.2017","511,73","511,90","512,02","508,28","","0,16%"
"17.01.2017","510,91","508,33","512,09","507,52","","0,40%"
"16.01.2017","508,86","511,84","512,52","508,36","","-0,66%"
"13.01.2017","512,22","509,45","513,23","508,67","","0,26%"
"12.01.2017","510,89","509,79","513,37","508,85","","1,07%"
"11.01.2017","505,49","506,43","511,62","505,19","","-0,44%"
"10.01.2017","507,72","506,46","507,96","505,59","","0,47%"
"09.01.2017","505,33","505,17","506,68","503,90","","-0,34%"
"06.01.2017","507,06","509,06","509,58","505,03","","-0,37%"
"05.01.2017","508,92","502,96","509,25","502,84","","1,28%"
"04.01.2017","502,48","497,35","503,38","497,34","","1,11%"
"03.01.2017","496,95","495,75","497,90","495,62","","-0,28%"
"02.01.2017","498,33","496,50","498,33","495,33","","0,20%"
"30.12.2016","497,35","495,29","497,93","495,03","","0,44%"
"29.12.2016","495,15","493,35","495,26","492,47","","0,52%"
"28.12.2016","492,59","492,13","493,72","491,90","","0,13%"
"27.12.2016","491,95","491,61","492,22","491,22","","0,02%"
"26.12.2016","491,83","491,84","492,37","491,70","","-0,05%"
"23.12.2016","492,09","491,82","492,20","491,11","","-0,04%"
"22.12.2016","492,29","493,18","493,52","491,35","","-0,23%"
"21.12.2016","493,44","493,34","494,35","492,64","","0,15%"
"20.12.2016","492,72","492,61","493,73","491,41","","-0,13%"
"19.12.2016","493,38","494,06","494,88","492,35","","0,11%"
"16.12.2016","492,86","492,75","494,82","492,61","","0,15%"
"15.12.2016","492,11","495,39","495,51","490,95","","-1,81%"
"14.12.2016","501,18","502,27","503,26","494,79","","-0,29%"
"13.12.2016","502,62","499,26","503,18","498,58","","0,89%"
"12.12.2016","498,21","498,11","499,63","497,41","","0,02%"
"09.12.2016","498,12","497,92","498,90","497,10","","0,12%"
"08.12.2016","497,54","495,69","500,52","495,69","","0,45%"
"07.12.2016","495,29","489,77","495,62","489,75","","1,08%"
"06.12.2016","490,00","486,99","490,03","486,94","","0,89%"
"05.12.2016","485,69","482,86","488,17","481,39","","0,35%"
"02.12.2016","484,01","485,12","485,56","481,49","","-0,14%"
"01.12.2016","484,67","484,31","487,23","483,73","","-0,02%"
"30.11.2016","484,78","485,06","486,83","483,45","","0,08%"
"29.11.2016","484,41","485,14","485,66","482,56","","0,00%"
"28.11.2016","484,41","484,88","487,98","483,97","","-0,05%"
"25.11.2016","484,66","482,03","485,09","481,98","","0,49%"
"24.11.2016","482,29","481,31","482,70","480,60","","0,32%"
"23.11.2016","480,77","484,06","485,32","479,91","","-0,52%"
"22.11.2016","483,26","482,05","485,87","481,91","","0,32%"
"21.11.2016","481,73","478,53","482,59","478,41","","0,71%"
"18.11.2016","478,33","480,57","481,43","478,16","","-0,90%"
"17.11.2016","482,65","481,58","483,23","480,68","","0,42%"
"16.11.2016","480,64","481,24","483,89","479,73","","-0,06%"
"15.11.2016","480,93","480,40","482,93","479,48","","0,30%"
"14.11.2016","479,49","482,92","483,73","479,06","","-0,79%"
"11.11.2016","483,32","488,44","489,72","482,00","","-1,04%"
"10.11.2016","488,40","485,64","496,74","485,64","","0,31%"
"09.11.2016","486,89","493,00","494,71","483,57","","-1,30%"
"08.11.2016","493,29","491,52","493,70","491,40","","0,46%"
"07.11.2016","491,01","485,59","491,61","485,52","","0,83%"
"04.11.2016","486,95","490,72","490,72","485,82","","-0,73%"
"03.11.2016","490,51","491,40","492,61","490,51","","-0,27%"
"02.11.2016","491,86","496,38","496,41","491,16","","-0,80%"
"01.11.2016","495,82","496,45","498,48","495,52","","-0,07%"
"31.10.2016","496,19","497,26","497,79","494,93","","0,03%"
"28.10.2016","496,05","495,91","497,68","493,96","","-0,12%"
"27.10.2016","496,66","497,78","497,92","495,28","","-0,34%"
"26.10.2016","498,37","500,26","500,30","497,02","","-0,14%"
"25.10.2016","499,06","499,43","501,67","498,69","","-0,11%"
"24.10.2016","499,63","498,77","501,77","497,78","","0,20%"
"21.10.2016","498,64","500,54","500,63","497,65","","-0,38%"
"20.10.2016","500,53","501,08","501,97","499,70","","-0,11%"
"19.10.2016","501,07","498,98","501,60","498,77","","0,50%"
"18.10.2016","498,57","493,54","499,36","493,43","","1,15%"
"17.10.2016","492,90","494,01","494,61","492,29","","-0,38%"
"14.10.2016","494,79","492,61","496,84","491,86","","0,62%"
"13.10.2016","491,73","494,47","494,86","489,61","","-0,62%"
"12.10.2016","494,78","498,42","498,85","494,01","","-0,71%"
"11.10.2016","498,34","503,13","503,36","497,39","","-1,01%"
"10.10.2016","503,45","501,96","503,83","500,43","","0,35%"
"07.10.2016","501,67","503,06","503,40","499,27","","-0,35%"
"06.10.2016","503,41","505,01","506,49","502,65","","-0,24%"
"05.10.2016","504,63","504,94","506,03","503,59","","-0,11%"
"04.10.2016","505,19","504,79","506,84","503,72","","0,10%"
"03.10.2016","504,67","502,89","505,87","502,76","","0,26%"
"30.09.2016","503,38","505,69","505,71","497,72","","-0,48%"
"29.09.2016","505,83","505,03","508,51","505,00","","0,45%"
"28.09.2016","503,58","503,23","505,21","501,59","","0,22%"
"27.09.2016","502,47","501,95","505,05","499,56","","0,02%"
"26.09.2016","502,37","507,26","507,51","501,41","","-0,97%"
"23.09.2016","507,31","509,67","509,70","506,88","","-0,64%"
"22.09.2016","510,57","504,52","512,07","504,52","","1,73%"
"21.09.2016","501,91","497,05","504,49","496,49","","1,01%"
"20.09.2016","496,87","495,89","498,27","495,86","","0,02%"
"19.09.2016","496,76","491,17","497,35","491,16","","1,06%"
"16.09.2016","491,53","495,47","496,32","490,58","","-0,62%"
"15.09.2016","494,62","492,63","495,37","491,08","","0,35%"
"14.09.2016","492,91","492,52","494,61","491,82","","-0,22%"
"13.09.2016","493,99","499,39","499,74","492,24","","-0,73%"
"12.09.2016","497,63","503,91","503,91","494,78","","-1,25%"
"09.09.2016","503,94","510,93","511,17","503,29","","-1,65%"
"08.09.2016","512,42","512,03","514,25","510,43","","-0,02%"
"07.09.2016","512,53","511,95","513,50","511,55","","0,25%"
"06.09.2016","511,25","506,63","512,31","506,60","","0,94%"
"05.09.2016","506,47","504,08","508,06","504,08","","0,56%"
"02.09.2016","503,64","498,85","504,32","498,69","","0,96%"
"01.09.2016","498,87","497,47","499,78","497,24","","0,37%"
"31.08.2016","497,03","499,19","499,91","496,88","","-0,33%"
"30.08.2016","498,66","499,17","500,33","497,72","","0,09%"
"29.08.2016","498,21","497,91","499,37","496,72","","-0,76%"
"26.08.2016","502,02","501,25","504,70","497,43","","0,13%"
"25.08.2016","501,37","502,62","503,34","500,79","","-0,24%"
"24.08.2016","502,58","503,86","504,73","501,52","","-0,43%"
"23.08.2016","504,77","501,79","505,44","501,79","","0,49%"
"22.08.2016","502,32","501,98","503,14","500,20","","-0,03%"
"19.08.2016","502,49","505,81","506,06","501,05","","-0,54%"
"18.08.2016","505,20","503,25","506,00","502,95","","0,50%"
"17.08.2016","502,67","504,65","505,42","501,05","","-0,24%"
"16.08.2016","503,86","504,99","507,24","503,86","","-0,29%"
"15.08.2016","505,34","503,16","505,62","502,82","","0,19%"
"12.08.2016","504,36","502,73","505,02","502,42","","0,19%"
"11.08.2016","503,39","500,90","503,39","499,37","","0,58%"
"10.08.2016","500,48","498,84","502,15","498,81","","0,30%"
"09.08.2016","498,99","494,49","499,47","493,89","","1,00%"
"08.08.2016","494,03","491,24","495,11","491,24","","0,73%"
"05.08.2016","490,47","489,19","491,75","489,08","","0,33%"
"04.08.2016","488,88","485,95","489,28","485,93","","0,68%"
"03.08.2016","485,56","489,30","489,30","484,50","","-0,95%"
"02.08.2016","490,21","492,43","492,63","489,08","","-0,65%"
"01.08.2016","493,42","493,33","496,41","492,07","","-0,08%"
"29.07.2016","493,81","487,33","494,19","487,25","","1,35%"
"28.07.2016","487,25","490,05","491,07","486,73","","-0,03%"
"27.07.2016","487,38","486,70","489,71","485,48","","0,29%"
"26.07.2016","485,95","484,72","487,24","483,87","","0,23%"
"25.07.2016","484,84","485,19","487,14","484,05","","-0,01%"
"22.07.2016","484,89","486,94","487,01","484,32","","-0,39%"
"21.07.2016","486,79","486,29","487,69","485,97","","0,17%"
"20.07.2016","485,95","483,16","485,95","482,32","","0,52%"
"19.07.2016","483,44","485,99","486,07","482,74","","-0,46%"
"18.07.2016","485,66","484,75","486,65","484,14","","0,17%"
"15.07.2016","484,85","485,98","487,91","484,09","","-0,14%"
"14.07.2016","485,51","481,83","486,44","481,61","","0,67%"
"13.07.2016","482,28","480,50","483,56","480,47","","0,49%"
"12.07.2016","479,95","475,25","480,99","475,18","","1,10%"
"11.07.2016","474,75","467,08","474,88","467,08","","1,73%"
"08.07.2016","466,69","464,28","467,62","462,37","","0,43%"
"07.07.2016","464,69","462,31","467,00","462,00","","0,67%"
"06.07.2016","461,60","466,91","466,93","459,60","","-1,51%"
"05.07.2016","468,69","474,19","474,30","467,63","","-1,28%"
"04.07.2016","474,75","473,76","476,35","473,22","","0,19%"
"01.07.2016","473,85","470,28","474,61","470,28","","0,72%"
"30.06.2016","470,44","466,59","470,44","464,40","","1,03%"
"29.06.2016","465,66","454,81","465,82","454,52","","2,79%"
"28.06.2016","453,01","445,77","455,66","444,65","","1,63%"
"27.06.2016","445,75","454,88","456,47","444,89","","-2,58%"
"24.06.2016","457,56","485,90","486,76","455,32","","-6,05%"
"23.06.2016","487,01","481,86","489,34","481,67","","1,37%"
"22.06.2016","480,43","478,54","482,50","478,01","","0,23%"
"21.06.2016","479,31","477,04","480,82","476,73","","0,37%"
"20.06.2016","477,55","465,85","477,74","465,85","","3,10%"
"17.06.2016","463,20","459,72","464,58","459,44","","1,49%"
"16.06.2016","456,41","462,31","462,70","453,45","","-1,22%"
"15.06.2016","462,07","458,27","463,54","457,49","","0,73%"
"14.06.2016","458,71","465,90","466,12","458,21","","-1,76%"
"13.06.2016","466,94","472,99","472,99","465,66","","-1,76%"
"10.06.2016","475,29","483,51","483,51","473,58","","-1,91%"
"09.06.2016","484,53","489,45","489,79","483,90","","-1,08%"
"08.06.2016","489,84","488,54","490,74","488,07","","0,37%"
"07.06.2016","488,01","483,46","488,66","483,12","","1,09%"
"06.06.2016","482,74","480,39","483,75","478,99","","0,55%"
"03.06.2016","480,10","474,67","481,49","474,46","","1,08%"
"02.06.2016","474,98","475,56","476,03","473,80","","-0,17%"
"01.06.2016","475,80","476,74","477,24","474,49","","-0,35%"
"31.05.2016","477,47","478,53","480,53","476,96","","-0,18%"
"30.05.2016","478,32","476,95","478,53","476,23","","0,08%"
"27.05.2016","477,92","477,83","478,98","476,85","","0,11%"
"26.05.2016","477,39","476,12","478,57","475,77","","0,51%"
"25.05.2016","474,96","469,55","475,91","469,55","","1,23%"
"24.05.2016","469,17","466,35","469,93","463,52","","0,63%"
"23.05.2016","466,22","467,15","468,54","465,63","","-0,11%"
"20.05.2016","466,72","463,15","467,57","462,94","","0,82%"
"19.05.2016","462,92","468,04","468,43","462,45","","-1,44%"
"18.05.2016","469,67","470,15","470,36","466,62","","-0,26%"
"17.05.2016","470,91","469,28","473,57","469,20","","0,43%"
"16.05.2016","468,90","467,05","469,19","466,62","","0,42%"
"13.05.2016","466,93","470,40","470,42","465,41","","-0,94%"
"12.05.2016","471,34","472,19","474,12","469,87","","-0,35%"
"11.05.2016","472,98","472,86","473,83","470,51","","0,09%"
"10.05.2016","472,57","467,62","472,57","467,02","","1,04%"
"09.05.2016","467,70","467,89","471,53","466,79","","-0,24%"
"06.05.2016","468,82","469,92","470,11","465,73","","-0,21%"
"05.05.2016","469,79","471,05","471,91","469,26","","-0,33%"
"04.05.2016","471,34","476,15","476,18","470,47","","-1,20%"
"03.05.2016","477,05","483,58","484,97","476,14","","-1,28%"
"02.05.2016","483,24","485,18","485,19","481,78","","-0,40%"
"29.04.2016","485,20","487,50","488,53","484,15","","-0,25%"
"28.04.2016","486,42","487,01","489,37","483,54","","0,14%"
"27.04.2016","485,72","486,19","486,68","484,09","","-0,10%"
"26.04.2016","486,20","484,27","487,33","483,11","","0,22%"
"25.04.2016","485,11","486,81","486,81","483,94","","-0,33%"
"22.04.2016","486,74","488,87","490,04","485,64","","-0,72%"
"21.04.2016","490,28","489,11","491,96","488,98","","0,15%"
"20.04.2016","489,53","489,70","490,44","487,41","","0,06%"
"19.04.2016","489,23","480,32","489,80","480,32","","1,92%"
"18.04.2016","480,00","480,81","480,81","474,37","","-0,24%"
"15.04.2016","481,16","480,51","482,02","479,84","","-0,03%"
"14.04.2016","481,32","478,36","482,46","478,36","","0,73%"
"13.04.2016","477,85","471,33","478,18","471,31","","1,74%"
"12.04.2016","469,67","466,57","471,01","466,45","","0,52%"
"11.04.2016","467,22","464,36","468,51","462,78","","0,57%"
"08.04.2016","464,58","457,50","465,01","456,40","","1,16%"
"07.04.2016","459,27","460,23","462,90","458,22","","0,06%"
"06.04.2016","458,99","457,16","460,87","455,99","","0,43%"
"05.04.2016","457,03","464,71","464,76","455,98","","-1,82%"
"04.04.2016","465,50","464,68","467,05","463,79","","0,47%"
"01.04.2016","463,32","471,53","471,55","461,42","","-1,91%"
"31.03.2016","472,35","473,02","474,15","470,27","","-0,29%"
"30.03.2016","473,74","467,60","474,80","467,34","","2,03%"
"29.03.2016","464,31","463,40","468,06","462,33","","0,15%"
"28.03.2016","463,60","461,34","463,61","460,81","","0,43%"
"25.03.2016","461,60","461,11","461,81","460,61","","0,15%"
"24.03.2016","460,93","466,59","466,60","460,07","","-1,23%"
"23.03.2016","466,68","470,24","470,50","465,67","","-0,88%"
"22.03.2016","470,84","469,49","471,62","466,67","","0,09%"
"21.03.2016","470,40","470,77","472,07","468,54","","-0,26%"
"18.03.2016","471,61","471,67","472,38","470,12","","0,07%"
"17.03.2016","471,26","464,32","472,02","464,29","","2,54%"
"16.03.2016","459,58","460,68","465,30","457,65","","-0,36%"
"15.03.2016","461,25","465,86","465,86","460,09","","-1,06%"
"14.03.2016","466,19","464,55","467,89","464,55","","0,38%"
"11.03.2016","464,43","456,45","465,30","455,24","","1,87%"
"10.03.2016","455,90","455,77","460,60","455,65","","-0,04%"
"09.03.2016","456,10","455,26","456,95","452,76","","0,02%"
"08.03.2016","456,03","459,40","459,62","454,87","","-0,54%"
"07.03.2016","458,50","458,84","459,82","455,29","","-0,03%"
"04.03.2016","458,66","453,85","459,59","453,44","","1,11%"
"03.03.2016","453,61","449,42","454,29","449,38","","1,18%"
"02.03.2016","448,33","441,94","449,68","441,94","","1,55%"
"01.03.2016","441,50","436,91","442,23","436,36","","1,14%"
"29.02.2016","436,53","436,07","437,52","432,75","","0,05%"
"26.02.2016","436,32","434,72","440,15","434,49","","0,37%"
"25.02.2016","434,69","429,48","435,49","429,21","","1,15%"
"24.02.2016","429,76","435,76","435,76","427,62","","-1,49%"
"23.02.2016","436,27","440,15","441,45","435,62","","-0,85%"
"22.02.2016","440,00","435,97","440,55","435,20","","1,08%"
"19.02.2016","435,30","438,78","438,85","433,52","","-0,81%"
"18.02.2016","438,85","435,49","441,14","435,45","","0,81%"
"17.02.2016","435,31","429,33","435,91","427,43","","1,31%"
"16.02.2016","429,66","428,76","432,44","427,95","","0,25%"
"15.02.2016","428,58","417,10","430,41","417,10","","2,76%"
"12.02.2016","417,06","416,78","417,55","411,76","","0,00%"
"11.02.2016","417,06","425,16","426,03","416,68","","-1,38%"
"10.02.2016","422,91","423,13","426,11","419,97","","-0,22%"
"09.02.2016","423,86","430,04","430,07","421,26","","-1,28%"
"08.02.2016","429,35","436,23","438,09","429,27","","-1,63%"
"05.02.2016","436,48","440,89","441,49","436,00","","-0,88%"
"04.02.2016","440,36","436,13","442,16","435,44","","1,32%"
"03.02.2016","434,61","437,32","437,32","431,32","","-0,51%"
"02.02.2016","436,85","444,32","444,56","436,04","","-1,62%"
"01.02.2016","444,06","441,78","444,89","441,52","","0,59%"
"29.01.2016","441,44","435,00","441,98","434,17","","1,47%"
"28.01.2016","435,03","436,14","437,71","433,21","","-0,20%"
"27.01.2016","435,91","432,10","436,67","431,84","","0,98%"
"26.01.2016","431,69","431,64","432,26","424,77","","0,01%"
"25.01.2016","431,66","431,01","434,44","430,83","","0,00%"
"22.01.2016","431,67","419,09","432,86","418,97","","3,34%"
"21.01.2016","417,72","417,30","419,54","414,08","","0,13%"
"20.01.2016","417,17","430,10","430,28","415,22","","-2,98%"
"19.01.2016","429,98","424,93","431,75","424,17","","1,17%"
"18.01.2016","425,00","428,39","428,97","424,95","","-1,05%"
"15.01.2016","429,51","436,44","438,14","428,36","","-1,44%"
"14.01.2016","435,77","442,16","442,20","432,81","","-1,42%"
"13.01.2016","442,04","438,59","445,31","438,54","","0,94%"
"12.01.2016","437,94","439,43","441,12","436,40","","-0,35%"
"11.01.2016","439,48","444,30","444,30","439,18","","-0,98%"
"08.01.2016","443,83","447,82","448,61","443,37","","-0,54%"
"07.01.2016","446,24","455,31","455,45","443,94","","-1,90%"
"06.01.2016","454,89","460,62","460,99","453,79","","-1,11%"
"05.01.2016","460,00","461,53","463,21","458,61","","-0,23%"
"04.01.2016","461,06","473,66","473,70","459,36","","-2,65%"
"01.01.2016","473,61","473,67","473,70","473,61","","0,00%"
"31.12.2015","473,60","475,84","476,38","473,44","","-0,47%"
"30.12.2015","475,83","478,28","479,35","475,63","","-0,45%"
"29.12.2015","477,98","474,92","478,81","474,89","","0,61%"
"28.12.2015","475,07","476,28","476,65","474,73","","-0,17%"
"25.12.2015","475,88","476,48","476,62","475,85","","-0,08%"
"24.12.2015","476,24","474,42","476,48","474,42","","0,50%"
"23.12.2015","473,87","467,77","474,73","467,71","","1,29%"
"22.12.2015","467,84","465,78","468,51","465,60","","0,42%"
"21.12.2015","465,88","466,83","469,11","465,56","","-0,17%"
"18.12.2015","466,69","470,30","471,55","466,25","","-0,76%"
"17.12.2015","470,27","467,79","474,44","467,52","","0,38%"
"16.12.2015","468,48","463,40","470,50","463,34","","1,21%"
"15.12.2015","462,87","459,48","464,44","458,59","","0,71%"
"14.12.2015","459,62","464,44","464,60","458,97","","-1,18%"
"11.12.2015","465,11","470,39","470,68","464,62","","-1,21%"
"10.12.2015","470,83","473,93","473,93","470,39","","-0,47%"
"09.12.2015","473,06","472,55","475,45","470,01","","0,17%"
"08.12.2015","472,27","478,41","478,73","471,56","","-1,44%"
"07.12.2015","479,18","479,90","482,02","478,52","","-0,20%"
"04.12.2015","480,16","485,05","485,10","478,56","","-0,51%"
"03.12.2015","482,64","485,58","487,45","482,64","","-0,46%"
"02.12.2015","484,88","487,32","487,97","484,17","","-0,40%"
"01.12.2015","486,83","482,69","487,68","482,59","","0,89%"
"30.11.2015","482,54","484,11","484,20","481,30","","-0,43%"
"27.11.2015","484,62","487,96","488,25","484,08","","-0,76%"
"26.11.2015","488,35","485,58","488,35","485,57","","0,75%"
"25.11.2015","484,73","484,34","486,10","483,60","","0,18%"
"24.11.2015","483,84","486,01","486,59","481,98","","-0,43%"
"23.11.2015","485,91","487,84","487,93","484,74","","-0,55%"
"20.11.2015","488,61","488,37","490,20","487,38","","0,00%"
"19.11.2015","488,61","481,74","489,40","481,74","","1,56%"
"18.11.2015","481,11","481,38","482,17","479,88","","-0,09%"
"17.11.2015","481,54","474,45","481,72","474,42","","1,44%"
"16.11.2015","474,70","476,57","476,57","472,89","","-0,32%"
"13.11.2015","476,22","482,22","482,27","475,07","","-1,05%"
"12.11.2015","481,27","485,21","486,46","481,12","","-0,69%"
"11.11.2015","484,63","482,41","486,23","482,35","","0,57%"
"10.11.2015","481,90","484,73","484,79","480,78","","-0,54%"
"09.11.2015","484,52","486,64","488,54","484,38","","-0,56%"
"06.11.2015","487,23","491,89","492,39","486,04","","-0,95%"
"05.11.2015","491,89","493,07","494,10","491,24","","-0,27%"
"04.11.2015","493,20","493,09","497,26","492,44","","0,15%"
"03.11.2015","492,47","490,98","493,37","490,25","","0,20%"
"02.11.2015","491,47","492,60","492,60","488,88","","-0,24%"
"30.10.2015","492,65","491,04","492,97","490,51","","0,46%"
"29.10.2015","490,41","492,44","493,18","489,29","","-1,08%"
"28.10.2015","495,77","492,18","496,52","491,35","","0,59%"
"27.10.2015","492,87","496,73","496,95","492,14","","-0,82%"
"26.10.2015","496,94","496,15","498,61","496,10","","0,00%"
"23.10.2015","496,96","491,40","500,02","491,06","","1,00%"
"22.10.2015","492,03","490,79","492,50","489,41","","0,12%"
"21.10.2015","491,46","491,09","493,17","490,48","","0,04%"
"20.10.2015","491,27","491,68","492,92","490,50","","-0,16%"
"19.10.2015","492,04","493,25","494,68","491,46","","-0,37%"
"16.10.2015","493,89","492,09","494,61","492,06","","0,40%"
"15.10.2015","491,91","487,19","493,35","486,90","","1,33%"
"14.10.2015","485,44","487,71","487,76","483,87","","-0,52%"
"13.10.2015","487,97","492,35","492,39","486,14","","-1,01%"
"12.10.2015","492,96","492,54","494,62","492,25","","0,12%"
"09.10.2015","492,35","486,98","494,44","486,98","","1,35%"
"08.10.2015","485,78","484,73","487,45","483,49","","0,16%"
"07.10.2015","485,00","480,23","487,74","480,07","","1,10%"
"06.10.2015","479,71","474,74","480,57","474,63","","1,01%"
"05.10.2015","474,90","464,62","475,36","464,62","","2,05%"
"02.10.2015","465,36","460,83","465,36","459,74","","0,83%"
"01.10.2015","461,52","458,61","464,71","458,59","","0,67%"
"30.09.2015","458,47","449,37","458,74","449,22","","2,15%"
"29.09.2015","448,81","455,05","455,10","446,68","","-1,41%"
"28.09.2015","455,24","461,36","462,22","455,01","","-1,25%"
"25.09.2015","461,01","454,26","462,06","453,27","","1,07%"
"24.09.2015","456,11","459,80","460,08","454,69","","-0,87%"
"23.09.2015","460,10","462,72","463,29","459,83","","-0,65%"
"22.09.2015","463,10","472,93","473,90","462,63","","-2,09%"
"21.09.2015","473,00","475,14","475,57","472,76","","-1,00%"
"18.09.2015","477,76","482,93","483,40","475,14","","-0,73%"
"17.09.2015","481,25","480,80","484,88","480,69","","0,28%"
"16.09.2015","479,91","472,66","480,10","472,54","","1,75%"
"15.09.2015","471,67","471,64","472,84","469,91","","0,19%"
"14.09.2015","470,78","473,52","475,06","470,33","","-0,20%"
"11.09.2015","471,70","474,14","475,35","471,70","","-0,35%"
"10.09.2015","473,34","477,95","477,95","472,06","","-0,99%"
"09.09.2015","478,07","468,62","481,21","468,62","","2,18%"
"08.09.2015","467,85","463,64","469,32","463,33","","0,95%"
"07.09.2015","463,46","462,56","465,39","461,68","","0,10%"
"04.09.2015","462,99","472,87","472,87","462,62","","-1,84%"
"03.09.2015","471,69","468,51","473,28","467,95","","0,84%"
"02.09.2015","467,77","468,28","470,11","466,84","","-0,32%"
"01.09.2015","469,29","480,84","481,10","467,89","","-2,35%"
"31.08.2015","480,57","482,49","482,82","479,02","","-0,54%"
"28.08.2015","483,20","479,74","484,46","479,74","","0,94%"
"27.08.2015","478,70","468,67","480,12","468,67","","1,95%"
"26.08.2015","469,53","473,32","475,62","467,44","","-0,27%"
"25.08.2015","470,79","464,81","474,19","461,08","","1,21%"
"24.08.2015","465,17","482,86","482,86","459,69","","-3,70%"
"21.08.2015","483,06","493,78","493,78","483,06","","-2,16%"
"20.08.2015","493,72","499,86","500,39","493,72","","-1,01%"
"19.08.2015","498,76","504,79","505,72","498,34","","-1,24%"
"18.08.2015","505,02","506,80","507,77","504,82","","-0,37%"
"17.08.2015","506,92","508,07","509,40","505,15","","-0,25%"
"14.08.2015","508,17","509,47","510,25","507,92","","-0,17%"
"13.08.2015","509,05","507,06","511,71","507,01","","0,19%"
"12.08.2015","508,09","513,94","514,11","506,41","","-1,24%"
"11.08.2015","514,49","521,25","521,81","513,00","","-0,97%"
"10.08.2015","519,55","515,57","521,16","514,93","","0,74%"
"07.08.2015","515,73","517,00","517,63","514,56","","-0,26%"
"06.08.2015","517,06","519,94","520,57","516,99","","-0,31%"
"05.08.2015","518,65","516,30","520,43","515,54","","0,04%"
"04.08.2015","518,46","517,14","518,87","516,28","","0,04%"
"03.08.2015","518,24","518,31","518,42","516,55","","-0,38%"
"31.07.2015","520,24","515,36","520,92","515,36","","1,04%"
"30.07.2015","514,88","514,91","516,46","513,10","","-0,27%"
"29.07.2015","516,28","513,01","517,08","512,83","","0,89%"
"28.07.2015","511,75","510,53","512,87","508,60","","0,09%"
"27.07.2015","511,28","516,08","516,28","510,50","","-1,01%"
"24.07.2015","516,48","521,70","521,70","516,14","","-1,00%"
"23.07.2015","521,68","521,59","524,54","521,43","","0,04%"
"22.07.2015","521,49","527,19","527,19","520,85","","-1,11%"
"21.07.2015","527,34","525,90","528,06","525,80","","0,13%"
"20.07.2015","526,64","526,21","528,02","525,29","","-0,08%"
"17.07.2015","527,04","527,73","529,38","526,33","","-0,23%"
"16.07.2015","528,24","524,13","528,93","524,00","","0,71%"
"15.07.2015","524,54","525,37","526,57","523,72","","-0,06%"
"14.07.2015","524,87","521,15","525,47","521,15","","0,58%"
"13.07.2015","521,83","517,98","524,02","517,98","","0,70%"
"10.07.2015","518,19","509,19","519,02","509,19","","1,79%"
"09.07.2015","509,06","502,70","510,53","499,46","","1,28%"
"08.07.2015","502,65","507,39","507,39","500,00","","-0,71%"
"07.07.2015","506,22","513,21","514,84","505,51","","-1,43%"
"06.07.2015","513,54","520,29","520,29","512,02","","-1,65%"
"03.07.2015","522,13","524,40","524,67","521,24","","-0,44%"
"02.07.2015","524,46","522,75","525,50","522,75","","0,06%"
"01.07.2015","524,17","521,44","527,00","521,07","","0,50%"
"30.06.2015","521,58","523,74","526,08","521,22","","-0,23%"
"29.06.2015","522,78","532,79","532,79","520,55","","-2,22%"
"26.06.2015","534,65","538,15","538,15","534,28","","-0,61%"
"25.06.2015","537,94","539,70","540,37","537,15","","-0,21%"
"24.06.2015","539,07","540,24","542,38","538,67","","-0,18%"
"23.06.2015","540,06","539,01","542,16","538,74","","0,01%"
"22.06.2015","540,00","530,65","540,18","530,65","","1,88%"
"19.06.2015","530,03","529,97","532,33","529,86","","-0,11%"
"18.06.2015","530,62","528,86","531,09","526,65","","1,08%"
"17.06.2015","524,93","526,82","529,37","524,71","","-0,29%"
"16.06.2015","526,44","527,34","527,34","523,03","","-0,02%"
"15.06.2015","526,56","531,39","531,39","525,62","","-1,06%"
"12.06.2015","532,22","533,82","534,73","529,84","","-0,17%"
"11.06.2015","533,11","532,13","535,05","531,99","","0,07%"
"10.06.2015","532,76","525,64","533,95","525,61","","1,54%"
"09.06.2015","524,66","528,54","529,02","522,59","","-0,23%"
"08.06.2015","525,85","527,23","529,00","525,54","","-0,27%"
"05.06.2015","527,25","534,61","534,61","525,35","","-1,58%"
"04.06.2015","535,71","539,40","539,57","533,94","","-0,72%"
"03.06.2015","539,59","537,57","540,62","535,98","","0,46%"
"02.06.2015","537,14","534,64","538,92","531,69","","0,47%"
"01.06.2015","534,61","535,57","538,11","533,54","","-0,32%"
"29.05.2015","536,32","541,65","542,75","536,01","","-0,69%"
"28.05.2015","540,07","542,89","543,95","538,06","","-0,27%"
"27.05.2015","541,55","539,80","542,44","538,08","","0,19%"
"26.05.2015","540,52","546,65","547,25","539,56","","-1,41%"
"25.05.2015","548,24","547,68","548,56","546,54","","-0,01%"
"22.05.2015","548,32","550,52","553,30","547,33","","-0,39%"
"21.05.2015","550,47","548,85","551,05","548,22","","0,39%"
"20.05.2015","548,33","549,32","549,98","546,97","","-0,02%"
"19.05.2015","548,43","549,97","551,56","547,75","","-0,43%"
"18.05.2015","550,79","551,74","552,12","549,06","","-0,18%"
"15.05.2015","551,80","550,58","552,54","548,92","","0,44%"
"14.05.2015","549,37","547,02","550,08","546,44","","0,35%"
"13.05.2015","547,43","543,08","549,08","542,82","","0,69%"
"12.05.2015","543,66","544,71","545,47","542,03","","-0,26%"
"11.05.2015","545,06","545,85","546,92","544,10","","0,03%"
"08.05.2015","544,89","537,67","545,86","537,48","","1,51%"
"07.05.2015","536,79","540,69","540,99","535,23","","-1,03%"
"06.05.2015","542,36","540,57","543,22","539,48","","0,22%"
"05.05.2015","541,15","543,92","544,52","540,78","","-0,52%"
"04.05.2015","543,97","542,35","544,81","542,02","","0,14%"
"01.05.2015","543,19","544,41","545,23","541,59","","-0,21%"
"30.04.2015","544,34","547,46","547,48","542,95","","-0,92%"
"29.04.2015","549,37","552,05","552,22","547,39","","-0,53%"
"28.04.2015","552,29","552,83","553,14","549,72","","-0,02%"
"27.04.2015","552,40","549,03","553,94","546,88","","0,72%"
"24.04.2015","548,44","544,93","549,19","544,24","","0,74%"
"23.04.2015","544,42","542,10","545,70","539,83","","0,48%"
"22.04.2015","541,80","541,09","544,72","540,18","","0,10%"
"21.04.2015","541,27","538,05","542,21","537,75","","0,62%"
"20.04.2015","537,94","538,08","539,88","536,44","","-0,04%"
"17.04.2015","538,13","543,94","544,77","537,85","","-0,79%"
"16.04.2015","542,42","541,46","545,71","541,46","","0,71%"
"15.04.2015","538,62","537,84","542,05","536,45","","-0,12%"
"14.04.2015","539,25","536,56","539,25","534,65","","0,54%"
"13.04.2015","536,33","536,77","537,63","534,65","","-0,12%"
"10.04.2015","536,98","534,62","536,98","533,88","","0,38%"
"09.04.2015","534,94","533,37","536,94","532,49","","0,27%"
"08.04.2015","533,52","531,41","536,81","531,37","","0,25%"
"07.04.2015","532,17","528,99","532,93","528,97","","0,22%"
"06.04.2015","530,98","528,93","531,19","527,64","","1,04%"
"03.04.2015","525,54","524,95","530,51","524,87","","0,13%"
"02.04.2015","524,87","519,76","525,89","519,70","","1,04%"
"01.04.2015","519,46","517,53","520,42","516,36","","0,31%"
"31.03.2015","517,83","521,67","523,12","516,51","","-0,70%"
"30.03.2015","521,46","519,67","522,19","518,14","","0,28%"
"27.03.2015","519,98","520,37","522,02","518,10","","-0,23%"
"26.03.2015","521,17","526,86","526,87","518,97","","-1,25%"
"25.03.2015","527,77","528,79","530,38","526,72","","-0,15%"
"24.03.2015","528,55","529,13","531,48","526,98","","0,13%"
"23.03.2015","527,87","525,44","529,31","523,16","","0,71%"
"20.03.2015","524,16","516,64","526,49","516,03","","1,65%"
"19.03.2015","515,66","519,78","522,93","514,88","","0,41%"
"18.03.2015","513,56","509,61","524,61","509,53","","0,75%"
"17.03.2015","509,75","508,91","511,68","508,40","","0,15%"
"16.03.2015","508,99","504,29","510,01","503,79","","0,78%"
"13.03.2015","505,03","507,41","508,35","503,35","","-0,51%"
"12.03.2015","507,63","503,48","510,04","503,29","","0,76%"
"11.03.2015","503,82","503,25","504,50","502,05","","-0,01%"
"10.03.2015","503,86","512,21","512,39","503,29","","-1,67%"
"09.03.2015","512,41","515,48","515,54","511,90","","-0,69%"
"06.03.2015","515,96","520,29","522,07","515,32","","-0,84%"
"05.03.2015","520,34","519,60","521,35","518,41","","0,16%"
"04.03.2015","519,49","521,93","522,06","517,57","","-0,54%"
"03.03.2015","522,33","524,11","525,57","521,81","","-0,39%"
"02.03.2015","524,38","524,92","526,36","523,70","","-0,30%"
"27.02.2015","525,94","524,66","526,42","524,31","","0,13%"
"26.02.2015","525,26","526,21","528,23","524,27","","-0,11%"
"25.02.2015","525,83","524,56","526,76","524,47","","0,36%"
"24.02.2015","523,94","521,86","524,85","520,55","","0,33%"
"23.02.2015","522,23","520,81","522,23","519,20","","0,26%"
"20.02.2015","520,87","519,59","521,59","518,04","","0,10%"
"19.02.2015","520,37","519,53","520,68","518,54","","0,32%"
"18.02.2015","518,72","516,13","520,05","515,99","","0,52%"
"17.02.2015","516,05","514,98","517,25","512,73","","0,03%"
"16.02.2015","515,91","515,78","517,16","514,62","","0,02%"
"13.02.2015","515,79","511,27","516,25","511,24","","1,04%"
"12.02.2015","510,49","503,86","511,95","503,57","","1,35%"
"11.02.2015","503,71","506,03","506,58","502,49","","-0,59%"
"10.02.2015","506,70","506,47","507,83","504,99","","-0,02%"
"09.02.2015","506,82","507,46","508,26","504,02","","-0,36%"
"06.02.2015","508,63","511,93","512,59","507,20","","-0,47%"
"05.02.2015","511,01","508,40","512,31","506,83","","0,25%"
"04.02.2015","509,73","508,18","511,38","508,17","","0,24%"
"03.02.2015","508,50","501,34","510,08","500,12","","1,30%"
"02.02.2015","501,97","499,68","502,03","498,29","","0,56%"
"30.01.2015","499,18","501,79","503,20","498,36","","-0,68%"
"29.01.2015","502,60","504,85","505,09","500,24","","-0,72%"
"28.01.2015","506,26","507,75","508,82","504,77","","-0,43%"
"27.01.2015","508,45","504,77","508,45","504,72","","0,67%"
"26.01.2015","505,08","502,94","505,80","501,68","","0,13%"
"23.01.2015","504,40","500,35","505,67","500,10","","0,43%"
"22.01.2015","502,22","500,66","503,29","499,26","","0,31%"
"21.01.2015","500,65","495,79","500,69","495,29","","0,90%"
"20.01.2015","496,20","493,69","497,92","493,23","","0,33%"
"19.01.2015","494,56","492,42","495,82","492,02","","0,64%"
"16.01.2015","491,40","492,45","492,89","488,96","","-0,08%"
"15.01.2015","491,80","487,70","496,28","482,77","","0,80%"
"14.01.2015","487,89","492,57","492,70","487,09","","-0,89%"
"13.01.2015","492,29","489,88","493,31","488,27","","0,53%"
"12.01.2015","489,69","490,86","491,28","487,76","","-0,04%"
"09.01.2015","489,90","490,87","493,11","489,01","","-0,18%"
"08.01.2015","490,80","481,93","491,62","481,90","","2,08%"
"07.01.2015","480,81","480,96","483,12","480,26","","-0,25%"
"06.01.2015","482,02","487,12","487,16","481,23","","-1,05%"
"05.01.2015","487,15","494,54","495,19","486,53","","-1,99%"
"02.01.2015","497,02","499,80","500,35","495,71","","-0,57%"
"01.01.2015","499,86","499,79","499,86","499,61","","0,00%"
"31.12.2014","499,86","500,12","501,34","499,76","","-0,08%"
"30.12.2014","500,26","503,08","503,20","499,98","","-0,71%"
"29.12.2014","503,82","502,21","504,30","501,75","","0,35%"
"26.12.2014","502,04","502,07","502,99","502,04","","0,08%"
"25.12.2014","501,63","501,93","502,80","501,63","","-0,06%"
"24.12.2014","501,92","500,58","502,49","500,50","","0,23%"
"23.12.2014","500,78","500,99","501,82","499,36","","-0,23%"
"22.12.2014","501,91","498,55","503,06","498,53","","0,58%"
"19.12.2014","499,04","494,99","500,27","494,99","","0,88%"
"18.12.2014","494,67","484,86","495,07","484,77","","1,59%"
"17.12.2014","486,95","488,34","489,29","483,53","","-0,11%"
"16.12.2014","487,51","484,77","488,67","480,63","","0,70%"
"15.12.2014","484,12","493,67","493,67","484,12","","-1,90%"
"12.12.2014","493,48","499,68","500,60","493,17","","-1,08%"
"11.12.2014","498,88","503,59","503,95","498,46","","-0,68%"
"10.12.2014","502,32","505,65","506,00","502,32","","-0,91%"
"09.12.2014","506,91","511,29","511,35","505,12","","-0,73%"
"08.12.2014","510,63","513,24","514,21","510,57","","-0,66%"
"05.12.2014","514,03","512,88","515,45","512,22","","0,01%"
"04.12.2014","513,97","514,16","516,74","512,96","","-0,17%"
"03.12.2014","514,86","514,17","515,32","513,32","","0,00%"
"02.12.2014","514,84","515,34","517,73","514,01","","-0,02%"
"01.12.2014","514,92","517,26","517,31","513,24","","-0,67%"
"28.11.2014","518,37","519,90","520,21","517,43","","-0,43%"
"27.11.2014","520,60","521,95","522,58","520,02","","-0,33%"
"26.11.2014","522,32","520,33","522,51","520,33","","0,32%"
"25.11.2014","520,67","518,75","521,02","518,12","","0,37%"
"24.11.2014","518,77","517,19","520,01","517,19","","0,14%"
"21.11.2014","518,02","512,80","518,15","512,47","","1,00%"
"20.11.2014","512,87","513,14","513,51","510,49","","-0,13%"
"19.11.2014","513,53","514,16","514,64","512,07","","-0,18%"
"18.11.2014","514,48","509,26","514,68","509,09","","0,95%"
"17.11.2014","509,66","512,52","512,54","508,06","","-0,41%"
"14.11.2014","511,75","510,80","513,38","509,03","","0,03%"
"13.11.2014","511,62","509,94","513,47","509,72","","0,04%"
"12.11.2014","511,43","512,74","513,79","509,70","","-0,07%"
"11.11.2014","511,81","510,43","513,88","510,19","","0,07%"
"10.11.2014","511,45","509,20","512,24","508,67","","0,74%"
"07.11.2014","507,68","506,65","509,39","506,51","","-0,17%"
"06.11.2014","508,53","510,19","511,06","506,54","","-0,44%"
"05.11.2014","510,77","509,97","510,79","507,42","","0,14%"
"04.11.2014","510,06","509,18","512,88","509,03","","0,19%"
"03.11.2014","509,08","513,31","513,49","508,68","","-1,07%"
"31.10.2014","514,58","508,93","515,43","508,93","","0,99%"
"30.10.2014","509,54","507,30","509,77","504,12","","-0,28%"
"29.10.2014","510,97","507,50","512,47","507,00","","0,65%"
"28.10.2014","507,65","502,23","507,65","502,05","","1,02%"
"27.10.2014","502,54","503,03","506,42","500,21","","-0,09%"
"24.10.2014","502,97","502,08","503,53","500,81","","0,19%"
"23.10.2014","502,02","501,25","502,37","497,50","","0,04%"
"22.10.2014","501,84","498,59","502,61","498,59","","0,48%"
"21.10.2014","499,42","495,98","499,49","494,25","","0,76%"
"20.10.2014","495,66","492,17","496,99","492,17","","0,56%"
"17.10.2014","492,88","487,53","493,34","485,75","","1,21%"
"16.10.2014","487,00","491,36","491,39","481,09","","-0,63%"
"15.10.2014","490,09","495,05","496,23","489,17","","-1,18%"
"14.10.2014","495,92","499,37","499,56","492,79","","-0,46%"
"13.10.2014","498,23","497,11","500,02","494,55","","0,30%"
"10.10.2014","496,73","505,94","505,95","496,38","","-2,04%"
"09.10.2014","507,07","508,50","513,43","505,89","","0,13%"
"08.10.2014","506,39","510,57","510,84","504,80","","-0,69%"
"07.10.2014","509,93","514,11","514,26","509,93","","-0,43%"
"06.10.2014","512,13","507,47","514,82","507,40","","0,94%"
"03.10.2014","507,38","509,03","510,69","506,60","","-0,23%"
"02.10.2014","508,56","515,91","516,20","507,84","","-1,29%"
"01.10.2014","515,22","519,66","519,68","515,22","","-0,86%"
"30.09.2014","519,68","520,63","520,82","517,85","","-0,18%"
"29.09.2014","520,61","523,40","523,92","519,36","","-0,65%"
"26.09.2014","524,00","524,61","524,88","522,81","","-0,29%"
"25.09.2014","525,50","529,35","530,22","524,61","","-0,72%"
"24.09.2014","529,32","528,55","529,55","526,91","","0,05%"
"23.09.2014","529,08","532,79","533,51","528,46","","-0,62%"
"22.09.2014","532,40","537,08","537,26","532,09","","-0,85%"
"19.09.2014","536,95","538,74","540,73","536,64","","-0,24%"
"18.09.2014","538,22","534,62","538,34","534,26","","0,17%"
"17.09.2014","537,29","536,76","538,42","534,12","","0,34%"
"16.09.2014","535,47","536,52","537,93","533,88","","-0,18%"
"15.09.2014","536,45","537,98","537,98","535,30","","-0,25%"
"12.09.2014","537,77","538,91","539,29","537,08","","-0,32%"
"11.09.2014","539,50","540,06","540,94","538,20","","-0,09%"
"10.09.2014","539,98","542,05","542,23","538,62","","-0,33%"
"09.09.2014","541,77","542,77","543,61","540,53","","-0,62%"
"08.09.2014","545,14","546,40","546,91","542,95","","-0,37%"
"05.09.2014","547,19","547,32","547,77","545,75","","-0,35%"
"04.09.2014","549,12","550,31","550,93","547,98","","-0,18%"
"03.09.2014","550,10","545,29","550,96","545,29","","0,88%"
"02.09.2014","545,32","545,94","546,97","544,65","","-0,14%"
"01.09.2014","546,07","545,05","546,60","545,04","","0,03%"
"29.08.2014","545,93","545,21","546,41","543,96","","0,13%"
"28.08.2014","545,22","548,38","549,07","544,65","","-0,60%"
"27.08.2014","548,53","546,66","548,79","546,66","","0,28%"
"26.08.2014","546,99","544,71","547,03","544,52","","0,34%"
"25.08.2014","545,16","541,79","545,16","541,40","","0,53%"
"22.08.2014","542,26","544,34","544,95","541,45","","-0,39%"
"21.08.2014","544,38","542,01","544,39","540,79","","0,28%"
"20.08.2014","542,88","543,39","543,46","541,26","","-0,11%"
"19.08.2014","543,49","541,61","543,93","541,57","","0,46%"
"18.08.2014","541,01","538,64","541,43","538,32","","0,57%"
"15.08.2014","537,95","538,24","541,45","537,60","","-0,11%"
"14.08.2014","538,56","536,88","539,17","535,95","","0,34%"
"13.08.2014","536,75","533,89","537,20","533,87","","0,50%"
"12.08.2014","534,07","534,31","534,78","533,58","","0,01%"
"11.08.2014","534,00","528,31","534,33","528,21","","1,20%"
"08.08.2014","527,68","529,86","530,00","524,85","","-0,60%"
"07.08.2014","530,87","534,06","534,22","530,52","","-0,44%"
"06.08.2014","533,24","536,23","536,23","530,45","","-0,60%"
"05.08.2014","536,44","539,07","539,23","535,97","","-0,42%"
"04.08.2014","538,72","538,19","539,84","538,01","","-0,04%"
"01.08.2014","538,94","542,12","542,21","536,77","","-0,71%"
"31.07.2014","542,82","548,49","548,84","542,53","","-0,94%"
"30.07.2014","547,99","550,39","551,41","547,28","","-0,45%"
"29.07.2014","550,48","550,23","552,08","550,21","","0,05%"
"28.07.2014","550,22","549,98","551,30","548,76","","-0,01%"
"25.07.2014","550,27","552,51","553,08","549,52","","-0,37%"
"24.07.2014","552,30","551,15","552,90","549,93","","0,22%"
"23.07.2014","551,07","550,18","552,18","549,98","","0,23%"
"22.07.2014","549,83","545,84","550,06","545,84","","0,81%"
"21.07.2014","545,40","547,02","547,63","544,70","","-0,19%"
"18.07.2014","546,44","545,47","547,08","543,84","","-0,05%"
"17.07.2014","546,72","550,29","550,76","546,65","","-0,59%"
"16.07.2014","549,99","546,49","550,01","545,96","","0,64%"
"15.07.2014","546,49","548,56","549,28","546,16","","-0,29%"
"14.07.2014","548,07","544,22","548,36","544,10","","0,76%"
"11.07.2014","543,94","543,58","545,28","542,97","","-0,06%"
"10.07.2014","544,24","548,67","548,96","543,03","","-0,72%"
"09.07.2014","548,19","547,97","548,53","546,22","","-0,07%"
"08.07.2014","548,58","551,59","552,04","548,19","","-0,61%"
"07.07.2014","551,92","554,05","554,09","551,59","","-0,41%"
"04.07.2014","554,21","555,36","555,65","554,19","","-0,05%"
"03.07.2014","554,49","553,20","554,71","552,27","","0,25%"
"02.07.2014","553,13","551,76","554,12","551,74","","0,39%"
"01.07.2014","550,98","548,20","551,48","548,01","","0,52%"
"30.06.2014","548,14","546,62","548,44","546,16","","0,35%"
"27.06.2014","546,22","545,73","546,57","545,22","","0,16%"
"26.06.2014","545,33","544,83","546,78","543,78","","0,15%"
"25.06.2014","544,50","547,17","547,27","544,12","","-0,53%"
"24.06.2014","547,42","547,95","549,44","547,42","","-0,09%"
"23.06.2014","547,93","549,37","550,45","547,35","","-0,13%"
"20.06.2014","548,64","550,35","550,56","548,64","","-0,40%"
"19.06.2014","550,82","546,62","551,83","546,62","","1,07%"
"18.06.2014","544,97","543,87","546,40","543,71","","0,22%"
"17.06.2014","543,80","544,36","545,17","542,67","","-0,08%"
"16.06.2014","544,26","545,23","545,36","543,06","","-0,14%"
"13.06.2014","545,05","546,23","547,17","543,38","","-0,24%"
"12.06.2014","546,35","545,29","546,95","544,70","","0,09%"
"11.06.2014","545,84","546,46","547,05","545,34","","-0,10%"
"10.06.2014","546,37","545,82","546,57","545,25","","0,15%"
"09.06.2014","545,55","545,47","546,21","544,61","","0,15%"
"06.06.2014","544,73","542,53","544,93","542,39","","0,68%"
"05.06.2014","541,07","539,62","542,42","539,00","","0,26%"
"04.06.2014","539,67","540,05","540,05","538,33","","-0,07%"
"03.06.2014","540,06","540,01","540,77","539,13","","0,02%"
"02.06.2014","539,93","538,94","540,56","538,94","","0,20%"
"30.05.2014","538,87","539,83","540,38","538,37","","-0,19%"
"29.05.2014","539,87","538,39","540,08","538,36","","0,23%"
"28.05.2014","538,64","538,94","539,85","537,64","","0,09%"
"27.05.2014","538,18","539,61","540,70","537,88","","-0,27%"
"26.05.2014","539,64","537,24","539,71","537,04","","0,53%"
"23.05.2014","536,82","535,93","537,14","535,35","","0,21%"
"22.05.2014","535,67","533,79","536,21","533,79","","0,58%"
"21.05.2014","532,59","531,02","533,36","530,76","","0,17%"
"20.05.2014","531,70","533,03","533,21","531,52","","-0,28%"
"19.05.2014","533,17","533,41","533,50","530,92","","-0,05%"
"16.05.2014","533,45","533,16","533,63","531,26","","-0,11%"
"15.05.2014","534,03","536,13","537,07","532,91","","-0,46%"
"14.05.2014","536,48","534,36","536,92","534,26","","0,40%"
"13.05.2014","534,35","532,78","535,20","532,78","","0,44%"
"12.05.2014","532,01","529,39","532,34","528,70","","0,51%"
"09.05.2014","529,31","531,47","532,34","528,81","","-0,52%"
"08.05.2014","532,09","529,29","532,77","529,17","","0,57%"
"07.05.2014","529,07","530,38","530,47","527,49","","-0,41%"
"06.05.2014","531,23","529,64","531,84","529,64","","0,28%"
"05.05.2014","529,76","530,59","530,79","528,08","","-0,12%"
"02.05.2014","530,39","529,51","530,88","528,25","","0,17%"
"01.05.2014","529,51","528,44","529,99","528,44","","0,27%"
"30.04.2014","528,06","527,38","528,49","526,05","","0,21%"
"29.04.2014","526,96","523,53","527,12","523,25","","0,70%"
"28.04.2014","523,30","522,82","525,05","522,15","","-0,06%"
"25.04.2014","523,60","526,16","526,89","522,46","","-0,48%"
"24.04.2014","526,10","525,69","527,37","523,61","","0,08%"
"23.04.2014","525,68","526,99","527,60","525,52","","-0,12%"
"22.04.2014","526,32","523,32","527,06","522,72","","0,56%"
"21.04.2014","523,38","523,83","524,13","522,99","","-0,20%"
"18.04.2014","524,44","523,47","524,44","523,30","","0,14%"
"17.04.2014","523,72","521,41","523,72","521,30","","0,54%"
"16.04.2014","520,92","515,95","521,26","515,82","","0,98%"
"15.04.2014","515,87","519,53","519,73","515,16","","-0,62%"
"14.04.2014","519,08","518,76","519,66","515,60","","-0,15%"
"11.04.2014","519,88","524,42","524,48","518,10","","-1,05%"
"10.04.2014","525,41","526,25","528,33","525,23","","0,16%"
"09.04.2014","524,57","522,78","525,89","522,41","","0,24%"
"08.04.2014","523,31","521,56","523,86","520,27","","0,24%"
"07.04.2014","522,07","525,00","525,14","521,65","","-0,65%"
"04.04.2014","525,47","523,48","526,32","523,03","","0,37%"
"03.04.2014","523,53","524,18","525,11","523,09","","-0,16%"
"02.04.2014","524,36","523,15","524,93","523,05","","0,22%"
"01.04.2014","523,20","520,35","523,78","519,82","","0,46%"
"31.03.2014","520,81","517,29","521,61","517,28","","0,70%"
"28.03.2014","517,17","513,92","517,82","513,54","","0,67%"
"27.03.2014","513,71","512,32","514,19","511,67","","0,33%"
"26.03.2014","512,00","509,00","513,46","508,98","","0,78%"
"25.03.2014","508,05","505,11","509,42","504,35","","0,75%"
"24.03.2014","504,27","504,78","507,37","503,40","","-0,08%"
"21.03.2014","504,66","503,07","505,91","503,03","","0,31%"
"20.03.2014","503,11","506,04","506,13","499,70","","-1,16%"
"19.03.2014","509,01","510,20","510,91","505,43","","-0,21%"
"18.03.2014","510,09","506,21","510,76","505,76","","0,72%"
"17.03.2014","506,43","503,26","507,07","502,28","","0,60%"
"14.03.2014","503,43","507,46","507,47","501,06","","-1,00%"
"13.03.2014","508,54","510,65","512,92","507,31","","-0,36%"
"12.03.2014","510,38","514,73","514,73","508,54","","-0,92%"
"11.03.2014","515,14","514,83","516,92","514,17","","0,06%"
"10.03.2014","514,82","518,20","518,23","513,53","","-0,66%"