"Fecha","Último","Apertura","Máximo","Mínimo","Vol.","% var."
"31.12.2025","2.402,73","2.402,73","2.402,73","2.402,73","","-0,02%"
"30.12.2025","2.403,13","2.403,13","2.403,13","2.403,13","","0,54%"
"29.12.2025","2.390,17","2.390,17","2.390,17","2.390,17","","1,02%"
"26.12.2025","2.366,13","2.366,13","2.366,13","2.366,13","","0,02%"
"25.12.2025","2.365,68","2.365,68","2.365,68","2.365,68","","0,00%"
"24.12.2025","2.365,68","2.365,68","2.365,68","2.365,68","","0,17%"
"23.12.2025","2.361,68","2.361,68","2.361,68","2.361,68","","0,12%"
"22.12.2025","2.358,82","2.358,82","2.358,82","2.358,82","","0,31%"
"19.12.2025","2.351,47","2.351,47","2.351,47","2.351,47","","-0,25%"
"18.12.2025","2.357,38","2.357,38","2.357,38","2.357,38","","0,97%"
"17.12.2025","2.334,77","2.334,77","2.334,77","2.334,77","","0,65%"
"16.12.2025","2.319,62","2.319,62","2.319,62","2.319,62","","0,43%"
"15.12.2025","2.309,71","2.309,71","2.309,71","2.309,71","","-0,11%"
"12.12.2025","2.312,26","2.312,26","2.312,26","2.312,26","","-0,01%"
"11.12.2025","2.312,57","2.312,57","2.312,57","2.312,57","","0,04%"
"10.12.2025","2.311,55","2.311,55","2.311,55","2.311,55","","-0,20%"
"09.12.2025","2.316,18","2.316,18","2.316,18","2.316,18","","-0,40%"
"08.12.2025","2.325,43","2.325,43","2.325,43","2.325,43","","-1,69%"
"05.12.2025","2.365,51","2.365,51","2.365,51","2.365,51","","-0,46%"
"04.12.2025","2.376,43","2.376,43","2.376,43","2.376,43","","0,14%"
"03.12.2025","2.373,06","2.373,06","2.373,06","2.373,06","","-0,44%"
"02.12.2025","2.383,44","2.383,44","2.383,44","2.383,44","","0,05%"
"01.12.2025","2.382,17","2.382,17","2.382,17","2.382,17","","-1,07%"
"28.11.2025","2.407,86","2.407,86","2.407,86","2.407,86","","-0,01%"
"27.11.2025","2.408,08","2.408,08","2.408,08","2.408,08","","0,81%"
"26.11.2025","2.388,81","2.388,81","2.388,81","2.388,81","","1,21%"
"25.11.2025","2.360,35","2.360,35","2.360,35","2.360,35","","0,33%"
"24.11.2025","2.352,47","2.352,47","2.352,47","2.352,47","","0,06%"
"21.11.2025","2.351,17","2.351,17","2.351,17","2.351,17","","0,27%"
"20.11.2025","2.344,84","2.344,84","2.344,84","2.344,84","","-0,55%"
"19.11.2025","2.357,75","2.357,75","2.357,75","2.357,75","","-0,35%"
"18.11.2025","2.365,97","2.365,97","2.365,97","2.365,97","","-0,62%"
"17.11.2025","2.380,80","2.380,80","2.380,80","2.380,80","","0,10%"
"14.11.2025","2.378,48","2.378,48","2.378,48","2.378,48","","-1,60%"
"13.11.2025","2.417,04","2.417,04","2.417,04","2.417,04","","0,25%"
"12.11.2025","2.411,11","2.411,11","2.411,11","2.411,11","","0,15%"
"11.11.2025","2.407,43","2.407,43","2.407,43","2.407,43","","0,81%"
"10.11.2025","2.388,19","2.388,19","2.388,19","2.388,19","","-0,16%"
"07.11.2025","2.392,13","2.392,13","2.392,13","2.392,13","","0,13%"
"06.11.2025","2.389,14","2.389,14","2.389,14","2.389,14","","0,46%"
"05.11.2025","2.378,24","2.378,24","2.378,24","2.378,24","","-0,20%"
"04.11.2025","2.383,03","2.383,03","2.383,03","2.383,03","","0,39%"
"03.11.2025","2.373,84","2.373,84","2.373,84","2.373,84","","-0,52%"
"31.10.2025","2.386,30","2.386,30","2.386,30","2.386,30","","-0,89%"
"30.10.2025","2.407,71","2.407,71","2.407,71","2.407,71","","-0,44%"
"29.10.2025","2.418,30","2.418,30","2.418,30","2.418,30","","-0,47%"
"28.10.2025","2.429,61","2.429,61","2.429,61","2.429,61","","-0,95%"
"27.10.2025","2.453,02","2.453,02","2.453,02","2.453,02","","-0,57%"
"24.10.2025","2.467,07","2.467,07","2.467,07","2.467,07","","-0,36%"
"23.10.2025","2.476,01","2.476,01","2.476,01","2.476,01","","-0,07%"
"22.10.2025","2.477,65","2.477,65","2.477,65","2.477,65","","1,10%"
"21.10.2025","2.450,75","2.450,75","2.450,75","2.450,75","","1,22%"
"20.10.2025","2.421,33","2.421,33","2.421,33","2.421,33","","0,69%"
"17.10.2025","2.404,80","2.404,80","2.404,80","2.404,80","","-0,89%"
"16.10.2025","2.426,36","2.426,36","2.426,36","2.426,36","","0,92%"
"15.10.2025","2.404,28","2.404,28","2.404,28","2.404,28","","0,29%"
"14.10.2025","2.397,40","2.397,40","2.397,40","2.397,40","","0,57%"
"13.10.2025","2.383,87","2.383,87","2.383,87","2.383,87","","1,84%"
"10.10.2025","2.340,87","2.340,87","2.340,87","2.340,87","","0,47%"
"09.10.2025","2.329,97","2.329,97","2.329,97","2.329,97","","-0,02%"
"08.10.2025","2.330,36","2.330,36","2.330,36","2.330,36","","-0,58%"
"07.10.2025","2.344,05","2.344,05","2.344,05","2.344,05","","-0,41%"
"06.10.2025","2.353,69","2.353,69","2.353,69","2.353,69","","-0,39%"
"03.10.2025","2.362,94","2.362,94","2.362,94","2.362,94","","0,60%"
"02.10.2025","2.348,85","2.348,85","2.348,85","2.348,85","","-0,68%"
"01.10.2025","2.364,94","2.364,94","2.364,94","2.364,94","","0,25%"
"30.09.2025","2.359,13","2.359,13","2.359,13","2.359,13","","0,87%"
"29.09.2025","2.338,80","2.338,80","2.338,80","2.338,80","","0,82%"
"26.09.2025","2.319,81","2.319,81","2.319,81","2.319,81","","0,82%"
"25.09.2025","2.301,02","2.301,02","2.301,02","2.301,02","","-1,26%"
"24.09.2025","2.330,44","2.330,44","2.330,44","2.330,44","","0,03%"
"23.09.2025","2.329,69","2.329,69","2.329,69","2.329,69","","0,53%"
"22.09.2025","2.317,39","2.317,39","2.317,39","2.317,39","","-0,66%"
"19.09.2025","2.332,70","2.332,70","2.332,70","2.332,70","","-0,25%"
"18.09.2025","2.338,52","2.338,52","2.338,52","2.338,52","","-0,04%"
"17.09.2025","2.339,56","2.339,56","2.339,56","2.339,56","","0,54%"
"16.09.2025","2.327,04","2.327,04","2.327,04","2.327,04","","-1,36%"
"15.09.2025","2.359,09","2.359,09","2.359,09","2.359,09","","0,80%"
"12.09.2025","2.340,41","2.340,41","2.340,41","2.340,41","","0,13%"
"11.09.2025","2.337,32","2.337,32","2.337,32","2.337,32","","0,18%"
"10.09.2025","2.333,12","2.333,12","2.333,12","2.333,12","","-0,31%"
"09.09.2025","2.340,45","2.340,45","2.340,45","2.340,45","","-0,01%"
"08.09.2025","2.340,70","2.340,70","2.340,70","2.340,70","","0,04%"
"05.09.2025","2.339,70","2.339,70","2.339,70","2.339,70","","1,56%"
"04.09.2025","2.303,69","2.303,69","2.303,69","2.303,69","","0,18%"
"03.09.2025","2.299,58","2.299,58","2.299,58","2.299,58","","0,82%"
"02.09.2025","2.280,88","2.280,88","2.280,88","2.280,88","","-3,47%"
"01.09.2025","2.362,90","2.362,90","2.362,90","2.362,90","","0,11%"
"29.08.2025","2.360,41","2.360,41","2.360,41","2.360,41","","-0,64%"
"28.08.2025","2.375,56","2.375,56","2.375,56","2.375,56","","-1,11%"
"27.08.2025","2.402,17","2.402,17","2.402,17","2.402,17","","0,09%"
"26.08.2025","2.399,95","2.399,95","2.399,95","2.399,95","","-0,59%"
"25.08.2025","2.414,10","2.414,10","2.414,10","2.414,10","","-0,66%"
"22.08.2025","2.430,14","2.430,14","2.430,14","2.430,14","","1,07%"
"21.08.2025","2.404,37","2.404,37","2.404,37","2.404,37","","-0,35%"
"20.08.2025","2.412,71","2.412,71","2.412,71","2.412,71","","0,90%"
"19.08.2025","2.391,20","2.391,20","2.391,20","2.391,20","","-0,09%"
"18.08.2025","2.393,33","2.393,33","2.393,33","2.393,33","","-0,31%"
"15.08.2025","2.400,86","2.400,86","2.400,86","2.400,86","","-0,57%"
"14.08.2025","2.414,67","2.414,67","2.414,67","2.414,67","","0,49%"
"13.08.2025","2.402,91","2.402,91","2.402,91","2.402,91","","0,07%"
"12.08.2025","2.401,18","2.401,18","2.401,18","2.401,18","","-0,98%"
"11.08.2025","2.425,04","2.425,04","2.425,04","2.425,04","","-0,20%"
"08.08.2025","2.429,89","2.429,89","2.429,89","2.429,89","","0,25%"
"07.08.2025","2.423,78","2.423,78","2.423,78","2.423,78","","0,11%"
"06.08.2025","2.421,15","2.421,15","2.421,15","2.421,15","","1,00%"
"05.08.2025","2.397,14","2.397,14","2.397,14","2.397,14","","0,33%"
"04.08.2025","2.389,32","2.389,32","2.389,32","2.389,32","","1,35%"
"01.08.2025","2.357,42","2.357,42","2.357,42","2.357,42","","-1,06%"
"31.07.2025","2.382,72","2.382,72","2.382,72","2.382,72","","-0,15%"
"30.07.2025","2.386,25","2.386,25","2.386,25","2.386,25","","-0,22%"
"29.07.2025","2.391,54","2.391,54","2.391,54","2.391,54","","-0,26%"
"28.07.2025","2.397,72","2.397,72","2.397,72","2.397,72","","0,35%"
"25.07.2025","2.389,31","2.389,31","2.389,31","2.389,31","","-0,76%"
"24.07.2025","2.407,53","2.407,53","2.407,53","2.407,53","","-0,19%"
"23.07.2025","2.412,07","2.412,07","2.412,07","2.412,07","","-0,79%"
"22.07.2025","2.431,23","2.431,23","2.431,23","2.431,23","","0,27%"
"21.07.2025","2.424,66","2.424,66","2.424,66","2.424,66","","1,43%"
"18.07.2025","2.390,40","2.390,40","2.390,40","2.390,40","","0,51%"
"17.07.2025","2.378,18","2.378,18","2.378,18","2.378,18","","0,20%"
"16.07.2025","2.373,36","2.373,36","2.373,36","2.373,36","","-0,66%"
"15.07.2025","2.389,14","2.389,14","2.389,14","2.389,14","","-0,25%"
"14.07.2025","2.395,05","2.395,05","2.395,05","2.395,05","","0,23%"
"11.07.2025","2.389,60","2.389,60","2.389,60","2.389,60","","-0,56%"
"10.07.2025","2.403,10","2.403,10","2.403,10","2.403,10","","-0,32%"
"09.07.2025","2.410,76","2.410,76","2.410,76","2.410,76","","0,56%"
"08.07.2025","2.397,24","2.397,24","2.397,24","2.397,24","","-1,00%"
"07.07.2025","2.421,49","2.421,49","2.421,49","2.421,49","","-0,44%"
"04.07.2025","2.432,10","2.432,10","2.432,10","2.432,10","","-0,62%"
"03.07.2025","2.447,35","2.447,35","2.447,35","2.447,35","","0,56%"
"02.07.2025","2.433,73","2.433,73","2.433,73","2.433,73","","-2,48%"
"01.07.2025","2.495,54","2.495,54","2.495,54","2.495,54","","0,74%"
"30.06.2025","2.477,10","2.477,10","2.477,10","2.477,10","","-0,18%"
"27.06.2025","2.481,55","2.481,55","2.481,55","2.481,55","","0,37%"
"26.06.2025","2.472,52","2.472,52","2.472,52","2.472,52","","0,51%"
"25.06.2025","2.460,01","2.460,01","2.460,01","2.460,01","","-0,87%"
"24.06.2025","2.481,65","2.481,65","2.481,65","2.481,65","","0,14%"
"23.06.2025","2.478,26","2.478,26","2.478,26","2.478,26","","0,33%"
"20.06.2025","2.470,07","2.470,07","2.470,07","2.470,07","","0,35%"
"19.06.2025","2.461,54","2.461,54","2.461,54","2.461,54","","-0,61%"
"18.06.2025","2.476,60","2.476,60","2.476,60","2.476,60","","0,92%"
"17.06.2025","2.453,91","2.453,91","2.453,91","2.453,91","","0,61%"
"16.06.2025","2.439,11","2.439,11","2.439,11","2.439,11","","0,93%"
"13.06.2025","2.416,54","2.416,54","2.416,54","2.416,54","","-0,98%"
"12.06.2025","2.440,41","2.440,41","2.440,41","2.440,41","","-0,98%"
"11.06.2025","2.464,51","2.464,51","2.464,51","2.464,51","","-0,72%"
"10.06.2025","2.482,44","2.482,44","2.482,44","2.482,44","","0,64%"
"09.06.2025","2.466,65","2.466,65","2.466,65","2.466,65","","0,85%"
"06.06.2025","2.445,96","2.445,96","2.445,96","2.445,96","","0,19%"
"05.06.2025","2.441,40","2.441,40","2.441,40","2.441,40","","-0,10%"
"04.06.2025","2.443,91","2.443,91","2.443,91","2.443,91","","-0,22%"
"03.06.2025","2.449,28","2.449,28","2.449,28","2.449,28","","-0,32%"
"02.06.2025","2.457,03","2.457,03","2.457,03","2.457,03","","-0,37%"
"30.05.2025","2.466,18","2.466,18","2.466,18","2.466,18","","0,23%"
"29.05.2025","2.460,59","2.460,59","2.460,59","2.460,59","","0,89%"
"28.05.2025","2.438,80","2.438,80","2.438,80","2.438,80","","0,65%"
"27.05.2025","2.423,05","2.423,05","2.423,05","2.423,05","","0,49%"
"26.05.2025","2.411,29","2.411,29","2.411,29","2.411,29","","0,79%"
"23.05.2025","2.392,37","2.392,37","2.392,37","2.392,37","","0,33%"
"22.05.2025","2.384,46","2.384,46","2.384,46","2.384,46","","-1,21%"
"21.05.2025","2.413,68","2.413,68","2.413,68","2.413,68","","-0,56%"
"20.05.2025","2.427,37","2.427,37","2.427,37","2.427,37","","0,54%"
"19.05.2025","2.414,41","2.414,41","2.414,41","2.414,41","","0,19%"
"16.05.2025","2.409,76","2.409,76","2.409,76","2.409,76","","1,24%"
"15.05.2025","2.380,35","2.380,35","2.380,35","2.380,35","","1,43%"
"14.05.2025","2.346,79","2.346,79","2.346,79","2.346,79","","-0,16%"
"13.05.2025","2.350,49","2.350,49","2.350,49","2.350,49","","-1,05%"
"12.05.2025","2.375,41","2.375,41","2.375,41","2.375,41","","-0,79%"
"09.05.2025","2.394,33","2.394,33","2.394,33","2.394,33","","0,57%"
"08.05.2025","2.380,85","2.380,85","2.380,85","2.380,85","","-1,05%"
"07.05.2025","2.406,00","2.406,00","2.406,00","2.406,00","","-0,12%"
"06.05.2025","2.408,81","2.408,81","2.408,81","2.408,81","","0,01%"
"05.05.2025","2.408,48","2.408,48","2.408,48","2.408,48","","0,67%"
"02.05.2025","2.392,36","2.392,36","2.392,36","2.392,36","","0,40%"
"01.05.2025","2.382,76","2.382,76","2.382,76","2.382,76","","0,38%"
"30.04.2025","2.373,77","2.373,77","2.373,77","2.373,77","","1,51%"
"29.04.2025","2.338,45","2.338,45","2.338,45","2.338,45","","0,23%"
"28.04.2025","2.333,20","2.333,20","2.333,20","2.333,20","","0,17%"
"25.04.2025","2.329,15","2.329,15","2.329,15","2.329,15","","0,02%"
"24.04.2025","2.328,73","2.328,73","2.328,73","2.328,73","","0,65%"
"23.04.2025","2.313,61","2.313,61","2.313,61","2.313,61","","-0,52%"
"22.04.2025","2.325,82","2.325,82","2.325,82","2.325,82","","0,80%"
"21.04.2025","2.307,34","2.307,34","2.307,34","2.307,34","","-0,06%"
"17.04.2025","2.308,75","2.308,75","2.308,75","2.308,75","","1,14%"
"16.04.2025","2.282,65","2.282,65","2.282,65","2.282,65","","0,41%"
"15.04.2025","2.273,28","2.273,28","2.273,28","2.273,28","","3,01%"
"14.04.2025","2.206,84","2.206,84","2.206,84","2.206,84","","2,11%"
"11.04.2025","2.161,34","2.161,34","2.161,34","2.161,34","","1,86%"
"10.04.2025","2.121,83","2.121,83","2.121,83","2.121,83","","3,73%"
"09.04.2025","2.045,47","2.045,47","2.045,47","2.045,47","","-3,98%"
"08.04.2025","2.130,31","2.130,31","2.130,31","2.130,31","","1,65%"
"07.04.2025","2.095,76","2.095,76","2.095,76","2.095,76","","-4,53%"
"04.04.2025","2.195,30","2.195,30","2.195,30","2.195,30","","-3,95%"
"03.04.2025","2.285,47","2.285,47","2.285,47","2.285,47","","1,83%"
"02.04.2025","2.244,44","2.244,44","2.244,44","2.244,44","","-0,81%"
"01.04.2025","2.262,80","2.262,80","2.262,80","2.262,80","","0,82%"
"31.03.2025","2.244,46","2.244,46","2.244,46","2.244,46","","-0,67%"
"28.03.2025","2.259,50","2.259,50","2.259,50","2.259,50","","1,56%"
"27.03.2025","2.224,83","2.224,83","2.224,83","2.224,83","","0,04%"
"26.03.2025","2.223,92","2.223,92","2.223,92","2.223,92","","0,31%"
"25.03.2025","2.216,99","2.216,99","2.216,99","2.216,99","","0,48%"
"24.03.2025","2.206,43","2.206,43","2.206,43","2.206,43","","-1,34%"
"21.03.2025","2.236,32","2.236,32","2.236,32","2.236,32","","0,10%"
"20.03.2025","2.234,09","2.234,09","2.234,09","2.234,09","","0,79%"
"19.03.2025","2.216,53","2.216,53","2.216,53","2.216,53","","-0,31%"
"18.03.2025","2.223,41","2.223,41","2.223,41","2.223,41","","-0,66%"
"17.03.2025","2.238,14","2.238,14","2.238,14","2.238,14","","0,90%"
"14.03.2025","2.218,26","2.218,26","2.218,26","2.218,26","","1,06%"
"13.03.2025","2.194,89","2.194,89","2.194,89","2.194,89","","-0,35%"
"12.03.2025","2.202,65","2.202,65","2.202,65","2.202,65","","0,56%"
"11.03.2025","2.190,38","2.190,38","2.190,38","2.190,38","","-0,61%"
"10.03.2025","2.203,86","2.203,86","2.203,86","2.203,86","","0,24%"
"07.03.2025","2.198,68","2.198,68","2.198,68","2.198,68","","1,31%"
"06.03.2025","2.170,16","2.170,16","2.170,16","2.170,16","","-2,62%"
"05.03.2025","2.228,55","2.228,55","2.228,55","2.228,55","","-3,13%"
"04.03.2025","2.300,52","2.300,52","2.300,52","2.300,52","","-0,18%"
"03.03.2025","2.304,74","2.304,74","2.304,74","2.304,74","","-1,04%"
"28.02.2025","2.329,01","2.329,01","2.329,01","2.329,01","","-0,28%"
"27.02.2025","2.335,57","2.335,57","2.335,57","2.335,57","","0,09%"
"26.02.2025","2.333,49","2.333,49","2.333,49","2.333,49","","-0,09%"
"25.02.2025","2.335,68","2.335,68","2.335,68","2.335,68","","0,27%"
"24.02.2025","2.329,41","2.329,41","2.329,41","2.329,41","","0,53%"
"21.02.2025","2.317,22","2.317,22","2.317,22","2.317,22","","0,28%"
"20.02.2025","2.310,77","2.310,77","2.310,77","2.310,77","","0,35%"
"19.02.2025","2.302,62","2.302,62","2.302,62","2.302,62","","-1,16%"
"18.02.2025","2.329,59","2.329,59","2.329,59","2.329,59","","-0,14%"
"17.02.2025","2.332,97","2.332,97","2.332,97","2.332,97","","-0,64%"
"14.02.2025","2.347,94","2.347,94","2.347,94","2.347,94","","-0,11%"
"13.02.2025","2.350,45","2.350,45","2.350,45","2.350,45","","1,17%"
"12.02.2025","2.323,26","2.323,26","2.323,26","2.323,26","","-0,84%"
"11.02.2025","2.343,02","2.343,02","2.343,02","2.343,02","","-0,75%"
"10.02.2025","2.360,80","2.360,80","2.360,80","2.360,80","","1,12%"
"07.02.2025","2.334,62","2.334,62","2.334,62","2.334,62","","-1,02%"
"06.02.2025","2.358,67","2.358,67","2.358,67","2.358,67","","0,15%"
"05.02.2025","2.355,21","2.355,21","2.355,21","2.355,21","","2,07%"
"04.02.2025","2.307,48","2.307,48","2.307,48","2.307,48","","-0,17%"
"03.02.2025","2.311,41","2.311,41","2.311,41","2.311,41","","-0,86%"
"31.01.2025","2.331,45","2.331,45","2.331,45","2.331,45","","0,36%"
"30.01.2025","2.323,01","2.323,01","2.323,01","2.323,01","","1,85%"
"29.01.2025","2.280,90","2.280,90","2.280,90","2.280,90","","-0,65%"
"28.01.2025","2.295,86","2.295,86","2.295,86","2.295,86","","1,26%"
"27.01.2025","2.267,26","2.267,26","2.267,26","2.267,26","","1,42%"
"24.01.2025","2.235,56","2.235,56","2.235,56","2.235,56","","-0,78%"
"23.01.2025","2.253,13","2.253,13","2.253,13","2.253,13","","1,10%"
"22.01.2025","2.228,59","2.228,59","2.228,59","2.228,59","","-0,93%"
"21.01.2025","2.249,47","2.249,47","2.249,47","2.249,47","","0,21%"
"20.01.2025","2.244,67","2.244,67","2.244,67","2.244,67","","-0,83%"
"17.01.2025","2.263,55","2.263,55","2.263,55","2.263,55","","0,94%"
"16.01.2025","2.242,54","2.242,54","2.242,54","2.242,54","","0,05%"
"15.01.2025","2.241,48","2.241,48","2.241,48","2.241,48","","3,47%"
"14.01.2025","2.166,41","2.166,41","2.166,41","2.166,41","","0,62%"
"13.01.2025","2.153,14","2.153,14","2.153,14","2.153,14","","-1,04%"
"10.01.2025","2.175,76","2.175,76","2.175,76","2.175,76","","-1,18%"
"09.01.2025","2.201,77","2.201,77","2.201,77","2.201,77","","0,18%"
"08.01.2025","2.197,85","2.197,85","2.197,85","2.197,85","","-1,63%"
"07.01.2025","2.234,36","2.234,36","2.234,36","2.234,36","","-0,84%"
"06.01.2025","2.253,24","2.253,24","2.253,24","2.253,24","","-0,57%"
"03.01.2025","2.266,20","2.266,20","2.266,20","2.266,20","","-0,47%"
"02.01.2025","2.276,92","2.276,92","2.276,92","2.276,92","","0,28%"
"31.12.2024","2.270,65","2.270,65","2.270,65","2.270,65","","0,57%"
"30.12.2024","2.257,76","2.257,76","2.257,76","2.257,76","","-0,19%"
"27.12.2024","2.262,17","2.262,17","2.262,17","2.262,17","","0,48%"
"26.12.2024","2.251,28","2.251,28","2.251,28","2.251,28","","-0,09%"
"25.12.2024","2.253,38","2.253,38","2.253,38","2.253,38","","0,00%"
"24.12.2024","2.253,38","2.253,38","2.253,38","2.253,38","","0,38%"
"23.12.2024","2.244,79","2.244,79","2.244,79","2.244,79","","-0,18%"
"20.12.2024","2.248,92","2.248,92","2.248,92","2.248,92","","1,36%"
"19.12.2024","2.218,64","2.218,64","2.218,64","2.218,64","","-2,32%"
"18.12.2024","2.271,32","2.271,32","2.271,32","2.271,32","","0,26%"
"17.12.2024","2.265,38","2.265,38","2.265,38","2.265,38","","-0,15%"
"16.12.2024","2.268,70","2.268,70","2.268,70","2.268,70","","-1,32%"
"13.12.2024","2.299,01","2.299,01","2.299,01","2.299,01","","-1,26%"
"12.12.2024","2.328,36","2.328,36","2.328,36","2.328,36","","0,02%"
"11.12.2024","2.327,90","2.327,90","2.327,90","2.327,90","","-0,08%"
"10.12.2024","2.329,76","2.329,76","2.329,76","2.329,76","","0,17%"
"09.12.2024","2.325,77","2.325,77","2.325,77","2.325,77","","-1,77%"
"06.12.2024","2.367,63","2.367,63","2.367,63","2.367,63","","0,65%"
"05.12.2024","2.352,44","2.352,44","2.352,44","2.352,44","","-1,23%"
"04.12.2024","2.381,68","2.381,68","2.381,68","2.381,68","","1,14%"
"03.12.2024","2.354,92","2.354,92","2.354,92","2.354,92","","-0,29%"
"02.12.2024","2.361,79","2.361,79","2.361,79","2.361,79","","-0,94%"
"29.11.2024","2.384,24","2.384,24","2.384,24","2.384,24","","0,11%"
"28.11.2024","2.381,61","2.381,61","2.381,61","2.381,61","","0,07%"
"27.11.2024","2.379,94","2.379,94","2.379,94","2.379,94","","1,79%"
"26.11.2024","2.338,13","2.338,13","2.338,13","2.338,13","","-0,75%"
"25.11.2024","2.355,77","2.355,77","2.355,77","2.355,77","","0,33%"
"22.11.2024","2.348,09","2.348,09","2.348,09","2.348,09","","2,91%"
"21.11.2024","2.281,64","2.281,64","2.281,64","2.281,64","","-0,27%"
"20.11.2024","2.287,82","2.287,82","2.287,82","2.287,82","","-0,64%"
"19.11.2024","2.302,53","2.302,53","2.302,53","2.302,53","","0,60%"
"18.11.2024","2.288,80","2.288,80","2.288,80","2.288,80","","-1,69%"
"15.11.2024","2.328,26","2.328,26","2.328,26","2.328,26","","0,02%"
"14.11.2024","2.327,79","2.327,79","2.327,79","2.327,79","","1,32%"
"13.11.2024","2.297,47","2.297,47","2.297,47","2.297,47","","-1,32%"
"12.11.2024","2.328,10","2.328,10","2.328,10","2.328,10","","-1,72%"
"11.11.2024","2.368,91","2.368,91","2.368,91","2.368,91","","0,18%"
"08.11.2024","2.364,73","2.364,73","2.364,73","2.364,73","","1,38%"
"07.11.2024","2.332,59","2.332,59","2.332,59","2.332,59","","1,30%"
"06.11.2024","2.302,63","2.302,63","2.302,63","2.302,63","","-1,80%"
"05.11.2024","2.344,83","2.344,83","2.344,83","2.344,83","","-0,22%"
"04.11.2024","2.349,89","2.349,89","2.349,89","2.349,89","","-0,69%"
"01.11.2024","2.366,25","2.366,25","2.366,25","2.366,25","","0,37%"
"31.10.2024","2.357,58","2.357,58","2.357,58","2.357,58","","-2,16%"
"30.10.2024","2.409,54","2.409,54","2.409,54","2.409,54","","-0,86%"
"29.10.2024","2.430,45","2.430,45","2.430,45","2.430,45","","-0,88%"
"28.10.2024","2.451,93","2.451,93","2.451,93","2.451,93","","0,72%"
"25.10.2024","2.434,37","2.434,37","2.434,37","2.434,37","","-0,35%"
"24.10.2024","2.443,04","2.443,04","2.443,04","2.443,04","","0,11%"
"23.10.2024","2.440,41","2.440,41","2.440,41","2.440,41","","0,05%"
"22.10.2024","2.439,22","2.439,22","2.439,22","2.439,22","","-1,01%"
"21.10.2024","2.464,04","2.464,04","2.464,04","2.464,04","","-1,89%"
"18.10.2024","2.511,39","2.511,39","2.511,39","2.511,39","","-0,73%"
"17.10.2024","2.529,96","2.529,96","2.529,96","2.529,96","","-0,61%"
"16.10.2024","2.545,61","2.545,61","2.545,61","2.545,61","","0,69%"
"15.10.2024","2.528,10","2.528,10","2.528,10","2.528,10","","0,67%"
"14.10.2024","2.511,15","2.511,15","2.511,15","2.511,15","","-0,33%"
"11.10.2024","2.519,57","2.519,57","2.519,57","2.519,57","","1,34%"
"10.10.2024","2.486,35","2.486,35","2.486,35","2.486,35","","-0,95%"
"09.10.2024","2.510,20","2.510,20","2.510,20","2.510,20","","0,57%"
"08.10.2024","2.495,96","2.495,96","2.495,96","2.495,96","","-0,28%"
"07.10.2024","2.502,92","2.502,92","2.502,92","2.502,92","","-1,37%"
"04.10.2024","2.537,80","2.537,80","2.537,80","2.537,80","","-0,16%"
"03.10.2024","2.541,91","2.541,91","2.541,91","2.541,91","","-1,27%"
"02.10.2024","2.574,54","2.574,54","2.574,54","2.574,54","","-0,84%"
"01.10.2024","2.596,38","2.596,38","2.596,38","2.596,38","","1,07%"
"30.09.2024","2.568,99","2.568,99","2.568,99","2.568,99","","-0,75%"
"27.09.2024","2.588,48","2.588,48","2.588,48","2.588,48","","0,72%"
"26.09.2024","2.569,98","2.569,98","2.569,98","2.569,98","","1,15%"
"25.09.2024","2.540,80","2.540,80","2.540,80","2.540,80","","-0,31%"
"24.09.2024","2.548,79","2.548,79","2.548,79","2.548,79","","-0,68%"
"23.09.2024","2.566,21","2.566,21","2.566,21","2.566,21","","1,12%"
"20.09.2024","2.537,70","2.537,70","2.537,70","2.537,70","","-0,58%"
"19.09.2024","2.552,61","2.552,61","2.552,61","2.552,61","","0,74%"
"18.09.2024","2.533,85","2.533,85","2.533,85","2.533,85","","-0,63%"
"17.09.2024","2.549,79","2.549,79","2.549,79","2.549,79","","-0,98%"
"16.09.2024","2.575,14","2.575,14","2.575,14","2.575,14","","-0,46%"
"13.09.2024","2.587,10","2.587,10","2.587,10","2.587,10","","1,36%"
"12.09.2024","2.552,37","2.552,37","2.552,37","2.552,37","","0,64%"
"11.09.2024","2.536,21","2.536,21","2.536,21","2.536,21","","-0,84%"
"10.09.2024","2.557,70","2.557,70","2.557,70","2.557,70","","1,81%"
"09.09.2024","2.512,13","2.512,13","2.512,13","2.512,13","","-0,28%"
"06.09.2024","2.519,22","2.519,22","2.519,22","2.519,22","","0,57%"
"05.09.2024","2.504,89","2.504,89","2.504,89","2.504,89","","1,35%"
"04.09.2024","2.471,49","2.471,49","2.471,49","2.471,49","","0,97%"
"03.09.2024","2.447,72","2.447,72","2.447,72","2.447,72","","-1,13%"
"02.09.2024","2.475,59","2.475,59","2.475,59","2.475,59","","0,71%"
"30.08.2024","2.458,16","2.458,16","2.458,16","2.458,16","","1,34%"
"29.08.2024","2.425,68","2.425,68","2.425,68","2.425,68","","-1,87%"
"28.08.2024","2.471,83","2.471,83","2.471,83","2.471,83","","0,13%"
"27.08.2024","2.468,65","2.468,65","2.468,65","2.468,65","","0,41%"
"23.08.2024","2.458,65","2.458,65","2.458,65","2.458,65","","1,32%"
"22.08.2024","2.426,52","2.426,52","2.426,52","2.426,52","","0,86%"
"21.08.2024","2.405,93","2.405,93","2.405,93","2.405,93","","0,04%"
"20.08.2024","2.404,88","2.404,88","2.404,88","2.404,88","","-0,11%"
"19.08.2024","2.407,55","2.407,55","2.407,55","2.407,55","","1,03%"
"16.08.2024","2.383,09","2.383,09","2.383,09","2.383,09","","-0,33%"
"15.08.2024","2.390,99","2.390,99","2.390,99","2.390,99","","-0,01%"
"14.08.2024","2.391,11","2.391,11","2.391,11","2.391,11","","0,69%"
"13.08.2024","2.374,75","2.374,75","2.374,75","2.374,75","","0,66%"
"12.08.2024","2.359,10","2.359,10","2.359,10","2.359,10","","-0,77%"
"09.08.2024","2.377,29","2.377,29","2.377,29","2.377,29","","1,73%"
"08.08.2024","2.336,96","2.336,96","2.336,96","2.336,96","","-0,71%"
"07.08.2024","2.353,57","2.353,57","2.353,57","2.353,57","","1,82%"
"06.08.2024","2.311,56","2.311,56","2.311,56","2.311,56","","-0,19%"
"05.08.2024","2.315,92","2.315,92","2.315,92","2.315,92","","-3,24%"
"02.08.2024","2.393,45","2.393,45","2.393,45","2.393,45","","0,22%"
"01.08.2024","2.388,21","2.388,21","2.388,21","2.388,21","","0,86%"
"31.07.2024","2.367,96","2.367,96","2.367,96","2.367,96","","-0,12%"
"30.07.2024","2.370,84","2.370,84","2.370,84","2.370,84","","0,53%"
"29.07.2024","2.358,29","2.358,29","2.358,29","2.358,29","","0,92%"
"26.07.2024","2.336,75","2.336,75","2.336,75","2.336,75","","0,17%"
"25.07.2024","2.332,68","2.332,68","2.332,68","2.332,68","","-0,33%"
"24.07.2024","2.340,29","2.340,29","2.340,29","2.340,29","","-0,59%"
"23.07.2024","2.354,24","2.354,24","2.354,24","2.354,24","","-0,77%"
"22.07.2024","2.372,47","2.372,47","2.372,47","2.372,47","","0,32%"
"19.07.2024","2.364,84","2.364,84","2.364,84","2.364,84","","-1,07%"
"18.07.2024","2.390,53","2.390,53","2.390,53","2.390,53","","-0,07%"
"17.07.2024","2.392,15","2.392,15","2.392,15","2.392,15","","-0,42%"
"16.07.2024","2.402,35","2.402,35","2.402,35","2.402,35","","-0,35%"
"15.07.2024","2.410,87","2.410,87","2.410,87","2.410,87","","-0,59%"
"12.07.2024","2.425,16","2.425,16","2.425,16","2.425,16","","-0,04%"
"11.07.2024","2.426,15","2.426,15","2.426,15","2.426,15","","1,77%"
"10.07.2024","2.383,84","2.383,84","2.383,84","2.383,84","","2,03%"
"09.07.2024","2.336,30","2.336,30","2.336,30","2.336,30","","0,16%"
"08.07.2024","2.332,62","2.332,62","2.332,62","2.332,62","","-0,76%"
"05.07.2024","2.350,55","2.350,55","2.350,55","2.350,55","","0,89%"
"04.07.2024","2.329,76","2.329,76","2.329,76","2.329,76","","0,13%"
"03.07.2024","2.326,64","2.326,64","2.326,64","2.326,64","","1,83%"
"02.07.2024","2.284,76","2.284,76","2.284,76","2.284,76","","0,05%"
"01.07.2024","2.283,55","2.283,55","2.283,55","2.283,55","","-0,02%"
"28.06.2024","2.283,99","2.283,99","2.283,99","2.283,99","","0,43%"
"27.06.2024","2.274,15","2.274,15","2.274,15","2.274,15","","0,65%"
"26.06.2024","2.259,44","2.259,44","2.259,44","2.259,44","","-1,06%"
"25.06.2024","2.283,60","2.283,60","2.283,60","2.283,60","","-0,93%"
"24.06.2024","2.305,12","2.305,12","2.305,12","2.305,12","","0,95%"
"21.06.2024","2.283,52","2.283,52","2.283,52","2.283,52","","-0,77%"
"20.06.2024","2.301,23","2.301,23","2.301,23","2.301,23","","1,56%"
"19.06.2024","2.265,91","2.265,91","2.265,91","2.265,91","","-1,24%"
"18.06.2024","2.294,31","2.294,31","2.294,31","2.294,31","","0,96%"
"17.06.2024","2.272,51","2.272,51","2.272,51","2.272,51","","-0,88%"
"14.06.2024","2.292,65","2.292,65","2.292,65","2.292,65","","-0,58%"
"13.06.2024","2.306,04","2.306,04","2.306,04","2.306,04","","-1,39%"
"12.06.2024","2.338,55","2.338,55","2.338,55","2.338,55","","2,43%"
"11.06.2024","2.282,97","2.282,97","2.282,97","2.282,97","","-2,04%"
"10.06.2024","2.330,55","2.330,55","2.330,55","2.330,55","","0,17%"
"07.06.2024","2.326,62","2.326,62","2.326,62","2.326,62","","-2,70%"
"06.06.2024","2.391,12","2.391,12","2.391,12","2.391,12","","-0,56%"
"05.06.2024","2.404,49","2.404,49","2.404,49","2.404,49","","-0,06%"
"04.06.2024","2.405,98","2.405,98","2.405,98","2.405,98","","0,21%"
"03.06.2024","2.401,01","2.401,01","2.401,01","2.401,01","","1,53%"
"31.05.2024","2.364,91","2.364,91","2.364,91","2.364,91","","0,50%"
"30.05.2024","2.353,10","2.353,10","2.353,10","2.353,10","","1,92%"
"29.05.2024","2.308,80","2.308,80","2.308,80","2.308,80","","-1,75%"
"28.05.2024","2.350,01","2.350,01","2.350,01","2.350,01","","0,96%"
"24.05.2024","2.327,62","2.327,62","2.327,62","2.327,62","","-0,15%"
"23.05.2024","2.331,21","2.331,21","2.331,21","2.331,21","","-2,05%"
"22.05.2024","2.379,94","2.379,94","2.379,94","2.379,94","","0,81%"
"21.05.2024","2.360,92","2.360,92","2.360,92","2.360,92","","-0,37%"
"20.05.2024","2.369,61","2.369,61","2.369,61","2.369,61","","-0,49%"
"17.05.2024","2.381,28","2.381,28","2.381,28","2.381,28","","-0,80%"
"16.05.2024","2.400,59","2.400,59","2.400,59","2.400,59","","0,05%"
"15.05.2024","2.399,33","2.399,33","2.399,33","2.399,33","","3,29%"
"14.05.2024","2.322,87","2.322,87","2.322,87","2.322,87","","0,40%"
"13.05.2024","2.313,66","2.313,66","2.313,66","2.313,66","","0,08%"
"10.05.2024","2.311,84","2.311,84","2.311,84","2.311,84","","-0,34%"
"09.05.2024","2.319,62","2.319,62","2.319,62","2.319,62","","-0,09%"
"08.05.2024","2.321,65","2.321,65","2.321,65","2.321,65","","-0,53%"
"07.05.2024","2.333,93","2.333,93","2.333,93","2.333,93","","1,52%"
"06.05.2024","2.298,91","2.298,91","2.298,91","2.298,91","","0,09%"
"03.05.2024","2.296,86","2.296,86","2.296,86","2.296,86","","0,98%"
"02.05.2024","2.274,61","2.274,61","2.274,61","2.274,61","","1,32%"
"01.05.2024","2.244,87","2.244,87","2.244,87","2.244,87","","0,06%"
"30.04.2024","2.243,63","2.243,63","2.243,63","2.243,63","","0,18%"
"29.04.2024","2.239,63","2.239,63","2.239,63","2.239,63","","1,15%"
"26.04.2024","2.214,08","2.214,08","2.214,08","2.214,08","","1,84%"
"25.04.2024","2.174,17","2.174,17","2.174,17","2.174,17","","-0,70%"
"24.04.2024","2.189,42","2.189,42","2.189,42","2.189,42","","-1,89%"
"23.04.2024","2.231,51","2.231,51","2.231,51","2.231,51","","1,13%"
"22.04.2024","2.206,50","2.206,50","2.206,50","2.206,50","","0,98%"
"19.04.2024","2.185,08","2.185,08","2.185,08","2.185,08","","0,44%"
"18.04.2024","2.175,41","2.175,41","2.175,41","2.175,41","","1,35%"
"17.04.2024","2.146,44","2.146,44","2.146,44","2.146,44","","-0,39%"
"16.04.2024","2.154,83","2.154,83","2.154,83","2.154,83","","-1,45%"
"15.04.2024","2.186,56","2.186,56","2.186,56","2.186,56","","-0,03%"
"12.04.2024","2.187,28","2.187,28","2.187,28","2.187,28","","0,10%"
"11.04.2024","2.185,06","2.185,06","2.185,06","2.185,06","","0,13%"
"10.04.2024","2.182,21","2.182,21","2.182,21","2.182,21","","-1,65%"
"09.04.2024","2.218,93","2.218,93","2.218,93","2.218,93","","-0,52%"
"08.04.2024","2.230,62","2.230,62","2.230,62","2.230,62","","1,04%"
"05.04.2024","2.207,69","2.207,69","2.207,69","2.207,69","","-1,25%"
"04.04.2024","2.235,55","2.235,55","2.235,55","2.235,55","","0,39%"
"03.04.2024","2.226,78","2.226,78","2.226,78","2.226,78","","-0,50%"
"02.04.2024","2.237,96","2.237,96","2.237,96","2.237,96","","-2,10%"
"01.04.2024","2.285,87","2.285,87","2.285,87","2.285,87","","-0,09%"
"28.03.2024","2.287,88","2.287,88","2.287,88","2.287,88","","0,71%"
"27.03.2024","2.271,86","2.271,86","2.271,86","2.271,86","","0,46%"
"26.03.2024","2.261,46","2.261,46","2.261,46","2.261,46","","0,31%"
"25.03.2024","2.254,39","2.254,39","2.254,39","2.254,39","","0,25%"
"22.03.2024","2.248,82","2.248,82","2.248,82","2.248,82","","0,85%"
"21.03.2024","2.229,88","2.229,88","2.229,88","2.229,88","","1,98%"
"20.03.2024","2.186,58","2.186,58","2.186,58","2.186,58","","0,76%"
"19.03.2024","2.170,07","2.170,07","2.170,07","2.170,07","","0,65%"
"18.03.2024","2.156,10","2.156,10","2.156,10","2.156,10","","0,42%"
"15.03.2024","2.147,08","2.147,08","2.147,08","2.147,08","","-1,63%"
"14.03.2024","2.182,69","2.182,69","2.182,69","2.182,69","","-0,63%"
"13.03.2024","2.196,50","2.196,50","2.196,50","2.196,50","","0,17%"
"12.03.2024","2.192,77","2.192,77","2.192,77","2.192,77","","-1,23%"
"11.03.2024","2.219,97","2.219,97","2.219,97","2.219,97","","0,61%"
"08.03.2024","2.206,56","2.206,56","2.206,56","2.206,56","","2,13%"
"07.03.2024","2.160,61","2.160,61","2.160,61","2.160,61","","1,29%"
"06.03.2024","2.133,06","2.133,06","2.133,06","2.133,06","","0,28%"
"05.03.2024","2.127,09","2.127,09","2.127,09","2.127,09","","-0,05%"
"04.03.2024","2.128,26","2.128,26","2.128,26","2.128,26","","-0,84%"
"01.03.2024","2.146,36","2.146,36","2.146,36","2.146,36","","1,76%"
"29.02.2024","2.109,16","2.109,16","2.109,16","2.109,16","","0,27%"
"28.02.2024","2.103,52","2.103,52","2.103,52","2.103,52","","-1,77%"
"27.02.2024","2.141,37","2.141,37","2.141,37","2.141,37","","0,12%"
"26.02.2024","2.138,78","2.138,78","2.138,78","2.138,78","","-1,03%"
"23.02.2024","2.161,03","2.161,03","2.161,03","2.161,03","","-0,31%"
"22.02.2024","2.167,70","2.167,70","2.167,70","2.167,70","","0,53%"
"21.02.2024","2.156,32","2.156,32","2.156,32","2.156,32","","-0,67%"
"20.02.2024","2.170,77","2.170,77","2.170,77","2.170,77","","-0,49%"
"19.02.2024","2.181,52","2.181,52","2.181,52","2.181,52","","0,23%"
"16.02.2024","2.176,61","2.176,61","2.176,61","2.176,61","","-0,08%"
"15.02.2024","2.178,33","2.178,33","2.178,33","2.178,33","","1,91%"
"14.02.2024","2.137,45","2.137,45","2.137,45","2.137,45","","-0,22%"
"13.02.2024","2.142,09","2.142,09","2.142,09","2.142,09","","-2,33%"
"12.02.2024","2.193,08","2.193,08","2.193,08","2.193,08","","1,53%"
"09.02.2024","2.160,06","2.160,06","2.160,06","2.160,06","","-1,37%"
"08.02.2024","2.190,08","2.190,08","2.190,08","2.190,08","","-0,33%"
"07.02.2024","2.197,31","2.197,31","2.197,31","2.197,31","","-0,56%"
"06.02.2024","2.209,68","2.209,68","2.209,68","2.209,68","","0,22%"
"05.02.2024","2.204,85","2.204,85","2.204,85","2.204,85","","-0,91%"
"02.02.2024","2.225,13","2.225,13","2.225,13","2.225,13","","-0,68%"
"01.02.2024","2.240,41","2.240,41","2.240,41","2.240,41","","-2,01%"
"31.01.2024","2.286,29","2.286,29","2.286,29","2.286,29","","0,92%"
"30.01.2024","2.265,39","2.265,39","2.265,39","2.265,39","","-0,29%"
"29.01.2024","2.272,04","2.272,04","2.272,04","2.272,04","","1,00%"
"26.01.2024","2.249,64","2.249,64","2.249,64","2.249,64","","0,49%"
"25.01.2024","2.238,77","2.238,77","2.238,77","2.238,77","","0,47%"
"24.01.2024","2.228,19","2.228,19","2.228,19","2.228,19","","1,88%"
"23.01.2024","2.187,12","2.187,12","2.187,12","2.187,12","","-1,28%"
"22.01.2024","2.215,59","2.215,59","2.215,59","2.215,59","","1,14%"
"19.01.2024","2.190,66","2.190,66","2.190,66","2.190,66","","-0,22%"
"18.01.2024","2.195,42","2.195,42","2.195,42","2.195,42","","-0,05%"
"17.01.2024","2.196,60","2.196,60","2.196,60","2.196,60","","-2,74%"
"16.01.2024","2.258,50","2.258,50","2.258,50","2.258,50","","-0,82%"
"15.01.2024","2.277,27","2.277,27","2.277,27","2.277,27","","-0,80%"
"12.01.2024","2.295,61","2.295,61","2.295,61","2.295,61","","1,47%"
"11.01.2024","2.262,40","2.262,40","2.262,40","2.262,40","","-1,30%"
"10.01.2024","2.292,26","2.292,26","2.292,26","2.292,26","","0,31%"
"09.01.2024","2.285,21","2.285,21","2.285,21","2.285,21","","-0,74%"
"08.01.2024","2.302,23","2.302,23","2.302,23","2.302,23","","0,50%"
"05.01.2024","2.290,78","2.290,78","2.290,78","2.290,78","","-0,64%"
"04.01.2024","2.305,48","2.305,48","2.305,48","2.305,48","","0,32%"
"03.01.2024","2.298,18","2.298,18","2.298,18","2.298,18","","-1,53%"
"02.01.2024","2.333,93","2.333,93","2.333,93","2.333,93","","-0,88%"
"29.12.2023","2.354,69","2.354,69","2.354,69","2.354,69","","-0,70%"
"28.12.2023","2.371,28","2.371,28","2.371,28","2.371,28","","-0,11%"
"27.12.2023","2.373,96","2.373,96","2.373,96","2.373,96","","0,92%"
"26.12.2023","2.352,43","2.352,43","2.352,43","2.352,43","","-0,12%"
"25.12.2023","2.355,28","2.355,28","2.355,28","2.355,28","","0,00%"
"22.12.2023","2.355,28","2.355,28","2.355,28","2.355,28","","0,69%"
"21.12.2023","2.339,10","2.339,10","2.339,10","2.339,10","","-0,77%"
"20.12.2023","2.357,22","2.357,22","2.357,22","2.357,22","","1,14%"
"19.12.2023","2.330,68","2.330,68","2.330,68","2.330,68","","0,51%"
"18.12.2023","2.318,94","2.318,94","2.318,94","2.318,94","","-0,14%"
"15.12.2023","2.322,22","2.322,22","2.322,22","2.322,22","","-0,78%"
"14.12.2023","2.340,45","2.340,45","2.340,45","2.340,45","","5,43%"
"13.12.2023","2.219,83","2.219,83","2.219,83","2.219,83","","0,59%"
"12.12.2023","2.206,76","2.206,76","2.206,76","2.206,76","","-0,99%"
"11.12.2023","2.228,89","2.228,89","2.228,89","2.228,89","","0,82%"
"08.12.2023","2.210,67","2.210,67","2.210,67","2.210,67","","-0,89%"
"07.12.2023","2.230,46","2.230,46","2.230,46","2.230,46","","-0,45%"
"06.12.2023","2.240,61","2.240,61","2.240,61","2.240,61","","1,01%"
"05.12.2023","2.218,12","2.218,12","2.218,12","2.218,12","","1,65%"
"04.12.2023","2.182,03","2.182,03","2.182,03","2.182,03","","0,03%"
"01.12.2023","2.181,43","2.181,43","2.181,43","2.181,43","","2,41%"
"30.11.2023","2.130,00","2.130,00","2.130,00","2.130,00","","-0,63%"
"29.11.2023","2.143,51","2.143,51","2.143,51","2.143,51","","1,43%"
"28.11.2023","2.113,19","2.113,19","2.113,19","2.113,19","","-0,63%"
"27.11.2023","2.126,51","2.126,51","2.126,51","2.126,51","","0,93%"
"24.11.2023","2.106,89","2.106,89","2.106,89","2.106,89","","0,00%"
"23.11.2023","2.106,98","2.106,98","2.106,98","2.106,98","","0,17%"
"22.11.2023","2.103,43","2.103,43","2.103,43","2.103,43","","1,44%"
"21.11.2023","2.073,48","2.073,48","2.073,48","2.073,48","","-2,33%"
"20.11.2023","2.123,03","2.123,03","2.123,03","2.123,03","","0,79%"
"17.11.2023","2.106,31","2.106,31","2.106,31","2.106,31","","1,64%"
"16.11.2023","2.072,28","2.072,28","2.072,28","2.072,28","","-1,25%"
"15.11.2023","2.098,44","2.098,44","2.098,44","2.098,44","","-1,31%"
"14.11.2023","2.126,31","2.126,31","2.126,31","2.126,31","","6,99%"
"13.11.2023","1.987,32","1.987,32","1.987,32","1.987,32","","-0,31%"
"10.11.2023","1.993,49","1.993,49","1.993,49","1.993,49","","-1,21%"
"09.11.2023","2.017,92","2.017,92","2.017,92","2.017,92","","1,65%"
"08.11.2023","1.985,11","1.985,11","1.985,11","1.985,11","","-0,66%"
"07.11.2023","1.998,23","1.998,23","1.998,23","1.998,23","","0,44%"
"06.11.2023","1.989,51","1.989,51","1.989,51","1.989,51","","-2,86%"
"03.11.2023","2.047,99","2.047,99","2.047,99","2.047,99","","2,99%"
"02.11.2023","1.988,47","1.988,47","1.988,47","1.988,47","","5,45%"
"01.11.2023","1.885,69","1.885,69","1.885,69","1.885,69","","0,83%"
"31.10.2023","1.870,22","1.870,22","1.870,22","1.870,22","","2,70%"
"30.10.2023","1.820,98","1.820,98","1.820,98","1.820,98","","0,13%"
"27.10.2023","1.818,57","1.818,57","1.818,57","1.818,57","","0,94%"
"26.10.2023","1.801,71","1.801,71","1.801,71","1.801,71","","0,42%"
"25.10.2023","1.794,21","1.794,21","1.794,21","1.794,21","","-1,95%"
"24.10.2023","1.829,81","1.829,81","1.829,81","1.829,81","","0,96%"
"23.10.2023","1.812,50","1.812,50","1.812,50","1.812,50","","-0,66%"
"20.10.2023","1.824,61","1.824,61","1.824,61","1.824,61","","0,04%"
"19.10.2023","1.823,80","1.823,80","1.823,80","1.823,80","","-2,33%"
"18.10.2023","1.867,26","1.867,26","1.867,26","1.867,26","","-2,11%"
"17.10.2023","1.907,44","1.907,44","1.907,44","1.907,44","","-0,39%"
"16.10.2023","1.914,98","1.914,98","1.914,98","1.914,98","","0,33%"
"13.10.2023","1.908,63","1.908,63","1.908,63","1.908,63","","-1,65%"
"12.10.2023","1.940,64","1.940,64","1.940,64","1.940,64","","-1,04%"
"11.10.2023","1.961,03","1.961,03","1.961,03","1.961,03","","1,16%"
"10.10.2023","1.938,60","1.938,60","1.938,60","1.938,60","","1,83%"
"09.10.2023","1.903,85","1.903,85","1.903,85","1.903,85","","-0,03%"
"06.10.2023","1.904,48","1.904,48","1.904,48","1.904,48","","0,70%"
"05.10.2023","1.891,25","1.891,25","1.891,25","1.891,25","","0,84%"
"04.10.2023","1.875,55","1.875,55","1.875,55","1.875,55","","-0,12%"
"03.10.2023","1.877,81","1.877,81","1.877,81","1.877,81","","-2,40%"
"02.10.2023","1.924,05","1.924,05","1.924,05","1.924,05","","-0,72%"
"29.09.2023","1.938,10","1.938,10","1.938,10","1.938,10","","2,71%"
"28.09.2023","1.886,97","1.886,97","1.886,97","1.886,97","","-0,57%"
"27.09.2023","1.897,83","1.897,83","1.897,83","1.897,83","","-1,88%"
"26.09.2023","1.934,25","1.934,25","1.934,25","1.934,25","","-2,01%"
"25.09.2023","1.974,00","1.974,00","1.974,00","1.974,00","","-0,35%"
"22.09.2023","1.981,03","1.981,03","1.981,03","1.981,03","","-0,76%"
"21.09.2023","1.996,11","1.996,11","1.996,11","1.996,11","","-0,97%"
"20.09.2023","2.015,59","2.015,59","2.015,59","2.015,59","","2,07%"
"19.09.2023","1.974,67","1.974,67","1.974,67","1.974,67","","0,88%"
"18.09.2023","1.957,53","1.957,53","1.957,53","1.957,53","","-2,38%"
"15.09.2023","2.005,28","2.005,28","2.005,28","2.005,28","","-1,74%"
"14.09.2023","2.040,79","2.040,79","2.040,79","2.040,79","","2,81%"
"13.09.2023","1.984,99","1.984,99","1.984,99","1.984,99","","0,44%"
"12.09.2023","1.976,31","1.976,31","1.976,31","1.976,31","","-1,16%"
"11.09.2023","1.999,54","1.999,54","1.999,54","1.999,54","","1,19%"
"08.09.2023","1.976,08","1.976,08","1.976,08","1.976,08","","-0,15%"
"07.09.2023","1.979,05","1.979,05","1.979,05","1.979,05","","-0,61%"
"06.09.2023","1.991,19","1.991,19","1.991,19","1.991,19","","0,68%"
"05.09.2023","1.977,68","1.977,68","1.977,68","1.977,68","","-0,28%"
"04.09.2023","1.983,30","1.983,30","1.983,30","1.983,30","","-0,07%"
"01.09.2023","1.984,78","1.984,78","1.984,78","1.984,78","","-1,25%"
"31.08.2023","2.009,92","2.009,92","2.009,92","2.009,92","","1,58%"
"30.08.2023","1.978,75","1.978,75","1.978,75","1.978,75","","0,39%"
"29.08.2023","1.971,13","1.971,13","1.971,13","1.971,13","","1,30%"
"28.08.2023","1.945,75","1.945,75","1.945,75","1.945,75","","0,67%"
"25.08.2023","1.932,77","1.932,77","1.932,77","1.932,77","","-0,29%"
"24.08.2023","1.938,35","1.938,35","1.938,35","1.938,35","","-0,11%"
"23.08.2023","1.940,54","1.940,54","1.940,54","1.940,54","","2,05%"
"22.08.2023","1.901,65","1.901,65","1.901,65","1.901,65","","1,95%"
"21.08.2023","1.865,21","1.865,21","1.865,21","1.865,21","","-2,02%"
"18.08.2023","1.903,60","1.903,60","1.903,60","1.903,60","","-1,77%"
"17.08.2023","1.937,81","1.937,81","1.937,81","1.937,81","","-1,23%"
"16.08.2023","1.961,85","1.961,85","1.961,85","1.961,85","","-0,04%"
"15.08.2023","1.962,64","1.962,64","1.962,64","1.962,64","","-0,86%"
"14.08.2023","1.979,76","1.979,76","1.979,76","1.979,76","","-0,31%"
"11.08.2023","1.985,98","1.985,98","1.985,98","1.985,98","","-2,02%"
"10.08.2023","2.027,02","2.027,02","2.027,02","2.027,02","","1,55%"
"09.08.2023","1.996,14","1.996,14","1.996,14","1.996,14","","0,85%"
"08.08.2023","1.979,28","1.979,28","1.979,28","1.979,28","","-0,11%"
"07.08.2023","1.981,44","1.981,44","1.981,44","1.981,44","","-0,58%"
"04.08.2023","1.993,01","1.993,01","1.993,01","1.993,01","","0,39%"
"03.08.2023","1.985,22","1.985,22","1.985,22","1.985,22","","0,32%"
"02.08.2023","1.978,83","1.978,83","1.978,83","1.978,83","","-1,17%"
"01.08.2023","2.002,20","2.002,20","2.002,20","2.002,20","","-1,31%"
"31.07.2023","2.028,77","2.028,77","2.028,77","2.028,77","","0,37%"
"28.07.2023","2.021,33","2.021,33","2.021,33","2.021,33","","-1,01%"
"27.07.2023","2.041,90","2.041,90","2.041,90","2.041,90","","-0,24%"
"26.07.2023","2.046,82","2.046,82","2.046,82","2.046,82","","0,69%"
"25.07.2023","2.032,81","2.032,81","2.032,81","2.032,81","","0,24%"
"24.07.2023","2.027,99","2.027,99","2.027,99","2.027,99","","-0,35%"
"21.07.2023","2.035,12","2.035,12","2.035,12","2.035,12","","0,03%"
"20.07.2023","2.034,43","2.034,43","2.034,43","2.034,43","","-0,36%"
"19.07.2023","2.041,76","2.041,76","2.041,76","2.041,76","","4,16%"
"18.07.2023","1.960,20","1.960,20","1.960,20","1.960,20","","1,29%"
"17.07.2023","1.935,25","1.935,25","1.935,25","1.935,25","","-1,35%"
"14.07.2023","1.961,69","1.961,69","1.961,69","1.961,69","","-0,63%"
"13.07.2023","1.974,11","1.974,11","1.974,11","1.974,11","","0,44%"
"12.07.2023","1.965,48","1.965,48","1.965,48","1.965,48","","2,97%"
"11.07.2023","1.908,85","1.908,85","1.908,85","1.908,85","","2,66%"
"10.07.2023","1.859,34","1.859,34","1.859,34","1.859,34","","-0,71%"
"07.07.2023","1.872,57","1.872,57","1.872,57","1.872,57","","0,41%"
"06.07.2023","1.864,94","1.864,94","1.864,94","1.864,94","","-3,85%"
"05.07.2023","1.939,54","1.939,54","1.939,54","1.939,54","","-0,13%"
"04.07.2023","1.942,11","1.942,11","1.942,11","1.942,11","","2,86%"
"03.07.2023","1.888,03","1.888,03","1.888,03","1.888,03","","1,54%"
"30.06.2023","1.859,42","1.859,42","1.859,42","1.859,42","","1,48%"
"29.06.2023","1.832,24","1.832,24","1.832,24","1.832,24","","-1,16%"
"28.06.2023","1.853,68","1.853,68","1.853,68","1.853,68","","1,81%"
"27.06.2023","1.820,66","1.820,66","1.820,66","1.820,66","","0,25%"
"26.06.2023","1.816,20","1.816,20","1.816,20","1.816,20","","-0,05%"
"23.06.2023","1.817,13","1.817,13","1.817,13","1.817,13","","-1,51%"
"22.06.2023","1.844,99","1.844,99","1.844,99","1.844,99","","-1,11%"
"21.06.2023","1.865,63","1.865,63","1.865,63","1.865,63","","-1,40%"
"20.06.2023","1.892,16","1.892,16","1.892,16","1.892,16","","-0,82%"
"19.06.2023","1.907,87","1.907,87","1.907,87","1.907,87","","-1,90%"
"16.06.2023","1.944,81","1.944,81","1.944,81","1.944,81","","0,58%"
"15.06.2023","1.933,52","1.933,52","1.933,52","1.933,52","","-0,86%"
"14.06.2023","1.950,22","1.950,22","1.950,22","1.950,22","","0,74%"
"13.06.2023","1.935,88","1.935,88","1.935,88","1.935,88","","-1,34%"
"12.06.2023","1.962,21","1.962,21","1.962,21","1.962,21","","-1,11%"
"09.06.2023","1.984,33","1.984,33","1.984,33","1.984,33","","0,85%"
"08.06.2023","1.967,54","1.967,54","1.967,54","1.967,54","","-0,79%"
"07.06.2023","1.983,29","1.983,29","1.983,29","1.983,29","","0,35%"
"06.06.2023","1.976,37","1.976,37","1.976,37","1.976,37","","0,70%"
"05.06.2023","1.962,65","1.962,65","1.962,65","1.962,65","","-0,17%"
"02.06.2023","1.965,95","1.965,95","1.965,95","1.965,95","","3,90%"
"01.06.2023","1.892,16","1.892,16","1.892,16","1.892,16","","0,36%"
"31.05.2023","1.885,33","1.885,33","1.885,33","1.885,33","","-0,02%"
"30.05.2023","1.885,75","1.885,75","1.885,75","1.885,75","","0,22%"
"29.05.2023","1.881,70","1.881,70","1.881,70","1.881,70","","-0,17%"
"26.05.2023","1.884,90","1.884,90","1.884,90","1.884,90","","-0,25%"
"25.05.2023","1.889,61","1.889,61","1.889,61","1.889,61","","-1,47%"
"24.05.2023","1.917,73","1.917,73","1.917,73","1.917,73","","-2,66%"
"23.05.2023","1.970,23","1.970,23","1.970,23","1.970,23","","1,78%"
"22.05.2023","1.935,82","1.935,82","1.935,82","1.935,82","","0,27%"
"19.05.2023","1.930,67","1.930,67","1.930,67","1.930,67","","0,64%"
"18.05.2023","1.918,34","1.918,34","1.918,34","1.918,34","","-1,11%"
"17.05.2023","1.939,88","1.939,88","1.939,88","1.939,88","","-0,90%"
"16.05.2023","1.957,50","1.957,50","1.957,50","1.957,50","","-0,32%"
"15.05.2023","1.963,71","1.963,71","1.963,71","1.963,71","","1,92%"
"12.05.2023","1.926,73","1.926,73","1.926,73","1.926,73","","-1,51%"
"11.05.2023","1.956,29","1.956,29","1.956,29","1.956,29","","0,15%"
"10.05.2023","1.953,33","1.953,33","1.953,33","1.953,33","","0,59%"
"09.05.2023","1.941,95","1.941,95","1.941,95","1.941,95","","-2,50%"
"08.05.2023","1.991,68","1.991,68","1.991,68","1.991,68","","-0,60%"
"05.05.2023","2.003,61","2.003,61","2.003,61","2.003,61","","0,95%"
"04.05.2023","1.984,74","1.984,74","1.984,74","1.984,74","","0,05%"
"03.05.2023","1.983,71","1.983,71","1.983,71","1.983,71","","0,01%"
"02.05.2023","1.983,50","1.983,50","1.983,50","1.983,50","","-2,71%"
"01.05.2023","2.038,83","2.038,83","2.038,83","2.038,83","","0,04%"
"28.04.2023","2.038,04","2.038,04","2.038,04","2.038,04","","1,87%"
"27.04.2023","2.000,67","2.000,67","2.000,67","2.000,67","","0,96%"
"26.04.2023","1.981,67","1.981,67","1.981,67","1.981,67","","0,43%"
"25.04.2023","1.973,18","1.973,18","1.973,18","1.973,18","","-0,82%"
"24.04.2023","1.989,43","1.989,43","1.989,43","1.989,43","","-0,30%"
"21.04.2023","1.995,50","1.995,50","1.995,50","1.995,50","","0,17%"
"20.04.2023","1.992,05","1.992,05","1.992,05","1.992,05","","-0,36%"
"19.04.2023","1.999,28","1.999,28","1.999,28","1.999,28","","-0,94%"
"18.04.2023","2.018,23","2.018,23","2.018,23","2.018,23","","-0,65%"
"17.04.2023","2.031,36","2.031,36","2.031,36","2.031,36","","0,53%"
"14.04.2023","2.020,55","2.020,55","2.020,55","2.020,55","","1,83%"
"13.04.2023","1.984,25","1.984,25","1.984,25","1.984,25","","-0,27%"
"12.04.2023","1.989,56","1.989,56","1.989,56","1.989,56","","1,19%"
"11.04.2023","1.966,24","1.966,24","1.966,24","1.966,24","","0,72%"
"10.04.2023","1.952,23","1.952,23","1.952,23","1.952,23","","0,00%"
"07.04.2023","1.952,28","1.952,28","1.952,28","1.952,28","","0,00%"
"06.04.2023","1.952,28","1.952,28","1.952,28","1.952,28","","2,69%"
"05.04.2023","1.901,19","1.901,19","1.901,19","1.901,19","","-1,92%"
"04.04.2023","1.938,35","1.938,35","1.938,35","1.938,35","","0,45%"
"03.04.2023","1.929,75","1.929,75","1.929,75","1.929,75","","0,04%"
"31.03.2023","1.928,96","1.928,96","1.928,96","1.928,96","","0,64%"
"30.03.2023","1.916,67","1.916,67","1.916,67","1.916,67","","3,58%"
"29.03.2023","1.850,43","1.850,43","1.850,43","1.850,43","","2,35%"
"28.03.2023","1.807,96","1.807,96","1.807,96","1.807,96","","-2,35%"
"27.03.2023","1.851,42","1.851,42","1.851,42","1.851,42","","0,33%"
"24.03.2023","1.845,35","1.845,35","1.845,35","1.845,35","","-2,45%"
"23.03.2023","1.891,68","1.891,68","1.891,68","1.891,68","","0,11%"
"22.03.2023","1.889,57","1.889,57","1.889,57","1.889,57","","-3,61%"
"21.03.2023","1.960,32","1.960,32","1.960,32","1.960,32","","-0,73%"
"20.03.2023","1.974,74","1.974,74","1.974,74","1.974,74","","0,98%"
"17.03.2023","1.955,57","1.955,57","1.955,57","1.955,57","","-1,88%"
"16.03.2023","1.993,10","1.993,10","1.993,10","1.993,10","","-1,44%"
"15.03.2023","2.022,16","2.022,16","2.022,16","2.022,16","","-0,80%"
"14.03.2023","2.038,52","2.038,52","2.038,52","2.038,52","","1,90%"
"13.03.2023","2.000,60","2.000,60","2.000,60","2.000,60","","-0,15%"
"10.03.2023","2.003,60","2.003,60","2.003,60","2.003,60","","-1,34%"
"09.03.2023","2.030,84","2.030,84","2.030,84","2.030,84","","-3,17%"
"08.03.2023","2.097,27","2.097,27","2.097,27","2.097,27","","-1,07%"
"07.03.2023","2.120,02","2.120,02","2.120,02","2.120,02","","-2,12%"
"06.03.2023","2.165,98","2.165,98","2.165,98","2.165,98","","1,51%"
"03.03.2023","2.133,83","2.133,83","2.133,83","2.133,83","","0,92%"
"02.03.2023","2.114,39","2.114,39","2.114,39","2.114,39","","0,50%"
"01.03.2023","2.103,78","2.103,78","2.103,78","2.103,78","","-3,46%"
"28.02.2023","2.179,29","2.179,29","2.179,29","2.179,29","","0,25%"
"27.02.2023","2.173,87","2.173,87","2.173,87","2.173,87","","1,44%"
"24.02.2023","2.142,96","2.142,96","2.142,96","2.142,96","","-1,65%"
"23.02.2023","2.179,00","2.179,00","2.179,00","2.179,00","","0,91%"
"22.02.2023","2.159,26","2.159,26","2.159,26","2.159,26","","-0,99%"
"21.02.2023","2.180,86","2.180,86","2.180,86","2.180,86","","-1,50%"
"20.02.2023","2.214,05","2.214,05","2.214,05","2.214,05","","-0,15%"
"17.02.2023","2.217,43","2.217,43","2.217,43","2.217,43","","0,25%"
"16.02.2023","2.211,79","2.211,79","2.211,79","2.211,79","","-0,40%"
"15.02.2023","2.220,64","2.220,64","2.220,64","2.220,64","","-1,21%"
"14.02.2023","2.247,91","2.247,91","2.247,91","2.247,91","","0,04%"
"13.02.2023","2.247,03","2.247,03","2.247,03","2.247,03","","0,35%"
"10.02.2023","2.239,15","2.239,15","2.239,15","2.239,15","","-0,95%"
"09.02.2023","2.260,73","2.260,73","2.260,73","2.260,73","","0,18%"
"08.02.2023","2.256,77","2.256,77","2.256,77","2.256,77","","0,85%"
"07.02.2023","2.237,73","2.237,73","2.237,73","2.237,73","","-0,91%"
"06.02.2023","2.258,26","2.258,26","2.258,26","2.258,26","","-1,85%"
"03.02.2023","2.300,90","2.300,90","2.300,90","2.300,90","","-2,20%"
"02.02.2023","2.352,73","2.352,73","2.352,73","2.352,73","","6,31%"
"01.02.2023","2.213,14","2.213,14","2.213,14","2.213,14","","0,44%"
"31.01.2023","2.203,42","2.203,42","2.203,42","2.203,42","","-1,28%"
"30.01.2023","2.232,00","2.232,00","2.232,00","2.232,00","","-1,08%"
"27.01.2023","2.256,26","2.256,26","2.256,26","2.256,26","","1,21%"
"26.01.2023","2.229,28","2.229,28","2.229,28","2.229,28","","0,00%"
"25.01.2023","2.229,25","2.229,25","2.229,25","2.229,25","","-0,23%"
"24.01.2023","2.234,41","2.234,41","2.234,41","2.234,41","","-0,27%"
"23.01.2023","2.240,56","2.240,56","2.240,56","2.240,56","","1,29%"
"20.01.2023","2.212,00","2.212,00","2.212,00","2.212,00","","0,12%"
"19.01.2023","2.209,33","2.209,33","2.209,33","2.209,33","","-1,79%"
"18.01.2023","2.249,62","2.249,62","2.249,62","2.249,62","","-1,18%"
"17.01.2023","2.276,37","2.276,37","2.276,37","2.276,37","","-0,19%"
"16.01.2023","2.280,71","2.280,71","2.280,71","2.280,71","","1,99%"
"13.01.2023","2.236,11","2.236,11","2.236,11","2.236,11","","-0,17%"
"12.01.2023","2.239,87","2.239,87","2.239,87","2.239,87","","1,73%"
"11.01.2023","2.201,86","2.201,86","2.201,86","2.201,86","","2,94%"
"10.01.2023","2.138,98","2.138,98","2.138,98","2.138,98","","-1,01%"
"09.01.2023","2.160,78","2.160,78","2.160,78","2.160,78","","1,64%"
"06.01.2023","2.125,86","2.125,86","2.125,86","2.125,86","","0,61%"
"05.01.2023","2.112,96","2.112,96","2.112,96","2.112,96","","-1,49%"
"04.01.2023","2.144,98","2.144,98","2.144,98","2.144,98","","2,17%"
"03.01.2023","2.099,32","2.099,32","2.099,32","2.099,32","","1,99%"
"02.01.2023","2.058,33","2.058,33","2.058,33","2.058,33","","1,71%"
"30.12.2022","2.023,65","2.023,65","2.023,65","2.023,65","","-1,21%"
"29.12.2022","2.048,52","2.048,52","2.048,52","2.048,52","","1,25%"
"28.12.2022","2.023,31","2.023,31","2.023,31","2.023,31","","0,36%"
"27.12.2022","2.016,14","2.016,14","2.016,14","2.016,14","","-0,31%"
"23.12.2022","2.022,50","2.022,50","2.022,50","2.022,50","","0,75%"
"22.12.2022","2.007,38","2.007,38","2.007,38","2.007,38","","-0,77%"
"21.12.2022","2.023,02","2.023,02","2.023,02","2.023,02","","2,82%"
"20.12.2022","1.967,62","1.967,62","1.967,62","1.967,62","","-2,02%"
"19.12.2022","2.008,28","2.008,28","2.008,28","2.008,28","","-0,30%"
"16.12.2022","2.014,29","2.014,29","2.014,29","2.014,29","","-4,38%"
"15.12.2022","2.106,50","2.106,50","2.106,50","2.106,50","","-2,46%"
"14.12.2022","2.159,54","2.159,54","2.159,54","2.159,54","","1,20%"
"13.12.2022","2.133,88","2.133,88","2.133,88","2.133,88","","2,82%"
"12.12.2022","2.075,38","2.075,38","2.075,38","2.075,38","","-1,31%"
"09.12.2022","2.102,86","2.102,86","2.102,86","2.102,86","","1,02%"
"08.12.2022","2.081,55","2.081,55","2.081,55","2.081,55","","-0,08%"
"07.12.2022","2.083,18","2.083,18","2.083,18","2.083,18","","-0,84%"
"06.12.2022","2.100,90","2.100,90","2.100,90","2.100,90","","-0,60%"
"05.12.2022","2.113,56","2.113,56","2.113,56","2.113,56","","0,39%"
"02.12.2022","2.105,27","2.105,27","2.105,27","2.105,27","","1,24%"
"01.12.2022","2.079,45","2.079,45","2.079,45","2.079,45","","1,16%"
"30.11.2022","2.055,68","2.055,68","2.055,68","2.055,68","","-1,50%"
"29.11.2022","2.087,00","2.087,00","2.087,00","2.087,00","","-0,87%"
"28.11.2022","2.105,42","2.105,42","2.105,42","2.105,42","","-1,34%"
"25.11.2022","2.133,93","2.133,93","2.133,93","2.133,93","","-0,95%"
"24.11.2022","2.154,39","2.154,39","2.154,39","2.154,39","","2,48%"
"23.11.2022","2.102,20","2.102,20","2.102,20","2.102,20","","-0,28%"
"22.11.2022","2.108,11","2.108,11","2.108,11","2.108,11","","-0,44%"
"21.11.2022","2.117,36","2.117,36","2.117,36","2.117,36","","-0,14%"
"18.11.2022","2.120,36","2.120,36","2.120,36","2.120,36","","1,56%"
"17.11.2022","2.087,82","2.087,82","2.087,82","2.087,82","","-0,71%"
"16.11.2022","2.102,79","2.102,79","2.102,79","2.102,79","","-2,44%"
"15.11.2022","2.155,43","2.155,43","2.155,43","2.155,43","","0,15%"
"14.11.2022","2.152,21","2.152,21","2.152,21","2.152,21","","-1,29%"
"11.11.2022","2.180,37","2.180,37","2.180,37","2.180,37","","0,70%"
"10.11.2022","2.165,13","2.165,13","2.165,13","2.165,13","","5,89%"
"09.11.2022","2.044,72","2.044,72","2.044,72","2.044,72","","0,19%"
"08.11.2022","2.040,86","2.040,86","2.040,86","2.040,86","","0,45%"
"07.11.2022","2.031,80","2.031,80","2.031,80","2.031,80","","1,06%"
"04.11.2022","2.010,58","2.010,58","2.010,58","2.010,58","","2,04%"
"03.11.2022","1.970,40","1.970,40","1.970,40","1.970,40","","-2,84%"
"02.11.2022","2.028,08","2.028,08","2.028,08","2.028,08","","-1,16%"
"01.11.2022","2.051,93","2.051,93","2.051,93","2.051,93","","2,26%"
"31.10.2022","2.006,61","2.006,61","2.006,61","2.006,61","","0,63%"
"28.10.2022","1.994,01","1.994,01","1.994,01","1.994,01","","-1,74%"
"27.10.2022","2.029,31","2.029,31","2.029,31","2.029,31","","2,55%"
"26.10.2022","1.978,90","1.978,90","1.978,90","1.978,90","","-0,24%"
"25.10.2022","1.983,74","1.983,74","1.983,74","1.983,74","","5,04%"
"24.10.2022","1.888,63","1.888,63","1.888,63","1.888,63","","1,46%"
"21.10.2022","1.861,43","1.861,43","1.861,43","1.861,43","","-1,61%"
"20.10.2022","1.891,82","1.891,82","1.891,82","1.891,82","","1,76%"
"19.10.2022","1.859,18","1.859,18","1.859,18","1.859,18","","-2,59%"
"18.10.2022","1.908,56","1.908,56","1.908,56","1.908,56","","-0,68%"
"17.10.2022","1.921,63","1.921,63","1.921,63","1.921,63","","3,98%"
"14.10.2022","1.847,99","1.847,99","1.847,99","1.847,99","","3,45%"
"13.10.2022","1.786,41","1.786,41","1.786,41","1.786,41","","0,55%"
"12.10.2022","1.776,56","1.776,56","1.776,56","1.776,56","","-2,39%"
"11.10.2022","1.819,99","1.819,99","1.819,99","1.819,99","","-0,19%"
"10.10.2022","1.823,54","1.823,54","1.823,54","1.823,54","","-1,47%"
"07.10.2022","1.850,83","1.850,83","1.850,83","1.850,83","","-2,16%"
"06.10.2022","1.891,71","1.891,71","1.891,71","1.891,71","","0,92%"
"05.10.2022","1.874,43","1.874,43","1.874,43","1.874,43","","-4,18%"
"04.10.2022","1.956,13","1.956,13","1.956,13","1.956,13","","0,13%"
"03.10.2022","1.953,59","1.953,59","1.953,59","1.953,59","","0,92%"
"30.09.2022","1.935,73","1.935,73","1.935,73","1.935,73","","5,26%"
"29.09.2022","1.838,98","1.838,98","1.838,98","1.838,98","","-2,12%"
"28.09.2022","1.878,76","1.878,76","1.878,76","1.878,76","","3,50%"
"27.09.2022","1.815,18","1.815,18","1.815,18","1.815,18","","-3,75%"
"26.09.2022","1.885,93","1.885,93","1.885,93","1.885,93","","-3,07%"
"23.09.2022","1.945,75","1.945,75","1.945,75","1.945,75","","-3,39%"
"22.09.2022","2.013,95","2.013,95","2.013,95","2.013,95","","-4,21%"
"21.09.2022","2.102,56","2.102,56","2.102,56","2.102,56","","0,83%"
"20.09.2022","2.085,25","2.085,25","2.085,25","2.085,25","","-4,03%"
"19.09.2022","2.172,81","2.172,81","2.172,81","2.172,81","","-1,21%"
"16.09.2022","2.199,46","2.199,46","2.199,46","2.199,46","","0,34%"
"15.09.2022","2.191,96","2.191,96","2.191,96","2.191,96","","-1,03%"
"14.09.2022","2.214,81","2.214,81","2.214,81","2.214,81","","-1,90%"
"13.09.2022","2.257,75","2.257,75","2.257,75","2.257,75","","-3,63%"
"12.09.2022","2.342,76","2.342,76","2.342,76","2.342,76","","2,44%"
"09.09.2022","2.287,06","2.287,06","2.287,06","2.287,06","","1,35%"
"08.09.2022","2.256,55","2.256,55","2.256,55","2.256,55","","-0,83%"
"07.09.2022","2.275,45","2.275,45","2.275,45","2.275,45","","-0,61%"
"06.09.2022","2.289,40","2.289,40","2.289,40","2.289,40","","0,83%"
"05.09.2022","2.270,66","2.270,66","2.270,66","2.270,66","","-1,17%"
"02.09.2022","2.297,60","2.297,60","2.297,60","2.297,60","","2,03%"
"01.09.2022","2.251,81","2.251,81","2.251,81","2.251,81","","-3,06%"
"31.08.2022","2.322,86","2.322,86","2.322,86","2.322,86","","-0,65%"
"30.08.2022","2.338,11","2.338,11","2.338,11","2.338,11","","-0,50%"
"29.08.2022","2.349,76","2.349,76","2.349,76","2.349,76","","-0,36%"
"26.08.2022","2.358,34","2.358,34","2.358,34","2.358,34","","-2,28%"
"25.08.2022","2.413,38","2.413,38","2.413,38","2.413,38","","-0,09%"
"24.08.2022","2.415,65","2.415,65","2.415,65","2.415,65","","-0,33%"
"23.08.2022","2.423,63","2.423,63","2.423,63","2.423,63","","-1,06%"
"22.08.2022","2.449,71","2.449,71","2.449,71","2.449,71","","-1,23%"
"19.08.2022","2.480,17","2.480,17","2.480,17","2.480,17","","-2,79%"
"18.08.2022","2.551,26","2.551,26","2.551,26","2.551,26","","0,73%"
"17.08.2022","2.532,66","2.532,66","2.532,66","2.532,66","","-2,88%"
"16.08.2022","2.607,66","2.607,66","2.607,66","2.607,66","","-0,86%"
"15.08.2022","2.630,36","2.630,36","2.630,36","2.630,36","","-0,25%"
"12.08.2022","2.636,85","2.636,85","2.636,85","2.636,85","","1,45%"
"11.08.2022","2.599,18","2.599,18","2.599,18","2.599,18","","-0,52%"
"10.08.2022","2.612,76","2.612,76","2.612,76","2.612,76","","3,30%"
"09.08.2022","2.529,31","2.529,31","2.529,31","2.529,31","","-1,13%"
"08.08.2022","2.558,24","2.558,24","2.558,24","2.558,24","","1,70%"
"05.08.2022","2.515,57","2.515,57","2.515,57","2.515,57","","-1,31%"
"04.08.2022","2.548,89","2.548,89","2.548,89","2.548,89","","-1,18%"
"03.08.2022","2.579,28","2.579,28","2.579,28","2.579,28","","0,95%"
"02.08.2022","2.555,09","2.555,09","2.555,09","2.555,09","","-0,73%"
"01.08.2022","2.573,96","2.573,96","2.573,96","2.573,96","","-1,19%"
"29.07.2022","2.604,95","2.604,95","2.604,95","2.604,95","","2,00%"
"28.07.2022","2.553,90","2.553,90","2.553,90","2.553,90","","2,63%"
"27.07.2022","2.488,56","2.488,56","2.488,56","2.488,56","","-0,83%"
"26.07.2022","2.509,37","2.509,37","2.509,37","2.509,37","","-0,85%"
"25.07.2022","2.530,86","2.530,86","2.530,86","2.530,86","","-1,21%"
"22.07.2022","2.561,84","2.561,84","2.561,84","2.561,84","","3,87%"
"21.07.2022","2.466,29","2.466,29","2.466,29","2.466,29","","0,28%"
"20.07.2022","2.459,43","2.459,43","2.459,43","2.459,43","","0,29%"
"19.07.2022","2.452,28","2.452,28","2.452,28","2.452,28","","1,36%"
"18.07.2022","2.419,29","2.419,29","2.419,29","2.419,29","","1,32%"
"15.07.2022","2.387,82","2.387,82","2.387,82","2.387,82","","2,33%"
"14.07.2022","2.333,47","2.333,47","2.333,47","2.333,47","","-2,03%"
"13.07.2022","2.381,72","2.381,72","2.381,72","2.381,72","","-0,09%"
"12.07.2022","2.383,92","2.383,92","2.383,92","2.383,92","","0,94%"
"11.07.2022","2.361,83","2.361,83","2.361,83","2.361,83","","-0,73%"
"08.07.2022","2.379,27","2.379,27","2.379,27","2.379,27","","-0,27%"
"07.07.2022","2.385,73","2.385,73","2.385,73","2.385,73","","1,92%"
"06.07.2022","2.340,73","2.340,73","2.340,73","2.340,73","","2,74%"
"05.07.2022","2.278,20","2.278,20","2.278,20","2.278,20","","0,73%"
"04.07.2022","2.261,71","2.261,71","2.261,71","2.261,71","","-2,23%"
"01.07.2022","2.313,28","2.313,28","2.313,28","2.313,28","","-0,16%"
"30.06.2022","2.316,91","2.316,91","2.316,91","2.316,91","","-3,03%"
"29.06.2022","2.389,29","2.389,29","2.389,29","2.389,29","","-3,34%"
"28.06.2022","2.471,93","2.471,93","2.471,93","2.471,93","","0,81%"
"27.06.2022","2.452,07","2.452,07","2.452,07","2.452,07","","0,72%"
"24.06.2022","2.434,54","2.434,54","2.434,54","2.434,54","","2,00%"
"23.06.2022","2.386,89","2.386,89","2.386,89","2.386,89","","-1,74%"
"22.06.2022","2.429,10","2.429,10","2.429,10","2.429,10","","0,13%"
"21.06.2022","2.425,86","2.425,86","2.425,86","2.425,86","","-0,43%"
"20.06.2022","2.436,32","2.436,32","2.436,32","2.436,32","","0,41%"
"17.06.2022","2.426,45","2.426,45","2.426,45","2.426,45","","2,06%"
"16.06.2022","2.377,52","2.377,52","2.377,52","2.377,52","","-2,77%"
"15.06.2022","2.445,33","2.445,33","2.445,33","2.445,33","","0,86%"
"14.06.2022","2.424,46","2.424,46","2.424,46","2.424,46","","-1,11%"
"13.06.2022","2.451,77","2.451,77","2.451,77","2.451,77","","-4,16%"
"10.06.2022","2.558,19","2.558,19","2.558,19","2.558,19","","-2,29%"
"09.06.2022","2.618,23","2.618,23","2.618,23","2.618,23","","-2,46%"
"08.06.2022","2.684,29","2.684,29","2.684,29","2.684,29","","-0,98%"
"07.06.2022","2.710,92","2.710,92","2.710,92","2.710,92","","-0,23%"
"06.06.2022","2.717,29","2.717,29","2.717,29","2.717,29","","0,85%"
"03.06.2022","2.694,28","2.694,28","2.694,28","2.694,28","","0,10%"
"02.06.2022","2.691,72","2.691,72","2.691,72","2.691,72","","-0,40%"
"01.06.2022","2.702,54","2.702,54","2.702,54","2.702,54","","-1,90%"
"31.05.2022","2.755,00","2.755,00","2.755,00","2.755,00","","-0,78%"
"30.05.2022","2.776,65","2.776,65","2.776,65","2.776,65","","0,08%"
"27.05.2022","2.774,51","2.774,51","2.774,51","2.774,51","","1,92%"
"26.05.2022","2.722,28","2.722,28","2.722,28","2.722,28","","0,40%"
"25.05.2022","2.711,33","2.711,33","2.711,33","2.711,33","","-0,21%"
"24.05.2022","2.717,06","2.717,06","2.717,06","2.717,06","","-1,73%"
"23.05.2022","2.764,93","2.764,93","2.764,93","2.764,93","","1,09%"
"20.05.2022","2.735,16","2.735,16","2.735,16","2.735,16","","1,11%"
"19.05.2022","2.705,20","2.705,20","2.705,20","2.705,20","","-1,07%"
"18.05.2022","2.734,53","2.734,53","2.734,53","2.734,53","","0,20%"
"17.05.2022","2.729,15","2.729,15","2.729,15","2.729,15","","0,42%"
"16.05.2022","2.717,69","2.717,69","2.717,69","2.717,69","","1,26%"
"13.05.2022","2.683,78","2.683,78","2.683,78","2.683,78","","1,54%"
"12.05.2022","2.643,17","2.643,17","2.643,17","2.643,17","","-0,88%"
"11.05.2022","2.666,73","2.666,73","2.666,73","2.666,73","","3,09%"
"10.05.2022","2.586,75","2.586,75","2.586,75","2.586,75","","0,79%"
"09.05.2022","2.566,39","2.566,39","2.566,39","2.566,39","","-3,52%"
"06.05.2022","2.659,97","2.659,97","2.659,97","2.659,97","","-3,32%"
"05.05.2022","2.751,38","2.751,38","2.751,38","2.751,38","","0,66%"
"04.05.2022","2.733,33","2.733,33","2.733,33","2.733,33","","-2,18%"
"03.05.2022","2.794,30","2.794,30","2.794,30","2.794,30","","-1,70%"
"02.05.2022","2.842,74","2.842,74","2.842,74","2.842,74","","-1,17%"
"29.04.2022","2.876,32","2.876,32","2.876,32","2.876,32","","-0,99%"
"28.04.2022","2.905,08","2.905,08","2.905,08","2.905,08","","-0,15%"
"27.04.2022","2.909,55","2.909,55","2.909,55","2.909,55","","0,47%"
"26.04.2022","2.895,81","2.895,81","2.895,81","2.895,81","","-0,32%"
"25.04.2022","2.905,25","2.905,25","2.905,25","2.905,25","","-1,20%"
"22.04.2022","2.940,61","2.940,61","2.940,61","2.940,61","","-1,80%"
"21.04.2022","2.994,63","2.994,63","2.994,63","2.994,63","","0,80%"
"20.04.2022","2.971,01","2.971,01","2.971,01","2.971,01","","0,22%"
"19.04.2022","2.964,40","2.964,40","2.964,40","2.964,40","","-1,88%"
"18.04.2022","3.021,25","3.021,25","3.021,25","3.021,25","","-0,21%"
"15.04.2022","3.027,66","3.027,66","3.027,66","3.027,66","","0,00%"
"14.04.2022","3.027,66","3.027,66","3.027,66","3.027,66","","1,25%"
"13.04.2022","2.990,16","2.990,16","2.990,16","2.990,16","","-0,49%"
"12.04.2022","3.004,80","3.004,80","3.004,80","3.004,80","","-1,67%"
"11.04.2022","3.055,69","3.055,69","3.055,69","3.055,69","","0,20%"
"08.04.2022","3.049,66","3.049,66","3.049,66","3.049,66","","0,58%"
"07.04.2022","3.032,03","3.032,03","3.032,03","3.032,03","","-0,47%"
"06.04.2022","3.046,28","3.046,28","3.046,28","3.046,28","","-2,02%"
"05.04.2022","3.109,13","3.109,13","3.109,13","3.109,13","","0,84%"
"04.04.2022","3.083,35","3.083,35","3.083,35","3.083,35","","0,34%"
"01.04.2022","3.073,04","3.073,04","3.073,04","3.073,04","","0,78%"
"31.03.2022","3.049,32","3.049,32","3.049,32","3.049,32","","-0,84%"
"30.03.2022","3.075,30","3.075,30","3.075,30","3.075,30","","-0,36%"
"29.03.2022","3.086,31","3.086,31","3.086,31","3.086,31","","1,76%"
"28.03.2022","3.032,96","3.032,96","3.032,96","3.032,96","","0,40%"
"25.03.2022","3.020,79","3.020,79","3.020,79","3.020,79","","1,81%"
"24.03.2022","2.966,96","2.966,96","2.966,96","2.966,96","","-0,99%"
"23.03.2022","2.996,60","2.996,60","2.996,60","2.996,60","","-2,75%"
"22.03.2022","3.081,26","3.081,26","3.081,26","3.081,26","","1,41%"
"21.03.2022","3.038,30","3.038,30","3.038,30","3.038,30","","-1,53%"
"18.03.2022","3.085,56","3.085,56","3.085,56","3.085,56","","0,20%"
"17.03.2022","3.079,42","3.079,42","3.079,42","3.079,42","","1,03%"
"16.03.2022","3.047,88","3.047,88","3.047,88","3.047,88","","2,08%"
"15.03.2022","2.985,80","2.985,80","2.985,80","2.985,80","","-1,00%"
"14.03.2022","3.015,81","3.015,81","3.015,81","3.015,81","","1,34%"
"11.03.2022","2.976,02","2.976,02","2.976,02","2.976,02","","1,72%"
"10.03.2022","2.925,72","2.925,72","2.925,72","2.925,72","","-0,52%"
"09.03.2022","2.940,99","2.940,99","2.940,99","2.940,99","","4,53%"
"08.03.2022","2.813,63","2.813,63","2.813,63","2.813,63","","0,20%"
"07.03.2022","2.807,89","2.807,89","2.807,89","2.807,89","","-1,83%"
"04.03.2022","2.860,12","2.860,12","2.860,12","2.860,12","","-2,81%"
"03.03.2022","2.942,82","2.942,82","2.942,82","2.942,82","","-1,79%"
"02.03.2022","2.996,44","2.996,44","2.996,44","2.996,44","","1,14%"
"01.03.2022","2.962,75","2.962,75","2.962,75","2.962,75","","-2,07%"
"28.02.2022","3.025,50","3.025,50","3.025,50","3.025,50","","0,54%"
"25.02.2022","3.009,15","3.009,15","3.009,15","3.009,15","","4,22%"
"24.02.2022","2.887,44","2.887,44","2.887,44","2.887,44","","-2,40%"
"23.02.2022","2.958,33","2.958,33","2.958,33","2.958,33","","-0,45%"
"22.02.2022","2.971,81","2.971,81","2.971,81","2.971,81","","0,66%"
"21.02.2022","2.952,22","2.952,22","2.952,22","2.952,22","","-1,70%"
"18.02.2022","3.003,35","3.003,35","3.003,35","3.003,35","","-0,98%"
"17.02.2022","3.033,08","3.033,08","3.033,08","3.033,08","","-1,01%"
"16.02.2022","3.064,14","3.064,14","3.064,14","3.064,14","","1,62%"
"15.02.2022","3.015,15","3.015,15","3.015,15","3.015,15","","1,07%"
"14.02.2022","2.983,14","2.983,14","2.983,14","2.983,14","","-1,42%"
"11.02.2022","3.026,17","3.026,17","3.026,17","3.026,17","","-0,99%"
"10.02.2022","3.056,28","3.056,28","3.056,28","3.056,28","","0,78%"
"09.02.2022","3.032,56","3.032,56","3.032,56","3.032,56","","2,05%"
"08.02.2022","2.971,52","2.971,52","2.971,52","2.971,52","","-0,88%"
"07.02.2022","2.997,81","2.997,81","2.997,81","2.997,81","","-0,61%"
"04.02.2022","3.016,21","3.016,21","3.016,21","3.016,21","","-3,24%"
"03.02.2022","3.117,20","3.117,20","3.117,20","3.117,20","","-1,10%"
"02.02.2022","3.151,74","3.151,74","3.151,74","3.151,74","","0,92%"
"01.02.2022","3.122,90","3.122,90","3.122,90","3.122,90","","-0,04%"
"31.01.2022","3.124,21","3.124,21","3.124,21","3.124,21","","0,79%"
"28.01.2022","3.099,84","3.099,84","3.099,84","3.099,84","","-0,72%"
"27.01.2022","3.122,20","3.122,20","3.122,20","3.122,20","","0,76%"
"26.01.2022","3.098,53","3.098,53","3.098,53","3.098,53","","2,31%"
"25.01.2022","3.028,66","3.028,66","3.028,66","3.028,66","","0,58%"
"24.01.2022","3.011,30","3.011,30","3.011,30","3.011,30","","-2,48%"
"21.01.2022","3.087,88","3.087,88","3.087,88","3.087,88","","-1,52%"
"20.01.2022","3.135,49","3.135,49","3.135,49","3.135,49","","0,64%"
"19.01.2022","3.115,43","3.115,43","3.115,43","3.115,43","","0,60%"
"18.01.2022","3.096,85","3.096,85","3.096,85","3.096,85","","-0,82%"
"17.01.2022","3.122,52","3.122,52","3.122,52","3.122,52","","-0,20%"
"14.01.2022","3.128,92","3.128,92","3.128,92","3.128,92","","-0,52%"
"13.01.2022","3.145,26","3.145,26","3.145,26","3.145,26","","0,18%"
"12.01.2022","3.139,60","3.139,60","3.139,60","3.139,60","","0,81%"
"11.01.2022","3.114,43","3.114,43","3.114,43","3.114,43","","-0,08%"
"10.01.2022","3.116,90","3.116,90","3.116,90","3.116,90","","-1,20%"
"07.01.2022","3.154,87","3.154,87","3.154,87","3.154,87","","-1,51%"
"06.01.2022","3.203,34","3.203,34","3.203,34","3.203,34","","-0,85%"
"05.01.2022","3.230,71","3.230,71","3.230,71","3.230,71","","-0,13%"
"04.01.2022","3.234,90","3.234,90","3.234,90","3.234,90","","0,13%"
"03.01.2022","3.230,61","3.230,61","3.230,61","3.230,61","","0,51%"
"31.12.2021","3.214,31","3.214,31","3.214,31","3.214,31","","-0,08%"
"30.12.2021","3.217,02","3.217,02","3.217,02","3.217,02","","0,75%"
"29.12.2021","3.192,93","3.192,93","3.192,93","3.192,93","","0,20%"
"28.12.2021","3.186,52","3.186,52","3.186,52","3.186,52","","0,86%"
"27.12.2021","3.159,44","3.159,44","3.159,44","3.159,44","","0,56%"
"24.12.2021","3.141,95","3.141,95","3.141,95","3.141,95","","0,17%"
"23.12.2021","3.136,73","3.136,73","3.136,73","3.136,73","","0,64%"
"22.12.2021","3.116,88","3.116,88","3.116,88","3.116,88","","0,25%"
"21.12.2021","3.109,13","3.109,13","3.109,13","3.109,13","","0,86%"
"20.12.2021","3.082,74","3.082,74","3.082,74","3.082,74","","-1,97%"
"17.12.2021","3.144,55","3.144,55","3.144,55","3.144,55","","0,80%"
"16.12.2021","3.119,49","3.119,49","3.119,49","3.119,49","","-0,31%"
"15.12.2021","3.129,08","3.129,08","3.129,08","3.129,08","","0,53%"
"14.12.2021","3.112,72","3.112,72","3.112,72","3.112,72","","-0,89%"
"13.12.2021","3.140,57","3.140,57","3.140,57","3.140,57","","-0,75%"
"10.12.2021","3.164,17","3.164,17","3.164,17","3.164,17","","-0,32%"
"09.12.2021","3.174,25","3.174,25","3.174,25","3.174,25","","-0,08%"
"08.12.2021","3.176,76","3.176,76","3.176,76","3.176,76","","-0,80%"
"07.12.2021","3.202,54","3.202,54","3.202,54","3.202,54","","0,80%"
"06.12.2021","3.177,07","3.177,07","3.177,07","3.177,07","","0,41%"
"03.12.2021","3.163,96","3.163,96","3.163,96","3.163,96","","0,00%"
"02.12.2021","3.163,96","3.163,96","3.163,96","3.163,96","","-0,31%"
"01.12.2021","3.173,68","3.173,68","3.173,68","3.173,68","","0,55%"
"30.11.2021","3.156,27","3.156,27","3.156,27","3.156,27","","-1,07%"
"29.11.2021","3.190,56","3.190,56","3.190,56","3.190,56","","0,19%"
"26.11.2021","3.184,42","3.184,42","3.184,42","3.184,42","","-3,54%"
"25.11.2021","3.301,28","3.301,28","3.301,28","3.301,28","","1,35%"
"24.11.2021","3.257,20","3.257,20","3.257,20","3.257,20","","1,84%"
"23.11.2021","3.198,39","3.198,39","3.198,39","3.198,39","","-1,90%"
"22.11.2021","3.260,34","3.260,34","3.260,34","3.260,34","","-0,88%"
"19.11.2021","3.289,34","3.289,34","3.289,34","3.289,34","","0,48%"
"18.11.2021","3.273,64","3.273,64","3.273,64","3.273,64","","0,74%"
"17.11.2021","3.249,53","3.249,53","3.249,53","3.249,53","","-0,60%"
"16.11.2021","3.269,29","3.269,29","3.269,29","3.269,29","","0,96%"
"15.11.2021","3.238,20","3.238,20","3.238,20","3.238,20","","0,57%"
"12.11.2021","3.219,76","3.219,76","3.219,76","3.219,76","","0,59%"
"11.11.2021","3.200,90","3.200,90","3.200,90","3.200,90","","-0,13%"
"10.11.2021","3.205,13","3.205,13","3.205,13","3.205,13","","-0,39%"
"09.11.2021","3.217,68","3.217,68","3.217,68","3.217,68","","0,59%"
"08.11.2021","3.198,84","3.198,84","3.198,84","3.198,84","","-0,83%"
"05.11.2021","3.225,77","3.225,77","3.225,77","3.225,77","","-0,03%"
"04.11.2021","3.226,66","3.226,66","3.226,66","3.226,66","","2,31%"
"03.11.2021","3.153,80","3.153,80","3.153,80","3.153,80","","0,57%"
"02.11.2021","3.135,79","3.135,79","3.135,79","3.135,79","","0,03%"
"01.11.2021","3.134,74","3.134,74","3.134,74","3.134,74","","-0,39%"
"29.10.2021","3.146,86","3.146,86","3.146,86","3.146,86","","-1,79%"
"28.10.2021","3.204,12","3.204,12","3.204,12","3.204,12","","0,04%"
"27.10.2021","3.202,96","3.202,96","3.202,96","3.202,96","","0,80%"
"26.10.2021","3.177,51","3.177,51","3.177,51","3.177,51","","0,52%"
"25.10.2021","3.161,19","3.161,19","3.161,19","3.161,19","","-0,49%"
"22.10.2021","3.176,70","3.176,70","3.176,70","3.176,70","","0,77%"
"21.10.2021","3.152,47","3.152,47","3.152,47","3.152,47","","0,47%"
"20.10.2021","3.137,64","3.137,64","3.137,64","3.137,64","","-0,70%"
"19.10.2021","3.159,79","3.159,79","3.159,79","3.159,79","","0,89%"
"18.10.2021","3.131,86","3.131,86","3.131,86","3.131,86","","-0,23%"
"15.10.2021","3.138,96","3.138,96","3.138,96","3.138,96","","1,23%"
"14.10.2021","3.100,96","3.100,96","3.100,96","3.100,96","","1,22%"
"13.10.2021","3.063,59","3.063,59","3.063,59","3.063,59","","0,78%"
"12.10.2021","3.039,95","3.039,95","3.039,95","3.039,95","","0,97%"
"11.10.2021","3.010,82","3.010,82","3.010,82","3.010,82","","0,45%"
"08.10.2021","2.997,25","2.997,25","2.997,25","2.997,25","","-0,36%"
"07.10.2021","3.008,22","3.008,22","3.008,22","3.008,22","","1,51%"
"06.10.2021","2.963,54","2.963,54","2.963,54","2.963,54","","-1,14%"
"05.10.2021","2.997,79","2.997,79","2.997,79","2.997,79","","0,02%"
"04.10.2021","2.997,20","2.997,20","2.997,20","2.997,20","","-0,84%"
"01.10.2021","3.022,66","3.022,66","3.022,66","3.022,66","","1,36%"
"30.09.2021","2.982,20","2.982,20","2.982,20","2.982,20","","-0,54%"
"29.09.2021","2.998,47","2.998,47","2.998,47","2.998,47","","-0,41%"
"28.09.2021","3.010,68","3.010,68","3.010,68","3.010,68","","-3,21%"
"27.09.2021","3.110,59","3.110,59","3.110,59","3.110,59","","0,66%"
"24.09.2021","3.090,12","3.090,12","3.090,12","3.090,12","","-1,36%"
"23.09.2021","3.132,86","3.132,86","3.132,86","3.132,86","","0,99%"
"22.09.2021","3.102,14","3.102,14","3.102,14","3.102,14","","0,16%"
"21.09.2021","3.097,13","3.097,13","3.097,13","3.097,13","","1,45%"
"20.09.2021","3.052,73","3.052,73","3.052,73","3.052,73","","-1,72%"
"17.09.2021","3.106,11","3.106,11","3.106,11","3.106,11","","-0,69%"
"16.09.2021","3.127,76","3.127,76","3.127,76","3.127,76","","0,68%"
"15.09.2021","3.106,60","3.106,60","3.106,60","3.106,60","","-1,20%"
"14.09.2021","3.144,28","3.144,28","3.144,28","3.144,28","","-0,02%"
"13.09.2021","3.144,88","3.144,88","3.144,88","3.144,88","","0,78%"
"10.09.2021","3.120,39","3.120,39","3.120,39","3.120,39","","-1,12%"
"09.09.2021","3.155,68","3.155,68","3.155,68","3.155,68","","1,03%"
"08.09.2021","3.123,38","3.123,38","3.123,38","3.123,38","","-2,20%"
"07.09.2021","3.193,56","3.193,56","3.193,56","3.193,56","","-0,52%"
"06.09.2021","3.210,11","3.210,11","3.210,11","3.210,11","","-0,50%"
"03.09.2021","3.226,35","3.226,35","3.226,35","3.226,35","","-0,67%"
"02.09.2021","3.247,95","3.247,95","3.247,95","3.247,95","","-0,54%"
"01.09.2021","3.265,62","3.265,62","3.265,62","3.265,62","","0,19%"
"31.08.2021","3.259,37","3.259,37","3.259,37","3.259,37","","-0,52%"
"30.08.2021","3.276,38","3.276,38","3.276,38","3.276,38","","0,01%"
"27.08.2021","3.276,15","3.276,15","3.276,15","3.276,15","","1,61%"
"26.08.2021","3.224,18","3.224,18","3.224,18","3.224,18","","-0,25%"
"25.08.2021","3.232,19","3.232,19","3.232,19","3.232,19","","-0,45%"
"24.08.2021","3.246,65","3.246,65","3.246,65","3.246,65","","-0,52%"
"23.08.2021","3.263,59","3.263,59","3.263,59","3.263,59","","-0,77%"
"20.08.2021","3.288,84","3.288,84","3.288,84","3.288,84","","0,42%"
"19.08.2021","3.275,03","3.275,03","3.275,03","3.275,03","","-1,05%"
"18.08.2021","3.309,88","3.309,88","3.309,88","3.309,88","","0,65%"
"17.08.2021","3.288,64","3.288,64","3.288,64","3.288,64","","-0,97%"
"16.08.2021","3.320,81","3.320,81","3.320,81","3.320,81","","0,24%"
"13.08.2021","3.312,86","3.312,86","3.312,86","3.312,86","","0,95%"
"12.08.2021","3.281,55","3.281,55","3.281,55","3.281,55","","0,16%"
"11.08.2021","3.276,46","3.276,46","3.276,46","3.276,46","","0,73%"
"10.08.2021","3.252,82","3.252,82","3.252,82","3.252,82","","-0,05%"
"09.08.2021","3.254,53","3.254,53","3.254,53","3.254,53","","-0,65%"
"06.08.2021","3.275,71","3.275,71","3.275,71","3.275,71","","-0,09%"
"05.08.2021","3.278,54","3.278,54","3.278,54","3.278,54","","1,10%"
"04.08.2021","3.242,97","3.242,97","3.242,97","3.242,97","","1,08%"
"03.08.2021","3.208,21","3.208,21","3.208,21","3.208,21","","-0,32%"
"02.08.2021","3.218,54","3.218,54","3.218,54","3.218,54","","1,34%"
"30.07.2021","3.175,96","3.175,96","3.175,96","3.175,96","","0,12%"
"29.07.2021","3.172,09","3.172,09","3.172,09","3.172,09","","-0,34%"
"28.07.2021","3.182,91","3.182,91","3.182,91","3.182,91","","0,73%"
"27.07.2021","3.159,99","3.159,99","3.159,99","3.159,99","","0,10%"
"26.07.2021","3.156,77","3.156,77","3.156,77","3.156,77","","-0,08%"
"23.07.2021","3.159,31","3.159,31","3.159,31","3.159,31","","0,08%"
"22.07.2021","3.156,70","3.156,70","3.156,70","3.156,70","","0,28%"
"21.07.2021","3.147,86","3.147,86","3.147,86","3.147,86","","1,76%"
"20.07.2021","3.093,48","3.093,48","3.093,48","3.093,48","","0,68%"
"19.07.2021","3.072,73","3.072,73","3.072,73","3.072,73","","-2,16%"
"16.07.2021","3.140,69","3.140,69","3.140,69","3.140,69","","0,91%"
"15.07.2021","3.112,22","3.112,22","3.112,22","3.112,22","","-0,78%"
"14.07.2021","3.136,80","3.136,80","3.136,80","3.136,80","","-1,17%"
"13.07.2021","3.173,83","3.173,83","3.173,83","3.173,83","","-0,92%"
"12.07.2021","3.203,34","3.203,34","3.203,34","3.203,34","","1,74%"
"09.07.2021","3.148,53","3.148,53","3.148,53","3.148,53","","2,02%"
"08.07.2021","3.086,26","3.086,26","3.086,26","3.086,26","","-0,71%"
"07.07.2021","3.108,39","3.108,39","3.108,39","3.108,39","","0,50%"
"06.07.2021","3.092,85","3.092,85","3.092,85","3.092,85","","0,76%"
"05.07.2021","3.069,39","3.069,39","3.069,39","3.069,39","","0,80%"
"02.07.2021","3.044,89","3.044,89","3.044,89","3.044,89","","1,39%"
"01.07.2021","3.003,14","3.003,14","3.003,14","3.003,14","","0,75%"
"30.06.2021","2.980,93","2.980,93","2.980,93","2.980,93","","-0,42%"
"29.06.2021","2.993,56","2.993,56","2.993,56","2.993,56","","-0,47%"
"28.06.2021","3.007,68","3.007,68","3.007,68","3.007,68","","-1,20%"
"25.06.2021","3.044,23","3.044,23","3.044,23","3.044,23","","-0,02%"
"24.06.2021","3.044,82","3.044,82","3.044,82","3.044,82","","0,05%"
"23.06.2021","3.043,19","3.043,19","3.043,19","3.043,19","","-0,44%"
"22.06.2021","3.056,61","3.056,61","3.056,61","3.056,61","","0,92%"
"21.06.2021","3.028,62","3.028,62","3.028,62","3.028,62","","0,17%"
"18.06.2021","3.023,50","3.023,50","3.023,50","3.023,50","","-0,61%"
"17.06.2021","3.041,95","3.041,95","3.041,95","3.041,95","","-0,75%"
"16.06.2021","3.064,82","3.064,82","3.064,82","3.064,82","","-0,37%"
"15.06.2021","3.076,11","3.076,11","3.076,11","3.076,11","","-0,68%"
"14.06.2021","3.097,28","3.097,28","3.097,28","3.097,28","","0,68%"
"11.06.2021","3.076,41","3.076,41","3.076,41","3.076,41","","-0,26%"
"10.06.2021","3.084,56","3.084,56","3.084,56","3.084,56","","-0,25%"
"09.06.2021","3.092,19","3.092,19","3.092,19","3.092,19","","0,48%"
"08.06.2021","3.077,46","3.077,46","3.077,46","3.077,46","","1,10%"
"07.06.2021","3.044,02","3.044,02","3.044,02","3.044,02","","0,67%"
"04.06.2021","3.023,67","3.023,67","3.023,67","3.023,67","","0,82%"
"03.06.2021","2.999,04","2.999,04","2.999,04","2.999,04","","-0,55%"
"02.06.2021","3.015,58","3.015,58","3.015,58","3.015,58","","0,79%"
"01.06.2021","2.992,09","2.992,09","2.992,09","2.992,09","","0,83%"
"31.05.2021","2.967,52","2.967,52","2.967,52","2.967,52","","-0,28%"
"28.05.2021","2.975,71","2.975,71","2.975,71","2.975,71","","0,61%"
"27.05.2021","2.957,62","2.957,62","2.957,62","2.957,62","","1,04%"
"26.05.2021","2.927,21","2.927,21","2.927,21","2.927,21","","0,75%"
"25.05.2021","2.905,29","2.905,29","2.905,29","2.905,29","","0,07%"
"24.05.2021","2.903,27","2.903,27","2.903,27","2.903,27","","0,56%"
"21.05.2021","2.887,22","2.887,22","2.887,22","2.887,22","","-0,18%"
"20.05.2021","2.892,30","2.892,30","2.892,30","2.892,30","","0,74%"
"19.05.2021","2.871,05","2.871,05","2.871,05","2.871,05","","-0,91%"
"18.05.2021","2.897,28","2.897,28","2.897,28","2.897,28","","1,17%"
"17.05.2021","2.863,83","2.863,83","2.863,83","2.863,83","","-0,10%"
"14.05.2021","2.866,77","2.866,77","2.866,77","2.866,77","","1,04%"
"13.05.2021","2.837,36","2.837,36","2.837,36","2.837,36","","-0,55%"
"12.05.2021","2.853,07","2.853,07","2.853,07","2.853,07","","0,09%"
"11.05.2021","2.850,37","2.850,37","2.850,37","2.850,37","","-2,16%"
"10.05.2021","2.913,15","2.913,15","2.913,15","2.913,15","","1,31%"
"07.05.2021","2.875,38","2.875,38","2.875,38","2.875,38","","0,71%"
"06.05.2021","2.855,17","2.855,17","2.855,17","2.855,17","","0,00%"
"05.05.2021","2.855,25","2.855,25","2.855,25","2.855,25","","-0,23%"
"04.05.2021","2.861,85","2.861,85","2.861,85","2.861,85","","-0,58%"
"03.05.2021","2.878,67","2.878,67","2.878,67","2.878,67","","0,86%"
"30.04.2021","2.854,02","2.854,02","2.854,02","2.854,02","","-0,43%"
"29.04.2021","2.866,45","2.866,45","2.866,45","2.866,45","","-0,20%"
"28.04.2021","2.872,28","2.872,28","2.872,28","2.872,28","","-0,26%"
"27.04.2021","2.879,74","2.879,74","2.879,74","2.879,74","","0,06%"
"26.04.2021","2.878,06","2.878,06","2.878,06","2.878,06","","0,81%"
"23.04.2021","2.854,93","2.854,93","2.854,93","2.854,93","","-1,09%"
"22.04.2021","2.886,35","2.886,35","2.886,35","2.886,35","","1,19%"
"21.04.2021","2.852,35","2.852,35","2.852,35","2.852,35","","-1,28%"
"20.04.2021","2.889,46","2.889,46","2.889,46","2.889,46","","0,15%"
"19.04.2021","2.885,12","2.885,12","2.885,12","2.885,12","","0,51%"
"16.04.2021","2.870,52","2.870,52","2.870,52","2.870,52","","0,77%"
"15.04.2021","2.848,46","2.848,46","2.848,46","2.848,46","","0,51%"
"14.04.2021","2.833,93","2.833,93","2.833,93","2.833,93","","0,51%"
"13.04.2021","2.819,57","2.819,57","2.819,57","2.819,57","","0,90%"
"12.04.2021","2.794,30","2.794,30","2.794,30","2.794,30","","-0,37%"
"09.04.2021","2.804,66","2.804,66","2.804,66","2.804,66","","-0,51%"
"08.04.2021","2.819,02","2.819,02","2.819,02","2.819,02","","0,61%"
"07.04.2021","2.802,01","2.802,01","2.802,01","2.802,01","","0,84%"
"06.04.2021","2.778,60","2.778,60","2.778,60","2.778,60","","0,60%"
"05.04.2021","2.761,96","2.761,96","2.761,96","2.761,96","","0,05%"
"02.04.2021","2.760,45","2.760,45","2.760,45","2.760,45","","0,00%"
"01.04.2021","2.760,45","2.760,45","2.760,45","2.760,45","","1,46%"
"31.03.2021","2.720,66","2.720,66","2.720,66","2.720,66","","-0,45%"
"30.03.2021","2.732,89","2.732,89","2.732,89","2.732,89","","0,80%"
"29.03.2021","2.711,29","2.711,29","2.711,29","2.711,29","","-0,37%"
"26.03.2021","2.721,24","2.721,24","2.721,24","2.721,24","","0,91%"
"25.03.2021","2.696,70","2.696,70","2.696,70","2.696,70","","-1,23%"
"24.03.2021","2.730,18","2.730,18","2.730,18","2.730,18","","0,30%"
"23.03.2021","2.722,00","2.722,00","2.722,00","2.722,00","","0,98%"
"22.03.2021","2.695,61","2.695,61","2.695,61","2.695,61","","-1,00%"
"19.03.2021","2.722,87","2.722,87","2.722,87","2.722,87","","0,61%"
"18.03.2021","2.706,43","2.706,43","2.706,43","2.706,43","","-0,73%"
"17.03.2021","2.726,45","2.726,45","2.726,45","2.726,45","","-1,19%"
"16.03.2021","2.759,18","2.759,18","2.759,18","2.759,18","","1,93%"
"15.03.2021","2.706,92","2.706,92","2.706,92","2.706,92","","-0,03%"
"12.03.2021","2.707,72","2.707,72","2.707,72","2.707,72","","-0,33%"
"11.03.2021","2.716,57","2.716,57","2.716,57","2.716,57","","0,86%"
"10.03.2021","2.693,43","2.693,43","2.693,43","2.693,43","","0,58%"
"09.03.2021","2.677,92","2.677,92","2.677,92","2.677,92","","0,01%"
"08.03.2021","2.677,55","2.677,55","2.677,55","2.677,55","","1,51%"
"05.03.2021","2.637,68","2.637,68","2.637,68","2.637,68","","-1,73%"
"04.03.2021","2.684,17","2.684,17","2.684,17","2.684,17","","0,86%"
"03.03.2021","2.661,39","2.661,39","2.661,39","2.661,39","","-0,32%"
"02.03.2021","2.669,90","2.669,90","2.669,90","2.669,90","","-0,28%"
"01.03.2021","2.677,34","2.677,34","2.677,34","2.677,34","","1,87%"
"26.02.2021","2.628,30","2.628,30","2.628,30","2.628,30","","-1,40%"
"25.02.2021","2.665,63","2.665,63","2.665,63","2.665,63","","0,00%"
"24.02.2021","2.665,66","2.665,66","2.665,66","2.665,66","","-0,01%"
"23.02.2021","2.665,98","2.665,98","2.665,98","2.665,98","","1,18%"
"22.02.2021","2.634,92","2.634,92","2.634,92","2.634,92","","0,47%"
"19.02.2021","2.622,60","2.622,60","2.622,60","2.622,60","","-0,28%"
"18.02.2021","2.630,01","2.630,01","2.630,01","2.630,01","","-0,97%"
"17.02.2021","2.655,83","2.655,83","2.655,83","2.655,83","","0,01%"
"16.02.2021","2.655,45","2.655,45","2.655,45","2.655,45","","-0,59%"
"15.02.2021","2.671,30","2.671,30","2.671,30","2.671,30","","0,83%"
"12.02.2021","2.649,37","2.649,37","2.649,37","2.649,37","","-0,28%"
"11.02.2021","2.656,84","2.656,84","2.656,84","2.656,84","","-0,25%"
"10.02.2021","2.663,40","2.663,40","2.663,40","2.663,40","","-0,14%"
"09.02.2021","2.667,18","2.667,18","2.667,18","2.667,18","","0,28%"
"08.02.2021","2.659,62","2.659,62","2.659,62","2.659,62","","-0,75%"
"05.02.2021","2.679,59","2.679,59","2.679,59","2.679,59","","-0,15%"
"04.02.2021","2.683,58","2.683,58","2.683,58","2.683,58","","-0,21%"
"03.02.2021","2.689,11","2.689,11","2.689,11","2.689,11","","-0,56%"
"02.02.2021","2.704,36","2.704,36","2.704,36","2.704,36","","0,79%"
"01.02.2021","2.683,09","2.683,09","2.683,09","2.683,09","","0,88%"
"29.01.2021","2.659,65","2.659,65","2.659,65","2.659,65","","-0,50%"
"28.01.2021","2.672,95","2.672,95","2.672,95","2.672,95","","-0,34%"
"27.01.2021","2.682,03","2.682,03","2.682,03","2.682,03","","0,69%"
"26.01.2021","2.663,71","2.663,71","2.663,71","2.663,71","","1,20%"
"25.01.2021","2.632,07","2.632,07","2.632,07","2.632,07","","-0,51%"
"22.01.2021","2.645,61","2.645,61","2.645,61","2.645,61","","-0,10%"
"21.01.2021","2.648,17","2.648,17","2.648,17","2.648,17","","-1,66%"
"20.01.2021","2.693,00","2.693,00","2.693,00","2.693,00","","0,49%"
"19.01.2021","2.679,97","2.679,97","2.679,97","2.679,97","","-0,44%"
"18.01.2021","2.691,73","2.691,73","2.691,73","2.691,73","","0,30%"
"15.01.2021","2.683,64","2.683,64","2.683,64","2.683,64","","-1,09%"
"14.01.2021","2.713,31","2.713,31","2.713,31","2.713,31","","1,41%"
"13.01.2021","2.675,61","2.675,61","2.675,61","2.675,61","","1,01%"
"12.01.2021","2.648,93","2.648,93","2.648,93","2.648,93","","-0,41%"
"11.01.2021","2.659,74","2.659,74","2.659,74","2.659,74","","-1,04%"
"08.01.2021","2.687,64","2.687,64","2.687,64","2.687,64","","0,40%"
"07.01.2021","2.676,88","2.676,88","2.676,88","2.676,88","","-0,71%"
"06.01.2021","2.696,15","2.696,15","2.696,15","2.696,15","","-0,98%"
"05.01.2021","2.722,87","2.722,87","2.722,87","2.722,87","","0,44%"
"04.01.2021","2.710,87","2.710,87","2.710,87","2.710,87","","-0,86%"
"31.12.2020","2.734,35","2.734,35","2.734,35","2.734,35","","-0,02%"
"30.12.2020","2.735,02","2.735,02","2.735,02","2.735,02","","-0,43%"
"29.12.2020","2.746,88","2.746,88","2.746,88","2.746,88","","1,44%"
"28.12.2020","2.707,81","2.707,81","2.707,81","2.707,81","","0,08%"
"25.12.2020","2.705,54","2.705,54","2.705,54","2.705,54","","0,00%"
"24.12.2020","2.705,54","2.705,54","2.705,54","2.705,54","","0,47%"
"23.12.2020","2.692,95","2.692,95","2.692,95","2.692,95","","2,20%"
"22.12.2020","2.634,98","2.634,98","2.634,98","2.634,98","","1,06%"
"21.12.2020","2.607,34","2.607,34","2.607,34","2.607,34","","-2,10%"
"18.12.2020","2.663,30","2.663,30","2.663,30","2.663,30","","-1,84%"
"17.12.2020","2.713,09","2.713,09","2.713,09","2.713,09","","0,79%"
"16.12.2020","2.691,92","2.691,92","2.691,92","2.691,92","","1,43%"
"15.12.2020","2.654,06","2.654,06","2.654,06","2.654,06","","0,33%"
"14.12.2020","2.645,30","2.645,30","2.645,30","2.645,30","","0,26%"
"11.12.2020","2.638,37","2.638,37","2.638,37","2.638,37","","-0,12%"
"10.12.2020","2.641,44","2.641,44","2.641,44","2.641,44","","-0,16%"
"09.12.2020","2.645,79","2.645,79","2.645,79","2.645,79","","-0,20%"
"08.12.2020","2.651,18","2.651,18","2.651,18","2.651,18","","0,15%"
"07.12.2020","2.647,11","2.647,11","2.647,11","2.647,11","","-0,48%"
"04.12.2020","2.659,95","2.659,95","2.659,95","2.659,95","","0,58%"
"03.12.2020","2.644,53","2.644,53","2.644,53","2.644,53","","0,45%"
"02.12.2020","2.632,56","2.632,56","2.632,56","2.632,56","","-0,58%"
"01.12.2020","2.647,97","2.647,97","2.647,97","2.647,97","","0,50%"
"30.11.2020","2.634,72","2.634,72","2.634,72","2.634,72","","-0,86%"
"26.11.2020","2.657,61","2.657,61","2.657,61","2.657,61","","-0,02%"
"25.11.2020","2.658,12","2.658,12","2.658,12","2.658,12","","0,55%"
"24.11.2020","2.643,57","2.643,57","2.643,57","2.643,57","","0,25%"
"23.11.2020","2.637,01","2.637,01","2.637,01","2.637,01","","-0,41%"
"20.11.2020","2.647,90","2.647,90","2.647,90","2.647,90","","-0,39%"
"19.11.2020","2.658,21","2.658,21","2.658,21","2.658,21","","-0,78%"
"18.11.2020","2.679,14","2.679,14","2.679,14","2.679,14","","0,85%"
"17.11.2020","2.656,62","2.656,62","2.656,62","2.656,62","","-0,06%"
"16.11.2020","2.658,19","2.658,19","2.658,19","2.658,19","","1,39%"
"13.11.2020","2.621,86","2.621,86","2.621,86","2.621,86","","-0,25%"
"12.11.2020","2.628,32","2.628,32","2.628,32","2.628,32","","-1,08%"
"11.11.2020","2.656,98","2.656,98","2.656,98","2.656,98","","2,27%"
"10.11.2020","2.598,12","2.598,12","2.598,12","2.598,12","","1,32%"
"09.11.2020","2.564,27","2.564,27","2.564,27","2.564,27","","3,82%"
"06.11.2020","2.470,02","2.470,02","2.470,02","2.470,02","","-0,19%"
"05.11.2020","2.474,83","2.474,83","2.474,83","2.474,83","","0,75%"
"04.11.2020","2.456,44","2.456,44","2.456,44","2.456,44","","2,57%"
"03.11.2020","2.394,85","2.394,85","2.394,85","2.394,85","","1,73%"
"02.11.2020","2.354,05","2.354,05","2.354,05","2.354,05","","0,73%"
"30.10.2020","2.337,00","2.337,00","2.337,00","2.337,00","","0,90%"
"29.10.2020","2.316,06","2.316,06","2.316,06","2.316,06","","1,01%"
"28.10.2020","2.292,84","2.292,84","2.292,84","2.292,84","","-3,28%"
"27.10.2020","2.370,48","2.370,48","2.370,48","2.370,48","","-1,07%"
"26.10.2020","2.396,07","2.396,07","2.396,07","2.396,07","","-1,64%"
"23.10.2020","2.435,92","2.435,92","2.435,92","2.435,92","","0,08%"
"22.10.2020","2.433,86","2.433,86","2.433,86","2.433,86","","-0,05%"
"21.10.2020","2.435,09","2.435,09","2.435,09","2.435,09","","-1,43%"
"20.10.2020","2.470,33","2.462,72","2.470,33","2.462,72","","0,25%"
"19.10.2020","2.464,29","2.464,29","2.464,29","2.464,29","","0,93%"
"16.10.2020","2.441,69","2.441,69","2.441,69","2.441,69","","-1,68%"
"15.10.2020","2.483,32","2.483,32","2.483,32","2.483,32","","-0,32%"
"14.10.2020","2.491,25","2.491,25","2.491,25","2.491,25","","-0,37%"
"13.10.2020","2.500,48","2.500,48","2.500,48","2.500,48","","-0,82%"
"12.10.2020","2.521,20","2.521,20","2.521,20","2.521,20","","0,83%"
"09.10.2020","2.500,37","2.500,37","2.500,37","2.500,37","","0,26%"
"08.10.2020","2.493,86","2.493,86","2.493,86","2.493,86","","1,00%"
"07.10.2020","2.469,29","2.469,29","2.469,29","2.469,29","","-1,31%"
"06.10.2020","2.502,00","2.502,00","2.502,00","2.502,00","","0,80%"
"05.10.2020","2.482,26","2.482,26","2.482,26","2.482,26","","0,69%"
"02.10.2020","2.465,16","2.465,16","2.465,16","2.465,16","","0,34%"
"01.10.2020","2.456,90","2.456,90","2.456,90","2.456,90","","0,66%"
"30.09.2020","2.440,68","2.440,68","2.440,68","2.440,68","","1,54%"
"29.09.2020","2.403,77","2.403,77","2.403,77","2.403,77","","-1,49%"
"28.09.2020","2.440,17","2.440,17","2.440,17","2.440,17","","2,57%"
"25.09.2020","2.378,95","2.378,95","2.378,95","2.378,95","","-0,29%"
"24.09.2020","2.385,81","2.385,81","2.385,81","2.385,81","","-0,26%"
"23.09.2020","2.391,98","2.391,98","2.391,98","2.391,98","","-0,99%"
"22.09.2020","2.415,98","2.415,98","2.415,98","2.415,98","","-0,01%"
"21.09.2020","2.416,11","2.416,11","2.416,11","2.416,11","","-3,24%"
"18.09.2020","2.496,90","2.496,90","2.496,90","2.496,90","","-1,40%"
"17.09.2020","2.532,28","2.532,28","2.532,28","2.532,28","","-0,14%"
"16.09.2020","2.535,87","2.535,87","2.535,87","2.535,87","","1,51%"
"15.09.2020","2.498,16","2.498,16","2.498,16","2.498,16","","0,60%"
"14.09.2020","2.483,18","2.483,18","2.483,18","2.483,18","","0,14%"
"11.09.2020","2.479,72","2.479,72","2.479,72","2.479,72","","-0,55%"
"10.09.2020","2.493,43","2.493,43","2.493,43","2.493,43","","-0,67%"
"09.09.2020","2.510,28","2.510,28","2.510,28","2.510,28","","1,34%"
"08.09.2020","2.477,03","2.477,03","2.477,03","2.477,03","","-0,05%"
"07.09.2020","2.478,20","2.478,20","2.478,20","2.478,20","","1,64%"
"04.09.2020","2.438,11","2.438,11","2.438,11","2.438,11","","-3,19%"
"03.09.2020","2.518,47","2.518,47","2.518,47","2.518,47","","-0,17%"
"02.09.2020","2.522,76","2.522,76","2.522,76","2.522,76","","1,41%"
"01.09.2020","2.487,65","2.487,65","2.487,65","2.487,65","","0,22%"
"31.08.2020","2.482,11","2.482,11","2.482,11","2.482,11","","-0,55%"
"28.08.2020","2.495,86","2.495,86","2.495,86","2.495,86","","0,26%"
"27.08.2020","2.489,41","2.489,41","2.489,41","2.489,41","","-0,98%"
"26.08.2020","2.514,05","2.514,05","2.514,05","2.514,05","","1,64%"
"25.08.2020","2.473,60","2.473,60","2.473,60","2.473,60","","-0,85%"
"24.08.2020","2.494,74","2.494,74","2.494,74","2.494,74","","-0,10%"
"21.08.2020","2.497,36","2.497,36","2.497,36","2.497,36","","0,19%"
"20.08.2020","2.492,71","2.492,71","2.492,71","2.492,71","","2,61%"
"19.08.2020","2.429,39","2.429,39","2.429,39","2.429,39","","-0,43%"
"18.08.2020","2.439,81","2.439,81","2.439,81","2.439,81","","-1,40%"
"17.08.2020","2.474,52","2.474,52","2.474,52","2.474,52","","-0,50%"
"14.08.2020","2.486,88","2.486,88","2.486,88","2.486,88","","-0,57%"
"13.08.2020","2.501,20","2.501,20","2.501,20","2.501,20","","-0,30%"
"12.08.2020","2.508,67","2.508,67","2.508,67","2.508,67","","-0,08%"
"11.08.2020","2.510,79","2.510,79","2.510,79","2.510,79","","0,23%"
"10.08.2020","2.505,08","2.505,08","2.505,08","2.505,08","","0,32%"
"07.08.2020","2.497,05","2.497,05","2.497,05","2.497,05","","0,58%"
"06.08.2020","2.482,59","2.482,59","2.482,59","2.482,59","","-0,50%"
"05.08.2020","2.494,97","2.494,97","2.494,97","2.494,97","","1,73%"
"04.08.2020","2.452,61","2.452,61","2.452,61","2.452,61","","0,94%"
"03.08.2020","2.429,88","2.429,88","2.429,88","2.429,88","","-0,03%"
"31.07.2020","2.430,49","2.430,49","2.430,49","2.430,49","","0,94%"
"30.07.2020","2.407,90","2.407,90","2.407,90","2.407,90","","-1,55%"
"29.07.2020","2.445,85","2.445,85","2.445,85","2.445,85","","1,81%"
"28.07.2020","2.402,28","2.402,28","2.402,28","2.402,28","","2,08%"
"27.07.2020","2.353,39","2.353,39","2.353,39","2.353,39","","-1,67%"
"24.07.2020","2.393,29","2.393,29","2.393,29","2.393,29","","-1,00%"
"23.07.2020","2.417,43","2.417,43","2.417,43","2.417,43","","-1,16%"
"22.07.2020","2.445,86","2.445,86","2.445,86","2.445,86","","0,05%"
"21.07.2020","2.444,60","2.444,60","2.444,60","2.444,60","","1,00%"
"20.07.2020","2.420,33","2.420,33","2.420,33","2.420,33","","0,90%"
"17.07.2020","2.398,83","2.398,83","2.398,83","2.398,83","","-0,39%"
"16.07.2020","2.408,24","2.408,24","2.408,24","2.408,24","","-1,23%"
"15.07.2020","2.438,18","2.438,18","2.438,18","2.438,18","","0,21%"
"14.07.2020","2.432,95","2.432,95","2.432,95","2.432,95","","-0,88%"
"13.07.2020","2.454,59","2.454,59","2.454,59","2.454,59","","-0,01%"
"10.07.2020","2.454,88","2.454,88","2.454,88","2.454,88","","1,13%"
"09.07.2020","2.427,37","2.427,37","2.427,37","2.427,37","","-1,13%"
"08.07.2020","2.455,07","2.455,07","2.455,07","2.455,07","","-0,14%"
"07.07.2020","2.458,44","2.458,44","2.458,44","2.458,44","","-1,52%"
"06.07.2020","2.496,34","2.496,34","2.496,34","2.496,34","","1,34%"
"03.07.2020","2.463,23","2.463,23","2.463,23","2.463,23","","-0,15%"
"02.07.2020","2.467,01","2.467,01","2.467,01","2.467,01","","1,43%"
"01.07.2020","2.432,13","2.432,13","2.432,13","2.432,13","","1,12%"
"30.06.2020","2.405,20","2.405,20","2.405,20","2.405,20","","0,92%"
"29.06.2020","2.383,37","2.383,37","2.383,37","2.383,37","","-0,74%"
"26.06.2020","2.401,12","2.401,12","2.401,12","2.401,12","","0,25%"
"25.06.2020","2.395,22","2.395,22","2.395,22","2.395,22","","-0,07%"
"24.06.2020","2.396,95","2.396,95","2.396,95","2.396,95","","-2,60%"
"23.06.2020","2.460,99","2.460,99","2.460,99","2.460,99","","-0,21%"
"22.06.2020","2.466,05","2.466,05","2.466,05","2.466,05","","-0,84%"
"19.06.2020","2.487,06","2.487,06","2.487,06","2.487,06","","-1,29%"
"18.06.2020","2.519,57","2.519,57","2.519,57","2.519,57","","0,07%"
"17.06.2020","2.517,82","2.517,82","2.517,82","2.517,82","","0,49%"
"16.06.2020","2.505,64","2.505,64","2.505,64","2.505,64","","1,86%"
"15.06.2020","2.459,92","2.459,92","2.459,92","2.459,92","","0,29%"
"12.06.2020","2.452,75","2.452,75","2.452,75","2.452,75","","1,38%"
"11.06.2020","2.419,37","2.419,37","2.419,37","2.419,37","","-3,25%"
"10.06.2020","2.500,75","2.500,75","2.500,75","2.500,75","","-0,90%"
"09.06.2020","2.523,48","2.523,48","2.523,48","2.523,48","","-2,65%"
"08.06.2020","2.592,24","2.592,24","2.592,24","2.592,24","","-1,26%"
"05.06.2020","2.625,26","2.625,26","2.625,26","2.625,26","","2,03%"
"04.06.2020","2.572,93","2.572,93","2.572,93","2.572,93","","0,46%"
"03.06.2020","2.561,06","2.561,06","2.561,06","2.561,06","","2,52%"
"02.06.2020","2.498,19","2.498,19","2.498,19","2.498,19","","3,60%"
"01.06.2020","2.411,45","2.411,45","2.411,45","2.411,45","","1,23%"
"29.05.2020","2.382,23","2.382,23","2.382,23","2.382,23","","-0,50%"
"28.05.2020","2.394,32","2.394,32","2.394,32","2.394,32","","2,07%"
"27.05.2020","2.345,81","2.345,81","2.345,81","2.345,81","","0,26%"
"26.05.2020","2.339,62","2.339,62","2.339,62","2.339,62","","1,54%"
"25.05.2020","2.304,12","2.304,12","2.304,12","2.304,12","","1,97%"
"22.05.2020","2.259,65","2.259,65","2.259,65","2.259,65","","0,70%"
"21.05.2020","2.244,01","2.244,01","2.244,01","2.244,01","","-0,40%"
"20.05.2020","2.253,02","2.253,02","2.253,02","2.253,02","","-0,71%"
"19.05.2020","2.269,17","2.269,17","2.269,17","2.269,17","","0,16%"
"18.05.2020","2.265,51","2.265,51","2.265,51","2.265,51","","3,38%"
"15.05.2020","2.191,36","2.191,36","2.191,36","2.191,36","","0,12%"
"14.05.2020","2.188,65","2.188,65","2.188,65","2.188,65","","-2,02%"
"13.05.2020","2.233,76","2.233,76","2.233,76","2.233,76","","-1,94%"
"12.05.2020","2.278,02","2.278,02","2.278,02","2.278,02","","-2,28%"
"11.05.2020","2.331,08","2.331,08","2.331,08","2.331,08","","-0,81%"
"08.05.2020","2.350,10","2.350,10","2.350,10","2.350,10","","0,81%"
"07.05.2020","2.331,29","2.331,29","2.331,29","2.331,29","","2,16%"
"06.05.2020","2.282,00","2.282,00","2.282,00","2.282,00","","-0,96%"
"05.05.2020","2.304,20","2.304,20","2.304,20","2.304,20","","2,47%"
"04.05.2020","2.248,58","2.248,58","2.248,58","2.248,58","","-3,26%"
"01.05.2020","2.324,46","2.324,46","2.324,46","2.324,46","","-0,97%"
"30.04.2020","2.347,15","2.347,15","2.347,15","2.347,15","","-0,49%"
"29.04.2020","2.358,73","2.358,73","2.358,73","2.358,73","","2,18%"
"28.04.2020","2.308,41","2.308,41","2.308,41","2.308,41","","1,28%"
"27.04.2020","2.279,34","2.279,34","2.279,34","2.279,34","","0,64%"
"24.04.2020","2.264,76","2.264,76","2.264,76","2.264,76","","-0,35%"
"23.04.2020","2.272,68","2.272,68","2.272,68","2.272,68","","1,02%"
"22.04.2020","2.249,72","2.249,72","2.249,72","2.249,72","","0,85%"
"21.04.2020","2.230,81","2.230,81","2.230,81","2.230,81","","-2,37%"
"20.04.2020","2.284,99","2.284,99","2.284,99","2.284,99","","-0,88%"
"17.04.2020","2.305,30","2.305,30","2.305,30","2.305,30","","2,07%"
"16.04.2020","2.258,58","2.258,58","2.258,58","2.258,58","","-0,76%"
"15.04.2020","2.275,78","2.275,78","2.275,78","2.275,78","","-2,86%"
"14.04.2020","2.342,67","2.342,67","2.342,67","2.342,67","","-2,25%"
"13.04.2020","2.396,60","2.396,60","2.396,60","2.396,60","","0,16%"
"10.04.2020","2.392,68","2.392,68","2.392,68","2.392,68","","0,00%"
"09.04.2020","2.392,68","2.392,68","2.392,68","2.392,68","","3,00%"
"08.04.2020","2.323,01","2.323,01","2.323,01","2.323,01","","1,65%"
"07.04.2020","2.285,37","2.285,37","2.285,37","2.285,37","","2,91%"
"06.04.2020","2.220,70","2.220,70","2.220,70","2.220,70","","2,86%"
"03.04.2020","2.158,93","2.158,93","2.158,93","2.158,93","","-1,52%"
"02.04.2020","2.192,28","2.192,28","2.192,28","2.192,28","","-0,03%"
"01.04.2020","2.192,90","2.192,90","2.192,90","2.192,90","","-3,21%"
"31.03.2020","2.265,69","2.265,69","2.265,69","2.265,69","","2,79%"
"30.03.2020","2.204,17","2.204,17","2.204,17","2.204,17","","0,49%"
"27.03.2020","2.193,35","2.193,35","2.193,35","2.193,35","","-2,34%"
"26.03.2020","2.245,82","2.245,82","2.245,82","2.245,82","","1,84%"
"25.03.2020","2.205,23","2.205,23","2.205,23","2.205,23","","1,59%"
"24.03.2020","2.170,62","2.170,62","2.170,62","2.170,62","","9,47%"
"23.03.2020","1.982,91","1.982,91","1.982,91","1.982,91","","-5,08%"
"20.03.2020","2.089,04","2.089,04","2.089,04","2.089,04","","5,96%"
"19.03.2020","1.971,58","1.971,58","1.971,58","1.971,58","","3,35%"
"18.03.2020","1.907,59","1.907,59","1.907,59","1.907,59","","-5,23%"
"17.03.2020","2.012,82","2.012,82","2.012,82","2.012,82","","-3,69%"
"16.03.2020","2.089,88","2.089,88","2.089,88","2.089,88","","-9,71%"
"13.03.2020","2.314,75","2.314,75","2.314,75","2.314,75","","-1,26%"
"12.03.2020","2.344,23","2.344,23","2.344,23","2.344,23","","-11,50%"
"11.03.2020","2.648,96","2.648,96","2.648,96","2.648,96","","-0,67%"
"10.03.2020","2.666,85","2.666,85","2.666,85","2.666,85","","-2,52%"
"09.03.2020","2.735,69","2.735,69","2.735,69","2.735,69","","-5,46%"
"06.03.2020","2.893,78","2.893,78","2.893,78","2.893,78","","-3,07%"
"05.03.2020","2.985,31","2.985,31","2.985,31","2.985,31","","-0,87%"
"04.03.2020","3.011,52","3.011,52","3.011,52","3.011,52","","1,89%"
"03.03.2020","2.955,65","2.955,65","2.955,65","2.955,65","","2,69%"
"02.03.2020","2.878,10","2.878,10","2.878,10","2.878,10","","-0,12%"
"28.02.2020","2.881,45","2.881,45","2.881,45","2.881,45","","-4,04%"
"27.02.2020","3.002,70","3.002,70","3.002,70","3.002,70","","-3,76%"
"26.02.2020","3.119,89","3.119,89","3.119,89","3.119,89","","-0,88%"
"25.02.2020","3.147,70","3.147,70","3.147,70","3.147,70","","-1,49%"
"24.02.2020","3.195,17","3.195,17","3.195,17","3.195,17","","-1,93%"
"21.02.2020","3.257,93","3.257,93","3.257,93","3.257,93","","0,21%"
"20.02.2020","3.251,02","3.251,02","3.251,02","3.251,02","","-0,78%"
"19.02.2020","3.276,70","3.276,70","3.276,70","3.276,70","","0,66%"
"18.02.2020","3.255,25","3.255,25","3.255,25","3.255,25","","0,21%"
"17.02.2020","3.248,52","3.248,52","3.248,52","3.248,52","","-0,44%"
"14.02.2020","3.262,88","3.262,88","3.262,88","3.262,88","","1,57%"
"13.02.2020","3.212,44","3.212,44","3.212,44","3.212,44","","0,61%"
"12.02.2020","3.192,83","3.192,83","3.192,83","3.192,83","","0,04%"
"11.02.2020","3.191,40","3.191,40","3.191,40","3.191,40","","0,81%"
"10.02.2020","3.165,70","3.165,70","3.165,70","3.165,70","","0,79%"
"07.02.2020","3.140,81","3.140,81","3.140,81","3.140,81","","-0,05%"
"06.02.2020","3.142,39","3.142,39","3.142,39","3.142,39","","0,33%"
"05.02.2020","3.132,21","3.132,21","3.132,21","3.132,21","","0,13%"
"04.02.2020","3.128,09","3.128,09","3.128,09","3.128,09","","0,60%"
"03.02.2020","3.109,50","3.109,50","3.109,50","3.109,50","","-0,16%"
"31.01.2020","3.114,34","3.114,34","3.114,34","3.114,34","","-0,12%"
"30.01.2020","3.118,15","3.118,15","3.118,15","3.118,15","","-0,34%"
"29.01.2020","3.128,92","3.128,92","3.128,92","3.128,92","","0,95%"
"28.01.2020","3.099,50","3.099,50","3.099,50","3.099,50","","0,13%"
"27.01.2020","3.095,60","3.095,60","3.095,60","3.095,60","","-1,64%"
"24.01.2020","3.147,35","3.147,35","3.147,35","3.147,35","","1,08%"
"23.01.2020","3.113,58","3.113,58","3.113,58","3.113,58","","0,09%"
"22.01.2020","3.110,92","3.110,92","3.110,92","3.110,92","","0,51%"
"21.01.2020","3.095,06","3.095,06","3.095,06","3.095,06","","0,02%"
"20.01.2020","3.094,43","3.094,43","3.094,43","3.094,43","","-0,26%"
"17.01.2020","3.102,54","3.102,54","3.102,54","3.102,54","","0,59%"
"16.01.2020","3.084,41","3.084,41","3.084,41","3.084,41","","0,94%"
"15.01.2020","3.055,60","3.055,60","3.055,60","3.055,60","","0,05%"
"14.01.2020","3.054,08","3.054,08","3.054,08","3.054,08","","0,29%"
"13.01.2020","3.045,37","3.045,37","3.045,37","3.045,37","","0,31%"
"10.01.2020","3.036,03","3.036,03","3.036,03","3.036,03","","-0,23%"
"09.01.2020","3.043,04","3.043,04","3.043,04","3.043,04","","-0,17%"
"08.01.2020","3.048,10","3.048,10","3.048,10","3.048,10","","-0,94%"
"07.01.2020","3.076,96","3.076,96","3.076,96","3.076,96","","0,40%"
"06.01.2020","3.064,65","3.064,65","3.064,65","3.064,65","","-0,71%"
"03.01.2020","3.086,55","3.086,55","3.086,55","3.086,55","","0,28%"
"02.01.2020","3.078,06","3.078,06","3.078,06","3.078,06","","0,48%"
"31.12.2019","3.063,31","3.063,31","3.063,31","3.063,31","","0,22%"
"30.12.2019","3.056,62","3.056,62","3.056,62","3.056,62","","-0,49%"
"27.12.2019","3.071,52","3.071,52","3.071,52","3.071,52","","1,18%"
"26.12.2019","3.035,79","3.035,79","3.035,79","3.035,79","","0,04%"
"25.12.2019","3.034,66","3.034,66","3.034,66","3.034,66","","0,00%"
"24.12.2019","3.034,66","3.034,66","3.034,66","3.034,66","","0,30%"
"23.12.2019","3.025,48","3.025,48","3.025,48","3.025,48","","0,08%"
"20.12.2019","3.023,04","3.023,04","3.023,04","3.023,04","","0,48%"
"19.12.2019","3.008,52","3.008,52","3.008,52","3.008,52","","0,58%"
"18.12.2019","2.991,18","2.991,18","2.991,18","2.991,18","","0,23%"
"17.12.2019","2.984,32","2.984,32","2.984,32","2.984,32","","-1,02%"
"16.12.2019","3.014,96","3.014,96","3.014,96","3.014,96","","1,03%"
"13.12.2019","2.984,34","2.984,34","2.984,34","2.984,34","","1,17%"
"12.12.2019","2.949,88","2.949,88","2.949,88","2.949,88","","-0,94%"
"11.12.2019","2.977,90","2.977,90","2.977,90","2.977,90","","-0,69%"
"10.12.2019","2.998,48","2.998,48","2.998,48","2.998,48","","-0,04%"
"09.12.2019","2.999,70","2.999,70","2.999,70","2.999,70","","0,12%"
"08.12.2019","2.996,09","2.996,09","2.996,09","2.996,09","","0,00%"
"06.12.2019","2.996,09","2.996,09","2.996,09","2.996,09","","1,27%"
"05.12.2019","2.958,59","2.958,59","2.958,59","2.958,59","","0,28%"
"04.12.2019","2.950,46","2.950,46","2.950,46","2.950,46","","0,46%"
"03.12.2019","2.936,94","2.936,94","2.936,94","2.936,94","","0,14%"
"02.12.2019","2.932,75","2.932,75","2.932,75","2.932,75","","-1,65%"
"29.11.2019","2.981,82","2.981,82","2.981,82","2.981,82","","0,23%"
"28.11.2019","2.974,97","2.974,97","2.974,97","2.974,97","","0,00%"
"27.11.2019","2.974,97","2.974,97","2.974,97","2.974,97","","0,19%"
"26.11.2019","2.969,24","2.969,24","2.969,24","2.969,24","","1,03%"
"25.11.2019","2.938,84","2.938,84","2.938,84","2.938,84","","0,78%"
"22.11.2019","2.916,20","2.916,20","2.916,20","2.916,20","","-0,04%"
"21.11.2019","2.917,36","2.917,36","2.917,36","2.917,36","","-0,87%"
"20.11.2019","2.942,85","2.942,85","2.942,85","2.942,85","","-0,76%"
"19.11.2019","2.965,52","2.965,52","2.965,52","2.965,52","","-0,03%"
"18.11.2019","2.966,30","2.966,30","2.966,30","2.966,30","","1,30%"
"15.11.2019","2.928,33","2.928,33","2.928,33","2.928,33","","0,47%"
"14.11.2019","2.914,67","2.914,67","2.914,67","2.914,67","","0,66%"
"13.11.2019","2.895,45","2.895,45","2.895,45","2.895,45","","0,22%"
"12.11.2019","2.889,08","2.889,08","2.889,08","2.889,08","","0,00%"
"11.11.2019","2.889,08","2.889,08","2.889,08","2.889,08","","0,34%"
"08.11.2019","2.879,41","2.879,41","2.879,41","2.879,41","","-0,89%"
"07.11.2019","2.905,20","2.905,20","2.905,20","2.905,20","","0,20%"
"05.11.2019","2.899,48","2.899,48","2.899,48","2.899,48","","-0,34%"
"04.11.2019","2.909,33","2.909,33","2.909,33","2.909,33","","0,56%"
"01.11.2019","2.893,19","2.893,19","2.893,19","2.893,19","","-0,22%"
"31.10.2019","2.899,63","2.899,63","2.899,63","2.899,63","","0,00%"
"30.10.2019","2.899,68","2.899,68","2.899,68","2.899,68","","0,48%"
"29.10.2019","2.885,69","2.885,69","2.885,69","2.885,69","","0,10%"
"28.10.2019","2.882,71","2.882,71","2.882,71","2.882,71","","0,13%"
"25.10.2019","2.878,91","2.878,91","2.878,91","2.878,91","","-0,37%"
"24.10.2019","2.889,66","2.889,66","2.889,66","2.889,66","","-0,68%"
"23.10.2019","2.909,35","2.909,35","2.909,35","2.909,35","","0,12%"
"22.10.2019","2.905,74","2.905,74","2.905,74","2.905,74","","-0,02%"
"21.10.2019","2.906,42","2.906,42","2.906,42","2.906,42","","-0,24%"
"18.10.2019","2.913,53","2.913,53","2.913,53","2.913,53","","-0,08%"
"17.10.2019","2.915,78","2.915,78","2.915,78","2.915,78","","0,71%"
"16.10.2019","2.895,19","2.895,19","2.895,19","2.895,19","","-0,19%"
"15.10.2019","2.900,82","2.900,82","2.900,82","2.900,82","","1,95%"
"14.10.2019","2.845,32","2.845,32","2.845,32","2.845,32","","-0,28%"
"11.10.2019","2.853,41","2.853,41","2.853,41","2.853,41","","2,40%"
"10.10.2019","2.786,62","2.786,62","2.786,62","2.786,62","","-0,03%"
"09.10.2019","2.787,38","2.787,38","2.787,38","2.787,38","","0,60%"
"08.10.2019","2.770,82","2.770,82","2.770,82","2.770,82","","-0,81%"
"07.10.2019","2.793,46","2.793,46","2.793,46","2.793,46","","0,55%"
"04.10.2019","2.778,29","2.778,29","2.778,29","2.778,29","","0,78%"
"03.10.2019","2.756,73","2.756,73","2.756,73","2.756,73","","0,27%"
"02.10.2019","2.749,27","2.749,27","2.749,27","2.749,27","","-1,57%"
"01.10.2019","2.793,23","2.793,23","2.793,23","2.793,23","","-0,68%"
"30.09.2019","2.812,48","2.812,48","2.812,48","2.812,48","","0,82%"
"27.09.2019","2.789,62","2.789,62","2.789,62","2.789,62","","-0,01%"
"26.09.2019","2.789,96","2.789,96","2.789,96","2.789,96","","1,56%"
"25.09.2019","2.747,15","2.747,15","2.747,15","2.747,15","","0,15%"
"24.09.2019","2.743,14","2.743,14","2.743,14","2.743,14","","0,27%"
"23.09.2019","2.735,70","2.735,70","2.735,70","2.735,70","","-0,24%"
"20.09.2019","2.742,20","2.742,20","2.742,20","2.742,20","","0,46%"
"19.09.2019","2.729,52","2.729,52","2.729,52","2.729,52","","0,54%"
"18.09.2019","2.714,92","2.714,92","2.714,92","2.714,92","","0,97%"
"17.09.2019","2.688,81","2.688,81","2.688,81","2.688,81","","1,17%"
"16.09.2019","2.657,67","2.657,67","2.657,67","2.657,67","","-0,65%"
"14.09.2019","2.675,08","2.675,08","2.675,08","2.675,08","","0,00%"
"13.09.2019","2.675,08","2.675,08","2.675,08","2.675,08","","0,46%"
"12.09.2019","2.662,72","2.662,72","2.662,72","2.662,72","","-0,55%"
"11.09.2019","2.677,57","2.677,57","2.677,57","2.677,57","","1,18%"
"10.09.2019","2.646,26","2.646,26","2.646,26","2.646,26","","0,16%"
"09.09.2019","2.642,11","2.642,11","2.642,11","2.642,11","","-1,12%"
"06.09.2019","2.672,12","2.672,12","2.672,12","2.672,12","","0,13%"
"05.09.2019","2.668,63","2.668,63","2.668,63","2.668,63","","-0,65%"
"04.09.2019","2.686,15","2.686,15","2.686,15","2.686,15","","0,52%"
"03.09.2019","2.672,22","2.672,22","2.672,22","2.672,22","","-0,29%"
"02.09.2019","2.679,95","2.679,95","2.679,95","2.679,95","","-0,39%"
"30.08.2019","2.690,39","2.690,39","2.690,39","2.690,39","","1,78%"
"29.08.2019","2.643,45","2.643,45","2.643,45","2.643,45","","-0,41%"
"28.08.2019","2.654,41","2.654,41","2.654,41","2.654,41","","-0,37%"
"27.08.2019","2.664,23","2.664,23","2.664,23","2.664,23","","1,29%"
"26.08.2019","2.630,23","2.630,23","2.630,23","2.630,23","","-0,28%"
"23.08.2019","2.637,58","2.637,58","2.637,58","2.637,58","","0,25%"
"22.08.2019","2.631,13","2.631,13","2.631,13","2.631,13","","0,15%"
"21.08.2019","2.627,25","2.627,25","2.627,25","2.627,25","","1,11%"
"20.08.2019","2.598,28","2.598,28","2.598,28","2.598,28","","-0,97%"
"19.08.2019","2.623,79","2.623,79","2.623,79","2.623,79","","0,74%"
"16.08.2019","2.604,56","2.604,56","2.604,56","2.604,56","","1,03%"
"15.08.2019","2.578,08","2.578,08","2.578,08","2.578,08","","0,21%"
"14.08.2019","2.572,72","2.572,72","2.572,72","2.572,72","","-34,99%"
"13.08.2019","3.957,67","3.957,67","3.957,67","3.957,67","","52,63%"
"12.08.2019","2.593,04","2.593,04","2.593,04","2.593,04","","-0,16%"
"09.08.2019","2.597,26","2.597,26","2.597,26","2.597,26","","0,21%"
"08.08.2019","2.591,76","2.591,76","2.591,76","2.591,76","","0,49%"
"07.08.2019","2.579,10","2.579,10","2.579,10","2.579,10","","0,42%"
"06.08.2019","2.568,38","2.568,38","2.568,38","2.568,38","","-0,27%"
"05.08.2019","2.575,45","2.575,45","2.575,45","2.575,45","","-1,61%"
"02.08.2019","2.617,66","2.617,66","2.617,66","2.617,66","","-0,05%"
"01.08.2019","2.618,91","2.618,91","2.618,91","2.618,91","","0,56%"
"31.07.2019","2.604,39","2.604,39","2.604,39","2.604,39","","-1,17%"
"30.07.2019","2.635,25","2.635,25","2.635,25","2.635,25","","-1,27%"
"29.07.2019","2.669,14","2.669,14","2.669,14","2.669,14","","0,46%"
"26.07.2019","2.657,01","2.657,01","2.657,01","2.657,01","","-0,72%"
"25.07.2019","2.676,19","2.676,19","2.676,19","2.676,19","","-0,21%"
"24.07.2019","2.681,71","2.681,71","2.681,71","2.681,71","","0,63%"
"23.07.2019","2.664,81","2.664,81","2.664,81","2.664,81","","0,34%"
"22.07.2019","2.655,82","2.655,82","2.655,82","2.655,82","","-0,38%"
"19.07.2019","2.665,82","2.665,82","2.665,82","2.665,82","","0,14%"
"18.07.2019","2.661,98","2.661,98","2.661,98","2.661,98","","0,20%"
"17.07.2019","2.656,67","2.656,67","2.656,67","2.656,67","","0,52%"
"16.07.2019","2.642,83","2.642,83","2.642,83","2.642,83","","-1,06%"
"15.07.2019","2.671,05","2.671,05","2.671,05","2.671,05","","0,00%"
"12.07.2019","2.671,17","2.671,17","2.671,17","2.671,17","","0,28%"
"11.07.2019","2.663,63","2.663,63","2.663,63","2.663,63","","-0,20%"
"10.07.2019","2.668,84","2.668,84","2.668,84","2.668,84","","-0,85%"
"09.07.2019","2.691,79","2.691,79","2.691,79","2.691,79","","0,55%"
"08.07.2019","2.677,01","2.677,01","2.677,01","2.677,01","","0,40%"
"05.07.2019","2.666,40","2.666,40","2.666,40","2.666,40","","-0,89%"
"04.07.2019","2.690,31","2.690,31","2.690,31","2.690,31","","0,83%"
"03.07.2019","2.668,12","2.668,12","2.668,12","2.668,12","","1,56%"
"02.07.2019","2.627,20","2.627,20","2.627,20","2.627,20","","0,49%"
"01.07.2019","2.614,46","2.614,46","2.614,46","2.614,46","","0,91%"
"28.06.2019","2.590,94","2.590,94","2.590,94","2.590,94","","1,25%"
"27.06.2019","2.558,89","2.558,89","2.558,89","2.558,89","","-0,80%"
"26.06.2019","2.579,55","2.579,55","2.579,55","2.579,55","","-1,22%"
"25.06.2019","2.611,50","2.611,50","2.611,50","2.611,50","","0,14%"
"24.06.2019","2.607,83","2.607,83","2.607,83","2.607,83","","-0,53%"
"21.06.2019","2.621,83","2.621,83","2.621,83","2.621,83","","-0,30%"
"20.06.2019","2.629,85","2.629,85","2.629,85","2.629,85","","-0,83%"
"19.06.2019","2.651,83","2.651,83","2.651,83","2.651,83","","-1,00%"
"18.06.2019","2.678,51","2.678,51","2.678,51","2.678,51","","0,38%"
"17.06.2019","2.668,39","2.668,39","2.668,39","2.668,39","","0,07%"
"15.06.2019","2.666,63","2.666,63","2.666,63","2.666,63","","0,00%"
"14.06.2019","2.666,63","2.666,63","2.666,63","2.666,63","","-0,14%"
"13.06.2019","2.670,35","2.670,35","2.670,35","2.670,35","","0,83%"
"12.06.2019","2.648,35","2.648,35","2.648,35","2.648,35","","-0,19%"
"11.06.2019","2.653,29","2.653,29","2.653,29","2.653,29","","0,34%"
"10.06.2019","2.644,21","2.644,21","2.644,21","2.644,21","","0,27%"
"07.06.2019","2.637,18","2.637,18","2.637,18","2.637,18","","-0,43%"
"06.06.2019","2.648,65","2.648,65","2.648,65","2.648,65","","-1,76%"
"05.06.2019","2.696,19","2.696,19","2.696,19","2.696,19","","0,96%"
"04.06.2019","2.670,56","2.670,56","2.670,56","2.670,56","","0,08%"
"03.06.2019","2.668,39","2.668,39","2.668,39","2.668,39","","-0,01%"
"31.05.2019","2.668,79","2.668,79","2.668,79","2.668,79","","0,48%"
"30.05.2019","2.655,91","2.655,91","2.655,91","2.655,91","","-0,23%"
"29.05.2019","2.662,02","2.662,02","2.662,02","2.662,02","","-0,44%"
"28.05.2019","2.673,91","2.673,91","2.673,91","2.673,91","","-0,80%"
"27.05.2019","2.695,54","2.695,54","2.695,54","2.695,54","","0,08%"
"24.05.2019","2.693,32","2.693,32","2.693,32","2.693,32","","0,89%"
"23.05.2019","2.669,46","2.669,46","2.669,46","2.669,46","","-0,81%"
"22.05.2019","2.691,36","2.691,36","2.691,36","2.691,36","","-1,14%"
"21.05.2019","2.722,44","2.722,44","2.722,44","2.722,44","","0,54%"
"20.05.2019","2.707,78","2.707,78","2.707,78","2.707,78","","-0,14%"
"17.05.2019","2.711,53","2.711,53","2.711,53","2.711,53","","-0,71%"
"16.05.2019","2.730,89","2.730,89","2.730,89","2.730,89","","0,64%"
"15.05.2019","2.713,56","2.713,56","2.713,56","2.713,56","","0,42%"
"14.05.2019","2.702,30","2.702,30","2.702,30","2.702,30","","0,09%"
"13.05.2019","2.699,83","2.699,83","2.699,83","2.699,83","","-0,18%"
"10.05.2019","2.704,77","2.704,77","2.704,77","2.704,77","","0,35%"
"09.05.2019","2.695,23","2.695,23","2.695,23","2.695,23","","0,23%"
"08.05.2019","2.689,06","2.689,06","2.689,06","2.689,06","","-0,70%"
"07.05.2019","2.707,97","2.707,97","2.707,97","2.707,97","","0,88%"
"06.05.2019","2.684,40","2.684,40","2.684,40","2.684,40","","-0,26%"
"03.05.2019","2.691,47","2.691,47","2.691,47","2.691,47","","-0,25%"
"02.05.2019","2.698,26","2.698,26","2.698,26","2.698,26","","0,72%"
"01.05.2019","2.678,89","2.678,89","2.678,89","2.678,89","","-0,01%"
"30.04.2019","2.679,05","2.679,05","2.679,05","2.679,05","","-0,36%"
"29.04.2019","2.688,74","2.688,74","2.688,74","2.688,74","","-0,10%"
"26.04.2019","2.691,32","2.691,32","2.691,32","2.691,32","","-0,33%"
"25.04.2019","2.700,10","2.700,10","2.700,10","2.700,10","","-0,64%"
"24.04.2019","2.717,51","2.717,51","2.717,51","2.717,51","","1,44%"
"23.04.2019","2.678,96","2.678,96","2.678,96","2.678,96","","0,14%"
"22.04.2019","2.675,25","2.675,25","2.675,25","2.675,25","","-0,13%"
"19.04.2019","2.678,71","2.678,71","2.678,71","2.678,71","","0,00%"
"18.04.2019","2.678,71","2.678,71","2.678,71","2.678,71","","0,25%"
"17.04.2019","2.671,98","2.671,98","2.671,98","2.671,98","","-0,92%"
"16.04.2019","2.696,91","2.696,91","2.696,91","2.696,91","","0,22%"
"15.04.2019","2.691,09","2.691,09","2.691,09","2.691,09","","-0,10%"
"12.04.2019","2.693,71","2.693,71","2.693,71","2.693,71","","-0,54%"
"11.04.2019","2.708,29","2.708,29","2.708,29","2.708,29","","0,21%"
"10.04.2019","2.702,63","2.702,63","2.702,63","2.702,63","","1,54%"
"09.04.2019","2.661,72","2.661,72","2.661,72","2.661,72","","-0,97%"
"08.04.2019","2.687,75","2.687,75","2.687,75","2.687,75","","-1,01%"
"05.04.2019","2.715,21","2.715,21","2.715,21","2.715,21","","-0,79%"
"04.04.2019","2.736,85","2.736,85","2.736,85","2.736,85","","-0,42%"
"03.04.2019","2.748,28","2.748,28","2.748,28","2.748,28","","0,70%"
"02.04.2019","2.729,27","2.729,27","2.729,27","2.729,27","","0,19%"
"01.04.2019","2.724,16","2.724,16","2.724,16","2.724,16","","0,70%"
"29.03.2019","2.705,30","2.705,30","2.705,30","2.705,30","","0,03%"
"28.03.2019","2.704,42","2.704,42","2.704,42","2.704,42","","-0,46%"
"27.03.2019","2.716,92","2.716,92","2.716,92","2.716,92","","0,03%"
"26.03.2019","2.716,24","2.716,24","2.716,24","2.716,24","","0,96%"
"25.03.2019","2.690,48","2.690,48","2.690,48","2.690,48","","-0,40%"
"23.03.2019","2.701,28","2.701,28","2.701,28","2.701,28","","0,00%"
"22.03.2019","2.701,28","2.701,28","2.701,28","2.701,28","","0,02%"
"21.03.2019","2.700,75","2.700,75","2.700,75","2.700,75","","0,22%"
"20.03.2019","2.694,91","2.694,91","2.694,91","2.694,91","","-0,69%"
"19.03.2019","2.713,64","2.713,64","2.713,64","2.713,64","","0,39%"
"18.03.2019","2.703,21","2.703,21","2.703,21","2.703,21","","0,15%"
"15.03.2019","2.699,11","2.699,11","2.699,11","2.699,11","","0,25%"
"14.03.2019","2.692,46","2.692,46","2.692,46","2.692,46","","1,11%"
"13.03.2019","2.662,95","2.662,95","2.662,95","2.662,95","","0,44%"
"12.03.2019","2.651,20","2.651,20","2.651,20","2.651,20","","0,24%"
"11.03.2019","2.644,73","2.644,73","2.644,73","2.644,73","","0,38%"
"08.03.2019","2.634,79","2.634,79","2.634,79","2.634,79","","0,73%"
"07.03.2019","2.615,82","2.615,82","2.615,82","2.615,82","","0,91%"
"06.03.2019","2.592,20","2.592,20","2.592,20","2.592,20","","-0,55%"
"05.03.2019","2.606,44","2.606,44","2.606,44","2.606,44","","0,46%"
"04.03.2019","2.594,42","2.594,42","2.594,42","2.594,42","","-0,02%"
"02.03.2019","2.595,02","2.595,02","2.595,02","2.595,02","","0,00%"
"01.03.2019","2.595,02","2.595,02","2.595,02","2.595,02","","-0,14%"
"28.02.2019","2.598,77","2.598,77","2.598,77","2.598,77","","0,04%"
"27.02.2019","2.597,80","2.597,80","2.597,80","2.597,80","","-0,15%"
"26.02.2019","2.601,62","2.601,62","2.601,62","2.601,62","","0,81%"
"25.02.2019","2.580,59","2.580,59","2.580,59","2.580,59","","-0,41%"
"23.02.2019","2.591,15","2.591,15","2.591,15","2.591,15","","0,00%"
"22.02.2019","2.591,15","2.591,15","2.591,15","2.591,15","","-0,17%"
"21.02.2019","2.595,52","2.595,52","2.595,52","2.595,52","","0,35%"
"20.02.2019","2.586,41","2.586,41","2.586,41","2.586,41","","-0,47%"
"19.02.2019","2.598,65","2.598,65","2.598,65","2.598,65","","-0,18%"
"18.02.2019","2.603,39","2.603,39","2.603,39","2.603,39","","0,49%"
"16.02.2019","2.590,62","2.590,62","2.590,62","2.590,62","","0,00%"
"15.02.2019","2.590,62","2.590,62","2.590,62","2.590,62","","0,37%"
"14.02.2019","2.580,99","2.580,99","2.580,99","2.580,99","","-0,76%"
"13.02.2019","2.600,70","2.600,70","2.600,70","2.600,70","","-0,45%"
"12.02.2019","2.612,48","2.612,48","2.612,48","2.612,48","","-0,42%"
"11.02.2019","2.623,38","2.623,38","2.623,38","2.623,38","","0,59%"
"08.02.2019","2.607,92","2.607,92","2.607,92","2.607,92","","-0,72%"
"07.02.2019","2.626,72","2.626,72","2.626,72","2.626,72","","-0,15%"
"06.02.2019","2.630,75","2.630,75","2.630,75","2.630,75","","0,25%"
"05.02.2019","2.624,25","2.624,25","2.624,25","2.624,25","","-0,32%"
"04.02.2019","2.632,65","2.632,65","2.632,65","2.632,65","","0,28%"
"01.02.2019","2.625,40","2.625,40","2.625,40","2.625,40","","-0,19%"
"31.01.2019","2.630,33","2.630,33","2.630,33","2.630,33","","-0,64%"
"30.01.2019","2.647,29","2.647,29","2.647,29","2.647,29","","0,72%"
"29.01.2019","2.628,44","2.628,44","2.628,44","2.628,44","","1,29%"
"28.01.2019","2.595,03","2.595,03","2.595,03","2.595,03","","0,36%"
"26.01.2019","2.585,60","2.585,60","2.585,60","2.585,60","","0,00%"
"25.01.2019","2.585,60","2.585,60","2.585,60","2.585,60","","0,80%"
"24.01.2019","2.564,99","2.564,99","2.564,99","2.564,99","","0,19%"
"23.01.2019","2.560,00","2.560,00","2.560,00","2.560,00","","0,98%"
"22.01.2019","2.535,14","2.535,14","2.535,14","2.535,14","","-0,07%"
"21.01.2019","2.537,02","2.537,02","2.537,02","2.537,02","","0,10%"
"19.01.2019","2.534,49","2.534,49","2.534,49","2.534,49","","0,00%"
"18.01.2019","2.534,49","2.534,49","2.534,49","2.534,49","","0,93%"
"17.01.2019","2.511,10","2.511,10","2.511,10","2.511,10","","0,18%"
"16.01.2019","2.506,49","2.506,49","2.506,49","2.506,49","","0,84%"
"15.01.2019","2.485,49","2.485,49","2.485,49","2.485,49","","0,01%"
"14.01.2019","2.485,22","2.485,22","2.485,22","2.485,22","","0,10%"
"12.01.2019","2.482,79","2.482,79","2.482,79","2.482,79","","0,00%"
"11.01.2019","2.482,79","2.482,79","2.482,79","2.482,79","","1,05%"
"10.01.2019","2.457,00","2.457,00","2.457,00","2.457,00","","0,00%"
"09.01.2019","2.457,00","2.457,00","2.457,00","2.457,00","","-0,39%"
"08.01.2019","2.466,52","2.466,52","2.466,52","2.466,52","","1,54%"
"07.01.2019","2.429,22","2.429,22","2.429,22","2.429,22","","0,49%"
"04.01.2019","2.417,37","2.417,37","2.417,37","2.417,37","","1,78%"
"03.01.2019","2.374,99","2.374,99","2.374,99","2.374,99","","0,00%"
"02.01.2019","2.374,99","2.374,99","2.374,99","2.374,99","","-0,37%"
"01.01.2019","2.383,74","2.383,74","2.383,74","2.383,74","","0,00%"
"31.12.2018","2.383,74","2.383,74","2.383,74","2.383,74","","0,64%"
"29.12.2018","2.368,50","2.368,50","2.368,50","2.368,50","","0,00%"
"28.12.2018","2.368,50","2.368,50","2.368,50","2.368,50","","0,83%"
"27.12.2018","2.349,07","2.349,07","2.349,07","2.349,07","","-2,29%"
"26.12.2018","2.404,21","2.404,21","2.404,21","2.404,21","","-0,13%"
"25.12.2018","2.407,32","2.407,32","2.407,32","2.407,32","","0,00%"
"24.12.2018","2.407,32","2.407,32","2.407,32","2.407,32","","-0,42%"
"22.12.2018","2.417,48","2.417,48","2.417,48","2.417,48","","0,00%"
"21.12.2018","2.417,48","2.417,48","2.417,48","2.417,48","","-0,55%"
"20.12.2018","2.430,77","2.430,77","2.430,77","2.430,77","","-0,75%"
"19.12.2018","2.449,09","2.449,09","2.449,09","2.449,09","","0,38%"
"18.12.2018","2.439,94","2.439,94","2.439,94","2.439,94","","-0,45%"
"17.12.2018","2.451,02","2.451,02","2.451,02","2.451,02","","-1,12%"
"14.12.2018","2.478,86","2.478,86","2.478,86","2.478,86","","-0,01%"
"13.12.2018","2.479,03","2.479,03","2.479,03","2.479,03","","-0,51%"
"12.12.2018","2.491,72","2.491,72","2.491,72","2.491,72","","1,69%"
"11.12.2018","2.450,34","2.450,34","2.450,34","2.450,34","","0,12%"
"10.12.2018","2.447,50","2.447,50","2.447,50","2.447,50","","-1,33%"
"08.12.2018","2.480,58","2.480,58","2.480,58","2.480,58","","0,00%"
"07.12.2018","2.480,58","2.480,58","2.480,58","2.480,58","","0,88%"
"06.12.2018","2.459,06","2.459,06","2.459,06","2.459,06","","-0,85%"
"05.12.2018","2.480,03","2.480,03","2.480,03","2.480,03","","0,30%"
"04.12.2018","2.472,71","2.472,71","2.472,71","2.472,71","","-0,10%"
"03.12.2018","2.475,23","2.475,23","2.475,23","2.475,23","","-1,28%"
"30.11.2018","2.507,43","2.507,43","2.507,43","2.507,43","","-0,71%"
"29.11.2018","2.525,31","2.525,31","2.525,31","2.525,31","","-1,30%"
"28.11.2018","2.558,53","2.558,53","2.558,53","2.558,53","","0,11%"
"27.11.2018","2.555,62","2.555,62","2.555,62","2.555,62","","0,25%"
"26.11.2018","2.549,28","2.549,28","2.549,28","2.549,28","","1,48%"
"24.11.2018","2.512,20","2.512,20","2.512,20","2.512,20","","-0,77%"
"23.11.2018","2.531,81","2.531,81","2.531,81","2.531,81","","0,78%"
"22.11.2018","2.512,20","2.512,20","2.512,20","2.512,20","","-0,37%"
"21.11.2018","2.521,60","2.521,60","2.521,60","2.521,60","","1,28%"
"20.11.2018","2.489,72","2.489,72","2.489,72","2.489,72","","-1,43%"
"19.11.2018","2.525,94","2.525,94","2.525,94","2.525,94","","-0,89%"
"16.11.2018","2.548,68","2.548,68","2.548,68","2.548,68","","-0,10%"
"15.11.2018","2.551,22","2.551,22","2.551,22","2.551,22","","-2,16%"
"14.11.2018","2.607,64","2.607,64","2.607,64","2.607,64","","0,15%"
"13.11.2018","2.603,79","2.603,79","2.603,79","2.603,79","","0,59%"
"12.11.2018","2.588,44","2.588,44","2.588,44","2.588,44","","-0,63%"
"09.11.2018","2.604,81","2.604,81","2.604,81","2.604,81","","0,40%"
"08.11.2018","2.594,40","2.594,40","2.594,40","2.594,40","","0,38%"
"07.11.2018","2.584,53","2.584,53","2.584,53","2.584,53","","1,31%"
"06.11.2018","2.551,05","2.551,05","2.551,05","2.551,05","","0,72%"
"05.11.2018","2.532,72","2.532,72","2.532,72","2.532,72","","-0,38%"
"02.11.2018","2.542,47","2.542,47","2.542,47","2.542,47","","-0,22%"
"01.11.2018","2.548,03","2.548,03","2.548,03","2.548,03","","0,68%"
"31.10.2018","2.530,81","2.530,81","2.530,81","2.530,81","","0,41%"
"30.10.2018","2.520,53","2.520,53","2.520,53","2.520,53","","0,32%"
"29.10.2018","2.512,42","2.512,42","2.512,42","2.512,42","","0,12%"
"27.10.2018","2.509,32","2.509,32","2.509,32","2.509,32","","0,00%"
"26.10.2018","2.509,32","2.509,32","2.509,32","2.509,32","","-0,19%"
"25.10.2018","2.514,13","2.514,13","2.514,13","2.514,13","","0,25%"
"24.10.2018","2.507,85","2.507,85","2.507,85","2.507,85","","0,09%"
"23.10.2018","2.505,69","2.505,69","2.505,69","2.505,69","","-1,89%"
"22.10.2018","2.553,83","2.553,83","2.553,83","2.553,83","","-0,14%"
"19.10.2018","2.557,49","2.557,49","2.557,49","2.557,49","","0,21%"
"18.10.2018","2.552,19","2.552,19","2.552,19","2.552,19","","0,20%"
"17.10.2018","2.547,00","2.547,00","2.547,00","2.547,00","","1,63%"
"16.10.2018","2.506,05","2.506,05","2.506,05","2.506,05","","2,56%"
"15.10.2018","2.443,47","2.443,47","2.443,47","2.443,47","","-0,66%"
"12.10.2018","2.459,75","2.459,75","2.459,75","2.459,75","","-1,12%"
"11.10.2018","2.487,71","2.487,71","2.487,71","2.487,71","","-1,34%"
"10.10.2018","2.521,48","2.521,48","2.521,48","2.521,48","","-1,39%"
"09.10.2018","2.556,90","2.556,90","2.556,90","2.556,90","","1,07%"
"08.10.2018","2.529,92","2.529,92","2.529,92","2.529,92","","0,09%"
"05.10.2018","2.527,70","2.527,70","2.527,70","2.527,70","","-0,17%"
"04.10.2018","2.531,94","2.531,94","2.531,94","2.531,94","","-2,43%"
"03.10.2018","2.595,00","2.595,00","2.595,00","2.595,00","","0,23%"
"02.10.2018","2.588,93","2.588,93","2.588,93","2.588,93","","-0,95%"
"01.10.2018","2.613,81","2.613,81","2.613,81","2.613,81","","0,09%"
"28.09.2018","2.611,53","2.611,53","2.611,53","2.611,53","","-0,32%"
"27.09.2018","2.619,99","2.619,99","2.619,99","2.619,99","","-0,04%"
"26.09.2018","2.620,94","2.620,94","2.620,94","2.620,94","","0,52%"
"25.09.2018","2.607,44","2.607,44","2.607,44","2.607,44","","-0,29%"
"24.09.2018","2.615,10","2.615,10","2.615,10","2.615,10","","-1,14%"
"21.09.2018","2.645,23","2.645,23","2.645,23","2.645,23","","0,00%"
"20.09.2018","2.645,23","2.645,23","2.645,23","2.645,23","","0,33%"
"19.09.2018","2.636,43","2.636,43","2.636,43","2.636,43","","-0,94%"
"18.09.2018","2.661,55","2.661,55","2.661,55","2.661,55","","0,20%"
"17.09.2018","2.656,16","2.656,16","2.656,16","2.656,16","","0,23%"
"14.09.2018","2.650,14","2.650,14","2.650,14","2.650,14","","-0,12%"
"13.09.2018","2.653,42","2.653,42","2.653,42","2.653,42","","-0,35%"
"12.09.2018","2.662,79","2.662,79","2.662,79","2.662,79","","0,70%"
"11.09.2018","2.644,32","2.644,32","2.644,32","2.644,32","","0,12%"
"10.09.2018","2.641,14","2.641,14","2.641,14","2.641,14","","-0,07%"
"07.09.2018","2.643,00","2.643,00","2.643,00","2.643,00","","0,11%"
"06.09.2018","2.640,05","2.640,05","2.640,05","2.640,05","","-0,57%"
"05.09.2018","2.655,18","2.655,18","2.655,18","2.655,18","","-0,03%"
"04.09.2018","2.656,02","2.656,02","2.656,02","2.656,02","","-0,16%"
"03.09.2018","2.660,16","2.660,16","2.660,16","2.660,16","","-1,18%"
"31.08.2018","2.692,00","2.692,00","2.692,00","2.692,00","","-0,22%"
"30.08.2018","2.697,98","2.697,98","2.697,98","2.697,98","","-0,73%"
"29.08.2018","2.717,89","2.717,89","2.717,89","2.717,89","","0,88%"
"28.08.2018","2.694,05","2.694,05","2.694,05","2.694,05","","0,32%"
"27.08.2018","2.685,43","2.685,43","2.685,43","2.685,43","","0,36%"
"24.08.2018","2.675,78","2.675,78","2.675,78","2.675,78","","-0,37%"
"23.08.2018","2.685,62","2.685,62","2.685,62","2.685,62","","0,20%"
"22.08.2018","2.680,29","2.680,29","2.680,29","2.680,29","","0,22%"
"21.08.2018","2.674,44","2.674,44","2.674,44","2.674,44","","0,05%"
"20.08.2018","2.673,04","2.673,04","2.673,04","2.673,04","","0,11%"
"17.08.2018","2.670,06","2.670,06","2.670,06","2.670,06","","0,17%"
"16.08.2018","2.665,52","2.665,52","2.665,52","2.665,52","","0,81%"
"15.08.2018","2.644,12","2.644,12","2.644,12","2.644,12","","-0,40%"
"14.08.2018","2.654,82","2.654,82","2.654,82","2.654,82","","-0,62%"
"13.08.2018","2.671,32","2.671,32","2.671,32","2.671,32","","-0,20%"
"10.08.2018","2.676,80","2.676,80","2.676,80","2.676,80","","-0,37%"
"09.08.2018","2.686,86","2.686,86","2.686,86","2.686,86","","0,20%"
"08.08.2018","2.681,63","2.681,63","2.681,63","2.681,63","","-0,07%"
"07.08.2018","2.683,44","2.683,44","2.683,44","2.683,44","","-0,22%"
"06.08.2018","2.689,37","2.689,37","2.689,37","2.689,37","","-0,49%"
"03.08.2018","2.702,51","2.702,51","2.702,51","2.702,51","","0,99%"
"02.08.2018","2.675,89","2.675,89","2.675,89","2.675,89","","0,22%"
"01.08.2018","2.670,09","2.670,09","2.670,09","2.670,09","","-0,36%"
"31.07.2018","2.679,84","2.679,84","2.679,84","2.679,84","","-0,05%"
"30.07.2018","2.681,18","2.681,18","2.681,18","2.681,18","","-0,21%"
"27.07.2018","2.686,81","2.686,81","2.686,81","2.686,81","","0,16%"
"26.07.2018","2.682,53","2.682,53","2.682,53","2.682,53","","0,34%"
"25.07.2018","2.673,37","2.673,37","2.673,37","2.673,37","","0,55%"
"24.07.2018","2.658,77","2.658,77","2.658,77","2.658,77","","0,51%"
"23.07.2018","2.645,21","2.645,21","2.645,21","2.645,21","","-0,54%"
"20.07.2018","2.659,56","2.659,56","2.659,56","2.659,56","","-0,12%"
"19.07.2018","2.662,74","2.662,74","2.662,74","2.662,74","","-0,47%"
"18.07.2018","2.675,44","2.675,44","2.675,44","2.675,44","","0,37%"
"17.07.2018","2.665,66","2.665,66","2.665,66","2.665,66","","-0,07%"
"16.07.2018","2.667,54","2.667,54","2.667,54","2.667,54","","0,03%"
"13.07.2018","2.666,67","2.666,67","2.666,67","2.666,67","","0,38%"
"12.07.2018","2.656,57","2.656,57","2.656,57","2.656,57","","0,01%"
"11.07.2018","2.656,35","2.656,35","2.656,35","2.656,35","","-0,65%"
"10.07.2018","2.673,81","2.673,81","2.673,81","2.673,81","","0,46%"
"09.07.2018","2.661,51","2.661,51","2.661,51","2.661,51","","-0,17%"
"06.07.2018","2.666,04","2.666,04","2.666,04","2.666,04","","0,72%"
"05.07.2018","2.646,89","2.646,89","2.646,89","2.646,89","","-0,57%"
"04.07.2018","2.662,10","2.662,10","2.662,10","2.662,10","","0,62%"
"03.07.2018","2.645,74","2.645,74","2.645,74","2.645,74","","0,31%"
"02.07.2018","2.637,60","2.637,60","2.637,60","2.637,60","","-0,36%"
"29.06.2018","2.647,20","2.647,20","2.647,20","2.647,20","","0,63%"
"28.06.2018","2.630,63","2.630,63","2.630,63","2.630,63","","-0,42%"
"27.06.2018","2.641,71","2.641,71","2.641,71","2.641,71","","0,02%"
"26.06.2018","2.641,23","2.641,23","2.641,23","2.641,23","","-0,23%"
"25.06.2018","2.647,40","2.647,40","2.647,40","2.647,40","","-0,84%"
"22.06.2018","2.669,89","2.669,89","2.669,89","2.669,89","","0,69%"
"21.06.2018","2.651,61","2.651,61","2.651,61","2.651,61","","-0,42%"
"20.06.2018","2.662,73","2.662,73","2.662,73","2.662,73","","0,57%"
"19.06.2018","2.647,54","2.647,54","2.647,54","2.647,54","","-0,77%"
"18.06.2018","2.668,05","2.668,05","2.668,05","2.668,05","","-0,63%"
"15.06.2018","2.684,89","2.684,89","2.684,89","2.684,89","","0,13%"
"14.06.2018","2.681,51","2.681,51","2.681,51","2.681,51","","0,88%"
"13.06.2018","2.658,22","2.658,22","2.658,22","2.658,22","","0,17%"
"12.06.2018","2.653,75","2.653,75","2.653,75","2.653,75","","-0,05%"
"11.06.2018","2.655,00","2.655,00","2.655,00","2.655,00","","-0,13%"
"08.06.2018","2.658,44","2.658,44","2.658,44","2.658,44","","0,37%"
"07.06.2018","2.648,65","2.648,65","2.648,65","2.648,65","","-0,76%"
"06.06.2018","2.669,00","2.669,00","2.669,00","2.669,00","","-0,12%"
"05.06.2018","2.672,32","2.672,32","2.672,32","2.672,32","","0,43%"
"04.06.2018","2.660,77","2.660,77","2.660,77","2.660,77","","1,03%"
"01.06.2018","2.633,76","2.633,76","2.633,76","2.633,76","","0,00%"
"31.05.2018","2.633,76","2.633,76","2.633,76","2.633,76","","-0,21%"
"30.05.2018","2.639,20","2.639,20","2.639,20","2.639,20","","0,82%"
"29.05.2018","2.617,62","2.617,62","2.617,62","2.617,62","","-0,23%"
"28.05.2018","2.623,69","2.623,69","2.623,69","2.623,69","","-0,85%"
"25.05.2018","2.646,22","2.646,22","2.646,22","2.646,22","","1,10%"
"24.05.2018","2.617,51","2.617,51","2.617,51","2.617,51","","-0,24%"
"23.05.2018","2.623,69","2.623,69","2.623,69","2.623,69","","-0,50%"
"22.05.2018","2.636,81","2.636,81","2.636,81","2.636,81","","0,02%"
"21.05.2018","2.636,25","2.636,25","2.636,25","2.636,25","","0,02%"
"18.05.2018","2.635,85","2.635,85","2.635,85","2.635,85","","0,11%"
"17.05.2018","2.632,96","2.632,96","2.632,96","2.632,96","","0,29%"
"16.05.2018","2.625,27","2.625,27","2.625,27","2.625,27","","-0,33%"
"15.05.2018","2.633,88","2.633,88","2.633,88","2.633,88","","-0,57%"
"14.05.2018","2.649,11","2.649,11","2.649,11","2.649,11","","-0,30%"
"11.05.2018","2.656,96","2.656,96","2.656,96","2.656,96","","0,33%"
"10.05.2018","2.648,20","2.648,20","2.648,20","2.648,20","","-0,30%"
"09.05.2018","2.656,14","2.656,14","2.656,14","2.656,14","","0,25%"
"08.05.2018","2.649,54","2.649,54","2.649,54","2.649,54","","0,38%"
"07.05.2018","2.639,47","2.639,47","2.639,47","2.639,47","","0,66%"
"04.05.2018","2.622,13","2.622,13","2.622,13","2.622,13","","0,09%"
"03.05.2018","2.619,85","2.619,85","2.619,85","2.619,85","","-0,10%"
"02.05.2018","2.622,59","2.622,59","2.622,59","2.622,59","","-0,09%"
"01.05.2018","2.624,92","2.624,92","2.624,92","2.624,92","","-0,14%"
"30.04.2018","2.628,62","2.628,62","2.628,62","2.628,62","","0,71%"
"27.04.2018","2.610,12","2.610,12","2.610,12","2.610,12","","0,50%"
"26.04.2018","2.597,16","2.597,16","2.597,16","2.597,16","","1,24%"
"25.04.2018","2.565,32","2.565,32","2.565,32","2.565,32","","-0,20%"
"24.04.2018","2.570,36","2.570,36","2.570,36","2.570,36","","0,15%"
"23.04.2018","2.566,43","2.566,43","2.566,43","2.566,43","","-0,19%"
"20.04.2018","2.571,33","2.571,33","2.571,33","2.571,33","","0,04%"
"19.04.2018","2.570,24","2.570,24","2.570,24","2.570,24","","-0,15%"
"18.04.2018","2.574,13","2.574,13","2.574,13","2.574,13","","0,00%"
"17.04.2018","2.574,09","2.574,09","2.574,09","2.574,09","","0,96%"
"16.04.2018","2.549,63","2.549,63","2.549,63","2.549,63","","-0,24%"
"13.04.2018","2.555,80","2.555,80","2.555,80","2.555,80","","0,66%"
"12.04.2018","2.538,93","2.538,93","2.538,93","2.538,93","","0,31%"
"11.04.2018","2.531,02","2.531,02","2.531,02","2.531,02","","-0,42%"
"10.04.2018","2.541,79","2.541,79","2.541,79","2.541,79","","-0,24%"
"09.04.2018","2.547,86","2.547,86","2.547,86","2.547,86","","0,02%"
"06.04.2018","2.547,25","2.547,25","2.547,25","2.547,25","","0,12%"
"05.04.2018","2.544,14","2.544,14","2.544,14","2.544,14","","0,79%"
"04.04.2018","2.524,28","2.524,28","2.524,28","2.524,28","","0,18%"
"03.04.2018","2.519,75","2.519,75","2.519,75","2.519,75","","-0,04%"
"02.04.2018","2.520,88","2.520,88","2.520,88","2.520,88","","0,03%"
"30.03.2018","2.520,22","2.520,22","2.520,22","2.520,22","","4,08%"
"29.03.2018","2.421,36","2.421,36","2.421,36","2.421,36","","-3,25%"
"28.03.2018","2.502,73","2.502,73","2.502,73","2.502,73","","0,70%"
"27.03.2018","2.485,21","2.485,21","2.485,21","2.485,21","","1,00%"
"26.03.2018","2.460,70","2.460,70","2.460,70","2.460,70","","-0,72%"
"23.03.2018","2.478,58","2.478,58","2.478,58","2.478,58","","-0,82%"
"22.03.2018","2.499,02","2.499,02","2.499,02","2.499,02","","-0,44%"
"21.03.2018","2.510,11","2.510,11","2.510,11","2.510,11","","-0,33%"
"20.03.2018","2.518,46","2.518,46","2.518,46","2.518,46","","0,57%"
"19.03.2018","2.504,30","2.504,30","2.504,30","2.504,30","","1,05%"
"16.03.2018","2.478,28","2.478,28","2.478,28","2.478,28","","-0,56%"
"15.03.2018","2.492,32","2.492,32","2.492,32","2.492,32","","0,50%"
"14.03.2018","2.479,82","2.479,82","2.479,82","2.479,82","","0,23%"
"13.03.2018","2.474,13","2.474,13","2.474,13","2.474,13","","-0,40%"
"12.03.2018","2.484,09","2.484,09","2.484,09","2.484,09","","0,29%"
"09.03.2018","2.477,03","2.477,03","2.477,03","2.477,03","","-0,45%"
"08.03.2018","2.488,30","2.488,30","2.488,30","2.488,30","","1,52%"
"07.03.2018","2.451,10","2.451,10","2.451,10","2.451,10","","1,10%"
"06.03.2018","2.424,48","2.424,48","2.424,48","2.424,48","","-0,27%"
"05.03.2018","2.431,12","2.431,12","2.431,12","2.431,12","","1,33%"
"02.03.2018","2.399,20","2.399,20","2.399,20","2.399,20","","-0,86%"
"01.03.2018","2.420,11","2.420,11","2.420,11","2.420,11","","-0,57%"
"28.02.2018","2.434,01","2.434,01","2.434,01","2.434,01","","-0,67%"
"27.02.2018","2.450,35","2.450,35","2.450,35","2.450,35","","-1,11%"
"26.02.2018","2.477,81","2.477,81","2.477,81","2.477,81","","0,01%"
"23.02.2018","2.477,44","2.477,44","2.477,44","2.477,44","","1,26%"
"22.02.2018","2.446,50","2.446,50","2.446,50","2.446,50","","-0,04%"
"21.02.2018","2.447,41","2.447,41","2.447,41","2.447,41","","-0,03%"
"20.02.2018","2.448,10","2.448,10","2.448,10","2.448,10","","0,55%"
"19.02.2018","2.434,68","2.434,68","2.434,68","2.434,68","","-0,70%"
"16.02.2018","2.451,95","2.451,95","2.451,95","2.451,95","","1,96%"
"15.02.2018","2.404,71","2.404,71","2.404,71","2.404,71","","-0,20%"
"14.02.2018","2.409,56","2.409,56","2.409,56","2.409,56","","0,46%"
"13.02.2018","2.398,58","2.398,58","2.398,58","2.398,58","","-0,50%"
"12.02.2018","2.410,69","2.410,69","2.410,69","2.410,69","","0,57%"
"09.02.2018","2.396,99","2.396,99","2.396,99","2.396,99","","-0,42%"
"08.02.2018","2.407,03","2.407,03","2.407,03","2.407,03","","-1,75%"
"07.02.2018","2.449,79","2.449,79","2.449,79","2.449,79","","2,24%"
"06.02.2018","2.396,23","2.396,23","2.396,23","2.396,23","","-2,35%"
"05.02.2018","2.453,92","2.453,92","2.453,92","2.453,92","","-2,19%"
"02.02.2018","2.508,75","2.508,75","2.508,75","2.508,75","","-1,42%"
"01.02.2018","2.544,91","2.544,91","2.544,91","2.544,91","","-1,27%"
"31.01.2018","2.577,70","2.577,70","2.577,70","2.577,70","","0,95%"
"30.01.2018","2.553,49","2.553,49","2.553,49","2.553,49","","-0,34%"
"29.01.2018","2.562,25","2.562,25","2.562,25","2.562,25","","-0,97%"
"26.01.2018","2.587,23","2.587,23","2.587,23","2.587,23","","0,85%"
"25.01.2018","2.565,44","2.565,44","2.565,44","2.565,44","","-1,03%"
"24.01.2018","2.592,08","2.592,08","2.592,08","2.592,08","","-0,40%"
"23.01.2018","2.602,59","2.602,59","2.602,59","2.602,59","","0,60%"
"22.01.2018","2.587,08","2.587,08","2.587,08","2.587,08","","-0,02%"
"19.01.2018","2.587,61","2.587,61","2.587,61","2.587,61","","0,38%"
"18.01.2018","2.577,79","2.577,79","2.577,79","2.577,79","","-0,45%"
"17.01.2018","2.589,42","2.589,42","2.589,42","2.589,42","","0,36%"
"16.01.2018","2.580,04","2.580,04","2.580,04","2.580,04","","1,05%"
"15.01.2018","2.553,35","2.553,35","2.553,35","2.553,35","","-0,46%"
"12.01.2018","2.565,27","2.565,27","2.565,27","2.565,27","","0,26%"
"11.01.2018","2.558,74","2.558,74","2.558,74","2.558,74","","-1,45%"
"10.01.2018","2.596,38","2.596,38","2.596,38","2.596,38","","-1,67%"
"09.01.2018","2.640,47","2.640,47","2.640,47","2.640,47","","-0,07%"
"08.01.2018","2.642,22","2.642,22","2.642,22","2.642,22","","0,82%"
"05.01.2018","2.620,67","2.620,67","2.620,67","2.620,67","","0,92%"
"04.01.2018","2.596,85","2.596,85","2.596,85","2.596,85","","-0,36%"
"03.01.2018","2.606,35","2.606,35","2.606,35","2.606,35","","0,73%"
"02.01.2018","2.587,41","2.587,41","2.587,41","2.587,41","","-0,67%"
"29.12.2017","2.604,96","2.604,96","2.604,96","2.604,96","","0,30%"
"28.12.2017","2.597,11","2.597,11","2.597,11","2.597,11","","0,25%"
"27.12.2017","2.590,74","2.590,74","2.590,74","2.590,74","","0,91%"
"26.12.2017","2.567,45","2.567,45","2.567,45","2.567,45","","-0,11%"
"25.12.2017","2.570,18","2.570,18","2.570,18","2.570,18","","0,00%"
"22.12.2017","2.570,18","2.570,18","2.570,18","2.570,18","","-0,29%"
"21.12.2017","2.577,69","2.577,69","2.577,69","2.577,69","","-0,08%"
"20.12.2017","2.579,74","2.579,74","2.579,74","2.579,74","","-0,72%"
"19.12.2017","2.598,51","2.598,51","2.598,51","2.598,51","","-0,06%"
"18.12.2017","2.600,05","2.600,05","2.600,05","2.600,05","","1,49%"
"15.12.2017","2.561,86","2.561,86","2.561,86","2.561,86","","0,44%"
"14.12.2017","2.550,64","2.550,64","2.550,64","2.550,64","","0,26%"
"13.12.2017","2.544,15","2.544,15","2.544,15","2.544,15","","-0,20%"
"12.12.2017","2.549,26","2.549,26","2.549,26","2.549,26","","-0,25%"
"11.12.2017","2.555,67","2.555,67","2.555,67","2.555,67","","-0,37%"
"08.12.2017","2.565,14","2.565,14","2.565,14","2.565,14","","0,86%"
"07.12.2017","2.543,16","2.543,16","2.543,16","2.543,16","","0,48%"
"06.12.2017","2.530,91","2.530,91","2.530,91","2.530,91","","0,06%"
"05.12.2017","2.529,44","2.529,44","2.529,44","2.529,44","","0,91%"
"04.12.2017","2.506,73","2.506,73","2.506,73","2.506,73","","0,77%"
"01.12.2017","2.487,63","2.487,63","2.487,63","2.487,63","","-0,06%"
"30.11.2017","2.489,14","2.489,14","2.489,14","2.489,14","","-0,01%"
"29.11.2017","2.489,46","2.489,46","2.489,46","2.489,46","","-0,05%"
"28.11.2017","2.490,77","2.490,77","2.490,77","2.490,77","","-0,15%"
"27.11.2017","2.494,39","2.494,39","2.494,39","2.494,39","","0,21%"
"24.11.2017","2.489,26","2.489,26","2.489,26","2.489,26","","-0,23%"
"23.11.2017","2.494,96","2.494,96","2.494,96","2.494,96","","0,10%"
"22.11.2017","2.492,42","2.492,42","2.492,42","2.492,42","","-0,36%"
"21.11.2017","2.501,37","2.501,37","2.501,37","2.501,37","","0,49%"
"20.11.2017","2.489,10","2.489,10","2.489,10","2.489,10","","-0,17%"
"17.11.2017","2.493,37","2.493,37","2.493,37","2.493,37","","-0,44%"
"16.11.2017","2.504,31","2.504,31","2.504,31","2.504,31","","1,30%"
"15.11.2017","2.472,06","2.472,06","2.472,06","2.472,06","","-0,04%"
"14.11.2017","2.472,96","2.472,96","2.472,96","2.472,96","","-0,12%"
"13.11.2017","2.475,89","2.475,89","2.475,89","2.475,89","","-0,50%"
"10.11.2017","2.488,26","2.488,26","2.488,26","2.488,26","","-0,35%"
"09.11.2017","2.497,03","2.497,03","2.497,03","2.497,03","","-0,50%"
"08.11.2017","2.509,64","2.509,64","2.509,64","2.509,64","","0,53%"
"07.11.2017","2.496,49","2.496,49","2.496,49","2.496,49","","-0,10%"
"06.11.2017","2.499,05","2.499,05","2.499,05","2.499,05","","0,22%"
"03.11.2017","2.493,46","2.493,46","2.493,46","2.493,46","","0,69%"
"02.11.2017","2.476,33","2.476,33","2.476,33","2.476,33","","-0,14%"
"01.11.2017","2.479,68","2.479,68","2.479,68","2.479,68","","-0,16%"
"31.10.2017","2.483,68","2.483,68","2.483,68","2.483,68","","0,86%"
"30.10.2017","2.462,62","2.462,62","2.462,62","2.462,62","","0,50%"
"27.10.2017","2.450,40","2.450,40","2.450,40","2.450,40","","0,89%"
"26.10.2017","2.428,86","2.428,86","2.428,86","2.428,86","","0,84%"
"25.10.2017","2.408,65","2.408,65","2.408,65","2.408,65","","-0,76%"
"24.10.2017","2.427,07","2.427,07","2.427,07","2.427,07","","-0,54%"
"23.10.2017","2.440,20","2.440,20","2.440,20","2.440,20","","-0,73%"
"20.10.2017","2.458,10","2.458,10","2.458,10","2.458,10","","-0,52%"
"19.10.2017","2.470,91","2.470,91","2.470,91","2.470,91","","-0,79%"
"18.10.2017","2.490,56","2.490,56","2.490,56","2.490,56","","0,70%"
"17.10.2017","2.473,34","2.473,34","2.473,34","2.473,34","","-0,24%"
"16.10.2017","2.479,29","2.479,29","2.479,29","2.479,29","","0,45%"
"13.10.2017","2.468,28","2.468,28","2.468,28","2.468,28","","0,04%"
"12.10.2017","2.467,36","2.467,36","2.467,36","2.467,36","","0,63%"
"11.10.2017","2.451,99","2.451,99","2.451,99","2.451,99","","0,25%"
"10.10.2017","2.445,96","2.445,96","2.445,96","2.445,96","","0,26%"
"09.10.2017","2.439,69","2.439,69","2.439,69","2.439,69","","0,19%"
"06.10.2017","2.435,13","2.435,13","2.435,13","2.435,13","","-0,75%"
"05.10.2017","2.453,57","2.453,57","2.453,57","2.453,57","","-0,07%"
"04.10.2017","2.455,22","2.455,22","2.455,22","2.455,22","","-0,25%"
"03.10.2017","2.461,38","2.461,38","2.461,38","2.461,38","","0,19%"
"02.10.2017","2.456,61","2.456,61","2.456,61","2.456,61","","-0,07%"
"29.09.2017","2.458,33","2.458,33","2.458,33","2.458,33","","0,88%"
"28.09.2017","2.436,99","2.436,99","2.436,99","2.436,99","","-0,01%"
"27.09.2017","2.437,13","2.437,13","2.437,13","2.437,13","","-0,68%"
"26.09.2017","2.453,81","2.453,81","2.453,81","2.453,81","","0,48%"
"25.09.2017","2.442,11","2.442,11","2.442,11","2.442,11","","0,45%"
"22.09.2017","2.431,19","2.431,19","2.431,19","2.431,19","","0,05%"
"21.09.2017","2.429,97","2.429,97","2.429,97","2.429,97","","-0,20%"
"20.09.2017","2.434,94","2.434,94","2.434,94","2.434,94","","-0,08%"
"19.09.2017","2.436,93","2.436,93","2.436,93","2.436,93","","-0,49%"
"18.09.2017","2.448,91","2.448,91","2.448,91","2.448,91","","-0,32%"
"15.09.2017","2.456,84","2.456,84","2.456,84","2.456,84","","0,06%"
"14.09.2017","2.455,39","2.455,39","2.455,39","2.455,39","","0,33%"
"13.09.2017","2.447,28","2.447,28","2.447,28","2.447,28","","-0,40%"
"12.09.2017","2.457,04","2.457,04","2.457,04","2.457,04","","-0,11%"
"11.09.2017","2.459,84","2.459,84","2.459,84","2.459,84","","0,82%"
"08.09.2017","2.439,78","2.439,78","2.439,78","2.439,78","","0,35%"
"07.09.2017","2.431,31","2.431,31","2.431,31","2.431,31","","0,55%"
"06.09.2017","2.417,93","2.417,93","2.417,93","2.417,93","","0,46%"
"05.09.2017","2.406,81","2.406,81","2.406,81","2.406,81","","-0,58%"
"04.09.2017","2.420,74","2.420,74","2.420,74","2.420,74","","-0,25%"
"01.09.2017","2.426,88","2.426,88","2.426,88","2.426,88","","-0,20%"
"31.08.2017","2.431,81","2.431,81","2.431,81","2.431,81","","0,81%"
"30.08.2017","2.412,39","2.412,39","2.412,39","2.412,39","","0,95%"
"29.08.2017","2.389,78","2.389,78","2.389,78","2.389,78","","-0,28%"
"28.08.2017","2.396,51","2.396,51","2.396,51","2.396,51","","-0,03%"
"25.08.2017","2.397,20","2.397,20","2.397,20","2.397,20","","-0,53%"
"24.08.2017","2.410,05","2.410,05","2.410,05","2.410,05","","-0,04%"
"23.08.2017","2.410,92","2.410,92","2.410,92","2.410,92","","-0,43%"
"22.08.2017","2.421,45","2.421,45","2.421,45","2.421,45","","0,29%"
"21.08.2017","2.414,45","2.414,45","2.414,45","2.414,45","","-0,06%"
"18.08.2017","2.415,84","2.415,84","2.415,84","2.415,84","","-1,12%"
"17.08.2017","2.443,10","2.443,10","2.443,10","2.443,10","","-0,16%"
"16.08.2017","2.447,10","2.447,10","2.447,10","2.447,10","","0,43%"
"15.08.2017","2.436,56","2.436,56","2.436,56","2.436,56","","-0,04%"
"14.08.2017","2.437,63","2.437,63","2.437,63","2.437,63","","1,63%"
"11.08.2017","2.398,64","2.398,64","2.398,64","2.398,64","","-1,44%"
"10.08.2017","2.433,65","2.433,65","2.433,65","2.433,65","","-0,55%"
"09.08.2017","2.447,19","2.447,19","2.447,19","2.447,19","","-0,16%"
"08.08.2017","2.451,03","2.451,03","2.451,03","2.451,03","","0,02%"
"07.08.2017","2.450,65","2.450,65","2.450,65","2.450,65","","-0,23%"
"04.08.2017","2.456,39","2.456,39","2.456,39","2.456,39","","0,34%"
"03.08.2017","2.448,10","2.448,10","2.448,10","2.448,10","","-0,03%"
"02.08.2017","2.448,92","2.448,92","2.448,92","2.448,92","","0,34%"
"01.08.2017","2.440,66","2.440,66","2.440,66","2.440,66","","0,74%"
"31.07.2017","2.422,68","2.422,68","2.422,68","2.422,68","","-0,18%"
"28.07.2017","2.427,12","2.427,12","2.427,12","2.427,12","","-1,26%"
"27.07.2017","2.458,21","2.458,21","2.458,21","2.458,21","","0,68%"
"26.07.2017","2.441,67","2.441,67","2.441,67","2.441,67","","0,13%"
"25.07.2017","2.438,54","2.438,54","2.438,54","2.438,54","","0,05%"
"24.07.2017","2.437,31","2.437,31","2.437,31","2.437,31","","-0,18%"
"21.07.2017","2.441,82","2.441,82","2.441,82","2.441,82","","-0,38%"
"20.07.2017","2.451,04","2.451,04","2.451,04","2.451,04","","-0,31%"
"19.07.2017","2.458,56","2.458,56","2.458,56","2.458,56","","0,38%"
"18.07.2017","2.449,21","2.449,21","2.449,21","2.449,21","","0,15%"
"17.07.2017","2.445,57","2.445,57","2.445,57","2.445,57","","-0,45%"
"14.07.2017","2.456,51","2.456,51","2.456,51","2.456,51","","0,90%"
"13.07.2017","2.434,71","2.434,71","2.434,71","2.434,71","","0,53%"
"12.07.2017","2.421,98","2.421,98","2.421,98","2.421,98","","1,35%"
"11.07.2017","2.389,70","2.389,70","2.389,70","2.389,70","","-1,08%"
"10.07.2017","2.415,73","2.415,73","2.415,73","2.415,73","","0,62%"
"07.07.2017","2.400,90","2.400,90","2.400,90","2.400,90","","0,10%"
"06.07.2017","2.398,54","2.398,54","2.398,54","2.398,54","","-1,06%"
"05.07.2017","2.424,35","2.424,35","2.424,35","2.424,35","","0,20%"
"04.07.2017","2.419,58","2.419,58","2.419,58","2.419,58","","-0,05%"
"03.07.2017","2.420,89","2.420,89","2.420,89","2.420,89","","-0,46%"
"30.06.2017","2.432,13","2.432,13","2.432,13","2.432,13","","0,28%"
"29.06.2017","2.425,42","2.425,42","2.425,42","2.425,42","","-0,50%"
"28.06.2017","2.437,65","2.437,65","2.437,65","2.437,65","","-0,84%"
"27.06.2017","2.458,40","2.458,40","2.458,40","2.458,40","","-1,11%"
"26.06.2017","2.485,87","2.485,87","2.485,87","2.485,87","","-0,10%"
"23.06.2017","2.488,47","2.488,47","2.488,47","2.488,47","","0,56%"
"22.06.2017","2.474,62","2.474,62","2.474,62","2.474,62","","-0,15%"
"21.06.2017","2.478,39","2.478,39","2.478,39","2.478,39","","-0,53%"
"20.06.2017","2.491,56","2.491,56","2.491,56","2.491,56","","-0,97%"
"19.06.2017","2.516,07","2.516,07","2.516,07","2.516,07","","-0,28%"
"16.06.2017","2.523,07","2.523,07","2.523,07","2.523,07","","0,57%"
"15.06.2017","2.508,66","2.508,66","2.508,66","2.508,66","","-0,63%"
"14.06.2017","2.524,53","2.524,53","2.524,53","2.524,53","","0,82%"
"13.06.2017","2.504,08","2.504,08","2.504,08","2.504,08","","0,80%"
"12.06.2017","2.484,12","2.484,12","2.484,12","2.484,12","","-0,81%"
"09.06.2017","2.504,28","2.504,28","2.504,28","2.504,28","","-0,05%"
"08.06.2017","2.505,64","2.505,64","2.505,64","2.505,64","","-0,32%"
"07.06.2017","2.513,79","2.513,79","2.513,79","2.513,79","","0,70%"
"06.06.2017","2.496,25","2.496,25","2.496,25","2.496,25","","-0,28%"
"05.06.2017","2.503,26","2.503,26","2.503,26","2.503,26","","-0,31%"
"02.06.2017","2.511,01","2.511,01","2.511,01","2.511,01","","0,45%"
"01.06.2017","2.499,70","2.499,70","2.499,70","2.499,70","","0,81%"
"31.05.2017","2.479,65","2.479,65","2.479,65","2.479,65","","-0,10%"
"30.05.2017","2.482,03","2.482,03","2.482,03","2.482,03","","0,26%"
"29.05.2017","2.475,70","2.475,70","2.475,70","2.475,70","","0,00%"
"26.05.2017","2.475,76","2.475,76","2.475,76","2.475,76","","0,13%"
"25.05.2017","2.472,62","2.472,62","2.472,62","2.472,62","","0,01%"
"24.05.2017","2.472,29","2.472,29","2.472,29","2.472,29","","0,52%"
"23.05.2017","2.459,56","2.459,56","2.459,56","2.459,56","","-0,59%"
"22.05.2017","2.474,05","2.474,05","2.474,05","2.474,05","","0,95%"
"19.05.2017","2.450,65","2.450,65","2.450,65","2.450,65","","-0,33%"
"18.05.2017","2.458,87","2.458,87","2.458,87","2.458,87","","-1,06%"
"17.05.2017","2.485,18","2.485,18","2.485,18","2.485,18","","-0,81%"
"16.05.2017","2.505,57","2.505,57","2.505,57","2.505,57","","-0,27%"
"15.05.2017","2.512,35","2.512,35","2.512,35","2.512,35","","-0,22%"
"12.05.2017","2.517,92","2.517,92","2.517,92","2.517,92","","0,24%"
"11.05.2017","2.511,86","2.511,86","2.511,86","2.511,86","","0,48%"
"10.05.2017","2.499,95","2.499,95","2.499,95","2.499,95","","-0,20%"
"09.05.2017","2.505,04","2.505,04","2.505,04","2.505,04","","0,67%"
"08.05.2017","2.488,40","2.488,40","2.488,40","2.488,40","","1,12%"
"05.05.2017","2.460,75","2.460,75","2.460,75","2.460,75","","0,48%"
"04.05.2017","2.449,07","2.449,07","2.449,07","2.449,07","","-0,26%"
"03.05.2017","2.455,53","2.455,53","2.455,53","2.455,53","","0,01%"
"02.05.2017","2.455,37","2.455,37","2.455,37","2.455,37","","1,14%"
"01.05.2017","2.427,80","2.427,80","2.427,80","2.427,80","","-0,11%"
"28.04.2017","2.430,53","2.430,53","2.430,53","2.430,53","","-0,90%"
"27.04.2017","2.452,67","2.452,67","2.452,67","2.452,67","","0,15%"
"26.04.2017","2.448,99","2.448,99","2.448,99","2.448,99","","0,29%"
"25.04.2017","2.442,00","2.442,00","2.442,00","2.442,00","","1,12%"
"24.04.2017","2.414,92","2.414,92","2.414,92","2.414,92","","0,51%"
"21.04.2017","2.402,67","2.402,67","2.402,67","2.402,67","","-0,54%"
"20.04.2017","2.415,77","2.415,77","2.415,77","2.415,77","","-0,76%"
"19.04.2017","2.434,32","2.434,32","2.434,32","2.434,32","","-0,32%"
"18.04.2017","2.442,10","2.442,10","2.442,10","2.442,10","","0,35%"
"17.04.2017","2.433,53","2.433,53","2.433,53","2.433,53","","0,09%"
"14.04.2017","2.431,46","2.431,46","2.431,46","2.431,46","","0,00%"
"13.04.2017","2.431,46","2.431,46","2.431,46","2.431,46","","0,05%"
"12.04.2017","2.430,30","2.430,30","2.430,30","2.430,30","","0,64%"
"11.04.2017","2.414,96","2.414,96","2.414,96","2.414,96","","0,61%"
"10.04.2017","2.400,21","2.400,21","2.400,21","2.400,21","","0,02%"
"07.04.2017","2.399,75","2.399,75","2.399,75","2.399,75","","0,63%"
"06.04.2017","2.384,62","2.384,62","2.384,62","2.384,62","","0,97%"
"05.04.2017","2.361,63","2.361,63","2.361,63","2.361,63","","0,71%"
"04.04.2017","2.345,06","2.345,06","2.345,06","2.345,06","","0,43%"
"03.04.2017","2.334,97","2.334,97","2.334,97","2.334,97","","-0,44%"
"31.03.2017","2.345,29","2.345,29","2.345,29","2.345,29","","1,83%"
"30.03.2017","2.303,19","2.303,19","2.303,19","2.303,19","","-0,39%"
"29.03.2017","2.312,10","2.312,10","2.312,10","2.312,10","","0,77%"
"28.03.2017","2.294,45","2.294,45","2.294,45","2.294,45","","-0,39%"
"27.03.2017","2.303,44","2.303,44","2.303,44","2.303,44","","-0,53%"
"24.03.2017","2.315,73","2.315,73","2.315,73","2.315,73","","-0,08%"
"23.03.2017","2.317,47","2.317,47","2.317,47","2.317,47","","0,71%"
"22.03.2017","2.301,12","2.301,12","2.301,12","2.301,12","","-0,83%"
"21.03.2017","2.320,49","2.320,49","2.320,49","2.320,49","","-0,20%"
"20.03.2017","2.325,22","2.325,22","2.325,22","2.325,22","","-0,02%"
"17.03.2017","2.325,68","2.325,68","2.325,68","2.325,68","","0,61%"
"16.03.2017","2.311,64","2.311,64","2.311,64","2.311,64","","1,57%"
"15.03.2017","2.275,98","2.275,98","2.275,98","2.275,98","","0,03%"
"14.03.2017","2.275,28","2.275,28","2.275,28","2.275,28","","-0,30%"
"13.03.2017","2.282,08","2.282,08","2.282,08","2.282,08","","0,40%"
"10.03.2017","2.273,08","2.273,08","2.273,08","2.273,08","","-1,32%"
"09.03.2017","2.303,53","2.303,53","2.303,53","2.303,53","","0,35%"
"08.03.2017","2.295,39","2.295,39","2.295,39","2.295,39","","-0,31%"
"07.03.2017","2.302,63","2.302,63","2.302,63","2.302,63","","-0,97%"
"06.03.2017","2.325,20","2.325,20","2.325,20","2.325,20","","-0,15%"
"03.03.2017","2.328,71","2.328,71","2.328,71","2.328,71","","-0,29%"
"02.03.2017","2.335,50","2.335,50","2.335,50","2.335,50","","-0,40%"
"01.03.2017","2.344,96","2.344,96","2.344,96","2.344,96","","0,16%"
"28.02.2017","2.341,33","2.341,33","2.341,33","2.341,33","","0,30%"
"27.02.2017","2.334,40","2.334,40","2.334,40","2.334,40","","-0,82%"
"24.02.2017","2.353,73","2.353,73","2.353,73","2.353,73","","-0,27%"
"23.02.2017","2.360,06","2.360,06","2.360,06","2.360,06","","0,21%"
"22.02.2017","2.355,07","2.355,07","2.355,07","2.355,07","","0,08%"
"21.02.2017","2.353,12","2.353,12","2.353,12","2.353,12","","0,02%"
"20.02.2017","2.352,71","2.352,71","2.352,71","2.352,71","","0,38%"
"18.02.2017","2.343,87","2.343,87","2.343,87","2.343,87","","0,00%"
"17.02.2017","2.343,87","2.343,87","2.343,87","2.343,87","","0,12%"
"16.02.2017","2.341,00","2.341,00","2.341,00","2.341,00","","-0,31%"
"15.02.2017","2.348,36","2.348,36","2.348,36","2.348,36","","0,67%"
"14.02.2017","2.332,84","2.332,84","2.332,84","2.332,84","","0,77%"
"13.02.2017","2.315,01","2.315,01","2.315,01","2.315,01","","-0,10%"
"10.02.2017","2.317,44","2.317,44","2.317,44","2.317,44","","-0,21%"
"09.02.2017","2.322,27","2.322,27","2.322,27","2.322,27","","0,31%"
"08.02.2017","2.315,20","2.315,20","2.315,20","2.315,20","","1,53%"
"07.02.2017","2.280,27","2.280,27","2.280,27","2.280,27","","1,47%"
"06.02.2017","2.247,30","2.247,30","2.247,30","2.247,30","","-0,47%"
"03.02.2017","2.257,98","2.257,98","2.257,98","2.257,98","","0,49%"
"02.02.2017","2.246,95","2.246,95","2.246,95","2.246,95","","-0,73%"
"01.02.2017","2.263,52","2.263,52","2.263,52","2.263,52","","1,03%"
"31.01.2017","2.240,41","2.240,41","2.240,41","2.240,41","","0,52%"
"30.01.2017","2.228,88","2.228,88","2.228,88","2.228,88","","-0,42%"
"27.01.2017","2.238,38","2.238,38","2.238,38","2.238,38","","-0,40%"
"26.01.2017","2.247,43","2.247,43","2.247,43","2.247,43","","0,65%"
"25.01.2017","2.232,92","2.232,92","2.232,92","2.232,92","","0,14%"
"24.01.2017","2.229,83","2.229,83","2.229,83","2.229,83","","-0,54%"
"23.01.2017","2.241,91","2.241,91","2.241,91","2.241,91","","0,72%"
"20.01.2017","2.225,82","2.225,82","2.225,82","2.225,82","","-0,39%"
"19.01.2017","2.234,54","2.234,54","2.234,54","2.234,54","","-1,31%"
"18.01.2017","2.264,27","2.264,27","2.264,27","2.264,27","","-0,01%"
"17.01.2017","2.264,41","2.264,41","2.264,41","2.264,41","","0,22%"
"16.01.2017","2.259,34","2.259,34","2.259,34","2.259,34","","-0,43%"
"13.01.2017","2.268,99","2.268,99","2.268,99","2.268,99","","-0,21%"
"12.01.2017","2.273,73","2.273,73","2.273,73","2.273,73","","-0,70%"
"11.01.2017","2.289,78","2.289,78","2.289,78","2.289,78","","-0,08%"
"10.01.2017","2.291,65","2.291,65","2.291,65","2.291,65","","0,10%"
"09.01.2017","2.289,37","2.289,37","2.289,37","2.289,37","","-1,38%"
"06.01.2017","2.321,40","2.321,40","2.321,40","2.321,40","","0,41%"
"05.01.2017","2.311,97","2.311,97","2.311,97","2.311,97","","0,40%"
"04.01.2017","2.302,82","2.302,82","2.302,82","2.302,82","","0,27%"
"03.01.2017","2.296,73","2.296,73","2.296,73","2.296,73","","-1,40%"
"02.01.2017","2.329,25","2.329,25","2.329,25","2.329,25","","0,53%"
"30.12.2016","2.316,93","2.316,93","2.316,93","2.316,93","","1,17%"
"29.12.2016","2.290,06","2.290,06","2.290,06","2.290,06","","0,55%"
"28.12.2016","2.277,59","2.277,59","2.277,59","2.277,59","","-0,74%"
"27.12.2016","2.294,48","2.294,48","2.294,48","2.294,48","","0,32%"
"26.12.2016","2.287,20","2.287,20","2.287,20","2.287,20","","0,00%"
"23.12.2016","2.287,20","2.287,20","2.287,20","2.287,20","","0,62%"
"22.12.2016","2.273,16","2.273,16","2.273,16","2.273,16","","-0,39%"
"21.12.2016","2.282,12","2.282,12","2.282,12","2.282,12","","0,41%"
"20.12.2016","2.272,91","2.272,91","2.272,91","2.272,91","","0,25%"
"19.12.2016","2.267,28","2.267,28","2.267,28","2.267,28","","0,93%"
"17.12.2016","2.246,48","2.246,48","2.246,48","2.246,48","","0,00%"
"16.12.2016","2.246,48","2.246,48","2.246,48","2.246,48","","0,93%"
"15.12.2016","2.225,68","2.225,68","2.225,68","2.225,68","","-1,07%"
"14.12.2016","2.249,66","2.249,66","2.249,66","2.249,66","","-0,45%"
"13.12.2016","2.259,89","2.259,89","2.259,89","2.259,89","","1,40%"
"12.12.2016","2.228,64","2.228,64","2.228,64","2.228,64","","-1,16%"
"09.12.2016","2.254,76","2.254,76","2.254,76","2.254,76","","2,00%"
"08.12.2016","2.210,64","2.210,64","2.210,64","2.210,64","","0,38%"
"07.12.2016","2.202,21","2.202,21","2.202,21","2.202,21","","0,86%"
"06.12.2016","2.183,53","2.183,53","2.183,53","2.183,53","","0,94%"
"05.12.2016","2.163,22","2.163,22","2.163,22","2.163,22","","-0,52%"
"02.12.2016","2.174,51","2.174,51","2.174,51","2.174,51","","0,32%"
"01.12.2016","2.167,58","2.167,58","2.167,58","2.167,58","","-1,67%"
"30.11.2016","2.204,50","2.204,50","2.204,50","2.204,50","","-0,58%"
"29.11.2016","2.217,30","2.217,30","2.217,30","2.217,30","","0,31%"
"28.11.2016","2.210,54","2.210,54","2.210,54","2.210,54","","0,50%"
"25.11.2016","2.199,58","2.199,58","2.199,58","2.199,58","","0,32%"
"24.11.2016","2.192,50","2.192,50","2.192,50","2.192,50","","0,04%"
"23.11.2016","2.191,59","2.191,59","2.191,59","2.191,59","","0,23%"
"22.11.2016","2.186,58","2.186,58","2.186,58","2.186,58","","0,69%"
"21.11.2016","2.171,66","2.171,66","2.171,66","2.171,66","","-0,28%"
"18.11.2016","2.177,70","2.177,70","2.177,70","2.177,70","","-0,25%"
"17.11.2016","2.183,07","2.183,07","2.183,07","2.183,07","","1,22%"
"16.11.2016","2.156,67","2.156,67","2.156,67","2.156,67","","-0,55%"
"15.11.2016","2.168,61","2.168,61","2.168,61","2.168,61","","1,30%"
"14.11.2016","2.140,86","2.140,86","2.140,86","2.140,86","","-0,99%"
"12.11.2016","2.162,19","2.162,19","2.162,19","2.162,19","","0,00%"
"11.11.2016","2.162,19","2.162,19","2.162,19","2.162,19","","0,91%"
"10.11.2016","2.142,71","2.142,71","2.142,71","2.142,71","","-2,65%"
"09.11.2016","2.200,99","2.200,99","2.200,99","2.200,99","","-0,59%"
"08.11.2016","2.214,14","2.214,14","2.214,14","2.214,14","","0,27%"
"07.11.2016","2.208,11","2.208,11","2.208,11","2.208,11","","1,06%"
"04.11.2016","2.185,04","2.185,04","2.185,04","2.185,04","","-0,97%"
"03.11.2016","2.206,51","2.206,51","2.206,51","2.206,51","","0,64%"
"02.11.2016","2.192,44","2.192,44","2.192,44","2.192,44","","0,24%"
"01.11.2016","2.187,29","2.187,29","2.187,29","2.187,29","","-1,72%"
"31.10.2016","2.225,52","2.225,52","2.225,52","2.225,52","","0,26%"
"28.10.2016","2.219,74","2.219,74","2.219,74","2.219,74","","0,00%"
"27.10.2016","2.219,81","2.219,81","2.219,81","2.219,81","","-1,70%"
"26.10.2016","2.258,18","2.258,18","2.258,18","2.258,18","","-1,78%"
"25.10.2016","2.299,15","2.299,15","2.299,15","2.299,15","","0,03%"
"24.10.2016","2.298,35","2.298,35","2.298,35","2.298,35","","0,44%"
"21.10.2016","2.288,29","2.288,29","2.288,29","2.288,29","","-0,10%"
"20.10.2016","2.290,61","2.290,61","2.290,61","2.290,61","","0,94%"
"19.10.2016","2.269,32","2.269,32","2.269,32","2.269,32","","0,01%"
"18.10.2016","2.269,00","2.269,00","2.269,00","2.269,00","","1,88%"
"17.10.2016","2.227,20","2.227,20","2.227,20","2.227,20","","-0,93%"
"14.10.2016","2.248,18","2.248,18","2.248,18","2.248,18","","0,48%"
"13.10.2016","2.237,45","2.237,45","2.237,45","2.237,45","","1,31%"
"12.10.2016","2.208,43","2.208,43","2.208,43","2.208,43","","-0,68%"
"11.10.2016","2.223,63","2.223,63","2.223,63","2.223,63","","-0,64%"
"10.10.2016","2.238,03","2.238,03","2.238,03","2.238,03","","0,10%"
"07.10.2016","2.235,86","2.235,86","2.235,86","2.235,86","","-1,19%"
"06.10.2016","2.262,70","2.262,70","2.262,70","2.262,70","","-1,84%"
"05.10.2016","2.305,09","2.305,09","2.305,09","2.305,09","","-2,57%"
"04.10.2016","2.365,97","2.365,97","2.365,97","2.365,97","","-0,76%"
"03.10.2016","2.384,06","2.384,06","2.384,06","2.384,06","","-0,27%"
"30.09.2016","2.390,50","2.390,50","2.390,50","2.390,50","","0,17%"
"29.09.2016","2.386,39","2.386,39","2.386,39","2.386,39","","-0,83%"
"28.09.2016","2.406,45","2.406,45","2.406,45","2.406,45","","0,04%"
"27.09.2016","2.405,57","2.405,57","2.405,57","2.405,57","","0,62%"
"26.09.2016","2.390,68","2.390,68","2.390,68","2.390,68","","-0,62%"
"24.09.2016","2.405,59","2.405,59","2.405,59","2.405,59","","0,00%"
"23.09.2016","2.405,59","2.405,59","2.405,59","2.405,59","","-0,37%"
"22.09.2016","2.414,46","2.414,46","2.414,46","2.414,46","","1,89%"
"21.09.2016","2.369,70","2.369,70","2.369,70","2.369,70","","-0,61%"
"20.09.2016","2.384,30","2.384,30","2.384,30","2.384,30","","0,48%"
"19.09.2016","2.372,83","2.372,83","2.372,83","2.372,83","","0,40%"
"16.09.2016","2.363,38","2.363,38","2.363,38","2.363,38","","0,13%"
"15.09.2016","2.360,39","2.360,39","2.360,39","2.360,39","","-0,19%"
"14.09.2016","2.364,86","2.364,86","2.364,86","2.364,86","","-0,18%"
"13.09.2016","2.369,13","2.369,13","2.369,13","2.369,13","","-1,17%"
"12.09.2016","2.397,26","2.397,26","2.397,26","2.397,26","","-0,57%"
"09.09.2016","2.411,01","2.411,01","2.411,01","2.411,01","","-2,49%"
"08.09.2016","2.472,53","2.472,53","2.472,53","2.472,53","","-0,65%"
"07.09.2016","2.488,60","2.488,60","2.488,60","2.488,60","","0,17%"
"06.09.2016","2.484,29","2.484,29","2.484,29","2.484,29","","0,20%"
"05.09.2016","2.479,42","2.479,42","2.479,42","2.479,42","","-0,13%"
"02.09.2016","2.482,57","2.482,57","2.482,57","2.482,57","","0,68%"
"01.09.2016","2.465,72","2.465,72","2.465,72","2.465,72","","0,67%"
"31.08.2016","2.449,33","2.449,33","2.449,33","2.449,33","","0,20%"
"30.08.2016","2.444,37","2.444,37","2.444,37","2.444,37","","0,03%"
"29.08.2016","2.443,67","2.443,67","2.443,67","2.443,67","","0,14%"
"26.08.2016","2.440,17","2.440,17","2.440,17","2.440,17","","-0,17%"
"25.08.2016","2.444,34","2.444,34","2.444,34","2.444,34","","-0,59%"
"24.08.2016","2.458,82","2.458,82","2.458,82","2.458,82","","0,11%"
"23.08.2016","2.456,11","2.456,11","2.456,11","2.456,11","","0,97%"
"22.08.2016","2.432,47","2.432,47","2.432,47","2.432,47","","0,33%"
"19.08.2016","2.424,36","2.424,36","2.424,36","2.424,36","","-0,41%"
"18.08.2016","2.434,44","2.434,44","2.434,44","2.434,44","","1,08%"
"17.08.2016","2.408,44","2.408,44","2.408,44","2.408,44","","-0,67%"
"16.08.2016","2.424,80","2.424,80","2.424,80","2.424,80","","-1,06%"
"15.08.2016","2.450,88","2.450,88","2.450,88","2.450,88","","-0,22%"
"12.08.2016","2.456,32","2.456,32","2.456,32","2.456,32","","0,59%"
"11.08.2016","2.441,85","2.441,85","2.441,85","2.441,85","","-0,05%"
"10.08.2016","2.443,15","2.443,15","2.443,15","2.443,15","","-0,05%"
"09.08.2016","2.444,48","2.444,48","2.444,48","2.444,48","","0,42%"
"08.08.2016","2.434,26","2.434,26","2.434,26","2.434,26","","-0,46%"
"05.08.2016","2.445,49","2.445,49","2.445,49","2.445,49","","0,61%"
"04.08.2016","2.430,77","2.430,77","2.430,77","2.430,77","","0,93%"
"03.08.2016","2.408,38","2.408,38","2.408,38","2.408,38","","-0,75%"
"02.08.2016","2.426,63","2.426,63","2.426,63","2.426,63","","-0,69%"
"01.08.2016","2.443,44","2.443,44","2.443,44","2.443,44","","-0,10%"
"29.07.2016","2.446,00","2.446,00","2.446,00","2.446,00","","1,01%"
"28.07.2016","2.421,49","2.421,49","2.421,49","2.421,49","","0,09%"
"27.07.2016","2.419,39","2.419,39","2.419,39","2.419,39","","0,34%"
"26.07.2016","2.411,28","2.411,28","2.411,28","2.411,28","","0,10%"
"25.07.2016","2.408,76","2.408,76","2.408,76","2.408,76","","1,08%"
"22.07.2016","2.382,96","2.382,96","2.382,96","2.382,96","","0,28%"
"21.07.2016","2.376,31","2.376,31","2.376,31","2.376,31","","-0,33%"
"20.07.2016","2.384,21","2.384,21","2.384,21","2.384,21","","1,16%"
"19.07.2016","2.356,91","2.356,91","2.356,91","2.356,91","","0,58%"
"18.07.2016","2.343,33","2.343,33","2.343,33","2.343,33","","0,37%"
"15.07.2016","2.334,68","2.334,68","2.334,68","2.334,68","","-0,21%"
"14.07.2016","2.339,69","2.339,69","2.339,69","2.339,69","","0,52%"
"13.07.2016","2.327,56","2.327,56","2.327,56","2.327,56","","0,27%"
"12.07.2016","2.321,36","2.321,36","2.321,36","2.321,36","","-0,03%"
"11.07.2016","2.322,17","2.322,17","2.322,17","2.322,17","","2,73%"
"08.07.2016","2.260,43","2.260,43","2.260,43","2.260,43","","2,64%"
"07.07.2016","2.202,31","2.202,31","2.202,31","2.202,31","","0,99%"
"06.07.2016","2.180,66","2.180,66","2.180,66","2.180,66","","-2,10%"
"05.07.2016","2.227,40","2.227,40","2.227,40","2.227,40","","-2,43%"
"04.07.2016","2.282,78","2.282,78","2.282,78","2.282,78","","-1,31%"
"01.07.2016","2.313,01","2.313,01","2.313,01","2.313,01","","0,27%"
"30.06.2016","2.306,70","2.306,70","2.306,70","2.306,70","","0,54%"
"29.06.2016","2.294,29","2.294,29","2.294,29","2.294,29","","2,90%"
"28.06.2016","2.229,68","2.229,68","2.229,68","2.229,68","","2,94%"
"27.06.2016","2.165,90","2.165,90","2.165,90","2.165,90","","-4,50%"
"24.06.2016","2.267,94","2.267,94","2.267,94","2.267,94","","-8,95%"
"23.06.2016","2.490,93","2.490,93","2.490,93","2.490,93","","1,23%"
"22.06.2016","2.460,64","2.460,64","2.460,64","2.460,64","","0,33%"
"21.06.2016","2.452,63","2.452,63","2.452,63","2.452,63","","1,17%"
"20.06.2016","2.424,37","2.424,37","2.424,37","2.424,37","","4,01%"
"17.06.2016","2.330,84","2.330,84","2.330,84","2.330,84","","1,01%"
"16.06.2016","2.307,57","2.307,57","2.307,57","2.307,57","","-1,34%"
"15.06.2016","2.338,96","2.338,96","2.338,96","2.338,96","","0,38%"
"14.06.2016","2.330,11","2.330,11","2.330,11","2.330,11","","-2,08%"
"13.06.2016","2.379,56","2.379,56","2.379,56","2.379,56","","-1,57%"
"10.06.2016","2.417,51","2.417,51","2.417,51","2.417,51","","-2,13%"
"09.06.2016","2.470,02","2.470,02","2.470,02","2.470,02","","0,18%"
"08.06.2016","2.465,63","2.465,63","2.465,63","2.465,63","","0,19%"
"07.06.2016","2.461,00","2.461,00","2.461,00","2.461,00","","0,93%"
"06.06.2016","2.438,22","2.438,22","2.438,22","2.438,22","","0,01%"
"03.06.2016","2.437,88","2.437,88","2.437,88","2.437,88","","0,42%"
"02.06.2016","2.427,70","2.427,70","2.427,70","2.427,70","","-0,29%"
"01.06.2016","2.434,66","2.434,66","2.434,66","2.434,66","","-0,87%"
"31.05.2016","2.456,08","2.456,08","2.456,08","2.456,08","","-0,91%"
"30.05.2016","2.478,67","2.478,67","2.478,67","2.478,67","","0,04%"
"27.05.2016","2.477,65","2.477,65","2.477,65","2.477,65","","0,49%"
"26.05.2016","2.465,65","2.465,65","2.465,65","2.465,65","","0,30%"
"25.05.2016","2.458,30","2.458,30","2.458,30","2.458,30","","-0,04%"
"24.05.2016","2.459,37","2.459,37","2.459,37","2.459,37","","1,80%"
"23.05.2016","2.415,96","2.415,96","2.415,96","2.415,96","","0,25%"
"20.05.2016","2.409,86","2.409,86","2.409,86","2.409,86","","1,09%"
"19.05.2016","2.383,94","2.383,94","2.383,94","2.383,94","","-0,85%"
"18.05.2016","2.404,48","2.404,48","2.404,48","2.404,48","","0,13%"
"17.05.2016","2.401,36","2.401,36","2.401,36","2.401,36","","0,57%"
"16.05.2016","2.387,75","2.387,75","2.387,75","2.387,75","","0,10%"
"13.05.2016","2.385,27","2.385,27","2.385,27","2.385,27","","0,88%"
"12.05.2016","2.364,44","2.364,44","2.364,44","2.364,44","","-0,49%"
"11.05.2016","2.376,19","2.376,19","2.376,19","2.376,19","","-1,16%"
"10.05.2016","2.404,14","2.404,14","2.404,14","2.404,14","","-0,02%"
"09.05.2016","2.404,66","2.404,66","2.404,66","2.404,66","","1,16%"
"06.05.2016","2.377,19","2.377,19","2.377,19","2.377,19","","0,19%"
"05.05.2016","2.372,65","2.372,65","2.372,65","2.372,65","","0,82%"
"04.05.2016","2.353,33","2.353,33","2.353,33","2.353,33","","-0,67%"
"03.05.2016","2.369,32","2.369,32","2.369,32","2.369,32","","-0,76%"
"02.05.2016","2.387,47","2.387,47","2.387,47","2.387,47","","0,34%"
"29.04.2016","2.379,48","2.379,48","2.379,48","2.379,48","","-0,87%"
"28.04.2016","2.400,27","2.400,27","2.400,27","2.400,27","","0,18%"
"27.04.2016","2.395,87","2.395,87","2.395,87","2.395,87","","0,01%"
"26.04.2016","2.395,57","2.395,57","2.395,57","2.395,57","","1,33%"
"25.04.2016","2.364,08","2.364,08","2.364,08","2.364,08","","1,19%"
"22.04.2016","2.336,26","2.336,26","2.336,26","2.336,26","","-0,67%"
"21.04.2016","2.352,10","2.352,10","2.352,10","2.352,10","","-1,44%"
"20.04.2016","2.386,57","2.386,57","2.386,57","2.386,57","","0,19%"
"19.04.2016","2.381,96","2.381,96","2.381,96","2.381,96","","0,70%"
"18.04.2016","2.365,35","2.365,35","2.365,35","2.365,35","","-0,24%"
"15.04.2016","2.370,99","2.370,99","2.370,99","2.370,99","","-0,51%"
"14.04.2016","2.383,05","2.383,05","2.383,05","2.383,05","","-1,07%"
"13.04.2016","2.408,85","2.408,85","2.408,85","2.408,85","","1,31%"
"12.04.2016","2.377,65","2.377,65","2.377,65","2.377,65","","-0,55%"
"11.04.2016","2.390,76","2.390,76","2.390,76","2.390,76","","0,58%"
"08.04.2016","2.377,00","2.377,00","2.377,00","2.377,00","","1,09%"
"07.04.2016","2.351,41","2.351,41","2.351,41","2.351,41","","-0,58%"
"06.04.2016","2.365,04","2.365,04","2.365,04","2.365,04","","0,53%"
"05.04.2016","2.352,56","2.352,56","2.352,56","2.352,56","","-0,42%"
"04.04.2016","2.362,49","2.362,49","2.362,49","2.362,49","","0,29%"
"01.04.2016","2.355,57","2.355,57","2.355,57","2.355,57","","-0,98%"
"31.03.2016","2.378,98","2.378,98","2.378,98","2.378,98","","-0,53%"
"30.03.2016","2.391,70","2.391,70","2.391,70","2.391,70","","0,92%"
"29.03.2016","2.369,82","2.369,82","2.369,82","2.369,82","","1,53%"
"28.03.2016","2.334,04","2.334,04","2.334,04","2.334,04","","0,09%"
"25.03.2016","2.331,88","2.331,88","2.331,88","2.331,88","","0,00%"
"24.03.2016","2.331,88","2.331,88","2.331,88","2.331,88","","-1,22%"
"23.03.2016","2.360,62","2.360,62","2.360,62","2.360,62","","-0,09%"
"22.03.2016","2.362,86","2.362,86","2.362,86","2.362,86","","-0,93%"
"21.03.2016","2.385,14","2.385,14","2.385,14","2.385,14","","-0,05%"
"18.03.2016","2.386,45","2.386,45","2.386,45","2.386,45","","0,07%"
"17.03.2016","2.384,72","2.384,72","2.384,72","2.384,72","","1,07%"
"16.03.2016","2.359,51","2.359,51","2.359,51","2.359,51","","0,46%"
"15.03.2016","2.348,66","2.348,66","2.348,66","2.348,66","","-0,34%"
"14.03.2016","2.356,67","2.356,67","2.356,67","2.356,67","","1,63%"
"11.03.2016","2.318,83","2.318,83","2.318,83","2.318,83","","2,75%"
"10.03.2016","2.256,76","2.256,76","2.256,76","2.256,76","","0,29%"
"09.03.2016","2.250,23","2.250,23","2.250,23","2.250,23","","-0,06%"
"08.03.2016","2.251,59","2.251,59","2.251,59","2.251,59","","-1,08%"
"07.03.2016","2.276,12","2.276,12","2.276,12","2.276,12","","-0,70%"
"04.03.2016","2.292,27","2.292,27","2.292,27","2.292,27","","0,32%"
"03.03.2016","2.285,05","2.285,05","2.285,05","2.285,05","","0,11%"
"02.03.2016","2.282,63","2.282,63","2.282,63","2.282,63","","0,56%"
"01.03.2016","2.269,94","2.269,94","2.269,94","2.269,94","","1,08%"
"29.02.2016","2.245,69","2.245,69","2.245,69","2.245,69","","0,82%"
"26.02.2016","2.227,41","2.227,41","2.227,41","2.227,41","","0,46%"
"25.02.2016","2.217,11","2.217,11","2.217,11","2.217,11","","1,55%"
"24.02.2016","2.183,32","2.183,32","2.183,32","2.183,32","","-2,08%"
"23.02.2016","2.229,68","2.229,68","2.229,68","2.229,68","","-1,29%"
"22.02.2016","2.258,71","2.258,71","2.258,71","2.258,71","","0,29%"
"19.02.2016","2.252,08","2.252,08","2.252,08","2.252,08","","0,44%"
"18.02.2016","2.242,23","2.242,23","2.242,23","2.242,23","","0,56%"
"17.02.2016","2.229,70","2.229,70","2.229,70","2.229,70","","2,06%"
"16.02.2016","2.184,71","2.184,71","2.184,71","2.184,71","","-0,66%"
"15.02.2016","2.199,14","2.199,14","2.199,14","2.199,14","","2,76%"
"12.02.2016","2.140,17","2.140,17","2.140,17","2.140,17","","1,29%"
"11.02.2016","2.112,89","2.112,89","2.112,89","2.112,89","","-3,00%"
"10.02.2016","2.178,16","2.178,16","2.178,16","2.178,16","","2,62%"
"09.02.2016","2.122,60","2.122,60","2.122,60","2.122,60","","-1,79%"
"08.02.2016","2.161,19","2.161,19","2.161,19","2.161,19","","-3,65%"
"05.02.2016","2.242,95","2.242,95","2.242,95","2.242,95","","-1,46%"
"04.02.2016","2.276,26","2.276,26","2.276,26","2.276,26","","-1,11%"
"03.02.2016","2.301,78","2.301,78","2.301,78","2.301,78","","0,10%"
"02.02.2016","2.299,50","2.299,50","2.299,50","2.299,50","","-1,25%"
"01.02.2016","2.328,68","2.328,68","2.328,68","2.328,68","","0,44%"
"29.01.2016","2.318,56","2.318,56","2.318,56","2.318,56","","2,62%"
"28.01.2016","2.259,33","2.259,33","2.259,33","2.259,33","","-0,36%"
"27.01.2016","2.267,40","2.267,40","2.267,40","2.267,40","","-1,13%"
"26.01.2016","2.293,22","2.293,22","2.293,22","2.293,22","","0,07%"
"25.01.2016","2.291,72","2.291,72","2.291,72","2.291,72","","0,31%"
"22.01.2016","2.284,54","2.284,54","2.284,54","2.284,54","","3,82%"
"21.01.2016","2.200,50","2.200,50","2.200,50","2.200,50","","1,38%"
"20.01.2016","2.170,52","2.170,52","2.170,52","2.170,52","","-2,68%"
"19.01.2016","2.230,35","2.230,35","2.230,35","2.230,35","","0,60%"
"18.01.2016","2.217,09","2.217,09","2.217,09","2.217,09","","-0,86%"
"15.01.2016","2.236,37","2.236,37","2.236,37","2.236,37","","-2,46%"
"14.01.2016","2.292,81","2.292,81","2.292,81","2.292,81","","-1,70%"
"13.01.2016","2.332,55","2.332,55","2.332,55","2.332,55","","0,23%"
"12.01.2016","2.327,15","2.327,15","2.327,15","2.327,15","","0,59%"
"11.01.2016","2.313,47","2.313,47","2.313,47","2.313,47","","-0,18%"
"08.01.2016","2.317,62","2.317,62","2.317,62","2.317,62","","-1,35%"
"07.01.2016","2.349,45","2.349,45","2.349,45","2.349,45","","-2,41%"
"06.01.2016","2.407,56","2.407,56","2.407,56","2.407,56","","-1,09%"
"05.01.2016","2.434,18","2.434,18","2.434,18","2.434,18","","-0,48%"
"31.12.2015","2.445,99","2.445,99","2.445,99","2.445,99","","-0,55%"
"30.12.2015","2.459,58","2.459,58","2.459,58","2.459,58","","-0,46%"
"29.12.2015","2.470,94","2.470,94","2.470,94","2.470,94","","1,33%"
"28.12.2015","2.438,44","2.438,44","2.438,44","2.438,44","","-0,40%"
"25.12.2015","2.448,23","2.448,23","2.448,23","2.448,23","","0,00%"
"24.12.2015","2.448,23","2.448,23","2.448,23","2.448,23","","0,19%"
"23.12.2015","2.443,50","2.443,50","2.443,50","2.443,50","","1,70%"
"22.12.2015","2.402,56","2.402,56","2.402,56","2.402,56","","-0,13%"
"21.12.2015","2.405,61","2.405,61","2.405,61","2.405,61","","-1,33%"
"18.12.2015","2.437,97","2.437,97","2.437,97","2.437,97","","-0,35%"
"17.12.2015","2.446,48","2.446,48","2.446,48","2.446,48","","1,11%"
"16.12.2015","2.419,71","2.419,71","2.419,71","2.419,71","","0,63%"
"15.12.2015","2.404,53","2.404,53","2.404,53","2.404,53","","2,27%"
"14.12.2015","2.351,18","2.351,18","2.351,18","2.351,18","","-1,53%"
"11.12.2015","2.387,73","2.387,73","2.387,73","2.387,73","","-1,57%"
"10.12.2015","2.425,78","2.425,78","2.425,78","2.425,78","","-0,37%"
"09.12.2015","2.434,91","2.434,91","2.434,91","2.434,91","","-0,57%"
"08.12.2015","2.448,83","2.448,83","2.448,83","2.448,83","","-1,16%"
"07.12.2015","2.477,66","2.477,66","2.477,66","2.477,66","","1,19%"
"04.12.2015","2.448,50","2.448,50","2.448,50","2.448,50","","-0,28%"
"03.12.2015","2.455,44","2.455,44","2.455,44","2.455,44","","-3,13%"
"02.12.2015","2.534,65","2.534,65","2.534,65","2.534,65","","-0,83%"
"01.12.2015","2.555,84","2.555,84","2.555,84","2.555,84","","0,87%"
"30.11.2015","2.533,92","2.533,92","2.533,92","2.533,92","","0,07%"
"27.11.2015","2.532,11","2.532,11","2.532,11","2.532,11","","0,38%"
"26.11.2015","2.522,47","2.522,47","2.522,47","2.522,47","","0,23%"
"25.11.2015","2.516,77","2.516,77","2.516,77","2.516,77","","1,83%"
"24.11.2015","2.471,61","2.471,61","2.471,61","2.471,61","","-1,86%"
"23.11.2015","2.518,50","2.518,50","2.518,50","2.518,50","","-1,27%"
"22.11.2015","2.550,95","2.550,95","2.550,95","2.550,95","","0,00%"
"20.11.2015","2.550,95","2.550,95","2.550,95","2.550,95","","0,79%"
"19.11.2015","2.531,08","2.531,08","2.531,08","2.531,08","","0,94%"
"18.11.2015","2.507,44","2.507,44","2.507,44","2.507,44","","-0,33%"
"17.11.2015","2.515,72","2.515,72","2.515,72","2.515,72","","2,24%"
"16.11.2015","2.460,63","2.460,63","2.460,63","2.460,63","","0,82%"
"13.11.2015","2.440,52","2.440,52","2.440,52","2.440,52","","-0,47%"
"12.11.2015","2.452,15","2.452,15","2.452,15","2.452,15","","-1,25%"
"11.11.2015","2.483,08","2.483,08","2.483,08","2.483,08","","0,74%"
"10.11.2015","2.464,77","2.464,77","2.464,77","2.464,77","","-0,14%"
"09.11.2015","2.468,14","2.468,14","2.468,14","2.468,14","","-2,03%"
"06.11.2015","2.519,37","2.519,37","2.519,37","2.519,37","","-0,64%"
"05.11.2015","2.535,48","2.535,48","2.535,48","2.535,48","","0,11%"
"04.11.2015","2.532,68","2.532,68","2.532,68","2.532,68","","-0,40%"
"03.11.2015","2.542,80","2.542,80","2.542,80","2.542,80","","-1,06%"
"02.11.2015","2.570,03","2.570,03","2.570,03","2.570,03","","0,12%"
"30.10.2015","2.566,86","2.566,86","2.566,86","2.566,86","","-0,18%"
"29.10.2015","2.571,60","2.571,60","2.571,60","2.571,60","","0,22%"
"28.10.2015","2.565,90","2.565,90","2.565,90","2.565,90","","0,91%"
"27.10.2015","2.542,84","2.542,84","2.542,84","2.542,84","","-0,24%"
"26.10.2015","2.549,08","2.549,08","2.549,08","2.549,08","","0,07%"
"23.10.2015","2.547,41","2.547,41","2.547,41","2.547,41","","1,24%"
"22.10.2015","2.516,16","2.516,16","2.516,16","2.516,16","","2,53%"
"21.10.2015","2.454,01","2.454,01","2.454,01","2.454,01","","0,38%"
"20.10.2015","2.444,79","2.444,79","2.444,79","2.444,79","","0,10%"
"19.10.2015","2.442,29","2.442,29","2.442,29","2.442,29","","1,14%"
"16.10.2015","2.414,68","2.414,68","2.414,68","2.414,68","","0,13%"
"15.10.2015","2.411,54","2.411,54","2.411,54","2.411,54","","0,73%"
"14.10.2015","2.394,18","2.394,18","2.394,18","2.394,18","","-0,26%"
"13.10.2015","2.400,33","2.400,33","2.400,33","2.400,33","","-0,33%"
"12.10.2015","2.408,33","2.408,33","2.408,33","2.408,33","","0,10%"
"09.10.2015","2.405,89","2.405,89","2.405,89","2.405,89","","-0,13%"
"08.10.2015","2.408,93","2.408,93","2.408,93","2.408,93","","0,25%"
"07.10.2015","2.402,81","2.402,81","2.402,81","2.402,81","","-0,94%"
"06.10.2015","2.425,65","2.425,65","2.425,65","2.425,65","","-0,10%"
"05.10.2015","2.428,05","2.428,05","2.428,05","2.428,05","","2,60%"
"02.10.2015","2.366,51","2.366,51","2.366,51","2.366,51","","0,58%"
"01.10.2015","2.352,80","2.352,80","2.352,80","2.352,80","","-1,13%"
"30.09.2015","2.379,63","2.379,63","2.379,63","2.379,63","","1,49%"
"29.09.2015","2.344,78","2.344,78","2.344,78","2.344,78","","-0,53%"
"28.09.2015","2.357,35","2.357,35","2.357,35","2.357,35","","-1,57%"
"25.09.2015","2.394,86","2.394,86","2.394,86","2.394,86","","2,41%"
"24.09.2015","2.338,59","2.338,59","2.338,59","2.338,59","","-0,81%"
"23.09.2015","2.357,58","2.357,58","2.357,58","2.357,58","","0,73%"
"22.09.2015","2.340,47","2.340,47","2.340,47","2.340,47","","-1,58%"
"21.09.2015","2.378,09","2.378,09","2.378,09","2.378,09","","0,94%"
"18.09.2015","2.356,06","2.356,06","2.356,06","2.356,06","","0,40%"
"17.09.2015","2.346,59","2.346,59","2.346,59","2.346,59","","0,27%"
"16.09.2015","2.340,25","2.340,25","2.340,25","2.340,25","","0,76%"
"15.09.2015","2.322,63","2.322,63","2.322,63","2.322,63","","-0,40%"
"14.09.2015","2.331,98","2.331,98","2.331,98","2.331,98","","-0,68%"
"11.09.2015","2.347,88","2.347,88","2.347,88","2.347,88","","-1,49%"
"10.09.2015","2.383,44","2.383,44","2.383,44","2.383,44","","-0,36%"
"09.09.2015","2.391,99","2.391,99","2.391,99","2.391,99","","0,89%"
"08.09.2015","2.370,80","2.370,80","2.370,80","2.370,80","","1,17%"
"07.09.2015","2.343,39","2.343,39","2.343,39","2.343,39","","-0,02%"
"04.09.2015","2.343,97","2.343,97","2.343,97","2.343,97","","-2,05%"
"03.09.2015","2.392,96","2.392,96","2.392,96","2.392,96","","1,90%"
"02.09.2015","2.348,28","2.348,28","2.348,28","2.348,28","","1,37%"
"01.09.2015","2.316,59","2.316,59","2.316,59","2.316,59","","-2,45%"
"31.08.2015","2.374,75","2.374,75","2.374,75","2.374,75","","0,34%"
"28.08.2015","2.366,81","2.366,81","2.366,81","2.366,81","","-0,65%"
"27.08.2015","2.382,29","2.382,29","2.382,29","2.382,29","","2,75%"
"26.08.2015","2.318,48","2.318,48","2.318,48","2.318,48","","-1,79%"
"25.08.2015","2.360,85","2.360,85","2.360,85","2.360,85","","3,58%"
"24.08.2015","2.279,31","2.279,31","2.279,31","2.279,31","","-5,90%"
"21.08.2015","2.422,20","2.422,20","2.422,20","2.422,20","","-2,62%"
"20.08.2015","2.487,37","2.487,37","2.487,37","2.487,37","","-1,63%"
"19.08.2015","2.528,67","2.528,67","2.528,67","2.528,67","","-1,21%"
"18.08.2015","2.559,56","2.559,56","2.559,56","2.559,56","","0,67%"
"17.08.2015","2.542,48","2.542,48","2.542,48","2.542,48","","0,48%"
"14.08.2015","2.530,24","2.530,24","2.530,24","2.530,24","","1,10%"
"13.08.2015","2.502,72","2.502,72","2.502,72","2.502,72","","1,64%"
"12.08.2015","2.462,37","2.462,37","2.462,37","2.462,37","","-1,59%"
"11.08.2015","2.502,11","2.502,11","2.502,11","2.502,11","","-0,98%"
"10.08.2015","2.526,92","2.526,92","2.526,92","2.526,92","","0,79%"
"07.08.2015","2.507,18","2.507,18","2.507,18","2.507,18","","-0,49%"
"06.08.2015","2.519,60","2.519,60","2.519,60","2.519,60","","-0,08%"
"05.08.2015","2.521,65","2.521,65","2.521,65","2.521,65","","0,73%"
"04.08.2015","2.503,32","2.503,32","2.503,32","2.503,32","","0,68%"
"03.08.2015","2.486,53","2.486,53","2.486,53","2.486,53","","1,19%"
"31.07.2015","2.457,30","2.457,30","2.457,30","2.457,30","","-0,33%"
"30.07.2015","2.465,54","2.465,54","2.465,54","2.465,54","","0,36%"
"29.07.2015","2.456,66","2.456,66","2.456,66","2.456,66","","0,84%"
"28.07.2015","2.436,20","2.436,20","2.436,20","2.436,20","","1,18%"
"27.07.2015","2.407,85","2.407,85","2.407,85","2.407,85","","-1,69%"
"24.07.2015","2.449,23","2.449,23","2.449,23","2.449,23","","0,28%"
"23.07.2015","2.442,48","2.442,48","2.442,48","2.442,48","","-1,44%"
"22.07.2015","2.478,11","2.478,11","2.478,11","2.478,11","","-0,33%"
"21.07.2015","2.486,42","2.486,42","2.486,42","2.486,42","","-0,98%"
"20.07.2015","2.511,13","2.511,13","2.511,13","2.511,13","","-0,13%"
"17.07.2015","2.514,40","2.514,40","2.514,40","2.514,40","","0,53%"
"16.07.2015","2.501,25","2.501,25","2.501,25","2.501,25","","1,61%"
"15.07.2015","2.461,56","2.461,56","2.461,56","2.461,56","","0,66%"
"14.07.2015","2.445,42","2.445,42","2.445,42","2.445,42","","0,02%"
"13.07.2015","2.444,91","2.444,91","2.444,91","2.444,91","","2,98%"
"10.07.2015","2.374,12","2.374,12","2.374,12","2.374,12","","1,27%"
"09.07.2015","2.344,31","2.344,31","2.344,31","2.344,31","","2,11%"
"08.07.2015","2.295,97","2.295,97","2.295,97","2.295,97","","-0,31%"
"07.07.2015","2.303,14","2.303,14","2.303,14","2.303,14","","0,12%"
"06.07.2015","2.300,28","2.300,28","2.300,28","2.300,28","","-1,27%"
"03.07.2015","2.329,86","2.329,86","2.329,86","2.329,86","","0,59%"
"02.07.2015","2.316,19","2.316,19","2.316,19","2.316,19","","-0,93%"
"01.07.2015","2.337,83","2.337,83","2.337,83","2.337,83","","1,67%"
"30.06.2015","2.299,38","2.299,38","2.299,38","2.299,38","","-0,64%"
"29.06.2015","2.314,29","2.314,29","2.314,29","2.314,29","","-2,19%"
"26.06.2015","2.366,05","2.366,05","2.366,05","2.366,05","","0,82%"
"25.06.2015","2.346,90","2.346,90","2.346,90","2.346,90","","-0,16%"
"24.06.2015","2.350,74","2.350,74","2.350,74","2.350,74","","-0,28%"
"23.06.2015","2.357,30","2.357,30","2.357,30","2.357,30","","1,50%"
"22.06.2015","2.322,51","2.322,51","2.322,51","2.322,51","","1,36%"
"19.06.2015","2.291,39","2.291,39","2.291,39","2.291,39","","0,22%"
"18.06.2015","2.286,45","2.286,45","2.286,45","2.286,45","","-0,28%"
"17.06.2015","2.292,90","2.292,90","2.292,90","2.292,90","","-1,46%"
"16.06.2015","2.326,93","2.326,93","2.326,93","2.326,93","","0,48%"
"15.06.2015","2.315,70","2.315,70","2.315,70","2.315,70","","-1,26%"
"12.06.2015","2.345,19","2.345,19","2.345,19","2.345,19","","-1,23%"
"11.06.2015","2.374,50","2.374,50","2.374,50","2.374,50","","1,85%"
"10.06.2015","2.331,31","2.331,31","2.331,31","2.331,31","","1,32%"
"09.06.2015","2.301,01","2.301,01","2.301,01","2.301,01","","0,64%"
"08.06.2015","2.286,32","2.286,32","2.286,32","2.286,32","","-0,89%"
"05.06.2015","2.306,88","2.306,88","2.306,88","2.306,88","","-1,53%"
"04.06.2015","2.342,80","2.342,80","2.342,80","2.342,80","","0,63%"
"03.06.2015","2.328,20","2.328,20","2.328,20","2.328,20","","-4,21%"
"01.06.2015","2.430,64","2.430,64","2.430,64","2.430,64","","1,01%"
"29.05.2015","2.406,22","2.406,22","2.406,22","2.406,22","","-1,49%"
"28.05.2015","2.442,64","2.442,64","2.442,64","2.442,64","","-0,69%"
"27.05.2015","2.459,66","2.459,66","2.459,66","2.459,66","","1,09%"
"26.05.2015","2.433,04","2.433,04","2.433,04","2.433,04","","-0,72%"
"25.05.2015","2.450,80","2.450,80","2.450,80","2.450,80","","-0,13%"
"22.05.2015","2.453,97","2.453,97","2.453,97","2.453,97","","-0,41%"
"21.05.2015","2.464,05","2.464,05","2.464,05","2.464,05","","-0,92%"
"20.05.2015","2.486,89","2.486,89","2.486,89","2.486,89","","-1,20%"
"19.05.2015","2.517,05","2.517,05","2.517,05","2.517,05","","2,84%"
"18.05.2015","2.447,50","2.447,50","2.447,50","2.447,50","","-0,32%"
"15.05.2015","2.455,43","2.455,43","2.455,43","2.455,43","","0,98%"
"14.05.2015","2.431,60","2.431,60","2.431,60","2.431,60","","0,92%"
"13.05.2015","2.409,45","2.409,45","2.409,45","2.409,45","","0,82%"
"12.05.2015","2.389,79","2.389,79","2.389,79","2.389,79","","-1,42%"
"11.05.2015","2.424,25","2.424,25","2.424,25","2.424,25","","0,24%"
"08.05.2015","2.418,42","2.418,42","2.418,42","2.418,42","","4,24%"
"07.05.2015","2.320,01","2.320,01","2.320,01","2.320,01","","-0,37%"
"06.05.2015","2.328,61","2.328,61","2.328,61","2.328,61","","-2,17%"
"05.05.2015","2.380,21","2.380,21","2.380,21","2.380,21","","-1,67%"
"04.05.2015","2.420,60","2.420,60","2.420,60","2.420,60","","0,67%"
"01.05.2015","2.404,58","2.404,58","2.404,58","2.404,58","","-0,87%"
"30.04.2015","2.425,68","2.425,68","2.425,68","2.425,68","","-0,63%"
"29.04.2015","2.441,04","2.441,04","2.441,04","2.441,04","","-1,50%"
"28.04.2015","2.478,21","2.478,21","2.478,21","2.478,21","","-1,53%"
"27.04.2015","2.516,61","2.516,61","2.516,61","2.516,61","","0,98%"
"24.04.2015","2.492,15","2.492,15","2.492,15","2.492,15","","0,01%"
"23.04.2015","2.491,97","2.491,97","2.491,97","2.491,97","","-0,96%"
"22.04.2015","2.516,02","2.516,02","2.516,02","2.516,02","","-0,14%"
"21.04.2015","2.519,56","2.519,56","2.519,56","2.519,56","","0,30%"
"20.04.2015","2.512,11","2.512,11","2.512,11","2.512,11","","0,71%"
"17.04.2015","2.494,29","2.494,29","2.494,29","2.494,29","","-1,15%"
"16.04.2015","2.523,25","2.523,25","2.523,25","2.523,25","","-0,97%"
"15.04.2015","2.547,90","2.547,90","2.547,90","2.547,90","","0,10%"
"14.04.2015","2.545,48","2.545,48","2.545,48","2.545,48","","0,36%"
"13.04.2015","2.536,41","2.536,41","2.536,41","2.536,41","","-0,67%"
"10.04.2015","2.553,53","2.553,53","2.553,53","2.553,53","","0,77%"
"09.04.2015","2.534,08","2.534,08","2.534,08","2.534,08","","0,73%"
"08.04.2015","2.515,79","2.515,79","2.515,79","2.515,79","","0,81%"
"07.04.2015","2.495,54","2.495,54","2.495,54","2.495,54","","1,29%"
"06.04.2015","2.463,82","2.463,82","2.463,82","2.463,82","","-0,17%"
"03.04.2015","2.468,06","2.468,06","2.468,06","2.468,06","","0,00%"
"02.04.2015","2.468,06","2.468,06","2.468,06","2.468,06","","-0,36%"
"01.04.2015","2.476,95","2.476,95","2.476,95","2.476,95","","0,09%"
"31.03.2015","2.474,81","2.474,81","2.474,81","2.474,81","","-0,48%"
"30.03.2015","2.486,79","2.486,79","2.486,79","2.486,79","","0,45%"
"27.03.2015","2.475,76","2.475,76","2.475,76","2.475,76","","0,68%"
"26.03.2015","2.458,97","2.458,97","2.458,97","2.458,97","","-1,18%"
"25.03.2015","2.488,25","2.488,25","2.488,25","2.488,25","","-1,08%"
"24.03.2015","2.515,53","2.515,53","2.515,53","2.515,53","","0,85%"
"23.03.2015","2.494,45","2.494,45","2.494,45","2.494,45","","-0,60%"
"20.03.2015","2.509,52","2.509,52","2.509,52","2.509,52","","0,55%"
"19.03.2015","2.495,69","2.495,69","2.495,69","2.495,69","","1,28%"
"18.03.2015","2.464,03","2.464,03","2.464,03","2.464,03","","0,53%"
"17.03.2015","2.451,10","2.451,10","2.451,10","2.451,10","","-0,81%"
"16.03.2015","2.471,02","2.471,02","2.471,02","2.471,02","","0,83%"
"13.03.2015","2.450,73","2.450,73","2.450,73","2.450,73","","1,50%"
"12.03.2015","2.414,55","2.414,55","2.414,55","2.414,55","","-0,35%"
"11.03.2015","2.423,10","2.423,10","2.423,10","2.423,10","","0,91%"
"10.03.2015","2.401,22","2.401,22","2.401,22","2.401,22","","-0,60%"
"09.03.2015","2.415,75","2.415,75","2.415,75","2.415,75","","-1,21%"
"06.03.2015","2.445,42","2.445,42","2.445,42","2.445,42","","-1,87%"
"05.03.2015","2.491,99","2.491,99","2.491,99","2.491,99","","0,47%"
"04.03.2015","2.480,45","2.480,45","2.480,45","2.480,45","","-0,12%"
"03.03.2015","2.483,49","2.483,49","2.483,49","2.483,49","","-0,70%"
"02.03.2015","2.500,93","2.500,93","2.500,93","2.500,93","","0,86%"
"27.02.2015","2.479,68","2.479,68","2.479,68","2.479,68","","-0,01%"
"26.02.2015","2.479,88","2.479,88","2.479,88","2.479,88","","1,05%"
"25.02.2015","2.454,14","2.454,14","2.454,14","2.454,14","","-0,27%"
"24.02.2015","2.460,78","2.460,78","2.460,78","2.460,78","","0,47%"
"23.02.2015","2.449,31","2.449,31","2.449,31","2.449,31","","1,10%"
"20.02.2015","2.422,64","2.422,64","2.422,64","2.422,64","","-0,54%"
"19.02.2015","2.435,86","2.435,86","2.435,86","2.435,86","","0,55%"
"18.02.2015","2.422,60","2.422,60","2.422,60","2.422,60","","0,21%"
"17.02.2015","2.417,49","2.417,49","2.417,49","2.417,49","","-0,11%"
"16.02.2015","2.420,10","2.420,10","2.420,10","2.420,10","","-0,27%"
"13.02.2015","2.426,74","2.426,74","2.426,74","2.426,74","","0,60%"
"12.02.2015","2.412,32","2.412,32","2.412,32","2.412,32","","0,91%"
"11.02.2015","2.390,68","2.390,68","2.390,68","2.390,68","","-0,13%"
"10.02.2015","2.393,76","2.393,76","2.393,76","2.393,76","","0,81%"
"09.02.2015","2.374,53","2.374,53","2.374,53","2.374,53","","-1,57%"
"06.02.2015","2.412,30","2.412,30","2.412,30","2.412,30","","-0,45%"
"05.02.2015","2.423,30","2.423,30","2.423,30","2.423,30","","0,83%"
"04.02.2015","2.403,42","2.403,42","2.403,42","2.403,42","","0,50%"
"03.02.2015","2.391,47","2.391,47","2.391,47","2.391,47","","0,47%"
"02.02.2015","2.380,19","2.380,19","2.380,19","2.380,19","","1,27%"
"30.01.2015","2.350,45","2.350,45","2.350,45","2.350,45","","-0,59%"
"29.01.2015","2.364,38","2.364,38","2.364,38","2.364,38","","0,49%"
"28.01.2015","2.352,77","2.352,77","2.352,77","2.352,77","","1,04%"
"27.01.2015","2.328,54","2.328,54","2.328,54","2.328,54","","-1,60%"
"26.01.2015","2.366,46","2.366,46","2.366,46","2.366,46","","0,51%"
"23.01.2015","2.354,37","2.354,37","2.354,37","2.354,37","","2,53%"
"22.01.2015","2.296,38","2.296,38","2.296,38","2.296,38","","1,82%"
"21.01.2015","2.255,38","2.255,38","2.255,38","2.255,38","","-0,15%"
"20.01.2015","2.258,87","2.258,87","2.258,87","2.258,87","","1,22%"
"19.01.2015","2.231,56","2.231,56","2.231,56","2.231,56","","-0,34%"
"16.01.2015","2.239,28","2.239,28","2.239,28","2.239,28","","2,16%"
"15.01.2015","2.192,04","2.192,04","2.192,04","2.192,04","","2,50%"
"14.01.2015","2.138,64","2.138,64","2.138,64","2.138,64","","-0,61%"
"13.01.2015","2.151,73","2.151,73","2.151,73","2.151,73","","1,04%"
"12.01.2015","2.129,64","2.129,64","2.129,64","2.129,64","","0,67%"
"09.01.2015","2.115,53","2.115,53","2.115,53","2.115,53","","-0,20%"
"08.01.2015","2.119,81","2.119,81","2.119,81","2.119,81","","1,48%"
"07.01.2015","2.088,89","2.088,89","2.088,89","2.088,89","","1,37%"
"06.01.2015","2.060,74","2.060,74","2.060,74","2.060,74","","-0,31%"
"05.01.2015","2.067,07","2.067,07","2.067,07","2.067,07","","-0,18%"
"02.01.2015","2.070,89","2.070,89","2.070,89","2.070,89","","-0,11%"
"31.12.2014","2.073,11","2.073,11","2.073,11","2.073,11","","0,41%"
"30.12.2014","2.064,66","2.064,66","2.064,66","2.064,66","","-0,45%"
"29.12.2014","2.073,96","2.073,96","2.073,96","2.073,96","","-0,25%"
"26.12.2014","2.079,15","2.079,15","2.079,15","2.079,15","","0,07%"
"25.12.2014","2.077,65","2.077,65","2.077,65","2.077,65","","0,00%"
"24.12.2014","2.077,65","2.077,65","2.077,65","2.077,65","","0,10%"
"23.12.2014","2.075,56","2.075,56","2.075,56","2.075,56","","0,58%"
"22.12.2014","2.063,59","2.063,59","2.063,59","2.063,59","","0,85%"
"19.12.2014","2.046,23","2.046,23","2.046,23","2.046,23","","1,33%"
"18.12.2014","2.019,38","2.019,38","2.019,38","2.019,38","","2,49%"
"17.12.2014","1.970,23","1.970,23","1.970,23","1.970,23","","0,25%"
"16.12.2014","1.965,32","1.965,32","1.965,32","1.965,32","","0,24%"
"15.12.2014","1.960,54","1.960,54","1.960,54","1.960,54","","-1,46%"
"12.12.2014","1.989,67","1.989,67","1.989,67","1.989,67","","-1,37%"
"11.12.2014","2.017,24","2.017,24","2.017,24","2.017,24","","-0,30%"
"10.12.2014","2.023,41","2.023,41","2.023,41","2.023,41","","0,18%"
"09.12.2014","2.019,72","2.019,72","2.019,72","2.019,72","","-1,37%"
"08.12.2014","2.047,74","2.047,74","2.047,74","2.047,74","","-0,40%"
"05.12.2014","2.055,95","2.055,95","2.055,95","2.055,95","","0,58%"
"04.12.2014","2.044,13","2.044,13","2.044,13","2.044,13","","-1,18%"
"03.12.2014","2.068,53","2.068,53","2.068,53","2.068,53","","0,28%"
"02.12.2014","2.062,83","2.062,83","2.062,83","2.062,83","","0,82%"
"01.12.2014","2.046,04","2.046,04","2.046,04","2.046,04","","0,43%"
"28.11.2014","2.037,31","2.037,31","2.037,31","2.037,31","","0,10%"
"27.11.2014","2.035,29","2.035,29","2.035,29","2.035,29","","1,40%"
"26.11.2014","2.007,26","2.007,26","2.007,26","2.007,26","","-0,07%"
"25.11.2014","2.008,62","2.008,62","2.008,62","2.008,62","","0,38%"
"24.11.2014","2.001,05","2.001,05","2.001,05","2.001,05","","0,42%"
"21.11.2014","1.992,62","1.992,62","1.992,62","1.992,62","","1,35%"
"20.11.2014","1.966,00","1.966,00","1.966,00","1.966,00","","-0,43%"
"19.11.2014","1.974,57","1.974,57","1.974,57","1.974,57","","-0,12%"
"18.11.2014","1.976,87","1.976,87","1.976,87","1.976,87","","0,50%"
"17.11.2014","1.967,12","1.967,12","1.967,12","1.967,12","","0,23%"
"14.11.2014","1.962,55","1.962,55","1.962,55","1.962,55","","0,03%"
"13.11.2014","1.962,01","1.962,01","1.962,01","1.962,01","","0,35%"
"12.11.2014","1.955,21","1.955,21","1.955,21","1.955,21","","-0,95%"
"11.11.2014","1.973,99","1.973,99","1.973,99","1.973,99","","0,76%"
"10.11.2014","1.959,11","1.959,11","1.959,11","1.959,11","","0,54%"
"07.11.2014","1.948,53","1.948,53","1.948,53","1.948,53","","-1,16%"
"06.11.2014","1.971,33","1.971,33","1.971,33","1.971,33","","-0,29%"
"05.11.2014","1.977,10","1.977,10","1.977,10","1.977,10","","0,99%"
"04.11.2014","1.957,64","1.957,64","1.957,64","1.957,64","","0,04%"
"03.11.2014","1.956,76","1.956,76","1.956,76","1.956,76","","-0,38%"
"31.10.2014","1.964,22","1.964,22","1.964,22","1.964,22","","1,92%"
"30.10.2014","1.927,16","1.927,16","1.927,16","1.927,16","","0,49%"
"29.10.2014","1.917,85","1.917,85","1.917,85","1.917,85","","0,21%"
"28.10.2014","1.913,80","1.913,80","1.913,80","1.913,80","","1,09%"
"27.10.2014","1.893,21","1.893,21","1.893,21","1.893,21","","-0,66%"
"24.10.2014","1.905,85","1.905,85","1.905,85","1.905,85","","-0,09%"
"23.10.2014","1.907,59","1.907,59","1.907,59","1.907,59","","0,76%"
"22.10.2014","1.893,29","1.893,29","1.893,29","1.893,29","","0,62%"
"21.10.2014","1.881,56","1.881,56","1.881,56","1.881,56","","2,29%"
"20.10.2014","1.839,40","1.839,40","1.839,40","1.839,40","","0,55%"
"17.10.2014","1.829,28","1.829,28","1.829,28","1.829,28","","1,87%"
"16.10.2014","1.795,62","1.795,62","1.795,62","1.795,62","","0,83%"
"15.10.2014","1.780,85","1.780,85","1.780,85","1.780,85","","-2,23%"
"14.10.2014","1.821,44","1.821,44","1.821,44","1.821,44","","-0,42%"
"13.10.2014","1.829,05","1.829,05","1.829,05","1.829,05","","-0,26%"
"10.10.2014","1.833,89","1.833,89","1.833,89","1.833,89","","-0,45%"
"09.10.2014","1.842,18","1.842,18","1.842,18","1.842,18","","-0,04%"
"08.10.2014","1.842,92","1.842,92","1.842,92","1.842,92","","-0,70%"
"07.10.2014","1.856,00","1.856,00","1.856,00","1.856,00","","-0,98%"
"06.10.2014","1.874,35","1.874,35","1.874,35","1.874,35","","-0,15%"
"03.10.2014","1.877,24","1.877,24","1.877,24","1.877,24","","0,48%"
"02.10.2014","1.868,19","1.868,19","1.868,19","1.868,19","","-1,79%"
"01.10.2014","1.902,28","1.902,28","1.902,28","1.902,28","","-0,61%"
"30.09.2014","1.914,03","1.914,03","1.914,03","1.914,03","","0,44%"
"29.09.2014","1.905,64","1.905,64","1.905,64","1.905,64","","-0,62%"
"26.09.2014","1.917,51","1.917,51","1.917,51","1.917,51","","1,05%"
"25.09.2014","1.897,62","1.897,62","1.897,62","1.897,62","","-1,03%"
"24.09.2014","1.917,44","1.917,44","1.917,44","1.917,44","","0,38%"
"23.09.2014","1.910,20","1.910,20","1.910,20","1.910,20","","-1,26%"
"22.09.2014","1.934,67","1.934,67","1.934,67","1.934,67","","0,01%"
"19.09.2014","1.934,48","1.934,48","1.934,48","1.934,48","","0,02%"
"18.09.2014","1.934,05","1.934,05","1.934,05","1.934,05","","0,82%"
"17.09.2014","1.918,36","1.918,36","1.918,36","1.918,36","","0,83%"
"16.09.2014","1.902,50","1.902,50","1.902,50","1.902,50","","-1,04%"
"15.09.2014","1.922,56","1.922,56","1.922,56","1.922,56","","-0,63%"
"12.09.2014","1.934,73","1.934,73","1.934,73","1.934,73","","0,10%"
"11.09.2014","1.932,77","1.932,77","1.932,77","1.932,77","","0,01%"
"10.09.2014","1.932,57","1.932,57","1.932,57","1.932,57","","-0,29%"
"09.09.2014","1.938,20","1.938,20","1.938,20","1.938,20","","-0,58%"
"08.09.2014","1.949,54","1.949,54","1.949,54","1.949,54","","-0,56%"
"05.09.2014","1.960,47","1.960,47","1.960,47","1.960,47","","-0,25%"
"04.09.2014","1.965,32","1.965,32","1.965,32","1.965,32","","0,62%"
"03.09.2014","1.953,16","1.953,16","1.953,16","1.953,16","","0,35%"
"02.09.2014","1.946,43","1.946,43","1.946,43","1.946,43","","-0,54%"
"01.09.2014","1.957,07","1.957,07","1.957,07","1.957,07","","0,13%"
"29.08.2014","1.954,59","1.954,59","1.954,59","1.954,59","","-0,06%"
"28.08.2014","1.955,70","1.955,70","1.955,70","1.955,70","","-0,39%"
"27.08.2014","1.963,41","1.963,41","1.963,41","1.963,41","","0,11%"
"26.08.2014","1.961,22","1.961,22","1.961,22","1.961,22","","0,64%"
"25.08.2014","1.948,81","1.948,81","1.948,81","1.948,81","","0,95%"
"22.08.2014","1.930,41","1.930,41","1.930,41","1.930,41","","0,17%"
"21.08.2014","1.927,06","1.927,06","1.927,06","1.927,06","","0,41%"
"20.08.2014","1.919,23","1.919,23","1.919,23","1.919,23","","-0,44%"
"19.08.2014","1.927,78","1.927,78","1.927,78","1.927,78","","0,19%"
"18.08.2014","1.924,19","1.924,19","1.924,19","1.924,19","","0,51%"
"15.08.2014","1.914,44","1.914,44","1.914,44","1.914,44","","-0,14%"
"14.08.2014","1.917,05","1.917,05","1.917,05","1.917,05","","1,13%"
"13.08.2014","1.895,60","1.895,60","1.895,60","1.895,60","","0,54%"
"12.08.2014","1.885,35","1.885,35","1.885,35","1.885,35","","-0,09%"
"11.08.2014","1.887,10","1.887,10","1.887,10","1.887,10","","1,69%"
"08.08.2014","1.855,73","1.855,73","1.855,73","1.855,73","","-0,51%"
"07.08.2014","1.865,32","1.865,32","1.865,32","1.865,32","","0,46%"
"06.08.2014","1.856,78","1.856,78","1.856,78","1.856,78","","-0,97%"
"05.08.2014","1.874,94","1.874,94","1.874,94","1.874,94","","0,36%"
"04.08.2014","1.868,27","1.868,27","1.868,27","1.868,27","","-0,61%"
"01.08.2014","1.879,71","1.879,71","1.879,71","1.879,71","","-1,22%"
"31.07.2014","1.902,98","1.902,98","1.902,98","1.902,98","","-0,83%"
"30.07.2014","1.918,84","1.918,84","1.918,84","1.918,84","","-0,49%"
"29.07.2014","1.928,31","1.928,31","1.928,31","1.928,31","","0,81%"
"28.07.2014","1.912,91","1.912,91","1.912,91","1.912,91","","-0,05%"
"25.07.2014","1.913,95","1.913,95","1.913,95","1.913,95","","-1,16%"
"24.07.2014","1.936,51","1.936,51","1.936,51","1.936,51","","-0,32%"
"23.07.2014","1.942,66","1.942,66","1.942,66","1.942,66","","0,26%"
"22.07.2014","1.937,70","1.937,70","1.937,70","1.937,70","","1,08%"
"21.07.2014","1.916,97","1.916,97","1.916,97","1.916,97","","-0,62%"
"18.07.2014","1.929,01","1.929,01","1.929,01","1.929,01","","0,22%"
"17.07.2014","1.924,72","1.924,72","1.924,72","1.924,72","","-0,04%"
"16.07.2014","1.925,44","1.925,44","1.925,44","1.925,44","","1,12%"
"15.07.2014","1.904,14","1.904,14","1.904,14","1.904,14","","-0,36%"
"14.07.2014","1.910,94","1.910,94","1.910,94","1.910,94","","0,57%"
"11.07.2014","1.900,15","1.900,15","1.900,15","1.900,15","","-0,01%"
"10.07.2014","1.900,26","1.900,26","1.900,26","1.900,26","","0,38%"
"09.07.2014","1.893,05","1.893,05","1.893,05","1.893,05","","0,41%"
"08.07.2014","1.885,33","1.885,33","1.885,33","1.885,33","","-1,11%"
"07.07.2014","1.906,43","1.906,43","1.906,43","1.906,43","","-0,68%"
"04.07.2014","1.919,40","1.919,40","1.919,40","1.919,40","","-0,60%"
"03.07.2014","1.930,96","1.930,96","1.930,96","1.930,96","","0,28%"
"02.07.2014","1.925,57","1.925,57","1.925,57","1.925,57","","0,48%"
"01.07.2014","1.916,44","1.916,44","1.916,44","1.916,44","","0,75%"
"30.06.2014","1.902,20","1.902,20","1.902,20","1.902,20","","0,09%"
"27.06.2014","1.900,46","1.900,46","1.900,46","1.900,46","","0,02%"
"26.06.2014","1.900,06","1.900,06","1.900,06","1.900,06","","0,93%"
"25.06.2014","1.882,50","1.882,50","1.882,50","1.882,50","","-0,32%"
"24.06.2014","1.888,59","1.888,59","1.888,59","1.888,59","","0,55%"
"23.06.2014","1.878,26","1.878,26","1.878,26","1.878,26","","-0,22%"
"20.06.2014","1.882,36","1.882,36","1.882,36","1.882,36","","-0,25%"
"19.06.2014","1.887,09","1.887,09","1.887,09","1.887,09","","1,07%"
"18.06.2014","1.867,03","1.867,03","1.867,03","1.867,03","","-0,50%"
"17.06.2014","1.876,48","1.876,48","1.876,48","1.876,48","","-0,60%"
"16.06.2014","1.887,90","1.887,90","1.887,90","1.887,90","","-0,72%"
"13.06.2014","1.901,50","1.901,50","1.901,50","1.901,50","","-1,52%"
"12.06.2014","1.930,81","1.930,81","1.930,81","1.930,81","","0,22%"
"11.06.2014","1.926,56","1.926,56","1.926,56","1.926,56","","-0,51%"
"10.06.2014","1.936,44","1.936,44","1.936,44","1.936,44","","-0,12%"
"09.06.2014","1.938,71","1.938,71","1.938,71","1.938,71","","-0,04%"
"06.06.2014","1.939,48","1.939,48","1.939,48","1.939,48","","1,79%"
"05.06.2014","1.905,37","1.905,37","1.905,37","1.905,37","","0,31%"
"04.06.2014","1.899,56","1.899,56","1.899,56","1.899,56","","0,12%"
"03.06.2014","1.897,25","1.897,25","1.897,25","1.897,25","","-0,13%"
"02.06.2014","1.899,63","1.899,63","1.899,63","1.899,63","","0,74%"
"30.05.2014","1.885,63","1.885,63","1.885,63","1.885,63","","0,41%"
"29.05.2014","1.877,98","1.877,98","1.877,98","1.877,98","","-0,07%"
"28.05.2014","1.879,38","1.879,38","1.879,38","1.879,38","","0,03%"
"27.05.2014","1.878,75","1.878,75","1.878,75","1.878,75","","0,86%"
"26.05.2014","1.862,78","1.862,78","1.862,78","1.862,78","","0,16%"
"23.05.2014","1.859,74","1.859,74","1.859,74","1.859,74","","0,30%"
"22.05.2014","1.854,13","1.854,13","1.854,13","1.854,13","","0,32%"
"21.05.2014","1.848,17","1.848,17","1.848,17","1.848,17","","0,49%"
"20.05.2014","1.839,08","1.839,08","1.839,08","1.839,08","","-0,47%"
"19.05.2014","1.847,80","1.847,80","1.847,80","1.847,80","","0,26%"
"16.05.2014","1.842,92","1.842,92","1.842,92","1.842,92","","-0,62%"
"15.05.2014","1.854,40","1.854,40","1.854,40","1.854,40","","-0,90%"
"14.05.2014","1.871,24","1.871,24","1.871,24","1.871,24","","-0,13%"
"13.05.2014","1.873,65","1.873,65","1.873,65","1.873,65","","0,79%"
"12.05.2014","1.859,00","1.859,00","1.859,00","1.859,00","","0,16%"
"09.05.2014","1.855,98","1.855,98","1.855,98","1.855,98","","-0,23%"
"08.05.2014","1.860,24","1.860,24","1.860,24","1.860,24","","1,54%"
"07.05.2014","1.832,00","1.832,00","1.832,00","1.832,00","","0,44%"
"06.05.2014","1.824,02","1.824,02","1.824,02","1.824,02","","0,80%"
"05.05.2014","1.809,53","1.809,53","1.809,53","1.809,53","","-0,05%"
"02.05.2014","1.810,52","1.810,52","1.810,52","1.810,52","","0,02%"
"01.05.2014","1.810,22","1.810,22","1.810,22","1.810,22","","0,09%"
"30.04.2014","1.808,59","1.808,59","1.808,59","1.808,59","","-0,67%"
"29.04.2014","1.820,87","1.820,87","1.820,87","1.820,87","","0,81%"
"28.04.2014","1.806,20","1.806,20","1.806,20","1.806,20","","0,39%"
"25.04.2014","1.799,18","1.799,18","1.799,18","1.799,18","","-0,41%"
"24.04.2014","1.806,64","1.806,64","1.806,64","1.806,64","","0,14%"
"23.04.2014","1.804,11","1.804,11","1.804,11","1.804,11","","0,00%"
"22.04.2014","1.804,07","1.804,07","1.804,07","1.804,07","","1,09%"
"21.04.2014","1.784,61","1.784,61","1.784,61","1.784,61","","0,06%"
"18.04.2014","1.783,50","1.783,50","1.783,50","1.783,50","","0,00%"
"17.04.2014","1.783,50","1.783,50","1.783,50","1.783,50","","0,60%"
"16.04.2014","1.772,89","1.772,89","1.772,89","1.772,89","","1,26%"
"15.04.2014","1.750,86","1.750,86","1.750,86","1.750,86","","-0,14%"
"14.04.2014","1.753,34","1.753,34","1.753,34","1.753,34","","0,02%"
"11.04.2014","1.753,03","1.753,03","1.753,03","1.753,03","","-1,62%"
"10.04.2014","1.781,84","1.781,84","1.781,84","1.781,84","","0,40%"
"09.04.2014","1.774,76","1.774,76","1.774,76","1.774,76","","0,36%"
"08.04.2014","1.768,47","1.768,47","1.768,47","1.768,47","","-0,33%"
"07.04.2014","1.774,30","1.774,30","1.774,30","1.774,30","","-0,21%"
"04.04.2014","1.777,95","1.777,95","1.777,95","1.777,95","","0,80%"
"03.04.2014","1.763,92","1.763,92","1.763,92","1.763,92","","-0,32%"
"02.04.2014","1.769,51","1.769,51","1.769,51","1.769,51","","0,77%"
"01.04.2014","1.755,92","1.755,92","1.755,92","1.755,92","","0,00%"
"31.03.2014","1.755,98","1.755,98","1.755,98","1.755,98","","-0,09%"
"28.03.2014","1.757,63","1.757,63","1.757,63","1.757,63","","0,47%"
"27.03.2014","1.749,34","1.749,34","1.749,34","1.749,34","","0,44%"
"26.03.2014","1.741,61","1.741,61","1.741,61","1.741,61","","-0,19%"
"25.03.2014","1.744,98","1.744,98","1.744,98","1.744,98","","1,37%"
"24.03.2014","1.721,36","1.721,36","1.721,36","1.721,36","","-0,55%"
"21.03.2014","1.730,88","1.730,88","1.730,88","1.730,88","","0,27%"
"20.03.2014","1.726,19","1.726,19","1.726,19","1.726,19","","-1,82%"
"19.03.2014","1.758,27","1.758,27","1.758,27","1.758,27","","0,67%"
"18.03.2014","1.746,56","1.746,56","1.746,56","1.746,56","","0,27%"
"17.03.2014","1.741,84","1.741,84","1.741,84","1.741,84","","1,42%"
"14.03.2014","1.717,43","1.717,43","1.717,43","1.717,43","","-0,86%"
"13.03.2014","1.732,36","1.732,36","1.732,36","1.732,36","","0,08%"
"12.03.2014","1.731,06","1.731,06","1.731,06","1.731,06","","-1,78%"
"11.03.2014","1.762,45","1.762,45","1.762,45","1.762,45","","-0,12%"
"10.03.2014","1.764,56","1.764,56","1.764,56","1.764,56","","-0,94%"
"07.03.2014","1.781,27","1.781,27","1.781,27","1.781,27","","-0,78%"
"06.03.2014","1.795,31","1.795,31","1.795,31","1.795,31","","-0,15%"
"05.03.2014","1.798,06","1.798,06","1.798,06","1.798,06","","-0,25%"
"04.03.2014","1.802,51","1.802,51","1.802,51","1.802,51","","1,78%"
"03.03.2014","1.771,01","1.771,01","1.771,01","1.771,01","","-1,38%"
"28.02.2014","1.795,71","1.795,71","1.795,71","1.795,71","","0,15%"
"27.02.2014","1.793,00","1.793,00","1.793,00","1.793,00","","-0,16%"
"26.02.2014","1.795,87","1.795,87","1.795,87","1.795,87","","-0,12%"
"25.02.2014","1.798,00","1.798,00","1.798,00","1.798,00","","0,73%"
"24.02.2014","1.785,05","1.785,05","1.785,05","1.785,05","","-0,31%"
"21.02.2014","1.790,65","1.790,65","1.790,65","1.790,65","","0,38%"
"20.02.2014","1.783,81","1.783,81","1.783,81","1.783,81","","0,40%"
"19.02.2014","1.776,77","1.776,77","1.776,77","1.776,77","","0,38%"
"18.02.2014","1.770,02","1.770,02","1.770,02","1.770,02","","0,06%"
"17.02.2014","1.768,98","1.768,98","1.768,98","1.768,98","","0,85%"
"14.02.2014","1.754,07","1.754,07","1.754,07","1.754,07","","0,44%"
"13.02.2014","1.746,47","1.746,47","1.746,47","1.746,47","","0,10%"
"12.02.2014","1.744,67","1.744,67","1.744,67","1.744,67","","0,47%"
"11.02.2014","1.736,49","1.736,49","1.736,49","1.736,49","","1,38%"
"10.02.2014","1.712,88","1.712,88","1.712,88","1.712,88","","0,25%"
"07.02.2014","1.708,62","1.708,62","1.708,62","1.708,62","","1,37%"
"06.02.2014","1.685,52","1.685,52","1.685,52","1.685,52","","0,92%"
"05.02.2014","1.670,09","1.670,09","1.670,09","1.670,09","","-0,17%"
"04.02.2014","1.672,99","1.672,99","1.672,99","1.672,99","","-0,41%"
"03.02.2014","1.679,84","1.679,84","1.679,84","1.679,84","","-0,48%"
"31.01.2014","1.687,88","1.687,88","1.687,88","1.687,88","","-0,22%"
"30.01.2014","1.691,60","1.691,60","1.691,60","1.691,60","","0,04%"
"29.01.2014","1.690,87","1.690,87","1.690,87","1.690,87","","-0,67%"
"28.01.2014","1.702,29","1.702,29","1.702,29","1.702,29","","0,64%"
"27.01.2014","1.691,51","1.691,51","1.691,51","1.691,51","","0,09%"
"24.01.2014","1.689,94","1.689,94","1.689,94","1.689,94","","-1,81%"
"23.01.2014","1.721,05","1.721,05","1.721,05","1.721,05","","-0,61%"
"22.01.2014","1.731,54","1.731,54","1.731,54","1.731,54","","0,57%"
"21.01.2014","1.721,72","1.721,72","1.721,72","1.721,72","","0,21%"
"20.01.2014","1.718,15","1.718,15","1.718,15","1.718,15","","-0,25%"
"17.01.2014","1.722,37","1.722,37","1.722,37","1.722,37","","1,73%"
"16.01.2014","1.693,04","1.693,04","1.693,04","1.693,04","","-0,10%"
"15.01.2014","1.694,71","1.694,71","1.694,71","1.694,71","","0,47%"
"14.01.2014","1.686,79","1.686,79","1.686,79","1.686,79","","-0,17%"
"13.01.2014","1.689,69","1.689,69","1.689,69","1.689,69","","0,23%"
"10.01.2014","1.685,74","1.685,74","1.685,74","1.685,74","","0,53%"
"09.01.2014","1.676,91","1.676,91","1.676,91","1.676,91","","0,44%"
"08.01.2014","1.669,59","1.669,59","1.669,59","1.669,59","","0,46%"
"07.01.2014","1.661,98","1.661,98","1.661,98","1.661,98","","0,60%"
"06.01.2014","1.652,04","1.652,04","1.652,04","1.652,04","","-0,05%"
"03.01.2014","1.652,90","1.652,90","1.652,90","1.652,90","","0,99%"
"02.01.2014","1.636,65","1.636,65","1.636,65","1.636,65","","-1,31%"
"31.12.2013","1.658,41","1.658,41","1.658,41","1.658,41","","1,02%"
"30.12.2013","1.641,59","1.641,59","1.641,59","1.641,59","","0,03%"
"27.12.2013","1.641,15","1.641,15","1.641,15","1.641,15","","0,05%"
"26.12.2013","1.640,33","1.640,33","1.640,33","1.640,33","","0,06%"
"24.12.2013","1.639,38","1.639,38","1.639,38","1.639,38","","0,16%"
"23.12.2013","1.636,80","1.636,80","1.636,80","1.636,80","","0,52%"
"20.12.2013","1.628,37","1.628,37","1.628,37","1.628,37","","0,41%"
"19.12.2013","1.621,76","1.621,76","1.621,76","1.621,76","","1,69%"
"18.12.2013","1.594,87","1.594,87","1.594,87","1.594,87","","0,55%"
"17.12.2013","1.586,07","1.586,07","1.586,07","1.586,07","","-0,91%"
"16.12.2013","1.600,60","1.600,60","1.600,60","1.600,60","","0,37%"
"13.12.2013","1.594,63","1.594,63","1.594,63","1.594,63","","-0,24%"
"12.12.2013","1.598,45","1.598,45","1.598,45","1.598,45","","-0,93%"
"11.12.2013","1.613,50","1.613,50","1.613,50","1.613,50","","-1,20%"
"10.12.2013","1.633,11","1.633,11","1.633,11","1.633,11","","-0,39%"
"09.12.2013","1.639,46","1.639,46","1.639,46","1.639,46","","0,36%"
"06.12.2013","1.633,64","1.633,64","1.633,64","1.633,64","","0,36%"
"05.12.2013","1.627,86","1.627,86","1.627,86","1.627,86","","-0,58%"
"04.12.2013","1.637,38","1.637,38","1.637,38","1.637,38","","-0,22%"
"03.12.2013","1.640,93","1.640,93","1.640,93","1.640,93","","-0,71%"
"02.12.2013","1.652,66","1.652,66","1.652,66","1.652,66","","-0,78%"
"29.11.2013","1.665,70","1.665,70","1.665,70","1.665,70","","0,26%"
"28.11.2013","1.661,38","1.661,38","1.661,38","1.661,38","","0,08%"
"27.11.2013","1.660,04","1.660,04","1.660,04","1.660,04","","0,48%"
"26.11.2013","1.652,12","1.652,12","1.652,12","1.652,12","","-0,30%"
"25.11.2013","1.657,13","1.657,13","1.657,13","1.657,13","","0,44%"
"22.11.2013","1.649,95","1.649,95","1.649,95","1.649,95","","-0,02%"
"21.11.2013","1.650,31","1.650,31","1.650,31","1.650,31","","-0,34%"
"20.11.2013","1.655,91","1.655,91","1.655,91","1.655,91","","-0,32%"
"19.11.2013","1.661,24","1.661,24","1.661,24","1.661,24","","-0,77%"
"18.11.2013","1.674,19","1.674,19","1.674,19","1.674,19","","0,25%"
"15.11.2013","1.669,97","1.669,97","1.669,97","1.669,97","","0,56%"
"14.11.2013","1.660,59","1.660,59","1.660,59","1.660,59","","1,01%"
"13.11.2013","1.644,04","1.644,04","1.644,04","1.644,04","","-0,76%"
"12.11.2013","1.656,62","1.656,62","1.656,62","1.656,62","","-0,45%"
"11.11.2013","1.664,06","1.664,06","1.664,06","1.664,06","","0,26%"
"08.11.2013","1.659,73","1.659,73","1.659,73","1.659,73","","-0,32%"
"07.11.2013","1.664,99","1.664,99","1.664,99","1.664,99","","0,46%"
"06.11.2013","1.657,42","1.657,42","1.657,42","1.657,42","","-0,17%"
"05.11.2013","1.660,32","1.660,32","1.660,32","1.660,32","","0,12%"
"04.11.2013","1.658,39","1.658,39","1.658,39","1.658,39","","0,14%"
"01.11.2013","1.656,07","1.656,07","1.656,07","1.656,07","","-0,28%"
"31.10.2013","1.660,74","1.660,74","1.660,74","1.660,74","","0,07%"
"30.10.2013","1.659,64","1.659,64","1.659,64","1.659,64","","-0,76%"
"29.10.2013","1.672,29","1.672,29","1.672,29","1.672,29","","0,27%"
"28.10.2013","1.667,87","1.667,87","1.667,87","1.667,87","","-0,13%"
"25.10.2013","1.670,06","1.670,06","1.670,06","1.670,06","","0,22%"
"24.10.2013","1.666,36","1.666,36","1.666,36","1.666,36","","0,47%"
"23.10.2013","1.658,49","1.658,49","1.658,49","1.658,49","","0,02%"
"22.10.2013","1.658,08","1.658,08","1.658,08","1.658,08","","0,15%"
"21.10.2013","1.655,56","1.655,56","1.655,56","1.655,56","","-0,08%"
"18.10.2013","1.656,84","1.656,84","1.656,84","1.656,84","","0,83%"
"17.10.2013","1.643,22","1.643,22","1.643,22","1.643,22","","0,59%"
"16.10.2013","1.633,52","1.633,52","1.633,52","1.633,52","","0,58%"
"15.10.2013","1.624,11","1.624,11","1.624,11","1.624,11","","0,63%"
"14.10.2013","1.613,88","1.613,88","1.613,88","1.613,88","","0,55%"
"11.10.2013","1.605,07","1.605,07","1.605,07","1.605,07","","0,40%"
"10.10.2013","1.598,60","1.598,60","1.598,60","1.598,60","","1,66%"
"09.10.2013","1.572,51","1.572,51","1.572,51","1.572,51","","0,09%"
"08.10.2013","1.571,08","1.571,08","1.571,08","1.571,08","","-0,48%"
"07.10.2013","1.578,63","1.578,63","1.578,63","1.578,63","","-0,62%"
"04.10.2013","1.588,45","1.588,45","1.588,45","1.588,45","","-0,19%"
"03.10.2013","1.591,53","1.591,53","1.591,53","1.591,53","","-0,60%"
"02.10.2013","1.601,10","1.601,10","1.601,10","1.601,10","","-0,76%"
"01.10.2013","1.613,29","1.613,29","1.613,29","1.613,29","","1,20%"
"30.09.2013","1.594,20","1.594,20","1.594,20","1.594,20","","-0,07%"
"27.09.2013","1.595,28","1.595,28","1.595,28","1.595,28","","-0,07%"
"26.09.2013","1.596,41","1.596,41","1.596,41","1.596,41","","0,29%"
"25.09.2013","1.591,80","1.591,80","1.591,80","1.591,80","","0,20%"
"24.09.2013","1.588,63","1.588,63","1.588,63","1.588,63","","0,09%"
"23.09.2013","1.587,25","1.587,25","1.587,25","1.587,25","","-0,53%"
"20.09.2013","1.595,66","1.595,66","1.595,66","1.595,66","","0,06%"
"19.09.2013","1.594,67","1.594,67","1.594,67","1.594,67","","1,83%"
"18.09.2013","1.566,05","1.566,05","1.566,05","1.566,05","","-0,36%"
"17.09.2013","1.571,72","1.571,72","1.571,72","1.571,72","","-0,35%"
"16.09.2013","1.577,19","1.577,19","1.577,19","1.577,19","","0,69%"
"13.09.2013","1.566,40","1.566,40","1.566,40","1.566,40","","0,35%"
"12.09.2013","1.560,94","1.560,94","1.560,94","1.560,94","","0,65%"
"11.09.2013","1.550,88","1.550,88","1.550,88","1.550,88","","0,42%"
"10.09.2013","1.544,38","1.544,38","1.544,38","1.544,38","","1,52%"
"09.09.2013","1.521,32","1.521,32","1.521,32","1.521,32","","-0,39%"
"06.09.2013","1.527,25","1.527,25","1.527,25","1.527,25","","0,30%"
"05.09.2013","1.522,63","1.522,63","1.522,63","1.522,63","","0,49%"
"04.09.2013","1.515,20","1.515,20","1.515,20","1.515,20","","0,15%"
"03.09.2013","1.512,99","1.512,99","1.512,99","1.512,99","","-2,24%"
"02.09.2013","1.547,69","1.547,69","1.547,69","1.547,69","","1,84%"
"30.08.2013","1.519,72","1.519,72","1.519,72","1.519,72","","-0,09%"
"29.08.2013","1.521,10","1.521,10","1.521,10","1.521,10","","-0,10%"
"28.08.2013","1.522,66","1.522,66","1.522,66","1.522,66","","-0,11%"
"27.08.2013","1.524,29","1.524,29","1.524,29","1.524,29","","-1,66%"
"26.08.2013","1.549,98","1.549,98","1.549,98","1.549,98","","0,14%"
"23.08.2013","1.547,76","1.547,76","1.547,76","1.547,76","","0,36%"
"22.08.2013","1.542,18","1.542,18","1.542,18","1.542,18","","-0,12%"
"21.08.2013","1.544,06","1.544,06","1.544,06","1.544,06","","-0,83%"
"20.08.2013","1.557,02","1.557,02","1.557,02","1.557,02","","-0,72%"
"19.08.2013","1.568,32","1.568,32","1.568,32","1.568,32","","-0,20%"
"16.08.2013","1.571,46","1.571,46","1.571,46","1.571,46","","0,36%"
"15.08.2013","1.565,78","1.565,78","1.565,78","1.565,78","","-1,11%"
"14.08.2013","1.583,42","1.583,42","1.583,42","1.583,42","","-0,08%"
"13.08.2013","1.584,72","1.584,72","1.584,72","1.584,72","","0,68%"
"12.08.2013","1.573,99","1.573,99","1.573,99","1.573,99","","-0,39%"
"09.08.2013","1.580,16","1.580,16","1.580,16","1.580,16","","-0,40%"
"08.08.2013","1.586,46","1.586,46","1.586,46","1.586,46","","-0,04%"
"07.08.2013","1.587,06","1.587,06","1.587,06","1.587,06","","-1,02%"
"06.08.2013","1.603,47","1.603,47","1.603,47","1.603,47","","0,02%"
"05.08.2013","1.603,18","1.603,18","1.603,18","1.603,18","","0,53%"
"02.08.2013","1.594,77","1.594,77","1.594,77","1.594,77","","-0,60%"
"01.08.2013","1.604,40","1.604,40","1.604,40","1.604,40","","2,14%"
"31.07.2013","1.570,79","1.570,79","1.570,79","1.570,79","","-0,39%"
"30.07.2013","1.577,00","1.577,00","1.577,00","1.577,00","","0,08%"
"29.07.2013","1.575,70","1.575,70","1.575,70","1.575,70","","-0,06%"
"26.07.2013","1.576,63","1.576,63","1.576,63","1.576,63","","0,09%"
"25.07.2013","1.575,21","1.575,21","1.575,21","1.575,21","","-0,67%"
"24.07.2013","1.585,84","1.585,84","1.585,84","1.585,84","","-0,55%"
"23.07.2013","1.594,69","1.594,69","1.594,69","1.594,69","","-0,47%"
"22.07.2013","1.602,15","1.602,15","1.602,15","1.602,15","","0,35%"
"19.07.2013","1.596,50","1.596,50","1.596,50","1.596,50","","0,49%"
"18.07.2013","1.588,78","1.588,78","1.588,78","1.588,78","","0,80%"
"17.07.2013","1.576,12","1.576,12","1.576,12","1.576,12","","-0,32%"
"16.07.2013","1.581,18","1.581,18","1.581,18","1.581,18","","-0,95%"
"15.07.2013","1.596,34","1.596,34","1.596,34","1.596,34","","0,50%"
"12.07.2013","1.588,47","1.588,47","1.588,47","1.588,47","","-0,25%"
"11.07.2013","1.592,38","1.592,38","1.592,38","1.592,38","","1,31%"
"10.07.2013","1.571,83","1.571,83","1.571,83","1.571,83","","-0,53%"
"09.07.2013","1.580,15","1.580,15","1.580,15","1.580,15","","1,26%"
"08.07.2013","1.560,52","1.560,52","1.560,52","1.560,52","","0,90%"
"05.07.2013","1.546,58","1.546,58","1.546,58","1.546,58","","-0,22%"
"04.07.2013","1.549,97","1.549,97","1.549,97","1.549,97","","1,75%"
"03.07.2013","1.523,29","1.523,29","1.523,29","1.523,29","","-0,22%"
"02.07.2013","1.526,72","1.526,72","1.526,72","1.526,72","","1,71%"
"01.07.2013","1.501,02","1.501,02","1.501,02","1.501,02","","-0,47%"
"28.06.2013","1.508,07","1.508,07","1.508,07","1.508,07","","0,46%"
"27.06.2013","1.501,21","1.501,21","1.501,21","1.501,21","","0,05%"
"26.06.2013","1.500,49","1.500,49","1.500,49","1.500,49","","2,06%"
"25.06.2013","1.470,17","1.470,17","1.470,17","1.470,17","","1,41%"
"24.06.2013","1.449,79","1.449,79","1.449,79","1.449,79","","-2,63%"
"21.06.2013","1.488,90","1.488,90","1.488,90","1.488,90","","-1,53%"
"20.06.2013","1.512,10","1.512,10","1.512,10","1.512,10","","-2,31%"
"19.06.2013","1.547,86","1.547,86","1.547,86","1.547,86","","0,36%"
"18.06.2013","1.542,25","1.542,25","1.542,25","1.542,25","","-0,44%"
"17.06.2013","1.548,99","1.548,99","1.548,99","1.548,99","","0,13%"
"14.06.2013","1.547,03","1.547,03","1.547,03","1.547,03","","1,92%"
"13.06.2013","1.517,96","1.517,96","1.517,96","1.517,96","","-0,74%"
"12.06.2013","1.529,35","1.529,35","1.529,35","1.529,35","","-0,36%"
"11.06.2013","1.534,93","1.534,93","1.534,93","1.534,93","","-2,02%"
"10.06.2013","1.566,52","1.566,52","1.566,52","1.566,52","","-0,47%"
"07.06.2013","1.573,93","1.573,93","1.573,93","1.573,93","","0,89%"
"06.06.2013","1.560,07","1.560,07","1.560,07","1.560,07","","-1,60%"
"05.06.2013","1.585,48","1.585,48","1.585,48","1.585,48","","-1,29%"
"04.06.2013","1.606,24","1.606,24","1.606,24","1.606,24","","0,41%"
"03.06.2013","1.599,72","1.599,72","1.599,72","1.599,72","","-0,41%"
"31.05.2013","1.606,36","1.606,36","1.606,36","1.606,36","","-0,52%"
"30.05.2013","1.614,73","1.614,73","1.614,73","1.614,73","","-0,62%"
"29.05.2013","1.624,77","1.624,77","1.624,77","1.624,77","","-1,58%"
"28.05.2013","1.650,92","1.650,92","1.650,92","1.650,92","","0,37%"
"27.05.2013","1.644,78","1.644,78","1.644,78","1.644,78","","0,10%"
"24.05.2013","1.643,14","1.643,14","1.643,14","1.643,14","","-0,02%"
"23.05.2013","1.643,39","1.643,39","1.643,39","1.643,39","","-2,73%"
"22.05.2013","1.689,56","1.689,56","1.689,56","1.689,56","","-0,96%"
"21.05.2013","1.705,90","1.705,90","1.705,90","1.705,90","","-0,21%"
"20.05.2013","1.709,42","1.709,42","1.709,42","1.709,42","","0,51%"
"17.05.2013","1.700,75","1.700,75","1.700,75","1.700,75","","0,69%"
"16.05.2013","1.689,10","1.689,10","1.689,10","1.689,10","","0,09%"
"15.05.2013","1.687,54","1.687,54","1.687,54","1.687,54","","1,64%"
"14.05.2013","1.660,30","1.660,30","1.660,30","1.660,30","","0,59%"
"13.05.2013","1.650,56","1.650,56","1.650,56","1.650,56","","0,57%"
"10.05.2013","1.641,16","1.641,16","1.641,16","1.641,16","","0,45%"
"09.05.2013","1.633,81","1.633,81","1.633,81","1.633,81","","0,12%"
"08.05.2013","1.631,80","1.631,80","1.631,80","1.631,80","","0,62%"
"07.05.2013","1.621,78","1.621,78","1.621,78","1.621,78","","0,73%"
"06.05.2013","1.610,05","1.610,05","1.610,05","1.610,05","","0,17%"
"03.05.2013","1.607,31","1.607,31","1.607,31","1.607,31","","0,80%"
"02.05.2013","1.594,53","1.594,53","1.594,53","1.594,53","","0,50%"
"01.05.2013","1.586,62","1.586,62","1.586,62","1.586,62","","-0,04%"
"30.04.2013","1.587,23","1.587,23","1.587,23","1.587,23","","0,15%"
"29.04.2013","1.584,86","1.584,86","1.584,86","1.584,86","","0,89%"
"26.04.2013","1.570,82","1.570,82","1.570,82","1.570,82","","-0,28%"
"25.04.2013","1.575,24","1.575,24","1.575,24","1.575,24","","0,43%"
"24.04.2013","1.568,56","1.568,56","1.568,56","1.568,56","","0,96%"
"23.04.2013","1.553,70","1.553,70","1.553,70","1.553,70","","1,37%"
"22.04.2013","1.532,67","1.532,67","1.532,67","1.532,67","","0,61%"
"19.04.2013","1.523,33","1.523,33","1.523,33","1.523,33","","0,52%"
"18.04.2013","1.515,48","1.515,48","1.515,48","1.515,48","","0,18%"
"17.04.2013","1.512,70","1.512,70","1.512,70","1.512,70","","-1,01%"
"16.04.2013","1.528,07","1.528,07","1.528,07","1.528,07","","-0,05%"
"15.04.2013","1.528,89","1.528,89","1.528,89","1.528,89","","-1,26%"
"12.04.2013","1.548,40","1.548,40","1.548,40","1.548,40","","1,07%"
"11.04.2013","1.532,05","1.532,05","1.532,05","1.532,05","","0,62%"
"10.04.2013","1.522,66","1.522,66","1.522,66","1.522,66","","1,72%"
"09.04.2013","1.496,92","1.496,92","1.496,92","1.496,92","","0,31%"
"08.04.2013","1.492,27","1.492,27","1.492,27","1.492,27","","0,42%"
"05.04.2013","1.486,03","1.486,03","1.486,03","1.486,03","","-1,46%"
"04.04.2013","1.508,09","1.508,09","1.508,09","1.508,09","","-0,58%"
"03.04.2013","1.516,96","1.516,96","1.516,96","1.516,96","","-0,14%"
"02.04.2013","1.519,11","1.519,11","1.519,11","1.519,11","","1,06%"
"29.03.2013","1.503,23","1.503,23","1.503,23","1.503,23","","0,00%"
"28.03.2013","1.503,23","1.503,23","1.503,23","1.503,23","","1,18%"
"27.03.2013","1.485,68","1.485,68","1.485,68","1.485,68","","-0,77%"
"26.03.2013","1.497,27","1.497,27","1.497,27","1.497,27","","-0,02%"
"25.03.2013","1.497,64","1.497,64","1.497,64","1.497,64","","-0,09%"
"22.03.2013","1.499,01","1.499,01","1.499,01","1.499,01","","0,05%"
"21.03.2013","1.498,30","1.498,30","1.498,30","1.498,30","","-0,38%"
"20.03.2013","1.504,01","1.504,01","1.504,01","1.504,01","","0,31%"
"19.03.2013","1.499,31","1.499,31","1.499,31","1.499,31","","-0,63%"
"18.03.2013","1.508,76","1.508,76","1.508,76","1.508,76","","0,25%"
"15.03.2013","1.504,99","1.504,99","1.504,99","1.504,99","","-0,51%"
"14.03.2013","1.512,63","1.512,63","1.512,63","1.512,63","","1,15%"
"13.03.2013","1.495,39","1.495,39","1.495,39","1.495,39","","0,65%"
"12.03.2013","1.485,80","1.485,80","1.485,80","1.485,80","","-1,17%"
"11.03.2013","1.503,38","1.503,38","1.503,38","1.503,38","","-0,86%"
"08.03.2013","1.516,37","1.516,37","1.516,37","1.516,37","","-0,01%"
"07.03.2013","1.516,54","1.516,54","1.516,54","1.516,54","","0,42%"
"06.03.2013","1.510,22","1.510,22","1.510,22","1.510,22","","-0,63%"
"05.03.2013","1.519,78","1.519,78","1.519,78","1.519,78","","1,50%"
"04.03.2013","1.497,35","1.497,35","1.497,35","1.497,35","","0,16%"
"01.03.2013","1.494,93","1.494,93","1.494,93","1.494,93","","-0,13%"
"28.02.2013","1.496,92","1.496,92","1.496,92","1.496,92","","1,38%"
"27.02.2013","1.476,58","1.476,58","1.476,58","1.476,58","","0,08%"
"26.02.2013","1.475,44","1.475,44","1.475,44","1.475,44","","-0,45%"
"25.02.2013","1.482,12","1.482,12","1.482,12","1.482,12","","-0,65%"
"22.02.2013","1.491,76","1.491,76","1.491,76","1.491,76","","0,51%"
"21.02.2013","1.484,14","1.484,14","1.484,14","1.484,14","","-0,87%"
"20.02.2013","1.497,12","1.497,12","1.497,12","1.497,12","","-0,45%"
"19.02.2013","1.503,86","1.503,86","1.503,86","1.503,86","","0,59%"
"18.02.2013","1.494,98","1.494,98","1.494,98","1.494,98","","0,42%"
"15.02.2013","1.488,74","1.488,74","1.488,74","1.488,74","","0,23%"
"14.02.2013","1.485,33","1.485,33","1.485,33","1.485,33","","-0,21%"
"13.02.2013","1.488,49","1.488,49","1.488,49","1.488,49","","0,57%"
"12.02.2013","1.480,07","1.480,07","1.480,07","1.480,07","","1,21%"
"11.02.2013","1.462,43","1.462,43","1.462,43","1.462,43","","-0,64%"
"08.02.2013","1.471,79","1.471,79","1.471,79","1.471,79","","1,02%"
"07.02.2013","1.456,99","1.456,99","1.456,99","1.456,99","","-0,11%"
"06.02.2013","1.458,54","1.458,54","1.458,54","1.458,54","","-0,51%"
"05.02.2013","1.466,04","1.466,04","1.466,04","1.466,04","","0,62%"
"04.02.2013","1.457,03","1.457,03","1.457,03","1.457,03","","-0,60%"
"01.02.2013","1.465,86","1.465,86","1.465,86","1.465,86","","-0,21%"
"31.01.2013","1.468,98","1.468,98","1.468,98","1.468,98","","-0,37%"
"30.01.2013","1.474,42","1.474,42","1.474,42","1.474,42","","0,04%"
"29.01.2013","1.473,79","1.473,79","1.473,79","1.473,79","","-0,12%"
"28.01.2013","1.475,55","1.475,55","1.475,55","1.475,55","","-0,46%"
"25.01.2013","1.482,37","1.482,37","1.482,37","1.482,37","","-0,27%"
"24.01.2013","1.486,43","1.486,43","1.486,43","1.486,43","","0,07%"
"23.01.2013","1.485,37","1.485,37","1.485,37","1.485,37","","0,05%"
"22.01.2013","1.484,70","1.484,70","1.484,70","1.484,70","","-0,35%"
"21.01.2013","1.489,84","1.489,84","1.489,84","1.489,84","","-0,09%"
"18.01.2013","1.491,23","1.491,23","1.491,23","1.491,23","","0,08%"
"17.01.2013","1.489,98","1.489,98","1.489,98","1.489,98","","-0,20%"
"16.01.2013","1.492,99","1.492,99","1.492,99","1.492,99","","-0,03%"
"15.01.2013","1.493,43","1.493,43","1.493,43","1.493,43","","0,23%"
"14.01.2013","1.489,96","1.489,96","1.489,96","1.489,96","","-0,09%"
"11.01.2013","1.491,23","1.491,23","1.491,23","1.491,23","","-0,72%"
"10.01.2013","1.502,06","1.502,06","1.502,06","1.502,06","","-0,94%"
"09.01.2013","1.516,26","1.516,26","1.516,26","1.516,26","","-0,05%"
"08.01.2013","1.517,04","1.517,04","1.517,04","1.517,04","","-0,28%"
"07.01.2013","1.521,36","1.521,36","1.521,36","1.521,36","","-0,57%"
"04.01.2013","1.530,13","1.530,13","1.530,13","1.530,13","","0,52%"
"03.01.2013","1.522,23","1.522,23","1.522,23","1.522,23","","-0,42%"
"02.01.2013","1.528,64","1.528,64","1.528,64","1.528,64","","1,72%"
"31.12.2012","1.502,82","1.502,82","1.502,82","1.502,82","","-0,42%"
"28.12.2012","1.509,14","1.509,14","1.509,14","1.509,14","","-0,51%"
"27.12.2012","1.516,92","1.516,92","1.516,92","1.516,92","","0,97%"
"26.12.2012","1.502,31","1.502,31","1.502,31","1.502,31","","-0,06%"