"Fecha","Último","Apertura","Máximo","Mínimo","Vol.","% var."
"31.12.2025","31.596,95","31.836,36","31.850,00","31.593,07","","-0,74%"
"30.12.2025","31.831,83","31.869,78","31.910,19","31.819,85","","-0,14%"
"29.12.2025","31.877,43","31.851,84","31.947,43","31.803,01","","-0,35%"
"26.12.2025","31.989,76","32.026,90","32.058,76","31.954,69","","-0,02%"
"24.12.2025","31.997,30","31.892,11","32.020,52","31.879,78","","0,31%"
"23.12.2025","31.897,45","31.737,11","31.901,94","31.725,21","","0,43%"
"22.12.2025","31.760,07","31.678,75","31.775,04","31.657,65","","0,67%"
"19.12.2025","31.548,86","31.368,94","31.577,01","31.368,94","","0,92%"
"18.12.2025","31.262,55","31.278,39","31.452,12","31.193,44","","0,81%"
"17.12.2025","31.011,40","31.401,85","31.436,54","31.007,19","","-1,19%"
"16.12.2025","31.384,42","31.387,65","31.467,74","31.200,30","","-0,22%"
"15.12.2025","31.454,52","31.661,12","31.668,24","31.395,19","","-0,18%"
"12.12.2025","31.512,12","31.808,60","31.857,43","31.395,21","","-1,09%"
"11.12.2025","31.859,96","31.696,35","31.870,02","31.548,90","","0,21%"
"10.12.2025","31.792,77","31.560,98","31.857,76","31.511,35","","0,67%"
"09.12.2025","31.580,75","31.598,92","31.694,52","31.569,16","","-0,10%"
"08.12.2025","31.613,13","31.742,58","31.758,57","31.525,83","","-0,34%"
"05.12.2025","31.720,82","31.714,77","31.841,17","31.667,69","","0,19%"
"04.12.2025","31.661,45","31.693,66","31.693,66","31.525,92","","0,12%"
"03.12.2025","31.624,06","31.456,68","31.677,62","31.440,29","","0,34%"
"02.12.2025","31.517,34","31.531,61","31.624,15","31.419,35","","0,27%"
"01.12.2025","31.431,39","31.397,13","31.575,44","31.367,31","","-0,51%"
"28.11.2025","31.593,69","31.480,95","31.597,70","31.451,96","","0,57%"
"26.11.2025","31.415,01","31.321,07","31.501,46","31.288,86","","0,68%"
"25.11.2025","31.203,70","30.896,53","31.250,60","30.705,94","","0,93%"
"24.11.2025","30.916,44","30.624,34","30.961,73","30.576,51","","1,55%"
"21.11.2025","30.443,72","30.260,50","30.702,46","30.069,01","","0,98%"
"20.11.2025","30.149,24","31.094,61","31.226,90","30.128,33","","-1,58%"
"19.11.2025","30.633,03","30.535,00","30.849,84","30.456,34","","0,37%"
"18.11.2025","30.520,49","30.626,20","30.744,80","30.323,70","","-0,80%"
"17.11.2025","30.767,72","30.956,04","31.149,96","30.615,82","","-0,93%"
"14.11.2025","31.055,00","30.774,97","31.242,39","30.654,44","","-0,04%"
"13.11.2025","31.066,79","31.475,33","31.488,70","31.014,00","","-1,71%"
"12.11.2025","31.608,34","31.684,67","31.701,52","31.520,74","","0,04%"
"11.11.2025","31.595,04","31.467,39","31.633,21","31.416,40","","0,20%"
"10.11.2025","31.530,98","31.320,84","31.570,28","31.252,20","","1,55%"
"07.11.2025","31.049,37","30.862,91","31.052,64","30.591,71","","0,15%"
"06.11.2025","31.003,73","31.321,81","31.359,27","30.946,73","","-1,15%"
"05.11.2025","31.364,61","31.247,08","31.520,26","31.214,35","","0,37%"
"04.11.2025","31.250,11","31.290,16","31.477,69","31.229,85","","-1,22%"
"03.11.2025","31.635,15","31.743,10","31.752,83","31.487,80","","0,16%"
"31.10.2025","31.584,30","31.710,39","31.712,63","31.457,55","","0,36%"
"30.10.2025","31.472,07","31.652,39","31.744,82","31.465,75","","-1,02%"
"29.10.2025","31.794,80","31.891,51","31.930,92","31.628,52","","-0,01%"
"28.10.2025","31.798,07","31.822,10","31.889,89","31.716,09","","0,20%"
"27.10.2025","31.733,93","31.632,90","31.742,89","31.590,54","","1,25%"
"24.10.2025","31.341,20","31.305,45","31.413,16","31.294,57","","0,78%"
"23.10.2025","31.099,23","30.932,55","31.147,97","30.914,83","","0,62%"
"22.10.2025","30.907,83","31.080,57","31.108,07","30.708,99","","-0,57%"
"21.10.2025","31.086,03","31.074,04","31.161,17","31.021,28","","0,02%"
"20.10.2025","31.078,54","30.910,51","31.119,78","30.910,51","","1,09%"
"17.10.2025","30.743,79","30.543,70","30.806,30","30.471,39","","0,52%"
"16.10.2025","30.585,22","30.888,84","30.957,56","30.433,38","","-0,65%"
"15.10.2025","30.784,97","30.854,36","31.027,96","30.529,90","","0,40%"
"14.10.2025","30.662,32","30.415,29","30.826,38","30.254,76","","-0,15%"
"13.10.2025","30.708,66","30.559,63","30.768,58","30.548,90","","1,57%"
"10.10.2025","30.234,73","31.120,32","31.207,82","30.228,62","","-2,70%"
"09.10.2025","31.073,90","31.186,84","31.199,63","30.986,02","","-0,27%"
"08.10.2025","31.156,86","31.032,66","31.163,40","30.995,90","","0,61%"
"07.10.2025","30.968,44","31.140,48","31.160,24","30.897,97","","-0,42%"
"06.10.2025","31.098,33","31.018,50","31.141,24","30.995,45","","0,38%"
"03.10.2025","30.979,68","31.021,28","31.140,01","30.932,74","","-0,01%"
"02.10.2025","30.981,61","31.022,05","31.044,90","30.878,57","","0,09%"
"01.10.2025","30.952,38","30.728,11","30.985,39","30.718,40","","0,33%"
"30.09.2025","30.851,46","30.725,30","30.863,15","30.639,65","","0,36%"
"29.09.2025","30.740,40","30.773,51","30.813,33","30.667,79","","0,27%"
"26.09.2025","30.656,21","30.532,52","30.672,81","30.476,08","","0,59%"
"25.09.2025","30.476,46","30.474,06","30.538,81","30.314,39","","-0,50%"
"24.09.2025","30.630,04","30.794,16","30.794,16","30.562,59","","-0,30%"
"23.09.2025","30.723,31","30.902,32","30.916,87","30.675,67","","-0,57%"
"22.09.2025","30.899,82","30.700,68","30.922,40","30.686,20","","0,46%"
"19.09.2025","30.759,68","30.697,63","30.793,07","30.602,47","","0,49%"
"18.09.2025","30.610,06","30.572,91","30.719,00","30.514,84","","0,52%"
"17.09.2025","30.450,23","30.497,85","30.552,46","30.232,32","","-0,08%"
"16.09.2025","30.475,93","30.546,12","30.553,09","30.446,16","","-0,11%"
"15.09.2025","30.509,64","30.453,26","30.524,74","30.451,17","","0,50%"
"12.09.2025","30.356,35","30.370,25","30.429,01","30.338,96","","-0,06%"
"11.09.2025","30.375,57","30.205,58","30.397,92","30.187,41","","0,85%"
"10.09.2025","30.119,19","30.124,01","30.234,68","30.048,28","","0,28%"
"09.09.2025","30.035,28","29.976,38","30.057,88","29.892,43","","0,30%"
"08.09.2025","29.945,43","29.944,61","30.002,71","29.893,43","","0,25%"
"05.09.2025","29.869,39","29.979,08","30.097,73","29.691,23","","-0,29%"
"04.09.2025","29.955,09","29.752,20","29.955,25","29.696,27","","0,85%"
"03.09.2025","29.704,05","29.686,70","29.732,12","29.558,52","","0,49%"
"02.09.2025","29.560,63","29.391,16","29.560,63","29.307,21","","-0,67%"
"29.08.2025","29.759,29","29.900,60","29.900,60","29.688,42","","-0,65%"
"28.08.2025","29.954,80","29.873,15","29.982,48","29.796,01","","0,38%"
"27.08.2025","29.842,79","29.755,35","29.871,86","29.743,32","","0,23%"
"26.08.2025","29.774,47","29.623,17","29.785,81","29.606,01","","0,43%"
"25.08.2025","29.645,79","29.733,31","29.772,07","29.641,11","","-0,43%"
"22.08.2025","29.772,66","29.409,33","29.827,95","29.389,88","","1,55%"
"21.08.2025","29.316,98","29.356,44","29.426,26","29.239,37","","-0,38%"
"20.08.2025","29.428,26","29.476,08","29.476,08","29.179,99","","-0,24%"
"19.08.2025","29.497,59","29.675,88","29.710,95","29.450,02","","-0,63%"
"18.08.2025","29.683,76","29.662,03","29.707,62","29.631,54","","0,01%"
"15.08.2025","29.682,17","29.789,05","29.793,32","29.648,48","","-0,25%"
"14.08.2025","29.755,59","29.679,81","29.784,74","29.636,01","","0,00%"
"13.08.2025","29.755,00","29.755,45","29.815,43","29.650,36","","0,31%"
"12.08.2025","29.663,97","29.467,23","29.666,45","29.389,37","","1,12%"
"11.08.2025","29.335,62","29.423,24","29.491,62","29.298,53","","-0,25%"
"08.08.2025","29.410,19","29.289,60","29.437,12","29.282,93","","0,74%"
"07.08.2025","29.194,05","29.388,85","29.422,65","29.053,75","","-0,06%"
"06.08.2025","29.211,27","29.042,11","29.244,11","29.007,60","","0,73%"
"05.08.2025","28.998,33","29.189,45","29.227,61","28.954,34","","-0,50%"
"04.08.2025","29.143,95","28.891,83","29.146,58","28.886,61","","1,53%"
"01.08.2025","28.706,13","28.922,38","28.926,39","28.595,36","","-1,65%"
"31.07.2025","29.186,25","29.518,61","29.552,96","29.140,65","","-0,33%"
"30.07.2025","29.282,25","29.353,71","29.436,22","29.167,09","","-0,11%"
"29.07.2025","29.315,40","29.518,02","29.518,02","29.286,96","","-0,29%"
"28.07.2025","29.400,30","29.432,07","29.453,14","29.342,53","","0,03%"
"25.07.2025","29.391,40","29.304,62","29.422,49","29.301,97","","0,42%"
"24.07.2025","29.268,57","29.302,07","29.347,36","29.254,71","","0,07%"
"23.07.2025","29.248,79","29.123,09","29.256,28","29.060,82","","0,77%"
"22.07.2025","29.024,05","29.022,67","29.053,53","28.889,86","","0,06%"
"21.07.2025","29.007,87","29.034,03","29.151,49","29.001,42","","0,11%"
"18.07.2025","28.975,42","29.034,94","29.049,92","28.920,66","","0,04%"
"17.07.2025","28.964,08","28.809,91","28.996,63","28.808,36","","0,54%"
"16.07.2025","28.807,82","28.768,15","28.827,12","28.521,32","","0,34%"
"15.07.2025","28.710,56","28.964,00","28.970,94","28.707,11","","-0,39%"
"14.07.2025","28.823,61","28.758,71","28.844,18","28.688,65","","0,19%"
"11.07.2025","28.769,21","28.750,77","28.812,52","28.680,78","","-0,35%"
"10.07.2025","28.869,19","28.808,19","28.914,22","28.731,83","","0,24%"
"09.07.2025","28.800,87","28.735,16","28.820,55","28.653,75","","0,62%"
"08.07.2025","28.623,08","28.662,73","28.697,68","28.589,51","","-0,10%"
"07.07.2025","28.650,43","28.782,98","28.797,10","28.520,24","","-0,77%"
"03.07.2025","28.873,65","28.728,00","28.896,28","28.728,00","","0,86%"
"02.07.2025","28.627,91","28.470,90","28.627,91","28.455,29","","0,50%"
"01.07.2025","28.485,97","28.456,50","28.544,92","28.391,73","","-0,17%"
"30.06.2025","28.533,32","28.455,79","28.578,03","28.401,65","","0,57%"
"27.06.2025","28.371,70","28.272,46","28.439,21","28.189,06","","0,53%"
"26.06.2025","28.222,73","28.095,28","28.245,92","28.063,97","","0,81%"
"25.06.2025","27.995,59","28.062,50","28.079,73","27.950,95","","-0,02%"
"24.06.2025","28.000,63","27.862,83","28.041,74","27.848,32","","1,15%"
"23.06.2025","27.683,48","27.415,22","27.698,84","27.314,68","","0,95%"
"20.06.2025","27.422,74","27.586,73","27.654,03","27.356,07","","-0,24%"
"18.06.2025","27.487,45","27.501,86","27.655,76","27.456,93","","-0,01%"
"17.06.2025","27.489,33","27.623,76","27.671,95","27.460,14","","-0,81%"
"16.06.2025","27.714,34","27.602,47","27.792,85","27.602,47","","0,97%"
"13.06.2025","27.448,13","27.538,26","27.673,83","27.388,73","","-1,12%"
"12.06.2025","27.758,02","27.615,93","27.758,33","27.577,46","","0,36%"
"11.06.2025","27.657,72","27.789,17","27.827,89","27.572,95","","-0,27%"
"10.06.2025","27.733,07","27.620,77","27.749,72","27.566,84","","0,52%"
"09.06.2025","27.589,71","27.596,75","27.660,23","27.535,80","","0,08%"
"06.06.2025","27.568,60","27.542,33","27.640,30","27.475,80","","1,02%"
"05.06.2025","27.288,99","27.503,11","27.566,44","27.208,86","","-0,50%"
"04.06.2025","27.427,21","27.463,43","27.514,07","27.401,13","","0,03%"
"03.06.2025","27.419,19","27.275,71","27.469,57","27.232,81","","0,60%"
"02.06.2025","27.254,85","27.052,41","27.257,77","26.911,76","","0,43%"
"30.05.2025","27.137,27","27.087,77","27.178,82","26.831,65","","0,02%"
"29.05.2025","27.130,83","27.258,81","27.258,81","26.962,63","","0,39%"
"28.05.2025","27.025,24","27.206,98","27.252,87","26.999,30","","-0,55%"
"27.05.2025","27.174,55","26.919,62","27.186,88","26.879,80","","2,06%"
"23.05.2025","26.625,43","26.499,42","26.746,00","26.489,73","","-0,68%"
"22.05.2025","26.808,52","26.799,89","26.971,36","26.734,36","","-0,01%"
"21.05.2025","26.812,35","27.096,17","27.246,80","26.751,58","","-1,63%"
"20.05.2025","27.256,69","27.266,77","27.312,58","27.121,99","","-0,38%"
"19.05.2025","27.361,55","27.055,69","27.382,12","27.055,69","","0,10%"
"16.05.2025","27.334,59","27.180,34","27.334,59","27.105,88","","0,73%"
"15.05.2025","27.137,54","26.948,18","27.168,20","26.902,17","","0,40%"
"14.05.2025","27.029,32","27.051,10","27.090,49","26.936,26","","0,13%"
"13.05.2025","26.993,09","26.829,72","27.084,74","26.803,74","","0,77%"
"12.05.2025","26.787,32","26.632,27","26.790,44","26.524,40","","3,30%"
"09.05.2025","25.930,67","26.034,72","26.077,21","25.866,73","","-0,04%"
"08.05.2025","25.942,31","25.950,33","26.196,52","25.818,16","","0,64%"
"07.05.2025","25.776,38","25.704,81","25.864,14","25.539,48","","0,41%"
"06.05.2025","25.670,17","25.631,90","25.855,03","25.573,60","","-0,77%"
"05.05.2025","25.870,62","25.862,23","26.020,53","25.803,65","","-0,60%"
"02.05.2025","26.025,61","25.890,43","26.090,03","25.835,11","","1,47%"
"01.05.2025","25.648,10","25.762,94","25.899,86","25.618,59","","0,61%"
"30.04.2025","25.491,88","25.125,45","25.543,64","24.871,07","","0,14%"
"29.04.2025","25.455,79","25.211,60","25.502,45","25.207,50","","0,60%"
"28.04.2025","25.304,61","25.310,30","25.415,94","25.031,71","","0,07%"
"25.04.2025","25.285,98","25.121,82","25.295,87","24.976,15","","0,75%"
"24.04.2025","25.097,90","24.610,46","25.114,83","24.589,34","","2,07%"
"23.04.2025","24.588,24","24.740,49","25.016,64","24.504,75","","1,69%"
"22.04.2025","24.178,90","23.838,09","24.275,67","23.797,08","","2,54%"
"21.04.2025","23.579,94","23.917,96","23.921,78","23.326,38","","-2,36%"
"17.04.2025","24.150,73","24.222,16","24.353,07","24.030,88","","0,15%"
"16.04.2025","24.113,51","24.392,00","24.518,54","23.863,38","","-2,20%"
"15.04.2025","24.657,02","24.728,48","24.893,82","24.609,72","","-0,13%"
"14.04.2025","24.688,38","24.896,14","24.912,02","24.474,94","","0,80%"
"11.04.2025","24.492,23","24.015,17","24.562,95","23.858,23","","1,80%"
"10.04.2025","24.058,92","24.419,20","24.441,58","23.372,99","","-3,48%"
"09.04.2025","24.927,55","22.691,54","25.020,73","22.593,21","","9,60%"
"08.04.2025","22.744,89","23.743,91","24.047,78","22.421,01","","-1,59%"
"07.04.2025","23.111,69","22.535,81","23.935,99","22.072,74","","-0,24%"
"04.04.2025","23.166,98","24.135,03","24.155,62","23.150,77","","-5,98%"
"03.04.2025","24.641,15","25.160,63","25.180,49","24.617,39","","-4,90%"
"02.04.2025","25.911,97","25.472,35","26.020,15","25.453,10","","0,71%"
"01.04.2025","25.728,42","25.545,46","25.805,93","25.382,89","","0,41%"
"31.03.2025","25.623,12","25.241,58","25.689,91","25.061,73","","0,51%"
"28.03.2025","25.492,38","25.934,72","25.972,74","25.454,08","","-1,99%"
"27.03.2025","26.009,13","26.023,37","26.197,40","25.924,35","","-0,39%"
"26.03.2025","26.110,38","26.399,18","26.442,24","26.030,75","","-1,19%"
"25.03.2025","26.423,83","26.418,15","26.470,63","26.350,82","","0,17%"
"24.03.2025","26.378,48","26.172,17","26.406,73","26.168,81","","1,84%"
"21.03.2025","25.901,62","25.690,99","25.914,84","25.609,46","","0,11%"
"20.03.2025","25.874,32","25.769,26","26.098,70","25.756,14","","-0,21%"
"19.03.2025","25.928,17","25.725,31","26.104,69","25.677,29","","1,13%"
"18.03.2025","25.638,70","25.809,72","25.820,18","25.560,88","","-1,10%"
"17.03.2025","25.924,88","25.717,70","26.053,77","25.717,24","","0,69%"
"14.03.2025","25.746,53","25.425,91","25.772,77","25.423,30","","2,19%"
"13.03.2025","25.195,20","25.513,31","25.538,93","25.117,53","","-1,45%"
"12.03.2025","25.564,77","25.674,60","25.767,64","25.321,75","","0,53%"
"11.03.2025","25.428,96","25.582,34","25.716,08","25.232,00","","-0,69%"
"10.03.2025","25.605,78","26.002,62","26.018,81","25.380,21","","-2,81%"
"07.03.2025","26.345,12","26.136,47","26.396,94","25.858,77","","0,54%"
"06.03.2025","26.204,19","26.372,19","26.558,97","26.087,31","","-1,91%"
"05.03.2025","26.715,25","26.417,14","26.790,75","26.256,69","","1,15%"
"04.03.2025","26.412,40","26.545,46","26.810,45","26.184,68","","-1,20%"
"03.03.2025","26.732,05","27.289,68","27.368,64","26.558,40","","-1,78%"
"28.02.2025","27.215,41","26.776,93","27.236,11","26.687,14","","1,61%"
"27.02.2025","26.783,13","27.342,56","27.390,45","26.775,04","","-1,59%"
"26.02.2025","27.216,47","27.269,08","27.461,70","27.111,56","","0,03%"
"25.02.2025","27.207,45","27.342,50","27.388,86","26.995,88","","-0,53%"
"24.02.2025","27.351,37","27.578,70","27.628,44","27.320,27","","-0,55%"
"21.02.2025","27.501,31","28.013,09","28.013,09","27.480,89","","-1,76%"
"20.02.2025","27.994,56","28.072,59","28.072,59","27.842,53","","-0,47%"
"19.02.2025","28.126,21","28.013,21","28.142,78","27.984,71","","0,18%"
"18.02.2025","28.075,56","28.066,08","28.075,74","27.939,41","","0,25%"
"14.02.2025","28.004,94","28.012,18","28.057,02","27.969,46","","0,04%"
"13.02.2025","27.994,51","27.749,41","28.002,18","27.717,95","","1,05%"
"12.02.2025","27.703,36","27.522,56","27.752,35","27.494,45","","-0,26%"
"11.02.2025","27.776,13","27.676,94","27.810,32","27.676,94","","-0,02%"
"10.02.2025","27.780,67","27.739,87","27.811,35","27.689,31","","0,70%"
"07.02.2025","27.588,60","27.844,87","27.932,69","27.563,20","","-0,92%"
"06.02.2025","27.844,64","27.799,88","27.844,76","27.680,18","","0,35%"
"05.02.2025","27.748,57","27.584,39","27.749,32","27.507,62","","0,40%"
"04.02.2025","27.639,23","27.432,77","27.658,91","27.405,27","","0,71%"
"03.02.2025","27.445,24","27.233,13","27.569,05","27.113,82","","-0,74%"
"31.01.2025","27.650,96","27.911,93","28.020,66","27.609,23","","-0,48%"
"30.01.2025","27.784,97","27.749,12","27.857,84","27.590,66","","0,57%"
"29.01.2025","27.627,66","27.718,11","27.727,22","27.508,46","0,00K","-0,46%"
"28.01.2025","27.755,30","27.547,65","27.788,51","27.419,49","0,00K","0,96%"
"27.01.2025","27.491,75","27.672,36","27.725,74","27.345,26","0,00K","-1,50%"
"24.01.2025","27.909,02","28.000,72","28.034,17","27.853,77","0,00K","-0,27%"
"23.01.2025","27.985,36","27.784,32","27.985,42","27.784,32","0,00K","0,53%"
"22.01.2025","27.837,30","27.763,99","27.904,67","27.762,99","0,00K","0,60%"
"21.01.2025","27.670,60","27.555,06","27.678,69","27.472,82","0,00K","0,90%"
"20.01.2025","27.423,09","27.423,09","27.423,09","27.423,09","","0,00%"
"17.01.2025","27.423,09","27.423,35","27.508,13","27.348,65","0,00K","1,01%"
"16.01.2025","27.148,81","27.257,65","27.270,56","27.120,74","0,00K","-0,17%"
"15.01.2025","27.195,51","27.049,07","27.247,30","27.032,99","0,00K","1,85%"
"14.01.2025","26.700,25","26.787,46","26.830,41","26.533,99","0,00K","0,14%"
"13.01.2025","26.663,37","26.391,24","26.672,75","26.373,53","","0,16%"
"10.01.2025","26.621,07","26.849,74","26.849,74","26.533,55","0,00K","-1,51%"
"08.01.2025","27.030,17","26.964,83","27.069,51","26.829,73","0,00K","0,17%"
"07.01.2025","26.985,29","27.392,94","27.404,00","26.902,46","0,00K","-1,15%"
"06.01.2025","27.300,58","27.343,31","27.503,21","27.232,73","0,00K","0,58%"
"03.01.2025","27.143,10","26.913,47","27.171,88","26.895,33","0,00K","1,32%"
"02.01.2025","26.788,64","26.964,94","27.081,94","26.614,00","0,00K","-0,17%"
"31.12.2024","26.834,01","27.018,18","27.056,43","26.777,88","0,00K","-0,44%"
"30.12.2024","26.952,19","26.957,66","27.100,35","26.783,28","0,00K","-1,07%"
"27.12.2024","27.244,82","27.390,21","27.394,64","27.075,43","0,00K","-1,11%"
"26.12.2024","27.550,95","27.482,94","27.602,81","27.417,93","0,00K","-0,04%"
"24.12.2024","27.561,93","27.300,83","27.562,13","27.299,40","0,00K","1,10%"
"23.12.2024","27.261,00","27.096,02","27.276,94","26.942,13","0,00K","0,68%"
"20.12.2024","27.076,65","26.614,87","27.299,85","26.606,48","0,00K","1,13%"
"19.12.2024","26.773,25","27.003,66","27.092,32","26.772,19","0,00K","-0,10%"
"18.12.2024","26.801,24","27.636,12","27.722,57","26.789,24","0,00K","-3,04%"
"17.12.2024","27.641,21","27.647,27","27.676,49","27.574,87","0,00K","-0,42%"
"16.12.2024","27.756,81","27.717,75","27.809,48","27.690,68","0,00K","0,41%"
"13.12.2024","27.642,43","27.654,76","27.768,73","27.573,97","0,00K","-0,01%"
"12.12.2024","27.646,15","27.741,79","27.774,93","27.646,15","0,00K","-0,55%"
"11.12.2024","27.798,07","27.706,94","27.837,23","27.696,98","0,00K","0,86%"
"10.12.2024","27.561,21","27.692,89","27.704,66","27.540,17","0,00K","-0,34%"
"09.12.2024","27.656,03","27.815,12","27.837,34","27.640,81","0,00K","-0,69%"
"06.12.2024","27.846,95","27.810,01","27.884,32","27.802,12","0,00K","0,31%"
"05.12.2024","27.759,74","27.835,99","27.853,89","27.752,56","0,00K","-0,23%"
"04.12.2024","27.822,56","27.697,22","27.831,56","27.697,22","0,00K","0,71%"
"03.12.2024","27.625,68","27.596,95","27.634,38","27.548,75","0,00K","0,08%"
"02.12.2024","27.604,95","27.568,91","27.632,91","27.555,37","0,00K","0,25%"
"29.11.2024","27.534,74","27.424,89","27.590,07","27.417,20","0,00K","0,55%"
"27.11.2024","27.383,56","27.465,10","27.480,23","27.317,52","0,00K","-0,38%"
"26.11.2024","27.487,32","27.399,01","27.498,45","27.366,55","0,00K","0,52%"
"25.11.2024","27.343,85","27.406,82","27.495,33","27.243,84","0,00K","0,32%"
"22.11.2024","27.257,34","27.169,93","27.273,32","27.142,52","0,00K","0,41%"
"21.11.2024","27.147,29","27.108,52","27.213,49","26.868,31","0,00K","0,60%"
"20.11.2024","26.985,81","26.980,75","27.000,49","26.729,90","0,00K","0,04%"
"19.11.2024","26.975,17","26.711,80","26.997,50","26.689,28","0,00K","0,46%"
"18.11.2024","26.852,25","26.754,35","26.913,12","26.720,59","0,00K","0,45%"
"15.11.2024","26.731,73","26.925,99","26.931,07","26.654,03","","-1,31%"
"14.11.2024","27.086,84","27.279,17","27.296,86","27.059,98","","-0,63%"
"13.11.2024","27.258,18","27.280,31","27.371,22","27.192,44","","0,00%"
"12.11.2024","27.258,77","27.337,58","27.373,90","27.151,70","","-0,28%"
"11.11.2024","27.336,59","27.379,04","27.400,54","27.269,13","","0,21%"
"08.11.2024","27.279,67","27.183,88","27.351,94","27.183,88","","0,43%"
"07.11.2024","27.164,20","27.032,26","27.211,12","27.032,26","","0,76%"
"06.11.2024","26.959,37","26.602,92","26.989,24","26.602,92","","2,59%"
"05.11.2024","26.278,92","26.002,24","26.280,27","26.002,24","","1,25%"
"04.11.2024","25.954,53","26.021,92","26.079,50","25.885,25","","-0,26%"
"01.11.2024","26.021,56","26.002,09","26.218,28","26.001,37","","0,42%"
"31.10.2024","25.912,88","26.205,00","26.213,85","25.908,13","","-1,82%"
"30.10.2024","26.392,98","26.508,34","26.562,02","26.384,84","","-0,32%"
"29.10.2024","26.477,99","26.413,54","26.538,36","26.337,97","","0,17%"
"28.10.2024","26.433,83","26.496,96","26.518,94","26.433,25","","0,29%"
"25.10.2024","26.358,56","26.473,55","26.607,57","26.323,78","","-0,05%"
"24.10.2024","26.371,28","26.340,20","26.400,71","26.261,63","","0,25%"
"23.10.2024","26.304,65","26.474,57","26.475,93","26.148,29","","-0,92%"
"22.10.2024","26.549,38","26.454,43","26.600,09","26.423,48","","-0,07%"
"21.10.2024","26.568,15","26.575,50","26.630,57","26.437,87","","-0,19%"
"18.10.2024","26.620,05","26.599,90","26.651,56","26.543,63","","0,41%"
"17.10.2024","26.510,44","26.674,34","26.674,34","26.504,98","","-0,01%"
"16.10.2024","26.512,85","26.392,73","26.530,25","26.357,13","","0,47%"
"15.10.2024","26.388,41","26.631,39","26.631,39","26.344,75","","-0,75%"
"14.10.2024","26.588,67","26.468,49","26.636,37","26.458,68","","0,77%"
"11.10.2024","26.386,81","26.204,88","26.416,35","26.204,88","","0,64%"
"10.10.2024","26.219,98","26.190,08","26.286,69","26.149,56","","-0,16%"
"09.10.2024","26.263,07","26.075,44","26.281,97","26.047,95","","0,72%"
"08.10.2024","26.075,22","25.946,51","26.102,03","25.910,38","","0,95%"
"07.10.2024","25.829,18","25.999,46","26.020,01","25.790,31","","-0,94%"
"04.10.2024","26.073,46","26.025,07","26.079,31","25.859,09","","0,94%"
"03.10.2024","25.831,36","25.813,51","25.909,63","25.735,19","","-0,16%"
"02.10.2024","25.872,73","25.800,22","25.915,48","25.709,47","","0,02%"
"01.10.2024","25.867,14","26.080,48","26.081,53","25.740,68","","-0,91%"
"30.09.2024","26.105,67","25.955,32","26.116,85","25.845,25","","0,41%"
"27.09.2024","25.999,51","26.074,23","26.109,93","25.956,99","","-0,12%"
"26.09.2024","26.030,34","26.118,98","26.118,98","25.928,15","","0,40%"
"25.09.2024","25.926,09","25.985,66","26.017,67","25.883,59","","-0,19%"
"24.09.2024","25.975,96","25.949,96","25.982,28","25.825,07","","0,25%"
"23.09.2024","25.910,24","25.893,01","25.937,41","25.850,63","","0,28%"
"20.09.2024","25.836,85","25.840,81","25.888,94","25.709,06","","-0,20%"
"19.09.2024","25.887,52","25.852,99","25.975,07","25.769,09","","1,73%"
"18.09.2024","25.447,72","25.550,86","25.751,51","25.436,25","","-0,28%"
"17.09.2024","25.518,02","25.602,26","25.674,90","25.430,54","","0,03%"
"16.09.2024","25.511,48","25.437,58","25.524,90","25.385,27","","0,16%"
"13.09.2024","25.471,12","25.348,66","25.516,87","25.348,66","","0,58%"
"12.09.2024","25.325,24","25.142,50","25.346,77","25.054,40","","0,77%"
"11.09.2024","25.131,52","24.856,29","25.158,84","24.464,94","","1,09%"
"10.09.2024","24.861,08","24.822,85","24.868,94","24.620,52","","0,45%"
"09.09.2024","24.749,65","24.626,77","24.809,11","24.588,41","","1,18%"
"06.09.2024","24.461,71","24.910,82","24.968,91","24.434,42","","-1,72%"
"05.09.2024","24.889,43","24.962,97","25.076,39","24.787,69","","-0,28%"
"04.09.2024","24.959,42","24.918,06","25.112,14","24.885,00","","-0,18%"
"03.09.2024","25.004,41","25.423,75","25.423,75","24.897,60","","-2,16%"
"30.08.2024","25.555,84","25.416,54","25.565,28","25.260,36","","1,03%"
"29.08.2024","25.295,56","25.365,17","25.543,96","25.268,13","","0,02%"
"28.08.2024","25.291,63","25.444,09","25.454,74","25.156,52","","-0,63%"
"27.08.2024","25.452,21","25.352,27","25.475,31","25.305,64","","0,15%"
"26.08.2024","25.412,87","25.522,90","25.573,18","25.351,77","","-0,32%"
"23.08.2024","25.494,32","25.349,57","25.521,14","25.281,35","","1,19%"
"22.08.2024","25.193,82","25.500,44","25.523,68","25.153,49","","-0,92%"
"21.08.2024","25.427,20","25.344,86","25.466,95","25.295,16","","0,47%"
"20.08.2024","25.307,85","25.344,69","25.419,23","25.258,09","","-0,23%"
"19.08.2024","25.365,09","25.141,17","25.365,13","25.106,49","","0,99%"
"16.08.2024","25.115,74","24.995,10","25.148,00","24.985,32","","0,21%"
"15.08.2024","25.063,11","24.874,75","25.075,70","24.874,75","","1,67%"
"14.08.2024","24.650,22","24.592,67","24.685,47","24.476,66","","0,38%"
"13.08.2024","24.557,14","24.291,91","24.564,45","24.291,91","","1,71%"
"12.08.2024","24.144,16","24.197,35","24.266,48","24.058,48","","0,00%"
"09.08.2024","24.143,76","24.012,90","24.201,76","23.953,84","","0,49%"
"08.08.2024","24.026,28","23.661,61","24.061,45","23.631,07","","2,35%"
"07.08.2024","23.474,64","23.920,76","24.065,79","23.459,05","","-0,78%"
"06.08.2024","23.659,71","23.488,77","23.982,79","23.452,16","","1,03%"
"05.08.2024","23.417,38","23.439,99","23.708,13","23.192,26","","-2,98%"
"02.08.2024","24.137,06","24.266,14","24.296,74","23.936,55","","-1,88%"
"01.08.2024","24.599,34","25.020,09","25.146,82","24.435,53","","-1,42%"
"31.07.2024","24.954,02","24.878,28","25.085,80","24.831,75","","1,60%"
"30.07.2024","24.560,75","24.759,45","24.800,80","24.405,06","","-0,50%"
"29.07.2024","24.684,79","24.746,93","24.796,63","24.602,45","","0,07%"
"26.07.2024","24.666,75","24.549,95","24.795,53","24.539,54","","1,12%"
"25.07.2024","24.393,50","24.539,24","24.808,04","24.342,28","","-0,47%"
"24.07.2024","24.507,88","24.882,05","24.888,46","24.484,61","","-2,37%"
"23.07.2024","25.103,51","25.134,52","25.235,49","25.082,47","","-0,14%"
"22.07.2024","25.138,44","25.044,00","25.161,98","24.976,36","","1,10%"
"19.07.2024","24.865,54","25.042,24","25.090,34","24.832,32","","-0,67%"
"18.07.2024","25.032,30","25.305,30","25.355,59","24.937,52","","-0,80%"
"17.07.2024","25.234,31","25.348,01","25.402,34","25.225,23","","-1,46%"
"16.07.2024","25.609,08","25.518,57","25.619,51","25.473,80","","0,67%"
"15.07.2024","25.438,87","25.453,76","25.598,51","25.366,50","","0,31%"
"12.07.2024","25.359,98","25.255,19","25.536,73","25.243,81","","0,58%"
"11.07.2024","25.214,42","25.446,22","25.474,59","25.179,51","","-0,82%"
"10.07.2024","25.424,01","25.233,64","25.429,20","25.207,94","","1,01%"
"09.07.2024","25.169,31","25.204,46","25.228,69","25.160,22","","0,06%"
"08.07.2024","25.155,07","25.152,35","25.195,67","25.109,95","","0,11%"
"05.07.2024","25.127,37","24.997,39","25.139,79","24.971,99","","0,55%"
"03.07.2024","24.989,05","24.858,97","24.998,08","24.858,97","","0,52%"
"02.07.2024","24.860,50","24.645,71","24.863,29","24.642,58","","0,61%"
"01.07.2024","24.709,26","24.707,42","24.732,42","24.585,90","","0,26%"
"28.06.2024","24.644,69","24.782,64","24.927,36","24.603,39","","-0,38%"
"27.06.2024","24.739,76","24.697,40","24.765,32","24.669,92","","0,13%"
"26.06.2024","24.707,19","24.617,08","24.729,22","24.594,25","","0,16%"
"25.06.2024","24.668,66","24.613,46","24.682,79","24.565,95","","0,41%"
"24.06.2024","24.568,53","24.620,54","24.758,01","24.568,33","","-0,30%"
"21.06.2024","24.643,44","24.650,23","24.698,65","24.579,69","","-0,15%"
"20.06.2024","24.680,49","24.781,33","24.826,56","24.602,04","","-0,26%"
"18.06.2024","24.744,66","24.683,46","24.759,00","24.672,43","","0,27%"
"17.06.2024","24.678,74","24.466,61","24.746,84","24.441,38","","0,78%"
"14.06.2024","24.488,63","24.411,01","24.492,26","24.366,68","","-0,03%"
"13.06.2024","24.496,35","24.473,97","24.520,95","24.358,93","","0,19%"
"12.06.2024","24.449,99","24.430,09","24.565,70","24.406,69","","0,87%"
"11.06.2024","24.237,91","24.121,05","24.240,74","24.020,70","","0,27%"
"10.06.2024","24.173,82","24.062,96","24.195,37","24.036,88","","0,31%"
"07.06.2024","24.099,93","24.075,44","24.224,07","24.034,19","","-0,12%"
"06.06.2024","24.129,85","24.149,97","24.174,81","24.058,89","","-0,03%"
"05.06.2024","24.137,47","23.954,57","24.137,56","23.887,61","","1,21%"
"04.06.2024","23.848,08","23.788,39","23.882,96","23.701,43","","0,13%"
"03.06.2024","23.816,51","23.893,02","23.904,24","23.597,69","","0,10%"
"31.05.2024","23.793,79","23.663,10","23.805,26","23.408,93","","0,73%"
"30.05.2024","23.621,70","23.727,25","23.754,84","23.563,14","","-0,60%"
"29.05.2024","23.764,12","23.772,80","23.833,35","23.746,67","","-0,74%"
"28.05.2024","23.941,35","23.979,68","23.991,63","23.832,25","","0,00%"
"24.05.2024","23.942,27","23.832,78","23.972,88","23.823,29","","0,70%"
"23.05.2024","23.775,73","24.113,00","24.113,00","23.728,63","","-0,75%"
"22.05.2024","23.956,58","24.015,97","24.032,26","23.866,54","","-0,29%"
"21.05.2024","24.026,75","23.931,23","24.035,73","23.923,82","","0,22%"
"20.05.2024","23.974,27","23.954,47","24.044,97","23.952,72","","0,12%"
"17.05.2024","23.945,55","23.947,64","23.950,73","23.857,83","","0,13%"
"16.05.2024","23.914,82","23.977,04","24.038,37","23.911,59","","-0,20%"
"15.05.2024","23.962,81","23.779,20","23.977,02","23.757,30","","1,22%"
"14.05.2024","23.673,71","23.564,26","23.688,63","23.545,48","","0,51%"
"13.05.2024","23.552,96","23.618,20","23.624,46","23.513,16","","-0,03%"
"10.05.2024","23.560,16","23.588,71","23.639,59","23.505,25","","0,16%"
"09.05.2024","23.522,39","23.413,24","23.527,12","23.374,98","","0,53%"
"08.05.2024","23.399,36","23.316,56","23.416,30","23.308,78","","-0,02%"
"07.05.2024","23.403,81","23.410,96","23.461,99","23.366,61","","0,10%"
"06.05.2024","23.379,40","23.223,50","23.379,40","23.220,63","","1,06%"
"03.05.2024","23.134,26","23.129,82","23.177,74","23.019,91","","1,23%"
"02.05.2024","22.852,04","22.792,68","22.890,10","22.608,31","","0,96%"
"01.05.2024","22.635,59","22.687,38","22.981,82","22.609,91","","-0,32%"
"30.04.2024","22.709,09","22.999,11","23.050,32","22.708,74","","-1,60%"
"29.04.2024","23.077,56","23.077,59","23.103,93","22.958,25","","0,34%"
"26.04.2024","23.000,15","22.916,50","23.063,81","22.874,06","","1,04%"
"25.04.2024","22.763,83","22.649,98","22.806,36","22.502,33","","-0,44%"
"24.04.2024","22.863,59","22.895,61","22.946,69","22.754,74","","0,02%"
"23.04.2024","22.859,41","22.669,75","22.885,53","22.660,97","","1,25%"
"22.04.2024","22.577,64","22.497,62","22.703,85","22.388,70","","0,88%"
"19.04.2024","22.381,06","22.564,82","22.616,87","22.321,41","","-0,89%"
"18.04.2024","22.583,04","22.681,85","22.787,46","22.545,92","","-0,22%"
"17.04.2024","22.632,74","22.864,24","22.884,08","22.570,77","","-0,60%"
"16.04.2024","22.769,95","22.800,94","22.891,05","22.721,93","","-0,21%"
"15.04.2024","22.816,83","23.262,24","23.305,97","22.777,38","","-1,25%"
"12.04.2024","23.106,30","23.298,22","23.339,65","23.038,46","","-1,47%"
"11.04.2024","23.451,64","23.332,56","23.504,93","23.182,81","","0,75%"
"10.04.2024","23.276,56","23.250,75","23.353,61","23.181,48","","-0,94%"
"09.04.2024","23.498,09","23.549,27","23.561,34","23.279,55","","0,15%"
"08.04.2024","23.462,97","23.500,00","23.535,92","23.439,71","","-0,02%"
"05.04.2024","23.467,58","23.255,53","23.546,22","23.255,53","","1,12%"
"04.04.2024","23.206,95","23.672,25","23.700,44","23.205,02","","-1,22%"
"03.04.2024","23.493,19","23.425,66","23.570,19","23.419,15","","0,13%"
"02.04.2024","23.462,61","23.456,99","23.472,70","23.363,78","","-0,73%"
"01.04.2024","23.635,80","23.694,39","23.730,60","23.572,45","","-0,22%"
"29.03.2024","23.686,85","23.686,85","23.686,85","23.686,85","","0,00%"
"28.03.2024","23.686,85","23.666,61","23.732,01","23.655,35","","0,10%"
"27.03.2024","23.662,35","23.595,51","23.665,04","23.509,06","","0,84%"
"26.03.2024","23.465,47","23.580,74","23.606,40","23.463,98","","-0,26%"
"25.03.2024","23.527,38","23.516,45","23.575,98","23.516,45","","-0,28%"
"22.03.2024","23.592,96","23.638,34","23.644,32","23.572,75","","-0,15%"
"21.03.2024","23.628,87","23.671,59","23.719,33","23.627,69","","0,35%"
"20.03.2024","23.545,81","23.336,41","23.552,22","23.302,82","","0,93%"
"19.03.2024","23.327,88","23.155,42","23.334,39","23.112,08","","0,55%"
"18.03.2024","23.199,46","23.229,22","23.310,63","23.182,71","","0,63%"
"15.03.2024","23.054,73","23.114,59","23.148,10","23.003,72","","-0,66%"
"14.03.2024","23.208,01","23.318,58","23.334,15","23.084,75","","-0,31%"
"13.03.2024","23.279,94","23.307,91","23.344,77","23.228,94","","-0,17%"
"12.03.2024","23.320,62","23.162,49","23.339,63","23.050,06","","1,12%"
"11.03.2024","23.062,24","23.040,25","23.093,16","22.942,60","","-0,13%"
"08.03.2024","23.092,19","23.285,55","23.393,62","23.065,52","","-0,66%"
"07.03.2024","23.246,47","23.141,29","23.280,11","23.113,69","","1,06%"
"06.03.2024","23.003,02","23.028,07","23.105,83","22.944,54","","0,56%"
"05.03.2024","22.875,06","23.011,36","23.037,32","22.776,67","","-1,06%"
"04.03.2024","23.120,61","23.111,83","23.205,72","23.097,79","","-0,10%"
"01.03.2024","23.143,38","22.967,09","23.156,16","22.949,08","","0,81%"
"29.02.2024","22.956,65","22.934,18","22.994,19","22.801,49","","0,55%"
"28.02.2024","22.831,48","22.807,55","22.865,77","22.778,64","","-0,17%"
"27.02.2024","22.869,56","22.853,84","22.879,58","22.777,30","","0,19%"
"26.02.2024","22.827,26","22.915,97","22.939,12","22.824,19","","-0,33%"
"23.02.2024","22.902,86","22.963,59","23.001,24","22.868,36","","0,01%"
"22.02.2024","22.899,87","22.722,79","22.929,69","22.686,42","","2,14%"
"21.02.2024","22.420,34","22.357,51","22.424,81","22.262,07","","0,08%"
"20.02.2024","22.403,09","22.451,67","22.484,22","22.308,96","","-0,64%"
"16.02.2024","22.547,85","22.649,30","22.699,04","22.527,83","","-0,50%"
"15.02.2024","22.661,20","22.541,63","22.671,31","22.524,01","","0,61%"
"14.02.2024","22.523,89","22.427,32","22.530,03","22.324,84","","1,04%"
"13.02.2024","22.293,05","22.300,11","22.380,04","22.145,72","","-1,37%"
"12.02.2024","22.603,61","22.623,73","22.726,40","22.587,09","","-0,09%"
"09.02.2024","22.624,02","22.518,44","22.641,76","22.511,67","","0,61%"
"08.02.2024","22.487,83","22.456,51","22.498,33","22.441,18","","0,11%"
"07.02.2024","22.462,57","22.367,98","22.485,79","22.345,67","","0,83%"
"06.02.2024","22.278,24","22.250,08","22.290,69","22.187,05","","0,26%"
"05.02.2024","22.220,01","22.265,52","22.278,18","22.106,42","","-0,34%"
"02.02.2024","22.296,19","22.010,34","22.366,86","21.994,68","","1,06%"
"01.02.2024","22.061,98","21.856,10","22.062,36","21.824,74","","1,26%"
"31.01.2024","21.787,56","22.020,31","22.063,40","21.786,64","","-1,62%"
"30.01.2024","22.147,42","22.147,43","22.173,73","22.109,23","","-0,08%"
"29.01.2024","22.164,79","21.992,84","22.167,78","21.981,09","","0,81%"
"26.01.2024","21.987,03","21.976,68","22.058,56","21.948,69","","-0,05%"
"25.01.2024","21.997,91","21.967,08","22.017,78","21.889,86","","0,49%"
"24.01.2024","21.890,05","22.016,07","22.053,56","21.879,47","","0,04%"
"23.01.2024","21.880,67","21.837,63","21.887,58","21.789,90","","0,28%"
"22.01.2024","21.820,27","21.841,16","21.900,94","21.790,74","","0,27%"
"19.01.2024","21.761,05","21.556,41","21.764,19","21.518,86","","1,27%"
"18.01.2024","21.488,79","21.390,91","21.506,17","21.306,16","","0,89%"
"17.01.2024","21.299,98","21.292,52","21.317,17","21.192,52","","-0,57%"
"16.01.2024","21.421,69","21.442,37","21.496,03","21.337,36","","-0,38%"
"12.01.2024","21.503,90","21.544,08","21.589,37","21.440,20","","0,08%"
"11.01.2024","21.485,76","21.547,00","21.567,32","21.302,35","","-0,06%"
"10.01.2024","21.499,16","21.403,02","21.531,08","21.375,64","","0,56%"
"09.01.2024","21.380,16","21.300,81","21.419,58","21.263,42","","-0,14%"
"08.01.2024","21.409,12","21.135,88","21.411,50","21.124,38","","1,46%"
"05.01.2024","21.101,45","21.058,88","21.209,71","21.038,84","","0,18%"
"04.01.2024","21.063,88","21.097,11","21.231,49","21.060,41","","-0,31%"
"03.01.2024","21.130,34","21.198,13","21.239,48","21.111,68","","-0,85%"
"02.01.2024","21.312,22","21.318,62","21.366,51","21.222,20","","-0,66%"
"29.12.2023","21.453,38","21.520,64","21.543,87","21.379,94","","-0,32%"
"28.12.2023","21.521,29","21.546,67","21.565,37","21.512,37","","0,04%"
"27.12.2023","21.511,79","21.475,89","21.527,32","21.457,26","","0,16%"
"26.12.2023","21.476,83","21.403,61","21.518,34","21.402,84","","0,44%"
"22.12.2023","21.383,48","21.390,74","21.462,46","21.304,91","","0,16%"
"21.12.2023","21.348,52","21.273,10","21.357,07","21.178,92","","1,05%"
"20.12.2023","21.127,23","21.405,37","21.489,16","21.127,23","","-1,48%"
"19.12.2023","21.444,28","21.335,58","21.444,40","21.335,58","","0,61%"
"18.12.2023","21.313,56","21.247,28","21.351,48","21.247,28","","0,45%"
"15.12.2023","21.217,67","21.203,51","21.245,97","21.154,09","","-0,01%"
"14.12.2023","21.220,08","21.222,84","21.303,34","21.103,16","","0,36%"
"13.12.2023","21.144,23","20.864,07","21.154,70","20.849,07","","1,39%"
"12.12.2023","20.853,72","20.750,47","20.854,70","20.689,97","","0,47%"
"11.12.2023","20.756,32","20.631,71","20.760,32","20.629,33","","0,41%"
"08.12.2023","20.671,80","20.535,99","20.692,36","20.533,15","","0,44%"
"07.12.2023","20.581,43","20.498,73","20.603,42","20.488,37","","0,81%"
"06.12.2023","20.416,55","20.593,42","20.598,20","20.404,81","","-0,39%"
"05.12.2023","20.496,56","20.449,59","20.546,69","20.431,78","","-0,07%"
"04.12.2023","20.511,51","20.473,10","20.523,17","20.409,40","","-0,54%"
"01.12.2023","20.622,73","20.455,79","20.638,21","20.428,90","","0,66%"
"30.11.2023","20.488,09","20.433,62","20.496,01","20.353,66","","0,42%"
"29.11.2023","20.402,38","20.492,31","20.563,18","20.387,67","","0,00%"
"28.11.2023","20.403,03","20.362,61","20.460,74","20.335,28","","0,11%"
"27.11.2023","20.380,19","20.396,34","20.427,10","20.360,27","","-0,18%"
"24.11.2023","20.416,10","20.390,82","20.416,17","20.385,20","","0,08%"
"22.11.2023","20.399,66","20.398,81","20.449,42","20.349,60","","0,41%"
"21.11.2023","20.315,62","20.312,25","20.331,36","20.262,03","","-0,21%"
"20.11.2023","20.358,93","20.199,08","20.402,25","20.199,08","","0,76%"
"17.11.2023","20.205,49","20.191,43","20.229,92","20.142,96","","0,16%"
"16.11.2023","20.172,44","20.132,88","20.189,64","20.082,40","","0,10%"
"15.11.2023","20.152,18","20.170,33","20.239,13","20.120,63","","0,18%"
"14.11.2023","20.116,54","19.978,12","20.172,49","19.978,12","","2,01%"
"13.11.2023","19.720,97","19.680,33","19.762,17","19.639,98","","-0,07%"
"10.11.2023","19.734,30","19.507,85","19.745,08","19.457,89","","1,57%"
"09.11.2023","19.429,04","19.636,88","19.636,88","19.414,78","","-0,81%"
"08.11.2023","19.588,43","19.604,02","19.628,31","19.491,95","","0,09%"
"07.11.2023","19.571,43","19.512,32","19.606,06","19.466,94","","0,35%"
"06.11.2023","19.502,90","19.512,31","19.531,72","19.420,84","","0,14%"
"03.11.2023","19.475,69","19.378,44","19.542,11","19.375,22","","1,01%"
"02.11.2023","19.280,80","19.088,38","19.289,04","19.084,80","","1,92%"
"01.11.2023","18.916,75","18.767,68","18.940,08","18.746,09","","1,04%"
"31.10.2023","18.722,69","18.621,82","18.730,32","18.539,68","","0,67%"
"30.10.2023","18.597,77","18.502,27","18.644,71","18.448,24","","1,18%"
"27.10.2023","18.380,55","18.551,81","18.559,21","18.322,28","","-0,47%"
"26.10.2023","18.466,48","18.636,84","18.675,50","18.423,41","","-1,17%"
"25.10.2023","18.684,67","18.890,36","18.892,25","18.662,88","","-1,53%"
"24.10.2023","18.974,03","18.913,07","19.026,06","18.847,20","","0,74%"
"23.10.2023","18.833,74","18.802,85","19.003,15","18.712,33","","-0,18%"
"20.10.2023","18.868,61","19.094,10","19.099,34","18.864,59","","-1,27%"
"19.10.2023","19.112,07","19.298,28","19.387,27","19.076,58","","-0,88%"
"18.10.2023","19.281,22","19.467,29","19.505,56","19.236,17","","-1,38%"
"17.10.2023","19.551,52","19.405,91","19.643,05","19.396,68","","0,00%"
"16.10.2023","19.551,07","19.418,41","19.587,97","19.418,41","","1,09%"
"13.10.2023","19.340,12","19.509,59","19.559,38","19.272,38","","-0,54%"
"12.10.2023","19.445,13","19.596,44","19.609,88","19.339,97","","-0,65%"
"11.10.2023","19.572,93","19.542,51","19.577,85","19.433,03","","0,43%"
"10.10.2023","19.488,90","19.414,72","19.609,62","19.405,60","","0,55%"
"09.10.2023","19.382,21","19.164,78","19.408,37","19.153,75","","0,65%"
"06.10.2023","19.257,87","18.933,38","19.325,16","18.862,34","","1,24%"
"05.10.2023","19.021,34","19.025,39","19.058,95","18.879,96","","-0,13%"
"04.10.2023","19.045,38","18.926,26","19.064,00","18.853,19","","0,83%"
"03.10.2023","18.889,43","19.072,92","19.122,09","18.832,71","","-1,41%"
"02.10.2023","19.159,47","19.142,84","19.217,02","19.040,68","","-0,02%"
"29.09.2023","19.163,67","19.350,22","19.361,22","19.111,15","","-0,24%"
"28.09.2023","19.209,95","19.080,88","19.286,30","19.051,02","","0,63%"
"27.09.2023","19.089,17","19.128,81","19.161,93","18.931,92","","0,07%"
"26.09.2023","19.075,00","19.244,51","19.251,64","19.044,69","","-1,46%"
"25.09.2023","19.357,73","19.229,37","19.361,24","19.202,89","","0,41%"
"22.09.2023","19.279,16","19.366,89","19.444,54","19.264,48","","-0,20%"
"21.09.2023","19.317,95","19.520,00","19.532,06","19.315,74","","-1,68%"
"20.09.2023","19.648,84","19.880,95","19.908,67","19.645,74","","-0,92%"
"19.09.2023","19.831,04","19.825,28","19.853,86","19.711,86","","-0,23%"
"18.09.2023","19.875,87","19.841,27","19.932,09","19.828,36","","0,05%"
"15.09.2023","19.865,05","20.058,69","20.058,69","19.849,27","","-1,20%"
"14.09.2023","20.107,21","20.039,25","20.138,87","19.990,55","","0,84%"
"13.09.2023","19.939,40","19.926,77","19.994,85","19.880,13","","0,09%"
"12.09.2023","19.922,45","19.970,68","20.036,04","19.903,66","","-0,58%"
"11.09.2023","20.037,93","20.019,35","20.048,64","19.953,40","","0,70%"
"08.09.2023","19.898,92","19.872,75","19.968,84","19.860,04","","0,15%"
"07.09.2023","19.869,58","19.780,91","19.894,80","19.767,96","","-0,30%"
"06.09.2023","19.930,16","20.027,06","20.034,35","19.830,51","","-0,70%"
"05.09.2023","20.070,08","20.127,53","20.144,62","20.067,14","","-0,40%"
"01.09.2023","20.151,38","20.229,07","20.260,33","20.092,58","","0,22%"
"31.08.2023","20.106,46","20.157,42","20.213,98","20.105,96","","-0,09%"
"30.08.2023","20.123,71","20.060,08","20.151,80","20.029,74","","0,43%"
"29.08.2023","20.037,62","19.735,07","20.046,39","19.733,90","","1,50%"
"28.08.2023","19.741,46","19.704,28","19.766,19","19.663,79","","0,63%"
"25.08.2023","19.618,19","19.545,46","19.673,33","19.396,11","","0,69%"
"24.08.2023","19.483,47","19.842,39","19.846,01","19.482,53","","-1,38%"
"23.08.2023","19.756,61","19.583,37","19.787,07","19.583,37","","1,12%"
"22.08.2023","19.537,02","19.665,86","19.665,86","19.517,57","","-0,27%"
"21.08.2023","19.589,37","19.501,04","19.621,38","19.416,64","","0,69%"
"18.08.2023","19.454,75","19.303,51","19.505,38","19.303,51","","0,02%"
"17.08.2023","19.450,33","19.669,84","19.676,64","19.429,97","","-0,79%"
"16.08.2023","19.605,33","19.734,24","19.806,20","19.605,08","","-0,75%"
"15.08.2023","19.752,65","19.919,15","19.919,15","19.729,11","","-1,15%"
"14.08.2023","19.982,43","19.828,91","19.983,86","19.819,69","","0,58%"
"11.08.2023","19.867,53","19.809,61","19.921,98","19.782,80","","-0,12%"
"10.08.2023","19.891,68","19.987,07","20.150,30","19.843,29","","0,05%"
"09.08.2023","19.882,61","20.039,25","20.039,25","19.855,92","","-0,72%"
"08.08.2023","20.026,22","19.991,88","20.043,38","19.868,04","","-0,47%"
"07.08.2023","20.120,22","20.029,95","20.125,42","19.994,32","","0,87%"
"04.08.2023","19.946,01","20.169,76","20.221,61","19.931,07","","-0,53%"
"03.08.2023","20.052,92","20.008,36","20.128,87","19.979,59","","-0,23%"
"02.08.2023","20.098,67","20.249,17","20.249,96","20.066,55","","-1,45%"
"01.08.2023","20.394,44","20.390,40","20.423,16","20.350,53","","-0,28%"
"31.07.2023","20.451,18","20.438,55","20.473,65","20.382,58","","0,20%"
"28.07.2023","20.409,80","20.348,01","20.438,99","20.330,13","","1,05%"
"27.07.2023","20.198,53","20.486,69","20.515,51","20.160,94","","-0,65%"
"26.07.2023","20.331,36","20.278,64","20.394,07","20.249,43","","0,01%"
"25.07.2023","20.330,02","20.274,13","20.390,79","20.274,13","","0,29%"
"24.07.2023","20.270,37","20.244,94","20.306,83","20.214,01","","0,37%"
"21.07.2023","20.195,52","20.260,86","20.282,32","20.192,33","","0,04%"
"20.07.2023","20.188,39","20.297,56","20.328,52","20.156,69","","-0,75%"
"19.07.2023","20.340,21","20.340,96","20.397,62","20.302,61","","0,25%"
"18.07.2023","20.288,87","20.122,18","20.317,79","20.113,41","","0,71%"
"17.07.2023","20.145,57","20.068,42","20.188,05","20.057,69","","0,45%"
"14.07.2023","20.055,67","20.119,24","20.155,86","20.032,36","","-0,13%"
"13.07.2023","20.081,62","19.993,66","20.112,42","19.981,28","","0,93%"
"12.07.2023","19.897,42","19.912,48","19.966,56","19.855,63","","0,73%"
"11.07.2023","19.753,52","19.639,31","19.769,24","19.609,39","","0,75%"
"10.07.2023","19.606,39","19.535,77","19.614,91","19.518,02","","0,28%"
"07.07.2023","19.551,63","19.555,27","19.734,30","19.545,53","","-0,22%"
"06.07.2023","19.595,31","19.606,31","19.612,34","19.472,99","","-0,84%"
"05.07.2023","19.761,27","19.724,84","19.789,57","19.722,12","","-0,19%"
"03.07.2023","19.799,54","19.752,50","19.803,44","19.743,07","","0,15%"
"30.06.2023","19.770,62","19.672,90","19.805,89","19.666,66","","1,22%"
"29.06.2023","19.532,60","19.444,77","19.541,72","19.429,55","","0,43%"
"28.06.2023","19.448,24","19.398,58","19.507,97","19.373,03","","0,01%"
"27.06.2023","19.446,86","19.269,58","19.473,74","19.251,02","","1,18%"
"26.06.2023","19.220,26","19.284,14","19.371,31","19.217,57","","-0,43%"
"23.06.2023","19.303,87","19.309,89","19.384,98","19.277,01","","-0,78%"
"22.06.2023","19.455,27","19.342,17","19.455,69","19.322,23","","0,38%"
"21.06.2023","19.382,31","19.444,85","19.472,08","19.361,63","","-0,55%"
"20.06.2023","19.489,99","19.508,02","19.536,77","19.395,02","","-0,48%"
"16.06.2023","19.584,73","19.749,34","19.749,34","19.579,00","","-0,38%"
"15.06.2023","19.658,96","19.378,31","19.712,73","19.375,43","","1,25%"
"14.06.2023","19.415,78","19.415,13","19.497,03","19.261,13","","0,10%"
"13.06.2023","19.396,68","19.339,46","19.423,44","19.309,67","","0,71%"
"12.06.2023","19.259,31","19.134,14","19.262,88","19.103,37","","0,97%"
"09.06.2023","19.074,65","19.112,16","19.181,70","19.041,53","","0,11%"
"08.06.2023","19.054,52","18.932,65","19.069,39","18.906,40","","0,64%"
"07.06.2023","18.933,70","19.027,58","19.086,48","18.920,05","","-0,43%"
"06.06.2023","19.014,90","18.949,61","19.033,36","18.917,47","","0,25%"
"05.06.2023","18.967,02","19.011,59","19.078,29","18.937,77","","-0,19%"
"02.06.2023","19.003,06","18.836,33","19.037,20","18.834,64","","1,49%"
"01.06.2023","18.723,22","18.550,17","18.775,62","18.500,44","","1,02%"
"31.05.2023","18.534,69","18.559,67","18.598,23","18.469,84","","-0,56%"
"30.05.2023","18.639,23","18.735,98","18.753,97","18.581,08","","0,02%"
"26.05.2023","18.635,75","18.420,33","18.667,79","18.419,65","","1,37%"
"25.05.2023","18.384,25","18.306,45","18.442,29","18.248,82","","0,81%"
"24.05.2023","18.237,42","18.291,95","18.308,94","18.188,00","","-0,70%"
"23.05.2023","18.366,37","18.495,76","18.549,37","18.356,21","","-1,13%"
"22.05.2023","18.575,38","18.564,97","18.639,03","18.520,29","","0,09%"
"19.05.2023","18.559,56","18.624,36","18.651,42","18.514,04","","-0,17%"
"18.05.2023","18.590,70","18.402,17","18.608,29","18.395,02","","0,99%"
"17.05.2023","18.407,57","18.260,56","18.432,37","18.205,12","","1,23%"
"16.05.2023","18.183,47","18.267,37","18.297,39","18.183,34","","-0,69%"
"15.05.2023","18.310,46","18.266,95","18.330,12","18.193,91","","0,35%"
"12.05.2023","18.246,00","18.316,69","18.335,36","18.137,85","","-0,17%"
"11.05.2023","18.276,22","18.292,72","18.292,72","18.187,40","","-0,14%"
"10.05.2023","18.302,73","18.335,46","18.372,13","18.134,97","","0,48%"
"09.05.2023","18.214,93","18.227,15","18.263,48","18.206,13","","-0,43%"
"08.05.2023","18.294,07","18.288,30","18.310,72","18.234,44","","0,09%"
"05.05.2023","18.277,56","18.080,37","18.322,41","18.080,37","","1,86%"
"04.05.2023","17.942,96","18.031,81","18.035,57","17.888,26","","-0,70%"
"03.05.2023","18.069,45","18.219,36","18.317,21","18.062,58","","-0,67%"
"02.05.2023","18.191,70","18.379,85","18.379,85","18.064,68","","-1,18%"
"01.05.2023","18.408,98","18.410,87","18.489,32","18.393,71","","-0,03%"
"28.04.2023","18.414,91","18.232,21","18.415,85","18.232,21","","0,81%"
"27.04.2023","18.266,35","17.992,54","18.277,44","17.975,59","","1,93%"
"26.04.2023","17.920,08","18.041,18","18.070,08","17.892,36","","-0,38%"
"25.04.2023","17.988,24","18.217,37","18.227,62","17.987,73","","-1,64%"
"24.04.2023","18.287,27","18.268,56","18.311,30","18.203,52","","0,06%"
"21.04.2023","18.276,15","18.267,36","18.294,88","18.193,15","","0,08%"
"20.04.2023","18.261,87","18.248,03","18.345,30","18.197,18","","-0,60%"
"19.04.2023","18.371,34","18.291,75","18.405,96","18.284,48","","-0,02%"
"18.04.2023","18.374,89","18.422,08","18.441,25","18.315,04","","0,10%"
"17.04.2023","18.356,92","18.285,35","18.357,30","18.235,08","","0,34%"
"14.04.2023","18.295,51","18.322,01","18.406,75","18.187,24","","-0,21%"
"13.04.2023","18.334,42","18.096,60","18.352,03","18.096,60","","1,36%"
"12.04.2023","18.088,86","18.172,11","18.282,67","18.067,58","","-0,43%"
"11.04.2023","18.166,64","18.176,20","18.233,84","18.136,96","","0,02%"
"10.04.2023","18.162,72","18.052,71","18.163,12","17.995,05","","0,12%"
"06.04.2023","18.141,40","18.027,73","18.150,18","17.982,66","","0,36%"
"05.04.2023","18.076,15","18.090,20","18.119,99","17.997,20","","-0,31%"
"04.04.2023","18.132,94","18.264,02","18.277,59","18.075,50","","-0,60%"
"03.04.2023","18.241,86","18.136,12","18.254,06","18.127,84","","0,32%"
"31.03.2023","18.184,14","17.963,56","18.188,85","17.963,56","","1,50%"
"30.03.2023","17.916,28","17.920,74","17.945,11","17.835,13","","0,60%"
"29.03.2023","17.809,74","17.610,25","17.821,75","17.610,25","","1,45%"
"28.03.2023","17.555,20","17.577,78","17.589,27","17.469,22","","-0,16%"
"27.03.2023","17.583,93","17.566,69","17.698,58","17.553,38","","0,19%"
"24.03.2023","17.550,96","17.460,16","17.556,32","17.284,19","","0,52%"
"23.03.2023","17.459,31","17.419,28","17.722,54","17.333,39","","0,30%"
"22.03.2023","17.406,65","17.701,15","17.859,10","17.405,56","","-1,68%"
"21.03.2023","17.704,50","17.478,90","17.731,37","17.478,90","","1,37%"
"20.03.2023","17.465,78","17.319,98","17.486,41","17.318,35","","0,87%"
"17.03.2023","17.314,62","17.498,91","17.498,91","17.248,85","","-1,12%"
"16.03.2023","17.510,62","17.139,04","17.527,97","17.091,59","","1,78%"
"15.03.2023","17.204,08","17.150,94","17.209,54","16.968,10","","-0,71%"
"14.03.2023","17.327,09","17.206,49","17.402,28","17.128,00","","1,71%"
"13.03.2023","17.035,14","17.000,94","17.242,14","16.835,49","","-0,15%"
"10.03.2023","17.060,46","17.312,41","17.385,12","16.992,88","","-1,55%"
"09.03.2023","17.328,25","17.687,96","17.774,15","17.293,43","","-1,89%"
"08.03.2023","17.661,47","17.640,98","17.699,14","17.566,37","","0,14%"
"07.03.2023","17.636,78","17.907,12","17.916,84","17.611,41","","-1,51%"
"06.03.2023","17.907,34","17.932,92","18.046,41","17.891,27","","0,02%"
"03.03.2023","17.903,22","17.689,04","17.913,61","17.682,29","","1,64%"
"02.03.2023","17.613,88","17.381,77","17.653,45","17.374,05","","0,77%"
"01.03.2023","17.479,34","17.523,07","17.569,84","17.427,29","","-0,46%"
"28.02.2023","17.560,42","17.592,09","17.678,87","17.558,23","","-0,28%"
"27.02.2023","17.609,16","17.689,45","17.765,20","17.572,72","","0,33%"
"24.02.2023","17.552,11","17.616,76","17.616,76","17.434,51","","-1,08%"
"23.02.2023","17.742,95","17.735,10","17.808,59","17.549,70","","0,53%"
"22.02.2023","17.649,97","17.692,42","17.759,30","17.593,98","","-0,10%"
"21.02.2023","17.668,10","17.886,97","17.894,05","17.661,24","","-2,03%"
"17.02.2023","18.034,86","18.044,41","18.044,41","17.899,96","","-0,33%"
"16.02.2023","18.094,05","18.242,61","18.299,59","18.091,32","","-1,38%"
"15.02.2023","18.346,60","18.189,88","18.347,17","18.150,42","","0,43%"
"14.02.2023","18.268,15","18.219,58","18.365,09","18.086,27","","0,05%"
"13.02.2023","18.259,47","18.089,32","18.266,90","18.061,82","","1,16%"
"10.02.2023","18.050,38","17.962,08","18.064,34","17.925,94","","0,19%"
"09.02.2023","18.015,76","18.334,45","18.345,17","17.966,59","","-0,90%"
"08.02.2023","18.179,33","18.312,27","18.353,76","18.155,42","","-1,11%"
"07.02.2023","18.382,88","18.106,66","18.436,17","18.051,27","","1,29%"
"06.02.2023","18.148,51","18.159,47","18.209,65","18.074,76","","-0,65%"
"03.02.2023","18.266,70","18.421,52","18.475,50","18.212,81","","-1,08%"
"02.02.2023","18.466,77","18.218,32","18.537,63","18.218,32","","1,54%"
"01.02.2023","18.186,83","17.944,48","18.312,69","17.827,22","","1,09%"
"31.01.2023","17.989,88","17.747,37","17.990,76","17.743,69","","1,50%"
"30.01.2023","17.724,78","17.872,72","17.930,61","17.716,08","","-1,34%"
"27.01.2023","17.965,57","17.880,11","18.066,63","17.865,12","","0,32%"
"26.01.2023","17.909,00","17.828,71","17.913,72","17.702,43","","1,15%"
"25.01.2023","17.705,04","17.522,93","17.717,43","17.403,69","","-0,01%"
"24.01.2023","17.707,56","17.618,51","17.738,68","17.598,25","","-0,10%"
"23.01.2023","17.725,67","17.537,78","17.806,14","17.508,88","","1,24%"
"20.01.2023","17.507,92","17.228,57","17.508,49","17.178,63","","1,94%"
"19.01.2023","17.174,42","17.219,07","17.278,70","17.116,53","","-0,78%"
"18.01.2023","17.309,91","17.640,50","17.688,30","17.301,81","","-1,54%"
"17.01.2023","17.580,39","17.616,24","17.682,93","17.549,28","","-0,16%"
"13.01.2023","17.609,08","17.416,17","17.628,56","17.382,32","","0,43%"
"12.01.2023","17.532,99","17.509,52","17.591,32","17.326,47","","0,37%"
"11.01.2023","17.467,70","17.312,35","17.468,41","17.288,99","","1,33%"
"10.01.2023","17.238,90","17.097,16","17.239,56","17.054,06","","0,71%"
"09.01.2023","17.117,41","17.211,82","17.370,68","17.113,19","","-0,02%"
"06.01.2023","17.120,30","16.861,47","17.167,18","16.752,19","","2,27%"
"05.01.2023","16.740,70","16.854,37","16.854,37","16.722,73","","-1,18%"
"04.01.2023","16.940,59","16.900,39","17.026,37","16.783,05","","0,80%"
"03.01.2023","16.806,73","16.971,68","17.052,03","16.681,72","","-0,43%"
"30.12.2022","16.879,30","16.799,41","16.879,96","16.709,97","","-0,25%"
"29.12.2022","16.920,92","16.743,95","16.958,13","16.735,56","","1,80%"
"28.12.2022","16.621,48","16.829,26","16.901,43","16.615,17","","-1,21%"
"27.12.2022","16.825,00","16.886,12","16.900,56","16.758,16","","-0,42%"
"23.12.2022","16.896,23","16.762,65","16.896,78","16.692,78","","0,56%"
"22.12.2022","16.801,73","16.916,67","16.923,48","16.549,47","","-1,46%"
"21.12.2022","17.050,76","16.890,52","17.099,54","16.888,21","","1,51%"
"20.12.2022","16.797,46","16.731,63","16.866,32","16.681,60","","0,12%"
"19.12.2022","16.776,83","16.937,72","16.943,86","16.702,77","","-0,94%"
"16.12.2022","16.935,75","17.030,03","17.059,99","16.829,70","","-1,11%"
"15.12.2022","17.126,36","17.372,83","17.380,82","17.060,75","","-2,53%"
"14.12.2022","17.571,19","17.667,77","17.819,52","17.454,27","","-0,58%"
"13.12.2022","17.674,48","17.948,81","18.035,80","17.564,21","","0,76%"
"12.12.2022","17.540,50","17.317,18","17.540,83","17.295,47","","1,45%"
"09.12.2022","17.290,00","17.373,61","17.476,97","17.285,80","","-0,74%"
"08.12.2022","17.418,71","17.334,62","17.466,46","17.295,16","","0,80%"
"07.12.2022","17.280,28","17.284,16","17.379,85","17.230,41","","-0,17%"
"06.12.2022","17.310,18","17.559,65","17.577,07","17.209,98","","-1,48%"
"05.12.2022","17.569,69","17.785,09","17.813,45","17.510,76","","-1,87%"
"02.12.2022","17.905,15","17.717,59","17.941,29","17.708,97","","-0,13%"
"01.12.2022","17.928,52","17.979,70","18.026,51","17.815,65","","-0,03%"
"30.11.2022","17.933,75","17.384,43","17.933,76","17.307,66","","3,18%"
"29.11.2022","17.381,42","17.410,74","17.468,02","17.305,99","","-0,17%"
"28.11.2022","17.410,81","17.562,80","17.621,99","17.376,35","","-1,55%"
"25.11.2022","17.685,14","17.665,85","17.718,98","17.658,87","","-0,03%"
"23.11.2022","17.690,93","17.573,50","17.719,16","17.568,41","","0,63%"
"22.11.2022","17.580,84","17.346,07","17.588,56","17.346,07","","1,35%"
"21.11.2022","17.346,07","17.362,78","17.404,16","17.278,79","","-0,44%"
"18.11.2022","17.421,95","17.485,92","17.489,19","17.293,79","","0,47%"
"17.11.2022","17.340,92","17.197,09","17.375,66","17.167,87","","-0,35%"
"16.11.2022","17.402,63","17.483,56","17.514,59","17.385,88","","-0,89%"
"15.11.2022","17.559,73","17.659,65","17.715,90","17.397,46","","0,95%"
"14.11.2022","17.393,92","17.472,20","17.623,50","17.391,71","","-0,92%"
"11.11.2022","17.555,32","17.408,29","17.592,91","17.338,58","","1,02%"
"10.11.2022","17.378,80","16.917,67","17.385,94","16.917,67","","5,71%"
"09.11.2022","16.440,84","16.714,80","16.740,79","16.423,15","","-2,13%"
"08.11.2022","16.798,70","16.761,61","16.940,17","16.616,64","","0,57%"
"07.11.2022","16.703,57","16.608,38","16.733,67","16.523,85","","0,94%"
"04.11.2022","16.547,75","16.567,79","16.659,69","16.278,42","","1,30%"
"03.11.2022","16.336,15","16.438,87","16.472,54","16.241,06","","-1,04%"
"02.11.2022","16.507,48","16.926,10","17.091,73","16.504,67","","-2,58%"
"01.11.2022","16.944,34","17.099,55","17.187,93","16.892,95","","-0,38%"
"31.10.2022","17.008,38","17.134,70","17.134,70","16.970,95","","-0,74%"
"28.10.2022","17.134,70","16.729,50","17.151,14","16.729,50","","2,42%"
"27.10.2022","16.729,51","16.827,86","16.958,23","16.714,34","","-0,58%"
"26.10.2022","16.827,75","16.951,78","17.074,88","16.799,42","","-0,73%"
"25.10.2022","16.951,70","16.665,45","16.967,28","16.665,45","","1,72%"
"24.10.2022","16.665,53","16.481,62","16.722,12","16.419,86","","1,12%"
"21.10.2022","16.481,56","16.106,44","16.502,52","16.034,49","","2,33%"
"20.10.2022","16.106,37","16.227,40","16.411,49","16.066,08","","-0,75%"
"19.10.2022","16.227,32","16.346,38","16.378,10","16.108,14","","-0,73%"
"18.10.2022","16.346,38","16.157,70","16.527,49","16.157,70","","1,17%"
"17.10.2022","16.157,60","15.727,91","16.204,85","15.727,91","","2,73%"
"14.10.2022","15.727,65","16.118,54","16.300,16","15.716,12","","-2,42%"
"13.10.2022","16.118,43","15.723,63","16.185,15","15.346,41","","2,51%"
"12.10.2022","15.723,90","15.771,23","15.850,33","15.716,73","","-0,30%"
"11.10.2022","15.771,23","15.811,33","15.999,40","15.677,13","","-0,70%"
"10.10.2022","15.882,48","16.058,65","16.058,65","15.776,81","","-0,80%"
"07.10.2022","16.010,81","16.368,11","16.368,11","15.930,20","","-2,86%"
"06.10.2022","16.482,75","16.629,01","16.712,25","16.462,06","","-0,96%"
"05.10.2022","16.643,00","16.495,50","16.742,68","16.374,78","","-0,20%"
"04.10.2022","16.675,82","16.337,37","16.677,45","16.337,37","","3,15%"
"03.10.2022","16.167,09","15.875,18","16.249,37","15.844,86","","2,60%"
"30.09.2022","15.757,49","15.968,96","16.136,04","15.756,89","","-1,47%"
"29.09.2022","15.992,15","16.227,95","16.227,95","15.861,39","","-2,13%"
"28.09.2022","16.339,48","16.064,01","16.413,46","15.995,54","","2,01%"
"27.09.2022","16.016,81","16.056,66","16.321,53","15.914,71","","-0,16%"
"26.09.2022","16.042,56","16.208,78","16.316,40","16.004,10","","-1,06%"
"23.09.2022","16.213,79","16.497,88","16.497,88","16.014,51","","-1,74%"
"22.09.2022","16.501,02","16.654,64","16.654,64","16.467,69","","-0,95%"
"21.09.2022","16.658,61","16.966,84","17.171,50","16.657,81","","-1,71%"
"20.09.2022","16.948,25","17.132,42","17.132,42","16.829,60","","-1,15%"
"19.09.2022","17.145,97","16.995,59","17.147,16","16.888,08","","0,68%"
"16.09.2022","17.029,51","17.166,62","17.166,62","16.874,89","","-0,81%"
"15.09.2022","17.168,61","17.354,09","17.423,57","17.112,40","","-1,12%"
"14.09.2022","17.362,58","17.296,49","17.421,12","17.217,19","","0,39%"
"13.09.2022","17.295,70","18.075,67","18.075,67","17.247,00","","-4,32%"
"12.09.2022","18.077,13","17.935,45","18.111,83","17.935,45","","1,07%"
"09.09.2022","17.885,02","17.665,78","17.924,56","17.665,78","","1,61%"
"08.09.2022","17.601,94","17.463,69","17.615,01","17.323,87","","0,73%"
"07.09.2022","17.473,64","17.152,49","17.505,95","17.151,37","","1,86%"
"06.09.2022","17.154,04","17.234,91","17.298,60","17.061,46","","-0,41%"
"02.09.2022","17.225,32","17.517,11","17.635,62","17.147,88","","-1,03%"
"01.09.2022","17.404,68","17.305,40","17.415,38","17.124,58","","0,21%"
"31.08.2022","17.368,29","17.577,94","17.632,53","17.368,23","","-0,75%"
"30.08.2022","17.500,02","17.762,18","17.762,18","17.407,17","","-1,09%"
"29.08.2022","17.692,98","17.670,63","17.833,95","17.641,09","","-0,69%"
"26.08.2022","17.815,56","18.451,25","18.451,25","17.815,56","","-3,38%"
"25.08.2022","18.439,18","18.232,11","18.443,48","18.215,41","","1,46%"
"24.08.2022","18.173,61","18.102,81","18.244,71","18.081,17","","0,33%"
"23.08.2022","18.113,48","18.140,56","18.253,43","18.098,13","","-0,21%"
"22.08.2022","18.151,58","18.334,76","18.334,76","18.117,60","","-2,14%"
"19.08.2022","18.548,04","18.683,93","18.693,49","18.505,98","","-1,36%"
"18.08.2022","18.803,98","18.769,54","18.842,53","18.711,10","","0,22%"
"17.08.2022","18.762,36","18.751,97","18.886,87","18.670,40","","-0,78%"
"16.08.2022","18.910,27","18.824,82","18.997,28","18.783,72","","0,16%"
"15.08.2022","18.879,60","18.717,75","18.896,80","18.714,85","","0,39%"
"12.08.2022","18.806,08","18.577,05","18.807,05","18.547,35","","1,76%"
"11.08.2022","18.480,27","18.609,64","18.719,55","18.457,03","","-0,09%"
"10.08.2022","18.497,79","18.393,91","18.499,75","18.349,23","","2,27%"
"09.08.2022","18.086,57","18.129,58","18.153,63","18.040,39","","-0,50%"
"08.08.2022","18.177,96","18.267,70","18.387,67","18.132,73","","-0,09%"
"05.08.2022","18.193,79","18.032,79","18.222,76","18.032,79","","-0,12%"
"04.08.2022","18.215,08","18.219,42","18.250,48","18.139,02","","-0,03%"
"03.08.2022","18.219,78","18.017,38","18.271,49","18.015,29","","1,63%"
"02.08.2022","17.926,80","17.960,94","18.139,96","17.876,98","","-0,57%"
"01.08.2022","18.030,37","17.976,25","18.145,75","17.924,10","","-0,25%"
"29.07.2022","18.076,36","17.893,53","18.114,51","17.847,52","","1,44%"
"28.07.2022","17.820,04","17.629,74","17.844,05","17.467,36","","1,23%"
"27.07.2022","17.603,04","17.296,49","17.666,37","17.285,63","","2,67%"
"26.07.2022","17.145,96","17.284,57","17.290,29","17.103,90","","-1,24%"
"25.07.2022","17.361,17","17.364,98","17.397,34","17.261,30","","0,10%"
"22.07.2022","17.343,85","17.525,37","17.582,01","17.246,34","","-1,03%"
"21.07.2022","17.525,03","17.335,30","17.525,54","17.214,06","","1,03%"
"20.07.2022","17.347,11","17.223,83","17.406,10","17.173,64","","0,72%"
"19.07.2022","17.223,87","16.930,44","17.233,77","16.910,43","","2,77%"
"18.07.2022","16.758,99","16.951,81","17.071,42","16.710,42","","-0,80%"
"15.07.2022","16.893,90","16.572,58","16.894,16","16.572,58","","1,95%"
"14.07.2022","16.570,67","16.625,55","16.625,55","16.275,06","","-0,35%"
"13.07.2022","16.628,11","16.696,49","16.742,47","16.437,31","","-0,44%"
"12.07.2022","16.700,83","16.859,95","16.942,93","16.629,14","","-0,94%"
"11.07.2022","16.858,91","17.014,97","17.014,97","16.828,54","","-1,23%"
"08.07.2022","17.068,33","17.076,32","17.154,29","16.934,36","","-0,09%"
"07.07.2022","17.084,36","16.818,60","17.116,52","16.818,60","","1,59%"
"06.07.2022","16.817,58","16.769,57","16.928,38","16.667,57","","0,29%"
"05.07.2022","16.768,56","16.715,21","16.770,24","16.361,22","","0,31%"
"01.07.2022","16.716,56","16.512,39","16.732,81","16.398,84","","1,10%"
"30.06.2022","16.534,17","16.525,96","16.681,95","16.330,16","","-0,93%"
"29.06.2022","16.688,65","16.709,48","16.764,58","16.603,36","","-0,10%"
"28.06.2022","16.705,04","17.115,18","17.248,68","16.701,21","","-2,07%"
"27.06.2022","17.058,25","17.165,85","17.176,45","17.014,19","","-0,32%"
"24.06.2022","17.113,71","16.736,99","17.117,67","16.733,97","","3,10%"
"23.06.2022","16.599,22","16.509,51","16.629,20","16.367,75","","1,07%"
"22.06.2022","16.423,42","16.270,77","16.607,10","16.263,70","","-0,11%"
"21.06.2022","16.441,88","16.272,02","16.506,89","16.272,02","","2,45%"
"20.06.2022","16.048,86","16.048,86","16.048,86","16.048,86","","0,00%"
"17.06.2022","16.048,86","16.012,33","16.179,91","15.882,85","","0,33%"
"16.06.2022","15.995,57","16.218,62","16.218,62","15.879,28","","-3,35%"
"15.06.2022","16.549,30","16.457,74","16.749,46","16.260,62","","1,54%"
"14.06.2022","16.298,38","16.428,51","16.482,01","16.169,17","","-0,34%"
"13.06.2022","16.353,89","16.648,70","16.667,23","16.289,18","","-4,00%"
"10.06.2022","17.034,65","17.312,86","17.312,86","17.030,33","","-2,96%"
"09.06.2022","17.554,78","17.916,25","17.993,46","17.552,29","","-2,43%"
"08.06.2022","17.991,75","18.108,60","18.187,58","17.958,07","","-1,05%"
"07.06.2022","18.182,64","17.854,81","18.199,02","17.827,10","","1,00%"
"06.06.2022","18.003,23","18.110,19","18.205,28","17.952,58","","0,32%"
"03.06.2022","17.945,71","18.033,28","18.096,85","17.905,37","","-1,67%"
"02.06.2022","18.251,17","17.878,64","18.253,63","17.801,33","","2,01%"
"01.06.2022","17.891,81","18.123,51","18.182,57","17.769,47","","-0,75%"
"31.05.2022","18.026,30","18.080,60","18.182,06","17.909,63","","-0,68%"
"27.05.2022","18.149,77","17.814,63","18.149,94","17.813,75","","2,55%"
"26.05.2022","17.698,05","17.372,87","17.768,28","17.372,87","","2,04%"
"25.05.2022","17.343,48","17.106,79","17.432,53","17.102,06","","1,03%"
"24.05.2022","17.166,16","17.162,94","17.224,07","16.887,01","","-0,99%"
"23.05.2022","17.337,71","17.131,85","17.370,28","17.058,51","","1,81%"
"20.05.2022","17.029,72","17.121,17","17.212,21","16.625,75","","0,02%"
"19.05.2022","17.026,52","17.030,23","17.216,04","16.909,00","","-0,45%"
"18.05.2022","17.103,29","17.820,49","17.820,49","17.058,67","","-4,05%"
"17.05.2022","17.825,61","17.478,54","17.830,47","17.478,54","","2,03%"
"16.05.2022","17.470,34","17.555,87","17.640,39","17.390,70","","-0,51%"
"13.05.2022","17.560,62","17.133,48","17.623,23","17.133,48","","2,58%"
"12.05.2022","17.118,46","17.114,62","17.272,58","16.807,43","","0,01%"
"11.05.2022","17.117,13","17.418,86","17.625,22","17.090,39","","-1,76%"
"10.05.2022","17.423,21","17.419,25","17.713,31","17.227,81","","0,26%"
"09.05.2022","17.378,70","17.984,08","17.984,08","17.314,02","","-3,38%"
"06.05.2022","17.986,32","18.105,04","18.148,83","17.747,66","","-0,68%"
"05.05.2022","18.109,29","18.764,54","18.764,54","17.931,25","","-3,69%"
"04.05.2022","18.802,31","18.260,89","18.831,80","18.121,49","","2,98%"
"03.05.2022","18.258,77","18.180,35","18.364,46","18.145,42","","0,43%"
"02.05.2022","18.181,08","18.064,10","18.232,26","17.774,24","","0,64%"
"29.04.2022","18.065,87","18.750,61","18.750,61","18.034,70","","-3,65%"
"28.04.2022","18.750,78","18.302,13","18.842,60","18.302,13","","2,50%"
"27.04.2022","18.293,47","18.262,34","18.535,40","18.206,39","","0,16%"
"26.04.2022","18.263,94","18.795,36","18.795,36","18.263,81","","-2,87%"
"25.04.2022","18.803,21","18.681,37","18.810,59","18.395,32","","0,64%"
"22.04.2022","18.683,26","19.212,48","19.212,48","18.668,80","","-2,76%"
"21.04.2022","19.212,97","19.523,12","19.760,12","19.173,41","","-1,58%"
"20.04.2022","19.521,49","19.556,08","19.680,98","19.481,61","","-0,16%"
"19.04.2022","19.553,24","19.222,40","19.590,30","19.222,40","","1,70%"
"18.04.2022","19.227,14","19.213,29","19.307,68","19.132,41","","-0,11%"
"14.04.2022","19.247,86","19.490,80","19.550,26","19.242,08","","-1,28%"
"13.04.2022","19.497,27","19.260,76","19.528,04","19.240,38","","1,23%"
"12.04.2022","19.260,62","19.329,01","19.591,29","19.195,27","","-0,34%"
"11.04.2022","19.326,49","19.651,41","19.651,41","19.308,84","","-1,65%"
"08.04.2022","19.651,65","19.715,86","19.796,32","19.595,23","","-0,33%"
"07.04.2022","19.715,78","19.636,09","19.806,49","19.488,29","","0,41%"
"06.04.2022","19.636,25","19.847,50","19.847,50","19.498,46","","-1,06%"
"05.04.2022","19.847,47","20.119,23","20.155,20","19.799,77","","-1,35%"
"04.04.2022","20.119,20","19.941,79","20.122,53","19.924,82","","0,89%"
"01.04.2022","19.941,87","19.862,51","19.947,88","19.776,54","","0,38%"
"31.03.2022","19.866,93","20.182,28","20.185,43","19.866,93","","-1,56%"
"30.03.2022","20.181,97","20.324,84","20.324,84","20.091,34","","-0,70%"
"29.03.2022","20.324,71","20.056,37","20.351,17","20.056,37","","1,34%"
"28.03.2022","20.055,87","19.901,02","20.055,89","19.791,17","","0,78%"
"25.03.2022","19.901,00","19.822,83","19.918,31","19.720,40","","0,39%"
"24.03.2022","19.822,73","19.537,88","19.823,68","19.537,88","","1,46%"
"23.03.2022","19.537,75","19.779,28","19.779,28","19.535,78","","-1,22%"
"22.03.2022","19.779,31","19.541,78","19.820,26","19.541,78","","1,22%"
"21.03.2022","19.541,75","19.562,36","19.640,05","19.377,27","","-0,11%"
"18.03.2022","19.562,54","19.314,71","19.571,45","19.229,85","","1,28%"
"17.03.2022","19.314,67","19.062,03","19.314,76","18.966,85","","1,32%"
"16.03.2022","19.062,15","18.616,25","19.067,63","18.590,77","","2,40%"
"15.03.2022","18.616,23","18.222,29","18.651,62","18.222,29","","2,16%"
"14.03.2022","18.222,31","18.381,40","18.552,42","18.171,86","","-0,86%"
"11.03.2022","18.380,47","18.641,18","18.772,93","18.371,04","","-1,40%"
"10.03.2022","18.641,17","18.725,23","18.725,23","18.422,64","","-0,47%"
"09.03.2022","18.728,80","18.240,76","18.816,83","18.240,76","","2,68%"
"08.03.2022","18.239,42","18.365,35","18.703,39","18.185,53","","-0,69%"
"07.03.2022","18.365,33","18.943,66","18.943,68","18.362,27","","-3,05%"
"04.03.2022","18.943,66","19.112,09","19.112,09","18.757,41","","-0,88%"
"03.03.2022","19.112,26","19.246,29","19.357,87","19.037,98","","-0,70%"
"02.03.2022","19.246,28","18.899,18","19.304,36","18.899,18","","1,84%"
"01.03.2022","18.899,17","19.192,14","19.210,12","18.782,98","","-1,53%"
"28.02.2022","19.192,17","19.112,38","19.261,84","18.940,87","","-0,15%"
"25.02.2022","19.221,31","18.800,47","19.222,70","18.784,18","","2,25%"
"24.02.2022","18.798,67","18.356,28","18.815,49","18.048,46","","1,70%"
"23.02.2022","18.485,32","18.938,64","18.998,50","18.471,91","","-1,90%"
"22.02.2022","18.842,57","19.020,94","19.098,62","18.684,38","","-1,06%"
"18.02.2022","19.043,85","19.214,24","19.257,33","18.952,15","","-0,79%"
"17.02.2022","19.196,08","19.547,98","19.547,98","19.170,91","","-2,21%"
"16.02.2022","19.629,40","19.565,44","19.687,10","19.432,07","","0,04%"
"15.02.2022","19.622,30","19.390,85","19.626,41","19.390,85","","1,68%"
"14.02.2022","19.298,93","19.361,19","19.408,83","19.145,46","","-0,36%"
"11.02.2022","19.367,95","19.751,70","19.852,99","19.293,50","","-1,96%"
"10.02.2022","19.754,35","20.004,09","20.138,79","19.667,14","","-1,77%"
"09.02.2022","20.110,62","19.889,90","20.117,14","19.889,90","","1,56%"
"08.02.2022","19.801,65","19.633,79","19.843,35","19.549,10","","0,84%"
"07.02.2022","19.635,74","19.703,90","19.802,10","19.584,70","","-0,34%"
"04.02.2022","19.703,71","19.560,84","19.872,65","19.479,39","","0,70%"
"03.02.2022","19.566,88","20.032,83","20.032,83","19.541,40","","-2,53%"
"02.02.2022","20.075,09","19.917,93","20.098,00","19.886,10","","0,80%"
"01.02.2022","19.916,56","19.772,21","19.933,20","19.629,87","","0,73%"
"31.01.2022","19.771,41","19.364,64","19.773,65","19.308,74","","2,10%"
"28.01.2022","19.365,58","18.964,17","19.367,66","18.739,18","","2,53%"
"27.01.2022","18.886,85","19.148,04","19.339,47","18.822,92","","-0,57%"
"26.01.2022","18.995,12","19.321,91","19.465,16","18.816,69","","-0,23%"
"25.01.2022","19.039,10","19.056,90","19.284,82","18.761,33","","-1,34%"
"24.01.2022","19.298,11","19.216,48","19.325,84","18.453,73","","0,34%"
"21.01.2022","19.233,45","19.617,90","19.664,19","19.227,84","","-1,96%"
"20.01.2022","19.618,77","19.839,89","20.155,36","19.600,41","","-1,08%"
"19.01.2022","19.833,33","20.027,08","20.180,06","19.825,54","","-0,96%"
"18.01.2022","20.025,95","20.405,19","20.405,19","19.991,63","","-1,89%"
"14.01.2022","20.412,13","20.394,04","20.420,51","20.194,35","","0,06%"
"13.01.2022","20.399,60","20.724,87","20.791,04","20.364,85","","-1,55%"
"12.01.2022","20.720,55","20.677,66","20.825,66","20.636,03","","0,25%"
"11.01.2022","20.669,69","20.461,44","20.670,95","20.343,81","","1,00%"
"10.01.2022","20.465,56","20.487,85","20.487,85","20.058,83","","-0,12%"
"07.01.2022","20.489,56","20.580,18","20.643,02","20.430,18","","-0,44%"
"06.01.2022","20.580,76","20.596,67","20.711,46","20.458,51","","-0,08%"
"05.01.2022","20.598,07","21.033,39","21.040,76","20.598,07","","-2,09%"
"04.01.2022","21.038,68","21.081,64","21.165,61","20.942,16","","-0,20%"
"03.01.2022","21.080,49","21.013,02","21.080,62","20.915,54","","0,58%"
"31.12.2021","20.958,03","21.001,42","21.055,26","20.957,90","","-0,30%"
"30.12.2021","21.020,67","21.085,36","21.147,90","21.007,11","","-0,23%"
"29.12.2021","21.068,98","21.056,63","21.109,17","20.996,16","","0,11%"
"28.12.2021","21.045,13","21.104,79","21.147,29","21.024,21","","-0,17%"
"27.12.2021","21.080,54","20.858,29","21.081,12","20.858,29","","1,33%"
"23.12.2021","20.803,51","20.712,79","20.867,86","20.708,96","","0,64%"
"22.12.2021","20.671,08","20.458,95","20.674,57","20.453,33","","0,99%"
"21.12.2021","20.467,56","20.258,08","20.474,18","20.164,63","","1,87%"
"20.12.2021","20.090,95","20.074,68","20.111,42","19.933,84","","-1,17%"
"17.12.2021","20.327,82","20.470,65","20.518,09","20.217,81","","-0,86%"
"16.12.2021","20.503,46","20.746,70","20.804,56","20.427,83","","-1,00%"
"15.12.2021","20.711,25","20.381,16","20.719,69","20.262,57","","1,66%"
"14.12.2021","20.373,29","20.419,82","20.482,47","20.252,69","","-0,78%"
"13.12.2021","20.532,78","20.693,65","20.710,09","20.528,38","","-0,92%"
"10.12.2021","20.723,64","20.549,64","20.727,96","20.549,64","","0,85%"
"09.12.2021","20.549,64","20.705,33","20.705,33","20.546,74","","-0,85%"
"08.12.2021","20.726,73","20.645,93","20.742,02","20.604,71","","0,42%"
"07.12.2021","20.640,29","20.278,54","20.672,71","20.278,54","","2,16%"
"06.12.2021","20.203,85","19.979,24","20.291,35","19.960,92","","1,13%"
"03.12.2021","19.977,92","20.199,59","20.305,80","19.788,99","","-0,99%"
"02.12.2021","20.177,82","19.888,49","20.254,51","19.868,01","","1,47%"
"01.12.2021","19.886,19","20.231,46","20.523,17","19.883,23","","-1,36%"
"30.11.2021","20.161,22","20.471,77","20.521,16","20.134,61","","-1,92%"
"29.11.2021","20.555,41","20.462,56","20.632,54","20.419,38","","1,28%"
"26.11.2021","20.296,28","20.553,71","20.553,71","20.257,45","","-2,18%"
"24.11.2021","20.749,02","20.605,54","20.753,10","20.549,79","","0,29%"
"23.11.2021","20.688,62","20.647,45","20.734,54","20.515,63","","0,09%"
"22.11.2021","20.670,35","20.819,15","20.951,32","20.670,29","","-0,49%"
"19.11.2021","20.771,41","20.817,41","20.861,22","20.761,47","","-0,18%"
"18.11.2021","20.808,14","20.810,18","20.829,81","20.674,06","","0,29%"
"17.11.2021","20.747,57","20.796,35","20.804,03","20.730,93","","-0,28%"
"16.11.2021","20.806,80","20.712,94","20.864,04","20.707,21","","0,43%"
"15.11.2021","20.717,25","20.759,25","20.778,83","20.673,09","","0,00%"
"12.11.2021","20.716,90","20.608,70","20.738,48","20.573,81","","0,79%"
"11.11.2021","20.554,98","20.625,29","20.625,29","20.551,60","","0,07%"
"10.11.2021","20.539,98","20.661,13","20.727,79","20.467,99","","-0,91%"
"09.11.2021","20.728,29","20.812,14","20.825,10","20.665,06","","-0,30%"
"08.11.2021","20.790,47","20.800,18","20.837,03","20.759,57","","0,15%"
"05.11.2021","20.759,28","20.776,58","20.866,03","20.690,58","","0,31%"
"04.11.2021","20.695,37","20.635,53","20.713,08","20.620,73","","0,42%"
"03.11.2021","20.608,34","20.474,83","20.619,14","20.437,01","","0,64%"
"02.11.2021","20.477,15","20.408,60","20.490,33","20.406,15","","0,35%"
"01.11.2021","20.406,28","20.413,23","20.428,62","20.323,81","","0,20%"
"29.10.2021","20.366,29","20.210,66","20.377,95","20.210,66","","0,19%"
"28.10.2021","20.327,21","20.195,82","20.330,93","20.195,82","","1,00%"
"27.10.2021","20.125,83","20.259,81","20.282,61","20.125,74","","-0,59%"
"26.10.2021","20.246,26","20.299,63","20.357,71","20.221,13","","0,16%"
"25.10.2021","20.214,41","20.169,93","20.243,77","20.089,48","","0,48%"
"22.10.2021","20.118,68","20.125,47","20.189,37","20.030,10","","-0,20%"
"21.10.2021","20.158,57","20.070,61","20.165,04","20.057,53","","0,36%"
"20.10.2021","20.086,79","20.053,03","20.107,13","20.036,27","","0,36%"
"19.10.2021","20.014,98","19.938,89","20.021,20","19.920,64","","0,75%"
"18.10.2021","19.866,93","19.721,49","19.873,20","19.690,59","","0,38%"
"15.10.2021","19.790,80","19.736,07","19.808,07","19.720,91","","0,72%"
"14.10.2021","19.649,44","19.494,21","19.653,71","19.488,63","","1,70%"
"13.10.2021","19.320,68","19.295,80","19.351,93","19.171,73","","0,42%"
"12.10.2021","19.238,96","19.318,21","19.336,05","19.204,04","","-0,16%"
"11.10.2021","19.268,84","19.373,28","19.507,03","19.268,01","","-0,68%"
"08.10.2021","19.401,74","19.490,95","19.500,28","19.384,53","","-0,23%"
"07.10.2021","19.447,37","19.412,74","19.576,61","19.410,31","","0,91%"
"06.10.2021","19.272,17","19.033,08","19.280,50","18.952,34","","0,45%"
"05.10.2021","19.186,23","19.050,13","19.284,80","19.036,75","","1,08%"
"04.10.2021","18.980,38","19.190,58","19.222,00","18.887,37","","-1,40%"
"01.10.2021","19.249,20","19.097,27","19.324,97","18.950,17","","1,11%"
"30.09.2021","19.038,38","19.310,49","19.351,01","19.036,47","","-1,07%"
"29.09.2021","19.244,41","19.225,22","19.364,58","19.225,22","","0,11%"
"28.09.2021","19.223,65","19.635,96","19.635,96","19.200,01","","-2,13%"
"27.09.2021","19.641,77","19.699,23","19.702,04","19.610,36","","-0,35%"
"24.09.2021","19.711,22","19.686,41","19.742,40","19.614,82","","0,11%"
"23.09.2021","19.690,07","19.460,95","19.759,69","19.460,95","","1,18%"
"22.09.2021","19.460,08","19.277,59","19.549,62","19.277,59","","0,96%"
"21.09.2021","19.275,32","19.279,98","19.446,73","19.243,73","","-0,01%"
"20.09.2021","19.277,58","19.618,89","19.618,89","19.048,55","","-1,75%"
"17.09.2021","19.620,37","19.790,30","19.790,30","19.595,37","","-0,86%"
"16.09.2021","19.790,38","19.808,13","19.839,04","19.659,92","","-0,09%"
"15.09.2021","19.808,18","19.645,12","19.833,27","19.618,03","","0,84%"
"14.09.2021","19.643,22","19.751,99","19.827,81","19.610,85","","-0,55%"
"13.09.2021","19.750,89","19.718,51","19.860,94","19.654,38","","0,17%"
"10.09.2021","19.717,87","19.872,00","19.989,80","19.714,36","","-0,77%"
"09.09.2021","19.870,57","19.953,50","20.028,52","19.869,99","","-0,42%"
"08.09.2021","19.954,07","19.989,64","19.989,64","19.865,17","","-0,18%"
"07.09.2021","19.989,58","20.058,93","20.058,93","19.961,72","","-0,35%"
"03.09.2021","20.059,81","20.056,56","20.083,68","19.998,41","","0,02%"
"02.09.2021","20.056,61","19.996,99","20.093,24","19.996,99","","0,30%"
"01.09.2021","19.996,65","19.982,07","20.056,99","19.982,07","","0,07%"
"31.08.2021","19.981,84","20.017,28","20.020,10","19.957,29","","-0,18%"
"30.08.2021","20.017,14","19.931,86","20.052,74","19.931,86","","0,45%"
"27.08.2021","19.926,86","19.751,15","19.943,15","19.751,15","","0,89%"
"26.08.2021","19.751,17","19.866,32","19.869,46","19.748,49","","-0,58%"
"25.08.2021","19.866,29","19.819,29","19.889,97","19.819,29","","0,24%"
"24.08.2021","19.819,25","19.778,13","19.846,44","19.778,13","","0,21%"
"23.08.2021","19.778,17","19.602,63","19.821,17","19.602,63","","0,90%"
"20.08.2021","19.602,61","19.439,36","19.612,74","19.439,36","","0,84%"
"19.08.2021","19.439,36","19.421,36","19.501,81","19.298,09","","0,09%"
"18.08.2021","19.421,40","19.625,29","19.650,86","19.410,80","","-1,04%"
"17.08.2021","19.625,30","19.760,93","19.760,93","19.493,15","","-0,69%"
"16.08.2021","19.760,93","19.724,69","19.761,62","19.577,22","","0,18%"
"13.08.2021","19.724,72","19.694,65","19.728,20","19.694,65","","0,15%"
"12.08.2021","19.694,65","19.629,63","19.699,10","19.587,40","","0,33%"
"11.08.2021","19.629,63","19.590,07","19.647,45","19.574,40","","0,20%"
"10.08.2021","19.590,07","19.584,07","19.639,24","19.567,36","","0,03%"
"09.08.2021","19.584,07","19.593,63","19.610,87","19.541,68","","-0,05%"
"06.08.2021","19.593,65","19.586,60","19.626,00","19.563,60","","0,08%"
"05.08.2021","19.578,66","19.456,34","19.578,66","19.456,34","","0,63%"
"04.08.2021","19.456,30","19.530,48","19.530,48","19.436,10","","-0,38%"
"03.08.2021","19.530,47","19.381,99","19.530,81","19.315,16","","0,77%"
"02.08.2021","19.381,22","19.410,60","19.517,06","19.371,73","","-0,14%"
"30.07.2021","19.409,05","19.520,45","19.520,45","19.387,95","","-0,57%"
"29.07.2021","19.520,43","19.441,36","19.570,59","19.441,36","","0,41%"
"28.07.2021","19.441,37","19.463,35","19.503,09","19.393,92","","0,05%"
"27.07.2021","19.430,92","19.529,48","19.529,48","19.296,77","","-0,50%"
"26.07.2021","19.529,45","19.494,63","19.529,90","19.462,48","","0,18%"
"23.07.2021","19.494,62","19.380,70","19.507,77","19.355,12","","1,07%"
"22.07.2021","19.287,90","19.240,94","19.297,73","19.211,08","","0,24%"
"21.07.2021","19.240,94","19.133,99","19.244,36","19.133,99","","0,81%"
"20.07.2021","19.085,55","18.789,64","19.146,62","18.789,64","","1,57%"
"19.07.2021","18.789,68","19.072,26","19.072,26","18.678,37","","-1,48%"
"16.07.2021","19.072,36","19.202,86","19.271,01","19.052,26","","-0,68%"
"15.07.2021","19.202,86","19.263,48","19.263,48","19.115,16","","-0,31%"
"14.07.2021","19.263,53","19.255,62","19.362,87","19.219,78","","0,04%"
"13.07.2021","19.255,62","19.331,53","19.364,12","19.246,83","","-0,39%"
"12.07.2021","19.331,54","19.276,42","19.336,72","19.260,42","","0,29%"
"09.07.2021","19.276,41","19.059,85","19.283,97","19.059,85","","1,14%"
"08.07.2021","19.059,81","18.980,00","19.102,30","18.916,00","","-0,85%"
"07.07.2021","19.223,66","19.170,32","19.240,61","19.104,86","","0,28%"
"06.07.2021","19.170,33","19.191,82","19.209,16","19.037,79","","-0,11%"
"02.07.2021","19.191,84","19.049,41","19.203,29","19.049,41","","0,75%"
"01.07.2021","19.049,28","18.960,74","19.050,48","18.960,74","","0,47%"
"30.06.2021","18.960,70","18.948,20","18.980,02","18.932,12","","0,05%"
"29.06.2021","18.950,82","18.939,38","18.983,72","18.929,90","","0,06%"
"28.06.2021","18.939,75","18.888,49","18.945,33","18.871,36","","0,29%"
"25.06.2021","18.884,44","18.822,83","18.903,17","18.822,83","","0,33%"
"24.06.2021","18.822,84","18.708,63","18.847,35","18.708,63","","0,61%"
"23.06.2021","18.708,59","18.721,49","18.769,81","18.708,59","","-0,07%"
"22.06.2021","18.721,53","18.611,92","18.761,26","18.593,02","","0,59%"
"21.06.2021","18.611,88","18.368,71","18.616,41","18.368,71","","1,34%"
"18.06.2021","18.366,16","18.470,24","18.480,94","18.360,50","","-1,22%"
"17.06.2021","18.593,92","18.574,82","18.637,15","18.475,36","","0,10%"
"16.06.2021","18.574,99","18.669,23","18.692,85","18.474,16","","-0,50%"
"15.06.2021","18.669,22","18.720,55","18.726,83","18.635,87","","-0,27%"
"14.06.2021","18.720,47","18.673,96","18.722,18","18.633,55","","0,25%"
"11.06.2021","18.673,96","18.627,49","18.674,06","18.603,59","","0,25%"
"10.06.2021","18.627,51","18.527,79","18.660,71","18.527,79","","0,54%"
"09.06.2021","18.527,48","18.563,43","18.603,58","18.526,60","","-0,19%"
"08.06.2021","18.562,64","18.559,16","18.601,31","18.479,76","","0,03%"
"07.06.2021","18.556,77","18.555,04","18.564,42","18.507,91","","0,01%"
"04.06.2021","18.555,04","18.383,08","18.570,07","18.383,08","","0,94%"
"03.06.2021","18.383,04","18.461,27","18.461,27","18.279,07","","-0,42%"
"02.06.2021","18.461,26","18.434,62","18.497,04","18.418,71","","0,14%"
"01.06.2021","18.434,62","18.447,17","18.570,74","18.416,63","","-0,07%"
"28.05.2021","18.447,11","18.426,25","18.511,35","18.426,25","","0,12%"
"27.05.2021","18.425,39","18.404,67","18.473,87","18.404,67","","0,11%"
"26.05.2021","18.404,65","18.362,50","18.431,54","18.352,79","","0,23%"
"25.05.2021","18.362,48","18.400,01","18.471,97","18.339,50","","-0,20%"
"24.05.2021","18.399,68","18.213,19","18.453,04","18.213,19","","1,03%"
"21.05.2021","18.212,95","18.229,56","18.359,08","18.198,85","","-0,09%"
"20.05.2021","18.229,58","18.017,05","18.284,99","18.017,05","","1,18%"
"19.05.2021","18.017,11","18.063,31","18.063,31","17.780,80","","-0,26%"
"18.05.2021","18.063,33","18.202,93","18.238,69","18.063,07","","-0,77%"
"17.05.2021","18.202,94","18.255,73","18.255,73","18.110,75","","-0,29%"
"14.05.2021","18.255,73","17.973,10","18.294,27","17.973,10","","1,57%"
"13.05.2021","17.973,11","17.772,97","18.054,06","17.772,97","","1,15%"
"12.05.2021","17.768,17","18.167,51","18.167,51","17.744,13","","-2,20%"
"11.05.2021","18.167,54","18.305,75","18.305,75","17.984,53","","-0,75%"
"10.05.2021","18.305,74","18.514,38","18.514,38","18.305,74","","-1,13%"
"07.05.2021","18.514,38","18.369,95","18.546,40","18.369,95","","0,79%"
"06.05.2021","18.370,08","18.246,41","18.370,13","18.141,32","","0,68%"
"05.05.2021","18.246,42","18.249,03","18.342,55","18.223,67","","-0,01%"
"04.05.2021","18.249,00","18.393,33","18.393,33","18.088,27","","-0,78%"
"03.05.2021","18.393,36","18.358,92","18.472,35","18.358,92","","0,19%"
"30.04.2021","18.358,84","18.388,37","18.436,90","18.332,66","","-0,73%"
"29.04.2021","18.493,76","18.527,47","18.535,85","18.344,99","","0,58%"
"28.04.2021","18.387,28","18.417,50","18.463,95","18.385,18","","-0,11%"
"27.04.2021","18.407,06","18.433,87","18.435,77","18.364,37","","-0,04%"
"26.04.2021","18.414,27","18.403,07","18.441,08","18.384,96","","0,24%"
"23.04.2021","18.370,26","18.193,40","18.427,81","18.193,40","","1,14%"
"22.04.2021","18.163,46","18.301,12","18.363,17","18.114,40","","-0,84%"
"21.04.2021","18.317,39","18.122,07","18.319,63","18.111,28","","0,93%"
"20.04.2021","18.148,98","18.241,29","18.260,85","18.076,65","","-0,68%"
"19.04.2021","18.274,04","18.339,70","18.356,58","18.216,66","","-0,58%"
"16.04.2021","18.380,89","18.384,30","18.403,94","18.319,08","","0,29%"
"15.04.2021","18.327,67","18.223,02","18.337,73","18.223,02","","1,18%"
"14.04.2021","18.114,82","18.193,43","18.245,32","18.101,55","","-0,45%"
"13.04.2021","18.196,37","18.121,42","18.223,50","18.121,42","","0,44%"
"12.04.2021","18.116,14","18.081,96","18.131,58","18.053,85","","-0,01%"
"09.04.2021","18.117,30","17.971,68","18.117,30","17.971,68","","0,74%"
"08.04.2021","17.983,70","17.954,68","17.987,35","17.915,88","","0,54%"
"07.04.2021","17.886,94","17.868,50","17.905,76","17.838,58","","0,11%"
"06.04.2021","17.866,78","17.839,08","17.922,77","17.833,67","","0,01%"
"05.04.2021","17.865,76","17.738,07","17.880,46","17.738,07","","1,36%"
"01.04.2021","17.625,54","17.535,26","17.626,98","17.534,01","","1,23%"
"31.03.2021","17.411,23","17.372,10","17.505,92","17.372,10","","0,50%"
"30.03.2021","17.324,07","17.324,38","17.362,41","17.255,29","","-0,27%"
"29.03.2021","17.371,68","17.344,38","17.416,07","17.254,18","","-0,17%"
"26.03.2021","17.401,60","17.167,17","17.411,52","17.148,63","","1,63%"
"25.03.2021","17.122,74","16.982,41","17.163,08","16.874,71","","0,48%"
"24.03.2021","17.040,18","17.214,63","17.284,06","17.040,17","","-0,71%"
"23.03.2021","17.161,26","17.281,50","17.332,67","17.123,68","","-0,79%"
"22.03.2021","17.297,31","17.182,41","17.361,96","17.181,49","","0,75%"
"19.03.2021","17.168,15","17.156,60","17.239,37","17.042,97","","0,03%"
"18.03.2021","17.163,27","17.330,58","17.409,67","17.147,14","","-1,65%"
"17.03.2021","17.450,90","17.332,40","17.497,59","17.272,99","","0,27%"
"16.03.2021","17.403,21","17.470,36","17.497,00","17.355,60","","-0,19%"
"15.03.2021","17.436,83","17.322,20","17.440,70","17.233,11","","0,73%"
"12.03.2021","17.311,02","17.208,13","17.316,77","17.177,19","","0,08%"
"11.03.2021","17.297,71","17.227,88","17.380,74","17.203,78","","1,23%"
"10.03.2021","17.086,80","17.088,32","17.168,62","17.037,77","","0,56%"
"09.03.2021","16.991,16","16.854,53","17.110,32","16.854,53","","1,67%"
"08.03.2021","16.711,98","16.856,56","16.991,36","16.703,39","","-0,72%"
"05.03.2021","16.833,98","16.634,55","16.872,05","16.314,62","","1,86%"
"04.03.2021","16.527,01","16.768,44","16.862,02","16.327,61","","-1,47%"
"03.03.2021","16.773,09","17.009,99","17.045,07","16.770,76","","-1,54%"
"02.03.2021","17.036,12","17.197,08","17.213,45","17.036,04","","-0,90%"
"01.03.2021","17.190,49","16.933,20","17.240,65","16.933,20","","2,45%"
"26.02.2021","16.779,96","16.848,87","16.992,47","16.675,53","","-0,35%"
"25.02.2021","16.838,60","17.265,01","17.282,35","16.771,78","","-2,54%"
"24.02.2021","17.276,83","17.094,65","17.289,15","16.993,34","","1,01%"
"23.02.2021","17.103,84","17.037,50","17.163,70","16.750,56","","0,06%"
"22.02.2021","17.093,49","17.239,02","17.239,02","17.091,70","","-1,01%"
"19.02.2021","17.267,92","17.305,94","17.369,87","17.254,78","","-0,09%"
"18.02.2021","17.283,93","17.333,54","17.333,54","17.151,40","","-0,44%"
"17.02.2021","17.359,56","17.365,47","17.368,61","17.228,48","","-0,11%"
"16.02.2021","17.378,54","17.402,02","17.469,03","17.337,29","","-0,11%"
"12.02.2021","17.397,70","17.288,28","17.405,07","17.265,69","","0,49%"
"11.02.2021","17.312,62","17.280,62","17.347,93","17.199,22","","0,25%"
"10.02.2021","17.269,91","17.315,13","17.364,10","17.156,03","","0,00%"
"09.02.2021","17.270,15","17.266,37","17.300,89","17.228,43","","-0,05%"
"08.02.2021","17.278,56","17.171,47","17.278,65","17.171,47","","0,74%"
"05.02.2021","17.151,97","17.117,80","17.179,16","17.092,34","","0,48%"
"04.02.2021","17.070,52","16.898,05","17.072,26","16.898,05","","1,13%"
"03.02.2021","16.879,05","16.868,58","16.954,37","16.825,96","","0,05%"
"02.02.2021","16.870,58","16.701,35","16.935,27","16.701,35","","1,48%"
"01.02.2021","16.623,94","16.383,94","16.665,11","16.383,94","","1,66%"
"29.01.2021","16.352,89","16.649,85","16.649,85","16.259,57","","-1,87%"
"28.01.2021","16.664,95","16.510,48","16.849,80","16.510,48","","1,10%"
"27.01.2021","16.483,65","16.915,83","16.915,83","16.408,50","","-2,64%"
"26.01.2021","16.930,48","16.993,33","17.041,97","16.925,06","","-0,28%"
"25.01.2021","16.978,60","16.928,54","17.004,76","16.726,70","","0,33%"
"22.01.2021","16.922,44","16.958,22","16.967,77","16.870,20","","-0,27%"
"21.01.2021","16.968,84","16.983,81","17.006,31","16.933,80","","0,03%"
"20.01.2021","16.964,25","16.756,01","16.997,32","16.756,01","","1,40%"
"19.01.2021","16.729,38","16.621,67","16.749,74","16.621,67","","0,82%"
"18.01.2021","16.592,65","16.592,65","16.592,65","16.592,65","","0,00%"
"15.01.2021","16.592,65","16.712,45","16.712,45","16.509,75","","-0,72%"
"14.01.2021","16.712,70","16.804,12","16.840,42","16.702,38","","-0,37%"
"13.01.2021","16.774,98","16.738,46","16.826,24","16.700,57","","0,20%"
"12.01.2021","16.741,55","16.722,36","16.776,05","16.630,31","","0,11%"
"11.01.2021","16.722,42","16.829,15","16.829,15","16.672,05","","-0,63%"
"08.01.2021","16.828,83","16.733,22","16.835,06","16.648,10","","0,58%"
"07.01.2021","16.732,31","16.468,16","16.761,90","16.468,16","","1,62%"
"06.01.2021","16.465,63","16.299,52","16.620,73","16.283,94","","0,49%"
"05.01.2021","16.385,64","16.242,31","16.423,24","16.242,31","","0,74%"
"04.01.2021","16.264,78","16.565,21","16.569,86","16.096,77","","-1,46%"
"31.12.2020","16.506,00","16.416,78","16.522,51","16.385,62","","0,56%"
"30.12.2020","16.413,76","16.442,65","16.466,71","16.406,19","","0,17%"
"29.12.2020","16.385,49","16.465,43","16.520,85","16.366,61","","-0,25%"
"28.12.2020","16.427,06","16.438,05","16.450,50","16.398,56","","0,67%"
"24.12.2020","16.317,41","16.288,27","16.319,59","16.260,89","","0,33%"
"23.12.2020","16.263,93","16.311,17","16.356,66","16.263,83","","-0,02%"
"22.12.2020","16.266,71","16.265,25","16.306,03","16.209,03","","-0,06%"
"21.12.2020","16.276,33","16.280,34","16.304,45","16.022,14","","-0,34%"
"18.12.2020","16.332,65","16.381,16","16.398,17","16.215,21","","-0,22%"
"17.12.2020","16.368,02","16.292,49","16.368,02","16.292,49","","0,72%"
"16.12.2020","16.250,71","16.235,50","16.290,96","16.195,81","","0,18%"
"15.12.2020","16.221,50","16.109,57","16.221,97","16.073,92","","1,28%"
"14.12.2020","16.017,05","16.079,92","16.217,66","16.016,39","","-0,29%"
"11.12.2020","16.063,60","16.068,65","16.073,04","15.926,20","","-0,13%"
"10.12.2020","16.084,22","16.052,90","16.121,83","15.949,63","","0,06%"
"09.12.2020","16.074,55","16.236,70","16.275,07","16.015,89","","-0,99%"
"08.12.2020","16.236,09","16.181,01","16.261,15","16.125,52","","0,35%"
"07.12.2020","16.179,82","16.189,72","16.196,13","16.126,37","","-0,06%"
"04.12.2020","16.189,89","16.045,41","16.190,07","16.045,41","","0,90%"
"03.12.2020","16.045,66","16.036,41","16.111,69","16.007,98","","0,06%"
"02.12.2020","16.035,74","16.017,18","16.039,50","15.921,64","","0,12%"
"01.12.2020","16.017,19","15.853,46","16.081,89","15.853,46","","1,04%"
"30.11.2020","15.852,25","15.913,51","15.913,51","15.720,10","","-0,40%"
"27.11.2020","15.916,49","15.914,30","15.941,44","15.882,56","","0,34%"
"25.11.2020","15.862,87","15.862,75","15.883,14","15.797,91","","-0,03%"
"24.11.2020","15.867,05","15.710,72","15.890,82","15.697,74","","1,55%"
"23.11.2020","15.624,27","15.574,52","15.669,79","15.521,78","","0,64%"
"20.11.2020","15.525,04","15.609,28","15.620,08","15.523,39","","-0,61%"
"19.11.2020","15.621,07","15.527,48","15.633,01","15.456,58","","0,50%"
"18.11.2020","15.543,26","15.717,59","15.752,07","15.543,08","","-1,00%"
"17.11.2020","15.699,94","15.707,29","15.757,45","15.608,91","","-0,32%"
"16.11.2020","15.750,62","15.606,35","15.751,63","15.606,35","","1,13%"
"13.11.2020","15.574,79","15.447,04","15.607,84","15.439,66","","1,29%"
"12.11.2020","15.376,68","15.490,03","15.512,50","15.300,13","","-0,91%"
"11.11.2020","15.518,29","15.386,69","15.549,26","15.386,69","","0,87%"
"10.11.2020","15.384,22","15.408,49","15.434,87","15.229,74","","-0,22%"
"09.11.2020","15.418,85","15.298,64","15.773,01","15.298,64","","0,82%"
"06.11.2020","15.292,97","15.286,05","15.340,67","15.179,24","","0,04%"
"05.11.2020","15.286,75","15.190,67","15.357,06","15.190,67","","2,03%"
"04.11.2020","14.982,32","14.668,00","15.158,35","14.668,00","","2,32%"
"03.11.2020","14.643,10","14.397,54","14.723,65","14.397,54","","1,83%"
"02.11.2020","14.379,48","14.227,66","14.467,99","14.227,66","","1,20%"
"30.10.2020","14.208,39","14.397,57","14.397,57","14.060,81","","-1,38%"
"29.10.2020","14.406,91","14.248,67","14.537,17","14.202,76","","1,17%"
"28.10.2020","14.240,43","14.751,92","14.751,92","14.234,98","","-3,47%"
"27.10.2020","14.752,43","14.791,34","14.827,65","14.744,24","","-0,26%"
"26.10.2020","14.790,73","15.065,31","15.065,31","14.633,22","","-1,83%"
"23.10.2020","15.066,61","15.015,40","15.069,31","14.955,74","","0,35%"
"22.10.2020","15.014,39","14.937,95","15.044,61","14.851,77","","0,51%"
"21.10.2020","14.938,13","14.971,00","15.071,42","14.933,19","","-0,25%"
"20.10.2020","14.975,66","14.917,94","15.121,86","14.917,94","","0,41%"
"19.10.2020","14.914,90","15.156,34","15.239,68","14.888,12","","-1,59%"
"16.10.2020","15.155,97","15.161,12","15.296,58","15.149,87","","-0,02%"
"15.10.2020","15.159,37","15.179,56","15.183,08","14.987,64","","-0,15%"
"14.10.2020","15.182,05","15.278,96","15.349,55","15.143,78","","-0,63%"
"13.10.2020","15.278,50","15.358,52","15.358,52","15.234,86","","-0,53%"
"12.10.2020","15.359,56","15.232,86","15.428,21","15.218,33","","1,62%"
"09.10.2020","15.114,92","15.053,53","15.137,63","15.036,56","","0,90%"
"08.10.2020","14.979,86","14.938,59","14.980,12","14.908,99","","0,80%"
"07.10.2020","14.860,57","14.732,33","14.888,28","14.732,33","","1,75%"
"06.10.2020","14.605,32","14.812,02","14.907,25","14.579,23","","-1,36%"
"05.10.2020","14.806,17","14.641,88","14.807,74","14.641,88","","1,83%"
"02.10.2020","14.540,06","14.447,46","14.628,37","14.447,46","","-1,00%"
"01.10.2020","14.687,41","14.704,59","14.740,46","14.604,36","","0,68%"
"30.09.2020","14.587,97","14.492,83","14.716,94","14.492,83","","0,82%"
"29.09.2020","14.469,90","14.535,78","14.564,09","14.441,35","","-0,44%"
"28.09.2020","14.534,37","14.326,01","14.569,70","14.326,01","","1,63%"
"25.09.2020","14.301,95","14.035,71","14.333,62","14.001,33","","1,71%"
"24.09.2020","14.061,94","13.952,18","14.204,23","13.894,11","","0,27%"
"23.09.2020","14.024,09","14.378,79","14.397,29","14.007,01","","-2,43%"
"22.09.2020","14.373,37","14.296,70","14.393,38","14.179,63","","1,01%"
"21.09.2020","14.230,33","14.186,24","14.230,56","13.985,54","","-1,00%"
"18.09.2020","14.374,58","14.547,14","14.552,43","14.253,38","","-1,00%"
"17.09.2020","14.520,16","14.428,23","14.592,37","14.394,94","","-0,89%"
"16.09.2020","14.650,12","14.764,57","14.837,15","14.649,26","","-0,48%"
"15.09.2020","14.721,28","14.723,68","14.791,69","14.668,19","","0,62%"
"14.09.2020","14.630,89","14.534,48","14.698,26","14.534,48","","1,46%"
"11.09.2020","14.420,03","14.487,40","14.539,17","14.285,36","","0,03%"
"10.09.2020","14.416,27","14.745,20","14.797,70","14.373,84","","-1,70%"
"09.09.2020","14.666,25","14.362,48","14.770,37","14.362,48","","2,12%"
"08.09.2020","14.362,43","14.773,66","14.773,66","14.359,26","","-2,96%"
"04.09.2020","14.801,08","14.934,25","15.029,58","14.455,35","","-0,87%"
"03.09.2020","14.930,51","15.480,34","15.480,34","14.817,08","","-3,65%"
"02.09.2020","15.495,37","15.305,86","15.523,45","15.294,94","","1,39%"
"01.09.2020","15.282,97","15.180,72","15.286,98","15.133,42","","0,86%"
"31.08.2020","15.153,28","15.136,31","15.213,72","15.113,32","","-0,02%"
"28.08.2020","15.156,68","15.115,07","15.163,93","15.065,80","","0,66%"
"27.08.2020","15.056,62","15.060,93","15.133,34","14.985,42","","0,18%"
"26.08.2020","15.029,95","14.887,22","15.039,87","14.877,84","","1,09%"
"25.08.2020","14.868,57","14.833,85","14.869,94","14.791,08","","0,37%"
"24.08.2020","14.814,48","14.796,32","14.816,93","14.733,24","","0,93%"
"21.08.2020","14.678,43","14.620,76","14.691,35","14.606,78","","0,36%"
"20.08.2020","14.625,56","14.491,32","14.648,11","14.486,77","","0,39%"
"19.08.2020","14.568,49","14.648,53","14.675,47","14.548,75","","-0,45%"
"18.08.2020","14.634,42","14.629,60","14.654,62","14.552,64","","0,28%"
"17.08.2020","14.593,78","14.579,23","14.608,84","14.570,97","","0,43%"
"14.08.2020","14.531,34","14.513,93","14.556,09","14.487,18","","-0,02%"
"13.08.2020","14.534,64","14.516,23","14.596,35","14.493,19","","-0,09%"
"12.08.2020","14.547,05","14.454,34","14.578,05","14.454,34","","1,48%"
"11.08.2020","14.334,81","14.506,39","14.539,28","14.307,35","","-0,83%"
"10.08.2020","14.454,78","14.453,25","14.469,96","14.346,58","","0,18%"
"07.08.2020","14.429,27","14.393,35","14.443,47","14.328,88","","-0,02%"
"06.08.2020","14.431,52","14.345,93","14.440,34","14.302,49","","0,60%"
"05.08.2020","14.345,94","14.253,65","14.355,48","14.253,65","","0,65%"
"04.08.2020","14.253,60","14.186,87","14.254,04","14.164,87","","0,34%"
"03.08.2020","14.204,62","14.177,73","14.237,77","14.157,31","","0,78%"
"31.07.2020","14.095,01","14.087,56","14.096,14","13.879,58","","0,76%"
"30.07.2020","13.988,56","13.900,78","14.008,79","13.808,89","","-0,31%"
"29.07.2020","14.032,11","13.904,50","14.057,64","13.904,08","","1,30%"
"28.07.2020","13.852,42","13.928,17","13.966,30","13.846,23","","-0,71%"
"27.07.2020","13.951,10","13.856,00","13.958,64","13.833,82","","0,86%"
"24.07.2020","13.832,70","13.841,62","13.884,87","13.765,18","","-0,68%"
"23.07.2020","13.927,97","14.099,55","14.134,15","13.871,45","","-1,29%"
"22.07.2020","14.110,59","14.026,20","14.124,14","14.016,62","","0,58%"
"21.07.2020","14.029,74","14.093,75","14.121,61","13.991,87","","0,08%"
"20.07.2020","14.017,95","13.881,48","14.044,09","13.849,50","","0,97%"
"17.07.2020","13.882,73","13.875,96","13.918,90","13.797,59","","0,34%"
"16.07.2020","13.835,59","13.791,28","13.857,24","13.762,72","","-0,36%"
"15.07.2020","13.885,25","13.888,38","13.929,42","13.767,29","","0,93%"
"14.07.2020","13.757,34","13.509,04","13.770,21","13.456,07","","1,35%"
"13.07.2020","13.573,71","13.826,82","13.940,50","13.551,59","","-1,08%"
"10.07.2020","13.721,58","13.582,93","13.727,85","13.508,30","","1,05%"
"09.07.2020","13.578,50","13.676,36","13.688,68","13.418,35","","-0,46%"
"08.07.2020","13.641,93","13.575,56","13.645,89","13.501,40","","0,84%"
"07.07.2020","13.527,73","13.603,12","13.695,55","13.520,47","","-1,02%"
"06.07.2020","13.666,45","13.619,62","13.679,80","13.603,27","","1,65%"
"02.07.2020","13.445,23","13.538,36","13.596,72","13.424,72","","0,49%"
"01.07.2020","13.379,68","13.315,46","13.431,22","13.315,46","","0,56%"
"30.06.2020","13.305,19","13.089,19","13.349,81","13.080,12","","1,59%"
"29.06.2020","13.096,59","12.968,01","13.097,13","12.869,31","","1,44%"
"26.06.2020","12.911,28","13.185,20","13.188,01","12.897,74","","-2,39%"
"25.06.2020","13.227,96","13.056,15","13.231,94","12.969,85","","1,14%"
"24.06.2020","13.078,60","13.342,45","13.357,82","13.004,29","","-2,58%"
"23.06.2020","13.425,46","13.475,51","13.527,97","13.409,11","","0,41%"
"22.06.2020","13.371,14","13.260,71","13.382,99","13.211,77","","0,66%"
"19.06.2020","13.283,53","13.492,40","13.505,38","13.223,42","","-0,50%"
"18.06.2020","13.350,09","13.271,68","13.368,53","13.261,77","","0,10%"
"17.06.2020","13.336,26","13.419,65","13.451,96","13.313,97","","-0,31%"
"16.06.2020","13.377,63","13.488,23","13.495,12","13.181,23","","1,87%"
"15.06.2020","13.131,74","12.732,67","13.181,64","12.696,38","","0,95%"
"12.06.2020","13.007,56","13.168,46","13.209,33","12.766,55","","1,29%"
"11.06.2020","12.841,78","13.276,42","13.333,56","12.837,39","","-5,81%"
"10.06.2020","13.634,35","13.719,34","13.767,03","13.591,73","","-0,41%"
"09.06.2020","13.690,48","13.651,92","13.755,67","13.631,87","","-0,76%"
"08.06.2020","13.794,71","13.660,84","13.797,58","13.642,19","","1,21%"
"05.06.2020","13.629,93","13.539,39","13.702,59","13.535,71","","2,52%"
"04.06.2020","13.295,43","13.291,46","13.374,26","13.203,43","","-0,42%"
"03.06.2020","13.351,91","13.262,41","13.382,49","13.254,76","","1,36%"
"02.06.2020","13.172,89","13.107,01","13.173,08","13.046,90","","0,81%"
"01.06.2020","13.066,80","12.976,50","13.093,22","12.960,94","","0,45%"
"29.05.2020","13.008,36","12.911,57","13.027,06","12.824,97","","0,53%"
"28.05.2020","12.939,18","13.013,96","13.105,39","12.913,72","","-0,20%"
"27.05.2020","12.964,55","12.894,96","12.964,55","12.679,22","","1,46%"
"26.05.2020","12.778,04","12.906,77","12.906,77","12.763,13","","1,23%"
"22.05.2020","12.622,63","12.577,84","12.626,94","12.528,85","","0,30%"
"21.05.2020","12.585,33","12.663,88","12.707,72","12.538,83","","-0,74%"
"20.05.2020","12.679,72","12.627,97","12.716,23","12.626,19","","1,69%"
"19.05.2020","12.468,85","12.567,78","12.645,03","12.467,38","","-1,00%"
"18.05.2020","12.595,40","12.490,52","12.654,60","12.490,52","","3,16%"
"15.05.2020","12.210,14","12.157,23","12.213,79","12.013,39","","0,42%"
"14.05.2020","12.159,10","12.013,74","12.159,10","11.790,01","","1,19%"
"13.05.2020","12.016,62","12.236,57","12.249,77","11.901,32","","-1,79%"
"12.05.2020","12.235,57","12.490,37","12.556,35","12.235,57","","-2,04%"
"11.05.2020","12.489,90","12.481,06","12.549,88","12.372,99","","0,04%"
"08.05.2020","12.484,82","12.274,40","12.492,11","12.274,40","","1,73%"
"07.05.2020","12.272,10","12.127,69","12.355,89","12.127,69","","1,27%"
"06.05.2020","12.117,77","12.194,57","12.289,11","12.117,77","","-0,62%"
"05.05.2020","12.192,84","12.082,01","12.317,50","12.082,01","","0,96%"
"04.05.2020","12.076,57","12.016,82","12.080,59","11.883,67","","0,49%"
"01.05.2020","12.017,28","12.279,55","12.279,55","11.978,57","","-2,81%"
"30.04.2020","12.365,16","12.484,07","12.484,07","12.288,39","","-0,97%"
"29.04.2020","12.486,19","12.168,63","12.548,67","12.168,63","","2,71%"
"28.04.2020","12.156,63","12.365,45","12.406,42","12.146,38","","-0,54%"
"27.04.2020","12.222,83","12.119,27","12.259,85","12.109,09","","1,58%"
"24.04.2020","12.032,58","11.876,21","12.057,99","11.843,47","","1,40%"
"23.04.2020","11.865,89","11.886,75","12.064,46","11.854,97","","-0,03%"
"22.04.2020","11.869,83","11.755,21","11.928,19","11.755,21","","2,33%"
"21.04.2020","11.599,80","11.920,54","11.920,54","11.560,75","","-3,11%"
"20.04.2020","11.971,76","12.108,58","12.161,66","11.961,54","","-1,75%"
"17.04.2020","12.184,76","11.892,77","12.202,51","11.892,77","","2,72%"
"16.04.2020","11.862,55","11.831,57","11.892,52","11.715,62","","0,58%"
"15.04.2020","11.793,92","12.014,50","12.014,50","11.703,78","","-2,17%"
"14.04.2020","12.055,25","11.719,65","12.079,45","11.719,65","","3,08%"
"13.04.2020","11.695,34","11.785,21","11.785,21","11.521,96","","-0,98%"
"09.04.2020","11.811,68","11.641,85","11.929,33","11.641,85","","1,53%"
"08.04.2020","11.633,79","11.242,39","11.675,93","11.242,39","","3,48%"
"07.04.2020","11.242,39","11.254,59","11.637,60","11.237,80","","-0,11%"
"06.04.2020","11.254,59","10.563,37","11.307,72","10.563,37","","7,12%"
"03.04.2020","10.506,55","10.670,86","10.714,57","10.391,16","","-1,54%"
"02.04.2020","10.670,73","10.439,03","10.699,58","10.382,22","","2,21%"
"01.04.2020","10.439,72","10.909,70","10.909,70","10.345,90","","-4,47%"
"31.03.2020","10.927,73","11.104,70","11.164,15","10.870,53","","-1,60%"
"30.03.2020","11.104,99","10.751,20","11.124,58","10.751,20","","3,30%"
"27.03.2020","10.750,45","11.121,18","11.121,18","10.657,96","","-3,34%"
"26.03.2020","11.121,38","10.467,81","11.145,26","10.467,81","","6,24%"
"25.03.2020","10.467,86","10.338,54","10.871,96","10.187,02","","1,25%"
"24.03.2020","10.338,56","9.913,36","10.346,14","9.913,36","","9,41%"
"23.03.2020","9.449,47","9.622,86","9.705,80","9.251,97","","-2,87%"
"20.03.2020","9.728,79","10.233,17","10.354,41","9.694,23","","-4,25%"
"19.03.2020","10.160,46","10.057,21","10.394,94","9.764,60","","0,72%"
"18.03.2020","10.088,06","10.265,09","10.327,10","9.592,92","","-5,31%"
"17.03.2020","10.653,33","10.214,82","10.758,72","9.973,90","","5,90%"
"16.03.2020","10.060,08","11.298,95","11.298,95","10.039,67","","-12,12%"
"13.03.2020","11.447,21","10.816,56","11.447,35","10.528,97","","9,13%"
"12.03.2020","10.489,13","11.172,14","11.235,90","10.484,42","","-9,50%"
"11.03.2020","11.589,95","11.940,47","11.940,47","11.446,68","","-4,93%"
"10.03.2020","12.190,56","11.872,56","12.190,57","11.568,54","","4,89%"
"09.03.2020","11.622,41","12.235,51","12.235,51","11.576,27","","-7,67%"
"06.03.2020","12.588,42","12.567,94","12.641,34","12.289,82","","-1,74%"
"05.03.2020","12.811,98","13.032,02","13.058,12","12.712,00","","-3,33%"
"04.03.2020","13.253,71","12.866,36","13.255,89","12.858,30","","4,16%"
"03.03.2020","12.723,77","13.090,53","13.275,49","12.612,33","","-2,75%"
"02.03.2020","13.083,61","12.597,30","13.086,03","12.480,78","","4,54%"
"28.02.2020","12.515,10","12.367,18","12.534,27","12.097,78","","-0,82%"
"27.02.2020","12.618,14","13.005,69","13.116,11","12.612,92","","-4,40%"
"26.02.2020","13.198,50","13.300,28","13.478,32","13.171,62","","-0,42%"
"25.02.2020","13.254,81","13.734,88","13.754,87","13.216,95","","-3,05%"
"24.02.2020","13.671,47","13.848,27","13.848,27","13.623,62","","-3,33%"
"21.02.2020","14.143,13","14.245,74","14.245,98","14.104,28","","-1,06%"
"20.02.2020","14.294,73","14.320,92","14.360,38","14.163,99","","-0,34%"
"19.02.2020","14.343,95","14.320,30","14.375,23","14.317,92","","0,50%"
"18.02.2020","14.272,17","14.257,19","14.290,51","14.209,94","","-0,26%"
"14.02.2020","14.308,85","14.296,72","14.310,70","14.252,77","","0,22%"
"13.02.2020","14.277,30","14.227,13","14.322,17","14.216,97","","-0,09%"
"12.02.2020","14.289,87","14.250,35","14.297,57","14.248,37","","0,65%"
"11.02.2020","14.197,68","14.220,33","14.269,82","14.178,17","","0,21%"
"10.02.2020","14.167,56","14.031,51","14.167,66","14.031,51","","0,75%"
"07.02.2020","14.061,73","14.092,13","14.118,57","14.038,05","","-0,52%"
"06.02.2020","14.135,04","14.126,10","14.145,76","14.088,24","","0,34%"
"05.02.2020","14.086,55","14.058,15","14.098,55","14.005,06","","0,98%"
"04.02.2020","13.949,29","13.851,31","13.990,25","13.851,31","","1,56%"
"03.02.2020","13.734,74","13.677,38","13.809,38","13.677,38","","0,80%"
"31.01.2020","13.626,25","13.860,25","13.860,25","13.584,19","","-1,74%"
"30.01.2020","13.868,14","13.752,35","13.876,91","13.699,46","","0,34%"
"29.01.2020","13.820,99","13.880,73","13.903,50","13.813,94","","-0,07%"
"28.01.2020","13.830,76","13.745,23","13.869,37","13.735,11","","1,02%"
"27.01.2020","13.691,44","13.719,06","13.753,19","13.680,07","","-1,56%"
"24.01.2020","13.908,50","14.066,31","14.069,71","13.850,70","","-0,89%"
"23.01.2020","14.033,68","13.998,86","14.039,06","13.935,46","","0,12%"
"22.01.2020","14.016,66","14.048,61","14.084,07","14.009,13","","0,06%"
"21.01.2020","14.007,73","14.006,36","14.045,55","13.992,29","","-0,24%"
"17.01.2020","14.040,84","14.013,94","14.040,99","13.996,77","","0,37%"
"16.01.2020","13.989,57","13.930,62","13.990,13","13.928,12","","0,85%"
"15.01.2020","13.871,66","13.845,94","13.913,98","13.837,65","","0,17%"
"14.01.2020","13.847,65","13.861,02","13.895,64","13.824,56","","-0,14%"
"13.01.2020","13.866,42","13.792,99","13.866,42","13.781,39","","0,72%"
"10.01.2020","13.766,66","13.832,83","13.839,45","13.748,36","","-0,27%"
"09.01.2020","13.804,16","13.774,12","13.807,58","13.759,60","","0,69%"
"08.01.2020","13.709,33","13.648,58","13.766,85","13.641,69","","0,50%"
"07.01.2020","13.640,66","13.662,90","13.672,62","13.620,44","","-0,25%"
"06.01.2020","13.674,49","13.551,49","13.675,04","13.548,18","","0,36%"
"03.01.2020","13.625,84","13.603,11","13.671,42","13.597,05","","-0,66%"
"02.01.2020","13.716,57","13.663,40","13.717,23","13.624,17","","0,86%"
"31.12.2019","13.599,62","13.532,08","13.600,34","13.521,74","","0,31%"
"30.12.2019","13.558,16","13.640,32","13.640,32","13.539,46","","-0,57%"
"27.12.2019","13.636,00","13.665,55","13.670,69","13.613,32","","0,00%"
"26.12.2019","13.635,64","13.584,09","13.636,29","13.584,09","","0,52%"
"24.12.2019","13.564,77","13.572,88","13.575,92","13.552,15","","0,00%"
"23.12.2019","13.564,95","13.577,58","13.580,46","13.558,61","","0,09%"
"20.12.2019","13.553,01","13.505,00","13.569,48","13.505,00","","0,50%"
"19.12.2019","13.485,64","13.434,06","13.485,66","13.434,06","","0,46%"
"18.12.2019","13.423,48","13.441,05","13.453,02","13.423,47","","-0,03%"
"17.12.2019","13.427,25","13.440,82","13.451,55","13.421,23","","0,02%"
"16.12.2019","13.424,47","13.389,17","13.450,74","13.389,17","","0,74%"
"13.12.2019","13.326,51","13.319,07","13.384,12","13.276,55","","0,03%"
"12.12.2019","13.322,04","13.212,00","13.354,61","13.201,58","","0,82%"
"11.12.2019","13.213,69","13.192,78","13.222,13","13.178,72","","0,28%"
"10.12.2019","13.177,10","13.192,73","13.215,45","13.156,91","","-0,11%"
"09.12.2019","13.191,12","13.220,03","13.245,76","13.191,04","","-0,31%"
"06.12.2019","13.232,72","13.178,34","13.253,20","13.178,34","","0,90%"
"05.12.2019","13.114,82","13.099,51","13.122,84","13.059,12","","0,17%"
"04.12.2019","13.092,43","13.043,68","13.120,82","13.043,68","","0,62%"
"03.12.2019","13.012,26","13.064,83","13.064,83","12.918,00","","-0,64%"
"02.12.2019","13.095,50","13.223,08","13.223,85","13.081,90","","-0,88%"
"29.11.2019","13.212,26","13.264,48","13.264,48","13.206,23","","-0,40%"
"27.11.2019","13.265,45","13.230,37","13.266,67","13.222,87","","0,43%"
"26.11.2019","13.208,26","13.181,65","13.216,70","13.169,08","","0,22%"
"25.11.2019","13.179,04","13.107,40","13.179,06","13.107,40","","0,79%"
"22.11.2019","13.075,72","13.046,51","13.085,08","13.030,33","","0,22%"
"21.11.2019","13.047,08","13.067,55","13.073,45","13.013,38","","-0,16%"
"20.11.2019","13.067,74","13.097,70","13.110,47","12.996,72","","-0,31%"
"19.11.2019","13.108,71","13.112,09","13.136,60","13.078,68","","-0,02%"
"18.11.2019","13.111,30","13.090,72","13.120,10","13.070,17","","0,06%"
"15.11.2019","13.103,42","13.000,29","13.103,42","13.000,29","","0,80%"
"14.11.2019","12.999,94","12.976,49","13.005,42","12.946,78","","0,11%"
"13.11.2019","12.985,45","12.973,08","13.002,40","12.923,68","","0,08%"
"12.11.2019","12.974,65","12.956,78","13.018,14","12.946,95","","0,16%"
"11.11.2019","12.953,90","12.919,69","12.959,57","12.904,19","","-0,17%"
"08.11.2019","12.975,55","12.938,07","12.975,55","12.894,38","","0,29%"
"07.11.2019","12.938,05","12.906,48","12.990,95","12.906,48","","0,34%"
"06.11.2019","12.894,61","12.884,55","12.894,64","12.850,45","","0,07%"
"05.11.2019","12.886,18","12.914,28","12.926,01","12.876,39","","-0,14%"
"04.11.2019","12.903,86","12.916,85","12.932,04","12.890,22","","0,35%"
"01.11.2019","12.858,64","12.788,58","12.858,64","12.788,58","","0,98%"
"31.10.2019","12.733,56","12.771,39","12.771,39","12.674,94","","-0,30%"
"30.10.2019","12.772,20","12.732,99","12.785,32","12.699,22","","0,33%"
"29.10.2019","12.729,79","12.724,33","12.774,76","12.721,84","","-0,10%"
"28.10.2019","12.742,33","12.711,04","12.761,66","12.711,04","","0,56%"
"25.10.2019","12.671,55","12.589,34","12.690,89","12.589,34","","0,43%"
"24.10.2019","12.617,61","12.633,47","12.637,16","12.574,09","","0,25%"
"23.10.2019","12.585,83","12.539,36","12.586,20","12.531,22","","0,28%"
"22.10.2019","12.550,19","12.609,91","12.628,43","12.546,91","","-0,38%"
"21.10.2019","12.597,48","12.560,51","12.598,41","12.551,21","","0,69%"
"18.10.2019","12.511,66","12.555,92","12.567,98","12.470,33","","-0,40%"
"17.10.2019","12.561,72","12.574,70","12.603,12","12.537,51","","0,29%"
"16.10.2019","12.524,82","12.529,52","12.556,96","12.505,70","","-0,24%"
"15.10.2019","12.554,99","12.462,30","12.586,47","12.462,30","","0,99%"
"14.10.2019","12.431,50","12.434,20","12.458,37","12.417,78","","-0,13%"
"11.10.2019","12.448,21","12.416,42","12.540,92","12.416,42","","1,14%"
"10.10.2019","12.307,94","12.226,70","12.350,48","12.223,36","","0,64%"
"09.10.2019","12.230,15","12.196,61","12.270,80","12.181,77","","0,95%"
"08.10.2019","12.115,29","12.233,77","12.249,03","12.114,71","","-1,59%"
"07.10.2019","12.311,31","12.331,70","12.395,77","12.298,69","","-0,43%"
"04.10.2019","12.365,03","12.230,42","12.370,45","12.227,74","","1,41%"
"03.10.2019","12.192,68","12.086,80","12.193,86","11.961,64","","0,84%"
"02.10.2019","12.090,98","12.245,93","12.245,93","12.038,87","","-1,77%"
"01.10.2019","12.308,49","12.497,40","12.526,85","12.303,89","","-1,23%"
"30.09.2019","12.462,25","12.420,00","12.490,19","12.420,00","","0,53%"
"27.09.2019","12.397,08","12.494,15","12.502,53","12.329,69","","-0,55%"
"26.09.2019","12.465,14","12.497,07","12.504,19","12.407,25","","-0,24%"
"25.09.2019","12.495,19","12.414,81","12.514,34","12.365,02","","0,63%"
"24.09.2019","12.416,75","12.567,91","12.592,80","12.381,10","","-0,87%"
"23.09.2019","12.525,22","12.499,75","12.555,61","12.491,49","","-0,01%"
"20.09.2019","12.526,62","12.592,95","12.627,02","12.500,72","","-0,49%"
"19.09.2019","12.588,23","12.601,52","12.650,68","12.574,40","","0,01%"
"18.09.2019","12.586,98","12.572,86","12.590,37","12.470,41","","0,01%"
"17.09.2019","12.585,62","12.543,80","12.587,46","12.536,68","","0,27%"
"16.09.2019","12.551,39","12.526,51","12.565,44","12.521,31","","-0,25%"
"13.09.2019","12.582,62","12.603,93","12.626,37","12.564,30","","-0,08%"
"12.09.2019","12.592,47","12.584,03","12.636,99","12.557,97","","0,30%"
"11.09.2019","12.555,12","12.468,47","12.555,12","12.449,78","","0,74%"
"10.09.2019","12.463,29","12.428,71","12.463,30","12.369,22","","0,02%"
"09.09.2019","12.460,37","12.502,80","12.506,48","12.423,28","","-0,05%"
"06.09.2019","12.465,98","12.470,36","12.492,80","12.443,39","","0,09%"
"05.09.2019","12.455,29","12.384,55","12.496,04","12.384,55","","1,31%"
"04.09.2019","12.293,96","12.245,79","12.297,30","12.229,86","","1,10%"
"03.09.2019","12.160,27","12.185,21","12.193,56","12.105,47","","-0,69%"
"30.08.2019","12.244,45","12.293,25","12.303,15","12.189,03","","0,07%"
"29.08.2019","12.235,56","12.173,59","12.260,01","12.162,20","","1,28%"
"28.08.2019","12.080,56","11.981,64","12.088,70","11.940,70","","0,63%"
"27.08.2019","12.004,55","12.106,66","12.129,70","11.971,20","","-0,33%"
"26.08.2019","12.044,79","11.999,10","12.046,73","11.954,99","","1,09%"
"23.08.2019","11.914,77","12.180,78","12.246,84","11.868,39","","-2,59%"
"22.08.2019","12.231,29","12.267,36","12.298,13","12.157,44","","-0,07%"
"21.08.2019","12.239,40","12.214,81","12.255,71","12.214,54","","0,85%"
"20.08.2019","12.136,59","12.211,80","12.229,59","12.136,05","","-0,76%"
"19.08.2019","12.229,13","12.202,09","12.259,30","12.193,70","","1,19%"
"16.08.2019","12.084,93","11.969,56","12.104,61","11.969,56","","1,47%"
"15.08.2019","11.909,40","11.898,79","11.944,95","11.819,83","","0,24%"
"14.08.2019","11.880,77","12.106,56","12.106,56","11.878,36","","-2,91%"
"13.08.2019","12.237,40","12.039,62","12.303,74","12.033,99","","1,48%"
"12.08.2019","12.059,10","12.157,52","12.157,52","12.016,91","","-1,21%"
"09.08.2019","12.206,43","12.257,94","12.274,84","12.132,48","","-0,66%"
"08.08.2019","12.287,73","12.115,16","12.290,06","12.106,05","","1,93%"
"07.08.2019","12.054,88","11.955,25","12.086,93","11.813,16","","0,10%"
"06.08.2019","12.042,73","11.950,87","12.052,66","11.900,80","","1,32%"
"05.08.2019","11.885,72","12.104,99","12.104,99","11.791,94","","-3,00%"
"02.08.2019","12.253,09","12.306,42","12.313,14","12.179,66","","-0,78%"
"01.08.2019","12.348,87","12.466,58","12.599,74","12.316,65","","-0,90%"
"31.07.2019","12.461,15","12.608,00","12.614,80","12.374,85","","-1,05%"
"30.07.2019","12.593,63","12.567,89","12.610,08","12.544,85","","-0,25%"
"29.07.2019","12.625,13","12.643,22","12.646,29","12.594,58","","-0,19%"
"26.07.2019","12.649,01","12.596,71","12.657,58","12.594,18","","0,76%"
"25.07.2019","12.553,92","12.608,60","12.608,60","12.529,68","","-0,55%"
"24.07.2019","12.623,28","12.534,52","12.623,28","12.526,58","","0,50%"
"23.07.2019","12.560,17","12.511,32","12.561,15","12.489,71","","0,68%"
"22.07.2019","12.475,40","12.460,16","12.497,63","12.442,22","","0,29%"
"19.07.2019","12.439,37","12.550,35","12.562,29","12.438,97","","-0,62%"
"18.07.2019","12.516,80","12.440,78","12.529,60","12.425,70","","0,37%"
"17.07.2019","12.470,48","12.543,82","12.551,75","12.470,33","","-0,61%"
"16.07.2019","12.546,88","12.586,64","12.592,60","12.535,72","","-0,35%"
"15.07.2019","12.591,38","12.605,27","12.605,27","12.567,72","","0,03%"
"12.07.2019","12.587,86","12.547,24","12.588,15","12.537,57","","0,48%"
"11.07.2019","12.527,29","12.518,42","12.535,26","12.480,58","","0,22%"
"10.07.2019","12.499,39","12.486,59","12.538,99","12.464,07","","0,44%"
"09.07.2019","12.444,15","12.380,55","12.452,76","12.376,41","","0,20%"
"08.07.2019","12.419,20","12.438,21","12.440,31","12.396,27","","-0,51%"
"05.07.2019","12.482,70","12.457,67","12.496,25","12.389,38","","-0,16%"
"03.07.2019","12.502,21","12.428,91","12.502,21","12.428,91","","0,81%"
"02.07.2019","12.402,24","12.366,76","12.402,72","12.334,67","","0,29%"
"01.07.2019","12.366,51","12.394,32","12.424,49","12.317,69","","0,77%"
"28.06.2019","12.271,57","12.221,68","12.276,89","12.218,12","","0,59%"
"27.06.2019","12.199,48","12.179,48","12.215,88","12.172,94","","0,43%"
"26.06.2019","12.147,23","12.199,97","12.227,99","12.144,77","","-0,12%"
"25.06.2019","12.162,13","12.277,63","12.279,46","12.157,71","","-0,97%"
"24.06.2019","12.280,64","12.315,03","12.322,30","12.276,22","","-0,22%"
"21.06.2019","12.307,19","12.314,71","12.361,98","12.292,77","","-0,15%"
"20.06.2019","12.325,91","12.300,00","12.341,38","12.234,28","","0,94%"
"19.06.2019","12.210,72","12.186,90","12.231,10","12.158,48","","0,32%"
"18.06.2019","12.171,36","12.119,29","12.224,65","12.119,29","","0,99%"
"17.06.2019","12.052,37","12.052,83","12.083,14","12.042,83","","0,11%"
"14.06.2019","12.038,84","12.041,20","12.068,90","12.009,09","","-0,18%"
"13.06.2019","12.059,99","12.037,03","12.072,79","12.020,63","","0,44%"
"12.06.2019","12.006,98","12.020,31","12.041,43","11.986,18","","-0,19%"
"11.06.2019","12.030,15","12.102,66","12.134,59","12.000,49","","-0,05%"
"10.06.2019","12.036,23","12.031,99","12.112,34","12.031,03","","0,50%"
"07.06.2019","11.976,26","11.872,64","12.022,58","11.872,64","","1,06%"
"06.06.2019","11.850,46","11.785,33","11.885,39","11.763,92","","0,63%"
"05.06.2019","11.776,17","11.710,90","11.779,73","11.669,70","","0,83%"
"04.06.2019","11.678,70","11.481,93","11.683,05","11.481,93","","2,17%"
"03.06.2019","11.430,77","11.468,12","11.508,43","11.367,04","","-0,31%"
"31.05.2019","11.466,23","11.578,34","11.578,34","11.456,76","","-1,26%"
"30.05.2019","11.612,99","11.600,66","11.655,29","11.563,33","","0,22%"
"29.05.2019","11.587,52","11.649,72","11.649,72","11.517,74","","-0,69%"
"28.05.2019","11.668,60","11.783,16","11.826,06","11.667,05","","-0,82%"
"24.05.2019","11.765,50","11.794,31","11.828,11","11.741,24","","0,16%"
"23.05.2019","11.746,53","11.808,59","11.808,59","11.679,28","","-1,22%"
"22.05.2019","11.891,24","11.895,19","11.919,10","11.870,72","","-0,29%"
"21.05.2019","11.926,13","11.881,50","11.944,17","11.881,50","","0,88%"
"20.05.2019","11.822,39","11.828,60","11.877,22","11.785,97","","-0,69%"
"17.05.2019","11.904,10","11.911,09","12.011,52","11.891,59","","-0,60%"
"16.05.2019","11.975,85","11.887,99","12.040,03","11.887,99","","0,93%"
"15.05.2019","11.866,06","11.748,30","11.896,95","11.717,63","","0,62%"
"14.05.2019","11.793,40","11.724,88","11.865,93","11.724,88","","0,86%"
"13.05.2019","11.693,02","11.830,67","11.830,67","11.651,73","","-2,46%"
"10.05.2019","11.987,67","11.909,02","12.026,91","11.759,02","","0,40%"
"09.05.2019","11.939,52","11.887,90","11.959,03","11.796,94","","-0,26%"
"08.05.2019","11.971,09","11.974,61","12.043,67","11.947,35","","-0,15%"
"07.05.2019","11.988,84","12.114,77","12.114,85","11.901,82","","-1,67%"
"06.05.2019","12.192,30","12.094,79","12.211,19","12.073,31","","-0,43%"
"03.05.2019","12.244,44","12.175,96","12.251,41","12.175,96","","1,00%"
"02.05.2019","12.123,62","12.144,89","12.181,34","12.051,37","","-0,21%"
"01.05.2019","12.149,08","12.263,87","12.273,83","12.148,19","","-0,74%"
"30.04.2019","12.240,11","12.200,77","12.248,64","12.151,43","","0,09%"
"29.04.2019","12.229,13","12.214,79","12.256,06","12.214,31","","0,11%"
"26.04.2019","12.215,37","12.155,89","12.215,37","12.124,29","","0,47%"
"25.04.2019","12.158,16","12.186,85","12.186,85","12.103,50","","-0,06%"
"24.04.2019","12.165,99","12.188,94","12.205,57","12.161,64","","-0,22%"
"23.04.2019","12.192,26","12.094,13","12.201,77","12.089,66","","0,90%"
"22.04.2019","12.084,04","12.045,13","12.089,20","12.035,30","","0,11%"
"18.04.2019","12.070,49","12.060,35","12.083,37","12.014,69","","0,16%"
"17.04.2019","12.050,89","12.124,82","12.125,41","12.031,05","","-0,25%"
"16.04.2019","12.081,06","12.102,49","12.118,42","12.055,63","","0,04%"
"15.04.2019","12.076,51","12.087,67","12.090,99","12.039,04","","-0,05%"
"12.04.2019","12.082,79","12.045,73","12.094,20","12.045,73","","0,67%"
"11.04.2019","12.002,80","12.018,97","12.021,38","11.977,39","","0,01%"
"10.04.2019","12.001,59","11.972,65","12.006,52","11.963,65","","0,39%"
"09.04.2019","11.955,26","11.992,73","11.992,73","11.936,69","","-0,58%"
"08.04.2019","12.025,40","11.999,02","12.025,40","11.961,75","","0,11%"
"05.04.2019","12.012,12","11.977,49","12.013,61","11.973,09","","0,47%"
"04.04.2019","11.955,93","11.937,11","11.964,86","11.904,20","","0,20%"
"03.04.2019","11.932,22","11.941,31","11.980,22","11.898,44","","0,23%"
"02.04.2019","11.904,32","11.907,82","11.914,36","11.869,15","","0,00%"
"01.04.2019","11.904,71","11.831,24","11.913,17","11.831,24","","1,16%"
"29.03.2019","11.768,22","11.739,98","11.773,94","11.707,47","","0,68%"
"28.03.2019","11.688,87","11.662,24","11.706,42","11.621,32","","0,39%"
"27.03.2019","11.643,73","11.707,27","11.726,29","11.571,27","","-0,47%"
"26.03.2019","11.698,65","11.670,35","11.745,67","11.639,84","","0,72%"
"25.03.2019","11.614,66","11.607,00","11.661,53","11.561,18","","-0,09%"
"22.03.2019","11.625,26","11.814,66","11.815,18","11.625,23","","-1,92%"
"21.03.2019","11.853,18","11.708,05","11.874,40","11.697,52","","1,11%"
"20.03.2019","11.723,03","11.755,09","11.801,53","11.674,24","","-0,37%"
"19.03.2019","11.766,19","11.791,55","11.848,07","11.730,09","","0,06%"
"18.03.2019","11.759,67","11.722,85","11.770,65","11.714,68","","0,38%"
"15.03.2019","11.715,41","11.673,67","11.747,80","11.672,51","","0,49%"
"14.03.2019","11.658,39","11.666,60","11.683,71","11.639,23","","-0,06%"
"13.03.2019","11.665,07","11.618,69","11.707,90","11.618,69","","0,70%"
"12.03.2019","11.584,48","11.569,02","11.612,35","11.565,54","","0,30%"
"11.03.2019","11.549,68","11.417,71","11.551,60","11.417,71","","1,48%"
"08.03.2019","11.381,31","11.332,09","11.384,82","11.296,48","","-0,20%"
"07.03.2019","11.404,19","11.476,50","11.477,24","11.365,09","","-0,79%"
"06.03.2019","11.494,54","11.572,90","11.574,52","11.484,52","","-0,66%"
"05.03.2019","11.571,04","11.589,20","11.598,87","11.543,83","","-0,12%"
"04.03.2019","11.584,78","11.677,16","11.685,43","11.481,11","","-0,41%"
"01.03.2019","11.632,86","11.615,19","11.650,64","11.565,66","","0,68%"
"28.02.2019","11.554,59","11.568,88","11.592,64","11.546,95","","-0,25%"
"27.02.2019","11.583,89","11.557,29","11.596,09","11.512,68","","0,02%"
"26.02.2019","11.581,12","11.576,94","11.618,09","11.561,24","","-0,08%"
"25.02.2019","11.589,86","11.625,56","11.661,61","11.585,80","","0,14%"
"22.02.2019","11.573,62","11.525,25","11.578,04","11.518,17","","0,68%"
"21.02.2019","11.495,91","11.518,74","11.522,67","11.454,87","","-0,36%"
"20.02.2019","11.537,50","11.516,48","11.556,78","11.496,05","","0,19%"
"19.02.2019","11.516,12","11.472,98","11.546,85","11.468,35","","0,15%"
"15.02.2019","11.498,45","11.427,15","11.498,57","11.427,15","","1,09%"
"14.02.2019","11.374,71","11.364,82","11.423,10","11.317,87","","-0,22%"
"13.02.2019","11.400,14","11.392,17","11.433,64","11.381,88","","0,30%"
"12.02.2019","11.366,46","11.272,92","11.379,88","11.272,92","","1,31%"
"11.02.2019","11.219,77","11.236,42","11.253,05","11.196,41","","0,08%"
"08.02.2019","11.210,96","11.150,03","11.211,19","11.104,69","","0,10%"
"07.02.2019","11.199,62","11.243,72","11.251,17","11.120,83","","-0,89%"
"06.02.2019","11.300,23","11.315,84","11.329,22","11.272,65","","-0,22%"
"05.02.2019","11.324,73","11.281,88","11.329,10","11.269,38","","0,48%"
"04.02.2019","11.270,88","11.192,16","11.270,93","11.164,43","","0,68%"
"01.02.2019","11.195,03","11.166,17","11.232,98","11.157,16","","0,13%"
"31.01.2019","11.180,30","11.098,79","11.199,49","11.077,93","","0,90%"
"30.01.2019","11.080,76","10.959,08","11.118,32","10.944,57","","1,58%"
"29.01.2019","10.908,40","10.929,46","10.953,41","10.875,37","","-0,16%"
"28.01.2019","10.926,21","10.943,00","10.943,00","10.845,44","","-0,77%"
"25.01.2019","11.010,89","10.973,09","11.038,92","10.973,09","","0,89%"
"24.01.2019","10.913,45","10.901,09","10.932,03","10.853,06","","0,16%"
"23.01.2019","10.896,37","10.883,75","10.956,27","10.792,77","","0,20%"
"22.01.2019","10.874,46","10.998,93","10.998,93","10.812,16","","-1,41%"
"18.01.2019","11.029,93","10.888,57","11.048,09","10.888,57","","1,30%"
"17.01.2019","10.888,47","10.772,71","10.924,67","10.765,14","","0,78%"
"16.01.2019","10.804,53","10.792,51","10.843,02","10.790,40","","0,25%"
"15.01.2019","10.778,05","10.679,16","10.787,97","10.676,91","","1,07%"
"14.01.2019","10.664,12","10.657,52","10.691,75","10.615,88","","-0,53%"
"11.01.2019","10.721,22","10.682,10","10.721,22","10.645,35","","-0,01%"
"10.01.2019","10.722,69","10.626,62","10.726,61","10.581,15","","0,46%"
"09.01.2019","10.673,17","10.655,53","10.713,61","10.609,04","","0,46%"
"08.01.2019","10.623,83","10.592,98","10.642,93","10.512,04","","1,00%"
"07.01.2019","10.519,09","10.453,47","10.585,91","10.417,06","","0,74%"
"04.01.2019","10.441,43","10.191,95","10.466,08","10.191,95","","3,45%"
"03.01.2019","10.092,80","10.271,70","10.271,70","10.088,74","","-2,41%"
"02.01.2019","10.341,87","10.212,10","10.378,86","10.167,54","","0,11%"
"31.12.2018","10.330,72","10.302,43","10.336,07","10.232,09","","0,87%"
"28.12.2018","10.241,45","10.289,56","10.380,13","10.190,12","","-0,09%"
"27.12.2018","10.250,69","10.069,76","10.250,69","9.880,69","","0,86%"
"26.12.2018","10.163,60","9.735,55","10.163,73","9.667,30","","4,97%"
"24.12.2018","9.682,01","9.893,16","9.921,56","9.682,01","","-2,68%"
"21.12.2018","9.948,97","10.190,31","10.304,92","9.916,57","","-2,08%"
"20.12.2018","10.160,69","10.284,67","10.333,44","10.053,35","","-1,59%"
"19.12.2018","10.324,78","10.482,86","10.641,23","10.297,86","","-1,53%"
"18.12.2018","10.484,74","10.534,67","10.598,17","10.417,46","","0,02%"
"17.12.2018","10.483,10","10.681,67","10.709,78","10.421,21","","-2,10%"
"14.12.2018","10.707,83","10.837,83","10.848,57","10.683,03","","-1,87%"
"13.12.2018","10.912,25","10.947,76","10.991,94","10.860,20","","-0,03%"
"12.12.2018","10.915,77","10.946,57","11.056,09","10.915,76","","0,56%"
"11.12.2018","10.855,13","10.962,13","11.009,13","10.794,91","","-0,05%"
"10.12.2018","10.860,27","10.827,51","10.898,90","10.646,20","","0,17%"
"07.12.2018","10.841,54","11.088,01","11.151,92","10.801,99","","-2,34%"
"06.12.2018","11.100,84","11.040,66","11.100,90","10.797,08","","-0,09%"
"04.12.2018","11.110,29","11.451,74","11.462,94","11.099,97","","-3,23%"
"03.12.2018","11.481,00","11.471,25","11.517,11","11.410,99","","1,12%"
"30.11.2018","11.353,43","11.260,30","11.356,02","11.243,02","","0,84%"
"29.11.2018","11.259,09","11.258,52","11.324,76","11.198,56","","-0,19%"
"28.11.2018","11.280,72","11.065,57","11.281,55","11.034,66","","2,31%"
"27.11.2018","11.025,78","10.959,85","11.026,16","10.929,66","","0,26%"
"26.11.2018","10.996,67","10.826,19","11.000,05","10.826,19","","1,60%"
"23.11.2018","10.823,71","10.837,11","10.884,29","10.820,19","","-0,64%"
"21.11.2018","10.893,55","10.913,43","10.976,31","10.893,53","","0,36%"
"20.11.2018","10.854,86","10.937,06","10.964,84","10.812,93","","-1,78%"
"19.11.2018","11.052,06","11.231,54","11.231,54","11.016,15","","-1,70%"
"16.11.2018","11.243,17","11.216,79","11.282,71","11.146,96","","0,23%"
"15.11.2018","11.217,35","11.062,34","11.236,56","10.979,40","","1,11%"
"14.11.2018","11.093,97","11.240,45","11.280,25","11.031,50","","-0,73%"
"13.11.2018","11.175,91","11.213,64","11.307,25","11.148,07","","-0,13%"
"12.11.2018","11.190,98","11.412,03","11.412,03","11.178,74","","-1,99%"
"09.11.2018","11.417,64","11.499,67","11.499,67","11.348,92","","-0,92%"
"08.11.2018","11.523,87","11.534,40","11.556,72","11.478,53","","-0,24%"
"07.11.2018","11.551,49","11.387,34","11.555,94","11.387,34","","2,09%"
"06.11.2018","11.314,65","11.245,61","11.318,70","11.238,52","","0,62%"
"05.11.2018","11.244,42","11.189,72","11.267,80","11.161,57","","0,50%"
"02.11.2018","11.189,03","11.266,57","11.327,41","11.099,58","","-0,64%"
"01.11.2018","11.261,54","11.160,61","11.266,47","11.128,33","","1,12%"
"31.10.2018","11.136,46","11.104,62","11.236,06","11.104,62","","1,14%"
"30.10.2018","11.011,45","10.832,23","11.021,07","10.816,99","","1,59%"
"29.10.2018","10.839,54","11.005,82","11.110,36","10.689,48","","-0,67%"
"26.10.2018","10.913,02","10.965,49","11.047,02","10.788,38","","-1,73%"
"25.10.2018","11.104,65","10.976,07","11.173,85","10.950,49","","1,87%"
"24.10.2018","10.900,37","11.241,23","11.257,11","10.886,48","","-3,11%"
"23.10.2018","11.250,70","11.198,95","11.302,21","11.047,29","","-0,53%"
"22.10.2018","11.310,92","11.386,96","11.401,43","11.283,15","","-0,42%"
"19.10.2018","11.358,51","11.393,82","11.484,04","11.331,19","","-0,07%"
"18.10.2018","11.366,32","11.504,01","11.518,17","11.312,69","","-1,45%"
"17.10.2018","11.532,99","11.545,99","11.562,94","11.424,84","","-0,04%"
"16.10.2018","11.538,10","11.356,18","11.549,08","11.356,18","","2,16%"
"15.10.2018","11.294,25","11.340,44","11.395,40","11.288,04","","-0,57%"
"12.10.2018","11.359,22","11.339,45","11.392,39","11.204,24","","1,44%"
"11.10.2018","11.197,89","11.399,78","11.469,55","11.136,04","","-2,04%"
"10.10.2018","11.431,64","11.786,89","11.790,22","11.430,77","","-3,28%"
"09.10.2018","11.819,78","11.824,40","11.878,81","11.797,23","","-0,13%"
"08.10.2018","11.834,69","11.811,84","11.855,30","11.745,14","","-0,08%"
"05.10.2018","11.844,42","11.915,03","11.944,54","11.777,02","","-0,58%"
"04.10.2018","11.913,64","11.987,64","11.991,47","11.842,99","","-0,84%"
"03.10.2018","12.013,96","12.041,27","12.070,24","11.997,94","","0,09%"
"02.10.2018","12.003,71","12.003,58","12.036,69","11.987,89","","-0,04%"
"01.10.2018","12.008,70","12.006,65","12.061,67","11.982,30","","0,35%"
"28.09.2018","11.967,29","11.951,17","11.992,71","11.941,35","","0,00%"
"27.09.2018","11.967,41","11.957,36","12.019,96","11.948,89","","0,29%"
"26.09.2018","11.932,40","11.978,90","12.034,86","11.923,61","","-0,34%"
"25.09.2018","11.973,25","11.998,08","12.004,45","11.967,21","","-0,10%"
"24.09.2018","11.984,73","11.990,67","12.001,33","11.957,65","","-0,34%"
"21.09.2018","12.025,60","12.045,66","12.072,50","12.016,40","","-0,05%"
"20.09.2018","12.031,83","11.984,26","12.047,83","11.984,26","","0,79%"
"19.09.2018","11.937,60","11.935,52","11.956,12","11.921,93","","0,10%"
"18.09.2018","11.926,13","11.872,45","11.953,57","11.872,45","","0,54%"
"17.09.2018","11.862,56","11.928,51","11.932,59","11.852,39","","-0,60%"
"14.09.2018","11.934,19","11.939,33","11.947,64","11.896,57","","0,05%"
"13.09.2018","11.927,74","11.901,95","11.939,11","11.898,09","","0,55%"
"12.09.2018","11.862,69","11.852,98","11.882,34","11.818,26","","0,05%"
"11.09.2018","11.856,70","11.785,74","11.874,82","11.771,38","","0,37%"
"10.09.2018","11.812,72","11.826,79","11.848,30","11.808,09","","0,21%"
"07.09.2018","11.788,49","11.774,58","11.838,39","11.760,22","","-0,23%"
"06.09.2018","11.815,20","11.857,45","11.873,72","11.772,89","","-0,34%"
"05.09.2018","11.855,50","11.876,83","11.880,57","11.808,41","","-0,32%"
"04.09.2018","11.893,84","11.896,06","11.908,13","11.847,24","","-0,16%"
"31.08.2018","11.912,82","11.895,94","11.930,74","11.873,96","","0,04%"
"30.08.2018","11.908,57","11.946,20","11.953,86","11.885,93","","-0,43%"
"29.08.2018","11.959,85","11.904,84","11.970,05","11.897,48","","0,57%"
"28.08.2018","11.891,72","11.908,14","11.917,85","11.875,15","","0,02%"
"27.08.2018","11.888,83","11.836,25","11.895,99","11.836,25","","0,77%"
"24.08.2018","11.797,68","11.746,44","11.803,79","11.746,44","","0,65%"
"23.08.2018","11.721,60","11.737,39","11.769,98","11.711,31","","-0,18%"
"22.08.2018","11.742,58","11.733,38","11.764,80","11.719,52","","-0,02%"
"21.08.2018","11.744,95","11.733,51","11.786,18","11.733,51","","0,24%"
"20.08.2018","11.717,17","11.702,99","11.728,02","11.690,49","","0,24%"
"17.08.2018","11.688,83","11.640,58","11.710,15","11.621,87","","0,33%"
"16.08.2018","11.650,33","11.616,97","11.690,88","11.616,97","","0,82%"
"15.08.2018","11.555,85","11.594,09","11.594,09","11.492,86","","-0,78%"
"14.08.2018","11.646,24","11.600,43","11.658,96","11.594,00","","0,64%"
"13.08.2018","11.572,53","11.628,52","11.660,82","11.564,81","","-0,40%"
"10.08.2018","11.619,58","11.645,35","11.655,17","11.591,06","","-0,66%"
"09.08.2018","11.696,82","11.710,25","11.733,91","11.690,71","","-0,10%"
"08.08.2018","11.708,32","11.705,35","11.727,83","11.690,58","","-0,03%"
"07.08.2018","11.712,17","11.700,27","11.730,09","11.700,27","","0,30%"
"06.08.2018","11.677,45","11.630,65","11.687,96","11.618,11","","0,37%"
"03.08.2018","11.634,78","11.595,89","11.634,80","11.584,68","","0,44%"
"02.08.2018","11.584,06","11.469,51","11.594,23","11.458,31","","0,56%"
"01.08.2018","11.519,96","11.547,02","11.570,33","11.489,84","","-0,10%"
"31.07.2018","11.530,98","11.503,34","11.564,11","11.495,86","","0,51%"
"30.07.2018","11.472,75","11.543,68","11.554,38","11.455,14","","-0,60%"
"27.07.2018","11.542,19","11.651,75","11.651,75","11.499,30","","-0,69%"
"26.07.2018","11.622,73","11.660,89","11.670,98","11.617,07","","-0,29%"
"25.07.2018","11.656,49","11.546,54","11.663,63","11.543,48","","0,92%"
"24.07.2018","11.550,46","11.555,41","11.592,54","11.513,15","","0,42%"
"23.07.2018","11.501,85","11.476,07","11.508,22","11.454,44","","0,16%"
"20.07.2018","11.483,10","11.498,96","11.514,50","11.477,08","","-0,10%"
"19.07.2018","11.494,56","11.515,99","11.523,63","11.474,92","","-0,37%"
"18.07.2018","11.536,95","11.515,85","11.541,03","11.497,57","","0,19%"
"17.07.2018","11.514,83","11.439,61","11.533,25","11.434,14","","0,42%"
"16.07.2018","11.466,23","11.482,34","11.490,09","11.447,01","","-0,12%"
"13.07.2018","11.479,90","11.468,89","11.493,51","11.442,01","","0,09%"
"12.07.2018","11.469,48","11.417,68","11.472,02","11.401,13","","0,89%"
"11.07.2018","11.368,70","11.396,46","11.417,66","11.356,08","","-0,70%"
"10.07.2018","11.449,29","11.427,53","11.457,28","11.418,78","","0,34%"
"09.07.2018","11.411,01","11.346,21","11.412,07","11.346,21","","0,92%"
"06.07.2018","11.307,50","11.208,76","11.325,13","11.200,01","","0,87%"
"05.07.2018","11.210,12","11.162,38","11.214,51","11.127,11","","0,89%"
"03.07.2018","11.111,77","11.197,20","11.205,64","11.104,09","","-0,49%"
"02.07.2018","11.166,20","11.079,24","11.167,94","11.055,93","","0,31%"
"29.06.2018","11.131,38","11.151,35","11.231,28","11.131,38","","0,09%"
"28.06.2018","11.121,32","11.048,38","11.153,26","11.022,06","","0,63%"
"27.06.2018","11.051,82","11.171,22","11.243,18","11.051,76","","-0,88%"
"26.06.2018","11.150,40","11.143,19","11.188,52","11.119,52","","0,23%"
"25.06.2018","11.125,35","11.245,58","11.245,58","11.052,86","","-1,40%"
"22.06.2018","11.283,30","11.296,61","11.319,70","11.276,47","","0,18%"
"21.06.2018","11.262,90","11.345,91","11.345,91","11.241,77","","-0,65%"
"20.06.2018","11.337,01","11.347,45","11.366,50","11.323,30","","0,19%"
"19.06.2018","11.315,51","11.280,01","11.323,55","11.234,61","","-0,41%"
"18.06.2018","11.361,68","11.325,74","11.365,68","11.290,00","","-0,18%"
"15.06.2018","11.382,36","11.379,92","11.393,49","11.311,12","","-0,08%"
"14.06.2018","11.391,14","11.388,15","11.414,37","11.367,44","","0,30%"
"13.06.2018","11.356,99","11.412,84","11.422,02","11.354,52","","-0,40%"
"12.06.2018","11.402,19","11.390,46","11.414,88","11.370,18","","0,20%"
"11.06.2018","11.378,95","11.367,17","11.411,22","11.367,17","","0,11%"
"08.06.2018","11.366,74","11.320,37","11.367,27","11.304,37","","0,32%"
"07.06.2018","11.330,12","11.346,84","11.372,39","11.288,67","","-0,08%"
"06.06.2018","11.339,29","11.256,09","11.339,29","11.241,50","","0,88%"
"05.06.2018","11.240,74","11.239,20","11.255,50","11.203,65","","0,09%"
"04.06.2018","11.230,30","11.180,08","11.237,44","11.180,08","","0,46%"
"01.06.2018","11.179,27","11.061,77","11.187,39","11.061,77","","1,11%"
"31.05.2018","11.056,29","11.114,14","11.124,77","11.038,82","","-0,66%"
"30.05.2018","11.130,29","11.032,17","11.152,11","11.032,17","","1,28%"
"29.05.2018","10.989,56","11.056,17","11.071,39","10.938,40","","-1,11%"
"25.05.2018","11.113,35","11.130,09","11.137,20","11.089,13","","-0,23%"
"24.05.2018","11.138,61","11.151,24","11.154,58","11.058,02","","-0,20%"
"23.05.2018","11.160,60","11.079,09","11.160,61","11.065,65","","0,34%"
"22.05.2018","11.122,81","11.181,58","11.195,81","11.113,09","","-0,33%"
"21.05.2018","11.160,08","11.128,83","11.184,24","11.128,83","","0,74%"
"18.05.2018","11.078,25","11.093,47","11.103,10","11.064,29","","-0,24%"
"17.05.2018","11.104,91","11.099,71","11.152,39","11.070,28","","-0,05%"
"16.05.2018","11.109,94","11.068,52","11.131,21","11.068,52","","0,43%"
"15.05.2018","11.062,38","11.090,16","11.090,16","11.025,36","","-0,67%"
"14.05.2018","11.137,18","11.150,86","11.187,14","11.119,56","","0,07%"
"11.05.2018","11.129,00","11.112,25","11.150,85","11.089,55","","0,19%"
"10.05.2018","11.108,32","11.032,55","11.121,73","11.032,55","","0,93%"
"09.05.2018","11.005,94","10.925,48","11.019,46","10.910,07","","0,96%"
"08.05.2018","10.901,01","10.887,39","10.916,91","10.834,57","","-0,01%"
"07.05.2018","10.901,95","10.884,63","10.944,55","10.870,97","","0,38%"
"04.05.2018","10.860,80","10.692,84","10.891,02","10.668,98","","1,30%"
"03.05.2018","10.721,88","10.710,40","10.751,15","10.579,76","","-0,21%"
"02.05.2018","10.744,65","10.816,67","10.845,30","10.729,48","","-0,69%"
"01.05.2018","10.819,61","10.780,65","10.820,37","10.703,64","","0,25%"
"30.04.2018","10.793,11","10.898,89","10.931,89","10.793,11","","-0,78%"
"27.04.2018","10.878,38","10.908,44","10.914,13","10.835,87","","0,08%"
"26.04.2018","10.869,77","10.813,55","10.906,82","10.791,31","","1,05%"
"25.04.2018","10.757,04","10.738,23","10.780,58","10.653,08","","0,15%"
"24.04.2018","10.740,94","10.920,47","10.939,06","10.673,54","","-1,32%"
"23.04.2018","10.884,96","10.907,72","10.936,17","10.836,68","","0,00%"
"20.04.2018","10.885,10","10.977,13","10.980,46","10.847,65","","-0,84%"
"19.04.2018","10.976,78","11.014,60","11.017,60","10.933,11","","-0,55%"
"18.04.2018","11.037,51","11.044,86","11.072,67","11.017,31","","0,09%"
"17.04.2018","11.027,69","10.969,47","11.055,54","10.967,85","","1,09%"
"16.04.2018","10.908,41","10.871,08","10.942,06","10.856,02","","0,82%"
"13.04.2018","10.819,79","10.900,19","10.917,79","10.777,39","","-0,30%"
"12.04.2018","10.852,77","10.812,91","10.894,87","10.812,91","","0,81%"
"11.04.2018","10.765,10","10.774,99","10.841,20","10.754,07","","-0,53%"
"10.04.2018","10.822,59","10.743,73","10.856,51","10.740,58","","1,70%"
"09.04.2018","10.641,61","10.656,05","10.804,88","10.634,55","","0,34%"
"06.04.2018","10.605,41","10.772,56","10.815,97","10.533,11","","-2,17%"
"05.04.2018","10.840,65","10.817,09","10.876,94","10.788,99","","0,71%"
"04.04.2018","10.764,19","10.527,85","10.784,07","10.494,41","","1,16%"
"03.04.2018","10.640,82","10.559,58","10.660,41","10.487,90","","1,24%"
"02.04.2018","10.510,56","10.717,49","10.737,93","10.399,28","","-2,23%"
"29.03.2018","10.749,94","10.646,36","10.821,16","10.624,48","","1,38%"
"28.03.2018","10.603,46","10.630,48","10.711,42","10.557,86","","-0,30%"
"27.03.2018","10.635,68","10.857,87","10.886,83","10.577,99","","-1,75%"
"26.03.2018","10.825,15","10.651,47","10.835,89","10.598,28","","2,69%"
"23.03.2018","10.541,99","10.778,39","10.819,24","10.533,76","","-2,09%"
"22.03.2018","10.766,82","10.956,48","10.976,02","10.762,19","","-2,50%"
"21.03.2018","11.043,29","11.053,29","11.149,22","11.035,88","","-0,15%"
"20.03.2018","11.059,53","11.060,86","11.087,06","11.033,17","","0,15%"
"19.03.2018","11.042,82","11.156,50","11.156,50","10.970,11","","-1,41%"
"16.03.2018","11.200,28","11.195,40","11.237,21","11.191,67","","0,18%"
"15.03.2018","11.179,64","11.208,33","11.242,36","11.155,99","","-0,09%"
"14.03.2018","11.190,15","11.284,53","11.298,45","11.172,73","","-0,53%"
"13.03.2018","11.249,24","11.362,78","11.394,52","11.225,11","","-0,63%"
"12.03.2018","11.320,57","11.347,75","11.372,93","11.306,24","","-0,10%"
"09.03.2018","11.332,01","11.191,15","11.332,02","11.191,15","","1,70%"
"08.03.2018","11.142,16","11.115,36","11.147,85","11.078,69","","0,46%"
"07.03.2018","11.091,66","11.021,76","11.106,13","10.991,63","","-0,01%"
"06.03.2018","11.093,13","11.095,18","11.102,75","11.025,43","","0,30%"
"05.03.2018","11.059,96","10.900,41","11.087,51","10.877,15","","1,11%"
"02.03.2018","10.938,34","10.812,52","10.956,22","10.759,35","","0,56%"
"01.03.2018","10.877,73","11.024,58","11.087,14","10.804,81","","-1,28%"
"28.02.2018","11.018,81","11.183,54","11.209,65","11.017,89","","-1,08%"
"27.02.2018","11.139,51","11.282,09","11.319,92","11.139,21","","-1,25%"
"26.02.2018","11.280,87","11.187,72","11.284,23","11.179,17","","1,14%"
"23.02.2018","11.154,26","11.030,14","11.155,57","11.018,90","","1,60%"
"22.02.2018","10.978,77","11.005,88","11.087,18","10.955,92","","0,07%"
"21.02.2018","10.971,06","11.048,08","11.152,03","10.971,01","","-0,53%"
"20.02.2018","11.029,98","11.059,43","11.115,08","10.992,89","","-0,57%"
"16.02.2018","11.093,24","11.075,77","11.181,33","11.068,26","","0,04%"
"15.02.2018","11.089,11","11.013,80","11.089,89","10.923,61","","1,22%"
"14.02.2018","10.955,29","10.761,61","10.968,69","10.754,05","","1,40%"
"13.02.2018","10.804,16","10.731,10","10.826,75","10.704,44","","0,29%"
"12.02.2018","10.772,67","10.668,84","10.839,14","10.640,09","","1,38%"
"09.02.2018","10.625,69","10.529,14","10.696,70","10.277,68","","1,50%"
"08.02.2018","10.468,96","10.884,41","10.884,41","10.468,96","","-3,73%"
"07.02.2018","10.874,59","10.904,35","11.055,51","10.874,08","","-0,46%"
"06.02.2018","10.924,87","10.681,18","10.948,23","10.567,22","","1,70%"
"05.02.2018","10.742,13","11.183,30","11.201,06","10.702,39","","-4,05%"
"02.02.2018","11.195,77","11.382,53","11.382,53","11.189,85","","-2,09%"
"01.02.2018","11.434,49","11.408,68","11.489,62","11.399,03","","-0,04%"
"31.01.2018","11.438,55","11.464,80","11.500,73","11.396,42","","0,05%"
"30.01.2018","11.432,69","11.502,15","11.502,15","11.416,15","","-1,08%"
"29.01.2018","11.557,14","11.631,99","11.631,99","11.549,53","","-0,67%"
"26.01.2018","11.634,80","11.529,27","11.634,80","11.529,27","","1,17%"
"25.01.2018","11.500,04","11.526,95","11.535,10","11.468,10","","0,06%"
"24.01.2018","11.492,65","11.514,87","11.555,87","11.442,39","","-0,05%"
"23.01.2018","11.498,51","11.479,19","11.508,93","11.464,81","","0,23%"
"22.01.2018","11.472,20","11.381,79","11.472,32","11.374,08","","0,81%"
"19.01.2018","11.380,42","11.326,28","11.380,47","11.326,28","","0,48%"
"18.01.2018","11.326,21","11.337,73","11.357,48","11.305,70","","-0,15%"
"17.01.2018","11.342,86","11.271,39","11.361,14","11.247,97","","0,94%"
"16.01.2018","11.237,29","11.318,03","11.361,94","11.208,45","","-0,37%"
"12.01.2018","11.278,60","11.211,34","11.284,59","11.211,34","","0,65%"
"11.01.2018","11.206,17","11.131,76","11.206,17","11.131,76","","0,72%"
"10.01.2018","11.125,52","11.132,24","11.135,75","11.078,76","","-0,13%"
"09.01.2018","11.139,92","11.133,36","11.171,38","11.127,24","","0,16%"
"08.01.2018","11.121,95","11.100,79","11.123,62","11.080,07","","0,19%"
"05.01.2018","11.100,77","11.035,43","11.100,77","11.035,43","","0,70%"
"04.01.2018","11.024,08","10.983,97","11.044,98","10.983,97","","0,42%"
"03.01.2018","10.977,98","10.911,59","10.982,76","10.911,59","","0,65%"
"02.01.2018","10.907,57","10.855,50","10.907,82","10.853,10","","0,83%"
"29.12.2017","10.817,69","10.878,29","10.892,43","10.817,69","","-0,52%"
"28.12.2017","10.874,12","10.866,03","10.874,51","10.853,08","","0,21%"
"27.12.2017","10.850,80","10.848,36","10.863,15","10.836,69","","0,08%"
"26.12.2017","10.841,72","10.834,11","10.850,46","10.832,09","","-0,10%"
"22.12.2017","10.852,60","10.853,31","10.861,01","10.833,14","","-0,04%"
"21.12.2017","10.857,12","10.840,33","10.888,32","10.840,33","","0,21%"
"20.12.2017","10.834,72","10.861,32","10.880,69","10.821,97","","-0,07%"
"19.12.2017","10.842,57","10.882,70","10.892,60","10.840,56","","-0,32%"
"18.12.2017","10.877,76","10.861,34","10.895,66","10.861,34","","0,55%"
"15.12.2017","10.817,99","10.728,86","10.833,03","10.728,86","","0,90%"
"14.12.2017","10.721,81","10.766,83","10.787,31","10.721,80","","-0,39%"
"13.12.2017","10.763,87","10.776,36","10.800,85","10.763,87","","-0,04%"
"12.12.2017","10.768,70","10.753,31","10.791,24","10.752,80","","0,15%"
"11.12.2017","10.752,71","10.721,25","10.753,80","10.720,06","","0,33%"
"08.12.2017","10.717,77","10.662,31","10.717,87","10.662,31","","0,56%"
"07.12.2017","10.657,70","10.624,55","10.674,09","10.614,98","","0,33%"
"06.12.2017","10.622,69","10.622,23","10.642,12","10.607,00","","-0,02%"
"05.12.2017","10.625,13","10.664,85","10.702,09","10.617,97","","-0,37%"
"04.12.2017","10.664,46","10.731,71","10.771,77","10.663,36","","-0,15%"
"01.12.2017","10.680,45","10.690,64","10.713,31","10.535,35","","-0,20%"
"30.11.2017","10.701,68","10.646,69","10.742,03","10.646,69","","0,82%"
"29.11.2017","10.614,28","10.623,46","10.652,16","10.590,70","","-0,04%"
"28.11.2017","10.618,85","10.534,69","10.621,27","10.532,84","","0,97%"
"27.11.2017","10.516,76","10.525,12","10.537,19","10.506,90","","-0,04%"
"24.11.2017","10.521,06","10.515,76","10.527,86","10.514,03","","0,22%"
"22.11.2017","10.498,20","10.509,21","10.512,98","10.491,74","","-0,06%"
"21.11.2017","10.504,87","10.467,09","10.512,55","10.467,09","","0,65%"
"20.11.2017","10.436,90","10.427,35","10.446,06","10.421,00","","0,14%"
"17.11.2017","10.422,16","10.432,55","10.439,94","10.418,02","","-0,22%"
"16.11.2017","10.444,81","10.356,49","10.462,96","10.356,49","","0,85%"
"15.11.2017","10.356,45","10.410,70","10.410,70","10.327,03","","-0,52%"
"14.11.2017","10.410,79","10.432,96","10.432,96","10.363,54","","-0,22%"
"13.11.2017","10.433,32","10.395,18","10.444,31","10.392,17","","0,10%"
"10.11.2017","10.422,88","10.413,80","10.429,00","10.396,58","","-0,04%"
"09.11.2017","10.427,18","10.412,94","10.435,51","10.354,74","","-0,35%"
"08.11.2017","10.464,07","10.441,00","10.468,26","10.426,71","","0,15%"
"07.11.2017","10.448,50","10.456,76","10.474,91","10.424,02","","-0,03%"
"06.11.2017","10.451,86","10.436,35","10.460,71","10.429,58","","0,14%"
"03.11.2017","10.437,07","10.411,96","10.438,23","10.391,54","","0,34%"
"02.11.2017","10.401,74","10.397,35","10.406,89","10.350,09","","0,01%"
"01.11.2017","10.400,57","10.417,08","10.438,63","10.383,13","","0,14%"
"31.10.2017","10.385,54","10.380,30","10.397,47","10.372,29","","0,13%"
"30.10.2017","10.372,57","10.395,28","10.401,57","10.354,73","","-0,33%"
"27.10.2017","10.406,65","10.369,26","10.413,05","10.345,05","","0,80%"
"26.10.2017","10.324,53","10.334,84","10.348,08","10.318,59","","0,16%"
"25.10.2017","10.307,85","10.346,94","10.350,81","10.254,95","","-0,47%"
"24.10.2017","10.356,43","10.355,13","10.368,30","10.344,22","","0,16%"
"23.10.2017","10.339,68","10.391,41","10.393,93","10.337,33","","-0,41%"
"20.10.2017","10.381,76","10.352,59","10.382,93","10.352,59","","0,51%"
"19.10.2017","10.328,60","10.286,97","10.329,28","10.269,53","","0,06%"
"18.10.2017","10.322,58","10.323,19","10.334,58","10.317,20","","0,07%"
"17.10.2017","10.314,88","10.304,00","10.315,82","10.297,13","","0,07%"
"16.10.2017","10.307,71","10.300,57","10.314,91","10.288,56","","0,17%"
"13.10.2017","10.290,45","10.304,75","10.309,27","10.287,53","","0,07%"
"12.10.2017","10.282,92","10.288,09","10.300,49","10.273,06","","-0,16%"
"11.10.2017","10.299,84","10.279,53","10.299,84","10.271,11","","0,18%"
"10.10.2017","10.281,19","10.278,72","10.300,13","10.259,27","","0,22%"
"09.10.2017","10.258,42","10.286,00","10.287,66","10.246,52","","-0,20%"
"06.10.2017","10.278,54","10.268,14","10.278,81","10.256,71","","-0,08%"
"05.10.2017","10.286,56","10.241,67","10.288,19","10.239,99","","0,58%"
"04.10.2017","10.227,71","10.209,40","10.238,61","10.203,21","","0,13%"
"03.10.2017","10.214,76","10.197,91","10.216,53","10.191,83","","0,21%"
"02.10.2017","10.193,51","10.154,16","10.193,76","10.154,16","","0,40%"
"29.09.2017","10.153,05","10.117,53","10.153,05","10.108,72","","0,37%"
"28.09.2017","10.115,32","10.091,95","10.117,92","10.086,17","","0,12%"
"27.09.2017","10.102,92","10.088,79","10.121,92","10.058,54","","0,41%"
"26.09.2017","10.061,40","10.076,97","10.088,31","10.055,10","","0,01%"
"25.09.2017","10.060,23","10.074,68","10.085,29","10.028,53","","-0,24%"
"22.09.2017","10.084,00","10.061,88","10.088,52","10.061,88","","0,08%"
"21.09.2017","10.076,25","10.099,85","10.100,85","10.070,42","","-0,30%"
"20.09.2017","10.106,47","10.104,10","10.109,15","10.061,21","","0,06%"
"19.09.2017","10.100,44","10.099,72","10.105,44","10.087,32","","0,10%"
"18.09.2017","10.090,07","10.074,21","10.106,73","10.074,14","","0,17%"
"15.09.2017","10.073,23","10.052,75","10.073,31","10.044,27","","0,20%"
"14.09.2017","10.053,37","10.047,07","10.063,67","10.035,89","","-0,07%"
"13.09.2017","10.060,65","10.044,60","10.060,66","10.038,57","","0,06%"
"12.09.2017","10.054,20","10.032,70","10.054,78","10.029,62","","0,36%"
"11.09.2017","10.018,63","9.924,81","10.021,79","9.924,81","","1,09%"
"08.09.2017","9.910,73","9.914,18","9.932,27","9.903,23","","-0,14%"
"07.09.2017","9.924,78","9.935,87","9.939,72","9.906,65","","-0,01%"
"06.09.2017","9.925,38","9.920,00","9.941,76","9.900,66","","0,30%"
"05.09.2017","9.895,67","9.950,59","9.953,43","9.850,73","","-0,76%"
"01.09.2017","9.971,38","9.966,05","9.986,38","9.960,99","","0,21%"
"31.08.2017","9.950,13","9.911,77","9.962,51","9.911,77","","0,60%"
"30.08.2017","9.890,56","9.840,27","9.900,89","9.834,38","","0,50%"
"29.08.2017","9.841,25","9.784,22","9.852,61","9.773,32","","0,09%"
"28.08.2017","9.832,36","9.844,49","9.852,12","9.811,85","","0,05%"
"25.08.2017","9.827,79","9.835,58","9.870,34","9.826,02","","0,16%"
"24.08.2017","9.811,66","9.841,17","9.854,15","9.800,33","","-0,17%"
"23.08.2017","9.828,56","9.828,32","9.847,32","9.818,55","","-0,31%"
"22.08.2017","9.859,16","9.784,88","9.867,89","9.784,88","","1,01%"
"21.08.2017","9.760,43","9.749,53","9.768,21","9.717,43","","0,12%"
"18.08.2017","9.749,10","9.764,92","9.806,17","9.729,75","","-0,19%"
"17.08.2017","9.767,23","9.900,91","9.907,68","9.767,23","","-1,54%"
"16.08.2017","9.919,70","9.918,51","9.946,46","9.903,52","","0,18%"
"15.08.2017","9.901,53","9.917,08","9.919,96","9.890,70","","-0,04%"
"14.08.2017","9.905,65","9.850,23","9.915,37","9.850,23","","1,01%"
"11.08.2017","9.806,44","9.797,56","9.831,87","9.791,99","","0,15%"
"10.08.2017","9.791,67","9.899,03","9.899,03","9.790,99","","-1,43%"
"09.08.2017","9.933,27","9.902,29","9.934,52","9.887,66","","-0,05%"
"08.08.2017","9.938,16","9.949,41","10.001,04","9.920,32","","-0,23%"
"07.08.2017","9.961,38","9.948,39","9.961,40","9.941,90","","0,16%"
"04.08.2017","9.945,09","9.942,08","9.956,46","9.926,65","","0,19%"
"03.08.2017","9.926,23","9.945,00","9.945,00","9.913,69","","-0,19%"
"02.08.2017","9.945,52","9.958,69","9.958,69","9.901,37","","0,04%"
"01.08.2017","9.941,45","9.940,94","9.949,55","9.922,16","","0,24%"
"31.07.2017","9.917,62","9.924,96","9.947,62","9.909,75","","-0,07%"
"28.07.2017","9.924,66","9.916,05","9.930,14","9.897,78","","-0,13%"
"27.07.2017","9.937,90","9.969,20","9.972,63","9.878,73","","-0,10%"
"26.07.2017","9.947,57","9.957,19","9.962,42","9.937,25","","0,02%"
"25.07.2017","9.945,87","9.936,30","9.961,79","9.935,93","","0,29%"
"24.07.2017","9.916,90","9.924,12","9.929,00","9.901,90","","-0,08%"
"21.07.2017","9.924,39","9.912,54","9.924,40","9.894,72","","-0,04%"
"20.07.2017","9.928,11","9.940,63","9.943,15","9.908,46","","0,00%"
"19.07.2017","9.927,99","9.884,23","9.927,99","9.884,23","","0,56%"
"18.07.2017","9.872,90","9.855,45","9.873,67","9.832,19","","0,07%"
"17.07.2017","9.866,35","9.867,73","9.880,37","9.859,56","","-0,01%"
"14.07.2017","9.866,98","9.833,87","9.883,28","9.818,32","","0,46%"
"13.07.2017","9.821,35","9.810,43","9.826,88","9.796,18","","0,19%"
"12.07.2017","9.802,87","9.771,83","9.812,79","9.771,83","","0,73%"
"11.07.2017","9.731,97","9.734,41","9.746,29","9.682,62","","-0,05%"
"10.07.2017","9.737,25","9.727,86","9.755,05","9.717,46","","0,10%"
"07.07.2017","9.727,75","9.682,06","9.734,39","9.682,06","","0,65%"
"06.07.2017","9.664,70","9.721,60","9.724,03","9.656,97","","-0,93%"
"05.07.2017","9.755,31","9.751,16","9.764,67","9.714,89","","0,14%"
"03.07.2017","9.741,92","9.729,51","9.782,85","9.729,51","","0,23%"
"30.06.2017","9.719,60","9.730,23","9.755,71","9.711,93","","0,16%"
"29.06.2017","9.703,97","9.787,52","9.794,81","9.647,68","","-0,86%"
"28.06.2017","9.788,21","9.732,07","9.796,56","9.732,07","","0,91%"
"27.06.2017","9.699,89","9.770,33","9.784,35","9.699,89","","-0,83%"
"26.06.2017","9.780,65","9.777,36","9.825,34","9.771,88","","0,03%"
"23.06.2017","9.777,35","9.761,28","9.789,29","9.747,72","","0,18%"
"22.06.2017","9.760,12","9.764,44","9.788,49","9.754,30","","-0,03%"
"21.06.2017","9.762,76","9.776,80","9.789,60","9.743,92","","-0,04%"
"20.06.2017","9.766,56","9.819,87","9.819,87","9.764,76","","-0,67%"
"19.06.2017","9.832,50","9.788,83","9.833,55","9.787,38","","0,82%"
"16.06.2017","9.752,20","9.747,84","9.752,22","9.711,28","","0,02%"
"15.06.2017","9.749,82","9.726,92","9.755,56","9.694,96","","-0,21%"
"14.06.2017","9.770,77","9.794,61","9.794,96","9.733,91","","-0,10%"
"13.06.2017","9.780,51","9.755,35","9.784,53","9.743,90","","0,50%"
"12.06.2017","9.731,55","9.715,25","9.735,35","9.695,40","","-0,09%"
"09.06.2017","9.739,95","9.752,39","9.801,54","9.676,72","","-0,13%"
"08.06.2017","9.752,27","9.748,43","9.772,43","9.729,72","","0,04%"
"07.06.2017","9.748,26","9.741,96","9.755,93","9.715,46","","0,17%"
"06.06.2017","9.731,29","9.743,87","9.758,69","9.726,39","","-0,29%"
"05.06.2017","9.759,50","9.767,07","9.773,68","9.754,67","","-0,13%"
"02.06.2017","9.772,66","9.743,06","9.777,40","9.727,32","","0,37%"
"01.06.2017","9.736,99","9.667,69","9.736,99","9.667,69","","0,81%"
"31.05.2017","9.659,08","9.672,40","9.674,22","9.625,20","","-0,02%"
"30.05.2017","9.660,88","9.659,76","9.669,98","9.648,32","","-0,10%"
"26.05.2017","9.670,55","9.666,28","9.673,46","9.656,39","","0,04%"
"25.05.2017","9.666,39","9.639,99","9.680,59","9.639,06","","0,45%"
"24.05.2017","9.622,72","9.610,26","9.627,16","9.597,70","","0,27%"
"23.05.2017","9.596,66","9.591,50","9.606,26","9.579,00","","0,18%"
"22.05.2017","9.579,54","9.545,40","9.584,77","9.545,40","","0,53%"
"19.05.2017","9.529,34","9.468,99","9.558,44","9.468,99","","0,68%"
"18.05.2017","9.465,13","9.430,05","9.503,17","9.413,47","","0,37%"
"17.05.2017","9.429,82","9.590,47","9.590,47","9.426,85","","-1,79%"
"16.05.2017","9.601,61","9.619,01","9.621,80","9.583,24","","-0,06%"
"15.05.2017","9.607,09","9.570,20","9.613,63","9.570,20","","0,50%"
"12.05.2017","9.559,43","9.572,31","9.572,31","9.545,57","","-0,14%"
"11.05.2017","9.572,74","9.591,24","9.591,24","9.524,07","","-0,20%"
"10.05.2017","9.591,58","9.577,38","9.591,73","9.564,40","","0,15%"
"09.05.2017","9.577,48","9.593,74","9.603,79","9.560,24","","-0,10%"
"08.05.2017","9.586,87","9.589,60","9.595,10","9.565,28","","-0,01%"
"05.05.2017","9.588,03","9.563,18","9.588,05","9.547,94","","0,44%"
"04.05.2017","9.545,80","9.547,42","9.551,91","9.509,70","","0,05%"
"03.05.2017","9.541,16","9.537,27","9.547,40","9.511,28","","-0,15%"
"02.05.2017","9.555,52","9.561,16","9.565,68","9.537,22","","0,08%"
"01.05.2017","9.547,97","9.547,75","9.571,16","9.533,15","","0,20%"
"28.04.2017","9.529,12","9.561,49","9.561,49","9.522,41","","-0,20%"
"27.04.2017","9.547,81","9.551,00","9.560,47","9.525,05","","0,10%"
"26.04.2017","9.538,40","9.543,42","9.579,71","9.536,06","","-0,04%"
"25.04.2017","9.542,17","9.508,65","9.556,87","9.508,65","","0,61%"
"24.04.2017","9.483,97","9.445,77","9.494,82","9.445,77","","1,08%"
"21.04.2017","9.382,66","9.411,20","9.411,30","9.367,11","","-0,30%"
"20.04.2017","9.411,18","9.365,45","9.431,72","9.352,86","","0,75%"
"19.04.2017","9.341,54","9.380,69","9.397,37","9.329,64","","-0,15%"
"18.04.2017","9.355,61","9.356,23","9.377,23","9.325,30","","-0,27%"
"17.04.2017","9.380,88","9.316,15","9.381,13","9.315,64","","0,86%"
"13.04.2017","9.301,09","9.348,72","9.376,28","9.301,09","","-0,66%"
"12.04.2017","9.363,14","9.392,26","9.395,19","9.349,25","","-0,39%"
"11.04.2017","9.399,70","9.397,85","9.403,72","9.334,30","","-0,12%"
"10.04.2017","9.410,77","9.409,02","9.446,65","9.388,78","","0,09%"
"07.04.2017","9.402,75","9.400,91","9.434,32","9.384,61","","-0,09%"
"06.04.2017","9.410,82","9.392,24","9.435,02","9.376,63","","0,24%"
"05.04.2017","9.388,26","9.438,14","9.489,34","9.380,16","","-0,32%"
"04.04.2017","9.418,00","9.399,23","9.418,78","9.382,29","","0,08%"
"03.04.2017","9.410,65","9.432,39","9.440,55","9.357,64","","-0,18%"
"31.03.2017","9.427,22","9.433,14","9.456,69","9.426,26","","-0,21%"
"30.03.2017","9.447,31","9.418,81","9.456,88","9.411,56","","0,28%"
"29.03.2017","9.421,06","9.398,30","9.429,51","9.387,34","","0,15%"
"28.03.2017","9.406,50","9.330,52","9.425,81","9.325,96","","0,72%"
"27.03.2017","9.339,43","9.300,01","9.351,88","9.262,63","","-0,08%"
"24.03.2017","9.347,37","9.366,14","9.395,21","9.315,34","","-0,07%"
"23.03.2017","9.353,85","9.353,58","9.405,21","9.340,70","","-0,11%"
"22.03.2017","9.363,97","9.341,18","9.376,29","9.317,44","","0,19%"
"21.03.2017","9.345,99","9.486,88","9.499,05","9.338,20","","-1,26%"
"20.03.2017","9.465,35","9.481,74","9.489,63","9.450,68","","-0,21%"
"17.03.2017","9.485,58","9.498,58","9.513,61","9.483,00","","-0,11%"
"16.03.2017","9.496,12","9.517,93","9.521,76","9.480,82","","-0,14%"
"15.03.2017","9.509,46","9.448,19","9.527,57","9.446,43","","0,84%"
"14.03.2017","9.429,91","9.442,21","9.442,21","9.400,10","","-0,32%"
"13.03.2017","9.460,11","9.450,66","9.463,05","9.440,02","","0,10%"
"10.03.2017","9.450,84","9.451,37","9.466,75","9.414,46","","0,34%"
"09.03.2017","9.418,70","9.414,04","9.435,41","9.377,65","","0,07%"
"08.03.2017","9.411,73","9.436,04","9.453,19","9.404,61","","-0,21%"
"07.03.2017","9.431,58","9.447,25","9.458,56","9.421,69","","-0,28%"
"06.03.2017","9.458,34","9.465,86","9.471,76","9.429,93","","-0,32%"
"03.03.2017","9.489,02","9.478,41","9.491,73","9.458,29","","0,05%"
"02.03.2017","9.484,27","9.531,68","9.531,68","9.478,04","","-0,58%"
"01.03.2017","9.539,93","9.459,75","9.558,78","9.459,75","","1,34%"
"28.02.2017","9.413,93","9.431,53","9.431,53","9.395,96","","-0,27%"
"27.02.2017","9.439,81","9.422,20","9.446,05","9.407,02","","0,13%"
"24.02.2017","9.427,46","9.385,15","9.427,46","9.370,51","","0,17%"
"23.02.2017","9.411,00","9.425,20","9.429,45","9.377,16","","0,03%"
"22.02.2017","9.408,42","9.405,77","9.418,00","9.392,83","","-0,11%"
"21.02.2017","9.418,50","9.372,86","9.423,36","9.372,86","","0,61%"
"17.02.2017","9.361,73","9.331,11","9.361,73","9.315,16","","0,18%"
"16.02.2017","9.345,09","9.356,73","9.363,75","9.313,75","","-0,09%"
"15.02.2017","9.353,42","9.298,95","9.361,10","9.298,26","","0,51%"
"14.02.2017","9.306,20","9.263,14","9.306,21","9.246,87","","0,43%"
"13.02.2017","9.266,37","9.222,77","9.278,96","9.222,77","","0,54%"
"10.02.2017","9.216,86","9.194,28","9.228,58","9.194,05","","0,35%"
"09.02.2017","9.184,54","9.139,64","9.196,87","9.139,64","","0,59%"
"08.02.2017","9.130,71","9.108,99","9.134,89","9.092,70","","0,11%"
"07.02.2017","9.120,62","9.132,00","9.144,87","9.109,12","","0,03%"
"06.02.2017","9.118,34","9.135,60","9.135,60","9.102,80","","-0,21%"
"03.02.2017","9.137,27","9.094,43","9.140,53","9.094,43","","0,75%"
"02.02.2017","9.069,22","9.053,59","9.081,32","9.031,73","","0,07%"
"01.02.2017","9.062,52","9.088,12","9.101,33","9.035,33","","0,05%"
"31.01.2017","9.057,80","9.044,02","9.058,39","9.011,71","","-0,05%"
"30.01.2017","9.062,31","9.084,63","9.084,63","9.011,11","","-0,60%"
"27.01.2017","9.116,83","9.137,85","9.137,85","9.104,90","","-0,07%"
"26.01.2017","9.123,34","9.138,18","9.141,30","9.114,10","","-0,10%"
"25.01.2017","9.132,22","9.086,26","9.136,64","9.086,26","","0,80%"
"24.01.2017","9.059,89","9.013,42","9.076,43","9.006,09","","0,68%"
"23.01.2017","8.999,00","9.008,87","9.023,14","8.966,50","","-0,24%"
"20.01.2017","9.021,08","9.007,39","9.045,35","8.998,25","","0,31%"
"19.01.2017","8.992,85","9.022,07","9.034,26","8.972,25","","-0,35%"
"18.01.2017","9.024,33","9.012,93","9.024,71","8.990,71","","0,21%"
"17.01.2017","9.005,42","9.016,36","9.021,90","8.985,78","","-0,30%"
"13.01.2017","9.032,86","9.017,95","9.047,62","9.017,95","","0,21%"
"12.01.2017","9.014,05","9.018,42","9.018,44","8.950,00","","-0,20%"
"11.01.2017","9.032,34","9.007,02","9.032,34","8.976,31","","0,28%"
"10.01.2017","9.007,49","9.006,94","9.046,79","8.993,83","","0,01%"
"09.01.2017","9.006,46","9.030,73","9.031,54","9.006,46","","-0,34%"
"06.01.2017","9.037,29","9.008,33","9.057,13","8.986,63","","0,40%"
"05.01.2017","9.001,47","9.003,33","9.010,98","8.967,78","","-0,07%"
"04.01.2017","9.007,74","8.962,16","9.015,62","8.962,16","","0,65%"
"03.01.2017","8.949,73","8.907,81","8.971,42","8.899,96","","0,85%"
"30.12.2016","8.873,98","8.924,88","8.931,52","8.854,37","","-0,45%"
"29.12.2016","8.914,15","8.916,94","8.933,80","8.896,10","","-0,02%"
"28.12.2016","8.915,92","8.997,43","9.000,82","8.912,89","","-0,82%"
"27.12.2016","8.989,63","8.977,85","9.009,11","8.977,85","","0,23%"
"23.12.2016","8.969,13","8.952,92","8.969,14","8.950,11","","0,15%"
"22.12.2016","8.955,44","8.968,65","8.968,65","8.936,62","","-0,19%"
"21.12.2016","8.972,24","8.994,32","8.995,51","8.972,24","","-0,24%"
"20.12.2016","8.993,82","8.974,91","9.000,67","8.974,91","","0,38%"
"19.12.2016","8.959,94","8.948,60","8.979,44","8.944,37","","0,18%"
"16.12.2016","8.943,40","8.965,23","8.981,01","8.927,92","","-0,15%"
"15.12.2016","8.957,11","8.926,28","8.996,05","8.926,28","","0,38%"
"14.12.2016","8.923,31","8.993,52","9.012,05","8.906,79","","-0,81%"
"13.12.2016","8.996,21","8.948,64","9.018,06","8.948,64","","0,67%"
"12.12.2016","8.936,32","8.939,86","8.964,43","8.918,03","","-0,12%"
"09.12.2016","8.947,21","8.909,92","8.947,74","8.909,92","","0,55%"
"08.12.2016","8.898,55","8.878,83","8.920,88","8.865,65","","0,23%"
"07.12.2016","8.877,77","8.763,76","8.878,43","8.751,12","","1,30%"
"06.12.2016","8.763,53","8.737,45","8.765,15","8.723,07","","0,36%"
"05.12.2016","8.732,29","8.711,72","8.748,38","8.711,72","","0,63%"
"02.12.2016","8.677,95","8.675,94","8.702,08","8.664,23","","0,02%"
"01.12.2016","8.675,92","8.715,54","8.725,61","8.661,48","","-0,41%"
"30.11.2016","8.711,44","8.737,53","8.773,89","8.711,44","","-0,26%"
"29.11.2016","8.734,22","8.719,36","8.757,33","8.709,86","","0,16%"
"28.11.2016","8.720,62","8.754,32","8.758,13","8.715,24","","-0,53%"
"25.11.2016","8.766,79","8.739,47","8.766,79","8.739,47","","0,40%"
"23.11.2016","8.731,53","8.709,54","8.731,53","8.692,07","","0,08%"
"22.11.2016","8.724,23","8.710,59","8.731,28","8.690,44","","0,22%"
"21.11.2016","8.705,34","8.640,75","8.706,67","8.640,75","","0,75%"
"18.11.2016","8.640,68","8.659,18","8.672,04","8.635,30","","-0,22%"
"17.11.2016","8.659,39","8.617,14","8.663,17","8.617,14","","0,49%"
"16.11.2016","8.617,14","8.620,48","8.626,32","8.598,61","","-0,12%"
"15.11.2016","8.627,40","8.565,81","8.629,32","8.565,81","","0,77%"
"14.11.2016","8.561,84","8.574,83","8.588,51","8.529,73","","0,03%"
"11.11.2016","8.559,41","8.559,17","8.565,24","8.511,76","","-0,13%"
"10.11.2016","8.570,45","8.561,58","8.634,58","8.509,40","","0,14%"
"09.11.2016","8.558,40","8.464,46","8.584,16","8.413,67","","1,11%"
"08.11.2016","8.464,49","8.428,58","8.493,08","8.400,91","","0,43%"
"07.11.2016","8.428,25","8.334,24","8.428,75","8.334,24","","2,20%"
"04.11.2016","8.247,04","8.252,81","8.301,81","8.244,90","","-0,15%"
"03.11.2016","8.259,08","8.290,16","8.314,07","8.245,98","","-0,42%"
"02.11.2016","8.294,03","8.349,42","8.349,42","8.279,23","","-0,68%"
"01.11.2016","8.350,40","8.424,41","8.428,06","8.295,70","","-0,68%"
"31.10.2016","8.407,80","8.425,79","8.434,62","8.405,58","","0,01%"
"28.10.2016","8.406,91","8.432,77","8.463,36","8.381,19","","-0,29%"
"27.10.2016","8.431,21","8.458,47","8.488,06","8.429,13","","-0,32%"
"26.10.2016","8.458,16","8.473,43","8.483,57","8.430,19","","-0,18%"
"25.10.2016","8.473,36","8.506,49","8.506,49","8.468,44","","-0,39%"
"24.10.2016","8.506,94","8.501,79","8.519,56","8.489,34","","0,50%"
"21.10.2016","8.464,66","8.464,00","8.470,12","8.419,76","","0,01%"
"20.10.2016","8.464,04","8.476,61","8.488,42","8.433,46","","-0,15%"
"19.10.2016","8.476,63","8.456,74","8.492,37","8.451,90","","0,24%"
"18.10.2016","8.456,75","8.454,48","8.475,34","8.440,66","","0,62%"
"17.10.2016","8.404,73","8.430,94","8.438,61","8.396,57","","-0,29%"
"14.10.2016","8.429,51","8.429,13","8.494,54","8.429,13","","0,01%"
"13.10.2016","8.429,07","8.455,49","8.455,49","8.359,51","","-0,31%"
"12.10.2016","8.455,69","8.446,09","8.479,83","8.430,93","","0,11%"
"11.10.2016","8.446,03","8.552,70","8.552,70","8.415,26","","-1,25%"
"10.10.2016","8.552,96","8.549,21","8.576,82","8.547,91","","0,45%"
"07.10.2016","8.514,63","8.542,71","8.561,84","8.479,64","","-0,32%"
"06.10.2016","8.542,37","8.542,28","8.550,46","8.501,68","","0,00%"
"05.10.2016","8.542,38","8.502,93","8.559,01","8.502,93","","0,47%"
"04.10.2016","8.502,84","8.544,23","8.560,64","8.477,16","","-0,48%"
"03.10.2016","8.544,13","8.554,37","8.555,40","8.519,47","","-0,30%"
"30.09.2016","8.570,21","8.502,75","8.597,51","8.502,75","","0,80%"
"29.09.2016","8.502,41","8.583,04","8.587,72","8.479,70","","-0,94%"
"28.09.2016","8.583,06","8.535,63","8.586,70","8.505,28","","0,56%"
"27.09.2016","8.535,48","8.482,64","8.539,81","8.465,72","","0,62%"
"26.09.2016","8.482,62","8.523,27","8.524,65","8.478,96","","-0,84%"
"23.09.2016","8.554,17","8.601,93","8.601,93","8.551,76","","-0,56%"
"22.09.2016","8.601,95","8.545,07","8.611,71","8.545,07","","0,67%"
"21.09.2016","8.545,00","8.453,16","8.552,72","8.451,97","","1,09%"
"20.09.2016","8.452,90","8.481,78","8.496,55","8.450,25","","0,02%"
"19.09.2016","8.450,79","8.474,13","8.506,98","8.437,06","","0,02%"
"16.09.2016","8.448,91","8.464,67","8.464,67","8.417,97","","-0,37%"
"15.09.2016","8.480,00","8.393,76","8.495,66","8.383,58","","1,03%"
"14.09.2016","8.393,77","8.397,25","8.454,88","8.371,02","","-0,04%"
"13.09.2016","8.397,21","8.520,63","8.520,63","8.370,20","","-1,45%"
"12.09.2016","8.520,70","8.365,37","8.536,91","8.364,52","","1,47%"
"09.09.2016","8.397,25","8.607,48","8.607,48","8.397,25","","-2,45%"
"08.09.2016","8.608,35","8.612,99","8.623,79","8.595,11","","-0,23%"
"07.09.2016","8.628,36","8.620,31","8.633,97","8.599,91","","0,02%"
"06.09.2016","8.626,90","8.600,97","8.627,24","8.581,83","","0,30%"
"02.09.2016","8.600,72","8.565,65","8.618,75","8.565,65","","0,44%"
"01.09.2016","8.562,86","8.561,98","8.572,71","8.508,73","","0,02%"
"31.08.2016","8.560,96","8.577,67","8.577,67","8.523,63","","-0,21%"
"30.08.2016","8.578,74","8.594,20","8.603,55","8.556,06","","-0,18%"
"29.08.2016","8.594,44","8.559,39","8.606,99","8.559,39","","0,53%"
"26.08.2016","8.549,00","8.563,61","8.620,77","8.514,68","","-0,15%"
"25.08.2016","8.562,20","8.571,63","8.588,42","8.551,10","","-0,12%"
"24.08.2016","8.572,91","8.618,20","8.618,64","8.556,90","","-0,54%"
"23.08.2016","8.619,06","8.601,75","8.644,35","8.601,75","","0,20%"
"22.08.2016","8.601,67","8.590,66","8.610,48","8.575,09","","-0,03%"
"19.08.2016","8.604,11","8.614,99","8.614,99","8.570,07","","-0,13%"
"18.08.2016","8.614,95","8.595,29","8.614,95","8.589,07","","0,23%"
"17.08.2016","8.595,28","8.579,20","8.598,54","8.541,67","","0,19%"
"16.08.2016","8.579,38","8.608,83","8.608,83","8.579,32","","-0,55%"
"15.08.2016","8.626,68","8.613,34","8.640,85","8.613,34","","0,30%"
"12.08.2016","8.600,48","8.606,20","8.609,27","8.582,14","","-0,07%"
"11.08.2016","8.606,34","8.565,60","8.616,54","8.565,60","","0,48%"
"10.08.2016","8.565,25","8.587,08","8.596,51","8.552,01","","-0,25%"
"09.08.2016","8.587,01","8.581,73","8.609,10","8.574,99","","0,06%"
"08.08.2016","8.581,63","8.594,12","8.599,48","8.570,04","","-0,08%"
"05.08.2016","8.588,17","8.548,72","8.588,17","8.548,72","","0,82%"
"04.08.2016","8.518,42","8.517,20","8.533,74","8.498,52","","0,05%"
"03.08.2016","8.513,96","8.482,43","8.513,96","8.467,80","","0,37%"
"02.08.2016","8.482,86","8.526,81","8.534,76","8.445,13","","-0,64%"
"01.08.2016","8.537,40","8.547,08","8.567,92","8.520,39","","-0,12%"
"29.07.2016","8.548,02","8.532,41","8.560,72","8.506,54","","0,18%"
"28.07.2016","8.532,84","8.513,21","8.543,55","8.491,91","","0,19%"
"27.07.2016","8.516,49","8.548,42","8.550,26","8.489,27","","-0,13%"
"26.07.2016","8.527,53","8.522,52","8.543,94","8.491,75","","0,05%"
"25.07.2016","8.523,65","8.542,36","8.542,36","8.498,79","","-0,29%"
"22.07.2016","8.548,36","8.517,49","8.548,78","8.502,43","","0,46%"
"21.07.2016","8.509,58","8.536,74","8.545,15","8.488,43","","-0,32%"
"20.07.2016","8.536,92","8.520,56","8.546,19","8.501,94","","0,47%"
"19.07.2016","8.497,23","8.490,99","8.501,10","8.478,77","","-0,15%"
"18.07.2016","8.509,79","8.492,34","8.515,46","8.481,17","","0,24%"
"15.07.2016","8.489,19","8.507,41","8.517,65","8.466,58","","-0,09%"
"14.07.2016","8.496,70","8.496,95","8.516,48","8.480,14","","0,52%"
"13.07.2016","8.453,03","8.469,08","8.469,08","8.428,99","","0,01%"
"12.07.2016","8.452,09","8.430,67","8.465,54","8.427,12","","0,68%"
"11.07.2016","8.395,18","8.382,13","8.418,84","8.377,73","","0,34%"
"08.07.2016","8.366,48","8.287,26","8.372,75","8.287,26","","1,53%"
"07.07.2016","8.240,08","8.254,99","8.282,79","8.207,36","","-0,04%"
"06.07.2016","8.243,78","8.171,51","8.247,48","8.144,16","","0,58%"
"05.07.2016","8.196,64","8.221,72","8.221,72","8.166,07","","-0,69%"
"01.07.2016","8.253,94","8.234,23","8.276,19","8.233,39","","0,22%"
"30.06.2016","8.235,48","8.146,54","8.235,74","8.122,66","","1,34%"
"29.06.2016","8.126,30","8.043,71","8.135,70","8.043,71","","1,72%"
"28.06.2016","7.988,58","7.900,65","7.988,59","7.900,65","","1,82%"
"27.06.2016","7.846,01","7.949,52","7.949,52","7.811,91","","-1,85%"
"24.06.2016","7.994,11","8.189,18","8.189,18","7.976,27","","-3,61%"
"23.06.2016","8.293,83","8.232,15","8.293,83","8.231,53","","1,36%"
"22.06.2016","8.182,71","8.205,38","8.238,45","8.178,53","","-0,18%"
"21.06.2016","8.197,24","8.190,83","8.215,28","8.174,50","","0,26%"
"20.06.2016","8.175,86","8.182,01","8.243,88","8.172,92","","0,59%"
"17.06.2016","8.127,61","8.149,06","8.149,06","8.095,54","","-0,32%"
"16.06.2016","8.153,94","8.098,10","8.160,17","8.046,18","","0,31%"
"15.06.2016","8.128,58","8.155,80","8.183,31","8.121,88","","-0,15%"
"14.06.2016","8.141,09","8.137,33","8.163,63","8.097,55","","-0,16%"
"13.06.2016","8.154,07","8.214,82","8.228,84","8.151,89","","-0,74%"
"10.06.2016","8.214,98","8.254,29","8.254,29","8.191,31","","-0,96%"
"09.06.2016","8.294,27","8.284,55","8.302,75","8.264,82","","-0,19%"
"08.06.2016","8.309,66","8.283,63","8.315,20","8.283,63","","0,35%"
"07.06.2016","8.280,91","8.272,08","8.307,82","8.272,08","","0,13%"
"06.06.2016","8.270,21","8.242,08","8.285,81","8.239,69","","0,49%"
"03.06.2016","8.230,08","8.247,70","8.247,70","8.176,46","","-0,29%"
"02.06.2016","8.254,14","8.215,45","8.254,14","8.186,93","","0,34%"
"01.06.2016","8.226,32","8.214,27","8.232,22","8.169,50","","0,15%"
"31.05.2016","8.214,23","8.221,53","8.238,12","8.181,47","","-0,06%"
"27.05.2016","8.219,32","8.183,01","8.219,32","8.183,01","","0,45%"
"26.05.2016","8.182,27","8.185,94","8.198,28","8.170,68","","-0,01%"
"25.05.2016","8.183,37","8.137,30","8.199,33","8.137,30","","0,70%"
"24.05.2016","8.126,69","8.027,78","8.140,59","8.027,78","","1,37%"
"23.05.2016","8.016,98","8.030,77","8.047,44","8.014,04","","-0,21%"
"20.05.2016","8.033,95","7.988,47","8.055,53","7.988,47","","0,66%"
"19.05.2016","7.981,44","8.007,57","8.007,57","7.926,96","","-0,37%"
"18.05.2016","8.011,40","8.008,46","8.061,48","7.961,69","","0,04%"
"17.05.2016","8.008,54","8.082,50","8.082,50","7.984,06","","-0,92%"
"16.05.2016","8.082,52","8.010,54","8.103,00","8.006,76","","0,99%"
"13.05.2016","8.003,33","8.069,77","8.079,87","7.989,73","","-0,82%"
"12.05.2016","8.069,86","8.091,75","8.109,10","8.026,89","","-0,01%"
"11.05.2016","8.070,89","8.131,89","8.141,32","8.070,89","","-0,90%"
"10.05.2016","8.143,94","8.042,83","8.145,57","8.042,83","","1,26%"
"09.05.2016","8.042,83","8.035,23","8.063,60","8.025,13","","0,09%"
"06.05.2016","8.035,42","7.986,56","8.037,17","7.966,09","","0,32%"
"05.05.2016","8.009,43","8.011,08","8.047,55","7.990,81","","-0,02%"
"04.05.2016","8.011,06","8.027,54","8.042,65","7.989,02","","-0,57%"
"03.05.2016","8.057,28","8.130,34","8.130,34","8.024,19","","-0,90%"
"02.05.2016","8.130,43","8.080,96","8.137,92","8.069,28","","0,79%"
"29.04.2016","8.066,67","8.107,26","8.107,26","8.015,99","","-0,50%"
"28.04.2016","8.107,31","8.181,76","8.199,35","8.092,65","","-0,91%"
"27.04.2016","8.182,17","8.169,19","8.200,57","8.132,45","","0,16%"
"26.04.2016","8.169,30","8.152,89","8.187,82","8.144,90","","0,20%"
"25.04.2016","8.152,67","8.150,47","8.152,97","8.113,29","","-0,18%"
"22.04.2016","8.167,29","8.164,29","8.177,64","8.126,77","","0,04%"
"21.04.2016","8.164,29","8.203,68","8.210,02","8.152,58","","-0,48%"
"20.04.2016","8.203,67","8.196,51","8.237,56","8.179,27","","0,09%"
"19.04.2016","8.196,12","8.172,48","8.209,54","8.160,08","","0,29%"
"18.04.2016","8.172,10","8.105,40","8.172,10","8.090,30","","0,65%"
"15.04.2016","8.119,63","8.126,54","8.127,71","8.102,31","","-0,09%"
"14.04.2016","8.126,57","8.125,04","8.146,22","8.108,50","","0,01%"
"13.04.2016","8.126,09","8.041,49","8.128,83","8.041,49","","1,05%"
"12.04.2016","8.041,38","7.966,08","8.054,20","7.955,48","","0,95%"
"11.04.2016","7.965,44","8.007,74","8.048,08","7.965,44","","-0,29%"
"08.04.2016","7.988,82","7.967,87","8.039,40","7.966,12","","0,28%"
"07.04.2016","7.966,74","8.062,51","8.062,51","7.935,29","","-1,20%"
"06.04.2016","8.063,24","7.973,37","8.065,79","7.969,83","","1,13%"
"05.04.2016","7.973,39","8.023,63","8.023,63","7.964,00","","-1,01%"
"04.04.2016","8.054,62","8.076,57","8.085,51","8.041,22","","-0,30%"
"01.04.2016","8.079,04","8.026,22","8.087,48","7.966,21","","0,65%"
"31.03.2016","8.027,01","8.039,49","8.057,16","8.017,73","","-0,16%"
"30.03.2016","8.039,49","8.005,19","8.071,10","8.005,19","","0,44%"
"29.03.2016","8.004,41","7.919,61","8.007,90","7.898,71","","0,93%"
"28.03.2016","7.930,67","7.938,37","7.952,74","7.910,41","","0,05%"
"24.03.2016","7.927,02","7.900,54","7.927,32","7.873,02","","-0,02%"
"23.03.2016","7.928,56","7.975,44","7.975,44","7.922,47","","-0,67%"
"22.03.2016","7.982,33","7.964,81","8.008,16","7.945,02","","-0,04%"
"21.03.2016","7.985,71","7.966,82","7.994,74","7.952,89","","0,11%"
"18.03.2016","7.977,13","7.950,03","7.988,14","7.950,03","","0,45%"
"17.03.2016","7.941,53","7.885,40","7.964,17","7.870,71","","0,65%"
"16.03.2016","7.890,05","7.833,92","7.907,19","7.824,26","","0,59%"
"15.03.2016","7.844,07","7.861,62","7.861,62","7.804,64","","-0,22%"
"14.03.2016","7.861,62","7.857,46","7.880,61","7.832,18","","-0,13%"
"11.03.2016","7.871,61","7.787,48","7.872,01","7.787,48","","1,71%"
"10.03.2016","7.739,46","7.756,38","7.801,41","7.660,92","","-0,01%"
"09.03.2016","7.739,98","7.725,39","7.752,62","7.703,89","","0,51%"
"08.03.2016","7.700,75","7.756,01","7.759,11","7.694,00","","-1,14%"
"07.03.2016","7.789,53","7.755,00","7.807,38","7.741,59","","0,10%"
"04.03.2016","7.781,84","7.765,76","7.818,26","7.731,75","","0,32%"
"03.03.2016","7.756,99","7.720,92","7.757,79","7.694,27","","0,39%"
"02.03.2016","7.726,95","7.678,32","7.726,98","7.657,93","","0,45%"
"01.03.2016","7.692,57","7.549,14","7.692,57","7.549,03","","2,40%"
"29.02.2016","7.512,50","7.567,52","7.613,28","7.511,50","","-0,80%"
"26.02.2016","7.573,31","7.607,63","7.628,75","7.564,16","","-0,13%"
"25.02.2016","7.583,29","7.511,76","7.583,44","7.480,56","","1,17%"
"24.02.2016","7.495,75","7.417,25","7.504,05","7.343,75","","0,45%"
"23.02.2016","7.462,11","7.536,04","7.537,37","7.455,82","","-1,24%"
"22.02.2016","7.555,90","7.490,79","7.560,20","7.490,79","","1,45%"
"19.02.2016","7.447,74","7.419,69","7.450,26","7.385,55","","0,02%"
"18.02.2016","7.446,52","7.493,81","7.493,81","7.436,64","","-0,48%"
"17.02.2016","7.482,26","7.395,85","7.497,54","7.395,85","","1,69%"
"16.02.2016","7.358,10","7.284,91","7.358,76","7.274,82","","1,75%"
"12.02.2016","7.231,90","7.131,84","7.231,90","7.127,84","","1,99%"
"11.02.2016","7.091,01","7.132,91","7.132,91","7.017,70","","-1,23%"
"10.02.2016","7.179,02","7.211,24","7.294,56","7.173,43","","0,05%"
"09.02.2016","7.175,58","7.137,24","7.236,38","7.109,06","","-0,08%"
"08.02.2016","7.181,57","7.237,29","7.237,29","7.084,40","","-1,51%"
"05.02.2016","7.291,53","7.423,20","7.423,20","7.263,19","","-1,96%"
"04.02.2016","7.437,06","7.412,12","7.483,78","7.379,20","","0,20%"
"03.02.2016","7.422,55","7.415,23","7.443,36","7.265,89","","0,53%"
"02.02.2016","7.383,77","7.491,37","7.491,37","7.361,81","","-1,90%"
"01.02.2016","7.527,16","7.502,83","7.556,98","7.451,17","","-0,02%"
"29.01.2016","7.528,37","7.364,38","7.528,37","7.364,38","","2,48%"
"28.01.2016","7.346,34","7.347,92","7.385,85","7.272,33","","0,50%"
"27.01.2016","7.310,14","7.375,86","7.443,26","7.270,97","","-1,11%"
"26.01.2016","7.392,40","7.306,88","7.403,56","7.306,88","","1,44%"
"25.01.2016","7.287,72","7.394,91","7.394,91","7.284,26","","-1,59%"
"22.01.2016","7.405,12","7.320,19","7.410,66","7.320,19","","2,08%"
"21.01.2016","7.254,58","7.230,04","7.336,70","7.178,03","","0,48%"
"20.01.2016","7.219,79","7.241,36","7.284,65","7.032,73","","-1,13%"
"19.01.2016","7.302,06","7.354,88","7.383,55","7.237,38","","-0,02%"
"15.01.2016","7.303,57","7.379,56","7.379,56","7.214,52","","-2,15%"
"14.01.2016","7.464,26","7.363,12","7.513,01","7.297,74","","1,64%"
"13.01.2016","7.343,61","7.553,01","7.578,12","7.328,28","","-2,53%"
"12.01.2016","7.533,91","7.518,99","7.571,43","7.439,16","","0,75%"
"11.01.2016","7.477,53","7.501,79","7.526,18","7.391,28","","0,03%"
"08.01.2016","7.474,97","7.583,11","7.624,35","7.462,05","","-1,10%"
"07.01.2016","7.557,74","7.678,72","7.687,23","7.541,88","","-2,39%"
"06.01.2016","7.742,70","7.782,93","7.791,55","7.699,96","","-1,32%"
"05.01.2016","7.846,36","7.842,80","7.866,27","7.798,51","","0,19%"
"04.01.2016","7.831,40","7.881,13","7.881,13","7.743,30","","-1,50%"
"31.12.2015","7.950,97","7.999,32","8.023,17","7.950,18","","-0,91%"
"30.12.2015","8.023,62","8.073,06","8.073,06","8.019,17","","-0,71%"
"29.12.2015","8.080,63","8.027,42","8.092,62","8.027,42","","1,07%"
"28.12.2015","7.995,08","7.995,00","7.995,49","7.946,97","","-0,22%"
"24.12.2015","8.012,36","8.019,22","8.036,84","8.002,78","","-0,16%"
"23.12.2015","8.025,22","7.952,22","8.026,48","7.952,22","","1,27%"
"22.12.2015","7.924,75","7.880,24","7.939,62","7.854,37","","0,88%"
"21.12.2015","7.855,59","7.829,96","7.863,09","7.797,43","","0,76%"
"18.12.2015","7.796,58","7.922,74","7.922,74","7.796,11","","-1,73%"
"17.12.2015","7.934,03","8.067,60","8.067,60","7.933,41","","-1,49%"
"16.12.2015","8.053,81","7.976,63","8.067,34","7.941,53","","1,47%"
"15.12.2015","7.937,40","7.887,44","7.976,76","7.887,44","","1,07%"
"14.12.2015","7.853,30","7.822,27","7.856,08","7.744,84","","0,42%"
"11.12.2015","7.820,49","7.917,33","7.917,33","7.806,87","","-1,92%"
"10.12.2015","7.973,89","7.958,01","8.032,87","7.948,18","","0,24%"
"09.12.2015","7.954,86","7.995,37","8.081,70","7.914,56","","-0,78%"
"08.12.2015","8.017,51","8.021,31","8.055,28","7.972,93","","-0,60%"
"07.12.2015","8.065,76","8.118,11","8.118,11","8.027,81","","-0,73%"
"04.12.2015","8.125,22","7.983,81","8.133,45","7.983,81","","1,99%"
"03.12.2015","7.966,45","8.100,37","8.105,44","7.938,51","","-1,45%"
"02.12.2015","8.083,60","8.170,08","8.178,47","8.075,05","","-1,09%"
"01.12.2015","8.172,32","8.107,68","8.174,87","8.107,68","","1,06%"
"30.11.2015","8.086,85","8.133,18","8.138,46","8.086,53","","-0,46%"
"27.11.2015","8.124,49","8.121,55","8.135,65","8.099,76","","0,09%"
"25.11.2015","8.117,39","8.116,35","8.133,11","8.105,49","","0,02%"
"24.11.2015","8.115,63","8.075,09","8.133,66","8.042,15","","0,16%"
"23.11.2015","8.103,07","8.114,12","8.137,76","8.083,11","","-0,11%"
"20.11.2015","8.111,94","8.099,07","8.141,41","8.095,93","","0,38%"
"19.11.2015","8.081,04","8.093,64","8.103,35","8.071,08","","-0,13%"
"18.11.2015","8.091,17","7.979,56","8.097,41","7.979,56","","1,63%"
"17.11.2015","7.961,56","7.977,29","8.023,06","7.944,86","","-0,12%"
"16.11.2015","7.970,78","7.849,29","7.970,78","7.841,86","","1,49%"
"13.11.2015","7.854,05","7.921,38","7.931,94","7.850,58","","-1,10%"
"12.11.2015","7.941,07","8.026,47","8.027,24","7.940,14","","-1,38%"
"11.11.2015","8.052,09","8.094,44","8.098,16","8.051,75","","-0,34%"
"10.11.2015","8.079,80","8.046,57","8.086,94","8.033,32","","0,17%"
"09.11.2015","8.065,84","8.124,40","8.124,40","8.024,40","","-0,94%"
"06.11.2015","8.142,66","8.130,95","8.152,63","8.083,21","","-0,03%"
"05.11.2015","8.144,75","8.159,38","8.179,13","8.106,51","","-0,12%"
"04.11.2015","8.154,27","8.188,49","8.200,43","8.132,71","","-0,29%"
"03.11.2015","8.177,68","8.143,57","8.203,94","8.130,75","","0,27%"
"02.11.2015","8.155,81","8.067,22","8.163,98","8.065,77","","1,20%"
"30.10.2015","8.058,74","8.099,73","8.115,11","8.058,68","","-0,44%"
"29.10.2015","8.094,65","8.082,07","8.105,86","8.070,49","","-0,06%"
"28.10.2015","8.099,86","8.012,79","8.099,87","7.995,19","","1,24%"
"27.10.2015","8.000,95","8.002,72","8.015,65","7.972,68","","-0,25%"
"26.10.2015","8.020,67","8.031,93","8.032,20","8.001,76","","-0,18%"
"23.10.2015","8.035,03","8.013,29","8.051,67","7.992,14","","1,08%"
"22.10.2015","7.949,32","7.849,43","7.961,07","7.849,43","","1,60%"
"21.10.2015","7.824,35","7.895,38","7.900,89","7.817,92","","-0,62%"
"20.10.2015","7.872,96","7.876,26","7.907,17","7.856,52","","-0,16%"
"19.10.2015","7.885,61","7.871,19","7.890,34","7.842,51","","0,01%"
"16.10.2015","7.884,46","7.853,31","7.886,03","7.835,91","","0,45%"
"15.10.2015","7.849,21","7.752,94","7.849,64","7.746,21","","1,50%"
"14.10.2015","7.732,96","7.768,08","7.792,91","7.719,55","","-0,47%"
"13.10.2015","7.769,19","7.795,32","7.843,21","7.762,42","","-0,67%"
"12.10.2015","7.821,74","7.819,28","7.826,88","7.795,85","","0,08%"
"09.10.2015","7.815,41","7.813,34","7.834,72","7.787,71","","0,08%"
"08.10.2015","7.809,55","7.727,56","7.821,63","7.711,52","","0,86%"
"07.10.2015","7.742,76","7.704,13","7.754,82","7.666,31","","0,84%"
"06.10.2015","7.677,99","7.698,25","7.722,04","7.645,20","","-0,37%"
"05.10.2015","7.706,75","7.599,03","7.714,84","7.599,03","","1,80%"
"02.10.2015","7.570,16","7.409,11","7.570,16","7.345,39","","1,49%"
"01.10.2015","7.459,24","7.452,32","7.471,15","7.369,88","","0,20%"
"30.09.2015","7.444,47","7.350,11","7.446,36","7.350,11","","1,93%"
"29.09.2015","7.303,58","7.303,85","7.365,54","7.256,76","","0,11%"
"28.09.2015","7.295,88","7.468,63","7.468,63","7.286,08","","-2,62%"
"25.09.2015","7.492,07","7.539,65","7.575,81","7.454,27","","-0,08%"
"24.09.2015","7.498,39","7.486,57","7.517,13","7.408,39","","-0,35%"
"23.09.2015","7.525,10","7.547,31","7.568,23","7.503,02","","-0,23%"
"22.09.2015","7.542,13","7.581,58","7.581,58","7.490,15","","-1,24%"
"21.09.2015","7.637,03","7.627,65","7.689,94","7.595,58","","0,41%"
"18.09.2015","7.605,90","7.692,83","7.692,83","7.588,52","","-1,59%"
"17.09.2015","7.728,77","7.740,83","7.845,81","7.716,04","","-0,22%"
"16.09.2015","7.746,12","7.681,00","7.753,64","7.678,39","","0,88%"
"15.09.2015","7.678,87","7.598,70","7.697,89","7.587,27","","1,27%"
"14.09.2015","7.582,57","7.619,61","7.619,61","7.563,99","","-0,40%"
"11.09.2015","7.613,27","7.558,25","7.613,27","7.528,30","","0,48%"
"10.09.2015","7.576,99","7.532,38","7.624,30","7.519,85","","0,52%"
"09.09.2015","7.537,57","7.680,06","7.717,38","7.521,77","","-1,37%"
"08.09.2015","7.642,59","7.516,19","7.645,97","7.516,19","","2,51%"
"04.09.2015","7.455,34","7.517,87","7.517,87","7.416,53","","-1,50%"
"03.09.2015","7.569,14","7.574,92","7.659,85","7.544,90","","0,14%"
"02.09.2015","7.558,22","7.478,54","7.558,37","7.445,15","","1,84%"
"01.09.2015","7.421,83","7.588,07","7.588,07","7.381,78","","-2,94%"
"31.08.2015","7.646,98","7.711,28","7.711,28","7.624,82","","-0,84%"
"28.08.2015","7.711,85","7.687,02","7.729,79","7.659,16","","0,11%"
"27.08.2015","7.703,11","7.562,80","7.711,31","7.553,65","","2,47%"
"26.08.2015","7.517,16","7.310,99","7.523,60","7.284,92","","3,85%"
"25.08.2015","7.238,53","7.412,01","7.545,23","7.237,50","","-1,32%"
"24.08.2015","7.335,28","7.634,15","7.634,15","7.250,07","","-3,96%"
"21.08.2015","7.637,82","7.841,19","7.844,52","7.637,82","","-3,12%"
"20.08.2015","7.883,99","8.023,87","8.023,87","7.883,99","","-2,16%"
"19.08.2015","8.057,83","8.105,50","8.120,54","8.022,24","","-0,83%"
"18.08.2015","8.125,46","8.137,27","8.150,80","8.114,83","","-0,25%"
"17.08.2015","8.145,55","8.079,86","8.147,03","8.054,92","","0,57%"
"14.08.2015","8.099,70","8.062,62","8.103,16","8.057,04","","0,39%"
"13.08.2015","8.068,57","8.078,98","8.104,81","8.048,95","","-0,11%"
"12.08.2015","8.077,14","8.043,08","8.088,74","7.946,36","","0,11%"
"11.08.2015","8.068,22","8.124,06","8.124,06","8.038,61","","-0,94%"
"10.08.2015","8.145,19","8.077,67","8.149,78","8.077,67","","1,30%"
"07.08.2015","8.040,86","8.055,18","8.057,35","8.002,49","","-0,28%"
"06.08.2015","8.063,44","8.136,48","8.142,51","8.031,55","","-0,80%"
"05.08.2015","8.128,41","8.121,61","8.178,82","8.118,48","","0,36%"
"04.08.2015","8.099,13","8.114,82","8.134,52","8.081,56","","-0,21%"
"03.08.2015","8.116,44","8.146,28","8.146,28","8.075,44","","-0,30%"
"31.07.2015","8.140,84","8.164,91","8.181,02","8.134,06","","-0,21%"
"30.07.2015","8.158,15","8.151,30","8.165,00","8.104,05","","0,05%"
"29.07.2015","8.154,46","8.098,41","8.161,52","8.097,49","","0,75%"
"28.07.2015","8.094,03","8.005,80","8.103,37","8.000,04","","1,24%"
"27.07.2015","7.995,20","8.039,57","8.039,57","7.980,45","","-0,62%"
"24.07.2015","8.045,28","8.128,46","8.135,58","8.035,31","","-1,05%"
"23.07.2015","8.130,62","8.175,36","8.187,30","8.117,45","","-0,55%"
"22.07.2015","8.175,30","8.193,55","8.193,55","8.160,17","","-0,23%"
"21.07.2015","8.194,50","8.231,37","8.231,37","8.180,49","","-0,45%"
"20.07.2015","8.231,37","8.225,51","8.248,39","8.214,19","","0,08%"
"17.07.2015","8.225,12","8.216,57","8.226,57","8.199,06","","0,11%"
"16.07.2015","8.216,47","8.156,20","8.216,49","8.156,20","","0,79%"
"15.07.2015","8.152,42","8.160,70","8.180,60","8.134,12","","-0,10%"
"14.07.2015","8.160,80","8.122,05","8.172,38","8.118,53","","0,48%"
"13.07.2015","8.122,03","8.034,12","8.126,19","8.034,12","","1,10%"
"10.07.2015","8.033,35","7.937,44","8.051,00","7.937,44","","1,22%"
"09.07.2015","7.936,36","7.920,38","8.023,59","7.920,38","","0,23%"
"08.07.2015","7.918,00","8.047,23","8.047,23","7.917,53","","-1,66%"
"07.07.2015","8.051,89","8.005,04","8.060,59","7.907,63","","0,59%"
"06.07.2015","8.004,55","8.034,71","8.042,47","7.963,42","","-0,38%"
"02.07.2015","8.035,26","8.038,41","8.066,62","8.013,20","","-0,04%"
"01.07.2015","8.038,09","7.989,81","8.058,22","7.989,81","","0,71%"
"30.06.2015","7.981,34","7.962,87","8.022,43","7.954,81","","0,30%"
"29.06.2015","7.957,08","8.122,22","8.122,22","7.953,92","","-2,08%"
"26.06.2015","8.126,32","8.130,34","8.155,24","8.102,86","","-0,04%"
"25.06.2015","8.129,59","8.154,48","8.180,75","8.126,45","","-0,29%"
"24.06.2015","8.153,24","8.214,89","8.217,91","8.153,24","","-0,76%"
"23.06.2015","8.215,89","8.210,39","8.229,00","8.199,24","","0,08%"
"22.06.2015","8.209,49","8.164,51","8.235,64","8.164,51","","0,59%"
"19.06.2015","8.161,20","8.203,85","8.204,31","8.159,14","","-0,51%"
"18.06.2015","8.203,37","8.123,48","8.223,95","8.123,48","","1,00%"
"17.06.2015","8.122,13","8.106,56","8.145,73","8.080,37","","0,20%"
"16.06.2015","8.105,66","8.059,23","8.109,71","8.051,75","","0,57%"
"15.06.2015","8.059,60","8.095,53","8.095,53","8.013,51","","-0,46%"
"12.06.2015","8.096,87","8.151,70","8.151,70","8.086,22","","-0,68%"
"11.06.2015","8.152,68","8.134,08","8.173,70","8.134,08","","0,23%"
"10.06.2015","8.133,62","8.038,83","8.145,94","8.038,83","","1,19%"
"09.06.2015","8.037,91","8.034,87","8.058,27","8.006,50","","0,04%"
"08.06.2015","8.034,78","8.086,14","8.088,45","8.034,76","","-0,64%"
"05.06.2015","8.086,22","8.092,96","8.114,25","8.055,73","","-0,09%"
"04.06.2015","8.093,35","8.139,86","8.158,64","8.083,56","","-0,86%"
"03.06.2015","8.163,50","8.162,16","8.192,71","8.145,83","","0,25%"
"02.06.2015","8.143,42","8.135,14","8.173,74","8.104,97","","-0,10%"
"01.06.2015","8.151,25","8.156,98","8.179,39","8.115,90","","0,19%"
"29.05.2015","8.135,42","8.181,85","8.184,16","8.126,21","","-0,62%"
"28.05.2015","8.185,89","8.185,01","8.190,87","8.155,35","","-0,11%"
"27.05.2015","8.195,03","8.136,65","8.205,20","8.128,71","","0,91%"
"26.05.2015","8.120,94","8.189,78","8.189,78","8.101,62","","-1,01%"
"22.05.2015","8.204,08","8.211,28","8.226,30","8.204,08","","-0,21%"
"21.05.2015","8.221,11","8.194,69","8.233,75","8.190,27","","0,26%"
"20.05.2015","8.199,79","8.205,00","8.232,77","8.185,16","","-0,03%"
"19.05.2015","8.202,34","8.208,40","8.221,51","8.189,30","","-0,04%"
"18.05.2015","8.205,91","8.171,21","8.215,41","8.168,31","","0,33%"
"15.05.2015","8.178,63","8.175,87","8.180,28","8.155,09","","0,11%"
"14.05.2015","8.169,76","8.117,61","8.170,97","8.117,61","","1,07%"
"13.05.2015","8.083,08","8.097,55","8.127,62","8.073,97","","-0,02%"
"12.05.2015","8.084,93","8.081,21","8.107,47","8.031,72","","-0,28%"
"11.05.2015","8.107,31","8.143,52","8.153,87","8.104,91","","-0,49%"
"08.05.2015","8.146,95","8.088,50","8.154,63","8.088,50","","1,31%"
"07.05.2015","8.041,89","8.011,46","8.060,62","7.992,92","","0,40%"
"06.05.2015","8.010,11","8.056,02","8.078,75","7.964,17","","-0,38%"
"05.05.2015","8.040,81","8.124,05","8.140,63","8.036,24","","-1,18%"
"04.05.2015","8.136,76","8.127,27","8.162,22","8.127,27","","0,28%"
"01.05.2015","8.113,71","8.049,59","8.113,71","8.049,59","","1,06%"
"30.04.2015","8.028,43","8.088,70","8.102,92","7.998,06","","-1,01%"
"29.04.2015","8.110,30","8.113,88","8.135,51","8.074,04","","-0,35%"
"28.04.2015","8.138,70","8.118,71","8.144,87","8.064,91","","0,24%"
"27.04.2015","8.118,97","8.169,01","8.185,91","8.112,12","","-0,42%"
"24.04.2015","8.153,05","8.152,05","8.165,21","8.137,33","","0,18%"
"23.04.2015","8.138,18","8.104,31","8.166,57","8.100,90","","0,26%"
"22.04.2015","8.117,36","8.087,43","8.124,84","8.053,87","","0,50%"
"21.04.2015","8.077,09","8.106,89","8.121,76","8.066,15","","-0,13%"
"20.04.2015","8.087,26","8.040,47","8.100,84","8.040,47","","0,90%"
"17.04.2015","8.015,10","8.080,62","8.080,62","7.981,32","","-1,14%"
"16.04.2015","8.107,33","8.100,05","8.131,27","8.087,67","","-0,07%"
"15.04.2015","8.113,23","8.087,16","8.133,01","8.087,16","","0,52%"
"14.04.2015","8.071,56","8.058,29","8.081,70","8.023,73","","0,15%"
"13.04.2015","8.059,47","8.095,35","8.117,48","8.059,21","","-0,46%"
"10.04.2015","8.096,34","8.061,80","8.097,87","8.059,30","","0,51%"
"09.04.2015","8.054,86","8.015,84","8.062,36","7.990,19","","0,45%"
"08.04.2015","8.018,76","7.996,79","8.035,56","7.986,07","","0,32%"
"07.04.2015","7.993,09","8.010,70","8.045,34","7.992,41","","-0,21%"
"06.04.2015","8.009,89","7.932,20","8.034,74","7.918,34","","0,68%"
"02.04.2015","7.955,99","7.929,00","7.974,62","7.919,17","","0,38%"
"01.04.2015","7.926,06","7.950,08","7.950,08","7.883,72","","-0,37%"
"31.03.2015","7.955,68","8.003,47","8.016,58","7.952,56","","-0,85%"
"30.03.2015","8.023,78","7.953,90","8.033,59","7.953,90","","1,22%"
"27.03.2015","7.927,26","7.904,13","7.933,69","7.896,51","","0,27%"
"26.03.2015","7.905,67","7.900,29","7.947,58","7.863,97","","-0,22%"
"25.03.2015","7.922,83","8.043,91","8.058,49","7.922,83","","-1,47%"
"24.03.2015","8.040,87","8.085,41","8.102,06","8.040,87","","-0,60%"
"23.03.2015","8.089,22","8.104,83","8.128,82","8.089,22","","-0,19%"
"20.03.2015","8.104,31","8.053,47","8.125,77","8.053,47","","0,88%"
"19.03.2015","8.033,29","8.064,45","8.064,45","8.018,88","","-0,46%"
"18.03.2015","8.070,19","7.960,13","8.098,46","7.924,71","","1,22%"
"17.03.2015","7.973,26","7.980,39","7.989,79","7.937,62","","-0,30%"
"16.03.2015","7.997,56","7.908,80","7.998,10","7.908,80","","1,34%"
"13.03.2015","7.891,58","7.928,03","7.931,38","7.844,12","","-0,59%"
"12.03.2015","7.938,29","7.845,63","7.939,96","7.845,63","","1,26%"
"11.03.2015","7.839,36","7.858,41","7.875,26","7.837,36","","-0,15%"
"10.03.2015","7.851,41","7.971,16","7.971,16","7.851,41","","-1,67%"
"09.03.2015","7.984,56","7.957,04","7.999,01","7.957,04","","0,39%"
"06.03.2015","7.953,18","8.065,95","8.065,95","7.938,25","","-1,40%"
"05.03.2015","8.066,48","8.053,78","8.078,57","8.044,73","","0,16%"
"04.03.2015","8.053,84","8.086,40","8.086,40","8.012,90","","-0,42%"
"03.03.2015","8.087,87","8.110,44","8.110,44","8.053,05","","-0,42%"
"02.03.2015","8.122,36","8.073,01","8.122,61","8.073,01","","0,62%"
"27.02.2015","8.072,21","8.095,18","8.103,45","8.069,47","","-0,30%"
"26.02.2015","8.096,30","8.107,42","8.107,83","8.070,02","","-0,14%"
"25.02.2015","8.107,29","8.108,53","8.128,37","8.092,92","","-0,02%"
"24.02.2015","8.108,51","8.088,65","8.117,49","8.075,49","","0,24%"
"23.02.2015","8.088,79","8.092,28","8.092,28","8.063,59","","-0,03%"
"20.02.2015","8.091,48","8.041,20","8.092,21","7.997,17","","0,63%"
"19.02.2015","8.041,17","8.047,63","8.058,74","8.015,01","","-0,08%"
"18.02.2015","8.047,63","8.048,61","8.049,39","8.019,27","","-0,01%"
"17.02.2015","8.048,53","8.028,25","8.052,25","8.008,97","","0,17%"
"13.02.2015","8.034,87","8.004,18","8.034,87","7.994,25","","0,46%"
"12.02.2015","7.998,39","7.941,32","7.998,39","7.941,32","","0,98%"
"11.02.2015","7.920,39","7.914,23","7.939,01","7.879,98","","0,05%"
"10.02.2015","7.916,55","7.855,44","7.925,01","7.840,45","","1,07%"
"09.02.2015","7.832,55","7.847,00","7.868,32","7.815,46","","-0,42%"
"06.02.2015","7.865,27","7.896,46","7.929,89","7.845,13","","-0,31%"
"05.02.2015","7.889,67","7.819,98","7.893,49","7.819,98","","1,08%"
"04.02.2015","7.805,52","7.815,51","7.854,92","7.789,53","","-0,38%"
"03.02.2015","7.835,67","7.737,98","7.835,77","7.737,98","","1,46%"
"02.02.2015","7.722,85","7.641,12","7.723,65","7.573,67","","1,27%"
"30.01.2015","7.626,07","7.712,27","7.732,79","7.620,39","","-1,27%"
"29.01.2015","7.723,85","7.653,20","7.736,49","7.604,92","","0,93%"
"28.01.2015","7.652,89","7.796,30","7.805,75","7.651,49","","-1,34%"
"27.01.2015","7.756,95","7.812,82","7.812,82","7.718,91","","-1,29%"
"26.01.2015","7.858,10","7.826,09","7.858,99","7.794,82","","0,32%"
"23.01.2015","7.833,21","7.871,39","7.873,84","7.828,42","","-0,52%"
"22.01.2015","7.873,97","7.776,25","7.879,30","7.733,99","","1,51%"
"21.01.2015","7.756,47","7.699,79","7.778,85","7.678,81","","0,51%"
"20.01.2015","7.717,44","7.722,10","7.741,75","7.649,40","","0,14%"
"16.01.2015","7.706,34","7.601,92","7.709,69","7.588,77","","1,34%"
"15.01.2015","7.604,54","7.688,35","7.713,80","7.601,31","","-0,93%"
"14.01.2015","7.675,94","7.687,94","7.687,94","7.589,85","","-0,57%"
"13.01.2015","7.720,30","7.766,77","7.847,60","7.667,00","","-0,23%"
"12.01.2015","7.737,84","7.808,55","7.815,82","7.716,06","","-0,80%"
"09.01.2015","7.799,94","7.872,56","7.872,56","7.774,11","","-0,82%"
"08.01.2015","7.864,49","7.752,77","7.871,79","7.752,77","","1,78%"
"07.01.2015","7.727,03","7.661,51","7.737,44","7.661,51","","1,20%"
"06.01.2015","7.635,33","7.716,03","7.739,32","7.594,86","","-0,90%"
"05.01.2015","7.704,40","7.828,14","7.828,14","7.691,77","","-1,82%"
"02.01.2015","7.846,91","7.865,22","7.899,17","7.799,80","","-0,01%"
"31.12.2014","7.847,60","7.942,35","7.948,60","7.844,00","","-1,02%"
"30.12.2014","7.928,21","7.956,07","7.956,07","7.925,23","","-0,49%"
"29.12.2014","7.967,04","7.953,43","7.978,20","7.949,38","","0,10%"
"26.12.2014","7.959,03","7.946,01","7.973,93","7.946,01","","0,34%"
"24.12.2014","7.931,82","7.939,00","7.953,13","7.931,82","","-0,01%"
"23.12.2014","7.932,28","7.931,74","7.948,93","7.922,55","","0,18%"
"22.12.2014","7.917,75","7.885,50","7.918,43","7.882,77","","0,38%"
"19.12.2014","7.887,48","7.851,84","7.913,65","7.849,59","","0,47%"
"18.12.2014","7.850,21","7.701,80","7.850,21","7.701,80","","2,41%"
"17.12.2014","7.665,81","7.518,27","7.678,55","7.518,27","","2,06%"
"16.12.2014","7.510,99","7.554,95","7.676,21","7.510,63","","-0,84%"
"15.12.2014","7.574,51","7.642,07","7.684,95","7.547,66","","-0,65%"
"12.12.2014","7.623,72","7.721,20","7.733,91","7.623,72","","-1,59%"
"11.12.2014","7.747,20","7.725,10","7.823,84","7.725,10","","0,47%"
"10.12.2014","7.710,80","7.834,20","7.834,20","7.703,43","","-1,65%"
"09.12.2014","7.840,28","7.813,27","7.843,07","7.742,80","","-0,01%"
"08.12.2014","7.840,71","7.893,10","7.901,87","7.817,17","","-0,74%"
"05.12.2014","7.899,53","7.890,92","7.914,42","7.883,05","","0,16%"
"04.12.2014","7.887,22","7.892,29","7.907,07","7.851,35","","-0,12%"
"03.12.2014","7.896,66","7.868,09","7.903,72","7.865,87","","0,42%"
"02.12.2014","7.863,34","7.817,00","7.871,82","7.816,54","","0,62%"
"01.12.2014","7.814,54","7.865,00","7.865,00","7.800,09","","-0,73%"
"28.11.2014","7.871,62","7.901,29","7.901,29","7.862,62","","-0,27%"
"26.11.2014","7.893,14","7.870,82","7.894,51","7.868,95","","0,31%"
"25.11.2014","7.869,11","7.883,43","7.896,63","7.859,69","","-0,10%"
"24.11.2014","7.877,00","7.863,92","7.878,33","7.863,62","","0,29%"
"21.11.2014","7.853,84","7.833,60","7.884,28","7.828,88","","0,55%"
"20.11.2014","7.810,77","7.775,47","7.815,30","7.763,23","","0,22%"
"19.11.2014","7.793,80","7.797,34","7.807,03","7.762,03","","-0,15%"
"18.11.2014","7.805,17","7.766,61","7.821,34","7.765,88","","0,54%"
"17.11.2014","7.763,40","7.749,17","7.769,87","7.737,38","","0,06%"
"14.11.2014","7.758,51","7.754,74","7.766,39","7.740,93","","0,05%"
"13.11.2014","7.754,74","7.754,42","7.781,45","7.721,85","","0,05%"
"12.11.2014","7.751,15","7.736,32","7.758,63","7.725,57","","-0,03%"
"11.11.2014","7.753,32","7.745,69","7.758,27","7.735,13","","0,09%"
"10.11.2014","7.746,72","7.723,03","7.749,03","7.718,10","","0,30%"
"07.11.2014","7.723,58","7.720,82","7.732,57","7.697,96","","0,07%"
"06.11.2014","7.718,06","7.684,13","7.719,35","7.659,98","","0,43%"
"05.11.2014","7.685,34","7.663,49","7.687,10","7.652,37","","0,57%"
"04.11.2014","7.641,58","7.657,80","7.657,80","7.600,20","","-0,34%"
"03.11.2014","7.667,31","7.671,76","7.694,11","7.652,47","","-0,01%"
"31.10.2014","7.668,26","7.617,80","7.668,26","7.617,80","","1,18%"
"30.10.2014","7.578,69","7.518,63","7.596,32","7.502,39","","0,64%"
"29.10.2014","7.530,70","7.538,21","7.566,58","7.480,24","","-0,16%"
"28.10.2014","7.542,97","7.468,21","7.542,97","7.468,21","","1,20%"
"27.10.2014","7.453,29","7.457,28","7.464,14","7.413,58","","-0,17%"
"24.10.2014","7.465,72","7.419,61","7.468,02","7.396,89","","0,71%"
"23.10.2014","7.413,03","7.349,76","7.454,74","7.349,76","","1,24%"
"22.10.2014","7.322,41","7.384,31","7.408,85","7.321,45","","-0,76%"
"21.10.2014","7.378,30","7.261,98","7.382,85","7.261,98","","1,98%"
"20.10.2014","7.234,90","7.166,48","7.238,15","7.152,40","","0,92%"
"17.10.2014","7.168,88","7.103,99","7.212,98","7.103,99","","1,28%"
"16.10.2014","7.078,32","7.033,96","7.128,10","6.970,57","","0,07%"
"15.10.2014","7.073,58","7.092,25","7.098,44","6.914,44","","-0,74%"
"14.10.2014","7.126,31","7.135,17","7.206,66","7.103,71","","0,16%"
"13.10.2014","7.114,93","7.233,00","7.258,44","7.114,01","","-1,67%"
"10.10.2014","7.235,67","7.314,61","7.355,21","7.235,40","","-1,18%"
"09.10.2014","7.322,42","7.469,62","7.469,62","7.320,27","","-2,06%"
"08.10.2014","7.476,76","7.348,34","7.482,03","7.311,79","","1,75%"
"07.10.2014","7.348,29","7.444,30","7.444,30","7.347,45","","-1,50%"
"06.10.2014","7.460,52","7.485,16","7.510,43","7.436,43","","-0,14%"
"03.10.2014","7.471,20","7.405,66","7.483,58","7.405,66","","1,11%"
"02.10.2014","7.389,27","7.386,86","7.411,67","7.310,87","","0,01%"
"01.10.2014","7.388,36","7.482,87","7.482,87","7.371,05","","-1,32%"
"30.09.2014","7.487,56","7.514,70","7.536,31","7.475,09","","-0,30%"
"29.09.2014","7.509,87","7.502,20","7.522,74","7.457,89","","-0,24%"
"26.09.2014","7.528,20","7.469,27","7.541,69","7.469,27","","0,88%"
"25.09.2014","7.462,17","7.571,38","7.571,38","7.462,17","","-1,60%"
"24.09.2014","7.583,67","7.527,13","7.589,70","7.508,94","","0,79%"
"23.09.2014","7.524,33","7.555,23","7.573,13","7.524,33","","-0,57%"
"22.09.2014","7.567,46","7.621,78","7.621,78","7.555,05","","-0,84%"
"19.09.2014","7.631,80","7.644,63","7.665,08","7.616,41","","-0,06%"
"18.09.2014","7.636,06","7.611,19","7.639,82","7.611,19","","0,48%"
"17.09.2014","7.599,80","7.593,48","7.634,60","7.569,96","","0,13%"
"16.09.2014","7.590,17","7.529,57","7.602,75","7.515,45","","0,74%"
"15.09.2014","7.534,29","7.545,78","7.545,83","7.515,29","","-0,13%"
"12.09.2014","7.544,34","7.589,37","7.589,37","7.524,53","","-0,61%"
"11.09.2014","7.590,60","7.563,28","7.591,37","7.547,44","","0,13%"
"10.09.2014","7.580,62","7.555,24","7.584,07","7.532,01","","0,37%"
"09.09.2014","7.552,86","7.598,52","7.598,52","7.538,53","","-0,66%"
"08.09.2014","7.602,95","7.619,05","7.623,50","7.580,01","","-0,28%"
"05.09.2014","7.624,06","7.582,14","7.624,06","7.557,06","","0,51%"
"04.09.2014","7.585,72","7.604,56","7.637,04","7.566,35","","-0,17%"
"03.09.2014","7.598,40","7.617,06","7.631,76","7.588,89","","-0,06%"
"02.09.2014","7.603,11","7.613,76","7.616,52","7.574,60","","-0,04%"
"29.08.2014","7.606,39","7.592,20","7.606,50","7.573,48","","0,35%"
"28.08.2014","7.580,06","7.576,55","7.587,16","7.556,41","","-0,15%"
"27.08.2014","7.591,66","7.593,30","7.598,72","7.576,94","","0,04%"
"26.08.2014","7.588,91","7.583,74","7.607,49","7.583,74","","0,11%"
"25.08.2014","7.580,20","7.564,58","7.595,54","7.564,58","","0,47%"
"22.08.2014","7.544,55","7.556,01","7.562,48","7.530,13","","-0,18%"
"21.08.2014","7.557,88","7.539,81","7.566,60","7.537,75","","0,29%"
"20.08.2014","7.536,02","7.509,86","7.543,52","7.501,69","","0,26%"
"19.08.2014","7.516,73","7.486,14","7.520,31","7.486,14","","0,51%"
"18.08.2014","7.478,55","7.434,06","7.478,97","7.434,06","","0,86%"
"15.08.2014","7.414,94","7.427,06","7.448,13","7.363,75","","0,02%"
"14.08.2014","7.413,33","7.388,73","7.413,44","7.387,30","","0,43%"
"13.08.2014","7.381,37","7.345,50","7.387,27","7.345,50","","0,71%"
"12.08.2014","7.329,56","7.335,88","7.352,63","7.309,02","","-0,18%"
"11.08.2014","7.342,69","7.332,14","7.373,06","7.332,14","","0,31%"
"08.08.2014","7.319,74","7.244,21","7.322,51","7.235,46","","1,14%"
"07.08.2014","7.237,50","7.294,13","7.309,43","7.220,05","","-0,53%"
"06.08.2014","7.276,22","7.261,42","7.305,70","7.250,03","","0,01%"
"05.08.2014","7.275,41","7.330,47","7.333,30","7.250,75","","-0,94%"
"04.08.2014","7.344,62","7.301,05","7.359,12","7.277,35","","0,71%"
"01.08.2014","7.292,59","7.302,99","7.339,04","7.259,46","","-0,28%"
"31.07.2014","7.312,88","7.433,79","7.433,79","7.312,86","","-1,98%"
"30.07.2014","7.460,37","7.473,68","7.492,69","7.432,44","","0,04%"
"29.07.2014","7.457,54","7.493,31","7.512,42","7.457,54","","-0,43%"
"28.07.2014","7.489,73","7.487,80","7.499,98","7.446,23","","0,03%"
"25.07.2014","7.487,84","7.507,84","7.507,84","7.473,08","","-0,49%"
"24.07.2014","7.524,58","7.526,84","7.537,65","7.516,19","","0,06%"
"23.07.2014","7.520,12","7.514,44","7.527,84","7.502,10","","0,19%"
"22.07.2014","7.506,15","7.482,79","7.516,74","7.482,79","","0,51%"
"21.07.2014","7.467,98","7.474,40","7.476,22","7.439,24","","-0,23%"
"18.07.2014","7.485,54","7.421,90","7.491,62","7.419,30","","1,04%"
"17.07.2014","7.408,85","7.482,82","7.497,98","7.399,24","","-1,16%"
"16.07.2014","7.495,48","7.484,44","7.502,64","7.473,63","","0,42%"
"15.07.2014","7.463,76","7.482,17","7.500,18","7.434,16","","-0,22%"
"14.07.2014","7.479,99","7.463,49","7.490,78","7.463,49","","0,49%"
"11.07.2014","7.443,34","7.434,64","7.447,26","7.413,88","","0,15%"
"10.07.2014","7.432,34","7.433,12","7.452,00","7.386,34","","-0,42%"
"09.07.2014","7.463,43","7.438,95","7.468,14","7.433,19","","0,47%"
"08.07.2014","7.428,61","7.473,47","7.473,47","7.411,84","","-0,70%"
"07.07.2014","7.480,68","7.504,31","7.504,31","7.470,54","","-0,41%"
"03.07.2014","7.511,36","7.479,83","7.511,66","7.479,83","","0,54%"
"02.07.2014","7.471,35","7.466,13","7.480,33","7.463,86","","0,05%"
"01.07.2014","7.467,86","7.428,08","7.487,83","7.428,08","","0,68%"
"30.06.2014","7.417,22","7.417,59","7.429,40","7.408,85","","0,01%"
"27.06.2014","7.416,77","7.395,78","7.418,28","7.384,32","","0,21%"
"26.06.2014","7.401,24","7.408,87","7.408,87","7.353,99","","-0,10%"
"25.06.2014","7.408,42","7.367,54","7.413,24","7.363,29","","0,49%"
"24.06.2014","7.372,46","7.415,47","7.442,83","7.366,41","","-0,65%"
"23.06.2014","7.420,73","7.420,95","7.425,51","7.407,08","","0,00%"
"20.06.2014","7.421,01","7.409,89","7.423,73","7.406,63","","0,19%"
"19.06.2014","7.407,03","7.401,20","7.409,33","7.380,01","","0,14%"
"18.06.2014","7.396,86","7.342,81","7.399,00","7.331,05","","0,77%"
"17.06.2014","7.340,27","7.320,57","7.347,32","7.308,23","","0,22%"
"16.06.2014","7.324,23","7.311,69","7.336,74","7.298,59","","0,08%"
"13.06.2014","7.318,03","7.304,73","7.322,06","7.285,02","","0,32%"
"12.06.2014","7.294,77","7.339,91","7.341,73","7.278,38","","-0,68%"
"11.06.2014","7.344,47","7.356,67","7.356,67","7.329,79","","-0,32%"
"10.06.2014","7.368,15","7.365,35","7.368,37","7.344,54","","-0,04%"
"09.06.2014","7.370,88","7.361,69","7.387,87","7.355,28","","0,09%"
"06.06.2014","7.363,92","7.341,06","7.363,92","7.341,06","","0,47%"
"05.06.2014","7.329,67","7.286,38","7.334,84","7.263,17","","0,66%"
"04.06.2014","7.281,53","7.258,47","7.283,86","7.245,16","","0,22%"
"03.06.2014","7.265,90","7.257,96","7.268,73","7.244,34","","-0,03%"
"02.06.2014","7.268,03","7.264,35","7.271,50","7.232,93","","0,09%"
"30.05.2014","7.261,65","7.247,07","7.263,38","7.236,36","","0,17%"
"29.05.2014","7.249,05","7.218,74","7.249,07","7.210,29","","0,55%"
"28.05.2014","7.209,17","7.217,22","7.226,80","7.199,04","","-0,10%"
"27.05.2014","7.216,33","7.186,24","7.217,78","7.186,24","","0,59%"
"23.05.2014","7.173,72","7.147,59","7.176,50","7.146,81","","0,43%"
"22.05.2014","7.142,91","7.125,91","7.157,79","7.115,59","","0,26%"
"21.05.2014","7.124,35","7.074,69","7.127,41","7.074,69","","0,83%"
"20.05.2014","7.065,75","7.109,48","7.109,48","7.048,24","","-0,66%"
"19.05.2014","7.112,38","7.075,02","7.115,88","7.063,31","","0,41%"
"16.05.2014","7.083,31","7.058,85","7.084,42","7.033,79","","0,37%"
"15.05.2014","7.057,53","7.118,42","7.118,42","7.023,58","","-0,90%"
"14.05.2014","7.121,74","7.150,30","7.150,93","7.111,34","","-0,45%"
"13.05.2014","7.153,69","7.154,32","7.172,90","7.148,55","","0,06%"
"12.05.2014","7.149,45","7.095,28","7.151,26","7.095,28","","0,97%"
"09.05.2014","7.080,56","7.064,97","7.080,71","7.037,34","","0,18%"
"08.05.2014","7.067,86","7.072,27","7.120,47","7.047,04","","-0,15%"
"07.05.2014","7.078,47","7.044,98","7.080,80","7.008,24","","0,59%"
"06.05.2014","7.037,18","7.093,54","7.093,54","7.037,18","","-0,90%"
"05.05.2014","7.101,06","7.070,06","7.104,19","7.031,68","","0,21%"
"02.05.2014","7.085,95","7.097,51","7.123,55","7.076,50","","-0,11%"
"01.05.2014","7.094,03","7.095,85","7.113,00","7.072,18","","0,02%"
"30.04.2014","7.092,38","7.059,89","7.096,54","7.047,41","","0,33%"
"29.04.2014","7.069,02","7.043,60","7.077,59","7.041,17","","0,51%"
"28.04.2014","7.033,33","7.025,98","7.064,52","6.962,57","","0,28%"
"25.04.2014","7.013,64","7.061,52","7.061,52","7.000,10","","-0,85%"
"24.04.2014","7.073,78","7.091,52","7.093,60","7.041,27","","0,15%"
"23.04.2014","7.063,30","7.080,20","7.080,66","7.058,88","","-0,24%"
"22.04.2014","7.080,16","7.053,71","7.099,86","7.053,66","","0,44%"
"21.04.2014","7.049,18","7.026,66","7.049,18","7.015,90","","0,39%"
"17.04.2014","7.021,90","7.009,07","7.039,29","6.991,30","","0,14%"
"16.04.2014","7.011,83","6.957,31","7.011,83","6.956,09","","1,06%"
"15.04.2014","6.938,20","6.899,03","6.942,08","6.836,59","","0,67%"
"14.04.2014","6.892,10","6.856,52","6.906,96","6.836,54","","0,81%"
"11.04.2014","6.836,82","6.883,43","6.911,03","6.831,56","","-0,96%"
"10.04.2014","6.903,02","7.051,25","7.052,22","6.893,78","","-2,10%"
"09.04.2014","7.050,98","6.983,07","7.051,69","6.975,71","","1,12%"
"08.04.2014","6.973,03","6.943,86","6.983,55","6.916,49","","0,44%"
"07.04.2014","6.942,46","7.008,88","7.016,13","6.927,60","","-1,12%"
"04.04.2014","7.020,78","7.128,93","7.144,44","7.013,02","","-1,28%"
"03.04.2014","7.111,92","7.127,82","7.132,77","7.089,73","","-0,16%"
"02.04.2014","7.123,22","7.108,11","7.131,38","7.097,24","","0,29%"
"01.04.2014","7.102,27","7.061,28","7.102,61","7.061,28","","0,74%"
"31.03.2014","7.050,02","7.010,02","7.060,16","7.010,02","","0,81%"
"28.03.2014","6.993,27","6.969,66","7.027,26","6.969,66","","0,49%"
"27.03.2014","6.959,49","6.967,01","6.984,14","6.932,33","","-0,16%"
"26.03.2014","6.970,62","7.032,64","7.059,46","6.970,62","","-0,71%"
"25.03.2014","7.020,27","7.005,56","7.045,79","6.984,67","","0,42%"
"24.03.2014","6.991,14","7.036,00","7.053,28","6.961,22","","-0,51%"
"21.03.2014","7.027,32","7.059,15","7.092,00","7.016,04","","-0,30%"
"20.03.2014","7.048,29","7.001,56","7.053,93","6.983,75","","0,58%"
"19.03.2014","7.007,93","7.052,89","7.058,90","6.969,99","","-0,62%"
"18.03.2014","7.051,97","7.004,49","7.057,77","7.004,49","","0,74%"
"17.03.2014","7.000,48","6.951,85","7.014,58","6.951,85","","0,94%"
"14.03.2014","6.935,24","6.945,22","6.975,65","6.929,69","","-0,25%"
"13.03.2014","6.952,30","7.043,30","7.057,99","6.935,04","","-1,16%"
"12.03.2014","7.034,00","7.015,18","7.034,47","6.980,76","","0,07%"
"11.03.2014","7.029,00","7.070,93","7.085,65","7.015,01","","-0,51%"
"10.03.2014","7.065,09","7.066,47","7.068,51","7.028,08","","-0,07%"