"Fecha","Último","Apertura","Máximo","Mínimo","% var."
"31.12.2025","129,400","129,400","129,400","129,400","-0,58%"
"30.12.2025","130,160","130,160","130,160","130,160","0,19%"
"29.12.2025","129,910","129,910","129,910","129,910","0,39%"
"24.12.2025","129,400","129,400","129,400","129,400","0,50%"
"23.12.2025","128,760","128,760","128,760","128,760","0,10%"
"22.12.2025","128,630","128,630","128,630","128,630","0,03%"
"19.12.2025","128,590","128,590","128,590","128,590","-0,12%"
"18.12.2025","128,740","128,740","128,740","128,740","0,16%"
"17.12.2025","128,530","128,530","128,530","128,050","-0,37%"
"15.12.2025","129,010","129,010","129,010","128,600","0,32%"
"12.12.2025","128,600","128,600","128,600","128,600","0,44%"
"11.12.2025","128,040","128,040","128,040","128,040","-0,57%"
"10.12.2025","128,780","128,780","128,780","128,780","0,11%"
"09.12.2025","128,640","128,640","128,640","128,640","-0,46%"
"08.12.2025","129,230","129,230","129,230","129,230","-0,68%"
"05.12.2025","130,110","130,110","130,180","130,110","-0,05%"
"04.12.2025","130,180","130,180","130,180","130,180","-0,36%"
"03.12.2025","130,650","130,650","130,650","130,650","-0,31%"
"02.12.2025","131,060","131,060","131,060","131,060","0,00%"
"01.12.2025","131,060","131,060","131,060","131,060","-1,11%"
"28.11.2025","132,530","132,530","132,530","132,530","0,09%"
"27.11.2025","132,410","132,410","132,410","132,410","0,15%"
"26.11.2025","132,210","132,210","132,210","132,210","0,49%"
"25.11.2025","131,560","131,560","131,560","131,130","0,33%"
"24.11.2025","131,130","131,130","131,130","131,130","0,24%"
"21.11.2025","130,810","130,810","130,810","130,810","1,03%"
"20.11.2025","129,480","129,480","129,480","129,480","-0,01%"
"19.11.2025","129,490","129,490","129,970","129,490","-0,37%"
"18.11.2025","129,970","129,970","129,970","129,970","-0,18%"
"17.11.2025","130,210","130,210","130,550","130,210","-0,26%"
"14.11.2025","130,550","130,550","130,550","130,340","0,16%"
"13.11.2025","130,340","130,340","131,810","130,340","-1,12%"
"12.11.2025","131,810","131,810","132,320","131,810","-0,39%"
"11.11.2025","132,320","132,320","132,320","131,700","0,47%"
"10.11.2025","131,700","131,700","131,770","131,700","-0,05%"
"07.11.2025","131,770","131,770","131,770","130,680","0,83%"
"06.11.2025","130,680","130,680","131,290","130,680","-0,46%"
"05.11.2025","131,290","131,290","131,290","131,200","0,07%"
"04.11.2025","131,200","131,200","131,200","130,870","0,25%"
"03.11.2025","130,870","130,870","130,870","130,870","0,08%"
"31.10.2025","130,760","130,760","130,760","130,470","0,22%"
"30.10.2025","130,470","130,470","130,470","129,500","0,75%"
"29.10.2025","129,500","129,500","131,900","129,500","-1,82%"
"28.10.2025","131,900","131,900","133,940","131,900","-1,52%"
"27.10.2025","133,940","133,940","133,940","133,940","0,38%"
"24.10.2025","133,430","133,430","133,490","133,430","-0,04%"
"23.10.2025","133,490","133,490","133,490","133,480","0,01%"
"22.10.2025","133,480","133,480","133,480","132,850","0,47%"
"21.10.2025","132,850","132,850","132,850","132,850","0,02%"
"20.10.2025","132,820","132,820","132,820","131,370","1,10%"
"17.10.2025","131,370","131,370","131,370","131,370","0,32%"
"16.10.2025","130,950","130,950","131,250","130,950","-0,23%"
"15.10.2025","131,250","131,250","131,250","130,160","0,84%"
"14.10.2025","130,160","130,160","130,160","130,160","0,32%"
"13.10.2025","129,750","129,750","129,750","129,750","0,89%"
"10.10.2025","128,610","128,610","128,610","128,610","-1,00%"
"09.10.2025","129,910","129,910","129,910","129,910","-0,08%"
"08.10.2025","130,010","130,010","130,350","130,010","-0,26%"
"07.10.2025","130,350","130,350","130,460","130,350","-0,08%"
"06.10.2025","130,460","130,460","130,460","130,460","-0,08%"
"03.10.2025","130,560","130,560","130,560","130,350","0,16%"
"02.10.2025","130,350","130,350","130,350","130,350","-0,15%"
"01.10.2025","130,550","130,550","130,550","130,550","0,07%"
"30.09.2025","130,460","130,460","130,460","129,690","0,59%"
"29.09.2025","129,690","129,690","129,850","129,690","-0,12%"
"26.09.2025","129,850","129,850","129,850","128,980","0,67%"
"25.09.2025","128,980","128,980","129,000","128,980","-0,02%"
"24.09.2025","129,000","129,000","129,420","129,000","-0,32%"
"23.09.2025","129,420","129,420","129,420","129,000","0,33%"
"22.09.2025","129,000","129,000","129,000","129,000","-0,20%"
"19.09.2025","129,260","129,260","129,470","129,260","-0,16%"
"18.09.2025","129,470","129,470","129,470","129,470","0,55%"
"17.09.2025","128,760","128,760","128,760","128,760","-0,37%"
"16.09.2025","129,240","129,240","129,240","129,240","-1,15%"
"15.09.2025","130,750","130,750","131,160","130,750","-0,31%"
"12.09.2025","131,160","131,160","131,160","131,160","0,03%"
"11.09.2025","131,120","131,120","131,120","131,120","1,16%"
"10.09.2025","129,620","129,620","129,620","129,620","-0,01%"
"09.09.2025","129,630","129,630","129,630","129,630","0,07%"
"08.09.2025","129,540","129,540","129,630","129,540","-0,07%"
"05.09.2025","129,630","129,630","129,630","129,630","0,36%"
"04.09.2025","129,170","129,170","129,170","129,170","0,74%"
"03.09.2025","128,220","128,220","128,220","128,220","0,03%"
"02.09.2025","128,180","128,180","129,830","128,180","-1,27%"
"01.09.2025","129,830","129,830","129,830","129,830","0,08%"
"29.08.2025","129,730","129,730","129,730","129,730","-0,05%"
"28.08.2025","129,800","129,800","129,800","129,800","-0,60%"
"27.08.2025","130,580","130,580","130,580","130,580","1,24%"
"26.08.2025","128,980","128,980","128,980","128,980","0,00%"
"25.08.2025","128,980","128,980","129,170","128,980","-0,15%"
"22.08.2025","129,170","129,170","129,170","128,640","0,41%"
"21.08.2025","128,640","128,640","128,640","128,640","0,01%"
"20.08.2025","128,630","128,630","128,630","127,870","0,59%"
"19.08.2025","127,870","127,870","127,870","126,270","1,27%"
"18.08.2025","126,270","126,270","126,700","126,270","-0,34%"
"15.08.2025","126,700","126,700","126,820","126,700","-0,09%"
"14.08.2025","126,820","126,820","126,820","126,820","-0,09%"
"13.08.2025","126,940","126,940","126,940","126,670","0,21%"
"12.08.2025","126,670","126,670","126,670","126,620","0,04%"
"11.08.2025","126,620","126,620","126,620","126,620","0,06%"
"08.08.2025","126,540","126,540","126,540","126,540","-0,69%"
"07.08.2025","127,420","127,420","127,420","126,910","0,40%"
"06.08.2025","126,910","126,910","127,640","126,910","-0,57%"
"05.08.2025","127,640","127,640","127,640","126,940","0,55%"
"04.08.2025","126,940","126,940","126,940","126,940","0,95%"
"01.08.2025","125,750","125,750","127,250","125,750","-1,18%"
"31.07.2025","127,250","127,250","127,250","127,250","-0,97%"
"30.07.2025","128,500","128,500","128,500","128,500","-0,46%"
"29.07.2025","129,090","129,090","129,090","129,090","2,06%"
"28.07.2025","126,490","126,490","126,490","126,490","-0,29%"
"25.07.2025","126,860","126,860","126,860","126,810","0,04%"
"24.07.2025","126,810","126,810","126,810","126,810","-0,63%"
"23.07.2025","127,620","127,620","127,620","127,620","0,10%"
"22.07.2025","127,490","127,490","127,490","127,490","0,96%"
"21.07.2025","126,280","126,280","126,290","126,280","-0,01%"
"18.07.2025","126,290","126,290","126,450","126,290","-0,13%"
"17.07.2025","126,450","126,450","126,450","126,450","0,03%"
"16.07.2025","126,410","126,410","126,410","125,840","0,45%"
"15.07.2025","125,840","125,840","126,480","125,840","-0,51%"
"14.07.2025","126,480","126,480","126,480","126,480","0,68%"
"11.07.2025","125,630","125,630","125,630","125,630","-0,14%"
"10.07.2025","125,810","125,810","125,810","125,030","0,62%"
"09.07.2025","125,030","125,030","125,030","125,030","-0,26%"
"08.07.2025","125,350","125,350","125,350","125,350","-0,13%"
"07.07.2025","125,510","125,510","126,160","125,510","-0,52%"
"04.07.2025","126,160","126,160","126,160","126,160","-0,23%"
"03.07.2025","126,450","126,450","126,450","126,080","0,29%"
"02.07.2025","126,080","126,080","126,080","125,800","0,22%"
"01.07.2025","125,800","125,800","125,800","125,550","0,20%"
"30.06.2025","125,550","125,550","125,550","125,550","0,25%"
"27.06.2025","125,240","125,240","125,240","125,240","0,16%"
"26.06.2025","125,040","125,040","125,830","125,040","-0,63%"
"25.06.2025","125,830","125,830","125,830","125,830","-1,75%"
"24.06.2025","128,070","128,070","128,510","128,070","-0,34%"
"23.06.2025","128,510","128,510","128,510","127,680","0,65%"
"20.06.2025","127,680","127,680","127,680","127,680","-0,39%"
"19.06.2025","128,180","128,180","128,180","128,130","0,04%"
"18.06.2025","128,130","128,130","128,130","127,430","0,55%"
"17.06.2025","127,430","127,430","127,430","126,780","0,51%"
"16.06.2025","126,780","126,780","126,780","126,780","-0,24%"
"13.06.2025","127,080","127,080","127,660","127,080","-0,45%"
"12.06.2025","127,660","127,660","128,360","127,660","-0,55%"
"11.06.2025","128,360","128,360","129,570","128,360","-0,93%"
"10.06.2025","129,570","129,570","129,570","128,820","0,58%"
"09.06.2025","128,820","128,820","128,820","128,820","-0,01%"
"06.06.2025","128,830","128,830","128,830","127,560","1,00%"
"05.06.2025","127,560","127,560","127,900","127,560","-0,27%"
"04.06.2025","127,900","127,900","127,900","127,900","-0,13%"
"03.06.2025","128,070","128,070","128,140","128,070","-0,05%"
"02.06.2025","128,140","128,140","128,140","128,140","-0,36%"
"30.05.2025","128,600","128,600","128,600","128,410","0,15%"
"29.05.2025","128,410","128,410","128,410","128,410","0,30%"
"28.05.2025","128,020","128,020","128,020","127,330","0,54%"
"27.05.2025","127,330","127,330","127,330","127,330","1,45%"
"26.05.2025","125,510","125,510","125,590","125,510","-0,06%"
"23.05.2025","125,590","125,590","125,820","125,590","-0,18%"
"22.05.2025","125,820","125,820","126,000","125,820","-0,14%"
"21.05.2025","126,000","126,000","128,870","126,000","-2,23%"
"20.05.2025","128,870","128,870","128,870","128,870","-0,48%"
"19.05.2025","129,490","129,490","129,490","128,510","0,76%"
"16.05.2025","128,510","130,270","130,270","128,510","1,37%"
"14.05.2025","126,770","126,770","128,220","126,770","-1,13%"
"13.05.2025","128,220","128,220","129,890","128,220","-1,29%"
"12.05.2025","129,890","129,890","129,890","127,940","1,52%"
"09.05.2025","127,940","127,940","127,940","127,050","0,70%"
"08.05.2025","127,050","127,050","127,050","127,050","-0,03%"
"07.05.2025","127,090","127,090","127,090","127,010","0,06%"
"06.05.2025","127,010","127,010","127,370","127,010","-0,28%"
"05.05.2025","127,370","127,370","127,370","127,370","0,02%"
"02.05.2025","127,340","127,340","127,340","127,340","1,58%"
"30.04.2025","125,360","125,360","125,360","125,360","1,02%"
"29.04.2025","124,090","124,090","124,090","124,090","-0,06%"
"28.04.2025","124,170","124,170","124,170","124,170","0,59%"
"25.04.2025","123,440","123,440","123,440","123,440","-0,11%"
"24.04.2025","123,580","123,580","123,590","123,580","-0,01%"
"23.04.2025","123,590","123,590","123,590","123,590","1,46%"
"22.04.2025","121,810","121,810","121,810","121,810","-0,85%"
"17.04.2025","122,860","122,860","122,860","122,860","1,57%"
"16.04.2025","120,960","120,960","121,200","120,960","-0,20%"
"15.04.2025","121,200","121,200","121,200","120,010","0,99%"
"14.04.2025","120,010","120,010","120,010","118,120","1,60%"
"11.04.2025","118,120","118,120","118,380","118,120","-0,22%"
"10.04.2025","118,380","118,380","119,700","118,380","-1,10%"
"09.04.2025","119,700","119,700","119,700","116,890","2,40%"
"08.04.2025","116,890","116,890","116,890","116,890","-0,84%"
"07.04.2025","117,880","117,880","121,800","117,880","-3,22%"
"04.04.2025","121,800","121,800","125,430","121,800","-2,89%"
"03.04.2025","125,430","125,430","125,430","125,430","-4,19%"
"02.04.2025","130,920","130,920","131,080","130,920","-0,12%"
"01.04.2025","131,080","131,080","131,080","130,630","0,34%"
"31.03.2025","130,630","130,630","130,630","130,290","0,26%"
"28.03.2025","130,290","130,290","130,600","130,290","-0,24%"
"27.03.2025","130,600","130,600","131,500","130,600","-0,68%"
"26.03.2025","131,500","131,500","131,500","131,500","0,69%"
"25.03.2025","130,600","130,600","131,240","130,600","-0,49%"
"24.03.2025","131,240","131,240","131,240","129,550","1,30%"
"21.03.2025","129,550","129,550","130,440","129,550","-0,68%"
"20.03.2025","130,440","130,440","130,440","129,980","0,35%"
"19.03.2025","129,980","129,980","129,980","129,980","0,30%"
"18.03.2025","129,590","129,590","129,590","129,590","-0,45%"
"17.03.2025","130,170","130,170","130,170","130,170","1,05%"
"14.03.2025","128,820","128,820","128,820","128,820","1,15%"
"13.03.2025","127,360","127,360","127,360","127,360","-0,82%"
"12.03.2025","128,410","128,410","128,410","128,410","-0,02%"
"11.03.2025","128,430","128,430","128,430","128,430","-1,62%"
"10.03.2025","130,540","130,540","130,540","130,540","-0,53%"
"07.03.2025","131,240","131,240","131,240","131,240","-0,24%"
"06.03.2025","131,560","131,560","131,560","131,560","-2,52%"
"05.03.2025","134,960","134,960","134,960","134,960","-1,34%"
"04.03.2025","136,790","136,790","136,790","136,790","-1,19%"
"03.03.2025","138,440","138,440","138,440","138,440","-0,30%"
"28.02.2025","138,850","138,850","138,850","138,850","0,37%"
"27.02.2025","138,340","138,340","138,340","138,340","0,96%"
"26.02.2025","137,020","137,020","137,020","137,020","-0,25%"
"25.02.2025","137,360","137,360","137,360","137,360","0,34%"
"24.02.2025","136,890","136,890","136,890","136,890","0,08%"
"21.02.2025","136,780","136,780","136,780","136,780","-0,26%"
"20.02.2025","137,140","137,140","137,140","137,140","-0,11%"
"19.02.2025","137,290","137,290","137,290","137,290","0,07%"
"18.02.2025","137,190","137,190","137,190","137,190","0,31%"
"17.02.2025","136,770","136,770","136,770","136,770","0,29%"
"14.02.2025","136,380","136,380","136,380","136,380","-0,75%"
"13.02.2025","137,410","137,410","137,410","137,410","0,55%"
"12.02.2025","136,660","136,660","136,660","136,660","-0,99%"
"11.02.2025","138,030","138,030","138,030","138,030","-0,06%"
"10.02.2025","138,110","138,110","138,110","138,110","0,30%"
"07.02.2025","137,700","137,700","137,700","137,700","-0,27%"
"06.02.2025","138,070","138,070","138,070","138,070","0,85%"
"05.02.2025","136,910","136,910","136,910","136,910","1,08%"
"04.02.2025","135,450","135,450","135,450","135,450","-0,41%"
"03.02.2025","136,010","136,010","136,010","136,010","0,08%"
"31.01.2025","135,900","135,900","135,900","135,900","0,17%"
"30.01.2025","135,670","135,670","135,670","135,670","1,10%"
"29.01.2025","134,200","134,200","134,200","134,200","-0,78%"
"28.01.2025","135,260","135,260","135,260","135,260","-0,16%"
"27.01.2025","135,470","135,470","135,470","135,470","1,04%"
"24.01.2025","134,070","134,070","134,070","134,070","-0,50%"
"23.01.2025","134,740","134,740","134,740","134,740","0,70%"
"22.01.2025","133,800","133,800","133,800","133,800","-1,44%"
"21.01.2025","135,760","135,760","135,760","135,760","1,43%"
"20.01.2025","133,850","133,850","133,850","133,850","-0,68%"
"17.01.2025","134,770","134,770","134,770","134,770","-0,01%"
"16.01.2025","134,790","134,790","134,790","134,790","1,33%"
"15.01.2025","133,020","133,020","133,020","133,020","0,55%"
"14.01.2025","132,290","132,290","132,290","132,290","-0,12%"
"13.01.2025","132,450","132,450","132,450","132,450","0,86%"
"10.01.2025","131,320","131,320","131,320","131,320","-1,23%"
"09.01.2025","132,960","132,960","132,960","132,960","-0,05%"
"08.01.2025","133,030","133,030","133,030","133,030","0,29%"
"07.01.2025","132,640","132,640","132,640","132,640","-0,38%"
"06.01.2025","133,140","133,140","133,140","133,140","-1,78%"
"03.01.2025","135,550","135,550","135,550","135,550","0,82%"
"02.01.2025","134,450","134,450","134,450","134,450","0,24%"
"31.12.2024","134,130","134,130","134,130","134,130","0,68%"
"30.12.2024","133,230","133,230","133,230","133,230","-0,09%"
"27.12.2024","133,350","133,350","133,350","133,350","-0,54%"
"24.12.2024","134,080","134,080","134,080","134,080","0,65%"
"23.12.2024","133,220","133,220","133,220","133,220","0,51%"
"20.12.2024","132,540","132,540","132,540","132,540","1,20%"
"19.12.2024","130,970","130,970","130,970","130,970","-1,01%"
"18.12.2024","132,300","132,300","132,300","132,300","-2,53%"
"17.12.2024","135,730","135,730","135,730","135,730","-0,15%"
"16.12.2024","135,940","135,940","135,940","135,940","-0,65%"
"13.12.2024","136,830","136,830","136,830","136,830","-0,55%"
"12.12.2024","137,590","137,590","137,590","137,590","0,05%"
"11.12.2024","137,520","137,520","137,520","137,520","-0,12%"
"10.12.2024","137,690","137,690","137,690","137,690","-0,39%"
"09.12.2024","138,230","138,230","138,230","138,230","-0,32%"
"06.12.2024","138,670","138,670","138,670","138,670","0,04%"
"05.12.2024","138,620","138,620","138,620","138,620","-0,76%"
"04.12.2024","139,680","139,680","139,680","139,680","-0,35%"
"03.12.2024","140,170","140,170","140,170","140,170","-0,69%"
"02.12.2024","141,150","141,150","141,150","141,150","-0,67%"
"28.11.2024","142,100","142,100","142,100","142,100","0,19%"
"27.11.2024","141,830","141,830","141,830","141,830","0,06%"
"26.11.2024","141,750","141,750","141,750","141,750","0,23%"
"25.11.2024","141,430","141,430","141,430","141,430","0,33%"
"22.11.2024","140,960","140,960","140,960","140,960","1,63%"
"21.11.2024","138,700","138,700","138,700","138,700","0,43%"
"20.11.2024","138,110","138,110","138,110","138,110","0,09%"
"19.11.2024","137,990","137,990","137,990","137,990","0,61%"
"18.11.2024","137,160","137,160","137,160","137,160","-0,15%"
"15.11.2024","137,360","137,360","137,360","137,360","0,48%"
"14.11.2024","136,700","136,700","136,700","136,700","-0,55%"
"13.11.2024","137,450","137,450","137,450","137,450","0,15%"
"12.11.2024","137,250","137,250","137,250","137,250","-0,84%"
"11.11.2024","138,410","138,410","138,410","138,410","0,54%"
"08.11.2024","137,660","137,660","137,660","137,660","1,61%"
"07.11.2024","135,480","135,480","135,480","135,480","0,13%"
"06.11.2024","135,310","135,310","135,310","135,310","-0,04%"
"05.11.2024","135,370","135,370","135,370","135,370","0,95%"
"04.11.2024","134,090","134,090","134,090","134,090","0,39%"
"01.11.2024","133,570","133,570","133,570","133,570","-0,74%"
"31.10.2024","134,570","134,570","134,570","134,570","-1,50%"
"30.10.2024","136,620","136,620","136,620","136,620","-0,35%"
"29.10.2024","137,100","137,100","137,100","137,100","-0,23%"
"28.10.2024","137,420","137,420","137,420","137,420","0,31%"
"25.10.2024","136,990","136,990","136,990","136,990","-0,94%"
"24.10.2024","138,290","138,290","138,290","138,290","-0,29%"
"23.10.2024","138,690","138,690","138,690","138,690","0,65%"
"22.10.2024","137,790","137,790","137,790","137,790","0,07%"
"21.10.2024","137,700","137,700","137,700","137,700","-1,47%"
"18.10.2024","139,760","139,760","139,760","139,760","-0,01%"
"17.10.2024","139,770","139,770","139,770","139,770","0,10%"
"16.10.2024","139,630","139,630","139,630","139,630","1,10%"
"15.10.2024","138,110","138,110","138,110","138,110","0,80%"
"14.10.2024","137,020","137,020","137,020","137,020","0,51%"
"11.10.2024","136,320","136,320","136,320","136,320","0,53%"
"10.10.2024","135,600","135,600","135,600","135,600","-0,27%"
"09.10.2024","135,970","135,970","135,970","135,970","0,27%"
"08.10.2024","135,610","135,610","135,610","135,610","-0,39%"
"07.10.2024","136,140","136,140","136,140","136,140","-0,85%"
"03.10.2024","137,310","137,310","137,310","137,310","-0,49%"
"02.10.2024","137,980","137,980","137,980","137,980","-0,17%"
"01.10.2024","138,210","138,210","138,210","138,210","0,29%"
"30.09.2024","137,810","137,810","137,810","137,810","0,07%"
"27.09.2024","137,720","137,720","137,720","137,720","0,48%"
"26.09.2024","137,060","137,060","137,060","137,060","-0,20%"
"25.09.2024","137,340","137,340","137,340","137,340","-0,48%"
"24.09.2024","138,000","138,000","138,000","138,000","-0,22%"
"23.09.2024","138,300","138,300","138,300","138,300","1,02%"
"20.09.2024","136,900","136,900","136,900","136,900","-0,65%"
"19.09.2024","137,800","137,800","137,800","137,800","0,16%"
"18.09.2024","137,580","137,580","137,580","137,580","-0,17%"
"17.09.2024","137,820","137,820","137,820","137,820","-0,62%"
"16.09.2024","138,680","138,680","138,680","138,680","-0,09%"
"13.09.2024","138,800","138,800","138,800","138,800","0,64%"
"12.09.2024","137,920","137,920","137,920","137,920","0,36%"
"11.09.2024","137,430","137,430","137,430","137,430","-0,08%"
"10.09.2024","137,540","137,540","137,540","137,540","1,44%"
"09.09.2024","135,590","135,590","135,590","135,590","1,07%"
"06.09.2024","134,160","134,160","134,160","134,160","-0,22%"
"05.09.2024","134,460","134,460","134,460","134,460","0,14%"
"04.09.2024","134,270","134,270","134,270","134,270","-0,34%"
"03.09.2024","134,730","134,730","134,730","134,730","-0,12%"
"02.09.2024","134,890","134,890","134,890","134,890","-0,02%"
"30.08.2024","134,920","134,920","134,920","134,920","1,00%"
"29.08.2024","133,590","133,590","133,590","133,590","-0,04%"
"28.08.2024","133,650","133,650","133,650","133,650","0,12%"
"27.08.2024","133,490","133,490","133,490","133,490","0,30%"
"26.08.2024","133,090","133,090","133,090","133,090","0,54%"
"23.08.2024","132,380","132,380","132,380","132,380","0,98%"
"22.08.2024","131,100","131,100","131,100","131,100","0,58%"
"21.08.2024","130,350","130,350","130,350","130,350","0,15%"
"20.08.2024","130,160","130,160","130,160","130,160","-0,33%"
"19.08.2024","130,590","130,590","130,590","130,590","0,30%"
"16.08.2024","130,200","130,200","130,200","130,200","0,01%"
"15.08.2024","130,190","130,190","130,190","130,190","0,27%"
"14.08.2024","129,840","129,840","129,840","129,840","-0,01%"
"13.08.2024","129,850","129,850","129,850","129,850","0,78%"
"12.08.2024","128,850","128,850","128,850","128,850","-0,81%"
"09.08.2024","129,900","129,900","129,900","129,900","0,74%"
"08.08.2024","128,950","128,950","128,950","128,950","0,73%"
"07.08.2024","128,010","128,010","128,010","128,010","-0,13%"
"06.08.2024","128,180","128,180","128,180","128,180","2,61%"
"05.08.2024","124,920","124,920","124,920","124,920","-3,32%"
"02.08.2024","129,210","129,210","129,210","129,210","-1,43%"
"01.08.2024","131,090","131,090","131,090","131,090","0,89%"
"31.07.2024","129,940","129,940","129,940","129,940","-0,09%"
"30.07.2024","130,060","130,060","130,060","130,060","0,39%"
"29.07.2024","129,550","129,550","129,550","129,550","1,10%"
"26.07.2024","128,140","128,140","128,140","128,140","1,22%"
"25.07.2024","126,590","126,590","126,590","126,590","-1,02%"
"24.07.2024","127,900","127,900","127,900","127,900","-1,38%"
"23.07.2024","129,690","129,690","129,690","129,690","0,96%"
"19.07.2024","128,460","128,460","128,460","128,460","-0,29%"
"18.07.2024","128,840","128,840","128,840","128,840","-0,12%"
"16.07.2024","128,990","128,990","128,990","128,990","1,15%"
"12.07.2024","127,520","127,520","127,520","127,520","0,68%"
"11.07.2024","126,660","126,660","126,660","126,660","1,73%"
"10.07.2024","124,510","124,510","124,510","124,510","0,75%"
"09.07.2024","123,580","123,580","123,580","123,580","0,15%"
"08.07.2024","123,390","123,390","123,390","123,390","-0,09%"
"05.07.2024","123,500","123,500","123,500","123,500","0,14%"
"04.07.2024","123,330","123,330","123,330","123,330","0,23%"
"03.07.2024","123,050","123,050","123,050","123,050","0,02%"
"01.07.2024","123,030","123,030","123,030","123,030","-0,64%"
"28.06.2024","123,820","123,820","123,820","123,820","0,67%"
"27.06.2024","122,990","122,990","122,990","122,990","0,24%"
"26.06.2024","122,690","122,690","122,690","122,690","-0,28%"
"25.06.2024","123,030","123,030","123,030","123,030","-0,49%"
"24.06.2024","123,640","123,640","123,640","123,640","0,24%"
"21.06.2024","123,340","123,340","123,340","123,340","0,25%"
"20.06.2024","123,030","123,030","123,030","123,030","0,07%"
"19.06.2024","122,950","122,950","122,950","122,950","-0,15%"
"18.06.2024","123,130","123,130","123,130","123,130","0,34%"
"17.06.2024","122,710","122,710","122,710","122,710","-0,85%"
"14.06.2024","123,760","123,760","123,760","123,760","0,61%"
"13.06.2024","123,010","123,010","123,010","123,010","0,68%"
"12.06.2024","122,180","122,180","122,180","122,180","-0,06%"
"11.06.2024","122,250","122,250","122,250","122,250","-0,68%"
"10.06.2024","123,090","123,090","123,090","123,090","0,78%"
"07.06.2024","122,140","122,140","122,140","122,140","-0,64%"
"06.06.2024","122,930","122,930","122,930","122,930","0,06%"
"05.06.2024","122,860","122,860","122,860","122,860","0,04%"
"04.06.2024","122,810","122,810","122,810","122,810","0,54%"
"03.06.2024","122,150","122,150","122,150","122,150","0,17%"
"31.05.2024","121,940","121,940","121,940","121,940","1,21%"
"30.05.2024","120,480","120,480","120,480","120,480","1,02%"
"29.05.2024","119,260","119,260","119,260","119,260","-0,70%"
"28.05.2024","120,100","120,100","120,100","120,100","-0,47%"
"27.05.2024","120,670","120,670","120,670","120,670","0,05%"
"24.05.2024","120,610","120,610","120,610","120,610","-0,36%"
"23.05.2024","121,050","121,050","121,050","121,050","-1,74%"
"22.05.2024","123,190","123,190","123,190","123,190","-0,42%"
"21.05.2024","123,710","123,710","123,710","123,710","-0,23%"
"20.05.2024","124,000","124,000","124,000","124,000","-0,37%"
"17.05.2024","124,460","124,460","124,460","124,460","-0,12%"
"16.05.2024","124,610","124,610","124,610","124,610","0,06%"
"15.05.2024","124,530","124,530","124,530","124,530","1,00%"
"14.05.2024","123,300","123,300","123,300","123,300","0,17%"
"13.05.2024","123,090","123,090","123,090","123,090","0,00%"
"10.05.2024","123,090","123,090","123,090","123,090","0,02%"
"09.05.2024","123,070","123,070","123,070","123,070","0,91%"
"08.05.2024","121,960","121,960","121,960","121,960","-0,68%"
"07.05.2024","122,800","122,800","122,800","122,800","0,74%"
"06.05.2024","121,900","121,900","121,900","121,900","0,15%"
"03.05.2024","121,720","121,720","121,720","121,720","0,26%"
"02.05.2024","121,410","121,410","121,410","121,410","1,39%"
"30.04.2024","119,740","119,740","119,740","119,740","-0,67%"
"29.04.2024","120,550","120,550","120,550","120,550","0,68%"
"26.04.2024","119,730","119,730","119,730","119,730","0,54%"
"25.04.2024","119,090","119,090","119,090","119,090","-0,82%"
"24.04.2024","120,080","120,080","120,080","120,080","-0,21%"
"23.04.2024","120,330","120,330","120,330","120,330","0,52%"
"22.04.2024","119,710","119,710","119,710","119,710","1,15%"
"19.04.2024","118,350","118,350","118,350","118,350","0,03%"
"18.04.2024","118,310","118,310","118,310","118,310","0,13%"
"17.04.2024","118,160","118,160","118,160","118,160","-0,64%"
"16.04.2024","118,920","118,920","118,920","118,920","-1,50%"
"15.04.2024","120,730","120,730","120,730","120,730","-1,26%"
"12.04.2024","122,270","122,270","122,270","122,270","-0,03%"
"11.04.2024","122,310","122,310","122,310","122,310","0,11%"
"10.04.2024","122,170","122,170","122,170","122,170","-1,98%"
"09.04.2024","124,640","124,640","124,640","124,640","0,85%"
"08.04.2024","123,590","123,590","123,590","123,590","1,01%"
"05.04.2024","122,350","122,350","122,350","122,350","0,63%"
"04.04.2024","121,590","121,590","121,590","121,590","-0,47%"
"03.04.2024","122,170","122,170","122,170","122,170","-3,03%"
"28.03.2024","125,990","125,990","125,990","125,990","0,96%"
"27.03.2024","124,790","124,790","124,790","124,790","2,00%"
"26.03.2024","122,340","122,340","122,340","122,340","-0,20%"
"25.03.2024","122,580","122,580","122,580","122,580","-0,62%"
"22.03.2024","123,350","123,350","123,350","123,350","-0,49%"
"21.03.2024","123,960","123,960","123,960","123,960","1,12%"
"20.03.2024","122,590","122,590","122,590","122,590","0,36%"
"19.03.2024","122,150","122,150","122,150","122,150","0,61%"
"18.03.2024","121,410","121,410","121,410","121,410","0,12%"
"15.03.2024","121,260","121,260","121,260","121,260","-0,15%"
"14.03.2024","121,440","121,440","121,440","121,440","-0,65%"
"13.03.2024","122,240","122,240","122,240","122,240","-0,64%"
"12.03.2024","123,030","123,030","123,030","123,030","-0,18%"
"11.03.2024","123,250","123,250","123,250","123,250","-0,12%"
"08.03.2024","123,400","123,400","123,400","123,400","0,97%"
"07.03.2024","122,210","122,210","122,210","122,210","0,24%"
"06.03.2024","121,920","121,920","121,920","121,920","0,28%"
"05.03.2024","121,580","121,580","121,580","121,580","-1,13%"
"04.03.2024","122,970","122,970","122,970","122,970","0,47%"
"01.03.2024","122,390","122,390","122,390","122,390","0,64%"
"29.02.2024","121,610","121,610","121,610","121,610","0,58%"
"28.02.2024","120,910","120,910","120,910","120,910","0,28%"
"27.02.2024","120,570","120,570","120,570","120,570","0,17%"
"26.02.2024","120,370","120,370","120,370","120,370","-1,15%"
"23.02.2024","121,770","121,770","121,770","121,770","-0,33%"
"22.02.2024","122,170","122,170","122,170","122,170","0,07%"
"21.02.2024","122,080","122,080","122,080","122,080","0,59%"
"20.02.2024","121,360","121,360","121,360","121,360","-0,59%"
"19.02.2024","122,080","122,080","122,080","122,080","-0,08%"
"16.02.2024","122,180","122,180","122,180","122,180","-0,44%"
"15.02.2024","122,720","122,720","122,720","122,720","1,61%"
"14.02.2024","120,770","120,770","120,770","120,770","0,17%"
"13.02.2024","120,560","120,560","120,560","120,560","-1,33%"
"12.02.2024","122,180","122,180","122,180","122,180","0,26%"
"09.02.2024","121,860","121,860","121,860","121,860","-0,31%"
"08.02.2024","122,240","122,240","122,240","122,240","0,53%"
"07.02.2024","121,600","121,600","121,600","121,600","-0,18%"
"06.02.2024","121,820","121,820","121,820","121,820","0,67%"
"05.02.2024","121,010","121,010","121,010","121,010","-0,83%"
"02.02.2024","122,020","122,020","122,020","122,020","-0,56%"
"01.02.2024","122,710","122,710","122,710","122,710","0,72%"
"31.01.2024","121,830","121,830","121,830","121,830","-0,38%"
"30.01.2024","122,290","122,290","122,290","122,290","-0,93%"
"29.01.2024","123,440","123,440","123,440","123,440","1,12%"
"26.01.2024","122,070","122,070","122,070","122,070","-0,25%"
"25.01.2024","122,380","122,380","122,380","122,380","1,07%"
"24.01.2024","121,080","121,080","121,080","121,080","-1,13%"
"23.01.2024","122,460","122,460","122,460","122,460","-0,26%"
"22.01.2024","122,780","122,780","122,780","122,780","0,66%"
"19.01.2024","121,980","121,980","121,980","121,980","0,82%"
"18.01.2024","120,990","120,990","120,990","120,990","-0,74%"
"17.01.2024","121,890","121,890","121,890","121,890","-1,91%"
"16.01.2024","124,260","124,260","124,260","124,260","-0,17%"
"15.01.2024","124,470","124,470","124,470","124,470","-0,06%"
"12.01.2024","124,550","124,550","124,550","124,550","0,61%"
"11.01.2024","123,800","123,800","123,800","123,800","-0,36%"
"10.01.2024","124,250","124,250","124,250","124,250","-0,19%"
"09.01.2024","124,490","124,490","124,490","124,490","0,02%"
"08.01.2024","124,470","124,470","124,470","124,470","1,06%"
"05.01.2024","123,170","123,170","123,170","123,170","-0,16%"
"04.01.2024","123,370","123,370","123,370","123,370","-0,65%"
"03.01.2024","124,180","124,180","124,180","124,180","-1,59%"
"02.01.2024","126,180","126,180","126,180","126,180","1,15%"
"29.12.2023","124,740","124,740","124,740","124,740","-0,52%"
"28.12.2023","125,390","125,390","125,390","125,390","0,80%"
"27.12.2023","124,400","124,400","124,400","124,400","0,35%"
"22.12.2023","123,970","123,970","123,970","123,970","0,23%"
"21.12.2023","123,690","123,690","123,690","123,690","0,22%"
"20.12.2023","123,420","123,420","123,420","123,420","-0,48%"
"19.12.2023","124,020","124,020","124,020","124,020","-0,06%"
"18.12.2023","124,090","124,090","124,090","124,090","-0,66%"
"15.12.2023","124,910","124,910","124,910","124,910","-0,27%"
"14.12.2023","125,250","125,250","125,250","125,250","1,73%"
"13.12.2023","123,120","123,120","123,120","123,120","2,55%"
"12.12.2023","120,060","120,060","120,060","120,060","-0,38%"
"11.12.2023","120,520","120,520","120,520","120,520","0,51%"
"08.12.2023","119,910","119,910","119,910","119,910","0,00%"
"07.12.2023","119,910","119,910","119,910","119,910","0,35%"
"06.12.2023","119,490","119,490","119,490","119,490","-0,02%"
"04.12.2023","119,510","119,510","119,510","119,510","0,95%"
"01.12.2023","118,390","118,390","118,390","118,390","2,57%"
"30.11.2023","115,420","115,420","115,420","115,420","1,07%"
"29.11.2023","114,200","114,200","114,200","114,200","0,45%"
"28.11.2023","113,690","113,690","113,690","113,690","-0,04%"
"27.11.2023","113,730","113,730","113,730","113,730","0,18%"
"24.11.2023","113,530","113,530","113,530","113,530","0,03%"
"23.11.2023","113,500","113,500","113,500","113,500","-0,29%"
"22.11.2023","113,830","113,830","113,830","113,830","0,92%"
"21.11.2023","112,790","112,790","112,790","112,790","-0,61%"
"20.11.2023","113,480","113,480","113,480","113,480","0,32%"
"17.11.2023","113,120","113,120","113,120","113,120","0,05%"
"16.11.2023","113,060","113,060","113,060","113,060","-0,67%"
"15.11.2023","113,820","113,820","113,820","113,820","0,26%"
"14.11.2023","113,530","113,530","113,530","113,530","3,45%"
"13.11.2023","109,740","109,740","109,740","109,740","-0,93%"
"10.11.2023","110,770","110,770","110,770","110,770","0,70%"
"09.11.2023","110,000","110,000","110,000","110,000","-0,95%"
"08.11.2023","111,050","111,050","111,050","111,050","-0,04%"
"07.11.2023","111,090","111,090","111,090","111,090","-0,53%"
"06.11.2023","111,680","111,680","111,680","111,680","-1,12%"
"03.11.2023","112,950","112,950","112,950","112,950","1,13%"
"02.11.2023","111,690","111,690","111,690","111,690","2,45%"
"01.11.2023","109,020","109,020","109,020","109,020","1,15%"
"31.10.2023","107,780","107,780","107,780","107,780","0,63%"
"26.10.2023","107,100","107,100","107,100","107,100","0,95%"
"25.10.2023","106,090","106,090","106,090","106,090","-1,70%"
"24.10.2023","107,920","107,920","107,920","107,920","1,06%"
"23.10.2023","106,790","106,790","106,790","106,790","-1,23%"
"20.10.2023","108,120","108,120","108,120","108,120","-0,85%"
"19.10.2023","109,050","109,050","109,050","109,050","-2,23%"
"18.10.2023","111,540","111,540","111,540","111,540","-1,43%"
"17.10.2023","113,160","113,160","113,160","113,160","0,04%"
"16.10.2023","113,120","113,120","113,120","113,120","0,19%"
"13.10.2023","112,910","112,910","112,910","112,910","-0,37%"
"12.10.2023","113,330","113,330","113,330","113,330","-0,50%"
"11.10.2023","113,900","113,900","113,900","113,900","1,00%"
"10.10.2023","112,770","112,770","112,770","112,770","0,45%"
"09.10.2023","112,260","112,260","112,260","112,260","0,72%"
"06.10.2023","111,460","111,460","111,460","111,460","0,18%"
"05.10.2023","111,260","111,260","111,260","111,260","0,48%"
"04.10.2023","110,730","110,730","110,730","110,730","0,43%"
"03.10.2023","110,260","110,260","110,260","110,260","-1,64%"
"02.10.2023","112,100","112,100","112,100","112,100","-0,74%"
"29.09.2023","112,940","112,940","112,940","112,940","0,47%"
"28.09.2023","112,410","112,410","112,410","112,410","0,01%"
"27.09.2023","112,400","112,400","112,400","112,400","-0,09%"
"26.09.2023","112,500","112,500","112,500","112,500","-1,65%"
"25.09.2023","114,390","114,390","114,390","114,390","0,25%"
"22.09.2023","114,100","114,100","114,100","114,100","-0,53%"
"21.09.2023","114,710","114,710","114,710","114,710","-2,03%"
"20.09.2023","117,090","117,090","117,090","117,090","0,05%"
"19.09.2023","117,030","117,030","117,030","117,030","-0,37%"
"18.09.2023","117,470","117,470","117,470","117,470","-1,09%"
"15.09.2023","118,760","118,760","118,760","118,760","-0,29%"
"14.09.2023","119,100","119,100","119,100","119,100","2,38%"
"13.09.2023","116,330","116,330","116,330","116,330","-0,88%"
"12.09.2023","117,360","117,360","117,360","117,360","0,13%"
"11.09.2023","117,210","117,210","117,210","117,210","-0,30%"
"08.09.2023","117,560","117,560","117,560","117,560","-0,45%"
"07.09.2023","118,090","118,090","118,090","118,090","0,31%"
"06.09.2023","117,720","117,720","117,720","117,720","0,07%"
"05.09.2023","117,640","117,640","117,640","117,640","-0,41%"
"04.09.2023","118,120","118,120","118,120","118,120","0,36%"
"01.09.2023","117,700","117,700","117,700","117,700","0,22%"
"31.08.2023","117,440","117,440","117,440","117,440","0,34%"
"30.08.2023","117,040","117,040","117,040","117,040","-0,35%"
"29.08.2023","117,450","117,450","117,450","117,450","0,97%"
"28.08.2023","116,320","116,320","116,320","116,320","0,46%"
"25.08.2023","115,790","115,790","115,790","115,790","0,55%"
"24.08.2023","115,160","115,160","115,160","115,160","-0,24%"
"23.08.2023","115,440","115,440","115,440","115,440","2,44%"
"21.08.2023","112,690","112,690","112,690","112,690","-1,18%"
"18.08.2023","114,030","114,030","114,030","114,030","0,00%"
"17.08.2023","114,030","114,030","114,030","114,030","-0,58%"
"16.08.2023","114,700","114,700","114,700","114,700","-0,34%"
"15.08.2023","115,090","115,090","115,090","115,090","-1,26%"
"14.08.2023","116,560","116,560","116,560","116,560","-0,44%"
"11.08.2023","117,080","117,080","117,080","117,080","0,13%"
"10.08.2023","116,930","116,930","116,930","116,930","-0,32%"
"09.08.2023","117,300","117,300","117,300","117,300","-0,26%"
"08.08.2023","117,610","117,610","117,610","117,610","-0,29%"
"07.08.2023","117,950","117,950","117,950","117,950","1,24%"
"04.08.2023","116,500","116,500","116,500","116,500","-1,40%"
"03.08.2023","118,150","118,150","118,150","118,150","-0,66%"
"02.08.2023","118,940","118,940","118,940","118,940","-0,38%"
"01.08.2023","119,390","119,390","119,390","119,390","-0,20%"
"31.07.2023","119,630","119,630","119,630","119,630","0,40%"
"28.07.2023","119,150","119,150","119,150","119,150","-0,57%"
"27.07.2023","119,830","119,830","119,830","119,830","-0,81%"
"26.07.2023","120,810","120,810","120,810","120,810","0,36%"
"25.07.2023","120,380","120,380","120,380","120,380","-0,02%"
"24.07.2023","120,410","120,410","120,410","120,410","0,74%"
"21.07.2023","119,530","119,530","119,530","119,530","0,45%"
"20.07.2023","119,000","119,000","119,000","119,000","0,55%"
"19.07.2023","118,350","118,350","118,350","118,350","1,58%"
"18.07.2023","116,510","116,510","116,510","116,510","-0,62%"
"17.07.2023","117,240","117,240","117,240","117,240","-0,30%"
"14.07.2023","117,590","117,590","117,590","117,590","-0,36%"
"13.07.2023","118,020","118,020","118,020","118,020","0,34%"
"12.07.2023","117,620","117,620","117,620","117,620","-0,16%"
"11.07.2023","117,810","117,810","117,810","117,810","1,37%"
"10.07.2023","116,220","116,220","116,220","116,220","0,08%"
"07.07.2023","116,130","116,130","116,130","116,130","-0,95%"
"06.07.2023","117,240","117,240","117,240","117,240","-1,00%"
"05.07.2023","118,420","118,420","118,420","118,420","0,08%"
"04.07.2023","118,320","118,320","118,320","118,320","0,42%"
"03.07.2023","117,830","117,830","117,830","117,830","1,14%"
"30.06.2023","116,500","116,500","116,500","116,500","0,41%"
"29.06.2023","116,020","116,020","116,020","116,020","0,54%"
"28.06.2023","115,400","115,400","115,400","115,400","0,44%"
"27.06.2023","114,890","114,890","114,890","114,890","0,67%"
"26.06.2023","114,120","114,120","114,120","114,120","1,50%"
"23.06.2023","112,430","112,430","112,430","112,430","-1,16%"
"22.06.2023","113,750","113,750","113,750","113,750","-1,38%"
"21.06.2023","115,340","115,340","115,340","115,340","-1,01%"
"20.06.2023","116,520","116,520","116,520","116,520","-1,04%"
"16.06.2023","117,750","117,750","117,750","117,750","0,06%"
"15.06.2023","117,680","117,680","117,680","117,680","-0,22%"
"14.06.2023","117,940","117,940","117,940","117,940","-0,12%"
"13.06.2023","118,080","118,080","118,080","118,080","-0,28%"
"12.06.2023","118,410","118,410","118,410","118,410","-0,27%"
"09.06.2023","118,730","118,730","118,730","118,730","0,03%"
"08.06.2023","118,690","118,690","118,690","118,690","-1,20%"
"07.06.2023","120,130","120,130","120,130","120,130","0,98%"
"06.06.2023","118,960","118,960","118,960","118,960","0,98%"
"05.06.2023","117,800","117,800","117,800","117,800","-0,14%"
"02.06.2023","117,970","117,970","117,970","117,970","2,34%"
"01.06.2023","115,270","115,270","115,270","115,270","-0,48%"
"31.05.2023","115,830","115,830","115,830","115,830","0,70%"
"30.05.2023","115,020","115,020","115,020","115,020","0,10%"
"29.05.2023","114,900","114,900","114,900","114,900","0,12%"
"26.05.2023","114,760","114,760","114,760","114,760","1,07%"
"25.05.2023","113,550","113,550","113,550","113,550","-0,31%"
"24.05.2023","113,900","113,900","113,900","113,900","-1,70%"
"23.05.2023","115,870","115,870","115,870","115,870","-0,14%"
"22.05.2023","116,030","116,030","116,030","116,030","0,28%"
"19.05.2023","115,710","115,710","115,710","115,710","-0,06%"
"18.05.2023","115,780","115,780","115,780","115,780","-0,28%"
"17.05.2023","116,100","116,100","116,100","116,100","0,69%"
"16.05.2023","115,310","115,310","115,310","115,310","-1,82%"
"15.05.2023","117,450","117,450","117,450","117,450","0,38%"
"12.05.2023","117,010","117,010","117,010","117,010","-0,03%"
"11.05.2023","117,040","117,040","117,040","117,040","-0,28%"
"10.05.2023","117,370","117,370","117,370","117,370","0,47%"
"09.05.2023","116,820","116,820","116,820","116,820","-0,51%"
"08.05.2023","117,420","117,420","117,420","117,420","-0,16%"
"05.05.2023","117,610","117,610","117,610","117,610","1,33%"
"04.05.2023","116,070","116,070","116,070","116,070","1,24%"
"03.05.2023","114,650","114,650","114,650","114,650","-0,57%"
"02.05.2023","115,310","115,310","115,310","115,310","-1,46%"
"28.04.2023","117,020","117,020","117,020","117,020","1,10%"
"27.04.2023","115,750","115,750","115,750","115,750","1,48%"
"26.04.2023","114,060","114,060","114,060","114,060","-0,83%"
"25.04.2023","115,020","115,020","115,020","115,020","-0,23%"
"24.04.2023","115,290","115,290","115,290","115,290","-0,61%"
"21.04.2023","116,000","116,000","116,000","116,000","0,14%"
"20.04.2023","115,840","115,840","115,840","115,840","-0,63%"
"19.04.2023","116,580","116,580","116,580","116,580","0,20%"
"18.04.2023","116,350","116,350","116,350","116,350","-0,50%"
"17.04.2023","116,940","116,940","116,940","116,940","2,23%"
"14.04.2023","114,390","114,390","114,390","114,390","-0,44%"
"13.04.2023","114,890","114,890","114,890","114,890","-0,73%"
"12.04.2023","115,730","115,730","115,730","115,730","-0,75%"
"11.04.2023","116,600","116,600","116,600","116,600","0,56%"
"06.04.2023","115,950","115,950","115,950","115,950","0,42%"
"05.04.2023","115,470","115,470","115,470","115,470","-0,29%"
"04.04.2023","115,810","115,810","115,810","115,810","-0,70%"
"03.04.2023","116,630","116,630","116,630","116,630","-0,13%"
"31.03.2023","116,780","116,780","116,780","116,780","1,97%"
"30.03.2023","114,520","114,520","114,520","114,520","0,69%"
"29.03.2023","113,740","113,740","113,740","113,740","1,62%"
"28.03.2023","111,930","111,930","111,930","111,930","-0,68%"
"27.03.2023","112,700","112,700","112,700","112,700","0,16%"
"24.03.2023","112,520","112,520","112,520","112,520","2,11%"
"23.03.2023","110,200","110,200","110,200","110,200","-1,05%"
"22.03.2023","111,370","111,370","111,370","111,370","-2,79%"
"21.03.2023","114,570","114,570","114,570","114,570","-0,74%"
"20.03.2023","115,420","115,420","115,420","115,420","-0,11%"
"17.03.2023","115,550","115,550","115,550","115,550","-1,79%"
"16.03.2023","117,660","117,660","117,660","117,660","-1,37%"
"15.03.2023","119,300","119,300","119,300","119,300","1,32%"
"14.03.2023","117,750","117,750","117,750","117,750","0,78%"
"13.03.2023","116,840","116,840","116,840","116,840","0,40%"
"10.03.2023","116,370","116,370","116,370","116,370","-3,65%"
"09.03.2023","120,780","120,780","120,780","120,780","-1,87%"
"08.03.2023","123,080","123,080","123,080","123,080","0,60%"
"07.03.2023","122,340","122,340","122,340","122,340","-1,10%"
"06.03.2023","123,700","123,700","123,700","123,700","-0,39%"
"03.03.2023","124,190","124,190","124,190","124,190","1,19%"
"02.03.2023","122,730","122,730","122,730","122,730","1,31%"
"01.03.2023","121,140","121,140","121,140","121,140","-1,89%"
"28.02.2023","123,470","123,470","123,470","123,470","-0,10%"
"27.02.2023","123,590","123,590","123,590","123,590","-0,34%"
"24.02.2023","124,010","124,010","124,010","124,010","-0,64%"
"23.02.2023","124,810","124,810","124,810","124,810","0,65%"
"22.02.2023","124,000","124,000","124,000","124,000","-0,08%"
"21.02.2023","124,100","124,100","124,100","124,100","-1,38%"
"20.02.2023","125,840","125,840","125,840","125,840","-0,08%"
"17.02.2023","125,940","125,940","125,940","125,940","-0,25%"
"16.02.2023","126,250","126,250","126,250","126,250","-0,32%"
"15.02.2023","126,660","126,660","126,660","126,660","-0,02%"
"14.02.2023","126,690","126,690","126,690","126,690","-0,39%"
"13.02.2023","127,180","127,180","127,180","127,180","-0,06%"
"10.02.2023","127,260","127,260","127,260","127,260","0,66%"
"09.02.2023","126,430","126,430","126,430","126,430","-0,96%"
"08.02.2023","127,650","127,650","127,650","127,650","-0,28%"
"07.02.2023","128,010","128,010","128,010","128,010","-0,03%"
"06.02.2023","128,050","128,050","128,050","128,050","0,12%"
"03.02.2023","127,900","127,900","127,900","127,900","-0,95%"
"02.02.2023","129,130","129,130","129,130","129,130","2,32%"
"01.02.2023","126,200","126,200","126,200","126,200","0,07%"
"31.01.2023","126,110","126,110","126,110","126,110","0,76%"
"30.01.2023","125,160","125,160","125,160","125,160","-1,10%"
"27.01.2023","126,550","126,550","126,550","126,550","1,22%"
"26.01.2023","125,020","125,020","125,020","125,020","1,04%"
"25.01.2023","123,730","123,730","123,730","123,730","-0,31%"
"24.01.2023","124,110","124,110","124,110","124,110","0,47%"
"23.01.2023","123,530","123,530","123,530","123,530","0,52%"
"20.01.2023","122,890","122,890","122,890","122,890","0,68%"
"19.01.2023","122,060","122,060","122,060","122,060","-0,55%"
"18.01.2023","122,740","122,740","122,740","122,740","-0,90%"
"17.01.2023","123,850","123,850","123,850","123,850","0,58%"
"16.01.2023","123,130","123,130","123,130","123,130","0,19%"
"13.01.2023","122,900","122,900","122,900","122,900","-0,52%"
"12.01.2023","123,540","123,540","123,540","123,540","0,92%"
"11.01.2023","122,410","122,410","122,410","122,410","2,51%"
"10.01.2023","119,410","119,410","119,410","119,410","0,04%"
"09.01.2023","119,360","119,360","119,360","119,360","-0,82%"
"06.01.2023","120,350","120,350","120,350","120,350","0,87%"
"05.01.2023","119,310","119,310","119,310","119,310","-1,35%"
"04.01.2023","120,940","120,940","120,940","120,940","1,18%"
"03.01.2023","119,530","119,530","119,530","119,530","1,25%"
"02.01.2023","118,050","118,050","118,050","118,050","0,17%"
"30.12.2022","117,850","117,850","117,850","117,850","-0,40%"
"29.12.2022","118,320","118,320","118,320","118,320","1,15%"
"28.12.2022","116,980","116,980","116,980","116,980","-0,95%"
"27.12.2022","118,100","118,100","118,100","118,100","-0,21%"
"23.12.2022","118,350","118,350","118,350","118,350","0,31%"
"22.12.2022","117,990","117,990","117,990","117,990","-0,02%"
"21.12.2022","118,010","118,010","118,010","118,010","1,20%"
"20.12.2022","116,610","116,610","116,610","116,610","-1,18%"
"19.12.2022","118,000","118,000","118,000","118,000","-0,77%"
"16.12.2022","118,910","118,910","118,910","118,910","-1,82%"
"15.12.2022","121,120","121,120","121,120","121,120","-1,54%"
"14.12.2022","123,020","123,020","123,020","123,020","-0,05%"
"13.12.2022","123,080","123,080","123,080","123,080","0,78%"
"12.12.2022","122,130","122,130","122,130","122,130","0,11%"
"09.12.2022","121,990","121,990","121,990","121,990","0,13%"
"08.12.2022","121,830","121,830","121,830","121,830","0,30%"
"07.12.2022","121,470","121,470","121,470","121,470","-0,05%"
"06.12.2022","121,530","121,530","121,530","121,530","-0,32%"
"05.12.2022","121,920","121,920","121,920","121,920","-1,48%"
"02.12.2022","123,750","123,750","123,750","123,750","-0,19%"
"01.12.2022","123,990","123,990","123,990","123,990","-1,31%"
"30.11.2022","125,630","125,630","125,630","125,630","1,66%"
"29.11.2022","123,580","123,580","123,580","123,580","1,59%"
"28.11.2022","121,640","121,640","121,640","121,640","-2,00%"
"25.11.2022","124,120","124,120","124,120","124,120","0,39%"
"24.11.2022","123,640","123,640","123,640","123,640","0,40%"
"23.11.2022","123,150","123,150","123,150","123,150","-0,86%"
"22.11.2022","124,220","124,220","124,220","124,220","0,14%"
"21.11.2022","124,050","124,050","124,050","124,050","0,98%"
"18.11.2022","122,850","122,850","122,850","122,850","0,91%"
"17.11.2022","121,740","121,740","121,740","121,740","0,19%"
"16.11.2022","121,510","121,510","121,510","121,510","-1,33%"
"15.11.2022","123,150","123,150","123,150","123,150","0,39%"
"14.11.2022","122,670","122,670","122,670","122,670","-1,75%"
"11.11.2022","124,860","124,860","124,860","124,860","-0,45%"
"10.11.2022","125,420","125,420","125,420","125,420","4,22%"
"09.11.2022","120,340","120,340","120,340","120,340","-0,51%"
"08.11.2022","120,960","120,960","120,960","120,960","0,02%"
"07.11.2022","120,930","120,930","120,930","120,930","-0,62%"
"04.11.2022","121,680","121,680","121,680","121,680","0,21%"
"03.11.2022","121,430","121,430","121,430","121,430","0,28%"
"02.11.2022","121,090","121,090","121,090","121,090","-1,90%"
"01.11.2022","123,430","123,430","123,430","123,430","0,64%"
"31.10.2022","122,650","122,650","122,650","122,650","0,33%"
"28.10.2022","122,250","122,250","122,250","122,250","1,40%"
"27.10.2022","120,560","120,560","120,560","120,560","1,01%"
"26.10.2022","119,360","119,360","119,360","119,360","-0,26%"
"25.10.2022","119,670","119,670","119,670","119,670","2,54%"
"24.10.2022","116,700","116,700","116,700","116,700","-0,56%"
"21.10.2022","117,360","117,360","117,360","117,360","0,35%"
"20.10.2022","116,950","116,950","116,950","116,950","-0,24%"
"19.10.2022","117,230","117,230","117,230","117,230","-1,61%"
"18.10.2022","119,150","119,150","119,150","119,150","0,35%"
"17.10.2022","118,730","118,730","118,730","118,730","2,12%"
"14.10.2022","116,270","116,270","116,270","116,270","-1,51%"
"13.10.2022","118,050","118,050","118,050","118,050","0,69%"
"12.10.2022","117,240","117,240","117,240","117,240","-0,75%"
"11.10.2022","118,130","118,130","118,130","118,130","0,61%"
"10.10.2022","117,410","117,410","117,410","117,410","-0,30%"
"07.10.2022","117,760","117,760","117,760","117,760","-1,51%"
"06.10.2022","119,560","119,560","119,560","119,560","-1,40%"
"05.10.2022","121,260","121,260","121,260","121,260","-0,17%"
"03.10.2022","121,470","121,470","121,470","121,470","1,11%"
"30.09.2022","120,140","120,140","120,140","120,140","1,30%"
"29.09.2022","118,600","118,600","118,600","118,600","-3,18%"
"28.09.2022","122,500","122,500","122,500","122,500","1,16%"
"27.09.2022","121,090","121,090","121,090","121,090","-1,45%"
"26.09.2022","122,870","122,870","122,870","122,870","-2,38%"
"23.09.2022","125,870","125,870","125,870","125,870","-0,60%"
"22.09.2022","126,630","126,630","126,630","126,630","-0,66%"
"21.09.2022","127,470","127,470","127,470","127,470","-0,13%"
"20.09.2022","127,640","127,640","127,640","127,640","-1,92%"
"19.09.2022","130,140","130,140","130,140","130,140","-0,16%"
"16.09.2022","130,350","130,350","130,350","130,350","-0,19%"
"15.09.2022","130,600","130,600","130,600","130,600","-1,27%"
"14.09.2022","132,280","132,280","132,280","132,280","-1,26%"
"13.09.2022","133,970","133,970","133,970","133,970","-1,93%"
"12.09.2022","136,610","136,610","136,610","136,610","0,30%"
"09.09.2022","136,200","136,200","136,200","136,200","0,44%"
"08.09.2022","135,600","135,600","135,600","135,600","0,10%"
"07.09.2022","135,460","135,460","135,460","135,460","0,57%"
"06.09.2022","134,690","134,690","134,690","134,690","0,81%"
"05.09.2022","133,610","133,610","133,610","133,610","0,67%"
"02.09.2022","132,720","132,720","132,720","132,720","-1,11%"
"01.09.2022","134,210","134,210","134,210","134,210","0,32%"
"31.08.2022","133,780","133,780","133,780","133,780","-1,23%"
"30.08.2022","135,440","135,440","135,440","135,440","-0,80%"
"29.08.2022","136,530","136,530","136,530","136,530","-0,72%"
"26.08.2022","137,520","137,520","137,520","137,520","-2,16%"
"25.08.2022","140,550","140,550","140,550","140,550","1,19%"
"24.08.2022","138,900","138,900","138,900","138,900","0,14%"
"23.08.2022","138,700","138,700","138,700","138,700","-1,26%"
"22.08.2022","140,470","140,470","140,470","140,470","-1,02%"
"19.08.2022","141,920","141,920","141,920","141,920","-0,68%"
"18.08.2022","142,890","142,890","142,890","142,890","-0,19%"
"17.08.2022","143,160","143,160","143,160","143,160","-0,65%"
"16.08.2022","144,090","144,090","144,090","144,090","-0,10%"
"15.08.2022","144,240","144,240","144,240","144,240","0,63%"
"12.08.2022","143,330","143,330","143,330","143,330","1,97%"
"11.08.2022","140,560","140,560","140,560","140,560","0,09%"
"10.08.2022","140,440","140,440","140,440","140,440","0,62%"
"09.08.2022","139,580","139,580","139,580","139,580","0,27%"
"08.08.2022","139,210","139,210","139,210","139,210","0,36%"
"05.08.2022","138,710","138,710","138,710","138,710","0,12%"
"04.08.2022","138,550","138,550","138,550","138,550","-0,57%"
"03.08.2022","139,350","139,350","139,350","139,350","0,57%"
"02.08.2022","138,560","138,560","138,560","138,560","-0,73%"
"01.08.2022","139,580","139,580","139,580","139,580","-1,11%"
"29.07.2022","141,140","141,140","141,140","141,140","0,52%"
"28.07.2022","140,410","140,410","140,410","140,410","2,37%"
"27.07.2022","137,160","137,160","137,160","137,160","0,36%"
"26.07.2022","136,670","136,670","136,670","136,670","0,75%"
"25.07.2022","135,650","135,650","135,650","135,650","0,15%"
"22.07.2022","135,450","135,450","135,450","135,450","0,96%"
"21.07.2022","134,160","134,160","134,160","134,160","0,47%"
"20.07.2022","133,530","133,530","133,530","133,530","0,56%"
"19.07.2022","132,790","132,790","132,790","132,790","1,47%"
"18.07.2022","130,860","130,860","130,860","130,860","-0,86%"
"15.07.2022","131,990","131,990","131,990","131,990","0,72%"
"14.07.2022","131,040","131,040","131,040","131,040","-0,34%"
"13.07.2022","131,490","131,490","131,490","131,490","-0,87%"
"12.07.2022","132,650","132,650","132,650","132,650","0,17%"
"11.07.2022","132,430","132,430","132,430","132,430","0,40%"
"08.07.2022","131,900","131,900","131,900","131,900","-0,47%"
"07.07.2022","132,520","132,520","132,520","132,520","0,87%"
"06.07.2022","131,380","131,380","131,380","131,380","0,58%"
"05.07.2022","130,620","130,620","130,620","130,620","1,22%"
"04.07.2022","129,050","129,050","129,050","129,050","-0,32%"
"01.07.2022","129,470","129,470","129,470","129,470","1,52%"
"30.06.2022","127,530","127,530","127,530","127,530","-0,73%"
"29.06.2022","128,470","128,470","128,470","128,470","-0,82%"
"28.06.2022","129,530","129,530","129,530","129,530","0,46%"
"27.06.2022","128,940","128,940","128,940","128,940","-0,17%"
"24.06.2022","129,160","129,160","129,160","129,160","1,73%"
"23.06.2022","126,960","126,960","126,960","126,960","1,62%"
"22.06.2022","124,940","124,940","124,940","124,940","0,24%"
"21.06.2022","124,640","124,640","124,640","124,640","0,43%"
"20.06.2022","124,110","124,110","124,110","124,110","-0,34%"
"17.06.2022","124,530","124,530","124,530","124,530","0,54%"
"16.06.2022","123,860","123,860","123,860","123,860","-2,22%"
"15.06.2022","126,670","126,670","126,670","126,670","1,37%"
"14.06.2022","124,960","124,960","124,960","124,960","-0,96%"
"13.06.2022","126,170","126,170","126,170","126,170","-3,12%"
"10.06.2022","130,230","130,230","130,230","130,230","-0,86%"
"09.06.2022","131,360","131,360","131,360","131,360","-1,32%"
"08.06.2022","133,120","133,120","133,120","133,120","-1,90%"
"07.06.2022","135,700","135,700","135,700","135,700","0,85%"
"06.06.2022","134,560","134,560","134,560","134,560","-0,32%"
"03.06.2022","134,990","134,990","134,990","134,990","-1,03%"
"02.06.2022","136,390","136,390","136,390","136,390","0,24%"
"01.06.2022","136,070","136,070","136,070","136,070","-0,21%"
"31.05.2022","136,360","136,360","136,360","136,360","-0,41%"
"30.05.2022","136,920","136,920","136,920","136,920","-0,33%"
"27.05.2022","137,370","137,370","137,370","137,370","2,17%"
"26.05.2022","134,450","134,450","134,450","134,450","-0,08%"
"25.05.2022","134,560","134,560","134,560","134,560","0,99%"
"24.05.2022","133,240","133,240","133,240","133,240","-0,33%"
"23.05.2022","133,680","133,680","133,680","133,680","-0,10%"
"20.05.2022","133,810","133,810","133,810","133,810","0,63%"
"19.05.2022","132,970","132,970","132,970","132,970","-1,34%"
"18.05.2022","134,780","134,780","134,780","134,780","-1,56%"
"17.05.2022","136,910","136,910","136,910","136,910","-0,06%"
"16.05.2022","136,990","136,990","136,990","136,990","-0,19%"
"13.05.2022","137,250","137,250","137,250","137,250","2,39%"
"12.05.2022","134,040","134,040","134,040","134,040","1,32%"
"11.05.2022","132,290","132,290","132,290","132,290","0,39%"
"10.05.2022","131,770","131,770","131,770","131,770","-1,39%"
"09.05.2022","133,630","133,630","133,630","133,630","-3,26%"
"06.05.2022","138,140","138,140","138,140","138,140","-2,00%"
"05.05.2022","140,960","140,960","140,960","140,960","-1,36%"
"04.05.2022","142,900","142,900","142,900","142,900","0,18%"
"03.05.2022","142,650","142,650","142,650","142,650","0,32%"
"02.05.2022","142,190","142,190","142,190","142,190","-1,76%"
"29.04.2022","144,740","144,740","144,740","144,740","-3,62%"
"28.04.2022","150,170","150,170","150,170","150,170","1,18%"
"27.04.2022","148,420","148,420","148,420","148,420","0,44%"
"26.04.2022","147,770","147,770","147,770","147,770","-0,40%"
"25.04.2022","148,360","148,360","148,360","148,360","0,03%"
"22.04.2022","148,310","148,310","148,310","148,310","-1,11%"
"21.04.2022","149,980","149,980","149,980","149,980","-0,03%"
"20.04.2022","150,030","150,030","150,030","150,030","0,40%"
"19.04.2022","149,430","149,430","149,430","149,430","0,54%"
"14.04.2022","148,630","148,630","148,630","148,630","0,60%"
"13.04.2022","147,750","147,750","147,750","147,750","0,65%"
"12.04.2022","146,800","146,800","146,800","146,800","-0,05%"
"11.04.2022","146,880","146,880","146,880","146,880","-1,00%"
"08.04.2022","148,360","148,360","148,360","148,360","0,41%"
"07.04.2022","147,750","147,750","147,750","147,750","-0,89%"
"06.04.2022","149,070","149,070","149,070","149,070","0,48%"
"05.04.2022","148,360","148,360","148,360","148,360","0,14%"
"04.04.2022","148,150","148,150","148,150","148,150","-0,11%"
"01.04.2022","148,310","148,310","148,310","148,310","2,09%"
"31.03.2022","145,270","145,270","145,270","145,270","-0,86%"
"30.03.2022","146,530","146,530","146,530","146,530","-1,01%"
"29.03.2022","148,020","148,020","148,020","148,020","1,25%"
"28.03.2022","146,190","146,190","146,190","146,190","0,78%"
"25.03.2022","145,060","145,060","145,060","145,060","1,29%"
"24.03.2022","143,210","143,210","143,210","143,210","0,07%"
"23.03.2022","143,110","143,110","143,110","143,110","-0,87%"
"22.03.2022","144,360","144,360","144,360","144,360","0,73%"
"21.03.2022","143,320","143,320","143,320","143,320","-0,53%"
"18.03.2022","144,080","144,080","144,080","144,080","0,91%"
"17.03.2022","142,780","142,780","142,780","142,780","0,68%"
"16.03.2022","141,810","141,810","141,810","141,810","0,97%"
"15.03.2022","140,450","140,450","140,450","140,450","0,15%"
"14.03.2022","140,240","140,240","140,240","140,240","-0,49%"
"11.03.2022","140,930","140,930","140,930","140,930","-0,23%"
"10.03.2022","141,250","141,250","141,250","141,250","0,79%"
"09.03.2022","140,140","140,140","140,140","140,140","0,31%"
"08.03.2022","139,700","139,700","139,700","139,700","-0,36%"
"07.03.2022","140,200","140,200","140,200","140,200","-1,36%"
"04.03.2022","142,140","142,140","142,140","142,140","0,97%"
"03.03.2022","140,770","140,770","140,770","140,770","0,46%"
"02.03.2022","140,120","140,120","140,120","140,120","1,66%"
"01.03.2022","137,830","137,830","137,830","137,830","0,04%"
"28.02.2022","137,770","137,770","137,770","137,770","-0,76%"
"25.02.2022","138,830","138,830","138,830","138,830","1,39%"
"24.02.2022","136,930","136,930","136,930","136,930","1,55%"
"23.02.2022","134,840","134,840","134,840","134,840","-0,82%"
"22.02.2022","135,960","135,960","135,960","135,960","-0,42%"
"21.02.2022","136,530","136,530","136,530","136,530","-0,26%"
"18.02.2022","136,880","136,880","136,880","136,880","-0,29%"
"17.02.2022","137,280","137,280","137,280","137,280","-0,61%"
"16.02.2022","138,120","138,120","138,120","138,120","0,99%"
"15.02.2022","136,760","136,760","136,760","136,760","0,29%"
"14.02.2022","136,370","136,370","136,370","136,370","-0,32%"
"11.02.2022","136,810","136,810","136,810","136,810","-0,18%"
"10.02.2022","137,050","137,050","137,050","137,050","-1,47%"
"09.02.2022","139,100","139,100","139,100","139,100","2,04%"
"08.02.2022","136,320","136,320","136,320","136,320","-0,43%"
"07.02.2022","136,910","136,910","136,910","136,910","-0,28%"
"04.02.2022","137,300","137,300","137,300","137,300","-1,39%"
"03.02.2022","139,240","139,240","139,240","139,240","-1,64%"
"02.02.2022","141,560","141,560","141,560","141,560","0,70%"
"01.02.2022","140,580","140,580","140,580","140,580","-0,66%"
"31.01.2022","141,520","141,520","141,520","141,520","0,70%"
"28.01.2022","140,530","140,530","140,530","140,530","1,54%"
"27.01.2022","138,400","138,400","138,400","138,400","-0,07%"
"26.01.2022","138,500","138,500","138,500","138,500","-0,36%"
"25.01.2022","139,000","139,000","139,000","139,000","-0,36%"
"21.01.2022","139,500","139,500","139,500","139,500","-0,31%"
"20.01.2022","139,940","139,940","139,940","139,940","-0,89%"
"19.01.2022","141,190","141,190","141,190","141,190","-0,99%"
"18.01.2022","142,600","142,600","142,600","142,600","-0,24%"
"17.01.2022","142,950","142,950","142,950","142,950","0,05%"
"14.01.2022","142,880","142,880","142,880","142,880","-0,51%"
"13.01.2022","143,610","143,610","143,610","143,610","-0,16%"
"12.01.2022","143,840","143,840","143,840","143,840","-0,10%"
"11.01.2022","143,990","143,990","143,990","143,990","-0,18%"
"10.01.2022","144,250","144,250","144,250","144,250","-0,25%"
"07.01.2022","144,610","144,610","144,610","144,610","-1,01%"
"06.01.2022","146,090","146,090","146,090","146,090","-0,19%"
"05.01.2022","146,370","146,370","146,370","146,370","-1,61%"
"04.01.2022","148,770","148,770","148,770","148,770","0,29%"
"03.01.2022","148,340","148,340","148,340","148,340","0,21%"
"31.12.2021","148,030","148,030","148,030","148,030","-0,20%"
"30.12.2021","148,330","148,330","148,330","148,330","0,41%"
"29.12.2021","147,720","147,720","147,720","147,720","0,24%"
"28.12.2021","147,360","147,360","147,360","147,360","0,69%"
"27.12.2021","146,350","146,350","146,350","146,350","1,06%"
"24.12.2021","144,820","144,820","144,820","144,820","-0,10%"
"23.12.2021","144,970","144,970","144,970","144,970","0,49%"
"21.12.2021","144,260","144,260","144,260","144,260","1,35%"
"20.12.2021","142,340","142,340","142,340","142,340","-1,45%"
"17.12.2021","144,430","144,430","144,430","144,430","0,40%"
"16.12.2021","143,860","143,860","143,860","143,860","-0,50%"
"15.12.2021","144,590","144,590","144,590","144,590","1,01%"
"14.12.2021","143,150","143,150","143,150","143,150","-1,04%"
"13.12.2021","144,650","144,650","144,650","144,650","0,57%"
"10.12.2021","143,830","143,830","143,830","143,830","-0,30%"
"09.12.2021","144,260","144,260","144,260","144,260","-0,45%"
"08.12.2021","144,910","144,910","144,910","144,910","-0,12%"
"07.12.2021","145,080","145,080","145,080","145,080","1,31%"
"06.12.2021","143,210","143,210","143,210","143,210","1,34%"
"03.12.2021","141,310","141,310","141,310","141,310","0,00%"
"02.12.2021","141,310","141,310","141,310","141,310","1,65%"
"01.12.2021","139,020","139,020","139,020","139,020","-1,29%"
"30.11.2021","140,840","140,840","140,840","140,840","-1,59%"
"29.11.2021","143,110","143,110","143,110","143,110","0,58%"
"26.11.2021","142,280","142,280","142,280","142,280","-3,43%"
"25.11.2021","147,330","147,330","147,330","147,330","0,14%"
"24.11.2021","147,130","147,130","147,130","147,130","1,60%"
"23.11.2021","144,810","144,810","144,810","144,810","-0,06%"
"22.11.2021","144,900","144,900","144,900","144,900","0,02%"
"19.11.2021","144,870","144,870","144,870","144,870","-0,15%"
"18.11.2021","145,090","145,090","145,090","145,090","0,01%"
"17.11.2021","145,070","145,070","145,070","145,070","0,36%"
"16.11.2021","144,550","144,550","144,550","144,550","0,06%"
"15.11.2021","144,460","144,460","144,460","144,460","1,09%"
"12.11.2021","142,900","142,900","142,900","142,900","0,21%"
"11.11.2021","142,600","142,600","142,600","142,600","0,39%"
"10.11.2021","142,050","142,050","142,050","142,050","0,14%"
"09.11.2021","141,850","141,850","141,850","141,850","0,01%"
"08.11.2021","141,830","141,830","141,830","141,830","-0,41%"
"05.11.2021","142,420","142,420","142,420","142,420","0,56%"
"04.11.2021","141,620","141,620","141,620","141,620","0,05%"
"03.11.2021","141,550","141,550","141,550","141,550","0,48%"
"02.11.2021","140,870","140,870","140,870","140,870","0,37%"
"01.11.2021","140,350","140,350","140,350","140,350","0,24%"
"29.10.2021","140,020","140,020","140,020","140,020","-0,44%"
"28.10.2021","140,640","140,640","140,640","140,640","0,43%"
"27.10.2021","140,040","140,040","140,040","140,040","-0,22%"
"26.10.2021","140,350","140,350","140,350","140,350","0,34%"
"25.10.2021","139,870","139,870","139,870","139,870","0,34%"
"22.10.2021","139,390","139,390","139,390","139,390","0,24%"
"21.10.2021","139,060","139,060","139,060","139,060","0,17%"
"20.10.2021","138,820","138,820","138,820","138,820","0,89%"
"19.10.2021","137,590","137,590","137,590","137,590","-0,35%"
"18.10.2021","138,070","138,070","138,070","138,070","0,17%"
"15.10.2021","137,830","137,830","137,830","137,830","0,40%"
"14.10.2021","137,280","137,280","137,280","137,280","0,76%"
"13.10.2021","136,240","136,240","136,240","136,240","0,81%"
"12.10.2021","135,150","135,150","135,150","135,150","1,15%"
"11.10.2021","133,610","133,610","133,610","133,610","0,16%"
"08.10.2021","133,400","133,400","133,400","133,400","-0,58%"
"07.10.2021","134,180","134,180","134,180","134,180","0,55%"
"06.10.2021","133,450","133,450","133,450","133,450","0,71%"
"05.10.2021","132,510","132,510","132,510","132,510","-0,46%"
"04.10.2021","133,120","133,120","133,120","133,120","0,01%"
"01.10.2021","133,110","133,110","133,110","133,110","0,83%"
"30.09.2021","132,020","132,020","132,020","132,020","-0,90%"
"29.09.2021","133,220","133,220","133,220","133,220","0,60%"
"28.09.2021","132,430","132,430","132,430","132,430","-0,62%"
"27.09.2021","133,260","133,260","133,260","133,260","-0,41%"
"24.09.2021","133,810","133,810","133,810","133,810","-0,85%"
"23.09.2021","134,960","134,960","134,960","134,960","0,18%"
"22.09.2021","134,720","134,720","134,720","134,720","0,56%"
"21.09.2021","133,970","133,970","133,970","133,970","0,29%"
"20.09.2021","133,580","133,580","133,580","133,580","-0,88%"
"17.09.2021","134,760","134,760","134,760","134,760","-0,66%"
"16.09.2021","135,650","135,650","135,650","135,650","0,30%"
"15.09.2021","135,250","135,250","135,250","135,250","-0,16%"
"14.09.2021","135,460","135,460","135,460","135,460","-0,19%"
"13.09.2021","135,720","135,720","135,720","135,720","0,61%"
"10.09.2021","134,900","134,900","134,900","134,900","-1,06%"
"09.09.2021","136,350","136,350","136,350","136,350","-1,11%"
"08.09.2021","137,880","137,880","137,880","137,880","0,12%"
"07.09.2021","137,710","137,710","137,710","137,710","-0,75%"
"06.09.2021","138,750","138,750","138,750","138,750","0,15%"
"03.09.2021","138,540","138,540","138,540","138,540","-0,25%"
"02.09.2021","138,890","138,890","138,890","138,890","0,23%"
"01.09.2021","138,570","138,570","138,570","138,570","0,62%"
"31.08.2021","137,710","137,710","137,710","137,710","0,01%"
"30.08.2021","137,690","137,690","137,690","137,690","0,60%"
"27.08.2021","136,870","136,870","136,870","136,870","0,92%"
"26.08.2021","135,620","135,620","135,620","135,620","0,10%"
"25.08.2021","135,490","135,490","135,490","135,490","-0,11%"
"24.08.2021","135,640","135,640","135,640","135,640","-0,26%"
"23.08.2021","135,990","135,990","135,990","135,990","-0,67%"
"20.08.2021","136,910","136,910","136,910","136,910","0,38%"
"19.08.2021","136,390","136,390","136,390","136,390","-0,20%"
"18.08.2021","136,660","136,660","136,660","136,660","-0,15%"
"17.08.2021","136,860","136,860","136,860","136,860","-0,10%"
"16.08.2021","137,000","137,000","137,000","137,000","0,04%"
"13.08.2021","136,940","136,940","136,940","136,940","0,10%"
"12.08.2021","136,810","136,810","136,810","136,810","0,15%"
"11.08.2021","136,610","136,610","136,610","136,610","0,50%"
"10.08.2021","135,930","135,930","135,930","135,930","-0,59%"
"09.08.2021","136,730","136,730","136,730","136,730","-0,31%"
"06.08.2021","137,150","137,150","137,150","137,150","0,23%"
"05.08.2021","136,840","136,840","136,840","136,840","1,19%"
"04.08.2021","135,230","135,230","135,230","135,230","-0,15%"
"03.08.2021","135,430","135,430","135,430","135,430","0,13%"
"02.08.2021","135,260","135,260","135,260","135,260","0,01%"
"30.07.2021","135,240","135,240","135,240","135,240","0,09%"
"29.07.2021","135,120","135,120","135,120","135,120","-0,54%"
"28.07.2021","135,860","135,860","135,860","135,860","0,13%"
"27.07.2021","135,690","135,690","135,690","135,690","0,36%"
"26.07.2021","135,210","135,210","135,210","135,210","-0,31%"
"23.07.2021","135,630","135,630","135,630","135,630","0,62%"
"22.07.2021","134,790","134,790","134,790","134,790","-0,33%"
"21.07.2021","135,240","135,240","135,240","135,240","0,21%"
"20.07.2021","134,960","134,960","134,960","134,960","1,76%"
"19.07.2021","132,620","132,620","132,620","132,620","-1,86%"
"16.07.2021","135,140","135,140","135,140","135,140","0,27%"
"15.07.2021","134,780","134,780","134,780","134,780","-0,09%"
"14.07.2021","134,900","134,900","134,900","134,900","0,17%"
"13.07.2021","134,670","134,670","134,670","134,670","-0,63%"
"12.07.2021","135,530","135,530","135,530","135,530","0,96%"
"09.07.2021","134,240","134,240","134,240","134,240","1,33%"
"08.07.2021","132,480","132,480","132,480","132,480","-0,73%"
"07.07.2021","133,450","133,450","133,450","133,450","0,24%"
"06.07.2021","133,130","133,130","133,130","133,130","0,90%"
"05.07.2021","131,940","131,940","131,940","131,940","0,18%"
"02.07.2021","131,700","131,700","131,700","131,700","0,84%"
"01.07.2021","130,600","130,600","130,600","130,600","0,23%"
"30.06.2021","130,300","130,300","130,300","130,300","-0,31%"
"29.06.2021","130,700","130,700","130,700","130,700","-0,11%"
"28.06.2021","130,850","130,850","130,850","130,850","-0,63%"
"25.06.2021","131,680","131,680","131,680","131,680","0,37%"
"24.06.2021","131,200","131,200","131,200","131,200","-0,10%"
"23.06.2021","131,330","131,330","131,330","131,330","-0,38%"
"22.06.2021","131,830","131,830","131,830","131,830","0,13%"
"21.06.2021","131,660","131,660","131,660","131,660","0,87%"
"18.06.2021","130,520","130,520","130,520","130,520","-0,62%"
"17.06.2021","131,340","131,340","131,340","131,340","0,54%"
"16.06.2021","130,640","130,640","130,640","130,640","-0,58%"
"15.06.2021","131,400","131,400","131,400","131,400","-0,81%"
"14.06.2021","132,470","132,470","132,470","132,470","0,22%"
"11.06.2021","132,180","132,180","132,180","132,180","-0,04%"
"10.06.2021","132,230","132,230","132,230","132,230","0,66%"
"09.06.2021","131,360","131,360","131,360","131,360","0,44%"
"08.06.2021","130,790","130,790","130,790","130,790","0,82%"
"07.06.2021","129,720","129,720","129,720","129,720","0,84%"
"04.06.2021","128,640","128,640","128,640","128,640","-0,12%"
"03.06.2021","128,800","128,800","128,800","128,800","0,04%"
"02.06.2021","128,750","128,750","128,750","128,750","1,44%"
"01.06.2021","126,920","126,920","126,920","126,920","1,15%"
"31.05.2021","125,480","125,480","125,480","125,480","-0,48%"
"28.05.2021","126,090","126,090","126,090","126,090","0,83%"
"27.05.2021","125,050","125,050","125,050","125,050","-0,02%"
"26.05.2021","125,070","125,070","125,070","125,070","0,69%"
"25.05.2021","124,210","124,210","124,210","124,210","-0,14%"
"24.05.2021","124,390","124,390","124,390","124,390","0,78%"
"21.05.2021","123,430","123,430","123,430","123,430","-0,10%"
"20.05.2021","123,550","123,550","123,550","123,550","0,82%"
"19.05.2021","122,550","122,550","122,550","122,550","-0,47%"
"18.05.2021","123,130","123,130","123,130","123,130","0,17%"
"17.05.2021","122,920","122,920","122,920","122,920","0,13%"
"14.05.2021","122,760","122,760","122,760","122,760","0,45%"
"13.05.2021","122,210","122,210","122,210","122,210","0,39%"
"12.05.2021","121,740","121,740","121,740","121,740","-1,19%"
"11.05.2021","123,210","123,210","123,210","123,210","-1,37%"
"10.05.2021","124,920","124,920","124,920","124,920","0,16%"
"07.05.2021","124,720","124,720","124,720","124,720","0,45%"
"06.05.2021","124,160","124,160","124,160","124,160","0,34%"
"05.05.2021","123,740","123,740","123,740","123,740","-0,91%"
"04.05.2021","124,880","124,880","124,880","124,880","-0,06%"
"03.05.2021","124,960","124,960","124,960","124,960","-0,26%"
"30.04.2021","125,280","125,280","125,280","125,280","0,51%"
"29.04.2021","124,640","124,640","124,640","124,640","0,38%"
"28.04.2021","124,170","124,170","124,170","124,170","-0,14%"
"27.04.2021","124,340","124,340","124,340","124,340","-0,10%"
"26.04.2021","124,460","124,460","124,460","124,460","0,27%"
"23.04.2021","124,120","124,120","124,120","124,120","-0,10%"
"22.04.2021","124,240","124,240","124,240","124,240","0,00%"
"21.04.2021","124,240","124,240","124,240","124,240","0,12%"
"20.04.2021","124,090","124,090","124,090","124,090","0,15%"
"19.04.2021","123,900","123,900","123,900","123,900","-0,04%"
"16.04.2021","123,950","123,950","123,950","123,950","1,32%"
"14.04.2021","122,340","122,340","122,340","122,340","-0,46%"
"13.04.2021","122,910","122,910","122,910","122,910","0,56%"
"12.04.2021","122,230","122,230","122,230","122,230","-0,03%"
"09.04.2021","122,270","122,270","122,270","122,270","-0,04%"
"08.04.2021","122,320","122,320","122,320","122,320","0,04%"
"06.04.2021","122,270","122,270","122,270","122,270","0,11%"
"01.04.2021","122,140","122,140","122,140","122,140","1,34%"
"31.03.2021","120,520","120,520","120,520","120,520","-1,08%"
"30.03.2021","121,840","121,840","121,840","121,840","0,71%"
"29.03.2021","120,980","120,980","120,980","120,980","-0,26%"
"26.03.2021","121,290","121,290","121,290","121,290","1,24%"
"25.03.2021","119,810","119,810","119,810","119,810","0,69%"
"24.03.2021","118,990","118,990","118,990","118,990","0,01%"
"23.03.2021","118,980","118,980","118,980","118,980","0,28%"
"22.03.2021","118,650","118,650","118,650","118,650","-0,02%"
"19.03.2021","118,670","118,670","118,670","118,670","-0,91%"
"18.03.2021","119,760","119,760","119,760","119,760","-0,70%"
"17.03.2021","120,600","120,600","120,600","120,600","-0,17%"
"16.03.2021","120,810","120,810","120,810","120,810","0,35%"
"15.03.2021","120,390","120,390","120,390","120,390","1,18%"
"12.03.2021","118,990","118,990","118,990","118,990","1,10%"
"11.03.2021","117,690","117,690","117,690","117,690","0,11%"
"10.03.2021","117,560","117,560","117,560","117,560","0,52%"
"09.03.2021","116,950","116,950","116,950","116,950","0,21%"
"08.03.2021","116,700","116,700","116,700","116,700","1,33%"
"05.03.2021","115,170","115,170","115,170","115,170","0,89%"
"04.03.2021","114,150","114,150","114,150","114,150","-0,18%"
"03.03.2021","114,360","114,360","114,360","114,360","0,02%"
"02.03.2021","114,340","114,340","114,340","114,340","-0,60%"
"01.03.2021","115,030","115,030","115,030","115,030","1,42%"
"26.02.2021","113,420","113,420","113,420","113,420","-1,42%"
"25.02.2021","115,050","115,050","115,050","115,050","-1,58%"
"24.02.2021","116,900","116,900","116,900","116,900","1,06%"
"23.02.2021","115,670","115,670","115,670","115,670","1,03%"
"22.02.2021","114,490","114,490","114,490","114,490","0,90%"
"19.02.2021","113,470","113,470","113,470","113,470","0,05%"
"18.02.2021","113,410","113,410","113,410","113,410","-0,90%"
"17.02.2021","114,440","114,440","114,440","114,440","0,01%"
"16.02.2021","114,430","114,430","114,430","114,430","0,15%"
"15.02.2021","114,260","114,260","114,260","114,260","0,12%"
"12.02.2021","114,120","114,120","114,120","114,120","0,13%"
"11.02.2021","113,970","113,970","113,970","113,970","0,38%"
"10.02.2021","113,540","113,540","113,540","113,540","0,36%"
"09.02.2021","113,130","113,130","113,130","113,130","-0,05%"
"08.02.2021","113,190","113,190","113,190","113,190","0,32%"
"05.02.2021","112,830","112,830","112,830","112,830","0,12%"
"04.02.2021","112,700","112,700","112,700","112,700","0,55%"
"03.02.2021","112,080","112,080","112,080","112,080","0,30%"
"02.02.2021","111,740","111,740","111,740","111,740","0,68%"
"01.02.2021","110,980","110,980","110,980","110,980","1,56%"
"29.01.2021","109,270","109,270","109,270","109,270","-0,97%"
"28.01.2021","110,340","110,340","110,340","110,340","0,00%"
"27.01.2021","110,340","110,340","110,340","110,340","-0,33%"
"26.01.2021","110,700","110,700","110,700","110,700","0,42%"
"25.01.2021","110,240","110,240","110,240","110,240","0,32%"
"22.01.2021","109,890","109,890","109,890","109,890","-0,16%"
"21.01.2021","110,070","110,070","110,070","110,070","-0,94%"
"20.01.2021","111,110","111,110","111,110","111,110","1,36%"
"19.01.2021","109,620","109,620","109,620","109,620","-0,37%"
"18.01.2021","110,030","110,030","110,030","110,030","0,10%"
"15.01.2021","109,920","109,920","109,920","109,920","0,60%"
"14.01.2021","109,260","109,260","109,260","109,260","0,89%"
"13.01.2021","108,300","108,300","108,300","108,300","0,94%"
"12.01.2021","107,290","107,290","107,290","107,290","0,21%"
"11.01.2021","107,070","107,070","107,070","107,070","-0,40%"
"08.01.2021","107,500","107,500","107,500","107,500","0,50%"
"07.01.2021","106,960","106,960","106,960","106,960","-0,32%"
"06.01.2021","107,300","107,300","107,300","107,300","0,26%"
"05.01.2021","107,020","107,020","107,020","107,020","0,30%"
"04.01.2021","106,700","106,700","106,700","106,700","-2,38%"
"31.12.2020","109,300","109,300","109,300","109,300","0,69%"
"30.12.2020","108,550","108,550","108,550","108,550","0,16%"
"29.12.2020","108,380","108,380","108,380","108,380","-0,22%"
"28.12.2020","108,620","108,620","108,620","108,620","0,31%"
"24.12.2020","108,280","108,280","108,280","108,280","0,73%"
"23.12.2020","107,500","107,500","107,500","107,500","0,11%"
"22.12.2020","107,380","107,380","107,380","107,380","0,92%"
"21.12.2020","106,400","106,400","106,400","106,400","-1,02%"
"18.12.2020","107,500","107,500","107,500","107,500","-1,99%"
"17.12.2020","109,680","109,680","109,680","109,680","0,15%"
"16.12.2020","109,520","109,520","109,520","109,520","0,23%"
"15.12.2020","109,270","109,270","109,270","109,270","1,22%"
"14.12.2020","107,950","107,950","107,950","107,950","-0,21%"
"11.12.2020","108,180","108,180","108,180","108,180","0,21%"
"10.12.2020","107,950","107,950","107,950","107,950","-0,72%"
"09.12.2020","108,730","108,730","108,730","108,730","-0,03%"
"08.12.2020","108,760","108,760","108,760","108,760","-0,11%"
"07.12.2020","108,880","108,880","108,880","108,880","-0,50%"
"04.12.2020","109,430","109,430","109,430","109,430","1,15%"
"03.12.2020","108,190","108,190","108,190","108,190","0,28%"
"02.12.2020","107,890","107,890","107,890","107,890","-0,66%"
"01.12.2020","108,610","108,610","108,610","108,610","0,52%"
"30.11.2020","108,050","108,050","108,050","108,050","-1,37%"
"27.11.2020","109,550","109,550","109,550","109,550","-0,72%"
"26.11.2020","110,350","110,350","110,350","110,350","-0,09%"
"25.11.2020","110,450","110,450","110,450","110,450","0,00%"
"24.11.2020","110,450","110,450","110,450","110,450","0,56%"
"23.11.2020","109,830","109,830","109,830","109,830","0,11%"
"20.11.2020","109,710","109,710","109,710","109,710","-0,17%"
"19.11.2020","109,900","109,900","109,900","109,900","0,24%"
"18.11.2020","109,640","109,640","109,640","109,640","-1,10%"
"17.11.2020","110,860","110,860","110,860","110,860","0,13%"
"16.11.2020","110,720","110,720","110,720","110,720","1,51%"
"13.11.2020","109,070","109,070","109,070","109,070","1,07%"
"12.11.2020","107,910","107,910","107,910","107,910","-1,77%"
"11.11.2020","109,850","109,850","109,850","109,850","3,93%"
"09.11.2020","105,700","105,700","105,700","105,700","4,40%"
"06.11.2020","101,250","101,250","101,250","101,250","-1,13%"
"05.11.2020","102,410","102,410","102,410","102,410","0,06%"
"04.11.2020","102,350","102,350","102,350","102,350","0,70%"
"03.11.2020","101,640","101,640","101,640","101,640","1,53%"
"02.11.2020","100,110","100,110","100,110","100,110","2,00%"
"30.10.2020","98,150","98,150","98,150","98,150","-0,32%"
"29.10.2020","98,470","98,470","98,470","98,470","1,77%"
"28.10.2020","96,760","96,760","96,760","96,760","-3,50%"
"26.10.2020","100,270","100,270","100,270","100,270","-1,37%"
"23.10.2020","101,660","101,660","101,660","101,660","0,33%"
"22.10.2020","101,330","101,330","101,330","101,330","0,77%"
"21.10.2020","100,560","100,560","100,560","100,560","-0,38%"
"20.10.2020","100,940","100,940","100,940","100,940","-0,02%"
"19.10.2020","100,960","100,960","100,960","100,960","-1,05%"
"16.10.2020","102,030","102,030","102,030","102,030","-1,29%"
"15.10.2020","103,360","103,360","103,360","103,360","0,35%"
"14.10.2020","103,000","103,000","103,000","103,000","-0,95%"
"13.10.2020","103,990","103,990","103,990","103,990","-0,62%"
"12.10.2020","104,640","104,640","104,640","104,640","0,50%"
"09.10.2020","104,120","104,120","104,120","104,120","-1,01%"
"08.10.2020","105,180","105,180","105,180","105,180","1,37%"
"07.10.2020","103,760","103,760","103,760","103,760","-0,10%"
"06.10.2020","103,860","103,860","103,860","103,860","-0,22%"
"05.10.2020","104,090","104,090","104,090","104,090","0,38%"
"02.10.2020","103,700","103,700","103,700","103,700","1,13%"
"01.10.2020","102,540","102,540","102,540","102,540","1,73%"
"30.09.2020","100,800","100,800","100,800","100,800","0,21%"
"29.09.2020","100,590","100,590","100,590","100,590","-1,65%"
"28.09.2020","102,280","102,280","102,280","102,280","3,39%"
"24.09.2020","98,930","98,930","98,930","98,930","0,37%"
"23.09.2020","98,570","98,570","98,570","98,570","-1,85%"
"22.09.2020","100,430","100,430","100,430","100,430","0,79%"
"21.09.2020","99,640","99,640","99,640","99,640","-2,21%"
"18.09.2020","101,890","101,890","101,890","101,890","-2,11%"
"17.09.2020","104,090","104,090","104,090","104,090","-0,79%"
"16.09.2020","104,920","104,920","104,920","104,920","1,13%"
"15.09.2020","103,750","103,750","103,750","103,750","0,73%"
"14.09.2020","103,000","103,000","103,000","103,000","-0,09%"
"09.09.2020","103,090","103,090","103,090","103,090","0,37%"
"08.09.2020","102,710","102,710","102,710","102,710","-0,40%"
"07.09.2020","103,120","103,120","103,120","103,120","-0,03%"
"04.09.2020","103,150","103,150","103,150","103,150","-0,70%"
"03.09.2020","103,880","103,880","103,880","103,880","-0,27%"
"02.09.2020","104,160","104,160","104,160","104,160","2,38%"
"01.09.2020","101,740","101,740","101,740","101,740","-0,37%"
"31.08.2020","102,120","102,120","102,120","102,120","-1,08%"
"28.08.2020","103,230","103,230","103,230","103,230","0,32%"
"25.08.2020","102,900","102,900","102,900","102,900","1,45%"
"20.08.2020","101,430","101,430","101,430","101,430","1,33%"
"19.08.2020","100,100","100,100","100,100","100,100","-1,11%"
"18.08.2020","101,220","101,220","101,220","101,220","-0,97%"
"17.08.2020","102,210","102,210","102,210","102,210","0,35%"
"14.08.2020","101,850","101,850","101,850","101,850","-0,25%"
"13.08.2020","102,110","102,110","102,110","102,110","-1,14%"
"12.08.2020","103,290","103,290","103,290","103,290","0,27%"
"11.08.2020","103,010","103,010","103,010","103,010","-0,20%"
"10.08.2020","103,220","103,220","103,220","103,220","0,58%"
"07.08.2020","102,620","102,620","102,620","102,620","1,13%"
"06.08.2020","101,470","101,470","101,470","101,470","0,15%"
"05.08.2020","101,320","101,320","101,320","101,320","-0,63%"
"04.08.2020","101,960","101,960","101,960","101,960","1,54%"
"03.08.2020","100,410","100,410","100,410","100,410","-0,31%"
"31.07.2020","100,720","100,720","100,720","100,720","-0,23%"
"30.07.2020","100,950","100,950","100,950","100,950","-0,68%"
"29.07.2020","101,640","101,640","101,640","101,640","1,19%"
"28.07.2020","100,440","100,440","100,440","100,440","1,88%"
"27.07.2020","98,590","98,590","98,590","98,590","-0,84%"
"24.07.2020","99,430","99,430","99,430","99,430","-0,88%"
"23.07.2020","100,310","100,310","100,310","100,310","-0,53%"
"22.07.2020","100,840","100,840","100,840","100,840","0,27%"
"21.07.2020","100,570","100,570","100,570","100,570","0,38%"
"20.07.2020","100,190","100,190","100,190","100,190","-1,21%"
"17.07.2020","101,420","101,420","101,420","101,420","0,64%"
"16.07.2020","100,780","100,780","100,780","100,780","-1,36%"
"15.07.2020","102,170","102,170","102,170","102,170","0,93%"
"14.07.2020","101,230","101,230","101,230","101,230","-0,16%"
"13.07.2020","101,390","101,390","101,390","101,390","-0,53%"
"10.07.2020","101,930","101,930","101,930","101,930","0,17%"
"09.07.2020","101,760","101,760","101,760","101,760","-0,81%"
"08.07.2020","102,590","102,590","102,590","102,590","-0,55%"
"07.07.2020","103,160","103,160","103,160","103,160","-1,77%"
"06.07.2020","105,020","105,020","105,020","105,020","-0,20%"
"03.07.2020","105,230","105,230","105,230","105,230","-0,26%"
"02.07.2020","105,500","105,500","105,500","105,500","0,79%"
"01.07.2020","104,670","104,670","104,670","104,670","1,46%"
"30.06.2020","103,160","103,160","103,160","103,160","0,93%"
"29.06.2020","102,210","102,210","102,210","102,210","0,06%"
"26.06.2020","102,150","102,150","102,150","102,150","-0,71%"
"25.06.2020","102,880","102,880","102,880","102,880","0,69%"
"24.06.2020","102,180","102,180","102,180","102,180","-1,74%"
"23.06.2020","103,990","103,990","103,990","103,990","-0,59%"
"22.06.2020","104,610","104,610","104,610","104,610","-0,65%"
"19.06.2020","105,290","105,290","105,290","105,290","-1,98%"
"18.06.2020","107,420","107,420","107,420","107,420","-0,60%"
"17.06.2020","108,070","108,070","108,070","108,070","-0,58%"
"16.06.2020","108,700","108,700","108,700","108,700","2,92%"
"15.06.2020","105,620","105,620","105,620","105,620","2,87%"
"11.06.2020","102,670","102,670","102,670","102,670","-5,15%"
"10.06.2020","108,250","108,250","108,250","108,250","-2,19%"
"09.06.2020","110,670","110,670","110,670","110,670","-1,81%"
"08.06.2020","112,710","112,710","112,710","112,710","2,06%"
"05.06.2020","110,430","110,430","110,430","110,430","3,48%"
"04.06.2020","106,720","106,720","106,720","106,720","-1,06%"
"03.06.2020","107,860","107,860","107,860","107,860","2,92%"
"02.06.2020","104,800","104,800","104,800","104,800","1,43%"
"01.06.2020","103,320","103,320","103,320","103,320","1,84%"
"29.05.2020","101,450","101,450","101,450","101,450","-1,52%"
"28.05.2020","103,020","103,020","103,020","103,020","-0,28%"
"27.05.2020","103,310","103,310","103,310","103,310","0,98%"
"26.05.2020","102,310","102,310","102,310","102,310","2,96%"
"25.05.2020","99,370","99,370","99,370","99,370","0,61%"
"22.05.2020","98,770","98,770","98,770","98,770","0,01%"
"21.05.2020","98,760","98,760","98,760","98,760","0,38%"
"20.05.2020","98,390","98,390","98,390","98,390","0,12%"
"19.05.2020","98,270","98,270","98,270","98,270","-0,54%"
"18.05.2020","98,800","98,800","98,800","98,800","4,38%"
"15.05.2020","94,650","94,650","94,650","94,650","-0,64%"
"14.05.2020","95,260","95,260","95,260","95,260","-0,10%"
"13.05.2020","95,360","95,360","95,360","95,360","-2,12%"
"12.05.2020","97,430","97,430","97,430","97,430","-4,14%"
"11.05.2020","101,640","101,640","101,640","101,640","-0,69%"
"08.05.2020","102,350","102,350","102,350","102,350","1,60%"
"07.05.2020","100,740","100,740","100,740","100,740","1,52%"
"06.05.2020","99,230","99,230","99,230","99,230","-0,92%"
"05.05.2020","100,150","100,150","100,150","100,150","1,43%"
"04.05.2020","98,740","98,740","98,740","98,740","-3,94%"
"30.04.2020","102,790","102,790","102,790","102,790","0,58%"
"28.04.2020","102,200","102,200","102,200","102,200","1,38%"
"27.04.2020","100,810","100,810","100,810","100,810","2,95%"
"24.04.2020","97,920","97,920","97,920","97,920","0,12%"
"23.04.2020","97,800","97,800","97,800","97,800","0,06%"
"22.04.2020","97,740","97,740","97,740","97,740","0,86%"
"21.04.2020","96,910","96,910","96,910","96,910","-2,11%"
"20.04.2020","99,000","99,000","99,000","99,000","-2,44%"
"17.04.2020","101,480","101,480","101,480","101,480","2,74%"
"16.04.2020","98,770","98,770","98,770","98,770","-0,94%"
"15.04.2020","99,710","99,710","99,710","99,710","-3,10%"
"14.04.2020","102,900","102,900","102,900","102,900","-1,19%"
"09.04.2020","104,140","104,140","104,140","104,140","3,77%"
"08.04.2020","100,360","100,360","100,360","100,360","4,15%"
"07.04.2020","96,360","96,360","96,360","96,360","2,09%"
"06.04.2020","94,390","94,390","94,390","94,390","6,02%"
"03.04.2020","89,030","89,030","89,030","89,030","-1,31%"
"02.04.2020","90,210","90,210","90,210","90,210","-0,89%"
"01.04.2020","91,020","91,020","91,020","91,020","-4,77%"
"31.03.2020","95,580","95,580","95,580","95,580","0,35%"
"30.03.2020","95,250","95,250","95,250","95,250","0,50%"
"27.03.2020","94,780","94,780","94,780","94,780","-0,22%"
"26.03.2020","94,990","94,990","94,990","94,990","2,16%"
"25.03.2020","92,980","92,980","92,980","92,980","5,66%"
"24.03.2020","88,000","88,000","88,000","88,000","4,09%"
"20.03.2020","84,540","84,540","84,540","84,540","-0,48%"
"19.03.2020","84,950","84,950","84,950","84,950","-0,01%"
"18.03.2020","84,960","84,960","84,960","84,960","-8,51%"
"17.03.2020","92,860","92,860","92,860","92,860","-12,16%"
"13.03.2020","105,710","105,710","105,710","105,710","2,55%"
"12.03.2020","103,080","103,080","103,080","103,080","-8,52%"
"11.03.2020","112,680","112,680","112,680","112,680","-4,02%"
"10.03.2020","117,400","117,400","117,400","117,400","2,20%"
"09.03.2020","114,870","114,870","114,870","114,870","-7,29%"
"06.03.2020","123,900","123,900","123,900","123,900","-2,87%"
"05.03.2020","127,560","127,560","127,560","127,560","-1,31%"
"04.03.2020","129,250","129,250","129,250","129,250","3,22%"
"03.03.2020","125,220","125,220","125,220","125,220","0,10%"
"02.03.2020","125,100","125,100","125,100","125,100","1,04%"
"28.02.2020","123,810","123,810","123,810","123,810","-3,00%"
"27.02.2020","127,640","127,640","127,640","127,640","-4,89%"
"26.02.2020","134,200","134,200","134,200","134,200","-1,22%"
"25.02.2020","135,860","135,860","135,860","135,860","-2,32%"
"24.02.2020","139,090","139,090","139,090","139,090","-1,24%"
"21.02.2020","140,830","140,830","140,830","140,830","-0,19%"
"20.02.2020","141,100","141,100","141,100","141,100","0,33%"
"19.02.2020","140,630","140,630","140,630","140,630","-0,65%"
"18.02.2020","141,550","141,550","141,550","141,550","0,16%"
"17.02.2020","141,320","141,320","141,320","141,320","0,01%"
"14.02.2020","141,300","141,300","141,300","141,300","0,89%"
"13.02.2020","140,050","140,050","140,050","140,050","0,81%"
"12.02.2020","138,930","138,930","138,930","138,930","0,46%"
"11.02.2020","138,300","138,300","138,300","138,300","0,22%"
"10.02.2020","138,000","138,000","138,000","138,000","1,07%"
"07.02.2020","136,540","136,540","136,540","136,540","0,01%"
"06.02.2020","136,520","136,520","136,520","136,520","0,62%"
"05.02.2020","135,680","135,680","135,680","135,680","0,50%"
"04.02.2020","135,010","135,010","135,010","135,010","0,93%"
"31.01.2020","133,760","133,760","133,760","133,760","-1,03%"
"30.01.2020","135,150","135,150","135,150","135,150","-0,35%"
"29.01.2020","135,630","135,630","135,630","135,630","-0,01%"
"28.01.2020","135,650","135,650","135,650","135,650","0,06%"
"27.01.2020","135,570","135,570","135,570","135,570","-0,56%"
"24.01.2020","136,340","136,340","136,340","136,340","0,39%"
"23.01.2020","135,810","135,810","135,810","135,810","0,50%"
"22.01.2020","135,130","135,130","135,130","135,130","-0,01%"
"21.01.2020","135,150","135,150","135,150","135,150","0,20%"
"20.01.2020","134,880","134,880","134,880","134,880","-0,01%"
"17.01.2020","134,890","134,890","134,890","134,890","0,76%"
"16.01.2020","133,870","133,870","133,870","133,870","0,84%"
"15.01.2020","132,750","132,750","132,750","132,750","0,40%"
"14.01.2020","132,220","132,220","132,220","132,220","0,05%"
"13.01.2020","132,160","132,160","132,160","132,160","0,49%"
"10.01.2020","131,520","131,520","131,520","131,520","0,40%"
"09.01.2020","131,000","131,000","131,000","131,000","0,16%"
"08.01.2020","130,790","130,790","130,790","130,790","-0,14%"
"07.01.2020","130,970","130,970","130,970","130,970","-0,12%"
"06.01.2020","131,130","131,130","131,130","131,130","-0,31%"
"03.01.2020","131,540","131,540","131,540","131,540","0,94%"
"02.01.2020","130,310","130,310","130,310","130,310","-0,55%"
"31.12.2019","131,030","131,030","131,030","131,030","0,24%"
"30.12.2019","130,710","130,710","130,710","130,710","-0,27%"
"27.12.2019","131,070","131,070","131,070","131,070","0,34%"
"24.12.2019","130,620","130,620","130,620","130,620","0,23%"
"23.12.2019","130,320","130,320","130,320","130,320","-0,34%"
"20.12.2019","130,760","130,760","130,760","130,760","0,65%"
"19.12.2019","129,910","129,910","129,910","129,910","0,67%"
"18.12.2019","129,050","129,050","129,050","129,050","0,66%"
"17.12.2019","128,210","128,210","128,210","128,210","-0,69%"
"16.12.2019","129,100","129,100","129,100","129,100","0,36%"
"13.12.2019","128,640","128,640","128,640","128,640","-0,09%"
"12.12.2019","128,760","128,760","128,760","128,760","-1,32%"
"11.12.2019","130,480","130,480","130,480","130,480","-1,04%"
"10.12.2019","131,850","131,850","131,850","131,850","-0,48%"
"09.12.2019","132,490","132,490","132,490","132,490","0,05%"
"06.12.2019","132,430","132,430","132,430","132,430","0,75%"
"05.12.2019","131,440","131,440","131,440","131,440","0,11%"
"04.12.2019","131,300","131,300","131,300","131,300","0,07%"
"03.12.2019","131,210","131,210","131,210","131,210","0,12%"
"02.12.2019","131,050","131,050","131,050","131,050","-1,30%"
"29.11.2019","132,780","132,780","132,780","132,780","-0,67%"
"27.11.2019","133,680","133,680","133,680","133,680","0,58%"
"26.11.2019","132,910","132,910","132,910","132,910","0,89%"
"25.11.2019","131,740","131,740","131,740","131,740","0,68%"
"22.11.2019","130,850","130,850","130,850","130,850","0,18%"
"21.11.2019","130,620","130,620","130,620","130,620","-1,08%"
"20.11.2019","132,040","132,040","132,040","132,040","-0,27%"
"19.11.2019","132,400","132,400","132,400","132,400","0,32%"
"18.11.2019","131,980","131,980","131,980","131,980","0,44%"
"15.11.2019","131,400","131,400","131,400","131,400","0,15%"
"14.11.2019","131,200","131,200","131,200","131,200","0,64%"
"13.11.2019","130,370","130,370","130,370","130,370","0,25%"
"12.11.2019","130,050","130,050","130,050","130,050","-0,50%"
"11.11.2019","130,700","130,700","130,700","130,700","-0,24%"
"08.11.2019","131,020","131,020","131,020","131,020","-0,55%"
"07.11.2019","131,740","131,740","131,740","131,740","-0,37%"
"06.11.2019","132,230","132,230","132,230","132,230","0,09%"
"05.11.2019","132,110","132,110","132,110","132,110","-0,45%"
"04.11.2019","132,710","132,710","132,710","132,710","-0,12%"
"01.11.2019","132,870","132,870","132,870","132,870","0,02%"
"31.10.2019","132,850","132,850","132,850","132,850","-0,08%"
"30.10.2019","132,960","132,960","132,960","132,960","0,35%"
"29.10.2019","132,490","132,490","132,490","132,490","0,03%"
"28.10.2019","132,450","132,450","132,450","132,450","-0,29%"
"25.10.2019","132,830","132,830","132,830","132,830","-0,52%"
"24.10.2019","133,530","133,530","133,530","133,530","0,02%"
"23.10.2019","133,500","133,500","133,500","133,500","0,23%"
"22.10.2019","133,190","133,190","133,190","133,190","0,05%"
"21.10.2019","133,120","133,120","133,120","133,120","0,63%"
"18.10.2019","132,290","132,290","132,290","132,290","0,05%"
"17.10.2019","132,220","132,220","132,220","132,220","-0,20%"
"16.10.2019","132,490","132,490","132,490","132,490","0,22%"
"15.10.2019","132,200","132,200","132,200","132,200","0,43%"
"11.10.2019","131,640","131,640","131,640","131,640","0,40%"
"10.10.2019","131,120","131,120","131,120","131,120","-0,43%"
"09.10.2019","131,690","131,690","131,690","131,690","-0,10%"
"08.10.2019","131,820","131,820","131,820","131,820","-0,11%"
"07.10.2019","131,970","131,970","131,970","131,970","-0,06%"
"04.10.2019","132,050","132,050","132,050","132,050","0,51%"
"03.10.2019","131,380","131,380","131,380","131,380","0,33%"
"02.10.2019","130,950","130,950","130,950","130,950","-0,50%"
"01.10.2019","131,610","131,610","131,610","131,610","-0,81%"
"30.09.2019","132,680","132,680","132,680","132,680","0,44%"
"27.09.2019","132,100","132,100","132,100","132,100","-0,17%"
"26.09.2019","132,330","132,330","132,330","132,330","0,92%"
"25.09.2019","131,120","131,120","131,120","131,120","0,58%"
"24.09.2019","130,370","130,370","130,370","130,370","-0,04%"
"23.09.2019","130,420","130,420","130,420","130,420","0,14%"
"20.09.2019","130,240","130,240","130,240","130,240","0,47%"
"19.09.2019","129,630","129,630","129,630","129,630","0,20%"
"18.09.2019","129,370","129,370","129,370","129,370","-0,20%"
"17.09.2019","129,630","129,630","129,630","129,630","0,29%"
"16.09.2019","129,250","129,250","129,250","129,250","0,95%"
"13.09.2019","128,030","128,030","128,030","128,030","-0,67%"
"12.09.2019","128,900","128,900","128,900","128,900","-0,23%"
"11.09.2019","129,200","129,200","129,200","129,200","0,67%"
"10.09.2019","128,340","128,340","128,340","128,340","-0,56%"
"09.09.2019","129,060","129,060","129,060","129,060","-0,23%"
"06.09.2019","129,360","129,360","129,360","129,360","0,29%"
"05.09.2019","128,980","128,980","128,980","128,980","-0,68%"
"04.09.2019","129,860","129,860","129,860","129,860","0,67%"
"03.09.2019","128,990","128,990","128,990","128,990","0,51%"
"30.08.2019","128,340","128,340","128,340","128,340","0,82%"
"29.08.2019","127,290","127,290","127,290","127,290","0,45%"
"28.08.2019","126,720","126,720","126,720","126,720","0,56%"
"27.08.2019","126,010","126,010","126,010","126,010","0,05%"
"26.08.2019","125,950","125,950","125,950","125,950","0,07%"
"23.08.2019","125,860","125,860","125,860","125,860","-0,84%"
"22.08.2019","126,930","126,930","126,930","126,930","0,30%"
"21.08.2019","126,550","126,550","126,550","126,550","0,16%"
"20.08.2019","126,350","126,350","126,350","126,350","-0,44%"
"19.08.2019","126,910","126,910","126,910","126,910","0,86%"
"16.08.2019","125,830","125,830","125,830","125,830","1,13%"
"15.08.2019","124,420","124,420","124,420","124,420","1,03%"
"14.08.2019","123,150","123,150","123,150","123,150","-0,60%"
"13.08.2019","123,890","123,890","123,890","123,890","-0,02%"
"12.08.2019","123,920","123,920","123,920","123,920","-0,45%"
"09.08.2019","124,480","124,480","124,480","124,480","-0,04%"
"08.08.2019","124,530","124,530","124,530","124,530","1,22%"
"07.08.2019","123,030","123,030","123,030","123,030","0,55%"
"06.08.2019","122,360","122,360","122,360","122,360","0,17%"
"05.08.2019","122,150","122,150","122,150","122,150","-2,42%"
"02.08.2019","125,180","125,180","125,180","125,180","0,05%"
"01.08.2019","125,120","125,120","125,120","125,120","0,34%"
"31.07.2019","124,690","124,690","124,690","124,690","-0,61%"
"30.07.2019","125,460","125,460","125,460","125,460","0,05%"
"29.07.2019","125,400","125,400","125,400","125,400","0,08%"
"26.07.2019","125,300","125,300","125,300","125,300","0,23%"
"25.07.2019","125,010","125,010","125,010","125,010","-0,53%"
"24.07.2019","125,670","125,670","125,670","125,670","0,17%"
"23.07.2019","125,460","125,460","125,460","125,460","1,30%"
"22.07.2019","123,850","123,850","123,850","123,850","-0,47%"
"19.07.2019","124,430","124,430","124,430","124,430","-0,89%"
"18.07.2019","125,550","125,550","125,550","125,550","0,14%"
"17.07.2019","125,380","125,380","125,380","125,380","-0,11%"
"16.07.2019","125,520","125,520","125,520","125,520","0,08%"
"15.07.2019","125,420","125,420","125,420","125,420","-0,21%"
"12.07.2019","125,690","125,690","125,690","125,690","-0,05%"
"11.07.2019","125,750","125,750","125,750","125,750","-0,55%"
"10.07.2019","126,450","126,450","126,450","126,450","-0,08%"
"09.07.2019","126,550","126,550","126,550","126,550","0,27%"
"08.07.2019","126,210","126,210","126,210","126,210","-0,03%"
"05.07.2019","126,250","126,250","126,250","126,250","1,88%"
"02.07.2019","123,920","123,920","123,920","123,920","1,39%"
"01.07.2019","122,220","122,220","122,220","122,220","0,61%"
"28.06.2019","121,480","121,480","121,480","121,480","0,21%"
"27.06.2019","121,220","121,220","121,220","121,220","0,48%"
"26.06.2019","120,640","120,640","120,640","120,640","-1,53%"
"25.06.2019","122,520","122,520","122,520","122,520","-0,37%"
"24.06.2019","122,980","122,980","122,980","122,980","-0,80%"
"21.06.2019","123,970","123,970","123,970","123,970","-1,19%"
"20.06.2019","125,460","125,460","125,460","125,460","-0,06%"
"19.06.2019","125,530","125,530","125,530","125,530","0,14%"
"18.06.2019","125,360","125,360","125,360","125,360","0,46%"
"17.06.2019","124,790","124,790","124,790","124,790","0,48%"
"14.06.2019","124,190","124,190","124,190","124,190","0,35%"
"13.06.2019","123,760","123,760","123,760","123,760","0,79%"
"12.06.2019","122,790","122,790","122,790","122,790","-0,23%"
"11.06.2019","123,070","123,070","123,070","123,070","0,23%"
"10.06.2019","122,790","122,790","122,790","122,790","0,13%"
"07.06.2019","122,630","122,630","122,630","122,630","-0,17%"
"06.06.2019","122,840","122,840","122,840","122,840","-0,12%"
"05.06.2019","122,990","122,990","122,990","122,990","1,22%"
"04.06.2019","121,510","121,510","121,510","121,510","-0,43%"
"03.06.2019","122,030","122,030","122,030","122,030","-0,13%"
"31.05.2019","122,190","122,190","122,190","122,190","0,05%"
"30.05.2019","122,130","122,130","122,130","122,130","-0,16%"
"29.05.2019","122,330","122,330","122,330","122,330","-0,71%"
"28.05.2019","123,200","123,200","123,200","123,200","-0,68%"
"24.05.2019","124,040","124,040","124,040","124,040","0,06%"
"23.05.2019","123,970","123,970","123,970","123,970","0,04%"
"22.05.2019","123,920","123,920","123,920","123,920","0,05%"
"21.05.2019","123,860","123,860","123,860","123,860","0,42%"
"20.05.2019","123,340","123,340","123,340","123,340","-0,43%"
"17.05.2019","123,870","123,870","123,870","123,870","-0,10%"
"16.05.2019","124,000","124,000","124,000","124,000","0,80%"
"15.05.2019","123,010","123,010","123,010","123,010","0,58%"
"14.05.2019","122,300","122,300","122,300","122,300","0,34%"
"13.05.2019","121,890","121,890","121,890","121,890","0,01%"
"10.05.2019","121,880","121,880","121,880","121,880","0,66%"
"09.05.2019","121,080","121,080","121,080","121,080","-0,05%"
"08.05.2019","121,140","121,140","121,140","121,140","-0,53%"
"07.05.2019","121,790","121,790","121,790","121,790","-0,71%"
"06.05.2019","122,660","122,660","122,660","122,660","-0,45%"
"03.05.2019","123,220","123,220","123,220","123,220","0,46%"
"02.05.2019","122,660","122,660","122,660","122,660","0,63%"
"30.04.2019","121,890","121,890","121,890","121,890","-0,04%"
"29.04.2019","121,940","121,940","121,940","121,940","-0,66%"
"26.04.2019","122,750","122,750","122,750","122,750","0,25%"
"25.04.2019","122,450","122,450","122,450","122,450","0,43%"
"24.04.2019","121,920","121,920","121,920","121,920","0,84%"
"23.04.2019","120,900","120,900","120,900","120,900","0,24%"
"18.04.2019","120,610","120,610","120,610","120,610","0,95%"
"17.04.2019","119,470","119,470","119,470","119,470","-0,89%"
"16.04.2019","120,540","120,540","120,540","120,540","-1,29%"
"15.04.2019","122,110","122,110","122,110","122,110","-0,33%"
"12.04.2019","122,520","122,520","122,520","122,520","-0,11%"
"11.04.2019","122,660","122,660","122,660","122,660","-0,45%"
"10.04.2019","123,220","123,220","123,220","123,220","1,05%"
"09.04.2019","121,940","121,940","121,940","121,940","-0,66%"
"08.04.2019","122,750","122,750","122,750","122,750","-0,63%"
"05.04.2019","123,530","123,530","123,530","123,530","-0,08%"
"04.04.2019","123,630","123,630","123,630","123,630","-0,26%"
"03.04.2019","123,950","123,950","123,950","123,950","-0,17%"
"02.04.2019","124,160","124,160","124,160","124,160","0,39%"
"01.04.2019","123,680","123,680","123,680","123,680","0,35%"
"29.03.2019","123,250","123,250","123,250","123,250","-0,21%"
"28.03.2019","123,510","123,510","123,510","123,510","0,48%"
"27.03.2019","122,920","122,920","122,920","122,920","0,28%"
"26.03.2019","122,580","122,580","122,580","122,580","1,24%"
"25.03.2019","121,080","121,080","121,080","121,080","-0,48%"
"22.03.2019","121,660","121,660","121,660","121,660","0,52%"
"21.03.2019","121,030","121,030","121,030","121,030","0,98%"
"20.03.2019","119,850","119,850","119,850","119,850","0,04%"
"19.03.2019","119,800","119,800","119,800","119,800","-0,11%"
"18.03.2019","119,930","119,930","119,930","119,930","-0,17%"
"15.03.2019","120,140","120,140","120,140","120,140","-0,34%"
"14.03.2019","120,550","120,550","120,550","120,550","0,32%"
"13.03.2019","120,170","120,170","120,170","120,170","0,04%"
"12.03.2019","120,120","120,120","120,120","120,120","0,23%"
"11.03.2019","119,840","119,840","119,840","119,840","0,96%"
"08.03.2019","118,700","118,700","118,700","118,700","-0,02%"
"07.03.2019","118,720","118,720","118,720","118,720","0,81%"
"06.03.2019","117,770","117,770","117,770","117,770","-0,45%"
"05.03.2019","118,300","118,300","118,300","118,300","0,37%"
"04.03.2019","117,860","117,860","117,860","117,860","0,81%"
"01.03.2019","116,910","116,910","116,910","116,910","-0,32%"
"28.02.2019","117,280","117,280","117,280","117,280","-0,26%"
"27.02.2019","117,590","117,590","117,590","117,590","-0,43%"
"26.02.2019","118,100","118,100","118,100","118,100","-0,17%"
"25.02.2019","118,300","118,300","118,300","118,300","-0,48%"
"22.02.2019","118,870","118,870","118,870","118,870","0,47%"
"21.02.2019","118,310","118,310","118,310","118,310","0,15%"
"20.02.2019","118,130","118,130","118,130","118,130","-0,51%"
"19.02.2019","118,740","118,740","118,740","118,740","-0,15%"
"15.02.2019","118,920","118,920","118,920","118,920","0,38%"
"14.02.2019","118,470","118,470","118,470","118,470","0,11%"
"13.02.2019","118,340","118,340","118,340","118,340","0,33%"
"12.02.2019","117,950","117,950","117,950","117,950","-0,77%"
"11.02.2019","118,870","118,870","118,870","118,870","0,59%"
"08.02.2019","118,170","118,170","118,170","118,170","0,03%"
"07.02.2019","118,130","118,130","118,130","118,130","0,58%"
"06.02.2019","117,450","117,450","117,450","117,450","0,02%"
"05.02.2019","117,430","117,430","117,430","117,430","0,44%"
"04.02.2019","116,920","116,920","116,920","116,920","0,89%"
"01.02.2019","115,890","115,890","115,890","115,890","-0,57%"
"31.01.2019","116,560","116,560","116,560","116,560","0,26%"
"30.01.2019","116,260","116,260","116,260","116,260","0,48%"
"29.01.2019","115,700","115,700","115,700","115,700","1,05%"
"28.01.2019","114,500","114,500","114,500","114,500","0,36%"
"25.01.2019","114,090","114,090","114,090","114,090","0,91%"
"24.01.2019","113,060","113,060","113,060","113,060","0,35%"
"23.01.2019","112,670","112,670","112,670","112,670","0,04%"
"22.01.2019","112,630","112,630","112,630","112,630","-0,12%"
"18.01.2019","112,770","112,770","112,770","112,770","0,63%"
"17.01.2019","112,060","112,060","112,060","112,060","0,32%"
"16.01.2019","111,700","111,700","111,700","111,700","0,87%"
"15.01.2019","110,740","110,740","110,740","110,740","0,86%"
"14.01.2019","109,800","109,800","109,800","109,800","-0,23%"
"11.01.2019","110,050","110,050","110,050","110,050","0,99%"
"10.01.2019","108,970","108,970","108,970","108,970","0,68%"
"09.01.2019","108,230","108,230","108,230","108,230","-0,29%"
"08.01.2019","108,540","108,540","108,540","108,540","1,76%"
"07.01.2019","106,660","106,660","106,660","106,660","0,62%"
"04.01.2019","106,000","106,000","106,000","106,000","0,96%"
"03.01.2019","104,990","104,990","104,990","104,990","0,41%"
"02.01.2019","104,560","104,560","104,560","104,560","-1,02%"
"31.12.2018","105,640","105,640","105,640","105,640","0,27%"
"28.12.2018","105,360","105,360","105,360","105,360","0,06%"
"27.12.2018","105,300","105,300","105,300","105,300","-0,83%"
"21.12.2018","106,180","106,180","106,180","106,180","-1,12%"
"20.12.2018","107,380","107,380","107,380","107,380","-1,03%"
"19.12.2018","108,500","108,500","108,500","108,500","-0,92%"
"18.12.2018","109,510","109,510","109,510","109,510","-0,01%"
"17.12.2018","109,520","109,520","109,520","109,520","-2,39%"
"14.12.2018","112,200","112,200","112,200","112,200","0,25%"
"13.12.2018","111,920","111,920","111,920","111,920","0,39%"
"12.12.2018","111,480","111,480","111,480","111,480","-0,70%"
"11.12.2018","112,270","112,270","112,270","112,270","0,38%"
"10.12.2018","111,840","111,840","111,840","111,840","-1,12%"
"07.12.2018","113,110","113,110","113,110","113,110","-0,34%"
"06.12.2018","113,500","113,500","113,500","113,500","1,05%"
"04.12.2018","112,320","112,320","112,320","112,320","-0,97%"
"03.12.2018","113,420","113,420","113,420","113,420","0,38%"
"30.11.2018","112,990","112,990","112,990","112,990","0,58%"
"29.11.2018","112,340","112,340","112,340","112,340","-0,82%"
"28.11.2018","113,270","113,270","113,270","113,270","0,81%"
"27.11.2018","112,360","112,360","112,360","112,360","0,58%"
"26.11.2018","111,710","111,710","111,710","111,710","0,89%"
"21.11.2018","110,720","110,720","110,720","110,720","0,27%"
"20.11.2018","110,420","110,420","110,420","110,420","-0,53%"
"19.11.2018","111,010","111,010","111,010","111,010","-0,34%"
"16.11.2018","111,390","111,390","111,390","111,390","0,09%"
"15.11.2018","111,290","111,290","111,290","111,290","-0,64%"
"14.11.2018","112,010","112,010","112,010","112,010","-0,40%"
"13.11.2018","112,460","112,460","112,460","112,460","-0,15%"
"12.11.2018","112,630","112,630","112,630","112,630","0,77%"
"09.11.2018","111,770","111,770","111,770","111,770","0,46%"
"08.11.2018","111,260","111,260","111,260","111,260","0,63%"
"07.11.2018","110,560","110,560","110,560","110,560","0,78%"
"06.11.2018","109,700","109,700","109,700","109,700","0,61%"
"05.11.2018","109,040","109,040","109,040","109,040","0,45%"
"02.11.2018","108,550","108,550","108,550","108,550","-0,44%"
"01.11.2018","109,030","109,030","109,030","109,030","0,10%"
"31.10.2018","108,920","108,920","108,920","108,920","-0,55%"
"30.10.2018","109,520","109,520","109,520","109,520","0,65%"
"29.10.2018","108,810","108,810","108,810","108,810","0,62%"
"26.10.2018","108,140","108,140","108,140","108,140","-0,84%"
"25.10.2018","109,060","109,060","109,060","109,060","0,77%"
"24.10.2018","108,230","108,230","108,230","108,230","1,04%"
"23.10.2018","107,120","107,120","107,120","107,120","-0,30%"
"22.10.2018","107,440","107,440","107,440","107,440","-0,52%"
"19.10.2018","108,000","108,000","108,000","108,000","0,22%"
"18.10.2018","107,760","107,760","107,760","107,760","0,33%"
"17.10.2018","107,410","107,410","107,410","107,410","0,84%"
"16.10.2018","106,520","106,520","106,520","106,520","1,63%"
"15.10.2018","104,810","104,810","104,810","104,810","-0,07%"
"12.10.2018","104,880","104,880","104,880","104,880","-0,55%"
"11.10.2018","105,460","105,460","105,460","105,460","-2,30%"
"10.10.2018","107,940","107,940","107,940","107,940","-1,52%"
"09.10.2018","109,610","109,610","109,610","109,610","0,56%"
"08.10.2018","109,000","109,000","109,000","109,000","1,12%"
"05.10.2018","107,790","107,790","107,790","107,790","-0,09%"
"04.10.2018","107,890","107,890","107,890","107,890","-1,08%"
"03.10.2018","109,070","109,070","109,070","109,070","-0,48%"
"02.10.2018","109,600","109,600","109,600","109,600","-0,37%"
"01.10.2018","110,010","110,010","110,010","110,010","-0,39%"
"28.09.2018","110,440","110,440","110,440","110,440","1,14%"
"27.09.2018","109,200","109,200","109,200","109,200","0,47%"
"26.09.2018","108,690","108,690","108,690","108,690","-0,43%"
"25.09.2018","109,160","109,160","109,160","109,160","0,06%"
"24.09.2018","109,100","109,100","109,100","109,100","-1,39%"
"21.09.2018","110,640","110,640","110,640","110,640","-0,07%"
"20.09.2018","110,720","110,720","110,720","110,720","-0,11%"
"19.09.2018","110,840","110,840","110,840","110,840","-0,56%"
"18.09.2018","111,460","111,460","111,460","111,460","-0,15%"
"17.09.2018","111,630","111,630","111,630","111,630","0,16%"
"14.09.2018","111,450","111,450","111,450","111,450","-0,24%"
"13.09.2018","111,720","111,720","111,720","111,720","-0,03%"
"12.09.2018","111,750","111,750","111,750","111,750","-0,06%"
"11.09.2018","111,820","111,820","111,820","111,820","0,24%"
"10.09.2018","111,550","111,550","111,550","111,550","-0,08%"
"07.09.2018","111,640","111,640","111,640","111,640","-0,33%"
"06.09.2018","112,010","112,010","112,010","112,010","0,03%"
"05.09.2018","111,980","111,980","111,980","111,980","-0,44%"
"04.09.2018","112,480","112,480","112,480","112,480","-0,44%"
"31.08.2018","112,980","112,980","112,980","112,980","0,21%"
"30.08.2018","112,740","112,740","112,740","112,740","-0,17%"
"29.08.2018","112,930","112,930","112,930","112,930","0,17%"
"28.08.2018","112,740","112,740","112,740","112,740","0,54%"
"27.08.2018","112,130","112,130","112,130","112,130","-0,13%"
"24.08.2018","112,280","112,280","112,280","112,280","-0,03%"
"23.08.2018","112,310","112,310","112,310","112,310","-0,16%"
"22.08.2018","112,490","112,490","112,490","112,490","-0,79%"
"21.08.2018","113,390","113,390","113,390","113,390","-1,06%"
"20.08.2018","114,610","114,610","114,610","114,610","0,08%"
"17.08.2018","114,520","114,520","114,520","114,520","0,55%"
"16.08.2018","113,890","113,890","113,890","113,890","-0,04%"
"15.08.2018","113,930","113,930","113,930","113,930","0,77%"
"14.08.2018","113,060","113,060","113,060","113,060","0,69%"
"13.08.2018","112,290","112,290","112,290","112,290","-0,20%"
"10.08.2018","112,520","112,520","112,520","112,520","0,16%"
"09.08.2018","112,340","112,340","112,340","112,340","0,16%"
"08.08.2018","112,160","112,160","112,160","112,160","-0,30%"
"07.08.2018","112,500","112,500","112,500","112,500","-0,12%"
"06.08.2018","112,640","112,640","112,640","112,640","0,11%"
"03.08.2018","112,520","112,520","112,520","112,520","0,88%"
"02.08.2018","111,540","111,540","111,540","111,540","0,11%"
"01.08.2018","111,420","111,420","111,420","111,420","0,26%"
"31.07.2018","111,130","111,130","111,130","111,130","0,97%"
"30.07.2018","110,060","110,060","110,060","110,060","-0,34%"
"27.07.2018","110,440","110,440","110,440","110,440","-0,43%"
"26.07.2018","110,920","110,920","110,920","110,920","0,29%"
"25.07.2018","110,600","110,600","110,600","110,600","0,82%"
"24.07.2018","109,700","109,700","109,700","109,700","-0,14%"
"23.07.2018","109,850","109,850","109,850","109,850","-0,18%"
"20.07.2018","110,050","110,050","110,050","110,050","-0,90%"
"19.07.2018","111,050","111,050","111,050","111,050","0,67%"
"18.07.2018","110,310","110,310","110,310","110,310","0,20%"
"17.07.2018","110,090","110,090","110,090","110,090","-0,34%"
"16.07.2018","110,470","110,470","110,470","110,470","-0,63%"
"13.07.2018","111,170","111,170","111,170","111,170","0,13%"
"12.07.2018","111,030","111,030","111,030","111,030","0,35%"
"11.07.2018","110,640","110,640","110,640","110,640","-0,47%"
"10.07.2018","111,160","111,160","111,160","111,160","0,28%"
"09.07.2018","110,850","110,850","110,850","110,850","-0,23%"
"06.07.2018","111,100","111,100","111,100","111,100","0,07%"
"05.07.2018","111,020","111,020","111,020","111,020","0,60%"
"02.07.2018","110,360","110,360","110,360","110,360","-0,10%"
"29.06.2018","110,470","110,470","110,470","110,470","-0,51%"
"28.06.2018","111,040","111,040","111,040","111,040","0,42%"
"27.06.2018","110,580","110,580","110,580","110,580","0,01%"
"26.06.2018","110,570","110,570","110,570","110,570","0,34%"
"25.06.2018","110,200","110,200","110,200","110,200","-0,79%"
"22.06.2018","111,080","111,080","111,080","111,080","0,38%"
"21.06.2018","110,660","110,660","110,660","110,660","0,00%"
"20.06.2018","110,660","110,660","110,660","110,660","0,85%"
"19.06.2018","109,730","109,730","109,730","109,730","-0,23%"
"18.06.2018","109,980","109,980","109,980","109,980","-0,15%"
"15.06.2018","110,140","110,140","110,140","110,140","0,23%"
"14.06.2018","109,890","109,890","109,890","109,890","1,31%"
"13.06.2018","108,470","108,470","108,470","108,470","-0,85%"
"12.06.2018","109,400","109,400","109,400","109,400","0,42%"
"11.06.2018","108,940","108,940","108,940","108,940","-0,48%"
"08.06.2018","109,460","109,460","109,460","109,460","0,50%"
"07.06.2018","108,920","108,920","108,920","108,920","-0,45%"
"06.06.2018","109,410","109,410","109,410","109,410","-0,48%"
"05.06.2018","109,940","109,940","109,940","109,940","-0,07%"
"04.06.2018","110,020","110,020","110,020","110,020","0,83%"
"01.06.2018","109,110","109,110","109,110","109,110","0,11%"
"31.05.2018","108,990","108,990","108,990","108,990","-0,51%"
"30.05.2018","109,550","109,550","109,550","109,550","0,45%"
"29.05.2018","109,060","109,060","109,060","109,060","0,70%"
"25.05.2018","108,300","108,300","108,300","108,300","0,75%"
"24.05.2018","107,490","107,490","107,490","107,490","-0,08%"
"23.05.2018","107,580","107,580","107,580","107,580","0,98%"
"22.05.2018","106,540","106,540","106,540","106,540","0,08%"
"21.05.2018","106,460","106,460","106,460","106,460","0,80%"
"18.05.2018","105,610","105,610","105,610","105,610","0,27%"
"17.05.2018","105,330","105,330","105,330","105,330","-0,36%"
"16.05.2018","105,710","105,710","105,710","105,710","0,11%"
"15.05.2018","105,590","105,590","105,590","105,590","-0,74%"
"14.05.2018","106,380","106,380","106,380","106,380","-0,31%"
"11.05.2018","106,710","106,710","106,710","106,710","-0,34%"
"10.05.2018","107,070","107,070","107,070","107,070","0,28%"
"09.05.2018","106,770","106,770","106,770","106,770","0,41%"
"08.05.2018","106,330","106,330","106,330","106,330","0,27%"
"07.05.2018","106,040","106,040","106,040","106,040","0,77%"
"04.05.2018","105,230","105,230","105,230","105,230","0,60%"
"03.05.2018","104,600","104,600","104,600","104,600","0,11%"
"02.05.2018","104,490","104,490","104,490","104,490","0,87%"
"30.04.2018","103,590","103,590","103,590","103,590","0,40%"
"27.04.2018","103,180","103,180","103,180","103,180","1,57%"
"26.04.2018","101,590","101,590","101,590","101,590","1,43%"
"25.04.2018","100,160","100,160","100,160","100,160","0,03%"
"24.04.2018","100,130","100,130","100,130","100,130","0,34%"
"23.04.2018","99,790","99,790","99,790","99,790","0,09%"
"20.04.2018","99,700","99,700","99,700","99,700","-0,12%"
"19.04.2018","99,820","99,820","99,820","99,820","-0,71%"
"18.04.2018","100,530","100,530","100,530","100,530","-0,03%"
"17.04.2018","100,560","100,560","100,560","100,560","0,80%"
"16.04.2018","99,760","99,760","99,760","99,760","-0,13%"
"13.04.2018","99,890","99,890","99,890","99,890","0,38%"
"12.04.2018","99,510","99,510","99,510","99,510","-0,19%"
"11.04.2018","99,700","99,700","99,700","99,700","-0,30%"
"10.04.2018","100,000","99,980","99,980","99,980","0,02%"
"09.04.2018","99,980","99,980","99,980","99,980","-0,26%"
"06.04.2018","100,240","100,240","100,240","100,240","-0,50%"
"05.04.2018","100,740","100,740","100,740","100,740","0,60%"
"04.04.2018","100,140","100,140","100,140","100,140","0,46%"
"03.04.2018","99,680","99,680","99,680","99,680","-0,06%"
"29.03.2018","99,740","99,740","99,740","99,740","0,55%"
"28.03.2018","99,190","99,190","99,190","99,190","1,47%"
"27.03.2018","97,750","97,750","97,750","97,750","0,90%"
"26.03.2018","96,880","96,880","96,880","96,880","-0,23%"
"23.03.2018","97,100","97,100","97,100","97,100","-1,69%"
"22.03.2018","98,770","98,770","98,770","98,770","-0,65%"
"21.03.2018","99,420","99,420","99,420","99,420","-0,39%"
"20.03.2018","99,810","99,810","99,810","99,810","0,12%"
"19.03.2018","99,690","99,690","99,690","99,690","-0,62%"
"16.03.2018","100,310","100,310","100,310","100,310","0,51%"
"15.03.2018","99,800","99,800","99,800","99,800","0,36%"
"14.03.2018","99,440","99,440","99,440","99,440","0,30%"
"13.03.2018","99,140","99,140","99,140","99,140","-0,61%"
"12.03.2018","99,750","99,750","99,750","99,750","0,49%"
"09.03.2018","99,260","99,260","99,260","99,260","0,29%"
"08.03.2018","98,970","98,970","98,970","98,970","1,02%"
"07.03.2018","97,970","97,970","97,970","97,970","0,49%"
"06.03.2018","97,490","97,490","97,490","97,490","-0,12%"
"05.03.2018","97,610","97,610","97,610","97,610","0,24%"
"02.03.2018","97,380","97,380","97,380","97,380","-1,08%"
"01.03.2018","98,440","98,440","98,440","98,440","0,08%"
"28.02.2018","98,360","98,360","98,360","98,360","-0,02%"
"27.02.2018","98,380","98,380","98,380","98,380","-1,25%"
"26.02.2018","99,630","99,630","99,630","99,630","0,59%"
"23.02.2018","99,050","99,050","99,050","99,050","1,51%"
"22.02.2018","97,580","97,580","97,580","97,580","0,31%"
"21.02.2018","97,280","97,280","97,280","97,280","-0,87%"
"20.02.2018","98,130","98,130","98,130","98,130","0,17%"
"16.02.2018","97,960","97,960","97,960","97,960","1,04%"
"15.02.2018","96,950","96,950","96,950","96,950","0,41%"
"14.02.2018","96,550","96,550","96,550","96,550","-0,57%"
"13.02.2018","97,100","97,100","97,100","97,100","-0,14%"
"12.02.2018","97,240","97,240","97,240","97,240","-0,07%"
"09.02.2018","97,310","97,310","97,310","97,310","0,83%"
"08.02.2018","96,510","96,510","96,510","96,510","-1,50%"
"07.02.2018","97,980","97,980","97,980","97,980","0,41%"
"06.02.2018","97,580","97,580","97,580","97,580","-0,75%"
"05.02.2018","98,320","98,320","98,320","98,320","-2,37%"
"02.02.2018","100,710","100,710","100,710","100,710","-0,85%"
"01.02.2018","101,570","101,570","101,570","101,570","-1,67%"
"31.01.2018","103,290","103,290","103,290","103,290","0,93%"
"30.01.2018","102,340","102,340","102,340","102,340","-1,06%"
"29.01.2018","103,440","103,440","103,440","103,440","-0,52%"
"26.01.2018","103,980","103,980","103,980","103,980","0,42%"
"25.01.2018","103,540","103,540","103,540","103,540","-0,97%"
"24.01.2018","104,550","104,550","104,550","104,550","-0,63%"
"23.01.2018","105,210","105,210","105,210","105,210","0,83%"
"22.01.2018","104,340","104,340","104,340","104,340","0,38%"
"19.01.2018","103,950","103,950","103,950","103,950","0,54%"
"18.01.2018","103,390","103,390","103,390","103,390","-0,73%"
"17.01.2018","104,150","104,150","104,150","104,150","0,47%"
"16.01.2018","103,660","103,660","103,660","103,660","-0,20%"
"12.01.2018","103,870","103,870","103,870","103,870","-1,10%"
"11.01.2018","105,030","105,030","105,030","105,030","-0,83%"
"10.01.2018","105,910","105,910","105,910","105,910","-1,18%"
"09.01.2018","107,170","107,170","107,170","107,170","-0,07%"
"08.01.2018","107,240","107,240","107,240","107,240","0,83%"
"05.01.2018","106,360","106,360","106,360","106,360","0,70%"
"04.01.2018","105,620","105,620","105,620","105,620","-1,16%"
"03.01.2018","106,860","106,860","106,860","106,860","0,19%"
"02.01.2018","106,660","106,660","106,660","106,660","-0,37%"
"29.12.2017","107,060","107,060","107,060","107,060","-0,46%"
"28.12.2017","107,560","107,560","107,560","107,560","0,12%"
"27.12.2017","107,430","107,430","107,430","107,430","0,40%"
"22.12.2017","107,000","107,000","107,000","107,000","0,59%"
"21.12.2017","106,370","106,370","106,370","106,370","-0,22%"
"20.12.2017","106,600","106,600","106,600","106,600","-1,31%"
"19.12.2017","108,020","108,020","108,020","108,020","-1,25%"
"18.12.2017","109,390","109,390","109,390","109,390","0,48%"
"15.12.2017","108,870","108,870","108,870","108,870","0,29%"
"14.12.2017","108,560","108,560","108,560","108,560","-0,03%"
"13.12.2017","108,590","108,590","108,590","108,590","0,12%"
"12.12.2017","108,460","108,460","108,460","108,460","0,87%"
"11.12.2017","107,520","107,520","107,520","107,520","-0,23%"
"08.12.2017","107,770","107,770","107,770","107,770","0,78%"
"07.12.2017","106,940","106,940","106,940","106,940","0,14%"
"06.12.2017","106,790","106,790","106,790","106,790","0,14%"
"05.12.2017","106,640","106,640","106,640","106,640","-0,22%"
"04.12.2017","106,870","106,870","106,870","106,870","-0,03%"
"01.12.2017","106,900","106,900","106,900","106,900","0,33%"
"30.11.2017","106,550","106,550","106,550","106,550","-0,10%"
"29.11.2017","106,660","106,660","106,660","106,660","0,12%"
"28.11.2017","106,530","106,530","106,530","106,530","0,03%"
"27.11.2017","106,500","106,500","106,500","106,500","-0,97%"
"22.11.2017","107,540","107,540","107,540","107,540","-0,55%"
"21.11.2017","108,130","108,130","108,130","108,130","0,79%"
"20.11.2017","107,280","107,280","107,280","107,280","0,03%"
"17.11.2017","107,250","107,250","107,250","107,250","-0,20%"
"16.11.2017","107,460","107,460","107,460","107,460","0,84%"
"15.11.2017","106,560","106,560","106,560","106,560","-1,02%"
"14.11.2017","107,660","107,660","107,660","107,660","-0,81%"
"13.11.2017","108,540","108,540","108,540","108,540","-0,19%"
"10.11.2017","108,750","108,750","108,750","108,750","-0,07%"
"09.11.2017","108,830","108,830","108,830","108,830","-0,17%"
"08.11.2017","109,010","109,010","109,010","109,010","0,35%"
"07.11.2017","108,630","108,630","108,630","108,630","0,91%"
"06.11.2017","107,650","107,650","107,650","107,650","0,43%"
"03.11.2017","107,190","107,190","107,190","107,190","0,40%"
"02.11.2017","106,760","106,760","106,760","106,760","0,07%"
"01.11.2017","106,680","106,680","106,680","106,680","0,56%"
"31.10.2017","106,090","106,090","106,090","106,090","0,04%"
"30.10.2017","106,050","106,050","106,050","106,050","-0,36%"
"27.10.2017","106,430","106,430","106,430","106,430","1,23%"
"26.10.2017","105,140","105,140","105,140","105,140","0,51%"
"25.10.2017","104,610","104,610","104,610","104,610","-0,73%"
"24.10.2017","105,380","105,380","105,380","105,380","-0,65%"
"23.10.2017","106,070","106,070","106,070","106,070","-0,15%"
"20.10.2017","106,230","106,230","106,230","106,230","-0,06%"
"19.10.2017","106,290","106,290","106,290","106,290","-0,88%"
"18.10.2017","107,230","107,230","107,230","107,230","-0,14%"
"17.10.2017","107,380","107,380","107,380","107,380","0,41%"
"16.10.2017","106,940","106,940","106,940","106,940","0,22%"
"13.10.2017","106,710","106,710","106,710","106,710","0,33%"
"12.10.2017","106,360","106,360","106,360","106,360","0,51%"
"11.10.2017","105,820","105,820","105,820","105,820","-0,06%"
"10.10.2017","105,880","105,880","105,880","105,880","-0,18%"
"09.10.2017","106,070","106,070","106,070","106,070","0,15%"
"06.10.2017","105,910","105,910","105,910","105,910","-0,40%"
"05.10.2017","106,340","106,340","106,340","106,340","0,48%"
"04.10.2017","105,830","105,830","105,830","105,830","0,18%"
"03.10.2017","105,640","105,640","105,640","105,640","0,06%"
"02.10.2017","105,580","105,580","105,580","105,580","0,51%"
"29.09.2017","105,040","105,040","105,040","105,040","0,06%"
"28.09.2017","104,980","104,980","104,980","104,980","-0,10%"
"27.09.2017","105,080","105,080","105,080","105,080","-0,46%"
"26.09.2017","105,570","105,570","105,570","105,570","0,81%"
"25.09.2017","104,720","104,720","104,720","104,720","0,92%"
"22.09.2017","103,770","103,770","103,770","103,770","-0,57%"
"21.09.2017","104,370","104,370","104,370","104,370","0,01%"
"20.09.2017","104,360","104,360","104,360","104,360","-0,20%"
"19.09.2017","104,570","104,570","104,570","104,570","-0,71%"
"18.09.2017","105,320","105,320","105,320","105,320","-0,25%"
"15.09.2017","105,580","105,580","105,580","105,580","-0,54%"
"14.09.2017","106,150","106,150","106,150","106,150","0,80%"
"13.09.2017","105,310","105,310","105,310","105,310","0,08%"
"12.09.2017","105,230","105,230","105,230","105,230","-0,51%"
"11.09.2017","105,770","105,770","105,770","105,770","0,76%"
"08.09.2017","104,970","104,970","104,970","104,970","0,29%"
"07.09.2017","104,670","104,670","104,670","104,670","0,10%"
"06.09.2017","104,570","104,570","104,570","104,570","0,05%"
"05.09.2017","104,520","104,520","104,520","104,520","-0,56%"
"01.09.2017","105,110","105,110","105,110","105,110","0,31%"
"31.08.2017","104,790","104,790","104,790","104,790","0,87%"
"30.08.2017","103,890","103,890","103,890","103,890","1,22%"
"29.08.2017","102,640","102,640","102,640","102,640","-0,67%"
"28.08.2017","103,330","103,330","103,330","103,330","-0,94%"
"25.08.2017","104,310","104,310","104,310","104,310","-0,37%"
"24.08.2017","104,700","104,700","104,700","104,700","-0,23%"
"23.08.2017","104,940","104,940","104,940","104,940","0,04%"
"22.08.2017","104,900","104,900","104,900","104,900","0,31%"
"21.08.2017","104,580","104,580","104,580","104,580","0,09%"
"18.08.2017","104,490","104,490","104,490","104,490","-0,75%"
"17.08.2017","105,280","105,280","105,280","105,280","-0,53%"
"16.08.2017","105,840","105,840","105,840","105,840","0,48%"
"15.08.2017","105,330","105,330","105,330","105,330","0,15%"
"14.08.2017","105,170","105,170","105,170","105,170","1,21%"
"11.08.2017","103,910","103,910","103,910","103,910","-1,06%"
"10.08.2017","105,020","105,020","105,020","105,020","-0,58%"
"09.08.2017","105,630","105,630","105,630","105,630","-0,10%"
"08.08.2017","105,740","105,740","105,740","105,740","0,09%"
"07.08.2017","105,640","105,640","105,640","105,640","-0,43%"
"04.08.2017","106,100","106,100","106,100","106,100","1,13%"
"03.08.2017","104,910","104,910","104,910","104,910","-0,19%"
"02.08.2017","105,110","105,110","105,110","105,110","-0,89%"
"01.08.2017","106,050","106,050","106,050","106,050","0,45%"
"31.07.2017","105,570","105,570","105,570","105,570","-0,38%"
"28.07.2017","105,970","105,970","105,970","105,970","-0,76%"
"27.07.2017","106,780","106,780","106,780","106,780","0,17%"
"26.07.2017","106,600","106,600","106,600","106,600","0,53%"
"25.07.2017","106,040","106,040","106,040","106,040","-0,03%"
"24.07.2017","106,070","106,070","106,070","106,070","0,00%"
"21.07.2017","106,070","106,070","106,070","106,070","-0,24%"
"20.07.2017","106,330","106,330","106,330","106,330","-1,13%"
"19.07.2017","107,540","107,540","107,540","107,540","1,15%"
"18.07.2017","106,320","106,320","106,320","106,320","-0,69%"
"17.07.2017","107,060","107,060","107,060","107,060","0,22%"
"14.07.2017","106,830","106,830","106,830","106,830","0,61%"
"13.07.2017","106,180","106,180","106,180","106,180","0,62%"
"12.07.2017","105,530","105,530","105,530","105,530","0,87%"
"11.07.2017","104,620","104,620","104,620","104,620","-0,59%"
"10.07.2017","105,240","105,240","105,240","105,240","-0,43%"
"07.07.2017","105,690","105,690","105,690","105,690","0,17%"
"06.07.2017","105,510","105,510","105,510","105,510","-1,69%"
"05.07.2017","107,320","107,320","107,320","107,320","0,12%"
"30.06.2017","107,190","107,190","107,190","107,190","-0,20%"
"29.06.2017","107,410","107,410","107,410","107,410","-0,97%"
"28.06.2017","108,460","108,460","108,460","108,460","-0,65%"
"27.06.2017","109,170","109,170","109,170","109,170","-1,42%"
"26.06.2017","110,740","110,740","110,740","110,740","0,28%"
"23.06.2017","110,430","110,430","110,430","110,430","0,04%"
"22.06.2017","110,390","110,390","110,390","110,390","-0,18%"
"21.06.2017","110,590","110,590","110,590","110,590","-0,60%"
"20.06.2017","111,260","111,260","111,260","111,260","-0,27%"
"19.06.2017","111,560","111,560","111,560","111,560","0,19%"
"16.06.2017","111,350","111,350","111,350","111,350","-0,38%"
"15.06.2017","111,770","111,770","111,770","111,770","0,88%"
"14.06.2017","110,790","110,790","110,790","110,790","-0,11%"
"13.06.2017","110,910","110,910","110,910","110,910","0,53%"
"12.06.2017","110,330","110,330","110,330","110,330","0,25%"
"09.06.2017","110,050","110,050","110,050","110,050","0,58%"
"08.06.2017","109,420","109,420","109,420","109,420","-0,16%"
"07.06.2017","109,590","109,590","109,590","109,590","0,55%"
"06.06.2017","108,990","108,990","108,990","108,990","-0,22%"
"05.06.2017","109,230","109,230","109,230","109,230","-0,10%"
"02.06.2017","109,340","109,340","109,340","109,340","0,53%"
"01.06.2017","108,760","108,760","108,760","108,760","0,76%"
"31.05.2017","107,940","107,940","107,940","107,940","-0,26%"
"30.05.2017","108,220","108,220","108,220","108,220","-0,26%"
"26.05.2017","108,500","108,500","108,500","108,500","-0,11%"
"25.05.2017","108,620","108,620","108,620","108,620","-0,09%"
"24.05.2017","108,720","108,720","108,720","108,720","0,80%"
"23.05.2017","107,860","107,860","107,860","107,860","0,08%"
"22.05.2017","107,770","107,770","107,770","107,770","0,05%"
"19.05.2017","107,720","107,720","107,720","107,720","-0,25%"
"18.05.2017","107,990","107,990","107,990","107,990","0,24%"
"17.05.2017","107,730","107,730","107,730","107,730","-0,25%"
"16.05.2017","108,000","108,000","108,000","108,000","-1,25%"
"15.05.2017","109,370","109,370","109,370","109,370","-0,15%"
"12.05.2017","109,530","109,530","109,530","109,530","-0,77%"
"11.05.2017","110,380","110,380","110,380","110,380","-0,25%"
"10.05.2017","110,660","110,660","110,660","110,660","0,64%"
"09.05.2017","109,960","109,960","109,960","109,960","0,00%"
"08.05.2017","109,960","109,960","109,960","109,960","0,48%"
"05.05.2017","109,440","109,440","109,440","109,440","0,08%"
"04.05.2017","109,350","109,350","109,350","109,350","-0,76%"
"03.05.2017","110,190","110,190","110,190","110,190","-0,91%"
"02.05.2017","111,200","111,200","111,200","111,200","0,65%"
"28.04.2017","110,480","110,480","110,480","110,480","-1,06%"
"27.04.2017","111,660","111,660","111,660","111,660","-0,05%"
"26.04.2017","111,720","111,720","111,720","111,720","-0,09%"
"25.04.2017","111,820","111,820","111,820","111,820","-0,06%"
"24.04.2017","111,890","111,890","111,890","111,890","-2,06%"
"21.04.2017","114,240","114,240","114,240","114,240","0,29%"
"20.04.2017","113,910","113,910","113,910","113,910","-0,43%"
"19.04.2017","114,400","114,400","114,400","114,400","-0,56%"
"18.04.2017","115,040","115,040","115,040","115,040","0,35%"
"13.04.2017","114,640","114,640","114,640","114,640","-0,03%"
"12.04.2017","114,670","114,670","114,670","114,670","0,24%"
"11.04.2017","114,390","114,390","114,390","114,390","0,42%"
"10.04.2017","113,910","113,910","113,910","113,910","0,51%"
"07.04.2017","113,330","113,330","113,330","113,330","0,52%"
"06.04.2017","112,740","112,740","112,740","112,740","0,51%"
"05.04.2017","112,170","112,170","112,170","112,170","0,25%"
"04.04.2017","111,890","111,890","111,890","111,890","0,03%"
"03.04.2017","111,860","111,860","111,860","111,860","0,49%"
"31.03.2017","111,310","111,310","111,310","111,310","0,67%"
"30.03.2017","110,570","110,570","110,570","110,570","0,06%"
"29.03.2017","110,500","110,500","110,500","110,500","1,30%"
"28.03.2017","109,080","109,080","109,080","109,080","0,53%"
"27.03.2017","108,510","108,510","108,510","108,510","-1,25%"
"24.03.2017","109,880","109,880","109,880","109,880","-0,12%"
"23.03.2017","110,010","110,010","110,010","110,010","0,74%"
"22.03.2017","109,200","109,200","109,200","109,200","-0,19%"
"21.03.2017","109,410","109,410","109,410","109,410","-0,69%"
"20.03.2017","110,170","110,170","110,170","110,170","-0,18%"
"17.03.2017","110,370","110,370","110,370","110,370","0,30%"
"16.03.2017","110,040","110,040","110,040","110,040","-0,11%"
"15.03.2017","110,160","110,160","110,160","110,160","1,40%"
"14.03.2017","108,640","108,640","108,640","108,640","-0,04%"
"13.03.2017","108,680","108,680","108,680","108,680","0,14%"
"10.03.2017","108,530","108,530","108,530","108,530","-0,84%"
"09.03.2017","109,450","109,450","109,450","109,450","-1,26%"
"08.03.2017","110,850","110,850","110,850","110,850","-1,01%"
"07.03.2017","111,980","111,980","111,980","111,980","-0,26%"
"06.03.2017","112,270","112,270","112,270","112,270","-0,52%"
"03.03.2017","112,860","112,860","112,860","112,860","-0,81%"
"02.03.2017","113,780","113,780","113,780","113,780","-0,22%"
"01.03.2017","114,030","114,030","114,030","114,030","0,22%"
"28.02.2017","113,780","113,780","113,780","113,780","-0,55%"
"27.02.2017","114,410","114,410","114,410","114,410","-0,22%"
"24.02.2017","114,660","114,660","114,660","114,660","0,38%"
"23.02.2017","114,230","114,230","114,230","114,230","0,25%"
"22.02.2017","113,940","113,940","113,940","113,940","-0,14%"
"21.02.2017","114,100","114,100","114,100","114,100","1,59%"
"17.02.2017","112,310","112,310","112,310","112,310","0,45%"
"16.02.2017","111,810","111,810","111,810","111,810","-0,36%"
"15.02.2017","112,210","112,210","112,210","112,210","-0,04%"
"14.02.2017","112,250","112,250","112,250","112,250","0,05%"
"13.02.2017","112,190","112,190","112,190","112,190","0,00%"
"10.02.2017","112,190","112,190","112,190","112,190","0,88%"
"09.02.2017","111,210","111,210","111,210","111,210","0,45%"
"08.02.2017","110,710","110,710","110,710","110,710","0,71%"
"07.02.2017","109,930","109,930","109,930","109,930","0,56%"
"06.02.2017","109,320","109,320","109,320","109,320","0,16%"
"03.02.2017","109,140","109,140","109,140","109,140","0,66%"
"02.02.2017","108,420","108,420","108,420","108,420","0,19%"
"01.02.2017","108,210","108,210","108,210","108,210","-0,31%"
"31.01.2017","108,550","108,550","108,550","108,550","-0,27%"
"30.01.2017","108,840","108,840","108,840","108,840","-0,27%"
"27.01.2017","109,140","109,140","109,140","109,140","-0,82%"
"26.01.2017","110,040","110,040","110,040","110,040","0,59%"
"25.01.2017","109,390","109,390","109,390","109,390","-0,30%"
"24.01.2017","109,720","109,720","109,720","109,720","-0,12%"
"23.01.2017","109,850","109,850","109,850","109,850","0,18%"
"20.01.2017","109,650","109,650","109,650","109,650","-0,19%"
"19.01.2017","109,860","109,860","109,860","109,860","-0,54%"
"18.01.2017","110,460","110,460","110,460","110,460","0,22%"
"17.01.2017","110,220","110,220","110,220","110,220","-0,16%"
"13.01.2017","110,400","110,400","110,400","110,400","0,03%"
"12.01.2017","110,370","110,370","110,370","110,370","-1,14%"
"11.01.2017","111,640","111,640","111,640","111,640","0,39%"
"10.01.2017","111,210","111,210","111,210","111,210","-0,70%"
"09.01.2017","111,990","111,990","111,990","111,990","-0,52%"
"06.01.2017","112,580","112,580","112,580","112,580","0,28%"
"05.01.2017","112,270","112,270","112,270","112,270","-0,42%"
"04.01.2017","112,740","112,740","112,740","112,740","0,44%"
"03.01.2017","112,250","112,250","112,250","112,250","1,42%"