"Fecha","Último","Apertura","Máximo","Mínimo","% var."
"31.12.2025","321,532","321,532","321,532","321,532","-0,48%"
"30.12.2025","323,077","323,077","323,077","323,077","0,15%"
"29.12.2025","322,585","322,585","322,585","322,585","-0,51%"
"26.12.2025","324,245","324,245","324,245","323,979","0,08%"
"24.12.2025","323,979","323,979","323,979","323,979","0,06%"
"23.12.2025","323,779","323,779","323,779","323,779","1,19%"
"22.12.2025","319,968","319,968","319,968","319,968","0,72%"
"19.12.2025","317,665","317,665","317,665","317,665","0,48%"
"18.12.2025","316,136","316,136","316,136","316,136","0,49%"
"17.12.2025","314,591","314,591","314,591","314,591","-0,50%"
"16.12.2025","316,171","316,171","316,171","316,171","-0,57%"
"15.12.2025","317,991","317,991","317,991","317,991","-0,64%"
"12.12.2025","320,032","320,032","320,032","320,032","1,11%"
"11.12.2025","316,529","316,529","316,529","316,529","-0,41%"
"10.12.2025","317,835","317,835","317,835","317,835","-0,28%"
"09.12.2025","318,741","318,741","318,741","318,741","-0,08%"
"08.12.2025","318,986","318,986","318,986","318,986","-0,50%"
"05.12.2025","320,605","320,605","320,605","320,605","0,32%"
"04.12.2025","319,576","319,576","319,576","319,576","0,42%"
"03.12.2025","318,240","318,240","318,240","318,240","-0,12%"
"02.12.2025","318,636","318,636","318,636","318,636","0,62%"
"01.12.2025","316,669","316,669","316,669","316,669","-0,45%"
"28.11.2025","318,115","318,115","318,115","318,115","0,05%"
"27.11.2025","317,945","317,945","317,945","317,945","0,30%"
"26.11.2025","317,005","317,005","317,005","317,005","1,11%"
"25.11.2025","313,517","313,517","313,517","313,517","-0,47%"
"24.11.2025","314,983","314,983","314,983","314,983","1,40%"
"21.11.2025","310,648","310,648","315,568","310,648","-1,56%"
"20.11.2025","315,568","315,568","315,568","315,568","0,75%"
"19.11.2025","313,223","313,223","313,223","313,223","-0,35%"
"18.11.2025","314,330","314,330","314,330","314,330","-1,74%"
"17.11.2025","319,890","319,890","319,890","319,890","-0,41%"
"14.11.2025","321,199","321,199","321,199","321,199","-1,08%"
"13.11.2025","324,722","324,722","324,722","324,722","-0,54%"
"12.11.2025","326,470","326,470","326,470","326,470","0,43%"
"11.11.2025","325,057","325,057","325,057","325,057","-0,49%"
"10.11.2025","326,674","326,674","326,674","326,674","1,18%"
"07.11.2025","322,851","322,851","322,851","322,851","-0,71%"
"06.11.2025","325,150","325,150","325,150","325,150","-0,14%"
"05.11.2025","325,617","325,617","325,617","325,617","0,22%"
"04.11.2025","324,917","324,917","324,917","324,917","-0,77%"
"03.11.2025","327,425","327,425","327,425","327,425","0,69%"
"31.10.2025","325,192","325,192","325,192","325,192","0,04%"
"30.10.2025","325,073","325,073","326,163","325,073","-0,33%"
"29.10.2025","326,163","326,163","326,163","326,163","-0,58%"
"28.10.2025","328,069","328,069","328,069","328,069","0,18%"
"27.10.2025","327,464","327,464","327,464","327,464","1,18%"
"24.10.2025","323,656","323,656","324,579","323,656","-0,28%"
"23.10.2025","324,579","324,579","324,579","324,055","0,16%"
"22.10.2025","324,055","324,055","326,142","324,055","-0,64%"
"21.10.2025","326,142","326,142","326,142","323,242","0,90%"
"20.10.2025","323,242","323,242","323,242","323,242","1,32%"
"17.10.2025","319,016","319,016","322,029","319,016","-0,94%"
"16.10.2025","322,029","322,029","322,029","322,029","-0,02%"
"15.10.2025","322,094","322,094","322,094","322,094","0,75%"
"14.10.2025","319,690","319,690","319,690","319,690","-1,04%"
"13.10.2025","323,046","323,046","323,046","323,046","-0,99%"
"10.10.2025","326,289","326,289","328,753","326,289","-0,75%"
"09.10.2025","328,753","328,753","328,753","328,753","0,39%"
"08.10.2025","327,464","327,464","327,464","327,464","0,17%"
"07.10.2025","326,920","326,920","326,920","326,920","0,13%"
"06.10.2025","326,483","326,483","326,483","326,483","0,33%"
"03.10.2025","325,416","325,416","325,416","324,870","0,17%"
"02.10.2025","324,870","324,870","324,870","321,353","1,09%"
"01.10.2025","321,353","321,353","321,629","321,353","-0,09%"
"30.09.2025","321,629","321,629","321,629","321,629","0,28%"
"29.09.2025","320,720","320,720","320,720","320,720","0,94%"
"26.09.2025","317,745","317,745","318,072","317,724","-0,10%"
"25.09.2025","318,072","318,072","318,072","317,724","0,11%"
"24.09.2025","317,724","317,724","317,724","317,724","-0,48%"
"23.09.2025","319,261","319,261","319,751","319,261","-0,15%"
"22.09.2025","319,751","319,751","319,751","319,751","-0,16%"
"19.09.2025","320,267","320,267","322,649","319,639","0,20%"
"18.09.2025","319,639","319,639","322,649","319,639","-0,93%"
"17.09.2025","322,649","322,649","324,229","322,649","-0,49%"
"16.09.2025","324,229","324,229","327,400","324,229","-0,60%"
"15.09.2025","326,172","326,172","327,400","326,172","-0,38%"
"12.09.2025","327,400","327,400","327,400","325,842","0,48%"
"11.09.2025","325,842","325,842","325,842","325,842","0,06%"
"10.09.2025","325,636","325,636","325,636","325,636","1,17%"
"09.09.2025","321,854","321,854","321,854","321,854","0,04%"
"08.09.2025","321,729","321,729","321,729","321,729","0,18%"
"05.09.2025","321,152","321,152","321,152","321,152","0,15%"
"04.09.2025","320,658","320,658","320,658","320,658","0,83%"
"03.09.2025","318,003","318,003","318,003","318,003","-1,12%"
"02.09.2025","321,596","321,596","322,230","321,596","-0,20%"
"01.09.2025","322,230","322,230","322,230","322,230","-0,16%"
"29.08.2025","322,747","322,747","322,747","322,747","-0,19%"
"28.08.2025","323,362","323,362","323,362","321,908","0,24%"
"27.08.2025","322,574","322,574","322,574","321,908","0,21%"
"26.08.2025","321,908","321,908","321,908","321,908","-0,23%"
"25.08.2025","322,652","322,652","322,652","322,652","0,54%"
"22.08.2025","320,915","320,915","322,170","320,915","-0,39%"
"21.08.2025","322,170","322,170","322,170","322,170","1,09%"
"20.08.2025","318,707","318,707","318,707","318,707","0,26%"
"19.08.2025","317,894","317,894","317,894","317,894","-0,73%"
"18.08.2025","320,219","320,219","320,219","320,219","-0,05%"
"15.08.2025","320,375","320,375","320,375","320,375","0,00%"
"14.08.2025","320,366","320,366","320,366","320,366","0,34%"
"13.08.2025","319,289","319,289","319,289","319,289","-0,10%"
"12.08.2025","319,620","319,620","319,620","319,620","0,45%"
"11.08.2025","318,196","318,196","318,196","318,196","0,68%"
"08.08.2025","316,039","316,039","316,039","316,039","-0,45%"
"07.08.2025","317,469","317,469","317,469","316,665","0,25%"
"06.08.2025","316,665","316,665","316,665","316,665","0,37%"
"05.08.2025","315,511","315,511","315,511","315,511","0,78%"
"04.08.2025","313,070","313,070","313,070","313,070","0,40%"
"01.08.2025","311,828","311,828","317,570","311,828","-1,81%"
"31.07.2025","317,570","317,570","318,989","317,570","-0,44%"
"30.07.2025","318,989","318,989","318,989","318,989","-0,03%"
"29.07.2025","319,074","319,074","319,074","316,315","0,87%"
"28.07.2025","316,315","316,315","316,315","316,315","1,13%"
"25.07.2025","312,781","312,781","312,781","312,781","-0,77%"
"24.07.2025","315,194","315,194","315,194","315,194","-0,00%"
"23.07.2025","315,194","315,194","315,194","311,644","1,14%"
"22.07.2025","311,644","311,644","311,644","311,644","0,05%"
"21.07.2025","311,501","311,501","311,501","311,501","-1,21%"
"18.07.2025","315,311","315,311","315,311","315,311","1,16%"
"17.07.2025","311,704","311,704","311,704","309,811","0,61%"
"16.07.2025","309,811","309,811","309,811","309,811","-0,49%"
"15.07.2025","311,350","311,350","311,350","311,350","0,86%"
"14.07.2025","308,706","308,706","309,363","308,706","-0,21%"
"11.07.2025","309,363","309,363","309,363","309,363","0,20%"
"10.07.2025","308,733","308,733","308,733","305,742","0,98%"
"09.07.2025","305,742","305,742","305,742","305,742","-0,42%"
"08.07.2025","307,031","307,031","307,031","305,426","0,53%"
"07.07.2025","305,426","305,426","305,759","305,426","-0,11%"
"04.07.2025","305,759","305,759","305,759","305,759","-0,65%"
"03.07.2025","307,748","307,748","307,748","307,748","0,18%"
"02.07.2025","307,199","307,199","307,199","305,017","0,72%"
"01.07.2025","305,017","305,017","305,944","305,017","-0,30%"
"30.06.2025","305,944","305,944","305,944","305,944","0,15%"
"27.06.2025","305,500","305,500","305,500","305,500","-0,44%"
"26.06.2025","306,849","306,849","307,730","306,849","-0,29%"
"25.06.2025","307,730","307,730","307,730","307,187","0,18%"
"24.06.2025","307,187","307,187","307,187","302,825","1,44%"
"23.06.2025","302,825","302,825","302,825","302,825","-0,44%"
"20.06.2025","304,165","304,165","307,558","304,165","-0,44%"
"19.06.2025","305,512","305,512","307,558","305,512","-0,67%"
"18.06.2025","307,558","307,558","307,558","307,558","-0,15%"
"17.06.2025","308,014","308,014","308,014","308,014","0,10%"
"16.06.2025","307,716","307,716","307,716","306,797","0,30%"
"13.06.2025","306,797","306,797","310,787","306,797","-0,12%"
"12.06.2025","307,161","307,161","312,318","307,161","-1,17%"
"11.06.2025","310,787","310,787","312,318","310,787","-0,49%"
"10.06.2025","312,318","312,318","312,318","309,940","0,33%"
"09.06.2025","311,284","311,284","311,284","309,940","0,43%"
"06.06.2025","309,940","309,940","309,940","309,902","0,01%"
"05.06.2025","309,902","309,902","309,902","309,341","0,18%"
"04.06.2025","309,341","309,341","309,341","309,341","0,62%"
"03.06.2025","307,437","307,437","307,437","304,942","0,82%"
"02.06.2025","304,942","304,942","305,318","304,942","-0,12%"
"30.05.2025","305,318","305,318","305,318","305,318","0,02%"
"29.05.2025","305,257","305,257","305,257","305,257","0,04%"
"28.05.2025","305,143","305,143","305,143","305,143","-0,06%"
"27.05.2025","305,341","305,341","305,341","305,341","0,38%"
"26.05.2025","304,174","304,174","304,174","304,174","-0,10%"
"23.05.2025","304,492","304,492","305,352","304,060","0,14%"
"22.05.2025","304,060","304,060","305,352","304,060","-0,42%"
"21.05.2025","305,352","305,352","305,352","305,352","0,27%"
"20.05.2025","304,525","304,525","304,525","304,525","-0,11%"
"19.05.2025","304,863","304,863","304,863","304,863","-0,60%"
"16.05.2025","306,696","306,696","306,696","306,696","0,48%"
"15.05.2025","305,244","305,244","305,244","305,105","0,05%"
"14.05.2025","305,105","305,105","305,105","305,105","0,15%"
"13.05.2025","304,643","304,643","304,643","304,643","0,94%"
"12.05.2025","301,800","301,800","301,800","297,616","1,41%"
"09.05.2025","297,616","297,616","297,616","297,616","0,65%"
"08.05.2025","295,681","295,681","295,681","295,681","0,09%"
"07.05.2025","295,411","295,411","295,411","295,411","0,08%"
"06.05.2025","295,173","295,173","295,173","295,173","0,07%"
"05.05.2025","294,961","294,961","295,684","294,961","-0,24%"
"02.05.2025","295,684","295,684","295,684","295,684","1,54%"
"01.05.2025","291,204","291,204","291,204","291,204","0,73%"
"30.04.2025","289,100","289,100","289,100","284,873","1,48%"
"29.04.2025","284,873","284,873","284,873","284,873","0,06%"
"28.04.2025","284,691","284,691","284,691","284,691","0,56%"
"25.04.2025","283,105","283,105","283,105","283,105","0,03%"
"24.04.2025","283,013","283,013","283,013","275,106","0,09%"
"23.04.2025","282,750","282,750","282,750","275,106","2,78%"
"22.04.2025","275,106","275,106","275,106","275,106","0,34%"
"21.04.2025","274,163","274,163","274,163","274,163","-0,63%"
"17.04.2025","275,896","275,896","275,896","273,059","1,04%"
"16.04.2025","273,059","273,059","273,059","273,059","-0,20%"
"15.04.2025","273,611","273,611","273,611","270,146","1,28%"
"14.04.2025","270,146","270,146","270,146","270,146","2,48%"
"11.04.2025","263,608","263,608","269,340","255,648","-2,13%"
"10.04.2025","269,340","269,340","269,340","255,648","5,36%"
"09.04.2025","255,648","255,648","262,717","255,648","-2,69%"
"08.04.2025","262,717","262,717","262,717","259,674","1,17%"
"07.04.2025","259,674","259,674","274,646","259,674","-5,45%"
"04.04.2025","274,646","274,646","295,606","274,646","-4,47%"
"03.04.2025","287,502","287,502","295,606","287,502","-2,74%"
"02.04.2025","295,606","295,606","295,606","295,303","0,10%"
"01.04.2025","295,303","295,303","295,303","295,303","1,42%"
"31.03.2025","291,167","291,167","291,167","291,167","-1,80%"
"28.03.2025","296,507","296,507","296,507","296,507","-0,46%"
"27.03.2025","297,892","297,892","297,892","297,892","-0,02%"
"26.03.2025","297,949","297,949","297,949","297,949","0,77%"
"25.03.2025","295,670","295,670","295,670","295,670","0,18%"
"24.03.2025","295,146","295,146","295,146","295,146","0,46%"
"21.03.2025","293,790","293,790","293,790","293,790","-0,20%"
"20.03.2025","294,368","294,368","294,368","294,368","0,42%"
"19.03.2025","293,143","293,143","293,143","293,143","0,24%"
"18.03.2025","292,454","292,454","292,454","292,454","-0,18%"
"17.03.2025","292,980","292,980","292,980","292,980","1,16%"
"14.03.2025","289,617","289,617","289,617","289,617","0,25%"
"13.03.2025","288,891","288,891","288,891","288,891","-0,29%"
"12.03.2025","289,728","289,728","289,728","289,728","-0,63%"
"11.03.2025","291,578","291,578","291,578","291,578","-1,59%"
"10.03.2025","296,284","296,284","296,284","296,284","-0,12%"
"07.03.2025","296,629","296,629","296,629","296,629","-2,33%"
"06.03.2025","303,690","303,690","303,690","303,690","0,10%"
"05.03.2025","303,372","303,372","303,372","303,372","-0,58%"
"04.03.2025","305,133","305,133","305,133","305,133","-0,82%"
"03.03.2025","307,650","307,650","307,650","307,650","-0,11%"
"28.02.2025","307,976","307,976","307,976","307,976","-1,41%"
"27.02.2025","312,394","312,394","312,394","312,394","0,51%"
"26.02.2025","310,823","310,823","310,823","310,823","0,34%"
"25.02.2025","309,781","309,781","309,781","309,781","-1,20%"
"24.02.2025","313,528","313,528","313,528","313,528","-0,08%"
"21.02.2025","313,775","313,775","313,775","313,775","0,13%"
"20.02.2025","313,370","313,370","313,370","313,370","-1,16%"
"19.02.2025","317,034","317,034","317,034","317,034","-0,11%"
"18.02.2025","317,386","317,386","317,386","317,386","-0,33%"
"17.02.2025","318,445","318,445","318,445","318,445","0,19%"
"14.02.2025","317,855","317,855","317,855","317,855","0,43%"
"13.02.2025","316,486","316,486","316,486","316,486","0,03%"
"12.02.2025","316,395","316,395","316,395","316,395","0,67%"
"11.02.2025","314,276","314,276","314,276","314,276","-0,43%"
"10.02.2025","315,628","315,628","315,628","315,628","0,26%"
"07.02.2025","314,794","314,794","314,794","314,794","0,27%"
"06.02.2025","313,931","313,931","313,931","313,931","1,47%"
"05.02.2025","309,384","309,384","309,384","309,384","0,00%"
"04.02.2025","309,374","309,374","309,374","309,374","0,26%"
"03.02.2025","308,574","308,574","308,574","308,574","-1,22%"
"31.01.2025","312,374","312,374","312,374","312,374","0,73%"
"30.01.2025","310,101","310,101","310,101","310,101","0,48%"
"29.01.2025","308,629","308,629","308,629","308,629","0,25%"
"28.01.2025","307,857","307,857","307,857","307,857","0,31%"
"27.01.2025","306,898","306,898","306,898","306,898","-0,34%"
"24.01.2025","307,937","307,937","307,937","307,937","-0,02%"
"23.01.2025","308,011","308,011","308,011","308,011","-0,25%"
"22.01.2025","308,775","308,775","308,775","308,775","-0,10%"
"21.01.2025","309,082","309,082","309,082","309,082","0,49%"
"20.01.2025","307,578","307,578","307,578","307,578","0,02%"
"17.01.2025","307,514","307,514","307,514","307,514","-0,00%"
"16.01.2025","307,523","307,523","307,523","307,523","1,16%"
"15.01.2025","303,985","303,985","303,985","303,985","0,12%"
"14.01.2025","303,616","303,616","303,616","303,616","0,05%"
"13.01.2025","303,457","303,457","303,457","303,457","-0,66%"
"10.01.2025","305,468","305,468","305,468","305,468","-0,66%"
"09.01.2025","307,505","307,505","307,505","307,505","-0,46%"
"08.01.2025","308,931","308,931","308,931","308,931","0,90%"
"07.01.2025","306,176","306,176","306,176","306,176","0,22%"
"06.01.2025","305,495","305,495","305,495","305,495","-0,31%"
"03.01.2025","306,456","306,456","306,456","306,456","0,21%"
"02.01.2025","305,819","305,819","305,819","305,819","0,99%"
"31.12.2024","302,818","302,818","302,818","302,818","-0,72%"
"30.12.2024","305,012","305,012","305,012","305,012","0,25%"
"27.12.2024","304,238","304,238","304,238","304,238","0,16%"
"26.12.2024","303,747","303,747","303,747","303,747","-0,36%"
"24.12.2024","304,850","304,850","304,850","304,850","0,41%"
"23.12.2024","303,615","303,615","303,615","303,615","1,27%"
"20.12.2024","299,802","299,802","299,802","299,802","-1,28%"
"19.12.2024","303,689","303,689","303,689","303,689","-1,11%"
"18.12.2024","307,107","307,107","307,107","307,107","-0,33%"
"17.12.2024","308,119","308,119","308,119","308,119","0,16%"
"16.12.2024","307,621","307,621","307,621","307,621","-0,54%"
"13.12.2024","309,298","309,298","309,298","309,298","-0,94%"
"12.12.2024","312,240","312,240","312,240","312,240","0,15%"
"11.12.2024","311,759","311,759","311,759","311,759","-0,41%"
"10.12.2024","313,054","313,054","313,054","313,054","-0,46%"
"09.12.2024","314,501","314,501","314,501","314,501","1,03%"
"06.12.2024","311,305","311,305","311,305","311,305","-0,80%"
"05.12.2024","313,828","313,828","313,828","313,828","-0,34%"
"04.12.2024","314,911","314,911","314,911","314,911","-0,86%"
"03.12.2024","317,644","317,644","317,644","317,644","0,62%"
"02.12.2024","315,701","315,701","315,701","315,701","0,31%"
"29.11.2024","314,715","314,715","314,715","314,715","0,04%"
"28.11.2024","314,585","314,585","314,585","314,585","0,52%"
"27.11.2024","312,946","312,946","312,946","312,946","0,22%"
"26.11.2024","312,260","312,260","312,260","312,260","-0,96%"
"25.11.2024","315,288","315,288","315,288","315,288","0,43%"
"21.11.2024","313,952","313,952","313,952","313,952","0,30%"
"20.11.2024","313,026","313,026","313,026","313,026","-0,01%"
"19.11.2024","313,069","313,069","313,069","313,069","1,14%"
"18.11.2024","309,545","309,545","309,545","309,545","0,10%"
"15.11.2024","309,229","309,229","309,229","309,229","0,61%"
"14.11.2024","307,355","307,355","307,355","307,355","0,10%"
"13.11.2024","307,034","307,034","307,034","307,034","-0,79%"
"12.11.2024","309,488","309,488","309,488","309,488","-0,20%"
"11.11.2024","310,116","310,116","310,116","310,116","0,24%"
"08.11.2024","309,379","309,379","309,379","309,379","0,37%"
"07.11.2024","308,233","308,233","308,233","308,233","1,53%"
"06.11.2024","303,598","303,598","303,598","303,598","0,97%"
"05.11.2024","300,689","300,689","300,689","300,689","0,40%"
"04.11.2024","299,480","299,480","299,480","299,480","0,30%"
"01.11.2024","298,575","298,575","298,575","298,575","0,24%"
"31.10.2024","297,863","297,863","297,863","297,863","-0,52%"
"30.10.2024","299,433","299,433","299,433","299,433","-1,29%"
"29.10.2024","303,347","303,347","303,347","303,347","0,07%"
"28.10.2024","303,142","303,142","303,142","303,142","-0,35%"
"25.10.2024","304,200","304,200","304,200","304,200","-0,11%"
"24.10.2024","304,542","304,542","304,542","304,542","-0,15%"
"23.10.2024","304,988","304,988","304,988","304,988","-0,02%"
"22.10.2024","305,049","305,049","305,049","305,049","-1,11%"
"21.10.2024","308,459","308,459","308,459","308,459","-0,01%"
"18.10.2024","308,503","308,503","308,503","308,503","-0,24%"
"17.10.2024","309,236","309,236","309,236","309,236","1,26%"
"16.10.2024","305,374","305,374","305,374","305,374","-0,61%"
"15.10.2024","307,240","307,240","307,240","307,240","-0,05%"
"14.10.2024","307,399","307,399","307,399","307,399","0,33%"
"11.10.2024","306,381","306,381","306,381","306,381","0,01%"
"10.10.2024","306,357","306,357","306,357","306,357","0,90%"
"09.10.2024","303,635","303,635","303,635","303,635","0,04%"
"08.10.2024","303,521","303,521","303,521","303,521","-2,11%"
"07.10.2024","310,078","310,078","310,078","310,078","0,10%"
"04.10.2024","309,772","309,772","309,772","309,772","-0,14%"
"03.10.2024","310,221","310,221","310,221","310,221","-0,41%"
"02.10.2024","311,508","311,508","311,508","311,508","1,16%"
"01.10.2024","307,944","307,944","307,944","307,944","-0,43%"
"30.09.2024","309,286","309,286","309,286","309,286","1,07%"
"27.09.2024","306,009","306,009","306,009","306,009","1,17%"
"26.09.2024","302,467","302,467","302,467","302,467","1,10%"
"24.09.2024","299,166","299,166","299,166","299,166","0,11%"
"23.09.2024","298,831","298,831","298,831","298,831","0,26%"
"20.09.2024","298,067","298,067","298,067","298,067","0,14%"
"19.09.2024","297,661","297,661","297,661","297,661","1,23%"
"18.09.2024","294,043","294,043","294,043","294,043","0,20%"
"17.09.2024","293,454","293,454","293,454","293,454","0,76%"
"16.09.2024","291,240","291,240","291,240","291,240","0,26%"
"13.09.2024","290,489","290,489","290,489","290,489","0,15%"
"12.09.2024","290,051","290,051","290,051","290,051","1,58%"
"11.09.2024","285,536","285,536","285,536","285,536","-0,34%"
"10.09.2024","286,523","286,523","286,523","286,523","0,32%"
"09.09.2024","285,603","285,603","285,603","285,603","-0,07%"
"06.09.2024","285,816","285,816","285,816","285,816","-0,16%"
"05.09.2024","286,280","286,280","286,280","286,280","0,59%"
"04.09.2024","284,604","284,604","284,604","284,604","-1,62%"
"03.09.2024","289,283","289,283","289,283","289,283","-0,55%"
"02.09.2024","290,877","290,877","290,877","290,877","0,18%"
"30.08.2024","290,347","290,347","290,347","290,347","0,46%"
"29.08.2024","289,029","289,029","289,029","289,029","0,45%"
"28.08.2024","287,729","287,729","287,729","287,729","0,39%"
"27.08.2024","286,602","286,602","286,602","286,602","0,12%"
"26.08.2024","286,250","286,250","286,250","286,250","1,05%"
"23.08.2024","283,272","283,272","283,272","283,272","0,19%"
"22.08.2024","282,743","282,743","282,743","282,743","0,25%"
"21.08.2024","282,039","282,039","282,039","282,039","-0,12%"
"20.08.2024","282,385","282,385","282,385","282,385","0,06%"
"19.08.2024","282,214","282,214","282,214","282,214","0,58%"
"16.08.2024","280,590","280,590","280,590","280,590","1,23%"
"15.08.2024","277,169","277,169","277,169","277,169","0,84%"
"14.08.2024","274,868","274,868","274,868","274,868","-0,27%"
"13.08.2024","275,609","275,609","275,609","275,609","0,31%"
"12.08.2024","274,771","274,771","274,771","274,771","0,36%"
"09.08.2024","273,773","273,773","273,773","273,773","0,98%"
"08.08.2024","271,123","271,123","271,123","271,123","0,39%"
"07.08.2024","270,061","270,061","270,061","270,061","1,13%"
"06.08.2024","267,049","267,049","267,049","267,049","0,74%"
"05.08.2024","265,097","265,097","265,097","265,097","-3,88%"
"02.08.2024","275,799","275,799","275,799","275,799","-3,17%"
"01.08.2024","284,816","284,816","284,816","284,816","0,48%"
"31.07.2024","283,459","283,459","283,459","283,459","1,11%"
"30.07.2024","280,352","280,352","280,352","280,352","-0,43%"
"29.07.2024","281,568","281,568","281,568","281,568","1,00%"
"26.07.2024","278,784","278,784","278,784","278,784","0,70%"
"25.07.2024","276,834","276,834","276,834","276,834","-1,79%"
"24.07.2024","281,881","281,881","281,881","281,881","-0,48%"
"23.07.2024","283,231","283,231","283,231","283,231","0,40%"
"22.07.2024","282,093","282,093","282,093","282,093","-0,90%"
"19.07.2024","284,662","284,662","284,662","284,662","-1,08%"
"18.07.2024","287,763","287,763","287,763","287,763","-0,02%"
"17.07.2024","287,820","287,820","287,820","287,820","0,28%"
"16.07.2024","287,022","287,022","287,022","287,022","-0,74%"
"15.07.2024","289,148","289,148","289,148","289,148","0,09%"
"12.07.2024","288,883","288,883","288,883","288,883","0,95%"
"11.07.2024","286,166","286,166","286,166","286,166","1,03%"
"10.07.2024","283,238","283,238","283,238","283,238","0,17%"
"09.07.2024","282,747","282,747","282,747","282,747","0,83%"
"08.07.2024","280,413","280,413","280,413","280,413","-0,87%"
"05.07.2024","282,873","282,873","282,873","282,873","-0,45%"
"04.07.2024","284,156","284,156","284,156","284,156","0,95%"
"03.07.2024","281,485","281,485","281,485","281,485","0,67%"
"02.07.2024","279,622","279,622","279,622","279,622","-0,21%"
"01.07.2024","280,201","280,201","280,201","280,201","-0,57%"
"28.06.2024","281,817","281,817","281,817","281,817","0,12%"
"27.06.2024","281,490","281,490","281,490","281,490","-0,58%"
"26.06.2024","283,129","283,129","283,129","283,129","-0,15%"
"25.06.2024","283,563","283,563","283,563","283,563","1,02%"
"24.06.2024","280,712","280,712","280,712","280,712","-0,65%"
"20.06.2024","282,558","282,558","282,558","282,558","-0,05%"
"19.06.2024","282,708","282,708","282,708","282,708","0,48%"
"18.06.2024","281,371","281,371","281,371","281,371","0,35%"
"14.06.2024","280,386","280,386","280,386","280,386","-0,10%"
"13.06.2024","280,677","280,677","280,677","280,677","0,66%"
"12.06.2024","278,830","278,830","278,830","278,830","-0,57%"
"11.06.2024","280,438","280,438","280,438","280,438","-1,09%"
"10.06.2024","283,542","283,542","283,542","283,542","0,71%"
"07.06.2024","281,555","281,555","281,555","281,555","0,16%"
"06.06.2024","281,094","281,094","281,094","281,094","0,66%"
"05.06.2024","279,243","279,243","279,243","279,243","0,29%"
"04.06.2024","278,437","278,437","278,437","278,437","-0,60%"
"03.06.2024","280,118","280,118","280,118","280,118","0,96%"
"31.05.2024","277,464","277,464","277,464","277,464","0,59%"
"30.05.2024","275,847","275,847","275,847","275,847","-0,66%"
"29.05.2024","277,671","277,671","277,671","277,671","-1,13%"
"28.05.2024","280,850","280,850","280,850","280,850","-0,27%"
"27.05.2024","281,605","281,605","281,605","281,605","0,91%"
"24.05.2024","279,052","279,052","279,052","279,052","-1,19%"
"23.05.2024","282,399","282,399","282,399","282,399","-0,62%"
"22.05.2024","284,153","284,153","284,153","284,153","-0,08%"
"21.05.2024","284,372","284,372","284,372","284,372","-0,69%"
"20.05.2024","286,356","286,356","286,356","286,356","0,43%"
"17.05.2024","285,133","285,133","285,133","285,133","-0,12%"
"16.05.2024","285,483","285,483","285,483","285,483","1,54%"
"15.05.2024","281,156","281,156","281,156","281,156","0,39%"
"14.05.2024","280,054","280,054","280,054","280,054","-0,41%"
"13.05.2024","281,206","281,206","281,206","281,206","0,16%"
"10.05.2024","280,744","280,744","280,744","280,744","0,87%"
"09.05.2024","278,324","278,324","278,324","278,324","-0,25%"
"08.05.2024","279,024","279,024","279,024","279,024","-0,44%"
"07.05.2024","280,269","280,269","280,269","280,269","0,87%"
"06.05.2024","277,851","277,851","277,851","277,851","0,74%"
"03.05.2024","275,816","275,816","275,816","275,816","0,89%"
"02.05.2024","273,377","273,377","273,377","273,377","1,09%"
"01.05.2024","270,436","270,436","270,436","270,436","-0,73%"
"30.04.2024","272,434","272,434","272,434","272,434","-0,16%"
"29.04.2024","272,861","272,861","272,861","272,861","0,79%"
"26.04.2024","270,713","270,713","270,713","270,713","-0,22%"
"25.04.2024","271,304","271,304","271,304","271,304","0,09%"
"24.04.2024","271,052","271,052","271,052","271,052","0,75%"
"23.04.2024","269,025","269,025","269,025","269,025","0,86%"
"22.04.2024","266,718","266,718","266,718","266,718","1,64%"
"19.04.2024","262,403","262,403","262,403","262,403","-1,12%"
"18.04.2024","265,362","265,362","265,362","265,362","0,59%"
"17.04.2024","263,802","263,802","263,802","263,802","0,03%"
"16.04.2024","263,718","263,718","263,718","263,718","-2,40%"
"15.04.2024","270,198","270,198","270,198","270,198","-0,74%"
"12.04.2024","272,222","272,222","272,222","272,222","-0,67%"
"11.04.2024","274,055","274,055","274,055","274,055","-0,16%"
"10.04.2024","274,484","274,484","274,484","274,484","0,24%"
"09.04.2024","273,835","273,835","273,835","273,835","0,78%"
"08.04.2024","271,718","271,718","271,718","271,718","0,00%"
"05.04.2024","271,714","271,714","271,714","271,714","-0,38%"
"04.04.2024","272,741","272,741","272,741","272,741","0,65%"
"03.04.2024","270,968","270,968","270,968","270,968","-1,40%"
"02.04.2024","274,820","274,820","274,820","274,820","0,43%"
"01.04.2024","273,643","273,643","273,643","273,643","0,21%"
"28.03.2024","273,063","273,063","273,063","273,063","0,51%"
"27.03.2024","271,664","271,664","271,664","271,664","0,14%"
"26.03.2024","271,277","271,277","271,277","271,277","0,00%"
"25.03.2024","271,266","271,266","271,266","271,266","0,15%"
"22.03.2024","270,849","270,849","270,849","270,849","-0,63%"
"21.03.2024","272,555","272,555","272,555","272,555","1,64%"
"20.03.2024","268,160","268,160","268,160","268,160","-0,06%"
"19.03.2024","268,322","268,322","268,322","268,322","-0,24%"
"18.03.2024","268,975","268,975","268,975","268,975","-0,32%"
"15.03.2024","269,832","269,832","269,832","269,832","-0,84%"
"14.03.2024","272,111","272,111","272,111","272,111","-0,36%"
"13.03.2024","273,101","273,101","273,101","273,101","0,53%"
"12.03.2024","271,659","271,659","271,659","271,659","0,31%"
"11.03.2024","270,809","270,809","270,809","270,809","-1,11%"
"08.03.2024","273,841","273,841","273,841","273,841","0,96%"
"07.03.2024","271,235","271,235","271,235","271,235","0,89%"
"06.03.2024","268,850","268,850","268,850","268,850","0,61%"
"05.03.2024","267,208","267,208","267,208","267,208","-0,67%"
"04.03.2024","268,999","268,999","268,999","268,999","-0,38%"
"01.03.2024","270,027","270,027","270,027","270,027","0,37%"
"29.02.2024","269,019","269,019","269,019","269,019","0,02%"
"27.02.2024","268,969","268,969","268,969","268,969","0,32%"
"26.02.2024","268,101","268,101","268,101","268,101","-0,57%"
"23.02.2024","269,635","269,635","269,635","269,635","0,30%"
"22.02.2024","268,817","268,817","268,817","268,817","0,00%"
"21.02.2024","268,808","268,808","268,808","268,808","-0,14%"
"20.02.2024","269,192","269,192","269,192","269,192","-0,07%"
"19.02.2024","269,384","269,384","269,384","269,384","0,04%"
"16.02.2024","269,284","269,284","269,284","269,284","1,07%"
"15.02.2024","266,423","266,423","266,423","266,423","0,78%"
"14.02.2024","264,358","264,358","264,358","264,358","-0,12%"
"13.02.2024","264,669","264,669","264,669","264,669","-0,52%"
"12.02.2024","266,045","266,045","266,045","266,045","-0,04%"
"09.02.2024","266,164","266,164","266,164","266,164","0,16%"
"08.02.2024","265,752","265,752","265,752","265,752","-0,53%"
"07.02.2024","267,179","267,179","267,179","267,179","0,62%"
"06.02.2024","265,537","265,537","265,537","265,537","0,30%"
"05.02.2024","264,734","264,734","264,734","264,734","-0,62%"
"02.02.2024","266,374","266,374","266,374","266,374","0,96%"
"01.02.2024","263,849","263,849","263,849","263,849","-1,06%"
"31.01.2024","266,667","266,667","266,667","266,667","0,56%"
"30.01.2024","265,172","265,172","265,172","265,172","-0,84%"
"29.01.2024","267,412","267,412","267,412","267,412","0,93%"
"26.01.2024","264,947","264,947","264,947","264,947","-0,16%"
"25.01.2024","265,374","265,374","265,374","265,374","1,05%"
"24.01.2024","262,622","262,622","262,622","262,622","0,35%"
"23.01.2024","261,700","261,700","261,700","261,700","1,04%"
"22.01.2024","259,011","259,011","259,011","259,011","0,15%"
"19.01.2024","258,632","258,632","258,632","258,632","0,88%"
"18.01.2024","256,372","256,372","256,372","256,372","-0,08%"
"17.01.2024","256,574","256,574","256,574","256,574","-1,47%"
"16.01.2024","260,396","260,396","260,396","260,396","-1,32%"
"15.01.2024","263,889","263,889","263,889","263,889","-0,19%"
"12.01.2024","264,397","264,397","264,397","264,397","0,14%"
"11.01.2024","264,023","264,023","264,023","264,023","-0,72%"
"09.01.2024","265,936","265,936","265,936","265,936","0,79%"
"08.01.2024","263,858","263,858","263,858","263,858","-0,83%"
"05.01.2024","266,056","266,056","266,056","266,056","0,02%"
"04.01.2024","266,009","266,009","266,009","266,009","-0,90%"
"03.01.2024","268,436","268,436","268,436","268,436","-1,43%"
"02.01.2024","272,328","272,328","272,328","272,328","0,23%"
"29.12.2023","271,690","271,690","271,690","271,690","0,07%"
"28.12.2023","271,492","271,492","271,492","271,492","1,18%"
"27.12.2023","268,316","268,316","268,316","268,316","0,49%"
"26.12.2023","267,014","267,014","267,014","267,014","-0,08%"
"22.12.2023","267,225","267,225","267,225","267,225","0,15%"
"21.12.2023","266,822","266,822","266,822","266,822","-0,17%"
"20.12.2023","267,283","267,283","267,283","267,283","0,61%"
"19.12.2023","265,663","265,663","265,663","265,663","0,61%"
"18.12.2023","264,064","264,064","264,064","264,064","-0,54%"
"15.12.2023","265,494","265,494","265,494","265,494","2,02%"
"14.12.2023","260,235","260,235","260,235","260,235","1,13%"
"13.12.2023","257,323","257,323","257,323","257,323","0,35%"
"12.12.2023","256,415","256,415","256,415","256,415","0,10%"
"11.12.2023","256,159","256,159","256,159","256,159","-0,17%"
"08.12.2023","256,597","256,597","256,597","256,597","0,59%"
"07.12.2023","255,087","255,087","255,087","255,087","0,00%"
"06.12.2023","255,082","255,082","255,082","255,082","1,69%"
"05.12.2023","250,833","250,833","250,833","250,833","-1,49%"
"04.12.2023","254,622","254,622","254,622","254,622","0,21%"
"01.12.2023","254,085","254,085","254,085","254,085","0,69%"
"30.11.2023","252,355","252,355","252,355","252,355","0,84%"
"29.11.2023","250,260","250,260","250,260","250,260","-0,35%"
"28.11.2023","251,131","251,131","251,131","251,131","0,15%"
"27.11.2023","250,748","250,748","250,748","250,748","-0,52%"
"24.11.2023","252,052","252,052","252,052","252,052","-0,27%"
"23.11.2023","252,738","252,738","252,738","252,738","-0,47%"
"22.11.2023","253,930","253,930","253,930","253,930","0,37%"
"21.11.2023","253,001","253,001","253,001","253,001","0,25%"
"20.11.2023","252,374","252,374","252,374","252,374","0,41%"
"17.11.2023","251,336","251,336","251,336","251,336","-0,04%"
"16.11.2023","251,430","251,430","251,430","251,430","-1,16%"
"15.11.2023","254,371","254,371","254,371","254,371","2,09%"
"14.11.2023","249,166","249,166","249,166","249,166","0,32%"
"13.11.2023","248,377","248,377","248,377","248,377","0,19%"
"10.11.2023","247,896","247,896","247,896","247,896","-1,11%"
"09.11.2023","250,681","250,681","250,681","250,681","0,32%"
"08.11.2023","249,888","249,888","249,888","249,888","-0,47%"
"07.11.2023","251,055","251,055","251,055","251,055","-1,08%"
"06.11.2023","253,801","253,801","253,801","253,801","0,60%"
"03.11.2023","252,294","252,294","252,294","252,294","1,48%"
"02.11.2023","248,624","248,624","248,624","248,624","0,79%"
"01.11.2023","246,673","246,673","246,673","246,673","1,23%"
"31.10.2023","243,675","243,675","243,675","243,675","-0,17%"
"30.10.2023","244,098","244,098","244,098","244,098","-0,59%"
"27.10.2023","245,534","245,534","245,534","245,534","0,41%"
"26.10.2023","244,537","244,537","244,537","244,537","-0,23%"
"25.10.2023","245,100","245,100","245,100","245,100","-0,26%"
"24.10.2023","245,748","245,748","245,748","245,748","0,89%"
"23.10.2023","243,576","243,576","243,576","243,576","-0,96%"
"20.10.2023","245,938","245,938","245,938","245,938","-0,94%"
"19.10.2023","248,280","248,280","248,280","248,280","-2,15%"
"18.10.2023","253,724","253,724","253,724","253,724","0,04%"
"17.10.2023","253,610","253,610","253,610","253,610","0,55%"
"16.10.2023","252,215","252,215","252,215","252,215","-0,38%"
"13.10.2023","253,168","253,168","253,168","253,168","-0,91%"
"12.10.2023","255,488","255,488","255,488","255,488","0,21%"
"11.10.2023","254,964","254,964","254,964","254,964","0,42%"
"10.10.2023","253,891","253,891","253,891","253,891","0,91%"
"09.10.2023","251,608","251,608","251,608","251,608","0,91%"
"05.10.2023","249,348","249,348","249,348","249,348","0,57%"
"04.10.2023","247,942","247,942","247,942","247,942","-0,78%"
"03.10.2023","249,885","249,885","249,885","249,885","-1,64%"
"02.10.2023","254,047","254,047","254,047","254,047","-0,17%"
"29.09.2023","254,485","254,485","254,485","254,485","0,95%"
"28.09.2023","252,102","252,102","252,102","252,102","-0,38%"
"27.09.2023","253,060","253,060","253,060","253,060","0,46%"
"26.09.2023","251,896","251,896","251,896","251,896","-0,68%"
"25.09.2023","253,613","253,613","253,613","253,613","-0,05%"
"22.09.2023","253,741","253,741","253,741","253,741","0,86%"
"21.09.2023","251,576","251,576","251,576","251,576","-1,70%"
"20.09.2023","255,939","255,939","255,939","255,939","-0,31%"
"19.09.2023","256,729","256,729","256,729","256,729","-0,04%"
"18.09.2023","256,845","256,845","256,845","256,845","-0,93%"
"15.09.2023","259,255","259,255","259,255","259,255","1,02%"
"14.09.2023","256,630","256,630","256,630","256,630","1,17%"
"13.09.2023","253,666","253,666","253,666","253,666","-0,50%"
"12.09.2023","254,945","254,945","254,945","254,945","0,32%"
"11.09.2023","254,124","254,124","254,124","254,124","0,26%"
"08.09.2023","253,459","253,459","253,459","253,459","-0,18%"
"07.09.2023","253,906","253,906","253,906","253,906","-0,74%"
"06.09.2023","255,811","255,811","255,811","255,811","-0,50%"
"05.09.2023","257,109","257,109","257,109","257,109","-0,64%"
"04.09.2023","258,769","258,769","258,769","258,769","1,00%"
"01.09.2023","256,201","256,201","256,201","256,201","-0,02%"
"31.08.2023","256,240","256,240","256,240","256,240","0,67%"
"30.08.2023","254,525","254,525","254,525","254,525","0,63%"
"29.08.2023","252,930","252,930","252,930","252,930","1,15%"
"28.08.2023","250,061","250,061","250,061","250,061","0,83%"
"25.08.2023","248,002","248,002","248,002","248,002","-0,73%"
"24.08.2023","249,825","249,825","249,825","249,825","0,28%"
"23.08.2023","249,126","249,126","249,126","249,126","1,01%"
"22.08.2023","246,628","246,628","246,628","246,628","0,71%"
"21.08.2023","244,891","244,891","244,891","244,891","-1,16%"
"18.08.2023","247,762","247,762","247,762","247,762","-0,27%"
"17.08.2023","248,429","248,429","248,429","248,429","-0,74%"
"16.08.2023","250,275","250,275","250,275","250,275","-1,28%"
"15.08.2023","253,524","253,524","253,524","253,524","-0,67%"
"14.08.2023","255,221","255,221","255,221","255,221","-0,73%"
"11.08.2023","257,101","257,101","257,101","257,101","-0,43%"
"10.08.2023","258,203","258,203","258,203","258,203","0,31%"
"09.08.2023","257,409","257,409","257,409","257,409","-0,04%"
"08.08.2023","257,515","257,515","257,515","257,515","-0,40%"
"07.08.2023","258,536","258,536","258,536","258,536","-0,11%"
"04.08.2023","258,816","258,816","258,816","258,816","-0,48%"
"03.08.2023","260,067","260,067","260,067","260,067","-0,52%"
"02.08.2023","261,430","261,430","261,430","261,430","-1,90%"
"01.08.2023","266,504","266,504","266,504","266,504","-0,56%"
"31.07.2023","268,005","268,005","268,005","268,005","0,86%"
"28.07.2023","265,711","265,711","265,711","265,711","-1,03%"
"27.07.2023","268,476","268,476","268,476","268,476","1,22%"
"26.07.2023","265,250","265,250","265,250","265,250","0,38%"
"25.07.2023","264,257","264,257","264,257","264,257","1,50%"
"24.07.2023","260,359","260,359","260,359","260,359","-0,10%"
"21.07.2023","260,621","260,621","260,621","260,621","-0,12%"
"20.07.2023","260,924","260,924","260,924","260,924","0,62%"
"19.07.2023","259,317","259,317","259,317","259,317","0,05%"
"18.07.2023","259,183","259,183","259,183","259,183","-0,30%"
"17.07.2023","259,973","259,973","259,973","259,973","-0,37%"
"14.07.2023","260,929","260,929","260,929","260,929","-0,19%"
"13.07.2023","261,414","261,414","261,414","261,414","2,18%"
"12.07.2023","255,827","255,827","255,827","255,827","0,78%"
"11.07.2023","253,837","253,837","253,837","253,837","1,15%"
"10.07.2023","250,944","250,944","250,944","250,944","-0,78%"
"07.07.2023","252,911","252,911","252,911","252,911","-1,45%"
"06.07.2023","256,632","256,632","256,632","256,632","-2,06%"
"05.07.2023","262,028","262,028","262,028","262,028","-0,68%"
"04.07.2023","263,832","263,832","263,832","263,832","0,62%"
"03.07.2023","262,206","262,206","262,206","262,206","1,03%"
"30.06.2023","259,534","259,534","259,534","259,534","0,10%"
"29.06.2023","259,268","259,268","259,268","259,268","0,27%"
"28.06.2023","258,563","258,563","258,563","258,563","0,34%"
"27.06.2023","257,699","257,699","257,699","257,699","0,59%"
"26.06.2023","256,199","256,199","256,199","256,199","-0,68%"
"23.06.2023","257,959","257,959","257,959","257,959","-1,58%"
"22.06.2023","262,108","262,108","262,108","262,108","-1,12%"
"21.06.2023","265,089","265,089","265,089","265,089","-1,07%"
"20.06.2023","267,957","267,957","267,957","267,957","-0,32%"
"19.06.2023","268,821","268,821","268,821","268,821","0,09%"
"16.06.2023","268,591","268,591","268,591","268,591","0,88%"
"15.06.2023","266,253","266,253","266,253","266,253","0,09%"
"14.06.2023","266,012","266,012","266,012","266,012","0,13%"
"13.06.2023","265,667","265,667","265,667","265,667","0,19%"
"12.06.2023","265,159","265,159","265,159","265,159","0,28%"
"09.06.2023","264,408","264,408","264,408","264,408","0,71%"
"08.06.2023","262,550","262,550","262,550","262,550","0,05%"
"07.06.2023","262,424","262,424","262,424","262,424","-0,14%"
"06.06.2023","262,784","262,784","262,784","262,784","-0,22%"
"05.06.2023","263,359","263,359","263,359","263,359","1,23%"
"02.06.2023","260,170","260,170","260,170","260,170","1,57%"
"01.06.2023","256,153","256,153","256,153","256,153","0,53%"
"31.05.2023","254,806","254,806","254,806","254,806","-1,51%"
"30.05.2023","258,702","258,702","258,702","258,702","-0,60%"
"29.05.2023","260,270","260,270","260,270","260,270","0,77%"
"26.05.2023","258,283","258,283","258,283","258,283","0,38%"
"25.05.2023","257,316","257,316","257,316","257,316","-1,09%"
"24.05.2023","260,142","260,142","260,142","260,142","-1,39%"
"23.05.2023","263,798","263,798","263,798","263,798","-0,27%"
"22.05.2023","264,522","264,522","264,522","264,522","-0,20%"
"19.05.2023","265,060","265,060","265,060","265,060","0,76%"
"18.05.2023","263,062","263,062","263,062","263,062","0,44%"
"17.05.2023","261,922","261,922","261,922","261,922","-0,68%"
"16.05.2023","263,723","263,723","263,723","263,723","-0,94%"
"15.05.2023","266,227","266,227","266,227","266,227","1,10%"
"12.05.2023","263,328","263,328","263,328","263,328","-0,48%"
"11.05.2023","264,595","264,595","264,595","264,595","-0,21%"
"10.05.2023","265,151","265,151","265,151","265,151","-0,11%"
"09.05.2023","265,444","265,444","265,444","265,444","-0,30%"
"08.05.2023","266,236","266,236","266,236","266,236","1,24%"
"05.05.2023","262,975","262,975","262,975","262,975","0,74%"
"04.05.2023","261,047","261,047","261,047","261,047","0,50%"
"03.05.2023","259,737","259,737","259,737","259,737","-1,43%"
"02.05.2023","263,511","263,511","263,511","263,511","-0,41%"
"01.05.2023","264,590","264,590","264,590","264,590","1,08%"
"28.04.2023","261,772","261,772","261,772","261,772","-0,02%"
"27.04.2023","261,813","261,813","261,813","261,813","0,31%"
"26.04.2023","261,009","261,009","261,009","261,009","-0,64%"
"25.04.2023","262,685","262,685","262,685","262,685","-0,51%"
"24.04.2023","264,032","264,032","264,032","264,032","-0,66%"
"21.04.2023","265,774","265,774","265,774","265,774","-1,22%"
"20.04.2023","269,060","269,060","269,060","269,060","0,08%"
"19.04.2023","268,841","268,841","268,841","268,841","-0,21%"
"18.04.2023","269,397","269,397","269,397","269,397","-0,31%"
"17.04.2023","270,246","270,246","270,246","270,246","1,07%"
"14.04.2023","267,395","267,395","267,395","267,395","0,05%"
"13.04.2023","267,270","267,270","267,270","267,270","-0,05%"
"12.04.2023","267,402","267,402","267,402","267,402","0,08%"
"11.04.2023","267,186","267,186","267,186","267,186","0,50%"
"10.04.2023","265,850","265,850","265,850","265,850","0,34%"
"06.04.2023","264,938","264,938","264,938","264,938","-0,68%"
"05.04.2023","266,744","266,744","266,744","266,744","0,09%"
"04.04.2023","266,504","266,504","266,504","266,504","-0,85%"
"03.04.2023","268,798","268,798","268,798","268,798","1,24%"
"31.03.2023","265,516","265,516","265,516","265,516","0,91%"
"30.03.2023","263,109","263,109","263,109","263,109","0,20%"
"29.03.2023","262,574","262,574","262,574","262,574","0,39%"
"28.03.2023","261,566","261,566","261,566","261,566","0,90%"
"27.03.2023","259,221","259,221","259,221","259,221","-0,29%"
"24.03.2023","259,975","259,975","259,975","259,975","0,17%"
"23.03.2023","259,529","259,529","259,529","259,529","-0,61%"
"22.03.2023","261,119","261,119","261,119","261,119","1,38%"
"21.03.2023","257,567","257,567","257,567","257,567","-0,15%"
"20.03.2023","257,955","257,955","257,955","257,955","-2,02%"
"17.03.2023","263,260","263,260","263,260","263,260","0,90%"
"16.03.2023","260,915","260,915","260,915","260,915","-1,77%"
"15.03.2023","265,626","265,626","265,626","265,626","1,92%"
"14.03.2023","260,614","260,614","260,614","260,614","-1,27%"
"13.03.2023","263,975","263,975","263,975","263,975","0,16%"
"10.03.2023","263,562","263,562","263,562","263,562","-3,25%"
"09.03.2023","272,408","272,408","272,408","272,408","0,14%"
"08.03.2023","272,030","272,030","272,030","272,030","-0,46%"
"07.03.2023","273,279","273,279","273,279","273,279","0,17%"
"06.03.2023","272,818","272,818","272,818","272,818","-0,22%"
"03.03.2023","273,428","273,428","273,428","273,428","0,61%"
"02.03.2023","271,764","271,764","271,764","271,764","0,35%"
"01.03.2023","270,807","270,807","270,807","270,807","0,12%"
"28.02.2023","270,488","270,488","270,488","270,488","-0,69%"
"24.02.2023","272,360","272,360","272,360","272,360","-0,28%"
"23.02.2023","273,112","273,112","273,112","273,112","-0,74%"
"22.02.2023","275,146","275,146","275,146","275,146","-0,24%"
"21.02.2023","275,794","275,794","275,794","275,794","-0,51%"
"20.02.2023","277,207","277,207","277,207","277,207","0,55%"
"17.02.2023","275,693","275,693","275,693","275,693","-0,92%"
"16.02.2023","278,245","278,245","278,245","278,245","0,67%"
"15.02.2023","276,405","276,405","276,405","276,405","-1,83%"
"14.02.2023","281,566","281,566","281,566","281,566","0,29%"
"13.02.2023","280,742","280,742","280,742","280,742","-0,46%"
"10.02.2023","282,050","282,050","282,050","282,050","-0,41%"
"09.02.2023","283,198","283,198","283,198","283,198","-0,14%"
"08.02.2023","283,601","283,601","283,601","283,601","0,32%"
"07.02.2023","282,703","282,703","282,703","282,703","0,55%"
"06.02.2023","281,164","281,164","281,164","281,164","-0,43%"
"03.02.2023","282,384","282,384","282,384","282,384","-0,15%"
"02.02.2023","282,805","282,805","282,805","282,805","-0,02%"
"01.02.2023","282,854","282,854","282,854","282,854","0,13%"
"31.01.2023","282,496","282,496","282,496","282,496","-0,59%"
"30.01.2023","284,181","284,181","284,181","284,181","-0,63%"
"27.01.2023","285,975","285,975","285,975","285,975","0,52%"
"26.01.2023","284,493","284,493","284,493","284,493","0,97%"
"25.01.2023","281,756","281,756","281,756","281,756","0,09%"
"24.01.2023","281,489","281,489","281,489","281,489","0,24%"
"23.01.2023","280,826","280,826","280,826","280,826","0,46%"
"20.01.2023","279,544","279,544","279,544","279,544","0,73%"
"19.01.2023","277,525","277,525","277,525","277,525","-0,35%"
"18.01.2023","278,500","278,500","278,500","278,500","0,10%"
"17.01.2023","278,212","278,212","278,212","278,212","0,21%"
"16.01.2023","277,635","277,635","277,635","277,635","0,62%"
"13.01.2023","275,917","275,917","275,917","275,917","0,66%"
"12.01.2023","274,096","274,096","274,096","274,096","1,09%"
"11.01.2023","271,129","271,129","271,129","271,129","0,30%"
"10.01.2023","270,306","270,306","270,306","270,306","-0,82%"
"09.01.2023","272,540","272,540","272,540","272,540","0,32%"
"06.01.2023","271,676","271,676","271,676","271,676","0,40%"
"05.01.2023","270,607","270,607","270,607","270,607","-0,12%"
"04.01.2023","270,934","270,934","270,934","270,934","2,12%"
"03.01.2023","265,317","265,317","265,317","265,317","0,24%"
"30.12.2022","264,680","264,680","264,680","264,680","0,29%"
"29.12.2022","263,905","263,905","263,905","263,905","-1,15%"
"28.12.2022","266,983","266,983","266,983","266,983","0,61%"
"23.12.2022","265,372","265,372","265,372","265,372","-0,11%"
"22.12.2022","265,674","265,674","265,674","265,674","0,35%"
"21.12.2022","264,743","264,743","264,743","264,743","1,47%"
"20.12.2022","260,904","260,904","260,904","260,904","-1,72%"
"19.12.2022","265,460","265,460","265,460","265,460","0,14%"
"16.12.2022","265,077","265,077","265,077","265,077","-0,86%"
"15.12.2022","267,379","267,379","267,379","267,379","-2,10%"
"14.12.2022","273,112","273,112","273,112","273,112","-0,10%"
"13.12.2022","273,376","273,376","273,376","273,376","1,12%"
"12.12.2022","270,356","270,356","270,356","270,356","-0,79%"
"09.12.2022","272,508","272,508","272,508","272,508","1,28%"
"08.12.2022","269,067","269,067","269,067","269,067","0,25%"
"07.12.2022","268,398","268,398","268,398","268,398","-1,09%"
"06.12.2022","271,348","271,348","271,348","271,348","-0,40%"
"05.12.2022","272,439","272,439","272,439","272,439","0,31%"
"02.12.2022","271,605","271,605","271,605","271,605","-1,09%"
"01.12.2022","274,602","274,602","274,602","274,602","0,50%"
"30.11.2022","273,234","273,234","273,234","273,234","1,34%"
"29.11.2022","269,614","269,614","269,614","269,614","1,89%"
"28.11.2022","264,613","264,613","264,613","264,613","-1,21%"
"25.11.2022","267,844","267,844","267,844","267,844","-0,20%"
"24.11.2022","268,393","268,393","268,393","268,393","0,49%"
"23.11.2022","267,084","267,084","267,084","267,084","0,45%"
"22.11.2022","265,890","265,890","265,890","265,890","0,24%"
"21.11.2022","265,245","265,245","265,245","265,245","-0,38%"
"17.11.2022","266,248","266,248","266,248","266,248","-0,08%"
"16.11.2022","266,461","266,461","266,461","266,461","-0,89%"
"15.11.2022","268,859","268,859","268,859","268,859","1,32%"
"14.11.2022","265,366","265,366","265,366","265,366","0,60%"
"11.11.2022","263,784","263,784","263,784","263,784","3,34%"
"10.11.2022","255,253","255,253","255,253","255,253","-0,14%"
"09.11.2022","255,618","255,618","255,618","255,618","-0,49%"
"08.11.2022","256,871","256,871","256,871","256,871","0,41%"
"07.11.2022","255,833","255,833","255,833","255,833","0,67%"
"04.11.2022","254,122","254,122","254,122","254,122","1,40%"
"03.11.2022","250,603","250,603","250,603","250,603","-1,97%"
"02.11.2022","255,628","255,628","255,628","255,628","0,78%"
"01.11.2022","253,654","253,654","253,654","253,654","2,16%"
"31.10.2022","248,291","248,291","248,291","248,291","1,24%"
"28.10.2022","245,253","245,253","245,253","245,253","-1,22%"
"27.10.2022","248,278","248,278","248,278","248,278","0,85%"
"26.10.2022","246,196","246,196","246,196","246,196","0,73%"
"25.10.2022","244,423","244,423","244,423","244,423","0,31%"
"24.10.2022","243,665","243,665","243,665","243,665","-1,27%"
"21.10.2022","246,801","246,801","246,801","246,801","-1,19%"
"20.10.2022","249,762","249,762","249,762","249,762","-0,47%"
"19.10.2022","250,934","250,934","250,934","250,934","0,17%"
"18.10.2022","250,514","250,514","250,514","250,514","1,12%"
"17.10.2022","247,737","247,737","247,737","247,737","-1,15%"
"14.10.2022","250,606","250,606","250,606","250,606","1,08%"
"13.10.2022","247,919","247,919","247,919","247,919","-1,28%"
"12.10.2022","251,122","251,122","251,122","251,122","-0,28%"
"11.10.2022","251,821","251,821","251,821","251,821","-0,63%"
"10.10.2022","253,423","253,423","253,423","253,423","-1,95%"
"07.10.2022","258,474","258,474","258,474","258,474","-0,43%"
"06.10.2022","259,590","259,590","259,590","259,590","3,90%"
"03.10.2022","249,848","249,848","249,848","249,848","0,22%"
"30.09.2022","249,303","249,303","249,303","249,303","-1,24%"
"29.09.2022","252,430","252,430","252,430","252,430","-2,01%"
"27.09.2022","257,604","257,604","257,604","257,604","-0,02%"
"26.09.2022","257,660","257,660","257,660","257,660","-1,11%"
"23.09.2022","260,547","260,547","260,547","260,547","-1,26%"
"22.09.2022","263,881","263,881","263,881","263,881","-0,17%"
"21.09.2022","264,325","264,325","264,325","264,325","-0,49%"
"20.09.2022","265,637","265,637","265,637","265,637","1,09%"
"16.09.2022","262,784","262,784","262,784","262,784","-1,36%"
"15.09.2022","266,407","266,407","266,407","266,407","-0,04%"
"14.09.2022","266,511","266,511","266,511","266,511","-2,34%"
"13.09.2022","272,906","272,906","272,906","272,906","0,35%"
"12.09.2022","271,955","271,955","271,955","271,955","0,32%"
"09.09.2022","271,081","271,081","271,081","271,081","1,37%"
"08.09.2022","267,425","267,425","267,425","267,425","1,21%"
"07.09.2022","264,231","264,231","264,231","264,231","-1,83%"
"06.09.2022","269,165","269,165","269,165","269,165","-0,76%"
"05.09.2022","271,227","271,227","271,227","271,227","0,87%"
"02.09.2022","268,900","268,900","268,900","268,900","-0,43%"
"01.09.2022","270,055","270,055","270,055","270,055","-0,67%"
"31.08.2022","271,874","271,874","271,874","271,874","-1,09%"
"30.08.2022","274,858","274,858","274,858","274,858","0,00%"
"29.08.2022","274,849","274,849","274,849","274,849","-1,75%"
"26.08.2022","279,732","279,732","279,732","279,732","-0,05%"
"25.08.2022","279,860","279,860","279,860","279,860","1,69%"
"24.08.2022","275,212","275,212","275,212","275,212","-0,41%"
"23.08.2022","276,347","276,347","276,347","276,347","-0,70%"
"22.08.2022","278,284","278,284","278,284","278,284","0,13%"
"19.08.2022","277,932","277,932","277,932","277,932","-0,07%"
"18.08.2022","278,127","278,127","278,127","278,127","0,35%"
"17.08.2022","277,158","277,158","277,158","277,158","-0,48%"
"16.08.2022","278,494","278,494","278,494","278,494","0,09%"
"15.08.2022","278,245","278,245","278,245","278,245","0,00%"
"12.08.2022","278,236","278,236","278,236","278,236","0,55%"
"11.08.2022","276,710","276,710","276,710","276,710","1,49%"
"10.08.2022","272,638","272,638","272,638","272,638","-0,54%"
"09.08.2022","274,122","274,122","274,122","274,122","-0,42%"
"08.08.2022","275,268","275,268","275,268","275,268","0,21%"
"05.08.2022","274,681","274,681","274,681","274,681","0,60%"
"04.08.2022","273,036","273,036","273,036","273,036","0,04%"
"03.08.2022","272,916","272,916","272,916","272,916","0,18%"
"02.08.2022","272,424","272,424","272,424","272,424","-0,54%"
"01.08.2022","273,901","273,901","273,901","273,901","0,37%"
"29.07.2022","272,883","272,883","272,883","272,883","-0,16%"
"28.07.2022","273,314","273,314","273,314","273,314","0,75%"
"27.07.2022","271,286","271,286","271,286","271,286","0,06%"
"26.07.2022","271,114","271,114","271,114","271,114","1,34%"
"25.07.2022","267,536","267,536","267,536","267,536","0,13%"
"22.07.2022","267,183","267,183","267,183","267,183","0,28%"
"21.07.2022","266,445","266,445","266,445","266,445","-0,17%"
"20.07.2022","266,903","266,903","266,903","266,903","1,67%"
"19.07.2022","262,515","262,515","262,515","262,515","-0,38%"
"18.07.2022","263,505","263,505","263,505","263,505","0,62%"
"15.07.2022","261,869","261,869","261,869","261,869","-0,59%"
"14.07.2022","263,413","263,413","263,413","263,413","0,07%"
"13.07.2022","263,222","263,222","263,222","263,222","-0,30%"
"12.07.2022","264,023","264,023","264,023","264,023","0,77%"
"11.07.2022","262,016","262,016","262,016","262,016","-1,56%"
"08.07.2022","266,171","266,171","266,171","266,171","0,61%"
"07.07.2022","264,558","264,558","264,558","264,558","1,71%"
"06.07.2022","260,116","260,116","260,116","260,116","-0,21%"
"05.07.2022","260,675","260,675","260,675","260,675","1,37%"
"04.07.2022","257,156","257,156","257,156","257,156","1,07%"
"01.07.2022","254,436","254,436","254,436","254,436","-0,74%"
"30.06.2022","256,328","256,328","256,328","256,328","-1,29%"
"29.06.2022","259,670","259,670","259,670","259,670","-0,71%"
"28.06.2022","261,530","261,530","261,530","261,530","1,50%"
"27.06.2022","257,657","257,657","257,657","257,657","1,27%"
"24.06.2022","254,416","254,416","254,416","254,416","0,87%"
"23.06.2022","252,214","252,214","252,214","252,214","0,91%"
"22.06.2022","249,947","249,947","249,947","249,947","-1,37%"
"21.06.2022","253,430","253,430","253,430","253,430","1,35%"
"20.06.2022","250,046","250,046","250,046","250,046","-0,42%"
"17.06.2022","251,109","251,109","251,109","251,109","-1,26%"
"16.06.2022","254,302","254,302","254,302","254,302","-1,16%"
"15.06.2022","257,279","257,279","257,279","257,279","-0,20%"
"14.06.2022","257,801","257,801","257,801","257,801","-2,66%"
"13.06.2022","264,856","264,856","264,856","264,856","-0,95%"
"10.06.2022","267,384","267,384","267,384","267,384","-0,66%"
"09.06.2022","269,148","269,148","269,148","269,148","-1,17%"
"08.06.2022","272,343","272,343","272,343","272,343","-0,13%"
"07.06.2022","272,700","272,700","272,700","272,700","-0,95%"
"06.06.2022","275,321","275,321","275,321","275,321","0,15%"
"03.06.2022","274,919","274,919","274,919","274,919","0,29%"
"02.06.2022","274,134","274,134","274,134","274,134","-0,64%"
"01.06.2022","275,913","275,913","275,913","275,913","1,10%"
"31.05.2022","272,920","272,920","272,920","272,920","-0,29%"
"30.05.2022","273,707","273,707","273,707","273,707","0,86%"
"27.05.2022","271,362","271,362","271,362","271,362","2,07%"
"26.05.2022","265,871","265,871","265,871","265,871","-0,60%"
"25.05.2022","267,473","267,473","267,473","267,473","0,88%"
"24.05.2022","265,148","265,148","265,148","265,148","-1,32%"
"23.05.2022","268,700","268,700","268,700","268,700","-0,70%"
"20.05.2022","270,596","270,596","270,596","270,596","1,53%"
"19.05.2022","266,521","266,521","266,521","266,521","-1,68%"
"18.05.2022","271,085","271,085","271,085","271,085","1,03%"
"17.05.2022","268,320","268,320","268,320","268,320","0,33%"
"16.05.2022","267,441","267,441","267,441","267,441","0,21%"
"13.05.2022","266,877","266,877","266,877","266,877","2,46%"
"12.05.2022","260,466","260,466","260,466","260,466","-1,06%"
"11.05.2022","263,248","263,248","263,248","263,248","0,45%"
"10.05.2022","262,063","262,063","262,063","262,063","-1,42%"
"09.05.2022","265,842","265,842","265,842","265,842","-1,50%"
"06.05.2022","269,890","269,890","269,890","269,890","-2,96%"
"05.05.2022","278,128","278,128","278,128","278,128","0,38%"
"04.05.2022","277,075","277,075","277,075","277,075","0,27%"
"03.05.2022","276,323","276,323","276,323","276,323","0,19%"
"02.05.2022","275,810","275,810","275,810","275,810","-0,90%"
"29.04.2022","278,318","278,318","278,318","278,318","0,74%"
"28.04.2022","276,268","276,268","276,268","276,268","0,91%"
"27.04.2022","273,767","273,767","273,767","273,767","0,33%"
"26.04.2022","272,859","272,859","272,859","272,859","-0,93%"
"25.04.2022","275,422","275,422","275,422","275,422","-1,00%"
"22.04.2022","278,215","278,215","278,215","278,215","-1,84%"
"21.04.2022","283,438","283,438","283,438","283,438","-0,28%"
"20.04.2022","284,222","284,222","284,222","284,222","0,17%"
"19.04.2022","283,746","283,746","283,746","283,746","0,37%"
"18.04.2022","282,692","282,692","282,692","282,692","-0,88%"
"14.04.2022","285,207","285,207","285,207","285,207","1,09%"
"13.04.2022","282,122","282,122","282,122","282,122","-0,22%"
"12.04.2022","282,731","282,731","282,731","282,731","0,26%"
"11.04.2022","282,000","282,000","282,000","282,000","-0,84%"
"08.04.2022","284,402","284,402","284,402","284,402","0,58%"
"07.04.2022","282,761","282,761","282,761","282,761","-1,11%"
"06.04.2022","285,933","285,933","285,933","285,933","-1,26%"
"05.04.2022","289,579","289,579","289,579","289,579","1,30%"
"04.04.2022","285,861","285,861","285,861","285,861","1,23%"
"01.04.2022","282,383","282,383","282,383","282,383","0,72%"
"31.03.2022","280,378","280,378","280,378","280,378","-0,39%"
"30.03.2022","281,480","281,480","281,480","281,480","0,54%"
"29.03.2022","279,964","279,964","279,964","279,964","-0,28%"
"28.03.2022","280,743","280,743","280,743","280,743","-0,03%"
"25.03.2022","280,821","280,821","280,821","280,821","-0,06%"
"24.03.2022","280,984","280,984","280,984","280,984","0,11%"
"23.03.2022","280,685","280,685","280,685","280,685","1,14%"
"22.03.2022","277,527","277,527","277,527","277,527","1,35%"
"21.03.2022","273,843","273,843","273,843","273,843","-0,15%"
"18.03.2022","274,267","274,267","274,267","274,267","1,45%"
"17.03.2022","270,348","270,348","270,348","270,348","2,19%"
"16.03.2022","264,557","264,557","264,557","264,557","2,32%"
"15.03.2022","258,564","258,564","258,564","258,564","-1,53%"
"14.03.2022","262,591","262,591","262,591","262,591","-0,55%"
"11.03.2022","264,052","264,052","264,052","264,052","-0,25%"
"10.03.2022","264,713","264,713","264,713","264,713","2,01%"
"09.03.2022","259,491","259,491","259,491","259,491","-0,41%"
"08.03.2022","260,561","260,561","260,561","260,561","-1,35%"
"07.03.2022","264,118","264,118","264,118","264,118","-1,16%"
"04.03.2022","267,227","267,227","267,227","267,227","0,67%"
"03.03.2022","265,440","265,440","265,440","265,440","1,28%"
"02.03.2022","262,097","262,097","262,097","262,097","0,06%"
"01.03.2022","261,940","261,940","261,940","261,940","0,86%"
"28.02.2022","259,702","259,702","259,702","259,702","0,54%"
"25.02.2022","258,311","258,311","258,311","258,311","-0,09%"
"24.02.2022","258,543","258,543","258,543","258,543","-2,03%"
"23.02.2022","263,887","263,887","263,887","263,887","0,30%"
"22.02.2022","263,103","263,103","263,103","263,103","-1,08%"
"21.02.2022","265,981","265,981","265,981","265,981","0,62%"
"18.02.2022","264,334","264,334","264,334","264,334","-1,09%"
"17.02.2022","267,234","267,234","267,234","267,234","0,62%"
"16.02.2022","265,589","265,589","265,589","265,589","1,20%"
"15.02.2022","262,440","262,440","262,440","262,440","-0,52%"
"14.02.2022","263,800","263,800","263,800","263,800","0,22%"
"11.02.2022","263,229","263,229","263,229","263,229","-0,43%"
"10.02.2022","264,370","264,370","264,370","264,370","0,33%"
"09.02.2022","263,497","263,497","263,497","263,497","1,55%"
"08.02.2022","259,466","259,466","259,466","259,466","1,29%"
"07.02.2022","256,166","256,166","256,166","256,166","0,63%"
"04.02.2022","254,560","254,560","254,560","254,560","0,08%"
"03.02.2022","254,346","254,346","254,346","254,346","-0,46%"
"02.02.2022","255,517","255,517","255,517","255,517","0,41%"
"01.02.2022","254,461","254,461","254,461","254,461","0,50%"
"31.01.2022","253,199","253,199","253,199","253,199","-0,11%"
"28.01.2022","253,468","253,468","253,468","253,468","-0,07%"
"27.01.2022","253,652","253,652","253,652","253,652","-1,16%"
"26.01.2022","256,619","256,619","256,619","256,619","0,22%"
"25.01.2022","256,058","256,058","256,058","256,058","-1,29%"
"24.01.2022","259,394","259,394","259,394","259,394","-1,07%"
"21.01.2022","262,207","262,207","262,207","262,207","-1,88%"
"20.01.2022","267,228","267,228","267,228","267,228","1,33%"
"19.01.2022","263,710","263,710","263,710","263,710","-0,21%"
"18.01.2022","264,261","264,261","264,261","264,261","0,09%"
"17.01.2022","264,029","264,029","264,029","264,029","0,13%"
"14.01.2022","263,685","263,685","263,685","263,685","-0,91%"
"13.01.2022","266,107","266,107","266,107","266,107","0,32%"
"12.01.2022","265,264","265,264","265,264","265,264","0,46%"
"10.01.2022","264,039","264,039","264,039","264,039","0,13%"
"07.01.2022","263,695","263,695","263,695","263,695","0,86%"
"06.01.2022","261,455","261,455","261,455","261,455","-2,34%"
"05.01.2022","267,731","267,731","267,731","267,731","-0,35%"
"04.01.2022","268,666","268,666","268,666","268,666","1,57%"
"31.12.2021","264,523","264,523","264,523","264,523","-0,85%"
"30.12.2021","266,790","266,790","266,790","266,790","0,24%"
"29.12.2021","266,152","266,152","266,152","266,152","0,43%"
"28.12.2021","265,007","265,007","265,007","265,007","0,49%"
"24.12.2021","263,717","263,717","263,717","263,717","0,15%"
"23.12.2021","263,327","263,327","263,327","263,327","0,81%"
"22.12.2021","261,212","261,212","261,212","261,212","0,24%"
"21.12.2021","260,576","260,576","260,576","260,576","1,30%"
"20.12.2021","257,224","257,224","257,224","257,224","-1,09%"
"17.12.2021","260,059","260,059","260,059","260,059","-0,12%"
"16.12.2021","260,368","260,368","260,368","260,368","-0,19%"
"15.12.2021","260,856","260,856","260,856","260,856","-0,24%"
"14.12.2021","261,492","261,492","261,492","261,492","-0,42%"
"13.12.2021","262,596","262,596","262,596","262,596","-0,30%"
"10.12.2021","263,374","263,374","263,374","263,374","-0,64%"
"09.12.2021","265,072","265,072","265,072","265,072","0,13%"
"08.12.2021","264,733","264,733","264,733","264,733","0,66%"
"07.12.2021","262,990","262,990","262,990","262,990","2,31%"
"03.12.2021","257,060","257,060","257,060","257,060","-0,27%"
"02.12.2021","257,749","257,749","257,749","257,749","-0,40%"
"01.12.2021","258,779","258,779","258,779","258,779","0,05%"
"30.11.2021","258,657","258,657","258,657","258,657","-0,96%"
"29.11.2021","261,168","261,168","261,168","261,168","-0,44%"
"26.11.2021","262,334","262,334","262,334","262,334","-3,31%"
"25.11.2021","271,325","271,325","271,325","271,325","-0,15%"
"24.11.2021","271,726","271,726","271,726","271,726","0,60%"
"23.11.2021","270,094","270,094","270,094","270,094","0,06%"
"22.11.2021","269,921","269,921","269,921","269,921","0,20%"
"19.11.2021","269,372","269,372","269,372","269,372","0,37%"
"18.11.2021","268,386","268,386","268,386","268,386","-0,46%"
"17.11.2021","269,638","269,638","269,638","269,638","-0,84%"
"16.11.2021","271,920","271,920","271,920","271,920","-0,14%"
"15.11.2021","272,309","272,309","272,309","272,309","1,13%"
"12.11.2021","269,268","269,268","269,268","269,268","0,75%"
"11.11.2021","267,270","267,270","267,270","267,270","-0,35%"
"10.11.2021","268,203","268,203","268,203","268,203","0,14%"
"09.11.2021","267,820","267,820","267,820","267,820","-0,79%"
"08.11.2021","269,940","269,940","269,940","269,940","0,07%"
"05.11.2021","269,750","269,750","269,750","269,750","0,57%"
"04.11.2021","268,223","268,223","268,223","268,223","0,35%"
"03.11.2021","267,279","267,279","267,279","267,279","0,28%"
"02.11.2021","266,522","266,522","266,522","266,522","-1,14%"
"01.11.2021","269,584","269,584","269,584","269,584","0,38%"
"29.10.2021","268,562","268,562","268,562","268,562","-0,56%"
"28.10.2021","270,074","270,074","270,074","270,074","-0,37%"
"27.10.2021","271,068","271,068","271,068","271,068","-0,22%"
"26.10.2021","271,676","271,676","271,676","271,676","0,34%"
"25.10.2021","270,766","270,766","270,766","270,766","0,72%"
"22.10.2021","268,835","268,835","268,835","268,835","-0,11%"
"21.10.2021","269,141","269,141","269,141","269,141","-0,28%"
"20.10.2021","269,893","269,893","269,893","269,893","0,82%"
"19.10.2021","267,709","267,709","267,709","267,709","0,69%"
"18.10.2021","265,877","265,877","265,877","265,877","0,11%"
"15.10.2021","265,588","265,588","265,588","265,588","0,60%"
"14.10.2021","264,005","264,005","264,005","264,005","0,56%"
"13.10.2021","262,542","262,542","262,542","262,542","0,05%"
"12.10.2021","262,416","262,416","262,416","262,416","-0,19%"
"11.10.2021","262,903","262,903","262,903","262,903","0,17%"
"08.10.2021","262,451","262,451","262,451","262,451","0,47%"
"07.10.2021","261,235","261,235","261,235","261,235","1,07%"
"06.10.2021","258,458","258,458","258,458","258,458","-0,16%"
"05.10.2021","258,860","258,860","258,860","258,860","0,10%"
"04.10.2021","258,590","258,590","258,590","258,590","0,75%"
"01.10.2021","256,674","256,674","256,674","256,674","-1,24%"
"30.09.2021","259,903","259,903","259,903","259,903","2,06%"
"29.09.2021","254,647","254,647","254,647","254,647","-0,12%"
"28.09.2021","254,954","254,954","254,954","254,954","-1,39%"
"27.09.2021","258,554","258,554","258,554","258,554","0,73%"
"24.09.2021","256,691","256,691","256,691","256,691","-0,93%"
"23.09.2021","259,103","259,103","259,103","259,103","1,15%"
"22.09.2021","256,155","256,155","256,155","256,155","0,39%"
"21.09.2021","255,163","255,163","255,163","255,163","0,57%"
"20.09.2021","253,708","253,708","253,708","253,708","-2,37%"
"17.09.2021","259,861","259,861","259,861","259,861","-0,33%"
"16.09.2021","260,720","260,720","260,720","260,720","0,01%"
"15.09.2021","260,690","260,690","260,690","260,690","-1,03%"
"14.09.2021","263,393","263,393","263,393","263,393","-0,54%"
"13.09.2021","264,825","264,825","264,825","264,825","-0,03%"
"10.09.2021","264,908","264,908","264,908","264,908","0,54%"
"09.09.2021","263,490","263,490","263,490","263,490","-1,23%"
"08.09.2021","266,779","266,779","266,779","266,779","-0,36%"
"07.09.2021","267,751","267,751","267,751","267,751","-0,12%"
"06.09.2021","268,067","268,067","268,067","268,067","0,52%"
"03.09.2021","266,670","266,670","266,670","266,670","0,28%"
"02.09.2021","265,925","265,925","265,925","265,925","0,14%"
"01.09.2021","265,542","265,542","265,542","265,542","0,38%"
"31.08.2021","264,524","264,524","264,524","264,524","0,00%"
"30.08.2021","264,519","264,519","264,519","264,519","0,21%"
"27.08.2021","263,957","263,957","263,957","263,957","0,21%"
"26.08.2021","263,411","263,411","263,411","263,411","-0,64%"
"25.08.2021","265,117","265,117","265,117","265,117","0,25%"
"24.08.2021","264,449","264,449","264,449","264,449","0,77%"
"23.08.2021","262,420","262,420","262,420","262,420","0,62%"
"20.08.2021","260,793","260,793","260,793","260,793","-0,46%"
"19.08.2021","262,010","262,010","262,010","262,010","-1,22%"
"18.08.2021","265,243","265,243","265,243","265,243","-0,18%"
"17.08.2021","265,709","265,709","265,709","265,709","-0,69%"
"16.08.2021","267,546","267,546","267,546","267,546","-0,65%"
"13.08.2021","269,299","269,299","269,299","269,299","0,25%"
"12.08.2021","268,641","268,641","268,641","268,641","-0,33%"
"11.08.2021","269,522","269,522","269,522","269,522","0,26%"
"10.08.2021","268,827","268,827","268,827","268,827","0,43%"
"09.08.2021","267,683","267,683","267,683","267,683","0,06%"
"06.08.2021","267,532","267,532","267,532","267,532","0,36%"
"05.08.2021","266,578","266,578","266,578","266,578","0,28%"
"04.08.2021","265,841","265,841","265,841","265,841","0,51%"
"03.08.2021","264,496","264,496","264,496","264,496","-0,10%"
"02.08.2021","264,766","264,766","264,766","264,766","1,21%"
"30.07.2021","261,607","261,607","261,607","261,607","-0,47%"
"29.07.2021","262,852","262,852","262,852","262,852","0,79%"
"28.07.2021","260,796","260,796","260,796","260,796","-0,47%"
"27.07.2021","262,031","262,031","262,031","262,031","-0,67%"
"26.07.2021","263,806","263,806","263,806","263,806","-0,72%"
"23.07.2021","265,728","265,728","265,728","265,728","-0,33%"
"22.07.2021","266,614","266,614","266,614","266,614","1,60%"
"21.07.2021","262,415","262,415","262,415","262,415","0,74%"
"20.07.2021","260,482","260,482","260,482","260,482","-0,18%"
"19.07.2021","260,948","260,948","260,948","260,948","-1,65%"
"16.07.2021","265,339","265,339","265,339","265,339","0,06%"
"15.07.2021","265,170","265,170","265,170","265,170","-0,42%"
"14.07.2021","266,278","266,278","266,278","266,278","-0,02%"
"13.07.2021","266,331","266,331","266,331","266,331","0,55%"
"12.07.2021","264,867","264,867","264,867","264,867","0,87%"
"09.07.2021","262,590","262,590","262,590","262,590","-0,07%"
"08.07.2021","262,762","262,762","262,762","262,762","-1,46%"
"07.07.2021","266,663","266,663","266,663","266,663","0,69%"
"06.07.2021","264,831","264,831","264,831","264,831","-0,39%"
"05.07.2021","265,862","265,862","265,862","265,862","0,50%"
"02.07.2021","264,548","264,548","264,548","264,548","0,40%"
"01.07.2021","263,487","263,487","263,487","263,487","-0,79%"
"30.06.2021","265,573","265,573","265,573","265,573","0,51%"
"29.06.2021","264,234","264,234","264,234","264,234","-0,57%"
"28.06.2021","265,757","265,757","265,757","265,757","-0,13%"
"25.06.2021","266,091","266,091","266,091","266,091","0,42%"
"24.06.2021","264,972","264,972","264,972","264,972","-0,13%"
"23.06.2021","265,308","265,308","265,308","265,308","0,17%"
"22.06.2021","264,857","264,857","264,857","264,857","0,89%"
"21.06.2021","262,521","262,521","262,521","262,521","-1,63%"
"18.06.2021","266,862","266,862","266,862","266,862","-0,04%"
"17.06.2021","266,982","266,982","266,982","266,982","0,07%"
"16.06.2021","266,787","266,787","266,787","266,787","0,31%"
"15.06.2021","265,974","265,974","265,974","265,974","0,11%"
"14.06.2021","265,680","265,680","265,680","265,680","0,02%"
"11.06.2021","265,631","265,631","265,631","265,631","0,26%"
"10.06.2021","264,943","264,943","264,943","264,943","0,43%"
"09.06.2021","263,811","263,811","263,811","263,811","-0,42%"
"08.06.2021","264,931","264,931","264,931","264,931","-0,03%"
"07.06.2021","265,003","265,003","265,003","265,003","-0,17%"
"04.06.2021","265,458","265,458","265,458","265,458","0,62%"
"03.06.2021","263,826","263,826","263,826","263,826","-0,07%"
"02.06.2021","264,007","264,007","264,007","264,007","0,66%"
"01.06.2021","262,268","262,268","262,268","262,268","0,19%"
"31.05.2021","261,768","261,768","261,768","261,768","-0,82%"
"28.05.2021","263,928","263,928","263,928","263,928","0,71%"
"27.05.2021","262,070","262,070","262,070","262,070","0,25%"
"26.05.2021","261,420","261,420","261,420","261,420","0,25%"
"25.05.2021","260,772","260,772","260,772","260,772","0,93%"
"24.05.2021","258,373","258,373","258,373","258,373","-0,02%"
"21.05.2021","258,427","258,427","258,427","258,427","0,05%"
"20.05.2021","258,297","258,297","258,297","258,297","0,84%"
"19.05.2021","256,148","256,148","256,148","256,148","-1,71%"
"18.05.2021","260,606","260,606","260,606","260,606","0,65%"
"17.05.2021","258,918","258,918","258,918","258,918","0,05%"
"14.05.2021","258,797","258,797","258,797","258,797","0,43%"
"13.05.2021","257,693","257,693","257,693","257,693","-1,07%"
"12.05.2021","260,467","260,467","260,467","260,467","-0,52%"
"11.05.2021","261,835","261,835","261,835","261,835","-1,67%"
"10.05.2021","266,282","266,282","266,282","266,282","1,18%"
"07.05.2021","263,182","263,182","263,182","263,182","0,45%"
"06.05.2021","262,011","262,011","262,011","262,011","-0,18%"
"05.05.2021","262,481","262,481","262,481","262,481","0,72%"
"04.05.2021","260,616","260,616","260,616","260,616","0,41%"
"03.05.2021","259,542","259,542","259,542","259,542","-1,24%"
"29.04.2021","262,809","262,809","262,809","262,809","0,32%"
"28.04.2021","261,969","261,969","261,969","261,969","0,24%"
"27.04.2021","261,344","261,344","261,344","261,344","-0,35%"
"26.04.2021","262,274","262,274","262,274","262,274","0,49%"
"23.04.2021","260,990","260,990","260,990","260,990","0,04%"
"22.04.2021","260,897","260,897","260,897","260,897","0,69%"
"21.04.2021","259,121","259,121","259,121","259,121","-0,46%"
"20.04.2021","260,319","260,319","260,319","260,319","-0,72%"
"19.04.2021","262,213","262,213","262,213","262,213","0,06%"
"16.04.2021","262,049","262,049","262,049","262,049","-0,08%"
"15.04.2021","262,267","262,267","262,267","262,267","0,70%"
"14.04.2021","260,446","260,446","260,446","260,446","1,10%"
"13.04.2021","257,600","257,600","257,600","257,600","0,21%"
"12.04.2021","257,052","257,052","257,052","257,052","-0,75%"
"09.04.2021","258,988","258,988","258,988","258,988","-0,25%"
"08.04.2021","259,635","259,635","259,635","259,635","1,29%"
"07.04.2021","256,334","256,334","256,334","256,334","-0,46%"
"06.04.2021","257,506","257,506","257,506","257,506","0,16%"
"05.04.2021","257,098","257,098","257,098","257,098","0,14%"
"01.04.2021","256,745","256,745","256,745","256,745","0,39%"
"31.03.2021","255,741","255,741","255,741","255,741","-0,17%"
"30.03.2021","256,176","256,176","256,176","256,176","-0,11%"
"29.03.2021","256,449","256,449","256,449","256,449","0,38%"
"26.03.2021","255,488","255,488","255,488","255,488","0,75%"
"25.03.2021","253,584","253,584","253,584","253,584","0,71%"
"24.03.2021","251,785","251,785","251,785","251,785","-0,52%"
"23.03.2021","253,097","253,097","253,097","253,097","-0,22%"
"22.03.2021","253,646","253,646","253,646","253,646","0,07%"
"19.03.2021","253,466","253,466","253,466","253,466","-0,89%"
"18.03.2021","255,736","255,736","255,736","255,736","0,36%"
"17.03.2021","254,809","254,809","254,809","254,809","-0,68%"
"16.03.2021","256,551","256,551","256,551","256,551","0,70%"
"15.03.2021","254,771","254,771","254,771","254,771","0,54%"
"12.03.2021","253,414","253,414","253,414","253,414","-0,19%"
"11.03.2021","253,889","253,889","253,889","253,889","0,27%"
"10.03.2021","253,205","253,205","253,205","253,205","-0,70%"
"09.03.2021","254,992","254,992","254,992","254,992","1,11%"
"08.03.2021","252,183","252,183","252,183","252,183","0,44%"
"05.03.2021","251,082","251,082","251,082","251,082","-0,74%"
"04.03.2021","252,964","252,964","252,964","252,964","-0,12%"
"03.03.2021","253,258","253,258","253,258","253,258","0,98%"
"02.03.2021","250,799","250,799","250,799","250,799","-0,46%"
"01.03.2021","251,966","251,966","251,966","251,966","2,76%"
"26.02.2021","245,202","245,202","245,202","245,202","-3,54%"
"25.02.2021","254,205","254,205","254,205","254,205","0,33%"
"24.02.2021","253,360","253,360","253,360","253,360","-0,91%"
"23.02.2021","255,689","255,689","255,689","255,689","1,40%"
"22.02.2021","252,149","252,149","252,149","252,149","0,19%"
"19.02.2021","251,680","251,680","251,680","251,680","-0,36%"
"18.02.2021","252,579","252,579","252,579","252,579","-0,64%"
"17.02.2021","254,198","254,198","254,198","254,198","0,30%"
"16.02.2021","253,436","253,436","253,436","253,436","1,25%"
"15.02.2021","250,316","250,316","250,316","250,316","0,63%"
"12.02.2021","248,737","248,737","248,737","248,737","-0,45%"
"11.02.2021","249,862","249,862","249,862","249,862","0,37%"
"10.02.2021","248,932","248,932","248,932","248,932","0,43%"
"09.02.2021","247,865","247,865","247,865","247,865","-0,67%"
"08.02.2021","249,545","249,545","249,545","249,545","0,82%"
"05.02.2021","247,526","247,526","247,526","247,526","1,14%"
"04.02.2021","244,736","244,736","244,736","244,736","-0,54%"
"03.02.2021","246,058","246,058","246,058","246,058","0,83%"
"02.02.2021","244,031","244,031","244,031","244,031","1,44%"
"01.02.2021","240,569","240,569","240,569","240,569","0,96%"
"29.01.2021","238,289","238,289","238,289","238,289","-1,00%"
"28.01.2021","240,705","240,705","240,705","240,705","-2,36%"
"27.01.2021","246,515","246,515","246,515","246,515","-0,24%"
"26.01.2021","247,117","247,117","247,117","247,117","-0,52%"
"25.01.2021","248,401","248,401","248,401","248,401","0,79%"
"22.01.2021","246,443","246,443","246,443","246,443","-1,26%"
"21.01.2021","249,587","249,587","249,587","249,587","0,46%"
"20.01.2021","248,447","248,447","248,447","248,447","0,49%"
"19.01.2021","247,228","247,228","247,228","247,228","1,25%"
"18.01.2021","244,173","244,173","244,173","244,173","-0,40%"
"15.01.2021","245,147","245,147","245,147","245,147","-0,00%"
"14.01.2021","245,157","245,157","245,157","245,157","0,72%"
"13.01.2021","243,416","243,416","243,416","243,416","0,06%"
"12.01.2021","243,258","243,258","243,258","243,258","0,37%"
"11.01.2021","242,371","242,371","242,371","242,371","-0,71%"
"08.01.2021","244,101","244,101","244,101","244,101","1,41%"
"07.01.2021","240,702","240,702","240,702","240,702","1,32%"
"06.01.2021","237,574","237,574","237,574","237,574","-0,80%"
"05.01.2021","239,484","239,484","239,484","239,484","0,79%"
"04.01.2021","237,599","237,599","237,599","237,599","1,10%"
"31.12.2020","235,015","235,015","235,015","235,015","-0,42%"
"30.12.2020","236,014","236,014","236,014","236,014","0,49%"
"29.12.2020","234,857","234,857","234,857","234,857","0,50%"
"28.12.2020","233,682","233,682","233,682","233,682","-0,10%"
"24.12.2020","233,922","233,922","233,922","233,922","0,49%"
"23.12.2020","232,772","232,772","232,772","232,772","1,24%"
"22.12.2020","229,927","229,927","229,927","229,927","-0,98%"
"21.12.2020","232,194","232,194","232,194","232,194","-0,44%"
"18.12.2020","233,224","233,224","233,224","233,224","-0,94%"
"17.12.2020","235,437","235,437","235,437","235,437","0,71%"
"16.12.2020","233,780","233,780","233,780","233,780","0,78%"
"15.12.2020","231,969","231,969","231,969","231,969","-0,72%"
"14.12.2020","233,654","233,654","233,654","233,654","0,19%"
"11.12.2020","233,212","233,212","233,212","233,212","-0,06%"
"10.12.2020","233,354","233,354","233,354","233,354","-0,27%"
"09.12.2020","233,991","233,991","233,991","233,991","1,34%"
"08.12.2020","230,887","230,887","230,887","230,887","-0,03%"
"07.12.2020","230,950","230,950","230,950","230,950","0,29%"
"04.12.2020","230,283","230,283","230,283","230,283","0,34%"
"03.12.2020","229,514","229,514","229,514","229,514","0,38%"
"02.12.2020","228,640","228,640","228,640","228,640","-0,13%"
"01.12.2020","228,941","228,941","228,941","228,941","0,28%"
"30.11.2020","228,301","228,301","228,301","228,301","-1,93%"
"27.11.2020","232,797","232,797","232,797","232,797","-0,49%"
"26.11.2020","233,934","233,934","233,934","233,934","-0,50%"
"25.11.2020","235,118","235,118","235,118","235,118","0,32%"
"24.11.2020","234,358","234,358","234,358","234,358","1,43%"
"23.11.2020","231,053","231,053","231,053","231,053","-0,00%"
"20.11.2020","231,060","231,060","231,060","231,060","0,37%"
"19.11.2020","230,197","230,197","230,197","230,197","-0,22%"
"18.11.2020","230,703","230,703","230,703","230,703","0,69%"
"17.11.2020","229,123","229,123","229,123","229,123","0,15%"
"16.11.2020","228,787","228,787","228,787","228,787","1,99%"
"13.11.2020","224,327","224,327","224,327","224,327","-0,32%"
"12.11.2020","225,056","225,056","225,056","225,056","-1,18%"
"11.11.2020","227,751","227,751","227,751","227,751","1,82%"
"10.11.2020","223,677","223,677","223,677","223,677","1,72%"
"09.11.2020","219,895","219,895","219,895","219,895","2,11%"
"06.11.2020","215,358","215,358","215,358","215,358","0,08%"
"05.11.2020","215,181","215,181","215,181","215,181","1,74%"
"04.11.2020","211,509","211,509","211,509","211,509","0,08%"
"03.11.2020","211,333","211,333","211,333","211,333","2,52%"
"02.11.2020","206,131","206,131","206,131","206,131","0,81%"
"30.10.2020","204,483","204,483","204,483","204,483","-0,66%"
"29.10.2020","205,834","205,834","205,834","205,834","-1,00%"
"28.10.2020","207,920","207,920","207,920","207,920","-0,16%"
"27.10.2020","208,253","208,253","208,253","208,253","-1,28%"
"26.10.2020","210,946","210,946","210,946","210,946","0,16%"
"23.10.2020","210,603","210,603","210,603","210,603","-0,03%"
"22.10.2020","210,670","210,670","210,670","210,670","0,23%"
"21.10.2020","210,196","210,196","210,196","210,196","0,34%"
"20.10.2020","209,490","209,490","209,490","209,490","-1,15%"
"19.10.2020","211,932","211,932","211,932","211,932","0,20%"
"16.10.2020","211,509","211,509","211,509","211,509","-0,51%"
"15.10.2020","212,599","212,599","212,599","212,599","-0,80%"
"14.10.2020","214,322","214,322","214,322","214,322","-0,17%"
"13.10.2020","214,687","214,687","214,687","214,687","0,76%"
"12.10.2020","213,073","213,073","213,073","213,073","0,52%"
"09.10.2020","211,962","211,962","211,962","211,962","-0,19%"
"08.10.2020","212,367","212,367","212,367","212,367","0,87%"
"07.10.2020","210,531","210,531","210,531","210,531","1,07%"
"06.10.2020","208,301","208,301","208,301","208,301","0,27%"
"05.10.2020","207,742","207,742","207,742","207,742","1,72%"
"02.10.2020","204,235","204,235","204,235","204,235","-0,80%"
"01.10.2020","205,884","205,884","205,884","205,884","0,78%"
"30.09.2020","204,284","204,284","204,284","204,284","-0,86%"
"29.09.2020","206,064","206,064","206,064","206,064","-0,45%"
"28.09.2020","207,000","207,000","207,000","207,000","-0,14%"
"25.09.2020","207,300","207,300","207,300","207,300","1,42%"
"24.09.2020","204,402","204,402","204,402","204,402","-1,39%"
"23.09.2020","207,277","207,277","207,277","207,277","1,28%"
"22.09.2020","204,653","204,653","204,653","204,653","-0,80%"
"21.09.2020","206,297","206,297","206,297","206,297","-0,90%"
"18.09.2020","208,176","208,176","208,176","208,176","-0,45%"
"17.09.2020","209,126","209,126","209,126","209,126","-1,35%"
"16.09.2020","211,990","211,990","211,990","211,990","1,11%"
"15.09.2020","209,652","209,652","209,652","209,652","0,47%"
"14.09.2020","208,681","208,681","208,681","208,681","0,25%"
"11.09.2020","208,165","208,165","208,165","208,165","-0,01%"
"10.09.2020","208,182","208,182","208,182","208,182","-0,34%"
"09.09.2020","208,890","208,890","208,890","208,890","-1,14%"
"08.09.2020","211,296","211,296","211,296","211,296","0,32%"
"07.09.2020","210,629","210,629","210,629","210,629","0,66%"
"04.09.2020","209,245","209,245","209,245","209,245","-2,64%"
"03.09.2020","214,916","214,916","214,916","214,916","0,38%"
"02.09.2020","214,101","214,101","214,101","214,101","1,69%"
"01.09.2020","210,550","210,550","210,550","210,550","-1,20%"
"31.08.2020","213,100","213,100","213,100","213,100","-0,08%"
"25.08.2020","213,277","213,277","213,277","213,277","0,39%"
"24.08.2020","212,440","212,440","212,440","212,440","0,56%"
"21.08.2020","211,255","211,255","211,255","211,255","0,99%"
"20.08.2020","209,192","209,192","209,192","209,192","-1,39%"
"19.08.2020","212,149","212,149","212,149","212,149","0,62%"
"18.08.2020","210,834","210,834","210,834","210,834","0,19%"
"17.08.2020","210,441","210,441","210,441","210,441","-0,39%"
"14.08.2020","211,258","211,258","211,258","211,258","0,28%"
"13.08.2020","210,663","210,663","210,663","210,663","-0,52%"
"12.08.2020","211,774","211,774","211,774","211,774","0,23%"
"11.08.2020","211,286","211,286","211,286","211,286","1,04%"
"10.08.2020","209,122","209,122","209,122","209,122","1,11%"
"07.08.2020","206,817","206,817","206,817","206,817","-0,63%"
"06.08.2020","208,129","208,129","208,129","208,129","0,78%"
"05.08.2020","206,508","206,508","206,508","206,508","-0,74%"
"04.08.2020","208,042","208,042","208,042","208,042","2,31%"
"03.08.2020","203,342","203,342","203,342","203,342","-0,23%"
"31.07.2020","203,805","203,805","203,805","203,805","-1,02%"
"30.07.2020","205,911","205,911","205,911","205,911","-0,32%"
"29.07.2020","206,564","206,564","206,564","206,564","-0,33%"
"28.07.2020","207,257","207,257","207,257","207,257","0,53%"
"27.07.2020","206,164","206,164","206,164","206,164","-0,81%"
"24.07.2020","207,856","207,856","207,856","207,856","-1,83%"
"23.07.2020","211,728","211,728","211,728","211,728","0,22%"
"22.07.2020","211,273","211,273","211,273","211,273","-2,22%"
"21.07.2020","216,076","216,076","216,076","216,076","2,70%"
"20.07.2020","210,400","210,400","210,400","210,400","-0,46%"
"17.07.2020","211,377","211,377","211,377","211,377","0,33%"
"16.07.2020","210,679","210,679","210,679","210,679","-1,34%"
"15.07.2020","213,531","213,531","213,531","213,531","1,49%"
"14.07.2020","210,386","210,386","210,386","210,386","-0,90%"
"13.07.2020","212,303","212,303","212,303","212,303","0,53%"
"10.07.2020","211,186","211,186","211,186","211,186","-0,93%"
"09.07.2020","213,170","213,170","213,170","213,170","0,32%"
"08.07.2020","212,493","212,493","212,493","212,493","-1,21%"
"07.07.2020","215,095","215,095","215,095","215,095","-0,52%"
"06.07.2020","216,227","216,227","216,227","216,227","0,21%"
"03.07.2020","215,775","215,775","215,775","215,775","0,61%"
"02.07.2020","214,459","214,459","214,459","214,459","2,10%"
"01.07.2020","210,050","210,050","210,050","210,050","0,35%"
"30.06.2020","209,318","209,318","209,318","209,318","1,56%"
"29.06.2020","206,093","206,093","206,093","206,093","-1,58%"
"26.06.2020","209,396","209,396","209,396","209,396","0,65%"
"25.06.2020","208,051","208,051","208,051","208,051","-1,32%"
"24.06.2020","210,824","210,824","210,824","210,824","-0,03%"
"23.06.2020","210,886","210,886","210,886","210,886","0,38%"
"22.06.2020","210,084","210,084","210,084","210,084","-0,29%"
"19.06.2020","210,691","210,691","210,691","210,691","0,37%"
"18.06.2020","209,910","209,910","209,910","209,910","-0,95%"
"17.06.2020","211,928","211,928","211,928","211,928","1,58%"
"16.06.2020","208,624","208,624","208,624","208,624","3,23%"
"15.06.2020","202,102","202,102","202,102","202,102","-2,38%"
"12.06.2020","207,033","207,033","207,033","207,033","-0,55%"
"11.06.2020","208,172","208,172","208,172","208,172","-3,90%"
"10.06.2020","216,623","216,623","216,623","216,623","0,04%"
"09.06.2020","216,539","216,539","216,539","216,539","1,37%"
"08.06.2020","213,602","213,602","213,602","213,602","0,64%"
"05.06.2020","212,241","212,241","212,241","212,241","1,22%"
"04.06.2020","209,676","209,676","209,676","209,676","0,01%"
"03.06.2020","209,652","209,652","209,652","209,652","2,12%"
"02.06.2020","205,300","205,300","205,300","205,300","1,56%"
"01.06.2020","202,142","202,142","202,142","202,142","3,36%"
"29.05.2020","195,571","195,571","195,571","195,571","-2,32%"
"28.05.2020","200,216","200,216","200,216","200,216","0,53%"
"27.05.2020","199,154","199,154","199,154","199,154","-0,65%"
"26.05.2020","200,464","200,464","200,464","200,464","2,82%"
"25.05.2020","194,960","194,960","194,960","194,960","1,25%"
"22.05.2020","192,545","192,545","192,545","192,545","-2,92%"
"21.05.2020","198,327","198,327","198,327","198,327","-0,43%"
"20.05.2020","199,174","199,174","199,174","199,174","-0,16%"
"19.05.2020","199,493","199,493","199,493","199,493","1,90%"
"18.05.2020","195,773","195,773","195,773","195,773","1,18%"
"15.05.2020","193,483","193,483","193,483","193,483","0,63%"
"14.05.2020","192,267","192,267","192,267","192,267","-1,89%"
"13.05.2020","195,965","195,965","195,965","195,965","-0,16%"
"12.05.2020","196,273","196,273","196,273","196,273","-1,25%"
"11.05.2020","198,761","198,761","198,761","198,761","1,11%"
"08.05.2020","196,570","196,570","196,570","196,570","0,50%"
"07.05.2020","195,587","195,587","195,587","195,587","-0,06%"
"06.05.2020","195,708","195,708","195,708","195,708","0,41%"
"05.05.2020","194,905","194,905","194,905","194,905","2,36%"
"04.05.2020","190,416","190,416","190,416","190,416","-0,27%"
"01.05.2020","190,923","190,923","190,923","190,923","-4,27%"
"30.04.2020","199,449","199,449","199,449","199,449","0,70%"
"29.04.2020","198,056","198,056","198,056","198,056","1,24%"
"28.04.2020","195,638","195,638","195,638","195,638","0,68%"
"27.04.2020","194,319","194,319","194,319","194,319","1,95%"
"24.04.2020","190,605","190,605","190,605","190,605","-0,14%"
"23.04.2020","190,866","190,866","190,866","190,866","0,78%"
"22.04.2020","189,394","189,394","189,394","189,394","0,58%"
"21.04.2020","188,294","188,294","188,294","188,294","-3,04%"
"20.04.2020","194,190","194,190","194,190","194,190","-1,36%"
"17.04.2020","196,864","196,864","196,864","196,864","1,70%"
"16.04.2020","193,580","193,580","193,580","193,580","-0,42%"
"15.04.2020","194,398","194,398","194,398","194,398","-1,00%"
"14.04.2020","196,358","196,358","196,358","196,358","1,33%"
"13.04.2020","193,789","193,789","193,789","193,789","0,92%"
"09.04.2020","192,016","192,016","192,016","192,016","2,74%"
"08.04.2020","186,892","186,892","186,892","186,892","-0,55%"
"07.04.2020","187,927","187,927","187,927","187,927","0,85%"
"06.04.2020","186,340","186,340","186,340","186,340","4,44%"
"03.04.2020","178,412","178,412","178,412","178,412","-0,73%"
"02.04.2020","179,716","179,716","179,716","179,716","-0,97%"
"01.04.2020","181,484","181,484","181,484","181,484","1,81%"
"31.03.2020","178,263","178,263","178,263","178,263","0,23%"
"30.03.2020","177,850","177,850","177,850","177,850","3,13%"
"27.03.2020","172,446","172,446","172,446","172,446","-2,14%"
"26.03.2020","176,211","176,211","176,211","176,211","0,18%"
"25.03.2020","175,903","175,903","175,903","175,903","5,39%"
"24.03.2020","166,904","166,904","166,904","166,904","5,79%"
"23.03.2020","157,762","157,762","157,762","157,762","-7,20%"
"20.03.2020","170,011","170,011","170,011","170,011","1,92%"
"19.03.2020","166,809","166,809","166,809","166,809","-2,39%"
"18.03.2020","170,900","170,900","170,900","170,900","-5,43%"
"17.03.2020","180,710","180,710","180,710","180,710","3,30%"
"16.03.2020","174,936","174,936","174,936","174,936","-7,88%"
"13.03.2020","189,891","189,891","189,891","189,891","0,79%"
"12.03.2020","188,410","188,410","188,410","188,410","-6,25%"
"11.03.2020","200,975","200,975","200,975","200,975","-1,37%"
"10.03.2020","203,759","203,759","203,759","203,759","1,51%"
"09.03.2020","200,733","200,733","200,733","200,733","-6,93%"
"06.03.2020","215,680","215,680","215,680","215,680","-3,20%"
"05.03.2020","222,809","222,809","222,809","222,809","0,84%"
"04.03.2020","220,948","220,948","220,948","220,948","-0,66%"
"03.03.2020","222,417","222,417","222,417","222,417","1,02%"
"02.03.2020","220,175","220,175","220,175","220,175","-1,22%"
"28.02.2020","222,889","222,889","222,889","222,889","-3,92%"
"27.02.2020","231,983","231,983","231,983","231,983","-1,16%"
"26.02.2020","234,703","234,703","234,703","234,703","-2,02%"
"25.02.2020","239,540","239,540","239,540","239,540","-1,08%"
"24.02.2020","242,156","242,156","242,156","242,156","-2,02%"
"21.02.2020","247,139","247,139","247,139","247,139","-0,92%"
"20.02.2020","249,423","249,423","249,423","249,423","-0,63%"
"19.02.2020","251,001","251,001","251,001","251,001","0,46%"
"18.02.2020","249,862","249,862","249,862","249,862","-0,54%"
"17.02.2020","251,218","251,218","251,218","251,218","0,16%"
"14.02.2020","250,826","250,826","250,826","250,826","0,31%"
"13.02.2020","250,061","250,061","250,061","250,061","0,38%"
"12.02.2020","249,110","249,110","249,110","249,110","1,21%"
"11.02.2020","246,121","246,121","246,121","246,121","1,13%"
"10.02.2020","243,379","243,379","243,379","243,379","-0,16%"
"07.02.2020","243,770","243,770","243,770","243,770","-0,79%"
"06.02.2020","245,720","245,720","245,720","245,720","1,55%"
"05.02.2020","241,958","241,958","241,958","241,958","0,85%"
"04.02.2020","239,913","239,913","239,913","239,913","0,93%"
"03.02.2020","237,691","237,691","237,691","237,691","-0,77%"
"31.01.2020","239,529","239,529","239,529","239,529","-0,64%"
"30.01.2020","241,066","241,066","241,066","241,066","-1,49%"
"29.01.2020","244,724","244,724","244,724","244,724","-0,59%"
"28.01.2020","246,186","246,186","246,186","246,186","-0,98%"
"27.01.2020","248,618","248,618","248,618","248,618","-0,60%"
"24.01.2020","250,128","250,128","250,128","250,128","0,11%"
"23.01.2020","249,843","249,843","249,843","249,843","-0,42%"
"22.01.2020","250,885","250,885","250,885","250,885","0,84%"
"21.01.2020","248,787","248,787","248,787","248,787","-1,19%"
"20.01.2020","251,779","251,779","251,779","251,779","-0,21%"
"17.01.2020","252,297","252,297","252,297","252,297","0,61%"
"16.01.2020","250,777","250,777","250,777","250,777","0,73%"
"15.01.2020","248,956","248,956","248,956","248,956","-0,09%"
"14.01.2020","249,185","249,185","249,185","249,185","0,76%"
"13.01.2020","247,309","247,309","247,309","247,309","-0,21%"
"10.01.2020","247,826","247,826","247,826","247,826","1,03%"
"09.01.2020","245,294","245,294","245,294","245,294","1,04%"
"08.01.2020","242,776","242,776","242,776","242,776","-0,20%"
"07.01.2020","243,259","243,259","243,259","243,259","0,86%"
"06.01.2020","241,185","241,185","241,185","241,185","-0,62%"
"03.01.2020","242,696","242,696","242,696","242,696","0,31%"
"02.01.2020","241,940","241,940","241,940","241,940","0,60%"
"31.12.2019","240,508","240,508","240,508","240,508","-1,05%"
"30.12.2019","243,060","243,060","243,060","243,060","-0,13%"
"27.12.2019","243,386","243,386","243,386","243,386","0,26%"
"26.12.2019","242,751","242,751","242,751","242,751","0,03%"
"24.12.2019","242,669","242,669","242,669","242,669","0,21%"
"23.12.2019","242,172","242,172","242,172","242,172","-0,18%"
"20.12.2019","242,616","242,616","242,616","242,616","0,42%"
"19.12.2019","241,611","241,611","241,611","241,611","-0,08%"
"18.12.2019","241,797","241,797","241,797","241,797","0,28%"
"17.12.2019","241,115","241,115","241,115","241,115","-0,33%"
"16.12.2019","241,915","241,915","241,915","241,915","0,81%"
"13.12.2019","239,970","239,970","239,970","239,970","0,69%"
"12.12.2019","238,328","238,328","238,328","238,328","0,37%"
"11.12.2019","237,445","237,445","237,445","237,445","1,02%"
"10.12.2019","235,041","235,041","235,041","235,041","-0,74%"
"09.12.2019","236,798","236,798","236,798","236,798","-0,10%"
"06.12.2019","237,040","237,040","237,040","237,040","1,01%"
"05.12.2019","234,671","234,671","234,671","234,671","0,55%"
"04.12.2019","233,392","233,392","233,392","233,392","-1,24%"
"03.12.2019","236,317","236,317","236,317","236,317","-1,30%"
"02.12.2019","239,420","239,420","239,420","239,420","0,21%"
"29.11.2019","238,925","238,925","238,925","238,925","-0,83%"
"28.11.2019","240,927","240,927","240,927","240,927","-0,20%"
"27.11.2019","241,408","241,408","241,408","241,408","0,79%"
"26.11.2019","239,512","239,512","239,512","239,512","0,38%"
"25.11.2019","238,601","238,601","238,601","238,601","0,82%"
"22.11.2019","236,661","236,661","236,661","236,661","0,79%"
"21.11.2019","234,801","234,801","234,801","234,801","-1,12%"
"20.11.2019","237,459","237,459","237,459","237,459","-1,19%"
"19.11.2019","240,327","240,327","240,327","240,327","0,87%"
"18.11.2019","238,249","238,249","238,249","238,249","0,00%"
"15.11.2019","238,238","238,238","238,238","238,238","0,51%"
"14.11.2019","237,021","237,021","237,021","237,021","-0,41%"
"13.11.2019","237,986","237,986","237,986","237,986","-1,35%"
"12.11.2019","241,246","241,246","241,246","241,246","0,27%"
"11.11.2019","240,602","240,602","240,602","240,602","-0,58%"
"08.11.2019","242,012","242,012","242,012","242,012","-0,24%"
"07.11.2019","242,593","242,593","242,593","242,593","1,08%"
"06.11.2019","240,006","240,006","240,006","240,006","-0,16%"
"05.11.2019","240,394","240,394","240,394","240,394","0,95%"
"04.11.2019","238,143","238,143","238,143","238,143","0,57%"
"01.11.2019","236,787","236,787","236,787","236,787","0,46%"
"31.10.2019","235,694","235,694","235,694","235,694","-0,01%"
"30.10.2019","235,723","235,723","235,723","235,723","-0,50%"
"29.10.2019","236,898","236,898","236,898","236,898","-0,02%"
"28.10.2019","236,945","236,945","236,945","236,945","0,50%"
"25.10.2019","235,759","235,759","235,759","235,759","0,60%"
"24.10.2019","234,343","234,343","234,343","234,343","0,52%"
"23.10.2019","233,125","233,125","233,125","233,125","-0,28%"
"22.10.2019","233,781","233,781","233,781","233,781","0,55%"
"21.10.2019","232,513","232,513","232,513","232,513","0,28%"
"18.10.2019","231,869","231,869","231,869","231,869","-0,51%"
"17.10.2019","233,065","233,065","233,065","233,065","-0,18%"
"16.10.2019","233,480","233,480","233,480","233,480","0,86%"
"15.10.2019","231,497","231,497","231,497","231,497","-0,03%"
"14.10.2019","231,559","231,559","231,559","231,559","0,48%"
"11.10.2019","230,447","230,447","230,447","230,447","1,54%"
"10.10.2019","226,944","226,944","226,944","226,944","-0,06%"
"09.10.2019","227,074","227,074","227,074","227,074","-1,26%"
"08.10.2019","229,963","229,963","229,963","229,963","0,54%"
"07.10.2019","228,738","228,738","228,738","228,738","0,21%"
"04.10.2019","228,252","228,252","228,252","228,252","-0,05%"
"03.10.2019","228,374","228,374","228,374","228,374","-1,22%"
"02.10.2019","231,185","231,185","231,185","231,185","-1,19%"
"01.10.2019","233,972","233,972","233,972","233,972","-0,10%"
"30.09.2019","234,209","234,209","234,209","234,209","-0,08%"
"27.09.2019","234,388","234,388","234,388","234,388","0,43%"
"26.09.2019","233,394","233,394","233,394","233,394","-0,10%"
"25.09.2019","233,620","233,620","233,620","233,620","-0,88%"
"24.09.2019","235,696","235,696","235,696","235,696","0,37%"
"23.09.2019","234,817","234,817","234,817","234,817","-0,00%"
"20.09.2019","234,828","234,828","234,828","234,828","0,19%"
"19.09.2019","234,381","234,381","234,381","234,381","-0,53%"
"18.09.2019","235,637","235,637","235,637","235,637","-0,46%"
"17.09.2019","236,736","236,736","236,736","236,736","-0,65%"
"16.09.2019","238,291","238,291","238,291","238,291","0,21%"
"13.09.2019","237,792","237,792","237,792","237,792","0,18%"
"12.09.2019","237,363","237,363","237,363","237,363","-0,12%"
"11.09.2019","237,638","237,638","237,638","237,638","1,22%"
"10.09.2019","234,783","234,783","234,783","234,783","-0,22%"
"09.09.2019","235,291","235,291","235,291","235,291","0,14%"
"06.09.2019","234,967","234,967","234,967","234,967","0,93%"
"05.09.2019","232,807","232,807","232,807","232,807","0,51%"
"04.09.2019","231,624","231,624","231,624","231,624","1,33%"
"03.09.2019","228,588","228,588","228,588","228,588","0,30%"
"02.09.2019","227,912","227,912","227,912","227,912","-0,39%"
"30.08.2019","228,797","228,797","228,797","228,797","1,34%"
"29.08.2019","225,775","225,775","225,775","225,775","0,40%"
"28.08.2019","224,875","224,875","224,875","224,875","0,25%"
"27.08.2019","224,316","224,316","224,316","224,316","0,33%"
"26.08.2019","223,581","223,581","223,581","223,581","-1,66%"
"23.08.2019","227,358","227,358","227,358","227,358","0,05%"
"22.08.2019","227,242","227,242","227,242","227,242","-0,31%"
"21.08.2019","227,948","227,948","227,948","227,948","-0,60%"
"20.08.2019","229,334","229,334","229,334","229,334","0,76%"
"19.08.2019","227,598","227,598","227,598","227,598","1,38%"
"16.08.2019","224,503","224,503","224,503","224,503","0,65%"
"15.08.2019","223,051","223,051","223,051","223,051","-0,48%"
"14.08.2019","224,132","224,132","224,132","224,132","0,32%"
"13.08.2019","223,409","223,409","223,409","223,409","-0,48%"
"12.08.2019","224,487","224,487","224,487","224,487","-0,71%"
"09.08.2019","226,086","226,086","226,086","226,086","-0,20%"
"08.08.2019","226,545","226,545","226,545","226,545","1,12%"
"07.08.2019","224,028","224,028","224,028","224,028","-0,01%"
"06.08.2019","224,048","224,048","224,048","224,048","-1,70%"
"05.08.2019","227,925","227,925","227,925","227,925","-3,17%"
"02.08.2019","235,389","235,389","235,389","235,389","-1,69%"
"01.08.2019","239,425","239,425","239,425","239,425","-0,34%"
"31.07.2019","240,232","240,232","240,232","240,232","-0,71%"
"30.07.2019","241,939","241,939","241,939","241,939","0,07%"
"29.07.2019","241,781","241,781","241,781","241,781","-0,51%"
"26.07.2019","243,017","243,017","243,017","243,017","-0,67%"
"25.07.2019","244,663","244,663","244,663","244,663","0,01%"
"24.07.2019","244,629","244,629","244,629","244,629","0,21%"
"23.07.2019","244,127","244,127","244,127","244,127","0,68%"
"22.07.2019","242,475","242,475","242,475","242,475","-0,69%"
"19.07.2019","244,163","244,163","244,163","244,163","0,87%"
"18.07.2019","242,061","242,061","242,061","242,061","0,05%"
"17.07.2019","241,952","241,952","241,952","241,952","0,08%"
"16.07.2019","241,757","241,757","241,757","241,757","0,41%"
"15.07.2019","240,763","240,763","240,763","240,763","-0,22%"
"12.07.2019","241,291","241,291","241,291","241,291","0,20%"
"11.07.2019","240,803","240,803","240,803","240,803","0,65%"
"10.07.2019","239,250","239,250","239,250","239,250","0,06%"
"09.07.2019","239,111","239,111","239,111","239,111","-0,65%"
"08.07.2019","240,669","240,669","240,669","240,669","-1,17%"
"05.07.2019","243,530","243,530","243,530","243,530","0,36%"
"04.07.2019","242,651","242,651","242,651","242,651","0,17%"
"03.07.2019","242,250","242,250","242,250","242,250","0,82%"
"02.07.2019","240,274","240,274","240,274","240,274","1,01%"
"01.07.2019","237,865","237,865","237,865","237,865","0,55%"
"28.06.2019","236,562","236,562","236,562","236,562","-0,64%"
"27.06.2019","238,086","238,086","238,086","238,086","1,08%"
"26.06.2019","235,551","235,551","235,551","235,551","-0,00%"
"25.06.2019","235,560","235,560","235,560","235,560","-0,04%"
"24.06.2019","235,655","235,655","235,655","235,655","-0,07%"
"21.06.2019","235,816","235,816","235,816","235,816","-0,72%"
"20.06.2019","237,515","237,515","237,515","237,515","0,64%"
"19.06.2019","236,008","236,008","236,008","236,008","1,45%"
"18.06.2019","232,643","232,643","232,643","232,643","1,46%"
"17.06.2019","229,288","229,288","229,288","229,288","-0,37%"
"14.06.2019","230,136","230,136","230,136","230,136","-0,06%"
"13.06.2019","230,270","230,270","230,270","230,270","0,20%"
"12.06.2019","229,814","229,814","229,814","229,814","-0,79%"
"11.06.2019","231,644","231,644","231,644","231,644","1,22%"
"10.06.2019","228,860","228,860","228,860","228,860","0,50%"
"07.06.2019","227,726","227,726","227,726","227,726","0,50%"
"06.06.2019","226,592","226,592","226,592","226,592","0,16%"
"05.06.2019","226,234","226,234","226,234","226,234","0,39%"
"04.06.2019","225,352","225,352","225,352","225,352","0,06%"
"03.06.2019","225,207","225,207","225,207","225,207","-0,92%"
"31.05.2019","227,297","227,297","227,297","227,297","-0,23%"
"30.05.2019","227,831","227,831","227,831","227,831","-0,75%"
"29.05.2019","229,547","229,547","229,547","229,547","-0,51%"
"28.05.2019","230,726","230,726","230,726","230,726","0,67%"
"27.05.2019","229,187","229,187","229,187","229,187","0,04%"
"24.05.2019","229,096","229,096","229,096","229,096","-0,35%"
"23.05.2019","229,908","229,908","229,908","229,908","-0,52%"
"22.05.2019","231,119","231,119","231,119","231,119","0,48%"
"21.05.2019","230,007","230,007","230,007","230,007","-0,31%"
"20.05.2019","230,723","230,723","230,723","230,723","1,44%"
"17.05.2019","227,457","227,457","227,457","227,457","-0,22%"
"16.05.2019","227,960","227,960","227,960","227,960","0,65%"
"15.05.2019","226,479","226,479","226,479","226,479","0,49%"
"14.05.2019","225,372","225,372","225,372","225,372","-0,64%"
"13.05.2019","226,835","226,835","226,835","226,835","-0,45%"
"10.05.2019","227,855","227,855","227,855","227,855","0,45%"
"09.05.2019","226,839","226,839","226,839","226,839","-1,23%"
"08.05.2019","229,673","229,673","229,673","229,673","-0,66%"
"07.05.2019","231,208","231,208","231,208","231,208","0,40%"
"06.05.2019","230,292","230,292","230,292","230,292","-1,93%"
"03.05.2019","234,826","234,826","234,826","234,826","0,45%"
"02.05.2019","233,764","233,764","233,764","233,764","0,32%"
"01.05.2019","233,023","233,023","233,023","233,023","0,12%"
"30.04.2019","232,739","232,739","232,739","232,739","-0,95%"
"29.04.2019","234,979","234,979","234,979","234,979","0,19%"
"26.04.2019","234,534","234,534","234,534","234,534","0,18%"
"25.04.2019","234,110","234,110","234,110","234,110","0,11%"
"24.04.2019","233,848","233,848","233,848","233,848","0,23%"
"23.04.2019","233,318","233,318","233,318","233,318","0,61%"
"22.04.2019","231,908","231,908","231,908","231,908","-0,17%"
"18.04.2019","232,292","232,292","232,292","232,292","0,21%"
"17.04.2019","231,801","231,801","231,801","231,801","-0,34%"
"16.04.2019","232,589","232,589","232,589","232,589","0,52%"
"15.04.2019","231,393","231,393","231,393","231,393","0,02%"
"12.04.2019","231,356","231,356","231,356","231,356","0,40%"
"11.04.2019","230,425","230,425","230,425","230,425","-0,92%"
"10.04.2019","232,562","232,562","232,562","232,562","0,43%"
"09.04.2019","231,563","231,563","231,563","231,563","0,06%"
"08.04.2019","231,433","231,433","231,433","231,433","0,01%"
"05.04.2019","231,415","231,415","231,415","231,415","-0,56%"
"04.04.2019","232,724","232,724","232,724","232,724","-0,66%"
"03.04.2019","234,278","234,278","234,278","234,278","0,97%"
"02.04.2019","232,019","232,019","232,019","232,019","0,20%"
"01.04.2019","231,559","231,559","231,559","231,559","1,38%"
"29.03.2019","228,411","228,411","228,411","228,411","0,88%"
"28.03.2019","226,415","226,415","226,415","226,415","0,66%"
"27.03.2019","224,924","224,924","224,924","224,924","-0,06%"
"26.03.2019","225,064","225,064","225,064","225,064","0,77%"
"25.03.2019","223,353","223,353","223,353","223,353","-1,39%"
"22.03.2019","226,492","226,492","226,492","226,492","1,15%"
"21.03.2019","223,919","223,919","223,919","223,919","0,05%"
"20.03.2019","223,796","223,796","223,796","223,796","-0,70%"
"19.03.2019","225,364","225,364","225,364","225,364","-0,04%"
"18.03.2019","225,460","225,460","225,460","225,460","0,63%"
"15.03.2019","224,049","224,049","224,049","224,049","0,04%"
"14.03.2019","223,970","223,970","223,970","223,970","0,01%"
"13.03.2019","223,952","223,952","223,952","223,952","-0,47%"
"12.03.2019","225,020","225,020","225,020","225,020","0,21%"
"11.03.2019","224,544","224,544","224,544","224,544","0,20%"
"08.03.2019","224,091","224,091","224,091","224,091","-1,08%"
"07.03.2019","226,542","226,542","226,542","226,542","0,92%"
"06.03.2019","224,481","224,481","224,481","224,481","0,03%"
"05.03.2019","224,408","224,408","224,408","224,408","-0,46%"
"04.03.2019","225,454","225,454","225,454","225,454","0,92%"
"01.03.2019","223,402","223,402","223,402","223,402","0,22%"
"28.02.2019","222,915","222,915","222,915","222,915","-0,20%"
"27.02.2019","223,361","223,361","223,361","223,361","-0,08%"
"26.02.2019","223,538","223,538","223,538","223,538","-0,80%"
"25.02.2019","225,345","225,345","225,345","225,345","0,46%"
"22.02.2019","224,318","224,318","224,318","224,318","0,87%"
"21.02.2019","222,376","222,376","222,376","222,376","-0,08%"
"20.02.2019","222,558","222,558","222,558","222,558","0,49%"
"19.02.2019","221,478","221,478","221,478","221,478","0,08%"
"18.02.2019","221,295","221,295","221,295","221,295","0,50%"
"15.02.2019","220,187","220,187","220,187","220,187","-0,26%"
"14.02.2019","220,769","220,769","220,769","220,769","0,05%"
"13.02.2019","220,657","220,657","220,657","220,657","0,85%"
"12.02.2019","218,796","218,796","218,796","218,796","0,02%"
"11.02.2019","218,743","218,743","218,743","218,743","0,35%"
"08.02.2019","217,979","217,979","217,979","217,979","0,14%"
"07.02.2019","217,678","217,678","217,678","217,678","0,70%"
"06.02.2019","216,175","216,175","216,175","216,175","-0,46%"
"05.02.2019","217,164","217,164","217,164","217,164","1,55%"
"04.02.2019","213,854","213,854","213,854","213,854","0,46%"
"01.02.2019","212,867","212,867","212,867","212,867","-0,18%"
"31.01.2019","213,256","213,256","213,256","213,256","0,42%"
"30.01.2019","212,358","212,358","212,358","212,358","0,58%"
"29.01.2019","211,142","211,142","211,142","211,142","-0,55%"
"28.01.2019","212,303","212,303","212,303","212,303","-0,28%"
"25.01.2019","212,907","212,907","212,907","212,907","0,88%"
"24.01.2019","211,050","211,050","211,050","211,050","0,56%"
"23.01.2019","209,883","209,883","209,883","209,883","-0,43%"
"22.01.2019","210,798","210,798","210,798","210,798","-0,63%"
"21.01.2019","212,130","212,130","212,130","212,130","-0,19%"
"18.01.2019","212,528","212,528","212,528","212,528","0,96%"
"17.01.2019","210,497","210,497","210,497","210,497","-0,34%"
"16.01.2019","211,217","211,217","211,217","211,217","0,48%"
"15.01.2019","210,214","210,214","210,214","210,214","1,45%"
"14.01.2019","207,201","207,201","207,201","207,201","-0,32%"
"11.01.2019","207,867","207,867","207,867","207,867","0,50%"
"10.01.2019","206,840","206,840","206,840","206,840","0,46%"
"09.01.2019","205,902","205,902","205,902","205,902","0,97%"
"08.01.2019","203,919","203,919","203,919","203,919","0,80%"
"07.01.2019","202,304","202,304","202,304","202,304","0,78%"
"04.01.2019","200,741","200,741","200,741","200,741","1,62%"
"03.01.2019","197,546","197,546","197,546","197,546","0,15%"
"02.01.2019","197,248","197,248","197,248","197,248","-1,35%"
"31.12.2018","199,942","199,942","199,942","199,942","0,31%"
"28.12.2018","199,321","199,321","199,321","199,321","0,76%"
"27.12.2018","197,809","197,809","197,809","197,809","0,78%"
"26.12.2018","196,279","196,279","196,279","196,279","0,03%"
"24.12.2018","196,222","196,222","196,222","196,222","-0,05%"
"21.12.2018","196,311","196,311","196,311","196,311","-0,67%"
"20.12.2018","197,628","197,628","197,628","197,628","-1,62%"
"19.12.2018","200,883","200,883","200,883","200,883","-0,12%"
"18.12.2018","201,130","201,130","201,130","201,130","-1,45%"
"17.12.2018","204,084","204,084","204,084","204,084","0,31%"
"14.12.2018","203,461","203,461","203,461","203,461","-0,88%"
"13.12.2018","205,263","205,263","205,263","205,263","0,62%"
"12.12.2018","204,000","204,000","204,000","204,000","1,21%"
"11.12.2018","201,563","201,563","201,563","201,563","1,04%"
"10.12.2018","199,487","199,487","199,487","199,487","-2,24%"
"07.12.2018","204,066","204,066","204,066","204,066","0,24%"
"06.12.2018","203,586","203,586","203,586","203,586","-1,60%"
"05.12.2018","206,900","206,900","206,900","206,900","-1,50%"
"04.12.2018","210,043","210,043","210,043","210,043","-0,38%"
"03.12.2018","210,851","210,851","210,851","210,851","2,49%"
"30.11.2018","205,723","205,723","205,723","205,723","-0,75%"
"29.11.2018","207,274","207,274","207,274","207,274","0,00%"
"28.11.2018","207,274","207,274","207,274","207,274","0,36%"
"27.11.2018","206,527","206,527","206,527","206,527","0,66%"
"26.11.2018","205,178","205,178","205,178","205,178","0,34%"
"23.11.2018","204,492","204,492","204,492","204,492","0,74%"
"22.11.2018","202,990","202,990","202,990","202,990","0,39%"
"21.11.2018","202,198","202,198","202,198","202,198","0,28%"
"20.11.2018","201,633","201,633","201,633","201,633","-0,92%"
"19.11.2018","203,513","203,513","203,513","203,513","-0,87%"
"16.11.2018","205,292","205,292","205,292","205,292","-0,13%"
"15.11.2018","205,565","205,565","205,565","205,565","0,92%"
"14.11.2018","203,695","203,695","203,695","203,695","-1,47%"
"13.11.2018","206,724","206,724","206,724","206,724","-0,82%"
"12.11.2018","208,428","208,428","208,428","208,428","0,84%"
"09.11.2018","206,683","206,683","206,683","206,683","-0,38%"
"08.11.2018","207,475","207,475","207,475","207,475","1,04%"
"07.11.2018","205,343","205,343","205,343","205,343","0,39%"
"06.11.2018","204,551","204,551","204,551","204,551","0,81%"
"05.11.2018","202,905","202,905","202,905","202,905","-1,31%"
"02.11.2018","205,607","205,607","205,607","205,607","1,79%"
"01.11.2018","201,994","201,994","201,994","201,994","0,98%"
"31.10.2018","200,041","200,041","200,041","200,041","0,88%"
"30.10.2018","198,301","198,301","198,301","198,301","0,85%"
"29.10.2018","196,635","196,635","196,635","196,635","0,59%"
"26.10.2018","195,477","195,477","195,477","195,477","-0,25%"
"25.10.2018","195,959","195,959","195,959","195,959","-1,91%"
"24.10.2018","199,772","199,772","199,772","199,772","0,48%"
"23.10.2018","198,811","198,811","198,811","198,811","-1,90%"
"22.10.2018","202,653","202,653","202,653","202,653","0,12%"
"19.10.2018","202,401","202,401","202,401","202,401","0,02%"
"18.10.2018","202,359","202,359","202,359","202,359","0,63%"
"17.10.2018","201,094","201,094","201,094","201,094","1,11%"
"16.10.2018","198,884","198,884","198,884","198,884","0,11%"
"15.10.2018","198,657","198,657","198,657","198,657","-0,85%"
"12.10.2018","200,354","200,354","200,354","200,354","0,68%"
"11.10.2018","199,010","199,010","199,010","199,010","-3,01%"
"10.10.2018","205,180","205,180","205,180","205,180","-0,35%"
"09.10.2018","205,905","205,905","205,905","205,905","-0,50%"
"08.10.2018","206,932","206,932","206,932","206,932","-0,87%"
"05.10.2018","208,757","208,757","208,757","208,757","-0,13%"
"04.10.2018","209,029","209,029","209,029","209,029","-0,62%"
"03.10.2018","210,328","210,328","210,328","210,328","-0,12%"
"02.10.2018","210,573","210,573","210,573","210,573","-1,20%"
"01.10.2018","213,139","213,139","213,139","213,139","-0,34%"
"28.09.2018","213,862","213,862","213,862","213,862","1,17%"
"27.09.2018","211,394","211,394","211,394","211,394","0,04%"
"26.09.2018","211,318","211,318","211,318","211,318","0,61%"
"25.09.2018","210,044","210,044","210,044","210,044","-0,05%"
"24.09.2018","210,156","210,156","210,156","210,156","-0,92%"
"21.09.2018","212,103","212,103","212,103","212,103","0,98%"
"20.09.2018","210,036","210,036","210,036","210,036","-0,78%"
"19.09.2018","211,697","211,697","211,697","211,697","1,46%"
"18.09.2018","208,655","208,655","208,655","208,655","0,11%"
"17.09.2018","208,417","208,417","208,417","208,417","-0,28%"
"14.09.2018","209,005","209,005","209,005","209,005","0,84%"
"13.09.2018","207,259","207,259","207,259","207,259","0,29%"
"12.09.2018","206,656","206,656","206,656","206,656","0,12%"
"11.09.2018","206,414","206,414","206,414","206,414","0,24%"
"10.09.2018","205,913","205,913","205,913","205,913","-0,90%"
"07.09.2018","207,788","207,788","207,788","207,788","-0,33%"
"06.09.2018","208,473","208,473","208,473","208,473","-0,94%"
"05.09.2018","210,444","210,444","210,444","210,444","-1,96%"
"04.09.2018","214,646","214,646","214,646","214,646","0,16%"
"03.09.2018","214,313","214,313","214,313","214,313","-0,27%"
"31.08.2018","214,887","214,887","214,887","214,887","-0,65%"
"30.08.2018","216,285","216,285","216,285","216,285","-0,04%"
"29.08.2018","216,373","216,373","216,373","216,373","0,51%"
"28.08.2018","215,281","215,281","215,281","215,281","0,11%"
"27.08.2018","215,036","215,036","215,036","215,036","0,58%"
"24.08.2018","213,794","213,794","213,794","213,794","0,00%"
"23.08.2018","213,787","213,787","213,787","213,787","-0,82%"
"22.08.2018","215,557","215,557","215,557","215,557","-0,93%"
"21.08.2018","217,570","217,570","217,570","217,570","-0,96%"
"20.08.2018","219,686","219,686","219,686","219,686","0,28%"
"17.08.2018","219,067","219,067","219,067","219,067","0,05%"
"16.08.2018","218,947","218,947","218,947","218,947","-0,25%"
"15.08.2018","219,495","219,495","219,495","219,495","0,37%"
"14.08.2018","218,694","218,694","218,694","218,694","0,46%"
"13.08.2018","217,690","217,690","217,690","217,690","-0,80%"
"10.08.2018","219,454","219,454","219,454","219,454","-0,01%"
"09.08.2018","219,478","219,478","219,478","219,478","0,48%"
"08.08.2018","218,420","218,420","218,420","218,420","0,17%"
"07.08.2018","218,043","218,043","218,043","218,043","0,41%"
"06.08.2018","217,160","217,160","217,160","217,160","1,00%"
"03.08.2018","215,006","215,006","215,006","215,006","0,15%"
"02.08.2018","214,692","214,692","214,692","214,692","-0,90%"
"01.08.2018","216,645","216,645","216,645","216,645","-0,36%"
"31.07.2018","217,432","217,432","217,432","217,432","0,39%"
"30.07.2018","216,584","216,584","216,584","216,584","-0,71%"
"27.07.2018","218,133","218,133","218,133","218,133","0,84%"
"26.07.2018","216,311","216,311","216,311","216,311","-0,18%"
"25.07.2018","216,708","216,708","216,708","216,708","0,30%"
"24.07.2018","216,063","216,063","216,063","216,063","0,77%"
"23.07.2018","214,404","214,404","214,404","214,404","-0,52%"
"20.07.2018","215,522","215,522","215,522","215,522","0,26%"
"19.07.2018","214,953","214,953","214,953","214,953","0,14%"
"18.07.2018","214,652","214,652","214,652","214,652","0,56%"
"17.07.2018","213,459","213,459","213,459","213,459","-0,55%"
"16.07.2018","214,637","214,637","214,637","214,637","-0,68%"
"13.07.2018","216,117","216,117","216,117","216,117","0,41%"
"12.07.2018","215,232","215,232","215,232","215,232","0,74%"
"11.07.2018","213,657","213,657","213,657","213,657","-1,19%"
"10.07.2018","216,222","216,222","216,222","216,222","0,10%"
"09.07.2018","216,003","216,003","216,003","216,003","1,09%"
"06.07.2018","213,675","213,675","213,675","213,675","0,42%"
"05.07.2018","212,784","212,784","212,784","212,784","-0,11%"
"04.07.2018","213,024","213,024","213,024","213,024","-0,13%"
"03.07.2018","213,310","213,310","213,310","213,310","0,02%"
"02.07.2018","213,263","213,263","213,263","213,263","-0,36%"
"29.06.2018","214,033","214,033","214,033","214,033","-0,47%"
"28.06.2018","215,041","215,041","215,041","215,041","0,49%"
"27.06.2018","213,987","213,987","213,987","213,987","0,04%"
"26.06.2018","213,899","213,899","213,899","213,899","0,04%"
"25.06.2018","213,807","213,807","213,807","213,807","-1,27%"
"22.06.2018","216,563","216,563","216,563","216,563","0,31%"
"21.06.2018","215,893","215,893","215,893","215,893","-0,04%"
"20.06.2018","215,984","215,984","215,984","215,984","1,07%"
"19.06.2018","213,696","213,696","213,696","213,696","-1,00%"
"18.06.2018","215,861","215,861","215,861","215,861","-0,32%"
"15.06.2018","216,554","216,554","216,554","216,554","0,40%"
"14.06.2018","215,696","215,696","215,696","215,696","-0,09%"
"13.06.2018","215,888","215,888","215,888","215,888","-0,73%"
"12.06.2018","217,471","217,471","217,471","217,471","0,18%"
"11.06.2018","217,090","217,090","217,090","217,090","0,04%"
"08.06.2018","217,012","217,012","217,012","217,012","-0,58%"
"07.06.2018","218,277","218,277","218,277","218,277","-0,03%"
"06.06.2018","218,346","218,346","218,346","218,346","-0,06%"
"05.06.2018","218,484","218,484","218,484","218,484","-0,33%"
"04.06.2018","219,217","219,217","219,217","219,217","1,11%"
"01.06.2018","216,819","216,819","216,819","216,819","-0,39%"
"31.05.2018","217,666","217,666","217,666","217,666","0,13%"
"30.05.2018","217,385","217,385","217,385","217,385","-1,00%"
"29.05.2018","219,577","219,577","219,577","219,577","0,18%"
"28.05.2018","219,176","219,176","219,176","219,176","0,21%"
"25.05.2018","218,715","218,715","218,715","218,715","0,40%"
"24.05.2018","217,846","217,846","217,846","217,846","0,09%"
"23.05.2018","217,641","217,641","217,641","217,641","-0,44%"
"22.05.2018","218,609","218,609","218,609","218,609","-0,35%"
"21.05.2018","219,372","219,372","219,372","219,372","1,05%"
"18.05.2018","217,083","217,083","217,083","217,083","0,16%"
"17.05.2018","216,738","216,738","216,738","216,738","-0,17%"
"16.05.2018","217,112","217,112","217,112","217,112","0,74%"
"15.05.2018","215,510","215,510","215,510","215,510","-0,37%"
"14.05.2018","216,309","216,309","216,309","216,309","0,62%"
"11.05.2018","214,966","214,966","214,966","214,966","0,33%"
"10.05.2018","214,259","214,259","214,259","214,259","0,43%"
"09.05.2018","213,333","213,333","213,333","213,333","0,36%"
"08.05.2018","212,575","212,575","212,575","212,575","0,43%"
"07.05.2018","211,661","211,661","211,661","211,661","0,22%"
"04.05.2018","211,197","211,197","211,197","211,197","-0,47%"
"03.05.2018","212,202","212,202","212,202","212,202","0,20%"
"02.05.2018","211,788","211,788","211,788","211,788","0,58%"
"01.05.2018","210,575","210,575","210,575","210,575","0,43%"
"30.04.2018","209,667","209,667","209,667","209,667","1,06%"
"27.04.2018","207,471","207,471","207,471","207,471","0,97%"
"26.04.2018","205,474","205,474","205,474","205,474","0,20%"
"25.04.2018","205,069","205,069","205,069","205,069","-0,26%"
"24.04.2018","205,603","205,603","205,603","205,603","0,48%"
"23.04.2018","204,624","204,624","204,624","204,624","0,27%"
"20.04.2018","204,079","204,079","204,079","204,079","-0,59%"
"19.04.2018","205,291","205,291","205,291","205,291","0,45%"
"18.04.2018","204,381","204,381","204,381","204,381","0,59%"
"17.04.2018","203,192","203,192","203,192","203,192","0,02%"
"16.04.2018","203,150","203,150","203,150","203,150","-0,66%"
"13.04.2018","204,491","204,491","204,491","204,491","0,38%"
"12.04.2018","203,707","203,707","203,707","203,707","0,06%"
"11.04.2018","203,589","203,589","203,589","203,589","0,10%"
"10.04.2018","203,389","203,389","203,389","203,389","0,84%"
"09.04.2018","201,688","201,688","201,688","201,688","0,41%"
"06.04.2018","200,861","200,861","200,861","200,861","-0,05%"
"05.04.2018","200,966","200,966","200,966","200,966","0,94%"
"04.04.2018","199,101","199,101","199,101","199,101","-0,56%"
"03.04.2018","200,224","200,224","200,224","200,224","0,42%"
"02.04.2018","199,387","199,387","199,387","199,387","-0,18%"
"29.03.2018","199,738","199,738","199,738","199,738","0,52%"
"28.03.2018","198,705","198,705","198,705","198,705","-1,14%"
"27.03.2018","200,992","200,992","200,992","200,992","0,94%"
"26.03.2018","199,119","199,119","199,119","199,119","-0,77%"
"23.03.2018","200,658","200,658","200,658","200,658","-2,18%"
"22.03.2018","205,131","205,131","205,131","205,131","-0,70%"
"21.03.2018","206,567","206,567","206,567","206,567","0,03%"
"20.03.2018","206,504","206,504","206,504","206,504","0,29%"
"19.03.2018","205,899","205,899","205,899","205,899","-0,72%"
"16.03.2018","207,387","207,387","207,387","207,387","-0,17%"
"15.03.2018","207,750","207,750","207,750","207,750","-0,32%"
"14.03.2018","208,409","208,409","208,409","208,409","-0,36%"
"13.03.2018","209,166","209,166","209,166","209,166","-0,67%"
"12.03.2018","210,570","210,570","210,570","210,570","1,24%"
"09.03.2018","207,996","207,996","207,996","207,996","1,00%"
"08.03.2018","205,939","205,939","205,939","205,939","1,62%"
"07.03.2018","202,656","202,656","202,656","202,656","-1,30%"
"06.03.2018","205,325","205,325","205,325","205,325","1,21%"
"05.03.2018","202,864","202,864","202,864","202,864","-1,27%"
"02.03.2018","205,483","205,483","205,483","205,483","-1,86%"
"01.03.2018","209,367","209,367","209,367","209,367","-0,39%"
"28.02.2018","210,188","210,188","210,188","210,188","-0,35%"
"27.02.2018","210,930","210,930","210,930","210,930","0,31%"
"26.02.2018","210,271","210,271","210,271","210,271","1,08%"
"23.02.2018","208,031","208,031","208,031","208,031","0,86%"
"22.02.2018","206,248","206,248","206,248","206,248","-0,27%"
"21.02.2018","206,798","206,798","206,798","206,798","0,12%"
"20.02.2018","206,541","206,541","206,541","206,541","0,39%"
"19.02.2018","205,740","205,740","205,740","205,740","0,75%"
"16.02.2018","204,205","204,205","204,205","204,205","0,37%"
"15.02.2018","203,455","203,455","203,455","203,455","0,67%"
"14.02.2018","202,107","202,107","202,107","202,107","0,29%"
"13.02.2018","201,516","201,516","201,516","201,516","0,43%"
"12.02.2018","200,661","200,661","200,661","200,661","-0,07%"
"09.02.2018","200,810","200,810","200,810","200,810","-1,32%"
"08.02.2018","203,488","203,488","203,488","203,488","0,22%"
"07.02.2018","203,050","203,050","203,050","203,050","0,39%"
"06.02.2018","202,258","202,258","202,258","202,258","-3,03%"
"05.02.2018","208,578","208,578","208,578","208,578","-1,37%"
"02.02.2018","211,469","211,469","211,469","211,469","-0,31%"
"01.02.2018","212,135","212,135","212,135","212,135","-0,34%"
"31.01.2018","212,855","212,855","212,855","212,855","-0,00%"
"30.01.2018","212,864","212,864","212,864","212,864","-1,12%"
"29.01.2018","215,270","215,270","215,270","215,270","0,63%"
"26.01.2018","213,929","213,929","213,929","213,929","0,58%"
"25.01.2018","212,692","212,692","212,692","212,692","-1,02%"
"24.01.2018","214,877","214,877","214,877","214,877","0,11%"
"23.01.2018","214,649","214,649","214,649","214,649","0,23%"
"22.01.2018","214,152","214,152","214,152","214,152","0,04%"
"19.01.2018","214,071","214,071","214,071","214,071","0,30%"
"18.01.2018","213,430","213,430","213,430","213,430","-0,10%"
"17.01.2018","213,649","213,649","213,649","213,649","-0,17%"
"16.01.2018","214,008","214,008","214,008","214,008","0,24%"
"15.01.2018","213,496","213,496","213,496","213,496","-0,21%"
"12.01.2018","213,936","213,936","213,936","213,936","-0,56%"
"11.01.2018","215,131","215,131","215,131","215,131","-0,68%"
"10.01.2018","216,601","216,601","216,601","216,601","-0,63%"
"09.01.2018","217,975","217,975","217,975","217,975","0,56%"
"08.01.2018","216,771","216,771","216,771","216,771","0,49%"
"05.01.2018","215,715","215,715","215,715","215,715","0,78%"
"04.01.2018","214,054","214,054","214,054","214,054","0,09%"
"03.01.2018","213,855","213,855","213,855","213,855","0,47%"
"02.01.2018","212,851","212,851","212,851","212,851","0,10%"
"29.12.2017","212,637","212,637","212,637","212,637","-0,37%"
"28.12.2017","213,431","213,431","213,431","213,431","0,37%"
"27.12.2017","212,641","212,641","212,641","212,641","0,39%"
"26.12.2017","211,815","211,815","211,815","211,815","-0,21%"
"22.12.2017","212,263","212,263","212,263","212,263","0,56%"
"21.12.2017","211,079","211,079","211,079","211,079","0,26%"
"20.12.2017","210,524","210,524","210,524","210,524","-0,45%"
"19.12.2017","211,467","211,467","211,467","211,467","0,26%"
"18.12.2017","210,928","210,928","210,928","210,928","0,39%"
"15.12.2017","210,116","210,116","210,116","210,116","-0,50%"
"14.12.2017","211,177","211,177","211,177","211,177","0,01%"
"13.12.2017","211,149","211,149","211,149","211,149","0,37%"
"12.12.2017","210,362","210,362","210,362","210,362","1,08%"
"11.12.2017","208,107","208,107","208,107","208,107","0,29%"
"08.12.2017","207,497","207,497","207,497","207,497","0,73%"
"07.12.2017","206,001","206,001","206,001","206,001","-0,21%"
"06.12.2017","206,430","206,430","206,430","206,430","-0,68%"
"05.12.2017","207,840","207,840","207,840","207,840","-0,11%"
"04.12.2017","208,062","208,062","208,062","208,062","-0,04%"
"01.12.2017","208,153","208,153","208,153","208,153","0,84%"
"30.11.2017","206,413","206,413","206,413","206,413","-1,24%"
"29.11.2017","209,002","209,002","209,002","209,002","0,21%"
"28.11.2017","208,567","208,567","208,567","208,567","0,04%"
"27.11.2017","208,477","208,477","208,477","208,477","0,09%"
"24.11.2017","208,298","208,298","208,298","208,298","-0,58%"
"23.11.2017","209,523","209,523","209,523","209,523","-0,19%"
"22.11.2017","209,924","209,924","209,924","209,924","-0,06%"
"21.11.2017","210,059","210,059","210,059","210,059","1,12%"
"20.11.2017","207,733","207,733","207,733","207,733","0,23%"
"17.11.2017","207,251","207,251","207,251","207,251","-0,06%"
"16.11.2017","207,378","207,378","207,378","207,378","0,32%"
"15.11.2017","206,716","206,716","206,716","206,716","-1,30%"
"14.11.2017","209,448","209,448","209,448","209,448","-1,45%"
"13.11.2017","212,519","212,519","212,519","212,519","0,07%"
"10.11.2017","212,375","212,375","212,375","212,375","-0,40%"
"09.11.2017","213,235","213,235","213,235","213,235","0,22%"
"08.11.2017","212,760","212,760","212,760","212,760","0,29%"
"07.11.2017","212,138","212,138","212,138","212,138","1,08%"
"06.11.2017","209,865","209,865","209,865","209,865","-0,03%"
"03.11.2017","209,935","209,935","209,935","209,935","0,42%"
"02.11.2017","209,059","209,059","209,059","209,059","-0,27%"
"01.11.2017","209,619","209,619","209,619","209,619","1,04%"
"31.10.2017","207,459","207,459","207,459","207,459","-0,55%"
"30.10.2017","208,599","208,599","208,599","208,599","-0,17%"
"27.10.2017","208,949","208,949","208,949","208,949","0,83%"
"26.10.2017","207,229","207,229","207,229","207,229","0,87%"
"25.10.2017","205,449","205,449","205,449","205,449","-0,81%"
"24.10.2017","207,121","207,121","207,121","207,121","-0,62%"
"23.10.2017","208,405","208,405","208,405","208,405","-0,08%"
"20.10.2017","208,571","208,571","208,571","208,571","0,29%"
"19.10.2017","207,974","207,974","207,974","207,974","-0,46%"
"18.10.2017","208,940","208,940","208,940","208,940","-0,20%"
"17.10.2017","209,349","209,349","209,349","209,349","0,61%"
"16.10.2017","208,090","208,090","208,090","208,090","0,74%"
"13.10.2017","206,564","206,564","206,564","206,564","0,84%"
"12.10.2017","204,851","204,851","204,851","204,851","0,80%"
"11.10.2017","203,217","203,217","203,217","203,217","-0,28%"
"10.10.2017","203,780","203,780","203,780","203,780","-0,13%"
"09.10.2017","204,036","204,036","204,036","204,036","0,15%"
"06.10.2017","203,725","203,725","203,725","203,725","0,18%"
"05.10.2017","203,359","203,359","203,359","203,359","0,04%"
"04.10.2017","203,276","203,276","203,276","203,276","-0,16%"
"03.10.2017","203,602","203,602","203,602","203,602","-0,35%"
"02.10.2017","204,310","204,310","204,310","204,310","1,27%"
"29.09.2017","201,738","201,738","201,738","201,738","-0,07%"
"28.09.2017","201,874","201,874","201,874","201,874","-0,67%"
"27.09.2017","203,232","203,232","203,232","203,232","0,36%"
"26.09.2017","202,512","202,512","202,512","202,512","0,07%"
"25.09.2017","202,370","202,370","202,370","202,370","0,16%"
"22.09.2017","202,038","202,038","202,038","202,038","0,17%"
"21.09.2017","201,700","201,700","201,700","201,700","-1,03%"
"20.09.2017","203,809","203,809","203,809","203,809","0,42%"
"19.09.2017","202,958","202,958","202,958","202,958","-0,25%"
"18.09.2017","203,476","203,476","203,476","203,476","0,56%"
"15.09.2017","202,340","202,340","202,340","202,340","-1,03%"
"14.09.2017","204,440","204,440","204,440","204,440","-0,01%"
"13.09.2017","204,452","204,452","204,452","204,452","-0,02%"
"12.09.2017","204,498","204,498","204,498","204,498","0,71%"
"11.09.2017","203,066","203,066","203,066","203,066","0,70%"
"08.09.2017","201,658","201,658","201,658","201,658","0,25%"
"07.09.2017","201,157","201,157","201,157","201,157","-0,25%"
"06.09.2017","201,660","201,660","201,660","201,660","-0,70%"
"05.09.2017","203,080","203,080","203,080","203,080","0,61%"
"04.09.2017","201,855","201,855","201,855","201,855","-0,95%"
"01.09.2017","203,789","203,789","203,789","203,789","0,69%"
"31.08.2017","202,391","202,391","202,391","202,391","1,09%"
"30.08.2017","200,200","200,200","200,200","200,200","0,72%"
"29.08.2017","198,774","198,774","198,774","198,774","-0,93%"
"28.08.2017","200,646","200,646","200,646","200,646","-0,93%"
"25.08.2017","202,527","202,527","202,527","202,527","-0,12%"
"24.08.2017","202,778","202,778","202,778","202,778","0,29%"
"23.08.2017","202,186","202,186","202,186","202,186","-0,83%"
"22.08.2017","203,887","203,887","203,887","203,887","0,92%"
"21.08.2017","202,026","202,026","202,026","202,026","-0,55%"
"18.08.2017","203,134","203,134","203,134","203,134","-0,73%"
"17.08.2017","204,634","204,634","204,634","204,634","-0,14%"
"16.08.2017","204,920","204,920","204,920","204,920","1,20%"
"15.08.2017","202,488","202,488","202,488","202,488","0,30%"
"14.08.2017","201,873","201,873","201,873","201,873","0,81%"
"11.08.2017","200,255","200,255","200,255","200,255","-1,72%"
"10.08.2017","203,758","203,758","203,758","203,758","-0,26%"
"09.08.2017","204,291","204,291","204,291","204,291","0,06%"
"08.08.2017","204,174","204,174","204,174","204,174","0,21%"
"07.08.2017","203,737","203,737","203,737","203,737","0,04%"
"04.08.2017","203,660","203,660","203,660","203,660","0,51%"
"03.08.2017","202,626","202,626","202,626","202,626","-0,46%"
"02.08.2017","203,572","203,572","203,572","203,572","-0,71%"
"01.08.2017","205,037","205,037","205,037","205,037","0,69%"
"31.07.2017","203,623","203,623","203,623","203,623","-0,06%"
"28.07.2017","203,753","203,753","203,753","203,753","-1,46%"
"27.07.2017","206,766","206,766","206,766","206,766","0,43%"
"26.07.2017","205,888","205,888","205,888","205,888","0,69%"
"25.07.2017","204,467","204,467","204,467","204,467","0,33%"
"24.07.2017","203,789","203,789","203,789","203,789","-0,02%"
"21.07.2017","203,830","203,830","203,830","203,830","-0,76%"
"20.07.2017","205,396","205,396","205,396","205,396","-0,51%"
"19.07.2017","206,439","206,439","206,439","206,439","1,27%"
"18.07.2017","203,851","203,851","203,851","203,851","-0,66%"
"17.07.2017","205,202","205,202","205,202","205,202","-0,17%"
"14.07.2017","205,546","205,546","205,546","205,546","0,82%"
"13.07.2017","203,873","203,873","203,873","203,873","1,61%"
"12.07.2017","200,639","200,639","200,639","200,639","0,01%"
"11.07.2017","200,613","200,613","200,613","200,613","0,02%"
"10.07.2017","200,570","200,570","200,570","200,570","0,34%"
"07.07.2017","199,900","199,900","199,900","199,900","-0,23%"
"06.07.2017","200,370","200,370","200,370","200,370","-0,74%"
"05.07.2017","201,865","201,865","201,865","201,865","0,04%"
"04.07.2017","201,786","201,786","201,786","201,786","0,42%"
"03.07.2017","200,939","200,939","200,939","200,939","-0,43%"
"30.06.2017","201,810","201,810","201,810","201,810","-1,17%"
"29.06.2017","204,196","204,196","204,196","204,196","1,10%"
"28.06.2017","201,971","201,971","201,971","201,971","-0,24%"
"27.06.2017","202,460","202,460","202,460","202,460","-0,81%"
"26.06.2017","204,116","204,116","204,116","204,116","0,35%"
"23.06.2017","203,396","203,396","203,396","203,396","-0,07%"
"22.06.2017","203,540","203,540","203,540","203,540","0,39%"
"21.06.2017","202,757","202,757","202,757","202,757","-1,66%"
"20.06.2017","206,173","206,173","206,173","206,173","-0,46%"
"19.06.2017","207,132","207,132","207,132","207,132","0,80%"
"16.06.2017","205,485","205,485","205,485","205,485","-0,04%"
"15.06.2017","205,567","205,567","205,567","205,567","-0,31%"
"14.06.2017","206,196","206,196","206,196","206,196","0,57%"
"13.06.2017","205,024","205,024","205,024","205,024","1,28%"
"12.06.2017","202,437","202,437","202,437","202,437","-0,41%"
"09.06.2017","203,279","203,279","203,279","203,279","0,32%"
"08.06.2017","202,632","202,632","202,632","202,632","0,52%"
"07.06.2017","201,580","201,580","201,580","201,580","0,24%"
"06.06.2017","201,099","201,099","201,099","201,099","-0,53%"
"05.06.2017","202,173","202,173","202,173","202,173","0,07%"
"02.06.2017","202,027","202,027","202,027","202,027","0,73%"
"01.06.2017","200,556","200,556","200,556","200,556","-0,01%"
"31.05.2017","200,576","200,576","200,576","200,576","-0,43%"
"30.05.2017","201,448","201,448","201,448","201,448","0,21%"
"29.05.2017","201,028","201,028","201,028","201,028","-0,32%"
"26.05.2017","201,683","201,683","201,683","201,683","-0,32%"
"25.05.2017","202,326","202,326","202,326","202,326","0,09%"
"24.05.2017","202,141","202,141","202,141","202,141","0,39%"
"23.05.2017","201,348","201,348","201,348","201,348","0,11%"
"22.05.2017","201,131","201,131","201,131","201,131","0,41%"
"19.05.2017","200,302","200,302","200,302","200,302","-0,59%"
"18.05.2017","201,494","201,494","201,494","201,494","-0,29%"
"17.05.2017","202,078","202,078","202,078","202,078","-1,33%"
"16.05.2017","204,803","204,803","204,803","204,803","-0,70%"
"15.05.2017","206,238","206,238","206,238","206,238","-0,04%"
"12.05.2017","206,320","206,320","206,320","206,320","-0,78%"
"11.05.2017","207,934","207,934","207,934","207,934","0,07%"
"10.05.2017","207,788","207,788","207,788","207,788","0,80%"
"09.05.2017","206,134","206,134","206,134","206,134","0,02%"
"08.05.2017","206,096","206,096","206,096","206,096","0,87%"
"05.05.2017","204,322","204,322","204,322","204,322","-0,99%"
"04.05.2017","206,374","206,374","206,374","206,374","-1,03%"
"03.05.2017","208,531","208,531","208,531","208,531","-1,06%"
"02.05.2017","210,769","210,769","210,769","210,769","0,18%"
"01.05.2017","210,386","210,386","210,386","210,386","0,53%"
"28.04.2017","209,276","209,276","209,276","209,276","0,02%"
"27.04.2017","209,236","209,236","209,236","209,236","0,22%"
"26.04.2017","208,767","208,767","208,767","208,767","0,71%"
"25.04.2017","207,293","207,293","207,293","207,293","-0,49%"
"24.04.2017","208,312","208,312","208,312","208,312","-0,97%"
"21.04.2017","210,350","210,350","210,350","210,350","0,90%"
"20.04.2017","208,484","208,484","208,484","208,484","0,16%"
"19.04.2017","208,145","208,145","208,145","208,145","-1,12%"
"18.04.2017","210,492","210,492","210,492","210,492","-1,67%"
"17.04.2017","214,067","214,067","214,067","214,067","-0,28%"
"13.04.2017","214,667","214,667","214,667","214,667","0,19%"
"12.04.2017","214,251","214,251","214,251","214,251","0,61%"
"11.04.2017","212,954","212,954","212,954","212,954","-0,43%"
"10.04.2017","213,881","213,881","213,881","213,881","0,71%"
"07.04.2017","212,381","212,381","212,381","212,381","0,09%"
"06.04.2017","212,188","212,188","212,188","212,188","-0,41%"
"05.04.2017","213,069","213,069","213,069","213,069","0,63%"
"04.04.2017","211,733","211,733","211,733","211,733","-0,70%"
"03.04.2017","213,218","213,218","213,218","213,218","0,54%"
"31.03.2017","212,068","212,068","212,068","212,068","-0,56%"
"30.03.2017","213,262","213,262","213,262","213,262","0,51%"
"29.03.2017","212,185","212,185","212,185","212,185","1,98%"
"28.03.2017","208,075","208,075","208,075","208,075","1,43%"
"27.03.2017","205,136","205,136","205,136","205,136","-1,01%"
"24.03.2017","207,233","207,233","207,233","207,233","0,21%"
"23.03.2017","206,800","206,800","206,800","206,800","0,39%"
"22.03.2017","205,989","205,989","205,989","205,989","-1,58%"
"21.03.2017","209,293","209,293","209,293","209,293","-0,73%"
"20.03.2017","210,842","210,842","210,842","210,842","0,20%"
"17.03.2017","210,425","210,425","210,425","210,425","0,29%"
"16.03.2017","209,827","209,827","209,827","209,827","0,31%"
"15.03.2017","209,180","209,180","209,180","209,180","0,58%"
"14.03.2017","207,980","207,980","207,980","207,980","0,13%"
"13.03.2017","207,720","207,720","207,720","207,720","-0,01%"
"10.03.2017","207,741","207,741","207,741","207,741","0,30%"
"09.03.2017","207,123","207,123","207,123","207,123","-1,05%"
"08.03.2017","209,317","209,317","209,317","209,317","-0,07%"
"07.03.2017","209,468","209,468","209,468","209,468","0,51%"
"06.03.2017","208,395","208,395","208,395","208,395","0,11%"
"03.03.2017","208,166","208,166","208,166","208,166","-1,22%"
"02.03.2017","210,732","210,732","210,732","210,732","0,60%"
"01.03.2017","209,485","209,485","209,485","209,485","0,65%"
"28.02.2017","208,125","208,125","208,125","208,125","-0,41%"
"27.02.2017","208,988","208,988","208,988","208,988","-0,42%"
"24.02.2017","209,874","209,874","209,874","209,874","-0,75%"
"23.02.2017","211,465","211,465","211,465","211,465","-0,10%"
"22.02.2017","211,679","211,679","211,679","211,679","0,71%"
"21.02.2017","210,186","210,186","210,186","210,186","0,68%"
"20.02.2017","208,775","208,775","208,775","208,775","0,10%"
"17.02.2017","208,567","208,567","208,567","208,567","0,27%"
"16.02.2017","208,005","208,005","208,005","208,005","-0,64%"
"15.02.2017","209,349","209,349","209,349","209,349","1,21%"
"14.02.2017","206,843","206,843","206,843","206,843","0,18%"
"13.02.2017","206,479","206,479","206,479","206,479","0,43%"
"10.02.2017","205,598","205,598","205,598","205,598","1,44%"
"09.02.2017","202,679","202,679","202,679","202,679","0,29%"
"08.02.2017","202,087","202,087","202,087","202,087","0,38%"
"07.02.2017","201,323","201,323","201,323","201,323","0,59%"
"06.02.2017","200,149","200,149","200,149","200,149","0,12%"
"03.02.2017","199,911","199,911","199,911","199,911","-0,05%"
"02.02.2017","200,001","200,001","200,001","200,001","0,16%"
"01.02.2017","199,673","199,673","199,673","199,673","0,56%"
"31.01.2017","198,560","198,560","198,560","198,560","-1,18%"
"30.01.2017","200,927","200,927","200,927","200,927","-0,34%"
"27.01.2017","201,604","201,604","201,604","201,604","0,48%"
"26.01.2017","200,643","200,643","200,643","200,643","0,72%"
"25.01.2017","199,202","199,202","199,202","199,202","0,23%"
"24.01.2017","198,743","198,743","198,743","198,743","0,54%"
"23.01.2017","197,681","197,681","197,681","197,681","-0,68%"
"20.01.2017","199,030","199,030","199,030","199,030","-1,13%"
"19.01.2017","201,314","201,314","201,314","201,314","0,67%"
"18.01.2017","199,972","199,972","199,972","199,972","0,20%"
"17.01.2017","199,579","199,579","199,579","199,579","-0,63%"
"16.01.2017","200,844","200,844","200,844","200,844","0,21%"
"13.01.2017","200,420","200,420","200,420","200,420","-0,12%"
"12.01.2017","200,666","200,666","200,666","200,666","-0,88%"
"11.01.2017","202,440","202,440","202,440","202,440","1,31%"
"10.01.2017","199,822","199,822","199,822","199,822","0,03%"
"09.01.2017","199,769","199,769","199,769","199,769","1,24%"
"06.01.2017","197,320","197,320","197,320","197,320","0,02%"
"05.01.2017","197,275","197,275","197,275","197,275","0,12%"
"04.01.2017","197,043","197,043","197,043","197,043","-0,13%"
"03.01.2017","197,294","197,294","197,294","197,294","2,47%"
"30.12.2016","192,544","192,544","192,544","192,544","-0,51%"
"29.12.2016","193,525","193,525","193,525","193,525","-0,43%"
"28.12.2016","194,357","194,357","194,357","194,357","1,07%"
"27.12.2016","192,291","192,291","192,291","192,291","0,20%"
"23.12.2016","191,909","191,909","191,909","191,909","-0,84%"
"22.12.2016","193,528","193,528","193,528","193,528","-0,24%"
"21.12.2016","193,984","193,984","193,984","193,984","-0,19%"
"20.12.2016","194,361","194,361","194,361","194,361","0,72%"
"19.12.2016","192,967","192,967","192,967","192,967","-0,43%"
"16.12.2016","193,796","193,796","193,796","193,796","-0,69%"
"15.12.2016","195,142","195,142","195,142","195,142","-0,36%"
"14.12.2016","195,852","195,852","195,852","195,852","0,43%"
"13.12.2016","195,023","195,023","195,023","195,023","-0,43%"
"12.12.2016","195,873","195,873","195,873","195,873","-0,49%"
"09.12.2016","196,831","196,831","196,831","196,831","0,73%"
"08.12.2016","195,401","195,401","195,401","195,401","1,78%"
"07.12.2016","191,981","191,981","191,981","191,981","0,56%"
"06.12.2016","190,915","190,915","190,915","190,915","0,29%"
"05.12.2016","190,360","190,360","190,360","190,360","-0,75%"
"02.12.2016","191,798","191,798","191,798","191,798","-1,10%"
"01.12.2016","193,932","193,932","193,932","193,932","0,73%"
"30.11.2016","192,526","192,526","192,526","192,526","-0,43%"
"29.11.2016","193,364","193,364","193,364","193,364","-0,46%"
"28.11.2016","194,248","194,248","194,248","194,248","0,17%"
"25.11.2016","193,928","193,928","193,928","193,928","0,15%"
"24.11.2016","193,630","193,630","193,630","193,630","-0,12%"
"23.11.2016","193,856","193,856","193,856","193,856","1,47%"
"22.11.2016","191,039","191,039","191,039","191,039","1,28%"
"21.11.2016","188,626","188,626","188,626","188,626","-0,38%"
"18.11.2016","189,355","189,355","189,355","189,355","0,17%"
"17.11.2016","189,042","189,042","189,042","189,042","0,51%"
"16.11.2016","188,092","188,092","188,092","188,092","-0,20%"
"15.11.2016","188,461","188,461","188,461","188,461","-0,08%"
"14.11.2016","188,609","188,609","188,609","188,609","0,66%"
"11.11.2016","187,365","187,365","187,365","187,365","0,14%"
"10.11.2016","187,110","187,110","187,110","187,110","2,52%"
"09.11.2016","182,508","182,508","182,508","182,508","-1,37%"
"08.11.2016","185,052","185,052","185,052","185,052","0,38%"
"07.11.2016","184,359","184,359","184,359","184,359","1,66%"
"04.11.2016","181,343","181,343","181,343","181,343","-0,87%"
"03.11.2016","182,930","182,930","182,930","182,930","0,04%"
"02.11.2016","182,853","182,853","182,853","182,853","-1,60%"
"01.11.2016","185,827","185,827","185,827","185,827","-0,38%"
"31.10.2016","186,540","186,540","186,540","186,540","0,24%"
"28.10.2016","186,098","186,098","186,098","186,098","-0,57%"
"27.10.2016","187,159","187,159","187,159","187,159","-1,49%"
"26.10.2016","189,986","189,986","189,986","189,986","-1,43%"
"25.10.2016","192,745","192,745","192,745","192,745","0,93%"
"24.10.2016","190,974","190,974","190,974","190,974","0,08%"
"21.10.2016","190,823","190,823","190,823","190,823","0,07%"
"20.10.2016","190,686","190,686","190,686","190,686","-0,03%"
"19.10.2016","190,736","190,736","190,736","190,736","0,52%"
"18.10.2016","189,749","189,749","189,749","189,749","1,25%"
"17.10.2016","187,401","187,401","187,401","187,401","-0,65%"
"14.10.2016","188,622","188,622","188,622","188,622","1,11%"
"13.10.2016","186,548","186,548","186,548","186,548","-1,15%"
"12.10.2016","188,727","188,727","188,727","188,727","0,30%"
"11.10.2016","188,155","188,155","188,155","188,155","-0,13%"
"10.10.2016","188,403","188,403","188,403","188,403","0,54%"
"07.10.2016","187,397","187,397","187,397","187,397","-0,19%"
"06.10.2016","187,749","187,749","187,749","187,749","0,50%"
"05.10.2016","186,807","186,807","186,807","186,807","-1,07%"
"04.10.2016","188,820","188,820","188,820","188,820","0,59%"
"03.10.2016","187,705","187,705","187,705","187,705","0,99%"
"30.09.2016","185,873","185,873","185,873","185,873","-0,98%"
"29.09.2016","187,713","187,713","187,713","187,713","0,65%"
"28.09.2016","186,496","186,496","186,496","186,496","0,14%"
"27.09.2016","186,236","186,236","186,236","186,236","0,83%"
"26.09.2016","184,705","184,705","184,705","184,705","-0,70%"
"23.09.2016","186,009","186,009","186,009","186,009","0,63%"
"22.09.2016","184,846","184,846","184,846","184,846","0,22%"
"21.09.2016","184,437","184,437","184,437","184,437","0,83%"
"20.09.2016","182,913","182,913","182,913","182,913","0,15%"
"19.09.2016","182,635","182,635","182,635","182,635","0,85%"
"16.09.2016","181,092","181,092","181,092","181,092","1,25%"
"15.09.2016","178,863","178,863","178,863","178,863","0,79%"
"14.09.2016","177,468","177,468","177,468","177,468","-0,01%"
"13.09.2016","177,482","177,482","177,482","177,482","-1,09%"
"12.09.2016","179,444","179,444","179,444","179,444","-2,55%"
"09.09.2016","184,136","184,136","184,136","184,136","-0,73%"
"08.09.2016","185,496","185,496","185,496","185,496","-0,31%"
"07.09.2016","186,066","186,066","186,066","186,066","0,17%"
"06.09.2016","185,742","185,742","185,742","185,742","0,03%"
"05.09.2016","185,685","185,685","185,685","185,685","1,79%"
"02.09.2016","182,416","182,416","182,416","182,416","-0,00%"
"01.09.2016","182,420","182,420","182,420","182,420","-0,16%"
"31.08.2016","182,708","182,708","182,708","182,708","-0,31%"
"30.08.2016","183,276","183,276","183,276","183,276","0,02%"
"29.08.2016","183,239","183,239","183,239","183,239","-0,62%"
"26.08.2016","184,374","184,374","184,374","184,374","0,06%"
"25.08.2016","184,268","184,268","184,268","184,268","-0,44%"
"24.08.2016","185,079","185,079","185,079","185,079","0,42%"
"23.08.2016","184,314","184,314","184,314","184,314","0,86%"
"22.08.2016","182,737","182,737","182,737","182,737","0,01%"
"19.08.2016","182,713","182,713","182,713","182,713","-0,46%"
"18.08.2016","183,558","183,558","183,558","183,558","-0,46%"
"17.08.2016","184,401","184,401","184,401","184,401","-0,41%"
"16.08.2016","185,163","185,163","185,163","185,163","-0,83%"
"15.08.2016","186,712","186,712","186,712","186,712","-0,05%"
"12.08.2016","186,800","186,800","186,800","186,800","0,21%"
"11.08.2016","186,411","186,411","186,411","186,411","-0,60%"
"10.08.2016","187,537","187,537","187,537","187,537","-0,16%"
"09.08.2016","187,842","187,842","187,842","187,842","0,05%"
"08.08.2016","187,757","187,757","187,757","187,757","1,41%"
"05.08.2016","185,143","185,143","185,143","185,143","1,04%"
"04.08.2016","183,235","183,235","183,235","183,235","0,88%"
"03.08.2016","181,630","181,630","181,630","181,630","-1,37%"
"02.08.2016","184,145","184,145","184,145","184,145","-0,62%"
"01.08.2016","185,296","185,296","185,296","185,296","0,31%"
"29.07.2016","184,730","184,730","184,730","184,730","-0,57%"
"28.07.2016","185,791","185,791","185,791","185,791","-0,38%"
"27.07.2016","186,500","186,500","186,500","186,500","-0,35%"
"26.07.2016","187,164","187,164","187,164","187,164","0,86%"
"25.07.2016","185,560","185,560","185,560","185,560","0,54%"
"22.07.2016","184,557","184,557","184,557","184,557","-0,44%"
"21.07.2016","185,379","185,379","185,379","185,379","0,62%"
"20.07.2016","184,242","184,242","184,242","184,242","0,75%"
"19.07.2016","182,873","182,873","182,873","182,873","-0,46%"
"18.07.2016","183,711","183,711","183,711","183,711","0,63%"
"15.07.2016","182,561","182,561","182,561","182,561","0,25%"
"14.07.2016","182,108","182,108","182,108","182,108","0,55%"
"13.07.2016","181,116","181,116","181,116","181,116","0,21%"
"12.07.2016","180,740","180,740","180,740","180,740","1,20%"
"11.07.2016","178,595","178,595","178,595","178,595","1,49%"
"08.07.2016","175,973","175,973","175,973","175,973","0,59%"
"07.07.2016","174,949","174,949","174,949","174,949","0,63%"
"06.07.2016","173,860","173,860","173,860","173,860","-0,07%"
"05.07.2016","173,987","173,987","173,987","173,987","-1,32%"
"04.07.2016","176,321","176,321","176,321","176,321","1,20%"
"01.07.2016","174,235","174,235","174,235","174,235","0,22%"
"30.06.2016","173,845","173,845","173,845","173,845","1,87%"
"29.06.2016","170,646","170,646","170,646","170,646","1,33%"
"28.06.2016","168,411","168,411","168,411","168,411","-0,65%"
"27.06.2016","169,518","169,518","169,518","169,518","0,11%"
"24.06.2016","169,335","169,335","169,335","169,335","-1,68%"
"23.06.2016","172,235","172,235","172,235","172,235","0,43%"
"22.06.2016","171,501","171,501","171,501","171,501","0,33%"
"21.06.2016","170,937","170,937","170,937","170,937","0,72%"
"20.06.2016","169,720","169,720","169,720","169,720","1,66%"
"17.06.2016","166,954","166,954","166,954","166,954","0,23%"
"16.06.2016","166,576","166,576","166,576","166,576","-0,69%"
"15.06.2016","167,731","167,731","167,731","167,731","-0,36%"
"14.06.2016","168,338","168,338","168,338","168,338","-1,13%"
"13.06.2016","170,258","170,258","170,258","170,258","-0,83%"
"10.06.2016","171,686","171,686","171,686","171,686","-0,90%"
"09.06.2016","173,253","173,253","173,253","173,253","0,08%"
"08.06.2016","173,106","173,106","173,106","173,106","-0,17%"
"07.06.2016","173,405","173,405","173,405","173,405","1,23%"
"06.06.2016","171,299","171,299","171,299","171,299","0,87%"
"03.06.2016","169,819","169,819","169,819","169,819","0,15%"
"02.06.2016","169,572","169,572","169,572","169,572","-0,48%"
"01.06.2016","170,397","170,397","170,397","170,397","-1,02%"
"31.05.2016","172,155","172,155","172,155","172,155","0,46%"
"30.05.2016","171,359","171,359","171,359","171,359","-0,07%"
"27.05.2016","171,487","171,487","171,487","171,487","0,72%"
"26.05.2016","170,263","170,263","170,263","170,263","0,23%"
"25.05.2016","169,880","169,880","169,880","169,880","1,67%"
"24.05.2016","167,095","167,095","167,095","167,095","-0,15%"
"23.05.2016","167,345","167,345","167,345","167,345","-0,53%"
"20.05.2016","168,240","168,240","168,240","168,240","0,76%"
"19.05.2016","166,964","166,964","166,964","166,964","-0,68%"
"18.05.2016","168,101","168,101","168,101","168,101","-0,86%"
"17.05.2016","169,551","169,551","169,551","169,551","1,30%"
"16.05.2016","167,383","167,383","167,383","167,383","0,43%"
"13.05.2016","166,671","166,671","166,671","166,671","-0,42%"
"12.05.2016","167,366","167,366","167,366","167,366","-0,26%"
"11.05.2016","167,796","167,796","167,796","167,796","-0,19%"
"10.05.2016","168,109","168,109","168,109","168,109","0,78%"
"09.05.2016","166,805","166,805","166,805","166,805","0,58%"
"06.05.2016","165,845","165,845","165,845","165,845","-1,64%"
"05.05.2016","168,608","168,608","168,608","168,608","1,02%"
"04.05.2016","166,903","166,903","166,903","166,903","-1,31%"
"03.05.2016","169,116","169,116","169,116","169,116","-0,35%"
"02.05.2016","169,708","169,708","169,708","169,708","-0,82%"
"29.04.2016","171,116","171,116","171,116","171,116","-1,20%"
"28.04.2016","173,189","173,189","173,189","173,189","0,78%"
"27.04.2016","171,847","171,847","171,847","171,847","-2,01%"
"26.04.2016","175,367","175,367","175,367","175,367","-0,32%"
"25.04.2016","175,935","175,935","175,935","175,935","-0,42%"
"22.04.2016","176,682","176,682","176,682","176,682","-0,49%"
"21.04.2016","177,545","177,545","177,545","177,545","1,10%"
"20.04.2016","175,614","175,614","175,614","175,614","0,48%"
"19.04.2016","174,779","174,779","174,779","174,779","1,34%"
"18.04.2016","172,469","172,469","172,469","172,469","-0,37%"
"15.04.2016","173,106","173,106","173,106","173,106","0,16%"
"14.04.2016","172,821","172,821","172,821","172,821","1,71%"
"13.04.2016","169,909","169,909","169,909","169,909","2,80%"
"12.04.2016","165,274","165,274","165,274","165,274","1,48%"
"11.04.2016","162,858","162,858","162,858","162,858","0,02%"
"08.04.2016","162,829","162,829","162,829","162,829","0,02%"
"07.04.2016","162,796","162,796","162,796","162,796","-0,04%"
"06.04.2016","162,860","162,860","162,860","162,860","0,65%"
"05.04.2016","161,813","161,813","161,813","161,813","-1,91%"
"04.04.2016","164,966","164,966","164,966","164,966","-0,55%"
"01.04.2016","165,871","165,871","165,871","165,871","-1,57%"
"31.03.2016","168,509","168,509","168,509","168,509","0,33%"
"30.03.2016","167,949","167,949","167,949","167,949","0,64%"
"29.03.2016","166,879","166,879","166,879","166,879","-0,50%"
"28.03.2016","167,711","167,711","167,711","167,711","-0,21%"
"24.03.2016","168,067","168,067","168,067","168,067","-1,33%"
"23.03.2016","170,339","170,339","170,339","170,339","-0,66%"
"22.03.2016","171,468","171,468","171,468","171,468","0,47%"
"21.03.2016","170,671","170,671","170,671","170,671","-0,15%"
"18.03.2016","170,920","170,920","170,920","170,920","0,59%"
"17.03.2016","169,915","169,915","169,915","169,915","0,81%"
"16.03.2016","168,543","168,543","168,543","168,543","0,19%"
"15.03.2016","168,219","168,219","168,219","168,219","-1,51%"
"14.03.2016","170,793","170,793","170,793","170,793","0,64%"
"11.03.2016","169,701","169,701","169,701","169,701","1,37%"
"10.03.2016","167,415","167,415","167,415","167,415","-1,74%"
"09.03.2016","170,378","170,378","170,378","170,378","1,77%"
"08.03.2016","167,409","167,409","167,409","167,409","-1,67%"
"07.03.2016","170,250","170,250","170,250","170,250","1,16%"
"04.03.2016","168,304","168,304","168,304","168,304","0,37%"
"03.03.2016","167,677","167,677","167,677","167,677","1,16%"
"02.03.2016","165,749","165,749","165,749","165,749","3,59%"
"01.03.2016","160,010","160,010","160,010","160,010","1,23%"
"29.02.2016","158,067","158,067","158,067","158,067","0,20%"
"26.02.2016","157,759","157,759","157,759","157,759","1,45%"
"25.02.2016","155,509","155,509","155,509","155,509","-0,18%"
"24.02.2016","155,788","155,788","155,788","155,788","-2,15%"
"23.02.2016","159,217","159,217","159,217","159,217","-0,42%"
"22.02.2016","159,894","159,894","159,894","159,894","3,15%"
"19.02.2016","155,016","155,016","155,016","155,016","-0,94%"
"18.02.2016","156,483","156,483","156,483","156,483","2,26%"
"17.02.2016","153,018","153,018","153,018","153,018","0,17%"
"16.02.2016","152,762","152,762","152,762","152,762","0,81%"
"15.02.2016","151,535","151,535","151,535","151,535","3,44%"
"12.02.2016","146,490","146,490","146,490","146,490","0,07%"
"11.02.2016","146,383","146,383","146,383","146,383","-1,58%"
"10.02.2016","148,740","148,740","148,740","148,740","0,34%"
"09.02.2016","148,243","148,243","148,243","148,243","-3,20%"
"08.02.2016","153,142","153,142","153,142","153,142","-0,14%"
"05.02.2016","153,359","153,359","153,359","153,359","-0,82%"
"04.02.2016","154,621","154,621","154,621","154,621","1,90%"
"03.02.2016","151,733","151,733","151,733","151,733","-2,88%"
"02.02.2016","156,226","156,226","156,226","156,226","-1,32%"
"01.02.2016","158,314","158,314","158,314","158,314","-0,41%"
"29.01.2016","158,962","158,962","158,962","158,962","2,38%"
"28.01.2016","155,266","155,266","155,266","155,266","0,42%"
"27.01.2016","154,615","154,615","154,615","154,615","-0,38%"
"26.01.2016","155,197","155,197","155,197","155,197","-0,52%"
"25.01.2016","156,004","156,004","156,004","156,004","0,88%"
"22.01.2016","154,643","154,643","154,643","154,643","2,35%"
"21.01.2016","151,091","151,091","151,091","151,091","1,26%"
"20.01.2016","149,209","149,209","149,209","149,209","-3,02%"
"19.01.2016","153,848","153,848","153,848","153,848","1,28%"
"18.01.2016","151,906","151,906","151,906","151,906","-0,41%"
"15.01.2016","152,527","152,527","152,527","152,527","-2,30%"
"14.01.2016","156,118","156,118","156,118","156,118","-1,68%"
"13.01.2016","158,781","158,781","158,781","158,781","1,09%"
"12.01.2016","157,072","157,072","157,072","157,072","-0,16%"
"11.01.2016","157,331","157,331","157,331","157,331","-0,96%"
"08.01.2016","158,856","158,856","158,856","158,856","-1,34%"
"07.01.2016","161,009","161,009","161,009","161,009","-3,39%"
"06.01.2016","166,662","166,662","166,662","166,662","-2,04%"
"05.01.2016","170,129","170,129","170,129","170,129","-0,47%"
"04.01.2016","170,939","170,939","170,939","170,939","-1,55%"
"31.12.2015","173,631","173,631","173,631","173,631","0,01%"
"30.12.2015","173,610","173,610","173,610","173,610","0,54%"
"29.12.2015","172,681","172,681","172,681","172,681","1,70%"
"28.12.2015","169,792","169,792","169,792","169,792","-0,46%"
"24.12.2015","170,573","170,573","170,573","170,573","0,64%"
"23.12.2015","169,494","169,494","169,494","169,494","1,30%"
"22.12.2015","167,322","167,322","167,322","167,322","0,18%"
"21.12.2015","167,020","167,020","167,020","167,020","-0,47%"
"18.12.2015","167,804","167,804","167,804","167,804","0,43%"
"17.12.2015","167,078","167,078","167,078","167,078","1,39%"
"16.12.2015","164,785","164,785","164,785","164,785","1,98%"
"15.12.2015","161,579","161,579","161,579","161,579","-0,07%"
"14.12.2015","161,694","161,694","161,694","161,694","-1,52%"
"11.12.2015","164,183","164,183","164,183","164,183","-1,72%"
"10.12.2015","167,059","167,059","167,059","167,059","0,23%"
"09.12.2015","166,678","166,678","166,678","166,678","-1,26%"
"08.12.2015","168,805","168,805","168,805","168,805","-1,71%"
"07.12.2015","171,750","171,750","171,750","171,750","-0,28%"
"04.12.2015","172,227","172,227","172,227","172,227","-0,68%"
"03.12.2015","173,409","173,409","173,409","173,409","-3,17%"
"02.12.2015","179,084","179,084","179,084","179,084","0,62%"
"01.12.2015","177,985","177,985","177,985","177,985","1,79%"
"30.11.2015","174,853","174,853","174,853","174,853","0,29%"
"27.11.2015","174,352","174,352","174,352","174,352","-0,83%"
"26.11.2015","175,808","175,808","175,808","175,808","-0,04%"
"25.11.2015","175,884","175,884","175,884","175,884","-0,16%"
"24.11.2015","176,174","176,174","176,174","176,174","-0,45%"
"23.11.2015","176,972","176,972","176,972","176,972","0,12%"
"20.11.2015","176,761","176,761","176,761","176,761","1,43%"
"19.11.2015","174,262","174,262","174,262","174,262","2,07%"
"18.11.2015","170,721","170,721","170,721","170,721","-0,43%"
"17.11.2015","171,450","171,450","171,450","171,450","2,53%"
"16.11.2015","167,223","167,223","167,223","167,223","-1,18%"
"13.11.2015","169,227","169,227","169,227","169,227","-1,27%"
"12.11.2015","171,405","171,405","171,405","171,405","0,85%"
"11.11.2015","169,965","169,965","169,965","169,965","0,32%"
"10.11.2015","169,424","169,424","169,424","169,424","-0,43%"
"09.11.2015","170,153","170,153","170,153","170,153","-1,30%"
"06.11.2015","172,392","172,392","172,392","172,392","0,34%"
"05.11.2015","171,811","171,811","171,811","171,811","-0,79%"
"04.11.2015","173,178","173,178","173,178","173,178","1,43%"
"03.11.2015","170,729","170,729","170,729","170,729","2,21%"
"02.11.2015","167,039","167,039","167,039","167,039","-1,18%"
"30.10.2015","169,030","169,030","169,030","169,030","-0,94%"
"29.10.2015","170,628","170,628","170,628","170,628","-0,79%"
"28.10.2015","171,995","171,995","171,995","171,995","-1,18%"
"27.10.2015","174,043","174,043","174,043","174,043","-0,35%"
"26.10.2015","174,647","174,647","174,647","174,647","0,08%"
"23.10.2015","174,500","174,500","174,500","174,500","2,70%"
"22.10.2015","169,915","169,915","169,915","169,915","2,19%"
"21.10.2015","166,276","166,276","166,276","166,276","-0,38%"
"20.10.2015","166,905","166,905","166,905","166,905","-0,81%"
"19.10.2015","168,260","168,260","168,260","168,260","0,30%"
"16.10.2015","167,759","167,759","167,759","167,759","0,43%"
"15.10.2015","167,048","167,048","167,048","167,048","2,03%"
"14.10.2015","163,730","163,730","163,730","163,730","-0,81%"
"13.10.2015","165,060","165,060","165,060","165,060","-1,17%"
"12.10.2015","167,008","167,008","167,008","167,008","-0,12%"
"09.10.2015","167,205","167,205","167,205","167,205","1,69%"
"08.10.2015","164,424","164,424","164,424","164,424","-0,39%"
"07.10.2015","165,067","165,067","165,067","165,067","2,29%"
"06.10.2015","161,365","161,365","161,365","161,365","0,38%"
"05.10.2015","160,747","160,747","160,747","160,747","2,92%"
"02.10.2015","156,181","156,181","156,181","156,181","-0,88%"
"01.10.2015","157,562","157,562","157,562","157,562","0,91%"
"30.09.2015","156,146","156,146","156,146","156,146","2,36%"
"29.09.2015","152,542","152,542","152,542","152,542","-3,08%"
"28.09.2015","157,386","157,386","157,386","157,386","0,13%"
"25.09.2015","157,177","157,177","157,177","157,177","0,91%"
"24.09.2015","155,759","155,759","155,759","155,759","-0,90%"
"23.09.2015","157,176","157,176","157,176","157,176","-2,55%"
"22.09.2015","161,293","161,293","161,293","161,293","0,18%"
"21.09.2015","161,002","161,002","161,002","161,002","-0,71%"
"18.09.2015","162,148","162,148","162,148","162,148","0,72%"
"17.09.2015","160,986","160,986","160,986","160,986","-0,05%"
"16.09.2015","161,073","161,073","161,073","161,073","2,42%"
"15.09.2015","157,264","157,264","157,264","157,264","-1,70%"
"14.09.2015","159,980","159,980","159,980","159,980","1,19%"
"11.09.2015","158,093","158,093","158,093","158,093","-0,96%"
"10.09.2015","159,621","159,621","159,621","159,621","-2,49%"
"09.09.2015","163,692","163,692","163,692","163,692","3,26%"
"08.09.2015","158,526","158,526","158,526","158,526","2,53%"
"07.09.2015","154,617","154,617","154,617","154,617","-0,91%"
"04.09.2015","156,032","156,032","156,032","156,032","-0,99%"
"03.09.2015","157,594","157,594","157,594","157,594","0,66%"
"02.09.2015","156,566","156,566","156,566","156,566","-0,23%"
"01.09.2015","156,929","156,929","156,929","156,929","-2,82%"
"31.08.2015","161,478","161,478","161,478","161,478","-1,41%"
"28.08.2015","163,792","163,792","163,792","163,792","0,31%"
"27.08.2015","163,287","163,287","163,287","163,287","3,89%"
"26.08.2015","157,173","157,173","157,173","157,173","-0,51%"
"25.08.2015","157,981","157,981","157,981","157,981","4,03%"
"24.08.2015","151,863","151,863","151,863","151,863","-7,75%"
"21.08.2015","164,620","164,620","164,620","164,620","-2,52%"
"20.08.2015","168,876","168,876","168,876","168,876","-2,82%"
"19.08.2015","173,782","173,782","173,782","173,782","0,22%"
"18.08.2015","173,402","173,402","173,402","173,402","-1,03%"
"17.08.2015","175,211","175,211","175,211","175,211","0,09%"
"14.08.2015","175,057","175,057","175,057","175,057","0,01%"
"13.08.2015","175,034","175,034","175,034","175,034","0,62%"
"12.08.2015","173,959","173,959","173,959","173,959","-2,58%"
"11.08.2015","178,572","178,572","178,572","178,572","-2,36%"
"10.08.2015","182,880","182,880","182,880","182,880","-0,05%"
"07.08.2015","182,973","182,973","182,973","182,973","-1,19%"
"06.08.2015","185,170","185,170","185,170","185,170","-1,23%"
"05.08.2015","187,480","187,480","187,480","187,480","-0,05%"
"04.08.2015","187,571","187,571","187,571","187,571","1,60%"
"03.08.2015","184,611","184,611","184,611","184,611","-0,55%"
"31.07.2015","185,639","185,639","185,639","185,639","-0,12%"
"30.07.2015","185,863","185,863","185,863","185,863","0,89%"
"29.07.2015","184,225","184,225","184,225","184,225","0,67%"
"28.07.2015","182,990","182,990","182,990","182,990","0,74%"
"27.07.2015","181,654","181,654","181,654","181,654","-1,64%"
"24.07.2015","184,690","184,690","184,690","184,690","-1,05%"
"23.07.2015","186,650","186,650","186,650","186,650","-0,98%"
"22.07.2015","188,494","188,494","188,494","188,494","-1,40%"
"21.07.2015","191,175","191,175","191,175","191,175","0,13%"
"20.07.2015","190,936","190,936","190,936","190,936","0,01%"
"17.07.2015","190,913","190,913","190,913","190,913","0,46%"
"16.07.2015","190,047","190,047","190,047","190,047","1,16%"
"15.07.2015","187,877","187,877","187,877","187,877","0,65%"
"14.07.2015","186,672","186,672","186,672","186,672","1,70%"
"13.07.2015","183,545","183,545","183,545","183,545","1,49%"
"10.07.2015","180,845","180,845","180,845","180,845","-0,57%"
"09.07.2015","181,883","181,883","181,883","181,883","1,21%"
"08.07.2015","179,710","179,710","179,710","179,710","-3,76%"
"07.07.2015","186,726","186,726","186,726","186,726","1,40%"
"06.07.2015","184,149","184,149","184,149","184,149","-1,17%"
"03.07.2015","186,333","186,333","186,333","186,333","-1,74%"
"02.07.2015","189,623","189,623","189,623","189,623","0,97%"
"01.07.2015","187,793","187,793","187,793","187,793","0,80%"
"30.06.2015","186,298","186,298","186,298","186,298","1,08%"
"29.06.2015","184,303","184,303","184,303","184,303","-2,09%"
"26.06.2015","188,230","188,230","188,230","188,230","-1,64%"
"25.06.2015","191,373","191,373","191,373","191,373","-0,24%"
"24.06.2015","191,836","191,836","191,836","191,836","-0,42%"
"23.06.2015","192,652","192,652","192,652","192,652","2,60%"
"22.06.2015","187,772","187,772","187,772","187,772","-0,18%"
"19.06.2015","188,103","188,103","188,103","188,103","1,11%"
"18.06.2015","186,042","186,042","186,042","186,042","-0,87%"
"17.06.2015","187,682","187,682","187,682","187,682","0,24%"
"16.06.2015","187,232","187,232","187,232","187,232","-0,02%"
"15.06.2015","187,268","187,268","187,268","187,268","-0,13%"
"12.06.2015","187,519","187,519","187,519","187,519","0,14%"
"11.06.2015","187,266","187,266","187,266","187,266","1,38%"
"10.06.2015","184,726","184,726","184,726","184,726","0,19%"
"09.06.2015","184,382","184,382","184,382","184,382","-0,61%"
"08.06.2015","185,511","185,511","185,511","185,511","-1,21%"
"05.06.2015","187,775","187,775","187,775","187,775","0,74%"
"04.06.2015","186,391","186,391","186,391","186,391","-2,14%"
"03.06.2015","190,476","190,476","190,476","190,476","-0,69%"
"02.06.2015","191,804","191,804","191,804","191,804","-2,44%"
"01.06.2015","196,604","196,604","196,604","196,604","-0,11%"
"29.05.2015","196,814","196,814","196,814","196,814","0,30%"
"28.05.2015","196,216","196,216","196,216","196,216","-1,58%"
"27.05.2015","199,370","199,370","199,370","199,370","-0,94%"
"26.05.2015","201,259","201,259","201,259","201,259","1,14%"
"25.05.2015","198,984","198,984","198,984","198,984","0,61%"
"22.05.2015","197,776","197,776","197,776","197,776","0,83%"
"21.05.2015","196,151","196,151","196,151","196,151","0,50%"
"20.05.2015","195,176","195,176","195,176","195,176","-0,30%"
"19.05.2015","195,767","195,767","195,767","195,767","0,84%"
"18.05.2015","194,144","194,144","194,144","194,144","-0,65%"
"15.05.2015","195,417","195,417","195,417","195,417","0,44%"
"14.05.2015","194,563","194,563","194,563","194,563","-0,44%"
"13.05.2015","195,419","195,419","195,419","195,419","0,64%"
"12.05.2015","194,179","194,179","194,179","194,179","-0,23%"
"11.05.2015","194,617","194,617","194,617","194,617","0,62%"
"08.05.2015","193,427","193,427","193,427","193,427","0,45%"
"07.05.2015","192,560","192,560","192,560","192,560","-0,81%"
"06.05.2015","194,137","194,137","194,137","194,137","-2,35%"
"05.05.2015","198,810","198,810","198,810","198,810","0,12%"
"04.05.2015","198,562","198,562","198,562","198,562","0,81%"
"01.05.2015","196,969","196,969","196,969","196,969","-0,39%"
"30.04.2015","197,733","197,733","197,733","197,733","-2,24%"
"29.04.2015","202,259","202,259","202,259","202,259","-2,38%"
"28.04.2015","207,194","207,194","207,194","207,194","-0,16%"
"27.04.2015","207,528","207,528","207,528","207,528","0,95%"
"24.04.2015","205,565","205,565","205,565","205,565","1,21%"
"23.04.2015","203,108","203,108","203,108","203,108","-0,53%"
"22.04.2015","204,185","204,185","204,185","204,185","-0,07%"
"21.04.2015","204,324","204,324","204,324","204,324","0,94%"
"20.04.2015","202,416","202,416","202,416","202,416","-1,16%"
"17.04.2015","204,793","204,793","204,793","204,793","-1,27%"
"16.04.2015","207,420","207,420","207,420","207,420","0,74%"
"15.04.2015","205,902","205,902","205,902","205,902","0,00%"
"14.04.2015","205,895","205,895","205,895","205,895","-0,64%"
"13.04.2015","207,227","207,227","207,227","207,227","-0,15%"
"10.04.2015","207,545","207,545","207,545","207,545","1,06%"
"09.04.2015","205,372","205,372","205,372","205,372","1,59%"
"08.04.2015","202,157","202,157","202,157","202,157","2,07%"
"07.04.2015","198,049","198,049","198,049","198,049","1,78%"
"06.04.2015","194,591","194,591","194,591","194,591","-0,58%"
"02.04.2015","195,723","195,723","195,723","195,723","-0,94%"
"01.04.2015","197,582","197,582","197,582","197,582","-0,41%"
"31.03.2015","198,397","198,397","198,397","198,397","1,20%"
"30.03.2015","196,038","196,038","196,038","196,038","-0,93%"
"27.03.2015","197,872","197,872","197,872","197,872","0,17%"
"26.03.2015","197,546","197,546","197,546","197,546","-0,48%"
"25.03.2015","198,500","198,500","198,500","198,500","-0,44%"
"24.03.2015","199,378","199,378","199,378","199,378","0,53%"
"23.03.2015","198,326","198,326","198,326","198,326","-0,53%"
"20.03.2015","199,388","199,388","199,388","199,388","-0,07%"
"19.03.2015","199,528","199,528","199,528","199,528","1,66%"
"18.03.2015","196,276","196,276","196,276","196,276","0,04%"
"17.03.2015","196,199","196,199","196,199","196,199","-0,20%"
"16.03.2015","196,600","196,600","196,600","196,600","-0,37%"
"13.03.2015","197,337","197,337","197,337","197,337","-0,42%"
"12.03.2015","198,174","198,174","198,174","198,174","1,24%"
"11.03.2015","195,747","195,747","195,747","195,747","0,42%"
"10.03.2015","194,934","194,934","194,934","194,934","0,30%"
"09.03.2015","194,348","194,348","194,348","194,348","-1,01%"
"06.03.2015","196,338","196,338","196,338","196,338","1,19%"
"05.03.2015","194,030","194,030","194,030","194,030","-0,42%"
"04.03.2015","194,852","194,852","194,852","194,852","0,45%"
"03.03.2015","193,973","193,973","193,973","193,973","0,46%"
"02.03.2015","193,081","193,081","193,081","193,081","0,26%"
"27.02.2015","192,588","192,588","192,588","192,588","0,06%"
"26.02.2015","192,480","192,480","192,480","192,480","0,41%"
"25.02.2015","191,689","191,689","191,689","191,689","0,76%"
"24.02.2015","190,244","190,244","190,244","190,244","0,64%"
"23.02.2015","189,031","189,031","189,031","189,031","0,11%"
"20.02.2015","188,821","188,821","188,821","188,821","0,27%"
"19.02.2015","188,310","188,310","188,310","188,310","-0,38%"
"18.02.2015","189,029","189,029","189,029","189,029","1,02%"
"17.02.2015","187,121","187,121","187,121","187,121","0,03%"
"16.02.2015","187,056","187,056","187,056","187,056","0,20%"
"13.02.2015","186,676","186,676","186,676","186,676","1,96%"
"12.02.2015","183,086","183,086","183,086","183,086","-1,19%"
"11.02.2015","185,296","185,296","185,296","185,296","-0,75%"
"10.02.2015","186,696","186,696","186,696","186,696","-0,26%"
"09.02.2015","187,190","187,190","187,190","187,190","-0,11%"
"06.02.2015","187,397","187,397","187,397","187,397","1,05%"
"05.02.2015","185,446","185,446","185,446","185,446","0,61%"
"04.02.2015","184,313","184,313","184,313","184,313","1,57%"
"03.02.2015","181,469","181,469","181,469","181,469","-1,30%"
"02.02.2015","183,866","183,866","183,866","183,866","0,36%"
"30.01.2015","183,208","183,208","183,208","183,208","0,55%"
"29.01.2015","182,210","182,210","182,210","182,210","-1,23%"
"28.01.2015","184,484","184,484","184,484","184,484","0,75%"
"27.01.2015","183,109","183,109","183,109","183,109","-0,38%"
"26.01.2015","183,814","183,814","183,814","183,814","-0,15%"
"23.01.2015","184,083","184,083","184,083","184,083","1,62%"
"22.01.2015","181,153","181,153","181,153","181,153","1,62%"
"21.01.2015","178,265","178,265","178,265","178,265","0,94%"
"20.01.2015","176,606","176,606","176,606","176,606","0,25%"
"19.01.2015","176,167","176,167","176,167","176,167","-1,05%"
"16.01.2015","178,031","178,031","178,031","178,031","-0,09%"
"15.01.2015","178,197","178,197","178,197","178,197","2,32%"
"14.01.2015","174,155","174,155","174,155","174,155","-0,72%"
"13.01.2015","175,426","175,426","175,426","175,426","0,30%"
"12.01.2015","174,897","174,897","174,897","174,897","-0,07%"
"09.01.2015","175,023","175,023","175,023","175,023","1,22%"
"08.01.2015","172,911","172,911","172,911","172,911","1,25%"
"07.01.2015","170,770","170,770","170,770","170,770","0,43%"
"06.01.2015","170,043","170,043","170,043","170,043","-1,21%"
"05.01.2015","172,124","172,124","172,124","172,124","0,28%"
"02.01.2015","171,646","171,646","171,646","171,646","0,46%"
"31.12.2014","170,860","170,860","170,860","170,860","0,33%"
"30.12.2014","170,291","170,291","170,291","170,291","-0,29%"
"29.12.2014","170,780","170,780","170,780","170,780","1,44%"
"26.12.2014","168,361","168,361","168,361","168,361","0,24%"
"24.12.2014","167,955","167,955","167,955","167,955","0,41%"
"23.12.2014","167,263","167,263","167,263","167,263","-0,38%"
"22.12.2014","167,908","167,908","167,908","167,908","1,38%"
"19.12.2014","165,619","165,619","165,619","165,619","2,03%"
"18.12.2014","162,326","162,326","162,326","162,326","1,63%"
"17.12.2014","159,720","159,720","159,720","159,720","0,19%"
"16.12.2014","159,410","159,410","159,410","159,410","-1,62%"
"15.12.2014","162,032","162,032","162,032","162,032","-0,78%"
"12.12.2014","163,301","163,301","163,301","163,301","-0,76%"
"11.12.2014","164,549","164,549","164,549","164,549","-0,71%"
"10.12.2014","165,718","165,718","165,718","165,718","-0,33%"
"09.12.2014","166,271","166,271","166,271","166,271","-1,78%"
"08.12.2014","169,277","169,277","169,277","169,277","-0,04%"
"05.12.2014","169,339","169,339","169,339","169,339","0,40%"
"04.12.2014","168,669","168,669","168,669","168,669","-0,47%"
"03.12.2014","169,467","169,467","169,467","169,467","0,50%"
"02.12.2014","168,620","168,620","168,620","168,620","1,42%"
"01.12.2014","166,261","166,261","166,261","166,261","-2,28%"
"28.11.2014","170,146","170,146","170,146","170,146","-1,12%"
"27.11.2014","172,073","172,073","172,073","172,073","0,36%"
"26.11.2014","171,455","171,455","171,455","171,455","0,65%"
"25.11.2014","170,352","170,352","170,352","170,352","-1,16%"
"24.11.2014","172,350","172,350","172,350","172,350","0,19%"
"21.11.2014","172,020","172,020","172,020","172,020","1,58%"
"20.11.2014","169,339","169,339","169,339","169,339","-0,75%"
"19.11.2014","170,613","170,613","170,613","170,613","-1,36%"
"18.11.2014","172,964","172,964","172,964","172,964","-0,84%"
"17.11.2014","174,438","174,438","174,438","174,438","-0,76%"
"14.11.2014","175,766","175,766","175,766","175,766","0,14%"
"13.11.2014","175,520","175,520","175,520","175,520","0,10%"
"12.11.2014","175,346","175,346","175,346","175,346","-0,33%"
"11.11.2014","175,934","175,934","175,934","175,934","0,24%"
"10.11.2014","175,518","175,518","175,518","175,518","0,27%"
"07.11.2014","175,044","175,044","175,044","175,044","1,01%"
"06.11.2014","173,289","173,289","173,289","173,289","0,15%"
"05.11.2014","173,034","173,034","173,034","173,034","-0,46%"
"04.11.2014","173,842","173,842","173,842","173,842","-0,56%"
"03.11.2014","174,821","174,821","174,821","174,821","-0,49%"
"31.10.2014","175,687","175,687","175,687","175,687","1,45%"
"30.10.2014","173,179","173,179","173,179","173,179","0,82%"
"29.10.2014","171,773","171,773","171,773","171,773","0,52%"
"28.10.2014","170,879","170,879","170,879","170,879","0,26%"
"27.10.2014","170,430","170,430","170,430","170,430","0,02%"
"24.10.2014","170,390","170,390","170,390","170,390","0,32%"
"23.10.2014","169,852","169,852","169,852","169,852","-0,09%"
"22.10.2014","170,010","170,010","170,010","170,010","1,49%"
"21.10.2014","167,515","167,515","167,515","167,515","0,81%"
"20.10.2014","166,177","166,177","166,177","166,177","0,73%"
"17.10.2014","164,972","164,972","164,972","164,972","0,39%"
"16.10.2014","164,332","164,332","164,332","164,332","-0,53%"
"15.10.2014","165,212","165,212","165,212","165,212","0,41%"
"14.10.2014","164,534","164,534","164,534","164,534","0,37%"
"13.10.2014","163,930","163,930","163,930","163,930","-0,43%"
"10.10.2014","164,634","164,634","164,634","164,634","-1,88%"
"09.10.2014","167,785","167,785","167,785","167,785","1,54%"
"08.10.2014","165,234","165,234","165,234","165,234","-1,67%"
"07.10.2014","168,041","168,041","168,041","168,041","0,16%"
"06.10.2014","167,775","167,775","167,775","167,775","0,14%"
"03.10.2014","167,539","167,539","167,539","167,539","0,76%"
"02.10.2014","166,271","166,271","166,271","166,271","-0,46%"
"01.10.2014","167,039","167,039","167,039","167,039","0,45%"
"30.09.2014","166,287","166,287","166,287","166,287","0,68%"
"29.09.2014","165,158","165,158","165,158","165,158","-1,59%"
"26.09.2014","167,822","167,822","167,822","167,822","-0,65%"
"25.09.2014","168,921","168,921","168,921","168,921","-0,13%"
"24.09.2014","169,146","169,146","169,146","169,146","0,28%"
"23.09.2014","168,682","168,682","168,682","168,682","0,08%"
"22.09.2014","168,545","168,545","168,545","168,545","-1,54%"
"19.09.2014","171,188","171,188","171,188","171,188","0,70%"
"18.09.2014","170,005","170,005","170,005","170,005","-0,21%"
"17.09.2014","170,362","170,362","170,362","170,362","-0,43%"
"16.09.2014","171,092","171,092","171,092","171,092","-0,59%"
"15.09.2014","172,112","172,112","172,112","172,112","-1,17%"
"12.09.2014","174,153","174,153","174,153","174,153","-0,69%"
"11.09.2014","175,361","175,361","175,361","175,361","-0,76%"
"10.09.2014","176,708","176,708","176,708","176,708","-1,06%"
"09.09.2014","178,603","178,603","178,603","178,603","-0,10%"
"08.09.2014","178,779","178,779","178,779","178,779","-0,65%"
"05.09.2014","179,943","179,943","179,943","179,943","-0,40%"
"04.09.2014","180,659","180,659","180,659","180,659","1,15%"
"03.09.2014","178,602","178,602","178,602","178,602","0,92%"
"02.09.2014","176,982","176,982","176,982","176,982","0,03%"
"01.09.2014","176,934","176,934","176,934","176,934","0,28%"
"29.08.2014","176,434","176,434","176,434","176,434","-0,09%"
"28.08.2014","176,585","176,585","176,585","176,585","-0,25%"
"27.08.2014","177,031","177,031","177,031","177,031","0,40%"
"26.08.2014","176,317","176,317","176,317","176,317","0,02%"
"25.08.2014","176,278","176,278","176,278","176,278","0,21%"
"22.08.2014","175,901","175,901","175,901","175,901","0,46%"
"21.08.2014","175,103","175,103","175,103","175,103","-0,18%"
"20.08.2014","175,417","175,417","175,417","175,417","0,65%"
"19.08.2014","174,282","174,282","174,282","174,282","1,26%"
"18.08.2014","172,111","172,111","172,111","172,111","0,47%"
"15.08.2014","171,298","171,298","171,298","171,298","0,09%"
"14.08.2014","171,143","171,143","171,143","171,143","0,48%"
"13.08.2014","170,331","170,331","170,331","170,331","0,13%"
"12.08.2014","170,118","170,118","170,118","170,118","1,13%"
"11.08.2014","168,210","168,210","168,210","168,210","0,75%"
"08.08.2014","166,957","166,957","166,957","166,957","-1,56%"
"07.08.2014","169,597","169,597","169,597","169,597","-0,52%"
"06.08.2014","170,479","170,479","170,479","170,479","0,04%"
"05.08.2014","170,414","170,414","170,414","170,414","-0,08%"
"04.08.2014","170,558","170,558","170,558","170,558","-0,10%"
"01.08.2014","170,732","170,732","170,732","170,732","-1,43%"
"31.07.2014","173,211","173,211","173,211","173,211","0,11%"
"30.07.2014","173,015","173,015","173,015","173,015","0,33%"
"29.07.2014","172,452","172,452","172,452","172,452","0,44%"
"28.07.2014","171,691","171,691","171,691","171,691","-0,11%"
"25.07.2014","171,876","171,876","171,876","171,876","0,21%"
"24.07.2014","171,518","171,518","171,518","171,518","0,13%"
"23.07.2014","171,303","171,303","171,303","171,303","1,01%"
"22.07.2014","169,588","169,588","169,588","169,588","0,83%"
"21.07.2014","168,191","168,191","168,191","168,191","0,01%"
"18.07.2014","168,172","168,172","168,172","168,172","0,20%"
"17.07.2014","167,830","167,830","167,830","167,830","0,16%"
"16.07.2014","167,564","167,564","167,564","167,564","0,47%"
"15.07.2014","166,780","166,780","166,780","166,780","0,27%"
"14.07.2014","166,338","166,338","166,338","166,338","0,13%"
"11.07.2014","166,114","166,114","166,114","166,114","0,43%"
"10.07.2014","165,407","165,407","165,407","165,407","0,34%"
"09.07.2014","164,849","164,849","164,849","164,849","-1,16%"
"08.07.2014","166,782","166,782","166,782","166,782","-0,10%"
"07.07.2014","166,948","166,948","166,948","166,948","0,01%"
"04.07.2014","166,929","166,929","166,929","166,929","0,56%"
"03.07.2014","166,002","166,002","166,002","166,002","0,25%"
"02.07.2014","165,589","165,589","165,589","165,589","1,45%"
"01.07.2014","163,220","163,220","163,220","163,220","0,02%"
"30.06.2014","163,186","163,186","163,186","163,186","-0,87%"
"27.06.2014","164,624","164,624","164,624","164,624","-0,34%"
"26.06.2014","165,192","165,192","165,192","165,192","1,64%"
"25.06.2014","162,522","162,522","162,522","162,522","-0,52%"
"24.06.2014","163,372","163,372","163,372","163,372","-0,40%"
"23.06.2014","164,025","164,025","164,025","164,025","0,24%"
"20.06.2014","163,625","163,625","163,625","163,625","-0,44%"
"19.06.2014","164,343","164,343","164,343","164,343","1,21%"
"18.06.2014","162,381","162,381","162,381","162,381","-0,52%"
"17.06.2014","163,229","163,229","163,229","163,229","-0,61%"
"16.06.2014","164,231","164,231","164,231","164,231","-0,24%"
"13.06.2014","164,632","164,632","164,632","164,632","-0,25%"
"12.06.2014","165,042","165,042","165,042","165,042","-0,16%"
"11.06.2014","165,311","165,311","165,311","165,311","0,08%"
"10.06.2014","165,186","165,186","165,186","165,186","0,53%"
"09.06.2014","164,308","164,308","164,308","164,308","0,50%"
"06.06.2014","163,494","163,494","163,494","163,494","0,24%"
"05.06.2014","163,098","163,098","163,098","163,098","0,25%"
"04.06.2014","162,696","162,696","162,696","162,696","-0,37%"
"03.06.2014","163,299","163,299","163,299","163,299","-0,43%"
"02.06.2014","164,002","164,002","164,002","164,002","0,16%"
"30.05.2014","163,745","163,745","163,745","163,745","-0,29%"
"29.05.2014","164,224","164,224","164,224","164,224","0,44%"
"28.05.2014","163,497","163,497","163,497","163,497","0,15%"
"27.05.2014","163,260","163,260","163,260","163,260","0,18%"
"26.05.2014","162,965","162,965","162,965","162,965","0,13%"
"23.05.2014","162,747","162,747","162,747","162,747","0,53%"
"22.05.2014","161,897","161,897","161,897","161,897","0,92%"
"21.05.2014","160,427","160,427","160,427","160,427","-0,03%"
"20.05.2014","160,478","160,478","160,478","160,478","-0,19%"
"19.05.2014","160,787","160,787","160,787","160,787","-1,05%"
"16.05.2014","162,489","162,489","162,489","162,489","-0,18%"
"15.05.2014","162,786","162,786","162,786","162,786","0,10%"
"14.05.2014","162,628","162,628","162,628","162,628","0,55%"
"13.05.2014","161,739","161,739","161,739","161,739","1,12%"
"12.05.2014","159,954","159,954","159,954","159,954","0,19%"
"09.05.2014","159,645","159,645","159,645","159,645","0,72%"
"08.05.2014","158,498","158,498","158,498","158,498","1,08%"
"07.05.2014","156,809","156,809","156,809","156,809","-0,89%"
"06.05.2014","158,214","158,214","158,214","158,214","0,46%"
"05.05.2014","157,487","157,487","157,487","157,487","-0,32%"
"02.05.2014","157,993","157,993","157,993","157,993","0,33%"
"01.05.2014","157,466","157,466","157,466","157,466","-0,40%"
"30.04.2014","158,097","158,097","158,097","158,097","-0,61%"
"29.04.2014","159,065","159,065","159,065","159,065","-0,09%"
"28.04.2014","159,210","159,210","159,210","159,210","-0,19%"
"25.04.2014","159,519","159,519","159,519","159,519","-0,46%"
"24.04.2014","160,249","160,249","160,249","160,249","0,22%"
"23.04.2014","159,897","159,897","159,897","159,897","-0,55%"
"22.04.2014","160,789","160,789","160,789","160,789","0,58%"
"21.04.2014","159,863","159,863","159,863","159,863","0,21%"
"17.04.2014","159,522","159,522","159,522","159,522","0,09%"
"16.04.2014","159,380","159,380","159,380","159,380","0,60%"
"15.04.2014","158,433","158,433","158,433","158,433","-0,30%"
"14.04.2014","158,908","158,908","158,908","158,908","-0,18%"
"11.04.2014","159,195","159,195","159,195","159,195","-0,57%"
"10.04.2014","160,109","160,109","160,109","160,109","0,59%"
"09.04.2014","159,169","159,169","159,169","159,169","0,79%"
"08.04.2014","157,921","157,921","157,921","157,921","0,24%"
"07.04.2014","157,538","157,538","157,538","157,538","-0,95%"
"04.04.2014","159,050","159,050","159,050","159,050","0,86%"
"03.04.2014","157,691","157,691","157,691","157,691","0,58%"
"02.04.2014","156,778","156,778","156,778","156,778","0,56%"
"01.04.2014","155,900","155,900","155,900","155,900","0,27%"
"31.03.2014","155,479","155,479","155,479","155,479","0,48%"
"28.03.2014","154,730","154,730","154,730","154,730","0,19%"
"27.03.2014","154,444","154,444","154,444","154,444","0,33%"
"26.03.2014","153,931","153,931","153,931","153,931","1,25%"
"25.03.2014","152,028","152,028","152,028","152,028","0,13%"
"24.03.2014","151,827","151,827","151,827","151,827","0,69%"
"21.03.2014","150,791","150,791","150,791","150,791","1,27%"
"20.03.2014","148,894","148,894","148,894","148,894","-0,92%"
"19.03.2014","150,283","150,283","150,283","150,283","-0,09%"
"18.03.2014","150,419","150,419","150,419","150,419","0,79%"
"17.03.2014","149,244","149,244","149,244","149,244","0,41%"
"14.03.2014","148,634","148,634","148,634","148,634","-1,40%"
"13.03.2014","150,752","150,752","150,752","150,752","0,65%"
"12.03.2014","149,781","149,781","149,781","149,781","-1,34%"
"11.03.2014","151,814","151,814","151,814","151,814","0,29%"
"10.03.2014","151,368","151,368","151,368","151,368","-1,47%"
"07.03.2014","153,622","153,622","153,622","153,622","-0,14%"
"06.03.2014","153,839","153,839","153,839","153,839","0,22%"
"05.03.2014","153,496","153,496","153,496","153,496","0,81%"
"04.03.2014","152,257","152,257","152,257","152,257","0,76%"
"03.03.2014","151,114","151,114","151,114","151,114","-0,32%"
"28.02.2014","151,594","151,594","151,594","151,594","-1,02%"