"Fecha","Último","Apertura","Máximo","Mínimo","% var."
"30.12.2025","17,330","17,330","17,442","17,330","-0,64%"
"29.12.2025","17,442","17,442","17,442","17,442","0,41%"
"23.12.2025","17,371","17,371","17,371","17,242","0,75%"
"22.12.2025","17,242","17,242","17,242","17,125","0,68%"
"19.12.2025","17,125","17,125","17,177","17,125","-0,30%"
"18.12.2025","17,177","17,177","17,248","17,177","-0,41%"
"17.12.2025","17,248","17,248","17,291","17,248","-0,25%"
"16.12.2025","17,291","17,291","17,585","17,291","-1,67%"
"15.12.2025","17,585","17,585","17,585","17,523","0,35%"
"12.12.2025","17,523","17,523","17,523","17,224","1,74%"
"11.12.2025","17,224","17,224","17,400","17,224","-1,01%"
"10.12.2025","17,400","17,400","17,400","17,363","0,21%"
"09.12.2025","17,363","17,363","17,473","17,363","-0,63%"
"08.12.2025","17,473","17,473","17,473","17,413","0,34%"
"05.12.2025","17,413","17,413","17,644","17,413","-1,31%"
"04.12.2025","17,644","17,644","17,644","17,231","2,40%"
"03.12.2025","17,231","17,231","17,257","17,231","-0,15%"
"02.12.2025","17,257","17,257","17,271","17,257","-0,08%"
"01.12.2025","17,271","17,271","17,421","17,271","-0,86%"
"28.11.2025","17,421","17,421","17,421","17,378","0,25%"
"27.11.2025","17,378","17,378","17,378","17,306","0,42%"
"26.11.2025","17,306","17,306","17,306","17,030","1,62%"
"25.11.2025","17,030","17,030","17,030","17,030","-0,53%"
"21.11.2025","17,120","17,120","17,120","17,021","0,58%"
"20.11.2025","17,021","17,021","17,021","16,812","1,24%"
"19.11.2025","16,812","16,812","16,929","16,812","-0,69%"
"18.11.2025","16,929","16,929","17,446","16,929","-2,96%"
"17.11.2025","17,446","17,446","17,446","17,446","-0,85%"
"14.11.2025","17,595","17,595","17,703","17,595","-0,61%"
"13.11.2025","17,703","17,703","17,703","17,593","0,63%"
"12.11.2025","17,593","17,593","17,593","17,471","0,70%"
"11.11.2025","17,471","17,471","17,471","17,471","-0,16%"
"10.11.2025","17,499","17,499","17,499","17,473","0,15%"
"07.11.2025","17,473","17,473","17,621","17,473","-0,84%"
"06.11.2025","17,621","17,621","17,621","17,313","1,78%"
"05.11.2025","17,313","17,313","17,637","17,313","-1,84%"
"04.11.2025","17,637","17,637","17,637","17,637","-0,02%"
"31.10.2025","17,640","17,640","17,640","17,640","1,37%"
"30.10.2025","17,402","17,402","17,402","17,402","-0,01%"
"29.10.2025","17,403","17,403","17,403","17,367","0,21%"
"28.10.2025","17,367","17,367","17,452","17,367","-0,49%"
"27.10.2025","17,452","17,452","17,452","17,195","1,49%"
"24.10.2025","17,195","17,195","17,195","17,141","0,32%"
"23.10.2025","17,141","17,141","17,326","17,141","-1,07%"
"22.10.2025","17,326","17,326","17,326","17,269","0,33%"
"21.10.2025","17,269","17,269","17,338","17,269","-0,40%"
"20.10.2025","17,338","17,338","17,338","16,877","2,73%"
"17.10.2025","16,877","16,877","17,020","16,877","-0,84%"
"16.10.2025","17,020","17,020","17,020","16,898","0,72%"
"15.10.2025","16,898","16,898","16,898","16,629","1,62%"
"14.10.2025","16,629","16,629","16,629","16,629","-1,84%"
"10.10.2025","16,940","16,940","17,177","16,940","-1,38%"
"09.10.2025","17,177","17,177","17,177","17,050","0,74%"
"08.10.2025","17,050","17,050","17,090","17,050","-0,23%"
"07.10.2025","17,090","17,090","17,135","17,090","-0,26%"
"06.10.2025","17,135","17,135","17,135","16,810","1,93%"
"03.10.2025","16,810","16,810","16,810","16,610","1,20%"
"02.10.2025","16,610","16,610","16,645","16,610","-0,21%"
"01.10.2025","16,645","16,645","16,762","16,645","-0,70%"
"30.09.2025","16,762","16,762","16,762","16,641","0,73%"
"29.09.2025","16,641","16,641","16,641","16,641","-0,67%"
"26.09.2025","16,753","16,753","16,753","16,753","-0,15%"
"25.09.2025","16,778","16,778","16,778","16,715","0,38%"
"24.09.2025","16,715","16,715","16,715","16,715","0,04%"
"22.09.2025","16,708","16,708","16,708","16,708","0,41%"
"19.09.2025","16,640","16,640","16,658","16,640","-0,11%"
"18.09.2025","16,658","16,658","16,658","16,658","-0,07%"
"17.09.2025","16,670","16,670","16,751","16,670","-0,48%"
"16.09.2025","16,751","16,751","16,751","16,751","-0,06%"
"12.09.2025","16,761","16,761","16,761","16,736","0,15%"
"11.09.2025","16,736","16,736","16,736","16,667","0,41%"
"10.09.2025","16,667","16,667","16,667","16,581","0,52%"
"09.09.2025","16,581","16,581","16,587","16,581","-0,04%"
"08.09.2025","16,587","16,587","16,587","16,493","0,57%"
"05.09.2025","16,493","16,493","16,493","16,305","1,15%"
"04.09.2025","16,305","16,305","16,305","16,137","1,04%"
"03.09.2025","16,137","16,137","16,360","16,137","-1,36%"
"02.09.2025","16,360","16,360","16,360","16,276","0,52%"
"01.09.2025","16,276","16,276","16,427","16,276","-0,92%"
"29.08.2025","16,427","16,427","16,545","16,427","-0,71%"
"28.08.2025","16,545","16,545","16,545","16,435","0,67%"
"27.08.2025","16,435","16,435","16,435","16,435","0,16%"
"26.08.2025","16,409","16,409","16,409","16,409","-0,91%"
"22.08.2025","16,559","16,559","16,559","16,461","0,60%"
"21.08.2025","16,461","16,461","16,631","16,461","-1,02%"
"20.08.2025","16,631","16,631","16,648","16,631","-0,10%"
"19.08.2025","16,648","16,648","16,680","16,648","-0,19%"
"18.08.2025","16,680","16,680","16,680","16,672","0,05%"
"15.08.2025","16,672","16,672","16,672","16,362","1,89%"
"14.08.2025","16,362","16,362","16,518","16,362","-0,94%"
"13.08.2025","16,518","16,518","16,518","16,338","1,10%"
"12.08.2025","16,338","16,338","16,338","16,338","1,42%"
"08.08.2025","16,110","16,110","16,110","15,966","0,90%"
"07.08.2025","15,966","15,966","15,966","15,855","0,70%"
"06.08.2025","15,855","15,855","15,855","15,768","0,55%"
"05.08.2025","15,768","15,768","15,768","15,768","0,54%"
"04.08.2025","15,684","15,684","15,812","15,684","-0,81%"
"01.08.2025","15,812","15,812","15,812","15,709","0,66%"
"31.07.2025","15,709","15,709","15,709","15,697","0,08%"
"30.07.2025","15,697","15,697","15,697","15,629","0,44%"
"29.07.2025","15,629","15,629","15,635","15,629","-0,04%"
"28.07.2025","15,635","15,635","15,694","15,635","-0,38%"
"25.07.2025","15,694","15,694","15,917","15,694","-1,40%"
"24.07.2025","15,917","15,917","15,917","15,704","1,36%"
"23.07.2025","15,704","15,704","15,704","15,168","3,53%"
"22.07.2025","15,168","15,168","15,168","15,168","0,84%"
"18.07.2025","15,041","15,041","15,148","15,041","-0,71%"
"17.07.2025","15,148","15,148","15,148","15,148","0,75%"
"16.07.2025","15,035","15,035","15,035","15,004","0,21%"
"15.07.2025","15,004","15,004","15,029","15,004","-0,17%"
"14.07.2025","15,029","15,029","15,029","15,029","-0,05%"
"11.07.2025","15,037","15,037","15,037","15,037","-0,35%"
"10.07.2025","15,090","15,090","15,141","15,090","-0,34%"
"09.07.2025","15,141","15,141","15,141","15,074","0,44%"
"08.07.2025","15,074","15,074","15,117","15,074","-0,28%"
"07.07.2025","15,117","15,117","15,301","15,117","-1,20%"
"04.07.2025","15,301","15,301","15,301","15,282","0,12%"
"03.07.2025","15,282","15,282","15,357","15,282","-0,49%"
"02.07.2025","15,357","15,357","15,445","15,357","-0,57%"
"01.07.2025","15,445","15,445","15,535","15,445","-0,58%"
"30.06.2025","15,535","15,535","15,535","15,535","0,62%"
"27.06.2025","15,440","15,440","15,440","15,269","1,12%"
"26.06.2025","15,269","15,269","15,269","15,115","1,02%"
"25.06.2025","15,115","15,115","15,220","15,115","-0,69%"
"24.06.2025","15,220","15,220","15,220","15,016","1,36%"
"23.06.2025","15,016","15,016","15,165","15,016","-0,98%"
"20.06.2025","15,165","15,165","15,371","15,165","-1,34%"
"19.06.2025","15,371","15,371","15,532","15,371","-1,04%"
"18.06.2025","15,532","15,532","15,532","15,335","1,28%"
"17.06.2025","15,335","15,335","15,335","15,317","0,12%"
"16.06.2025","15,317","15,317","15,317","15,317","0,44%"
"13.06.2025","15,250","15,250","15,397","15,250","-0,95%"
"12.06.2025","15,397","15,397","15,456","15,397","-0,38%"
"11.06.2025","15,456","15,456","15,535","15,456","-0,51%"
"10.06.2025","15,535","15,535","15,535","15,535","-0,24%"
"09.06.2025","15,572","15,572","15,572","15,457","0,74%"
"06.06.2025","15,457","15,457","15,457","15,436","0,14%"
"05.06.2025","15,436","15,436","15,687","15,436","-1,60%"
"04.06.2025","15,687","15,687","15,687","15,590","0,62%"
"03.06.2025","15,590","15,590","15,698","15,590","-0,69%"
"02.06.2025","15,698","15,698","15,876","15,698","-0,60%"
"30.05.2025","15,793","15,793","15,876","15,793","-0,52%"
"29.05.2025","15,876","15,876","15,876","15,613","1,68%"
"28.05.2025","15,613","15,613","15,617","15,613","-0,03%"
"27.05.2025","15,617","15,617","15,617","15,617","0,14%"
"23.05.2025","15,595","15,595","15,595","15,453","0,92%"
"22.05.2025","15,453","15,453","15,478","15,453","-0,16%"
"21.05.2025","15,478","15,478","15,533","15,478","-0,35%"
"20.05.2025","15,533","15,533","15,533","15,533","0,30%"
"19.05.2025","15,486","15,486","15,534","15,486","-0,31%"
"16.05.2025","15,534","15,534","15,534","15,504","0,19%"
"15.05.2025","15,504","15,504","15,574","15,504","-0,45%"
"14.05.2025","15,574","15,574","15,574","15,532","0,27%"
"13.05.2025","15,532","15,532","15,532","15,358","1,13%"
"12.05.2025","15,358","15,358","15,452","15,358","-0,61%"
"09.05.2025","15,452","15,452","15,452","15,236","1,42%"
"08.05.2025","15,236","15,236","15,291","15,236","-0,36%"
"07.05.2025","15,291","15,291","15,291","15,291","0,75%"
"02.05.2025","15,177","15,177","15,177","15,177","0,09%"
"30.04.2025","15,163","15,163","15,163","15,163","0,91%"
"28.04.2025","15,026","15,026","15,026","14,794","1,57%"
"25.04.2025","14,794","14,794","14,794","14,794","0,59%"
"24.04.2025","14,707","14,707","14,707","14,707","0,46%"
"23.04.2025","14,639","14,639","14,639","14,337","2,11%"
"22.04.2025","14,337","14,337","14,401","14,337","-0,44%"
"17.04.2025","14,401","14,401","14,401","14,401","1,89%"
"16.04.2025","14,134","14,134","14,282","14,134","-1,04%"
"15.04.2025","14,282","14,282","14,282","14,007","1,96%"
"14.04.2025","14,007","14,007","14,007","13,889","0,85%"
"11.04.2025","13,889","13,889","14,472","13,889","-4,03%"
"10.04.2025","14,472","14,472","14,472","13,483","7,34%"
"09.04.2025","13,483","13,483","13,917","13,483","-3,12%"
"08.04.2025","13,917","13,917","13,917","13,036","6,76%"
"07.04.2025","13,036","13,036","14,284","13,036","-8,74%"
"04.04.2025","14,284","14,284","14,620","14,284","-2,30%"
"03.04.2025","14,620","14,620","15,047","14,620","-2,84%"
"02.04.2025","15,047","15,047","15,206","15,047","-1,05%"
"01.04.2025","15,206","15,206","15,206","15,162","0,29%"
"31.03.2025","15,162","15,162","15,653","15,162","-3,14%"
"28.03.2025","15,653","15,653","15,812","15,653","-1,01%"
"27.03.2025","15,812","15,812","15,872","15,812","-0,38%"
"26.03.2025","15,872","15,872","15,872","15,844","0,18%"
"25.03.2025","15,844","15,844","15,844","15,713","0,83%"
"24.03.2025","15,713","15,713","15,948","15,713","-1,47%"
"21.03.2025","15,948","15,948","15,948","15,948","1,67%"
"19.03.2025","15,686","15,686","15,686","15,610","0,49%"
"18.03.2025","15,610","15,610","15,610","15,494","0,75%"
"17.03.2025","15,494","15,494","15,494","15,494","0,72%"
"14.03.2025","15,384","15,384","15,384","15,384","-0,03%"
"13.03.2025","15,389","15,389","15,389","15,389","1,09%"
"12.03.2025","15,223","15,223","15,223","15,223","0,35%"
"11.03.2025","15,170","15,170","15,170","15,170","-2,19%"
"10.03.2025","15,509","15,509","15,509","15,509","0,28%"
"07.03.2025","15,466","15,466","15,466","15,466","-1,82%"
"06.03.2025","15,753","15,753","15,753","15,753","1,19%"
"05.03.2025","15,568","15,568","15,568","15,568","-2,36%"
"04.03.2025","15,945","15,945","15,945","15,945","0,09%"
"03.03.2025","15,930","15,930","15,930","15,930","1,31%"
"28.02.2025","15,724","15,724","15,724","15,724","-2,55%"
"27.02.2025","16,135","16,135","16,135","16,135","1,32%"
"26.02.2025","15,925","15,925","15,925","15,925","-0,66%"
"25.02.2025","16,031","16,031","16,031","16,031","-0,57%"
"21.02.2025","16,123","16,123","16,123","16,123","0,22%"
"20.02.2025","16,087","16,087","16,087","16,087","-0,40%"
"19.02.2025","16,152","16,152","16,152","16,152","0,26%"
"18.02.2025","16,110","16,110","16,110","16,110","0,22%"
"17.02.2025","16,075","16,075","16,075","16,075","1,23%"
"14.02.2025","15,880","15,880","15,880","15,880","-0,26%"
"13.02.2025","15,922","15,922","15,922","15,922","1,57%"
"12.02.2025","15,676","15,676","15,676","15,676","-2,37%"
"10.02.2025","16,056","16,056","16,056","16,056","-0,11%"
"07.02.2025","16,074","16,074","16,074","16,074","-0,16%"
"06.02.2025","16,100","16,100","16,100","16,100","0,97%"
"05.02.2025","15,946","15,946","15,946","15,946","1,57%"
"04.02.2025","15,700","15,700","15,700","15,700","0,21%"
"03.02.2025","15,667","15,667","15,667","15,667","-1,77%"
"31.01.2025","15,949","15,949","15,949","15,949","0,22%"
"30.01.2025","15,914","15,914","15,914","15,914","0,58%"
"29.01.2025","15,823","15,823","15,823","15,823","1,29%"
"28.01.2025","15,622","15,622","15,622","15,622","-0,37%"
"27.01.2025","15,680","15,680","15,680","15,680","1,17%"
"24.01.2025","15,499","15,499","15,499","15,499","-0,95%"
"23.01.2025","15,647","15,647","15,647","15,647","1,03%"
"22.01.2025","15,488","15,488","15,488","15,488","0,09%"
"21.01.2025","15,474","15,474","15,474","15,474","0,30%"
"20.01.2025","15,427","15,427","15,427","15,427","0,60%"
"17.01.2025","15,335","15,335","15,335","15,335","-0,87%"
"16.01.2025","15,469","15,469","15,469","15,469","0,51%"
"15.01.2025","15,390","15,390","15,390","15,390","1,28%"
"14.01.2025","15,196","15,196","15,196","15,196","-1,87%"
"10.01.2025","15,485","15,485","15,485","15,485","-0,19%"
"09.01.2025","15,515","15,515","15,515","15,515","-1,00%"
"08.01.2025","15,672","15,672","15,672","15,672","-0,22%"
"07.01.2025","15,707","15,707","15,707","15,707","1,29%"
"06.01.2025","15,507","15,507","15,507","15,507","-1,37%"
"30.12.2024","15,723","15,723","15,723","15,723","-0,08%"
"27.12.2024","15,735","15,735","15,735","15,735","2,55%"
"23.12.2024","15,344","15,344","15,344","15,344","0,65%"
"20.12.2024","15,245","15,245","15,245","15,245","0,11%"
"19.12.2024","15,229","15,229","15,229","15,229","-1,72%"
"18.12.2024","15,496","15,496","15,496","15,496","-0,43%"
"17.12.2024","15,563","15,563","15,563","15,563","0,14%"
"16.12.2024","15,542","15,542","15,542","15,542","-0,81%"
"13.12.2024","15,669","15,669","15,669","15,669","-2,10%"
"12.12.2024","16,005","16,005","16,005","16,005","1,22%"
"11.12.2024","15,812","15,812","15,812","15,812","0,18%"
"10.12.2024","15,783","15,783","15,783","15,783","0,43%"
"09.12.2024","15,716","15,716","15,716","15,716","-0,79%"
"06.12.2024","15,841","15,841","15,841","15,841","-0,31%"
"05.12.2024","15,890","15,890","15,890","15,890","-0,23%"
"04.12.2024","15,927","15,927","15,927","15,927","-1,33%"
"03.12.2024","16,141","16,141","16,141","16,141","1,55%"
"02.12.2024","15,894","15,894","15,894","15,894","2,46%"
"29.11.2024","15,512","15,512","15,512","15,512","0,51%"
"28.11.2024","15,433","15,433","15,433","15,433","0,69%"
"27.11.2024","15,328","15,328","15,328","15,328","-0,16%"
"26.11.2024","15,352","15,352","15,352","15,352","-0,47%"
"25.11.2024","15,424","15,424","15,424","15,424","0,53%"
"22.11.2024","15,343","15,343","15,343","15,343","1,06%"
"21.11.2024","15,182","15,182","15,182","15,182","0,23%"
"20.11.2024","15,147","15,147","15,147","15,147","-0,92%"
"19.11.2024","15,288","15,288","15,288","15,288","1,22%"
"18.11.2024","15,103","15,103","15,103","15,103","-1,24%"
"15.11.2024","15,292","15,292","15,292","15,292","1,53%"
"14.11.2024","15,062","15,062","15,062","15,062","-0,62%"
"13.11.2024","15,156","15,156","15,156","15,156","-1,53%"
"12.11.2024","15,392","15,392","15,392","15,392","-0,03%"
"11.11.2024","15,396","15,396","15,396","15,396","-0,12%"
"08.11.2024","15,415","15,415","15,415","15,415","0,97%"
"07.11.2024","15,267","15,267","15,267","15,267","1,04%"
"06.11.2024","15,110","15,110","15,110","15,110","2,16%"
"05.11.2024","14,791","14,791","14,791","14,791","0,99%"
"01.11.2024","14,646","14,646","14,646","14,646","-2,32%"
"31.10.2024","14,994","14,994","14,994","14,994","0,07%"
"30.10.2024","14,984","14,984","14,984","14,984","0,49%"
"29.10.2024","14,911","14,911","14,911","14,911","0,97%"
"28.10.2024","14,768","14,768","14,768","14,768","0,93%"
"25.10.2024","14,632","14,632","14,632","14,632","-1,02%"
"24.10.2024","14,783","14,783","14,783","14,783","0,53%"
"23.10.2024","14,705","14,705","14,705","14,705","-1,53%"
"22.10.2024","14,933","14,933","14,933","14,933","-1,28%"
"21.10.2024","15,127","15,127","15,127","15,127","-0,53%"
"18.10.2024","15,207","15,207","15,207","15,207","0,09%"
"17.10.2024","15,194","15,194","15,194","15,194","0,10%"
"16.10.2024","15,179","15,179","15,179","15,179","-1,34%"
"15.10.2024","15,385","15,385","15,385","15,385","0,96%"
"11.10.2024","15,238","15,238","15,238","15,238","-0,72%"
"10.10.2024","15,349","15,349","15,349","15,349","0,83%"
"09.10.2024","15,222","15,222","15,222","15,222","-0,01%"
"08.10.2024","15,224","15,224","15,224","15,224","-1,52%"
"07.10.2024","15,459","15,459","15,459","15,459","1,97%"
"04.10.2024","15,160","15,160","15,160","15,160","-0,43%"
"03.10.2024","15,225","15,225","15,225","15,225","1,11%"
"02.10.2024","15,058","15,058","15,058","15,058","-2,95%"
"01.10.2024","15,515","15,515","15,515","15,515","2,23%"
"30.09.2024","15,177","15,177","15,177","15,177","-3,80%"
"27.09.2024","15,777","15,777","15,777","15,777","3,04%"
"26.09.2024","15,311","15,311","15,311","15,311","2,45%"
"25.09.2024","14,945","14,945","14,945","14,945","-0,95%"
"24.09.2024","15,089","15,089","15,089","15,089","1,05%"
"20.09.2024","14,932","14,932","14,932","14,932","-0,06%"
"19.09.2024","14,941","14,941","14,941","14,941","1,50%"
"18.09.2024","14,720","14,720","14,720","14,720","0,20%"
"17.09.2024","14,690","14,690","14,690","14,690","-1,91%"
"13.09.2024","14,976","14,976","14,976","14,976","0,02%"
"12.09.2024","14,973","14,973","14,973","14,973","1,57%"
"11.09.2024","14,742","14,742","14,742","14,742","-0,73%"
"10.09.2024","14,850","14,850","14,850","14,850","-0,03%"
"09.09.2024","14,855","14,855","14,855","14,855","-0,35%"
"06.09.2024","14,907","14,907","14,907","14,907","-0,27%"
"05.09.2024","14,947","14,947","14,947","14,947","-0,46%"
"04.09.2024","15,016","15,016","15,016","15,016","-3,35%"
"03.09.2024","15,537","15,537","15,537","15,537","1,72%"
"02.09.2024","15,274","15,274","15,274","15,274","-0,76%"
"30.08.2024","15,391","15,391","15,391","15,391","0,61%"
"29.08.2024","15,297","15,297","15,297","15,297","0,02%"
"28.08.2024","15,294","15,294","15,294","15,294","0,73%"
"27.08.2024","15,183","15,183","15,183","15,183","0,35%"
"23.08.2024","15,130","15,130","15,130","15,130","0,69%"
"22.08.2024","15,027","15,027","15,027","15,027","-0,11%"
"21.08.2024","15,044","15,044","15,044","15,044","-0,27%"
"20.08.2024","15,085","15,085","15,085","15,085","1,13%"
"19.08.2024","14,917","14,917","14,917","14,917","-1,07%"
"16.08.2024","15,078","15,078","15,078","15,078","3,85%"
"15.08.2024","14,519","14,519","14,519","14,519","-0,37%"
"14.08.2024","14,573","14,573","14,573","14,573","0,53%"
"13.08.2024","14,496","14,496","14,496","14,496","2,52%"
"09.08.2024","14,139","14,139","14,139","14,139","1,14%"
"08.08.2024","13,980","13,980","13,980","13,980","-0,96%"
"07.08.2024","14,115","14,115","14,115","14,115","0,38%"
"06.08.2024","14,062","14,062","14,062","14,062","8,63%"
"05.08.2024","12,945","12,945","12,945","12,945","-10,42%"
"02.08.2024","14,451","14,451","14,451","14,451","-5,19%"
"01.08.2024","15,242","15,242","15,242","15,242","-2,71%"
"31.07.2024","15,666","15,666","15,666","15,666","4,00%"
"30.07.2024","15,063","15,063","15,063","15,063","-0,34%"
"29.07.2024","15,115","15,115","15,115","15,115","2,25%"
"26.07.2024","14,783","14,783","14,783","14,783","-0,38%"
"25.07.2024","14,840","14,840","14,840","14,840","-3,57%"
"24.07.2024","15,389","15,389","15,389","15,389","0,33%"
"23.07.2024","15,339","15,339","15,339","15,339","1,04%"
"22.07.2024","15,181","15,181","15,181","15,181","-0,87%"
"19.07.2024","15,315","15,315","15,315","15,315","-0,38%"
"18.07.2024","15,373","15,373","15,373","15,373","-1,85%"
"17.07.2024","15,663","15,663","15,663","15,663","1,10%"
"16.07.2024","15,492","15,492","15,492","15,492","0,14%"
"12.07.2024","15,471","15,471","15,471","15,471","-1,37%"
"11.07.2024","15,686","15,686","15,686","15,686","2,12%"
"10.07.2024","15,361","15,361","15,361","15,361","0,34%"
"09.07.2024","15,309","15,309","15,309","15,309","0,78%"
"08.07.2024","15,191","15,191","15,191","15,191","-0,48%"
"05.07.2024","15,264","15,264","15,264","15,264","-0,47%"
"04.07.2024","15,336","15,336","15,336","15,336","1,18%"
"03.07.2024","15,157","15,157","15,157","15,157","0,09%"
"02.07.2024","15,144","15,144","15,144","15,144","1,37%"
"01.07.2024","14,940","14,940","14,940","14,940","-0,07%"
"28.06.2024","14,951","14,951","14,951","14,951","0,50%"
"27.06.2024","14,877","14,877","14,877","14,877","-0,63%"
"26.06.2024","14,972","14,972","14,972","14,972","0,27%"
"25.06.2024","14,932","14,932","14,932","14,932","2,12%"
"24.06.2024","14,622","14,622","14,622","14,622","0,01%"
"21.06.2024","14,621","14,621","14,621","14,621","-0,18%"
"20.06.2024","14,648","14,648","14,648","14,648","-0,37%"
"19.06.2024","14,703","14,703","14,703","14,703","0,50%"
"18.06.2024","14,630","14,630","14,630","14,630","0,35%"
"17.06.2024","14,579","14,579","14,579","14,579","-2,36%"
"14.06.2024","14,931","14,931","14,931","14,931","0,78%"
"13.06.2024","14,815","14,815","14,815","14,815","-0,83%"
"12.06.2024","14,939","14,939","14,939","14,939","-0,99%"
"11.06.2024","15,089","15,089","15,089","15,089","-0,34%"
"10.06.2024","15,141","15,141","15,141","15,141","1,65%"
"07.06.2024","14,895","14,895","14,895","14,895","-0,07%"
"06.06.2024","14,905","14,905","14,905","14,905","0,59%"
"05.06.2024","14,818","14,818","14,818","14,818","-2,21%"
"04.06.2024","15,153","15,153","15,153","15,153","0,37%"
"03.06.2024","15,097","15,097","15,097","15,097","1,54%"
"31.05.2024","14,868","14,868","14,868","14,868","1,16%"
"30.05.2024","14,697","14,697","14,697","14,697","-0,44%"
"29.05.2024","14,762","14,762","14,762","14,762","-0,80%"
"28.05.2024","14,881","14,881","14,881","14,881","0,81%"
"24.05.2024","14,761","14,761","14,761","14,761","-0,65%"
"23.05.2024","14,858","14,858","14,858","14,858","0,54%"
"22.05.2024","14,778","14,778","14,778","14,778","-0,92%"
"21.05.2024","14,915","14,915","14,915","14,915","-0,18%"
"20.05.2024","14,942","14,942","14,942","14,942","0,48%"
"17.05.2024","14,870","14,870","14,870","14,870","0,16%"
"16.05.2024","14,846","14,846","14,846","14,846","0,30%"
"15.05.2024","14,802","14,802","14,802","14,802","0,62%"
"14.05.2024","14,711","14,711","14,711","14,711","-0,10%"
"13.05.2024","14,725","14,725","14,725","14,725","-0,60%"
"10.05.2024","14,814","14,814","14,814","14,814","0,45%"
"09.05.2024","14,747","14,747","14,747","14,747","-0,09%"
"08.05.2024","14,761","14,761","14,761","14,761","-2,12%"
"07.05.2024","15,080","15,080","15,080","15,080","-0,41%"
"02.05.2024","15,142","15,142","15,142","15,142","1,62%"
"30.04.2024","14,900","14,900","14,900","14,900","2,11%"
"26.04.2024","14,592","14,592","14,592","14,592","0,04%"
"25.04.2024","14,586","14,586","14,586","14,586","-2,42%"
"24.04.2024","14,947","14,947","14,947","14,947","1,85%"
"23.04.2024","14,675","14,675","14,675","14,675","-0,35%"
"22.04.2024","14,727","14,727","14,727","14,727","1,46%"
"19.04.2024","14,515","14,515","14,515","14,515","-2,06%"
"18.04.2024","14,821","14,821","14,821","14,821","0,23%"
"17.04.2024","14,787","14,787","14,787","14,787","-1,36%"
"16.04.2024","14,991","14,991","14,991","14,991","-2,17%"
"15.04.2024","15,323","15,323","15,323","15,323","-1,15%"
"12.04.2024","15,502","15,502","15,502","15,502","1,35%"
"11.04.2024","15,296","15,296","15,296","15,296","0,23%"
"10.04.2024","15,261","15,261","15,261","15,261","-0,33%"
"09.04.2024","15,312","15,312","15,312","15,312","1,08%"
"08.04.2024","15,148","15,148","15,148","15,148","0,51%"
"05.04.2024","15,071","15,071","15,071","15,071","-0,73%"
"04.04.2024","15,182","15,182","15,182","15,182","0,64%"
"03.04.2024","15,085","15,085","15,085","15,085","-1,09%"
"02.04.2024","15,251","15,251","15,251","15,251","-1,16%"
"28.03.2024","15,430","15,430","15,430","15,430","-0,70%"
"27.03.2024","15,539","15,539","15,539","15,539","0,91%"
"26.03.2024","15,399","15,399","15,399","15,399","0,08%"
"25.03.2024","15,387","15,387","15,387","15,387","-1,59%"
"22.03.2024","15,636","15,636","15,636","15,636","1,16%"
"21.03.2024","15,457","15,457","15,457","15,457","1,22%"
"19.03.2024","15,271","15,271","15,271","15,271","0,30%"
"18.03.2024","15,225","15,225","15,225","15,225","2,13%"
"15.03.2024","14,908","14,908","14,908","14,908","-0,29%"
"14.03.2024","14,951","14,951","14,951","14,951","0,61%"
"13.03.2024","14,861","14,861","14,861","14,861","-0,56%"
"12.03.2024","14,945","14,945","14,945","14,945","-0,99%"
"11.03.2024","15,094","15,094","15,094","15,094","-1,89%"
"08.03.2024","15,384","15,384","15,384","15,384","0,74%"
"07.03.2024","15,271","15,271","15,271","15,271","0,01%"
"06.03.2024","15,269","15,269","15,269","15,269","0,30%"
"05.03.2024","15,224","15,224","15,224","15,224","0,80%"
"04.03.2024","15,103","15,103","15,103","15,103","-0,45%"
"01.03.2024","15,172","15,172","15,172","15,172","1,02%"
"29.02.2024","15,019","15,019","15,019","15,019","0,95%"
"28.02.2024","14,878","14,878","14,878","14,878","-0,33%"
"27.02.2024","14,928","14,928","14,928","14,928","0,40%"
"26.02.2024","14,868","14,868","14,868","14,868","0,02%"
"22.02.2024","14,865","14,865","14,865","14,865","1,20%"
"21.02.2024","14,689","14,689","14,689","14,689","-0,37%"
"20.02.2024","14,743","14,743","14,743","14,743","-0,55%"
"19.02.2024","14,824","14,824","14,824","14,824","0,52%"
"16.02.2024","14,747","14,747","14,747","14,747","1,00%"
"15.02.2024","14,601","14,601","14,601","14,601","0,40%"
"14.02.2024","14,543","14,543","14,543","14,543","-1,12%"
"13.02.2024","14,707","14,707","14,707","14,707","2,13%"
"09.02.2024","14,400","14,400","14,400","14,400","-0,30%"
"08.02.2024","14,443","14,443","14,443","14,443","-0,21%"
"07.02.2024","14,473","14,473","14,473","14,473","0,37%"
"06.02.2024","14,420","14,420","14,420","14,420","-0,32%"
"05.02.2024","14,466","14,466","14,466","14,466","1,01%"
"02.02.2024","14,321","14,321","14,321","14,321","-0,93%"
"01.02.2024","14,455","14,455","14,455","14,455","-0,52%"
"31.01.2024","14,530","14,530","14,530","14,530","1,91%"
"30.01.2024","14,258","14,258","14,258","14,258","-0,51%"
"29.01.2024","14,331","14,331","14,331","14,331","2,18%"
"26.01.2024","14,025","14,025","14,025","14,025","-2,05%"
"25.01.2024","14,318","14,318","14,318","14,318","0,19%"
"24.01.2024","14,291","14,291","14,291","14,291","-0,13%"
"23.01.2024","14,310","14,310","14,310","14,310","-0,02%"
"22.01.2024","14,313","14,313","14,313","14,313","1,55%"
"19.01.2024","14,095","14,095","14,095","14,095","0,61%"
"18.01.2024","14,009","14,009","14,009","14,009","-0,05%"
"17.01.2024","14,016","14,016","14,016","14,016","-1,07%"
"16.01.2024","14,168","14,168","14,168","14,168","-0,86%"
"15.01.2024","14,291","14,291","14,291","14,291","0,60%"
"12.01.2024","14,206","14,206","14,206","14,206","1,36%"
"11.01.2024","14,015","14,015","14,015","14,015","1,76%"
"10.01.2024","13,773","13,773","13,773","13,773","0,15%"
"09.01.2024","13,753","13,753","13,753","13,753","1,16%"
"05.01.2024","13,595","13,595","13,595","13,595","0,87%"
"04.01.2024","13,478","13,478","13,478","13,478","-0,69%"
"28.12.2023","13,572","13,572","13,572","13,572","0,84%"
"27.12.2023","13,459","13,459","13,459","13,459","0,50%"
"21.12.2023","13,392","13,392","13,392","13,392","-0,19%"
"20.12.2023","13,418","13,418","13,418","13,418","1,00%"
"19.12.2023","13,285","13,285","13,285","13,285","-0,38%"
"18.12.2023","13,336","13,336","13,336","13,336","-1,62%"
"15.12.2023","13,556","13,556","13,556","13,556","1,24%"
"14.12.2023","13,390","13,390","13,390","13,390","-0,88%"
"13.12.2023","13,509","13,509","13,509","13,509","0,33%"
"12.12.2023","13,465","13,465","13,465","13,465","-0,01%"
"11.12.2023","13,467","13,467","13,467","13,467","0,37%"
"08.12.2023","13,418","13,418","13,418","13,418","-1,74%"
"07.12.2023","13,656","13,656","13,656","13,656","1,05%"
"06.12.2023","13,514","13,514","13,514","13,514","2,01%"
"05.12.2023","13,248","13,248","13,248","13,248","-0,73%"
"04.12.2023","13,346","13,346","13,346","13,346","-0,38%"
"01.12.2023","13,397","13,397","13,397","13,397","1,12%"
"30.11.2023","13,249","13,249","13,249","13,249","0,78%"
"29.11.2023","13,147","13,147","13,147","13,147","-0,12%"
"28.11.2023","13,163","13,163","13,163","13,163","-0,06%"
"27.11.2023","13,171","13,171","13,171","13,171","-0,01%"
"24.11.2023","13,172","13,172","13,172","13,172","0,01%"
"22.11.2023","13,171","13,171","13,171","13,171","-0,23%"
"21.11.2023","13,202","13,202","13,202","13,202","0,14%"
"20.11.2023","13,184","13,184","13,184","13,184","-0,45%"
"17.11.2023","13,243","13,243","13,243","13,243","1,30%"
"16.11.2023","13,073","13,073","13,073","13,073","0,18%"
"15.11.2023","13,050","13,050","13,050","13,050","1,03%"
"14.11.2023","12,917","12,917","12,917","12,917","-0,34%"
"13.11.2023","12,961","12,961","12,961","12,961","-0,28%"
"10.11.2023","12,998","12,998","12,998","12,998","0,02%"
"09.11.2023","12,995","12,995","12,995","12,995","1,18%"
"08.11.2023","12,844","12,844","12,844","12,844","-1,47%"
"07.11.2023","13,036","13,036","13,036","13,036","-1,17%"
"06.11.2023","13,190","13,190","13,190","13,190","1,07%"
"02.11.2023","13,050","13,050","13,050","13,050","0,15%"
"01.11.2023","13,031","13,031","13,031","13,031","3,40%"
"31.10.2023","12,602","12,602","12,602","12,602","-0,33%"
"30.10.2023","12,644","12,644","12,644","12,644","-0,94%"
"27.10.2023","12,764","12,764","12,764","12,764","1,44%"
"26.10.2023","12,583","12,583","12,583","12,583","-1,34%"
"25.10.2023","12,754","12,754","12,754","12,754","0,77%"
"24.10.2023","12,656","12,656","12,656","12,656","0,25%"
"23.10.2023","12,624","12,624","12,624","12,624","-1,09%"
"20.10.2023","12,763","12,763","12,763","12,763","-0,58%"
"19.10.2023","12,837","12,837","12,837","12,837","-1,87%"
"18.10.2023","13,081","13,081","13,081","13,081","0,38%"
"17.10.2023","13,031","13,031","13,031","13,031","0,59%"
"16.10.2023","12,955","12,955","12,955","12,955","-1,95%"
"13.10.2023","13,212","13,212","13,212","13,212","-0,83%"
"12.10.2023","13,323","13,323","13,323","13,323","1,89%"
"11.10.2023","13,076","13,076","13,076","13,076","-0,51%"
"10.10.2023","13,143","13,143","13,143","13,143","2,01%"
"06.10.2023","12,884","12,884","12,884","12,884","-0,71%"
"05.10.2023","12,976","12,976","12,976","12,976","1,90%"
"04.10.2023","12,734","12,734","12,734","12,734","-2,57%"
"03.10.2023","13,070","13,070","13,070","13,070","-0,92%"
"02.10.2023","13,191","13,191","13,191","13,191","0,13%"
"29.09.2023","13,174","13,174","13,174","13,174","-1,00%"
"28.09.2023","13,307","13,307","13,307","13,307","-1,13%"
"27.09.2023","13,459","13,459","13,459","13,459","0,58%"
"26.09.2023","13,381","13,381","13,381","13,381","-0,65%"
"25.09.2023","13,468","13,468","13,468","13,468","0,51%"
"22.09.2023","13,399","13,399","13,399","13,399","-0,76%"
"21.09.2023","13,502","13,502","13,502","13,502","-0,33%"
"20.09.2023","13,547","13,547","13,547","13,547","-1,17%"
"19.09.2023","13,707","13,707","13,707","13,707","-0,12%"
"15.09.2023","13,724","13,724","13,724","13,724","0,53%"
"14.09.2023","13,651","13,651","13,651","13,651","2,20%"
"13.09.2023","13,357","13,357","13,357","13,357","-0,45%"
"12.09.2023","13,418","13,418","13,418","13,418","0,61%"
"11.09.2023","13,337","13,337","13,337","13,337","0,60%"
"08.09.2023","13,258","13,258","13,258","13,258","-1,52%"
"07.09.2023","13,463","13,463","13,463","13,463","-0,06%"
"06.09.2023","13,471","13,471","13,471","13,471","0,75%"
"05.09.2023","13,371","13,371","13,371","13,371","0,07%"
"04.09.2023","13,362","13,362","13,362","13,362","0,95%"
"01.09.2023","13,236","13,236","13,236","13,236","0,83%"
"31.08.2023","13,127","13,127","13,127","13,127","1,73%"
"30.08.2023","12,904","12,904","12,904","12,904","-0,11%"
"29.08.2023","12,918","12,918","12,918","12,918","1,28%"
"25.08.2023","12,755","12,755","12,755","12,755","-1,07%"
"24.08.2023","12,893","12,893","12,893","12,893","-0,07%"
"23.08.2023","12,902","12,902","12,902","12,902","1,26%"
"22.08.2023","12,741","12,741","12,741","12,741","1,81%"
"21.08.2023","12,515","12,515","12,515","12,515","-0,75%"
"18.08.2023","12,610","12,610","12,610","12,610","0,06%"
"17.08.2023","12,602","12,602","12,602","12,602","-0,29%"
"16.08.2023","12,639","12,639","12,639","12,639","-1,56%"
"15.08.2023","12,839","12,839","12,839","12,839","0,30%"
"14.08.2023","12,800","12,800","12,800","12,800","-0,76%"
"10.08.2023","12,898","12,898","12,898","12,898","0,09%"
"09.08.2023","12,887","12,887","12,887","12,887","-1,29%"
"08.08.2023","13,056","13,056","13,056","13,056","0,28%"
"07.08.2023","13,020","13,020","13,020","13,020","0,18%"
"04.08.2023","12,997","12,997","12,997","12,997","-0,20%"
"03.08.2023","13,023","13,023","13,023","13,023","-0,72%"
"02.08.2023","13,118","13,118","13,118","13,118","-1,20%"
"01.08.2023","13,277","13,277","13,277","13,277","0,24%"
"31.07.2023","13,245","13,245","13,245","13,245","0,23%"
"28.07.2023","13,215","13,215","13,215","13,215","0,02%"
"27.07.2023","13,212","13,212","13,212","13,212","0,61%"
"26.07.2023","13,132","13,132","13,132","13,132","0,24%"
"25.07.2023","13,100","13,100","13,100","13,100","0,52%"
"24.07.2023","13,032","13,032","13,032","13,032","1,57%"
"21.07.2023","12,830","12,830","12,830","12,830","-0,68%"
"20.07.2023","12,918","12,918","12,918","12,918","-0,98%"
"19.07.2023","13,046","13,046","13,046","13,046","0,90%"
"18.07.2023","12,929","12,929","12,929","12,929","0,50%"
"14.07.2023","12,865","12,865","12,865","12,865","-0,78%"
"13.07.2023","12,966","12,966","12,966","12,966","0,62%"
"12.07.2023","12,886","12,886","12,886","12,886","-0,31%"
"11.07.2023","12,926","12,926","12,926","12,926","0,36%"
"10.07.2023","12,880","12,880","12,880","12,880","-0,53%"
"07.07.2023","12,949","12,949","12,949","12,949","-0,39%"
"06.07.2023","13,000","13,000","13,000","13,000","-1,11%"
"05.07.2023","13,146","13,146","13,146","13,146","0,27%"
"04.07.2023","13,110","13,110","13,110","13,110","-0,65%"
"03.07.2023","13,196","13,196","13,196","13,196","1,55%"
"30.06.2023","12,994","12,994","12,994","12,994","-0,47%"
"29.06.2023","13,056","13,056","13,056","13,056","0,12%"
"28.06.2023","13,040","13,040","13,040","13,040","2,05%"
"27.06.2023","12,778","12,778","12,778","12,778","-0,98%"
"26.06.2023","12,905","12,905","12,905","12,905","-0,26%"
"23.06.2023","12,939","12,939","12,939","12,939","-1,41%"
"22.06.2023","13,124","13,124","13,124","13,124","-0,53%"
"21.06.2023","13,194","13,194","13,194","13,194","-0,54%"
"20.06.2023","13,265","13,265","13,265","13,265","0,24%"
"19.06.2023","13,233","13,233","13,233","13,233","-0,79%"
"16.06.2023","13,338","13,338","13,338","13,338","-0,60%"
"15.06.2023","13,419","13,419","13,419","13,419","-1,28%"
"14.06.2023","13,593","13,593","13,593","13,593","1,23%"
"13.06.2023","13,428","13,428","13,428","13,428","0,63%"
"12.06.2023","13,344","13,344","13,344","13,344","0,50%"
"09.06.2023","13,277","13,277","13,277","13,277","1,44%"
"08.06.2023","13,088","13,088","13,088","13,088","-0,71%"
"07.06.2023","13,182","13,182","13,182","13,182","-1,67%"
"06.06.2023","13,406","13,406","13,406","13,406","0,96%"
"05.06.2023","13,278","13,278","13,278","13,278","1,95%"
"02.06.2023","13,024","13,024","13,024","13,024","1,09%"
"01.06.2023","12,883","12,883","12,883","12,883","0,85%"
"31.05.2023","12,775","12,775","12,775","12,775","-0,64%"
"30.05.2023","12,857","12,857","12,857","12,857","1,10%"
"26.05.2023","12,717","12,717","12,717","12,717","-0,18%"
"25.05.2023","12,740","12,740","12,740","12,740","-0,58%"
"24.05.2023","12,814","12,814","12,814","12,814","-0,57%"
"23.05.2023","12,887","12,887","12,887","12,887","-0,42%"
"22.05.2023","12,942","12,942","12,942","12,942","0,51%"
"19.05.2023","12,876","12,876","12,876","12,876","0,19%"
"18.05.2023","12,852","12,852","12,852","12,852","0,96%"
"17.05.2023","12,730","12,730","12,730","12,730","0,17%"
"16.05.2023","12,709","12,709","12,709","12,709","0,32%"
"15.05.2023","12,669","12,669","12,669","12,669","0,23%"
"12.05.2023","12,640","12,640","12,640","12,640","0,55%"
"11.05.2023","12,571","12,571","12,571","12,571","0,41%"
"10.05.2023","12,520","12,520","12,520","12,520","-0,21%"
"09.05.2023","12,546","12,546","12,546","12,546","2,24%"
"02.05.2023","12,271","12,271","12,271","12,271","1,30%"
"28.04.2023","12,114","12,114","12,114","12,114","-0,63%"
"27.04.2023","12,191","12,191","12,191","12,191","0,18%"
"26.04.2023","12,169","12,169","12,169","12,169","-1,07%"
"25.04.2023","12,300","12,300","12,300","12,300","1,18%"
"24.04.2023","12,157","12,157","12,157","12,157","-0,46%"
"21.04.2023","12,213","12,213","12,213","12,213","-0,55%"
"20.04.2023","12,280","12,280","12,280","12,280","0,15%"
"19.04.2023","12,262","12,262","12,262","12,262","-0,44%"
"18.04.2023","12,316","12,316","12,316","12,316","0,69%"
"17.04.2023","12,231","12,231","12,231","12,231","0,49%"
"14.04.2023","12,171","12,171","12,171","12,171","0,16%"
"13.04.2023","12,151","12,151","12,151","12,151","0,07%"
"12.04.2023","12,142","12,142","12,142","12,142","0,33%"
"11.04.2023","12,102","12,102","12,102","12,102","0,30%"
"06.04.2023","12,066","12,066","12,066","12,066","-1,92%"
"05.04.2023","12,302","12,302","12,302","12,302","-0,65%"
"04.04.2023","12,382","12,382","12,382","12,382","-0,03%"
"03.04.2023","12,386","12,386","12,386","12,386","1,02%"
"31.03.2023","12,261","12,261","12,261","12,261","1,30%"
"30.03.2023","12,104","12,104","12,104","12,104","-0,55%"
"29.03.2023","12,171","12,171","12,171","12,171","0,20%"
"28.03.2023","12,147","12,147","12,147","12,147","0,28%"
"27.03.2023","12,113","12,113","12,113","12,113","-0,56%"
"24.03.2023","12,181","12,181","12,181","12,181","1,34%"
"23.03.2023","12,020","12,020","12,020","12,020","-0,06%"
"22.03.2023","12,027","12,027","12,027","12,027","0,38%"
"20.03.2023","11,982","11,982","11,982","11,982","-1,84%"
"17.03.2023","12,206","12,206","12,206","12,206","1,67%"
"16.03.2023","12,005","12,005","12,005","12,005","-2,05%"
"15.03.2023","12,256","12,256","12,256","12,256","3,42%"
"14.03.2023","11,851","11,851","11,851","11,851","-3,36%"
"13.03.2023","12,263","12,263","12,263","12,263","-0,99%"
"10.03.2023","12,385","12,385","12,385","12,385","-1,63%"
"09.03.2023","12,590","12,590","12,590","12,590","1,20%"
"08.03.2023","12,441","12,441","12,441","12,441","0,47%"
"07.03.2023","12,383","12,383","12,383","12,383","0,60%"
"06.03.2023","12,309","12,309","12,309","12,309","0,47%"
"03.03.2023","12,251","12,251","12,251","12,251","1,73%"
"02.03.2023","12,043","12,043","12,043","12,043","0,00%"
"01.03.2023","12,043","12,043","12,043","12,043","-0,36%"
"28.02.2023","12,087","12,087","12,087","12,087","-0,06%"
"27.02.2023","12,094","12,094","12,094","12,094","-0,02%"
"22.02.2023","12,097","12,097","12,097","12,097","-0,55%"
"21.02.2023","12,164","12,164","12,164","12,164","-0,65%"
"20.02.2023","12,243","12,243","12,243","12,243","0,27%"
"17.02.2023","12,210","12,210","12,210","12,210","-0,54%"
"16.02.2023","12,276","12,276","12,276","12,276","0,76%"
"15.02.2023","12,184","12,184","12,184","12,184","-1,02%"
"14.02.2023","12,309","12,309","12,309","12,309","0,72%"
"13.02.2023","12,221","12,221","12,221","12,221","-2,02%"
"10.02.2023","12,473","12,473","12,473","12,473","0,66%"
"09.02.2023","12,391","12,391","12,391","12,391","0,06%"
"08.02.2023","12,383","12,383","12,383","12,383","-0,51%"
"07.02.2023","12,446","12,446","12,446","12,446","1,80%"
"06.02.2023","12,226","12,226","12,226","12,226","0,26%"
"03.02.2023","12,194","12,194","12,194","12,194","-0,85%"
"02.02.2023","12,299","12,299","12,299","12,299","0,24%"
"01.02.2023","12,270","12,270","12,270","12,270","-0,03%"
"31.01.2023","12,274","12,274","12,274","12,274","-0,26%"
"30.01.2023","12,306","12,306","12,306","12,306","-0,61%"
"27.01.2023","12,381","12,381","12,381","12,381","0,78%"
"26.01.2023","12,285","12,285","12,285","12,285","-0,35%"
"25.01.2023","12,328","12,328","12,328","12,328","0,52%"
"24.01.2023","12,264","12,264","12,264","12,264","1,86%"
"23.01.2023","12,040","12,040","12,040","12,040","0,10%"
"20.01.2023","12,028","12,028","12,028","12,028","-0,95%"
"19.01.2023","12,143","12,143","12,143","12,143","-0,86%"
"18.01.2023","12,248","12,248","12,248","12,248","1,33%"
"17.01.2023","12,087","12,087","12,087","12,087","1,47%"
"16.01.2023","11,912","11,912","11,912","11,912","-1,65%"
"13.01.2023","12,112","12,112","12,112","12,112","1,23%"
"12.01.2023","11,965","11,965","11,965","11,965","2,09%"
"11.01.2023","11,720","11,720","11,720","11,720","0,59%"
"10.01.2023","11,651","11,651","11,651","11,651","-0,63%"
"06.01.2023","11,725","11,725","11,725","11,725","0,73%"
"05.01.2023","11,640","11,640","11,640","11,640","-0,47%"
"04.01.2023","11,695","11,695","11,695","11,695","0,11%"
"29.12.2022","11,682","11,682","11,682","11,682","-0,37%"
"28.12.2022","11,725","11,725","11,725","11,725","-1,83%"
"22.12.2022","11,943","11,943","11,943","11,943","0,68%"
"21.12.2022","11,862","11,862","11,862","11,862","-0,79%"
"20.12.2022","11,957","11,957","11,957","11,957","1,97%"
"19.12.2022","11,726","11,726","11,726","11,726","-0,77%"
"16.12.2022","11,817","11,817","11,817","11,817","-0,33%"
"15.12.2022","11,856","11,856","11,856","11,856","-2,23%"
"14.12.2022","12,127","12,127","12,127","12,127","0,81%"
"13.12.2022","12,030","12,030","12,030","12,030","0,98%"
"12.12.2022","11,913","11,913","11,913","11,913","-0,65%"
"09.12.2022","11,991","11,991","11,991","11,991","1,04%"
"08.12.2022","11,867","11,867","11,867","11,867","-0,64%"
"07.12.2022","11,943","11,943","11,943","11,943","-0,28%"
"06.12.2022","11,976","11,976","11,976","11,976","0,12%"
"05.12.2022","11,962","11,962","11,962","11,962","-1,38%"
"02.12.2022","12,129","12,129","12,129","12,129","-1,18%"
"01.12.2022","12,274","12,274","12,274","12,274","0,95%"
"30.11.2022","12,159","12,159","12,159","12,159","-0,60%"
"29.11.2022","12,232","12,232","12,232","12,232","0,16%"
"28.11.2022","12,212","12,212","12,212","12,212","-0,25%"
"25.11.2022","12,242","12,242","12,242","12,242","-0,75%"
"24.11.2022","12,334","12,334","12,334","12,334","2,15%"
"22.11.2022","12,074","12,074","12,074","12,074","1,07%"
"21.11.2022","11,946","11,946","11,946","11,946","-0,05%"
"18.11.2022","11,952","11,952","11,952","11,952","0,19%"
"17.11.2022","11,929","11,929","11,929","11,929","-0,18%"
"16.11.2022","11,951","11,951","11,951","11,951","-0,56%"
"15.11.2022","12,018","12,018","12,018","12,018","0,87%"
"14.11.2022","11,914","11,914","11,914","11,914","-2,05%"
"11.11.2022","12,163","12,163","12,163","12,163","2,84%"
"10.11.2022","11,827","11,827","11,827","11,827","1,03%"
"09.11.2022","11,706","11,706","11,706","11,706","-0,62%"
"08.11.2022","11,779","11,779","11,779","11,779","1,29%"
"07.11.2022","11,629","11,629","11,629","11,629","0,56%"
"04.11.2022","11,564","11,564","11,564","11,564","-1,67%"
"02.11.2022","11,760","11,760","11,760","11,760","0,76%"
"01.11.2022","11,671","11,671","11,671","11,671","1,03%"
"31.10.2022","11,552","11,552","11,552","11,552","1,57%"
"28.10.2022","11,373","11,373","11,373","11,373","-0,89%"
"27.10.2022","11,475","11,475","11,475","11,475","0,31%"
"26.10.2022","11,440","11,440","11,440","11,440","0,55%"
"25.10.2022","11,377","11,377","11,377","11,377","1,04%"
"24.10.2022","11,260","11,260","11,260","11,260","0,30%"
"21.10.2022","11,226","11,226","11,226","11,226","-0,46%"
"20.10.2022","11,278","11,278","11,278","11,278","-0,98%"
"19.10.2022","11,390","11,390","11,390","11,390","0,36%"
"18.10.2022","11,349","11,349","11,349","11,349","0,58%"
"17.10.2022","11,283","11,283","11,283","11,283","-1,93%"
"14.10.2022","11,505","11,505","11,505","11,505","1,39%"
"13.10.2022","11,347","11,347","11,347","11,347","-1,23%"
"12.10.2022","11,488","11,488","11,488","11,488","-0,73%"
"11.10.2022","11,573","11,573","11,573","11,573","-1,63%"
"07.10.2022","11,765","11,765","11,765","11,765","-0,47%"
"06.10.2022","11,821","11,821","11,821","11,821","0,55%"
"05.10.2022","11,756","11,756","11,756","11,756","3,85%"
"30.09.2022","11,320","11,320","11,320","11,320","-2,27%"
"29.09.2022","11,583","11,583","11,583","11,583","0,14%"
"28.09.2022","11,567","11,567","11,567","11,567","-1,08%"
"27.09.2022","11,693","11,693","11,693","11,693","0,48%"
"26.09.2022","11,637","11,637","11,637","11,637","-2,72%"
"22.09.2022","11,962","11,962","11,962","11,962","1,83%"
"21.09.2022","11,747","11,747","11,747","11,747","-0,54%"
"20.09.2022","11,811","11,811","11,811","11,811","0,17%"
"16.09.2022","11,791","11,791","11,791","11,791","-0,62%"
"15.09.2022","11,865","11,865","11,865","11,865","-0,39%"
"14.09.2022","11,912","11,912","11,912","11,912","-0,81%"
"13.09.2022","12,009","12,009","12,009","12,009","0,14%"
"12.09.2022","11,992","11,992","11,992","11,992","-0,08%"
"09.09.2022","12,001","12,001","12,001","12,001","0,56%"
"08.09.2022","11,934","11,934","11,934","11,934","2,50%"
"07.09.2022","11,643","11,643","11,643","11,643","-2,23%"
"06.09.2022","11,908","11,908","11,908","11,908","-1,48%"
"05.09.2022","12,087","12,087","12,087","12,087","0,68%"
"02.09.2022","12,005","12,005","12,005","12,005","-1,15%"
"01.09.2022","12,145","12,145","12,145","12,145","-1,29%"
"31.08.2022","12,304","12,304","12,304","12,304","-0,73%"
"30.08.2022","12,395","12,395","12,395","12,395","-1,53%"
"26.08.2022","12,588","12,588","12,588","12,588","-0,55%"
"25.08.2022","12,658","12,658","12,658","12,658","0,65%"
"24.08.2022","12,576","12,576","12,576","12,576","-0,74%"
"23.08.2022","12,670","12,670","12,670","12,670","-0,74%"
"22.08.2022","12,764","12,764","12,764","12,764","0,61%"
"19.08.2022","12,686","12,686","12,686","12,686","-0,37%"
"18.08.2022","12,733","12,733","12,733","12,733","-0,38%"
"17.08.2022","12,782","12,782","12,782","12,782","0,67%"
"16.08.2022","12,697","12,697","12,697","12,697","-1,06%"
"15.08.2022","12,833","12,833","12,833","12,833","1,80%"
"12.08.2022","12,606","12,606","12,606","12,606","2,06%"
"10.08.2022","12,352","12,352","12,352","12,352","0,59%"
"09.08.2022","12,279","12,279","12,279","12,279","-1,01%"
"08.08.2022","12,404","12,404","12,404","12,404","0,18%"
"05.08.2022","12,382","12,382","12,382","12,382","-0,35%"
"04.08.2022","12,425","12,425","12,425","12,425","0,12%"
"03.08.2022","12,410","12,410","12,410","12,410","-0,90%"
"02.08.2022","12,523","12,523","12,523","12,523","-1,03%"
"01.08.2022","12,653","12,653","12,653","12,653","1,61%"
"29.07.2022","12,453","12,453","12,453","12,453","-0,10%"
"28.07.2022","12,466","12,466","12,466","12,466","1,82%"
"27.07.2022","12,243","12,243","12,243","12,243","-0,17%"
"26.07.2022","12,264","12,264","12,264","12,264","0,85%"
"25.07.2022","12,161","12,161","12,161","12,161","-1,10%"
"22.07.2022","12,296","12,296","12,296","12,296","1,21%"
"21.07.2022","12,149","12,149","12,149","12,149","0,54%"
"20.07.2022","12,084","12,084","12,084","12,084","2,55%"
"19.07.2022","11,783","11,783","11,783","11,783","-0,55%"
"15.07.2022","11,848","11,848","11,848","11,848","-0,33%"
"14.07.2022","11,887","11,887","11,887","11,887","-0,13%"
"13.07.2022","11,903","11,903","11,903","11,903","-0,68%"
"12.07.2022","11,984","11,984","11,984","11,984","-0,70%"
"11.07.2022","12,069","12,069","12,069","12,069","1,30%"
"08.07.2022","11,914","11,914","11,914","11,914","0,10%"
"07.07.2022","11,902","11,902","11,902","11,902","1,61%"
"06.07.2022","11,713","11,713","11,713","11,713","-0,58%"
"05.07.2022","11,781","11,781","11,781","11,781","2,19%"
"04.07.2022","11,528","11,528","11,528","11,528","0,61%"
"01.07.2022","11,458","11,458","11,458","11,458","-0,29%"
"30.06.2022","11,491","11,491","11,491","11,491","-0,33%"
"29.06.2022","11,529","11,529","11,529","11,529","-0,79%"
"28.06.2022","11,621","11,621","11,621","11,621","1,01%"
"27.06.2022","11,505","11,505","11,505","11,505","0,74%"
"24.06.2022","11,421","11,421","11,421","11,421","0,07%"
"23.06.2022","11,413","11,413","11,413","11,413","1,52%"
"22.06.2022","11,242","11,242","11,242","11,242","-0,30%"
"21.06.2022","11,276","11,276","11,276","11,276","0,89%"
"20.06.2022","11,176","11,176","11,176","11,176","-1,32%"
"17.06.2022","11,326","11,326","11,326","11,326","-3,44%"
"16.06.2022","11,729","11,729","11,729","11,729","1,38%"
"15.06.2022","11,569","11,569","11,569","11,569","-1,17%"
"14.06.2022","11,706","11,706","11,706","11,706","-1,74%"
"13.06.2022","11,913","11,913","11,913","11,913","-1,11%"
"10.06.2022","12,047","12,047","12,047","12,047","-0,20%"
"09.06.2022","12,071","12,071","12,071","12,071","0,42%"
"08.06.2022","12,020","12,020","12,020","12,020","-0,11%"
"07.06.2022","12,033","12,033","12,033","12,033","-0,33%"
"06.06.2022","12,073","12,073","12,073","12,073","-1,49%"
"01.06.2022","12,255","12,255","12,255","12,255","0,62%"
"31.05.2022","12,179","12,179","12,179","12,179","-0,56%"
"30.05.2022","12,247","12,247","12,247","12,247","0,85%"
"27.05.2022","12,144","12,144","12,144","12,144","0,71%"
"26.05.2022","12,058","12,058","12,058","12,058","-0,36%"
"25.05.2022","12,101","12,101","12,101","12,101","-0,18%"
"24.05.2022","12,123","12,123","12,123","12,123","-0,45%"
"23.05.2022","12,178","12,178","12,178","12,178","0,16%"
"20.05.2022","12,159","12,159","12,159","12,159","0,79%"
"19.05.2022","12,064","12,064","12,064","12,064","-1,38%"
"18.05.2022","12,233","12,233","12,233","12,233","1,90%"
"17.05.2022","12,005","12,005","12,005","12,005","-1,24%"
"16.05.2022","12,156","12,156","12,156","12,156","0,26%"
"13.05.2022","12,124","12,124","12,124","12,124","1,12%"
"12.05.2022","11,990","11,990","11,990","11,990","1,76%"
"11.05.2022","11,783","11,783","11,783","11,783","-0,67%"
"10.05.2022","11,863","11,863","11,863","11,863","-0,79%"
"09.05.2022","11,958","11,958","11,958","11,958","-1,65%"
"06.05.2022","12,158","12,158","12,158","12,158","0,73%"
"28.04.2022","12,070","12,070","12,070","12,070","-0,12%"
"27.04.2022","12,084","12,084","12,084","12,084","-0,57%"
"26.04.2022","12,153","12,153","12,153","12,153","1,14%"
"25.04.2022","12,016","12,016","12,016","12,016","-0,47%"
"22.04.2022","12,073","12,073","12,073","12,073","-0,54%"
"21.04.2022","12,139","12,139","12,139","12,139","0,28%"
"20.04.2022","12,105","12,105","12,105","12,105","1,24%"
"19.04.2022","11,957","11,957","11,957","11,957","-3,01%"
"14.04.2022","12,328","12,328","12,328","12,328","1,48%"
"13.04.2022","12,148","12,148","12,148","12,148","1,24%"
"12.04.2022","11,999","11,999","11,999","11,999","-0,97%"
"11.04.2022","12,116","12,116","12,116","12,116","-1,45%"
"08.04.2022","12,294","12,294","12,294","12,294","0,19%"
"07.04.2022","12,271","12,271","12,271","12,271","-1,58%"
"06.04.2022","12,468","12,468","12,468","12,468","-1,49%"
"05.04.2022","12,657","12,657","12,657","12,657","-0,21%"
"04.04.2022","12,684","12,684","12,684","12,684","0,91%"
"01.04.2022","12,570","12,570","12,570","12,570","-0,56%"
"31.03.2022","12,641","12,641","12,641","12,641","-0,13%"
"30.03.2022","12,657","12,657","12,657","12,657","-0,39%"
"29.03.2022","12,707","12,707","12,707","12,707","0,50%"
"28.03.2022","12,644","12,644","12,644","12,644","-1,51%"
"25.03.2022","12,838","12,838","12,838","12,838","0,20%"
"24.03.2022","12,813","12,813","12,813","12,813","-0,66%"
"23.03.2022","12,898","12,898","12,898","12,898","2,32%"
"22.03.2022","12,606","12,606","12,606","12,606","0,49%"
"18.03.2022","12,545","12,545","12,545","12,545","0,55%"
"17.03.2022","12,476","12,476","12,476","12,476","1,58%"
"16.03.2022","12,282","12,282","12,282","12,282","1,25%"
"15.03.2022","12,130","12,130","12,130","12,130","0,57%"
"14.03.2022","12,061","12,061","12,061","12,061","-0,32%"
"11.03.2022","12,100","12,100","12,100","12,100","-2,21%"
"10.03.2022","12,374","12,374","12,374","12,374","4,17%"
"09.03.2022","11,879","11,879","11,879","11,879","-1,75%"
"08.03.2022","12,091","12,091","12,091","12,091","-1,99%"
"07.03.2022","12,337","12,337","12,337","12,337","-2,91%"
"04.03.2022","12,707","12,707","12,707","12,707","0,01%"
"03.03.2022","12,706","12,706","12,706","12,706","1,16%"
"02.03.2022","12,560","12,560","12,560","12,560","-1,96%"
"01.03.2022","12,811","12,811","12,811","12,811","1,72%"
"28.02.2022","12,594","12,594","12,594","12,594","0,82%"
"25.02.2022","12,492","12,492","12,492","12,492","-0,01%"
"24.02.2022","12,493","12,493","12,493","12,493","0,16%"
"22.02.2022","12,473","12,473","12,473","12,473","-1,79%"
"21.02.2022","12,700","12,700","12,700","12,700","-0,38%"
"18.02.2022","12,749","12,749","12,749","12,749","-0,27%"
"17.02.2022","12,784","12,784","12,784","12,784","-0,43%"
"16.02.2022","12,839","12,839","12,839","12,839","1,95%"
"15.02.2022","12,593","12,593","12,593","12,593","-1,53%"
"14.02.2022","12,789","12,789","12,789","12,789","-0,09%"
"10.02.2022","12,801","12,801","12,801","12,801","-0,23%"
"09.02.2022","12,831","12,831","12,831","12,831","0,98%"
"08.02.2022","12,706","12,706","12,706","12,706","0,08%"
"07.02.2022","12,696","12,696","12,696","12,696","-0,05%"
"04.02.2022","12,702","12,702","12,702","12,702","-0,08%"
"03.02.2022","12,712","12,712","12,712","12,712","-2,37%"
"02.02.2022","13,021","13,021","13,021","13,021","1,96%"
"01.02.2022","12,771","12,771","12,771","12,771","0,08%"
"31.01.2022","12,761","12,761","12,761","12,761","0,50%"
"28.01.2022","12,697","12,697","12,697","12,697","1,95%"
"27.01.2022","12,454","12,454","12,454","12,454","-2,38%"
"26.01.2022","12,757","12,757","12,757","12,757","-0,66%"
"25.01.2022","12,842","12,842","12,842","12,842","-1,42%"
"24.01.2022","13,027","13,027","13,027","13,027","0,12%"
"21.01.2022","13,012","13,012","13,012","13,012","-0,41%"
"20.01.2022","13,065","13,065","13,065","13,065","1,26%"
"19.01.2022","12,902","12,902","12,902","12,902","-2,88%"
"18.01.2022","13,284","13,284","13,284","13,284","0,27%"
"17.01.2022","13,248","13,248","13,248","13,248","0,07%"
"14.01.2022","13,239","13,239","13,239","13,239","-0,92%"
"13.01.2022","13,362","13,362","13,362","13,362","-0,37%"
"12.01.2022","13,411","13,411","13,411","13,411","1,43%"
"11.01.2022","13,222","13,222","13,222","13,222","-0,34%"
"07.01.2022","13,267","13,267","13,267","13,267","-0,43%"
"06.01.2022","13,324","13,324","13,324","13,324","-1,75%"
"05.01.2022","13,562","13,562","13,562","13,562","0,53%"
"04.01.2022","13,490","13,490","13,490","13,490","1,43%"
"30.12.2021","13,300","13,300","13,300","13,300","-0,34%"
"29.12.2021","13,345","13,345","13,345","13,345","-0,40%"
"23.12.2021","13,399","13,399","13,399","13,399","0,99%"
"22.12.2021","13,267","13,267","13,267","13,267","-0,67%"
"21.12.2021","13,357","13,357","13,357","13,357","1,14%"
"20.12.2021","13,206","13,206","13,206","13,206","-2,03%"
"17.12.2021","13,479","13,479","13,479","13,479","-1,07%"
"16.12.2021","13,625","13,625","13,625","13,625","1,16%"
"15.12.2021","13,469","13,469","13,469","13,469","0,63%"
"14.12.2021","13,385","13,385","13,385","13,385","-0,31%"
"13.12.2021","13,427","13,427","13,427","13,427","0,29%"
"10.12.2021","13,388","13,388","13,388","13,388","-0,89%"
"09.12.2021","13,508","13,508","13,508","13,508","0,26%"
"08.12.2021","13,473","13,473","13,473","13,473","-0,20%"
"07.12.2021","13,500","13,500","13,500","13,500","2,03%"
"06.12.2021","13,232","13,232","13,232","13,232","-0,71%"
"03.12.2021","13,327","13,327","13,327","13,327","1,52%"
"02.12.2021","13,128","13,128","13,128","13,128","-0,36%"
"01.12.2021","13,176","13,176","13,176","13,176","0,30%"
"30.11.2021","13,137","13,137","13,137","13,137","-0,94%"
"29.11.2021","13,262","13,262","13,262","13,262","-1,73%"
"26.11.2021","13,496","13,496","13,496","13,496","-1,03%"
"25.11.2021","13,636","13,636","13,636","13,636","0,32%"
"24.11.2021","13,592","13,592","13,592","13,592","-1,30%"
"22.11.2021","13,771","13,771","13,771","13,771","-0,25%"
"19.11.2021","13,806","13,806","13,806","13,806","1,14%"
"18.11.2021","13,651","13,651","13,651","13,651","-0,23%"
"17.11.2021","13,682","13,682","13,682","13,682","-0,11%"
"16.11.2021","13,697","13,697","13,697","13,697","0,31%"
"15.11.2021","13,655","13,655","13,655","13,655","0,69%"
"12.11.2021","13,562","13,562","13,562","13,562","1,55%"
"11.11.2021","13,355","13,355","13,355","13,355","0,73%"
"10.11.2021","13,258","13,258","13,258","13,258","-0,76%"
"09.11.2021","13,359","13,359","13,359","13,359","-0,49%"
"08.11.2021","13,425","13,425","13,425","13,425","-0,42%"
"05.11.2021","13,481","13,481","13,481","13,481","-0,57%"
"04.11.2021","13,558","13,558","13,558","13,558","1,63%"
"02.11.2021","13,341","13,341","13,341","13,341","-0,13%"
"01.11.2021","13,358","13,358","13,358","13,358","1,92%"
"29.10.2021","13,106","13,106","13,106","13,106","0,44%"
"28.10.2021","13,048","13,048","13,048","13,048","-1,21%"
"27.10.2021","13,208","13,208","13,208","13,208","0,30%"
"26.10.2021","13,168","13,168","13,168","13,168","0,83%"
"25.10.2021","13,060","13,060","13,060","13,060","-0,12%"
"22.10.2021","13,076","13,076","13,076","13,076","0,37%"
"21.10.2021","13,028","13,028","13,028","13,028","-1,01%"
"20.10.2021","13,161","13,161","13,161","13,161","0,02%"
"19.10.2021","13,159","13,159","13,159","13,159","-0,01%"
"18.10.2021","13,160","13,160","13,160","13,160","-0,35%"
"15.10.2021","13,206","13,206","13,206","13,206","1,38%"
"14.10.2021","13,026","13,026","13,026","13,026","0,35%"
"13.10.2021","12,980","12,980","12,980","12,980","-0,43%"
"12.10.2021","13,036","13,036","13,036","13,036","-0,70%"
"11.10.2021","13,128","13,128","13,128","13,128","0,71%"
"08.10.2021","13,035","13,035","13,035","13,035","0,56%"
"07.10.2021","12,963","12,963","12,963","12,963","-0,38%"
"06.10.2021","13,013","13,013","13,013","13,013","0,29%"
"05.10.2021","12,975","12,975","12,975","12,975","-1,68%"
"04.10.2021","13,197","13,197","13,197","13,197","-0,89%"
"01.10.2021","13,315","13,315","13,315","13,315","-1,70%"
"30.09.2021","13,545","13,545","13,545","13,545","0,14%"
"29.09.2021","13,526","13,526","13,526","13,526","-1,45%"
"28.09.2021","13,725","13,725","13,725","13,725","-0,45%"
"27.09.2021","13,787","13,787","13,787","13,787","-0,18%"
"24.09.2021","13,812","13,812","13,812","13,812","1,41%"
"22.09.2021","13,620","13,620","13,620","13,620","-1,42%"
"21.09.2021","13,816","13,816","13,816","13,816","-0,88%"
"17.09.2021","13,938","13,938","13,938","13,938","0,40%"
"16.09.2021","13,882","13,882","13,882","13,882","-0,19%"
"15.09.2021","13,908","13,908","13,908","13,908","-0,55%"
"14.09.2021","13,985","13,985","13,985","13,985","1,11%"
"13.09.2021","13,832","13,832","13,832","13,832","0,35%"
"10.09.2021","13,784","13,784","13,784","13,784","1,07%"
"09.09.2021","13,638","13,638","13,638","13,638","-0,33%"
"08.09.2021","13,683","13,683","13,683","13,683","0,90%"
"07.09.2021","13,561","13,561","13,561","13,561","0,84%"
"06.09.2021","13,448","13,448","13,448","13,448","1,36%"
"03.09.2021","13,267","13,267","13,267","13,267","1,83%"
"02.09.2021","13,028","13,028","13,028","13,028","0,12%"
"01.09.2021","13,012","13,012","13,012","13,012","0,53%"
"31.08.2021","12,944","12,944","12,944","12,944","1,58%"
"27.08.2021","12,743","12,743","12,743","12,743","-0,54%"
"26.08.2021","12,812","12,812","12,812","12,812","-0,04%"
"25.08.2021","12,817","12,817","12,817","12,817","-0,23%"
"24.08.2021","12,847","12,847","12,847","12,847","0,78%"
"23.08.2021","12,747","12,747","12,747","12,747","1,40%"
"20.08.2021","12,571","12,571","12,571","12,571","-0,91%"
"19.08.2021","12,686","12,686","12,686","12,686","-1,01%"
"18.08.2021","12,816","12,816","12,816","12,816","0,18%"
"17.08.2021","12,793","12,793","12,793","12,793","-0,22%"
"16.08.2021","12,821","12,821","12,821","12,821","-0,90%"
"13.08.2021","12,937","12,937","12,937","12,937","0,05%"
"12.08.2021","12,930","12,930","12,930","12,930","0,11%"
"11.08.2021","12,916","12,916","12,916","12,916","0,87%"
"10.08.2021","12,805","12,805","12,805","12,805","0,41%"
"06.08.2021","12,753","12,753","12,753","12,753","0,09%"
"05.08.2021","12,741","12,741","12,741","12,741","0,46%"
"04.08.2021","12,683","12,683","12,683","12,683","-0,84%"
"03.08.2021","12,790","12,790","12,790","12,790","0,05%"
"02.08.2021","12,783","12,783","12,783","12,783","2,24%"
"30.07.2021","12,503","12,503","12,503","12,503","-1,28%"
"29.07.2021","12,665","12,665","12,665","12,665","0,21%"
"28.07.2021","12,638","12,638","12,638","12,638","-0,99%"
"27.07.2021","12,764","12,764","12,764","12,764","0,87%"
"26.07.2021","12,654","12,654","12,654","12,654","0,91%"
"21.07.2021","12,540","12,540","12,540","12,540","0,18%"
"20.07.2021","12,518","12,518","12,518","12,518","-1,10%"
"19.07.2021","12,657","12,657","12,657","12,657","-0,54%"
"16.07.2021","12,726","12,726","12,726","12,726","-0,48%"
"15.07.2021","12,787","12,787","12,787","12,787","-1,12%"
"14.07.2021","12,932","12,932","12,932","12,932","0,02%"
"13.07.2021","12,930","12,930","12,930","12,930","0,98%"
"12.07.2021","12,805","12,805","12,805","12,805","1,96%"
"09.07.2021","12,559","12,559","12,559","12,559","-1,06%"
"08.07.2021","12,693","12,693","12,693","12,693","-0,31%"
"07.07.2021","12,733","12,733","12,733","12,733","-0,63%"
"06.07.2021","12,814","12,814","12,814","12,814","0,90%"
"05.07.2021","12,700","12,700","12,700","12,700","-0,19%"
"02.07.2021","12,724","12,724","12,724","12,724","1,26%"
"01.07.2021","12,566","12,566","12,566","12,566","-0,77%"
"30.06.2021","12,663","12,663","12,663","12,663","-0,38%"
"29.06.2021","12,711","12,711","12,711","12,711","-0,34%"
"28.06.2021","12,754","12,754","12,754","12,754","0,41%"
"25.06.2021","12,702","12,702","12,702","12,702","0,65%"
"24.06.2021","12,620","12,620","12,620","12,620","0,06%"
"23.06.2021","12,612","12,612","12,612","12,612","-1,00%"
"22.06.2021","12,740","12,740","12,740","12,740","2,78%"
"21.06.2021","12,395","12,395","12,395","12,395","-2,89%"
"18.06.2021","12,764","12,764","12,764","12,764","-0,08%"
"17.06.2021","12,774","12,774","12,774","12,774","0,58%"
"16.06.2021","12,700","12,700","12,700","12,700","0,12%"
"15.06.2021","12,685","12,685","12,685","12,685","0,80%"
"14.06.2021","12,584","12,584","12,584","12,584","0,08%"
"11.06.2021","12,574","12,574","12,574","12,574","0,27%"
"10.06.2021","12,540","12,540","12,540","12,540","0,09%"
"09.06.2021","12,529","12,529","12,529","12,529","-0,51%"
"08.06.2021","12,593","12,593","12,593","12,593","-0,09%"
"07.06.2021","12,604","12,604","12,604","12,604","0,10%"
"04.06.2021","12,591","12,591","12,591","12,591","0,33%"
"03.06.2021","12,550","12,550","12,550","12,550","0,92%"
"02.06.2021","12,436","12,436","12,436","12,436","0,96%"
"01.06.2021","12,318","12,318","12,318","12,318","-1,07%"
"28.05.2021","12,451","12,451","12,451","12,451","1,80%"
"27.05.2021","12,231","12,231","12,231","12,231","-0,83%"
"26.05.2021","12,333","12,333","12,333","12,333","0,27%"
"25.05.2021","12,300","12,300","12,300","12,300","0,07%"
"24.05.2021","12,291","12,291","12,291","12,291","0,33%"
"21.05.2021","12,250","12,250","12,250","12,250","0,63%"
"20.05.2021","12,173","12,173","12,173","12,173","-0,25%"
"19.05.2021","12,203","12,203","12,203","12,203","-0,34%"
"18.05.2021","12,245","12,245","12,245","12,245","1,26%"
"17.05.2021","12,093","12,093","12,093","12,093","-0,10%"
"14.05.2021","12,105","12,105","12,105","12,105","1,52%"
"13.05.2021","11,924","11,924","11,924","11,924","-1,76%"
"12.05.2021","12,138","12,138","12,138","12,138","-1,47%"
"11.05.2021","12,319","12,319","12,319","12,319","-2,21%"
"10.05.2021","12,598","12,598","12,598","12,598","0,70%"
"07.05.2021","12,511","12,511","12,511","12,511","-0,11%"
"06.05.2021","12,525","12,525","12,525","12,525","1,61%"
"30.04.2021","12,327","12,327","12,327","12,327","-0,59%"
"28.04.2021","12,400","12,400","12,400","12,400","-0,03%"
"27.04.2021","12,404","12,404","12,404","12,404","-1,18%"
"26.04.2021","12,552","12,552","12,552","12,552","-0,09%"
"23.04.2021","12,563","12,563","12,563","12,563","-0,70%"
"22.04.2021","12,651","12,651","12,651","12,651","2,15%"
"21.04.2021","12,385","12,385","12,385","12,385","-1,83%"
"20.04.2021","12,616","12,616","12,616","12,616","-1,88%"
"19.04.2021","12,858","12,858","12,858","12,858","0,17%"
"16.04.2021","12,836","12,836","12,836","12,836","0,05%"
"13.04.2021","12,830","12,830","12,830","12,830","0,25%"
"12.04.2021","12,798","12,798","12,798","12,798","-0,34%"
"09.04.2021","12,842","12,842","12,842","12,842","-0,04%"
"07.04.2021","12,847","12,847","12,847","12,847","0,12%"
"06.04.2021","12,832","12,832","12,832","12,832","-0,03%"
"01.04.2021","12,836","12,836","12,836","12,836","0,13%"
"31.03.2021","12,819","12,819","12,819","12,819","-1,51%"
"30.03.2021","13,016","13,016","13,016","13,016","-0,14%"
"29.03.2021","13,034","13,034","13,034","13,034","0,62%"
"26.03.2021","12,954","12,954","12,954","12,954","0,95%"
"25.03.2021","12,832","12,832","12,832","12,832","1,45%"
"24.03.2021","12,649","12,649","12,649","12,649","-1,88%"
"23.03.2021","12,891","12,891","12,891","12,891","-0,22%"
"22.03.2021","12,919","12,919","12,919","12,919","-1,31%"
"19.03.2021","13,091","13,091","13,091","13,091","0,18%"
"18.03.2021","13,068","13,068","13,068","13,068","1,35%"
"17.03.2021","12,894","12,894","12,894","12,894","-0,22%"
"16.03.2021","12,922","12,922","12,922","12,922","0,90%"
"15.03.2021","12,807","12,807","12,807","12,807","0,78%"
"12.03.2021","12,708","12,708","12,708","12,708","1,23%"
"11.03.2021","12,553","12,553","12,553","12,553","-0,24%"
"10.03.2021","12,583","12,583","12,583","12,583","0,22%"
"09.03.2021","12,556","12,556","12,556","12,556","0,96%"
"08.03.2021","12,437","12,437","12,437","12,437","-0,35%"
"05.03.2021","12,481","12,481","12,481","12,481","1,04%"
"04.03.2021","12,353","12,353","12,353","12,353","-1,52%"
"03.03.2021","12,544","12,544","12,544","12,544","0,13%"
"02.03.2021","12,528","12,528","12,528","12,528","-0,56%"
"01.03.2021","12,599","12,599","12,599","12,599","2,59%"
"26.02.2021","12,281","12,281","12,281","12,281","-2,94%"
"25.02.2021","12,653","12,653","12,653","12,653","0,18%"
"24.02.2021","12,630","12,630","12,630","12,630","-2,57%"
"22.02.2021","12,963","12,963","12,963","12,963","0,83%"
"19.02.2021","12,856","12,856","12,856","12,856","-0,93%"
"18.02.2021","12,977","12,977","12,977","12,977","-1,08%"
"17.02.2021","13,119","13,119","13,119","13,119","0,21%"
"16.02.2021","13,091","13,091","13,091","13,091","0,51%"
"15.02.2021","13,024","13,024","13,024","13,024","0,70%"
"12.02.2021","12,934","12,934","12,934","12,934","0,02%"
"10.02.2021","12,932","12,932","12,932","12,932","0,02%"
"09.02.2021","12,930","12,930","12,930","12,930","0,29%"
"08.02.2021","12,892","12,892","12,892","12,892","1,82%"
"05.02.2021","12,662","12,662","12,662","12,662","0,99%"
"04.02.2021","12,538","12,538","12,538","12,538","-0,44%"
"03.02.2021","12,593","12,593","12,593","12,593","1,49%"
"02.02.2021","12,408","12,408","12,408","12,408","1,13%"
"01.02.2021","12,269","12,269","12,269","12,269","1,50%"
"29.01.2021","12,088","12,088","12,088","12,088","-2,19%"
"28.01.2021","12,359","12,359","12,359","12,359","-1,78%"
"27.01.2021","12,583","12,583","12,583","12,583","0,85%"
"26.01.2021","12,477","12,477","12,477","12,477","-0,96%"
"25.01.2021","12,598","12,598","12,598","12,598","0,63%"
"22.01.2021","12,519","12,519","12,519","12,519","-0,56%"
"21.01.2021","12,589","12,589","12,589","12,589","0,25%"
"20.01.2021","12,558","12,558","12,558","12,558","0,06%"
"19.01.2021","12,551","12,551","12,551","12,551","0,10%"
"18.01.2021","12,539","12,539","12,539","12,539","-0,31%"
"15.01.2021","12,578","12,578","12,578","12,578","-0,54%"
"14.01.2021","12,646","12,646","12,646","12,646","0,87%"
"13.01.2021","12,537","12,537","12,537","12,537","0,57%"
"12.01.2021","12,466","12,466","12,466","12,466","0,62%"
"08.01.2021","12,389","12,389","12,389","12,389","1,83%"
"07.01.2021","12,166","12,166","12,166","12,166","1,38%"
"06.01.2021","12,000","12,000","12,000","12,000","-0,49%"
"05.01.2021","12,059","12,059","12,059","12,059","0,10%"
"04.01.2021","12,047","12,047","12,047","12,047","-0,12%"
"30.12.2020","12,062","12,062","12,062","12,062","-0,92%"
"29.12.2020","12,174","12,174","12,174","12,174","2,81%"
"23.12.2020","11,841","11,841","11,841","11,841","0,19%"
"22.12.2020","11,818","11,818","11,818","11,818","-1,25%"
"21.12.2020","11,968","11,968","11,968","11,968","-0,18%"
"18.12.2020","11,990","11,990","11,990","11,990","-0,25%"
"17.12.2020","12,020","12,020","12,020","12,020","0,48%"
"16.12.2020","11,962","11,962","11,962","11,962","0,19%"
"15.12.2020","11,939","11,939","11,939","11,939","-0,38%"
"14.12.2020","11,984","11,984","11,984","11,984","0,13%"
"11.12.2020","11,968","11,968","11,968","11,968","0,85%"
"10.12.2020","11,867","11,867","11,867","11,867","-0,74%"
"09.12.2020","11,956","11,956","11,956","11,956","1,32%"
"08.12.2020","11,800","11,800","11,800","11,800","-0,06%"
"07.12.2020","11,807","11,807","11,807","11,807","-0,56%"
"04.12.2020","11,874","11,874","11,874","11,874","-0,20%"
"03.12.2020","11,898","11,898","11,898","11,898","0,13%"
"02.12.2020","11,883","11,883","11,883","11,883","-0,18%"
"01.12.2020","11,905","11,905","11,905","11,905","-0,07%"
"30.11.2020","11,913","11,913","11,913","11,913","-1,97%"
"27.11.2020","12,152","12,152","12,152","12,152","0,31%"
"26.11.2020","12,114","12,114","12,114","12,114","0,71%"
"25.11.2020","12,029","12,029","12,029","12,029","0,42%"
"24.11.2020","11,979","11,979","11,979","11,979","1,19%"
"20.11.2020","11,838","11,838","11,838","11,838","-0,12%"
"19.11.2020","11,852","11,852","11,852","11,852","0,48%"
"18.11.2020","11,795","11,795","11,795","11,795","-0,32%"
"17.11.2020","11,833","11,833","11,833","11,833","0,35%"
"16.11.2020","11,792","11,792","11,792","11,792","1,59%"
"13.11.2020","11,607","11,607","11,607","11,607","-0,85%"
"12.11.2020","11,706","11,706","11,706","11,706","-0,06%"
"11.11.2020","11,713","11,713","11,713","11,713","1,92%"
"10.11.2020","11,492","11,492","11,492","11,492","1,35%"
"09.11.2020","11,339","11,339","11,339","11,339","-0,12%"
"06.11.2020","11,353","11,353","11,353","11,353","0,43%"
"05.11.2020","11,304","11,304","11,304","11,304","1,24%"
"04.11.2020","11,165","11,165","11,165","11,165","0,95%"
"02.11.2020","11,060","11,060","11,060","11,060","1,71%"
"30.10.2020","10,874","10,874","10,874","10,874","-1,73%"
"29.10.2020","11,065","11,065","11,065","11,065","0,44%"
"28.10.2020","11,016","11,016","11,016","11,016","0,52%"
"27.10.2020","10,959","10,959","10,959","10,959","0,16%"
"26.10.2020","10,941","10,941","10,941","10,941","-0,25%"
"23.10.2020","10,968","10,968","10,968","10,968","0,28%"
"22.10.2020","10,937","10,937","10,937","10,937","-0,98%"
"21.10.2020","11,045","11,045","11,045","11,045","1,32%"
"20.10.2020","10,901","10,901","10,901","10,901","-1,18%"
"19.10.2020","11,031","11,031","11,031","11,031","0,59%"
"16.10.2020","10,966","10,966","10,966","10,966","-1,10%"
"15.10.2020","11,088","11,088","11,088","11,088","-0,34%"
"14.10.2020","11,126","11,126","11,126","11,126","-0,01%"
"13.10.2020","11,127","11,127","11,127","11,127","0,72%"
"12.10.2020","11,047","11,047","11,047","11,047","0,14%"
"09.10.2020","11,032","11,032","11,032","11,032","-0,69%"
"08.10.2020","11,109","11,109","11,109","11,109","0,65%"
"07.10.2020","11,037","11,037","11,037","11,037","-0,07%"
"06.10.2020","11,045","11,045","11,045","11,045","0,66%"
"05.10.2020","10,973","10,973","10,973","10,973","0,68%"
"02.10.2020","10,899","10,899","10,899","10,899","-0,68%"
"30.09.2020","10,974","10,974","10,974","10,974","-1,68%"
"29.09.2020","11,162","11,162","11,162","11,162","-0,32%"
"28.09.2020","11,198","11,198","11,198","11,198","1,70%"
"24.09.2020","11,011","11,011","11,011","11,011","-0,93%"
"23.09.2020","11,114","11,114","11,114","11,114","0,65%"
"18.09.2020","11,042","11,042","11,042","11,042","0,27%"
"17.09.2020","11,012","11,012","11,012","11,012","-0,19%"
"16.09.2020","11,033","11,033","11,033","11,033","0,94%"
"15.09.2020","10,930","10,930","10,930","10,930","-0,25%"
"14.09.2020","10,957","10,957","10,957","10,957","1,94%"
"10.09.2020","10,748","10,748","10,748","10,748","0,74%"
"09.09.2020","10,669","10,669","10,669","10,669","-1,40%"
"08.09.2020","10,820","10,820","10,820","10,820","1,19%"
"07.09.2020","10,693","10,693","10,693","10,693","-0,75%"
"04.09.2020","10,774","10,774","10,774","10,774","-0,71%"
"03.09.2020","10,851","10,851","10,851","10,851","0,53%"
"02.09.2020","10,794","10,794","10,794","10,794","1,37%"
"01.09.2020","10,648","10,648","10,648","10,648","-0,56%"
"28.08.2020","10,708","10,708","10,708","10,708","-0,34%"
"24.08.2020","10,744","10,744","10,744","10,744","0,83%"
"20.08.2020","10,656","10,656","10,656","10,656","-0,69%"
"19.08.2020","10,730","10,730","10,730","10,730","0,16%"
"18.08.2020","10,713","10,713","10,713","10,713","0,17%"
"17.08.2020","10,695","10,695","10,695","10,695","-0,74%"
"14.08.2020","10,775","10,775","10,775","10,775","0,47%"
"13.08.2020","10,725","10,725","10,725","10,725","0,97%"
"12.08.2020","10,622","10,622","10,622","10,622","0,38%"
"11.08.2020","10,582","10,582","10,582","10,582","2,06%"
"07.08.2020","10,368","10,368","10,368","10,368","0,01%"
"06.08.2020","10,367","10,367","10,367","10,367","0,01%"
"05.08.2020","10,366","10,366","10,366","10,366","-0,75%"
"04.08.2020","10,444","10,444","10,444","10,444","2,05%"
"03.08.2020","10,234","10,234","10,234","10,234","2,12%"
"31.07.2020","10,022","10,022","10,022","10,022","-3,62%"
"30.07.2020","10,398","10,398","10,398","10,398","-0,66%"
"29.07.2020","10,467","10,467","10,467","10,467","-1,72%"
"28.07.2020","10,650","10,650","10,650","10,650","0,12%"
"27.07.2020","10,637","10,637","10,637","10,637","0,50%"
"22.07.2020","10,584","10,584","10,584","10,584","-1,69%"
"21.07.2020","10,766","10,766","10,766","10,766","0,20%"
"20.07.2020","10,744","10,744","10,744","10,744","-0,05%"
"17.07.2020","10,749","10,749","10,749","10,749","-0,24%"
"16.07.2020","10,775","10,775","10,775","10,775","-1,09%"
"15.07.2020","10,894","10,894","10,894","10,894","1,75%"
"14.07.2020","10,707","10,707","10,707","10,707","-0,77%"
"13.07.2020","10,790","10,790","10,790","10,790","1,35%"
"10.07.2020","10,646","10,646","10,646","10,646","-1,04%"
"09.07.2020","10,758","10,758","10,758","10,758","0,65%"
"08.07.2020","10,689","10,689","10,689","10,689","-1,22%"
"07.07.2020","10,821","10,821","10,821","10,821","-0,11%"
"06.07.2020","10,833","10,833","10,833","10,833","0,89%"
"03.07.2020","10,737","10,737","10,737","10,737","0,59%"
"02.07.2020","10,674","10,674","10,674","10,674","0,61%"
"01.07.2020","10,609","10,609","10,609","10,609","-1,06%"
"30.06.2020","10,723","10,723","10,723","10,723","0,69%"
"29.06.2020","10,649","10,649","10,649","10,649","-2,52%"
"26.06.2020","10,924","10,924","10,924","10,924","0,93%"
"25.06.2020","10,823","10,823","10,823","10,823","-0,91%"
"24.06.2020","10,922","10,922","10,922","10,922","-0,42%"
"23.06.2020","10,968","10,968","10,968","10,968","0,36%"
"22.06.2020","10,929","10,929","10,929","10,929","-0,73%"
"19.06.2020","11,009","11,009","11,009","11,009","0,14%"
"18.06.2020","10,994","10,994","10,994","10,994","0,14%"
"17.06.2020","10,979","10,979","10,979","10,979","-0,12%"
"16.06.2020","10,992","10,992","10,992","10,992","4,46%"
"15.06.2020","10,523","10,523","10,523","10,523","-3,41%"
"11.06.2020","10,895","10,895","10,895","10,895","-1,89%"
"10.06.2020","11,105","11,105","11,105","11,105","0,24%"
"09.06.2020","11,078","11,078","11,078","11,078","0,18%"
"08.06.2020","11,058","11,058","11,058","11,058","2,35%"
"05.06.2020","10,804","10,804","10,804","10,804","0,17%"
"04.06.2020","10,786","10,786","10,786","10,786","-0,96%"
"03.06.2020","10,890","10,890","10,890","10,890","0,29%"
"02.06.2020","10,859","10,859","10,859","10,859","-0,18%"
"01.06.2020","10,879","10,879","10,879","10,879","0,44%"
"29.05.2020","10,831","10,831","10,831","10,831","-1,62%"
"28.05.2020","11,009","11,009","11,009","11,009","1,46%"
"27.05.2020","10,851","10,851","10,851","10,851","0,88%"
"26.05.2020","10,756","10,756","10,756","10,756","2,88%"
"22.05.2020","10,455","10,455","10,455","10,455","-0,14%"
"21.05.2020","10,470","10,470","10,470","10,470","-0,17%"
"20.05.2020","10,488","10,488","10,488","10,488","0,58%"
"19.05.2020","10,428","10,428","10,428","10,428","0,60%"
"18.05.2020","10,366","10,366","10,366","10,366","-0,17%"
"15.05.2020","10,384","10,384","10,384","10,384","0,15%"
"14.05.2020","10,368","10,368","10,368","10,368","-1,53%"
"13.05.2020","10,529","10,529","10,529","10,529","0,24%"
"12.05.2020","10,504","10,504","10,504","10,504","-0,50%"
"11.05.2020","10,557","10,557","10,557","10,557","2,37%"
"07.05.2020","10,313","10,313","10,313","10,313","-0,77%"
"28.04.2020","10,393","10,393","10,393","10,393","0,31%"
"27.04.2020","10,361","10,361","10,361","10,361","1,94%"
"24.04.2020","10,164","10,164","10,164","10,164","-0,10%"
"23.04.2020","10,174","10,174","10,174","10,174","1,44%"
"22.04.2020","10,030","10,030","10,030","10,030","-0,44%"
"21.04.2020","10,074","10,074","10,074","10,074","-1,11%"
"20.04.2020","10,187","10,187","10,187","10,187","-0,89%"
"17.04.2020","10,278","10,278","10,278","10,278","1,40%"
"16.04.2020","10,136","10,136","10,136","10,136","-0,95%"
"15.04.2020","10,233","10,233","10,233","10,233","0,66%"
"14.04.2020","10,166","10,166","10,166","10,166","2,08%"
"09.04.2020","9,959","9,959","9,959","9,959","-1,06%"
"08.04.2020","10,066","10,066","10,066","10,066","1,91%"
"07.04.2020","9,877","9,877","9,877","9,877","1,22%"
"06.04.2020","9,758","9,758","9,758","9,758","3,37%"
"03.04.2020","9,440","9,440","9,440","9,440","-0,04%"
"02.04.2020","9,444","9,444","9,444","9,444","-1,60%"
"01.04.2020","9,598","9,598","9,598","9,598","-2,47%"
"31.03.2020","9,841","9,841","9,841","9,841","-1,55%"
"30.03.2020","9,996","9,996","9,996","9,996","-0,25%"
"27.03.2020","10,021","10,021","10,021","10,021","5,00%"
"26.03.2020","9,544","9,544","9,544","9,544","-2,22%"
"25.03.2020","9,761","9,761","9,761","9,761","6,99%"
"24.03.2020","9,123","9,123","9,123","9,123","3,19%"
"23.03.2020","8,841","8,841","8,841","8,841","-1,06%"
"19.03.2020","8,936","8,936","8,936","8,936","0,16%"
"18.03.2020","8,922","8,922","8,922","8,922","0,30%"
"17.03.2020","8,895","8,895","8,895","8,895","1,95%"
"16.03.2020","8,725","8,725","8,725","8,725","-1,42%"
"13.03.2020","8,851","8,851","8,851","8,851","-6,21%"
"12.03.2020","9,437","9,437","9,437","9,437","-3,20%"
"11.03.2020","9,749","9,749","9,749","9,749","-1,97%"
"10.03.2020","9,945","9,945","9,945","9,945","0,72%"
"09.03.2020","9,874","9,874","9,874","9,874","-3,87%"
"06.03.2020","10,271","10,271","10,271","10,271","-2,65%"
"05.03.2020","10,551","10,551","10,551","10,551","1,21%"
"04.03.2020","10,425","10,425","10,425","10,425","0,46%"
"03.03.2020","10,377","10,377","10,377","10,377","-1,27%"
"02.03.2020","10,511","10,511","10,511","10,511","-0,67%"
"28.02.2020","10,582","10,582","10,582","10,582","-1,68%"
"27.02.2020","10,763","10,763","10,763","10,763","-2,82%"
"26.02.2020","11,075","11,075","11,075","11,075","-1,19%"
"25.02.2020","11,208","11,208","11,208","11,208","-1,91%"
"21.02.2020","11,426","11,426","11,426","11,426","-0,14%"
"20.02.2020","11,442","11,442","11,442","11,442","-0,83%"
"19.02.2020","11,538","11,538","11,538","11,538","-0,36%"
"18.02.2020","11,580","11,580","11,580","11,580","-1,04%"
"17.02.2020","11,702","11,702","11,702","11,702","-0,80%"
"14.02.2020","11,796","11,796","11,796","11,796","-0,51%"
"13.02.2020","11,856","11,856","11,856","11,856","0,26%"
"12.02.2020","11,825","11,825","11,825","11,825","0,07%"
"10.02.2020","11,817","11,817","11,817","11,817","-0,31%"
"07.02.2020","11,854","11,854","11,854","11,854","0,07%"
"06.02.2020","11,846","11,846","11,846","11,846","2,16%"
"05.02.2020","11,595","11,595","11,595","11,595","0,98%"
"04.02.2020","11,482","11,482","11,482","11,482","0,18%"
"03.02.2020","11,461","11,461","11,461","11,461","-0,74%"
"31.01.2020","11,546","11,546","11,546","11,546","0,43%"
"30.01.2020","11,497","11,497","11,497","11,497","-1,31%"
"29.01.2020","11,650","11,650","11,650","11,650","0,50%"
"28.01.2020","11,592","11,592","11,592","11,592","-0,73%"
"27.01.2020","11,677","11,677","11,677","11,677","-0,98%"
"24.01.2020","11,793","11,793","11,793","11,793","0,25%"
"23.01.2020","11,764","11,764","11,764","11,764","0,02%"
"22.01.2020","11,762","11,762","11,762","11,762","0,73%"
"21.01.2020","11,677","11,677","11,677","11,677","-0,53%"
"20.01.2020","11,739","11,739","11,739","11,739","0,57%"
"17.01.2020","11,673","11,673","11,673","11,673","0,79%"
"16.01.2020","11,582","11,582","11,582","11,582","-0,10%"
"15.01.2020","11,594","11,594","11,594","11,594","-0,82%"
"14.01.2020","11,690","11,690","11,690","11,690","0,00%"
"10.01.2020","11,690","11,690","11,690","11,690","0,29%"
"09.01.2020","11,656","11,656","11,656","11,656","0,96%"
"08.01.2020","11,545","11,545","11,545","11,545","-1,13%"
"07.01.2020","11,677","11,677","11,677","11,677","1,74%"
"06.01.2020","11,477","11,477","11,477","11,477","-0,61%"
"30.12.2019","11,547","11,547","11,547","11,547","-0,47%"
"27.12.2019","11,601","11,601","11,601","11,601","-0,60%"
"23.12.2019","11,671","11,671","11,671","11,671","-0,09%"
"20.12.2019","11,681","11,681","11,681","11,681","-0,12%"
"19.12.2019","11,695","11,695","11,695","11,695","0,23%"
"18.12.2019","11,668","11,668","11,668","11,668","-0,30%"
"17.12.2019","11,703","11,703","11,703","11,703","0,52%"
"16.12.2019","11,642","11,642","11,642","11,642","-0,56%"
"13.12.2019","11,707","11,707","11,707","11,707","1,56%"
"12.12.2019","11,527","11,527","11,527","11,527","-0,88%"
"11.12.2019","11,629","11,629","11,629","11,629","-0,29%"
"10.12.2019","11,663","11,663","11,663","11,663","-0,40%"
"09.12.2019","11,710","11,710","11,710","11,710","0,33%"
"06.12.2019","11,672","11,672","11,672","11,672","0,55%"
"05.12.2019","11,608","11,608","11,608","11,608","0,48%"
"04.12.2019","11,553","11,553","11,553","11,553","-0,61%"
"03.12.2019","11,624","11,624","11,624","11,624","0,01%"
"02.12.2019","11,623","11,623","11,623","11,623","0,83%"
"29.11.2019","11,527","11,527","11,527","11,527","-0,71%"
"28.11.2019","11,609","11,609","11,609","11,609","-0,30%"
"27.11.2019","11,644","11,644","11,644","11,644","0,13%"
"26.11.2019","11,629","11,629","11,629","11,629","0,07%"
"25.11.2019","11,621","11,621","11,621","11,621","0,63%"
"22.11.2019","11,548","11,548","11,548","11,548","0,38%"
"21.11.2019","11,504","11,504","11,504","11,504","-0,11%"
"20.11.2019","11,517","11,517","11,517","11,517","-0,31%"
"19.11.2019","11,553","11,553","11,553","11,553","-0,22%"
"18.11.2019","11,578","11,578","11,578","11,578","0,19%"
"15.11.2019","11,556","11,556","11,556","11,556","0,01%"
"14.11.2019","11,555","11,555","11,555","11,555","-0,66%"
"13.11.2019","11,632","11,632","11,632","11,632","-0,16%"
"12.11.2019","11,651","11,651","11,651","11,651","0,49%"
"11.11.2019","11,594","11,594","11,594","11,594","-0,09%"
"08.11.2019","11,605","11,605","11,605","11,605","0,64%"
"07.11.2019","11,531","11,531","11,531","11,531","0,19%"
"06.11.2019","11,509","11,509","11,509","11,509","0,14%"
"05.11.2019","11,493","11,493","11,493","11,493","1,60%"
"01.11.2019","11,312","11,312","11,312","11,312","-0,16%"
"31.10.2019","11,330","11,330","11,330","11,330","0,52%"
"30.10.2019","11,271","11,271","11,271","11,271","-0,01%"
"29.10.2019","11,272","11,272","11,272","11,272","0,85%"
"28.10.2019","11,177","11,177","11,177","11,177","-0,39%"
"25.10.2019","11,221","11,221","11,221","11,221","0,29%"
"24.10.2019","11,188","11,188","11,188","11,188","0,58%"
"23.10.2019","11,124","11,124","11,124","11,124","0,72%"
"21.10.2019","11,044","11,044","11,044","11,044","0,29%"
"18.10.2019","11,012","11,012","11,012","11,012","-0,24%"
"17.10.2019","11,039","11,039","11,039","11,039","-0,84%"
"16.10.2019","11,132","11,132","11,132","11,132","0,61%"
"15.10.2019","11,064","11,064","11,064","11,064","1,39%"
"11.10.2019","10,912","10,912","10,912","10,912","0,17%"
"10.10.2019","10,894","10,894","10,894","10,894","-0,73%"
"09.10.2019","10,974","10,974","10,974","10,974","-0,88%"
"08.10.2019","11,071","11,071","11,071","11,071","1,03%"
"07.10.2019","10,958","10,958","10,958","10,958","-0,24%"
"04.10.2019","10,984","10,984","10,984","10,984","0,17%"
"03.10.2019","10,965","10,965","10,965","10,965","-1,39%"
"02.10.2019","11,120","11,120","11,120","11,120","-0,30%"
"01.10.2019","11,154","11,154","11,154","11,154","0,94%"
"30.09.2019","11,050","11,050","11,050","11,050","-0,52%"
"27.09.2019","11,108","11,108","11,108","11,108","-0,82%"
"26.09.2019","11,200","11,200","11,200","11,200","0,33%"
"25.09.2019","11,163","11,163","11,163","11,163","-0,15%"
"24.09.2019","11,180","11,180","11,180","11,180","0,93%"
"20.09.2019","11,077","11,077","11,077","11,077","0,60%"
"19.09.2019","11,011","11,011","11,011","11,011","0,62%"
"18.09.2019","10,943","10,943","10,943","10,943","-0,56%"
"17.09.2019","11,005","11,005","11,005","11,005","0,42%"
"13.09.2019","10,959","10,959","10,959","10,959","0,29%"
"12.09.2019","10,927","10,927","10,927","10,927","0,31%"
"11.09.2019","10,893","10,893","10,893","10,893","1,59%"
"10.09.2019","10,723","10,723","10,723","10,723","0,48%"
"09.09.2019","10,672","10,672","10,672","10,672","0,42%"
"06.09.2019","10,627","10,627","10,627","10,627","0,52%"
"05.09.2019","10,572","10,572","10,572","10,572","0,86%"
"04.09.2019","10,482","10,482","10,482","10,482","-1,04%"
"03.09.2019","10,592","10,592","10,592","10,592","0,70%"
"02.09.2019","10,518","10,518","10,518","10,518","-0,02%"
"30.08.2019","10,520","10,520","10,520","10,520","2,10%"
"29.08.2019","10,304","10,304","10,304","10,304","-0,41%"
"28.08.2019","10,346","10,346","10,346","10,346","0,36%"
"27.08.2019","10,309","10,309","10,309","10,309","-0,72%"
"23.08.2019","10,384","10,384","10,384","10,384","0,50%"
"22.08.2019","10,332","10,332","10,332","10,332","0,17%"
"21.08.2019","10,314","10,314","10,314","10,314","-0,71%"
"20.08.2019","10,388","10,388","10,388","10,388","0,97%"
"19.08.2019","10,288","10,288","10,288","10,288","0,58%"
"16.08.2019","10,229","10,229","10,229","10,229","-0,09%"
"15.08.2019","10,238","10,238","10,238","10,238","-0,93%"
"14.08.2019","10,334","10,334","10,334","10,334","1,92%"
"13.08.2019","10,139","10,139","10,139","10,139","-1,88%"
"09.08.2019","10,333","10,333","10,333","10,333","0,93%"
"08.08.2019","10,238","10,238","10,238","10,238","-0,45%"
"07.08.2019","10,284","10,284","10,284","10,284","0,38%"
"06.08.2019","10,245","10,245","10,245","10,245","-0,81%"
"05.08.2019","10,329","10,329","10,329","10,329","-2,05%"
"02.08.2019","10,545","10,545","10,545","10,545","-0,95%"
"01.08.2019","10,646","10,646","10,646","10,646","1,27%"
"31.07.2019","10,513","10,513","10,513","10,513","-0,51%"
"30.07.2019","10,567","10,567","10,567","10,567","0,49%"
"29.07.2019","10,515","10,515","10,515","10,515","-0,39%"
"26.07.2019","10,556","10,556","10,556","10,556","-0,19%"
"25.07.2019","10,576","10,576","10,576","10,576","-0,47%"
"24.07.2019","10,626","10,626","10,626","10,626","0,57%"
"23.07.2019","10,566","10,566","10,566","10,566","1,15%"
"22.07.2019","10,446","10,446","10,446","10,446","-0,52%"
"19.07.2019","10,501","10,501","10,501","10,501","1,91%"
"18.07.2019","10,304","10,304","10,304","10,304","-1,67%"
"17.07.2019","10,479","10,479","10,479","10,479","0,11%"
"16.07.2019","10,467","10,467","10,467","10,467","-0,49%"
"12.07.2019","10,519","10,519","10,519","10,519","0,21%"
"11.07.2019","10,497","10,497","10,497","10,497","0,57%"
"10.07.2019","10,437","10,437","10,437","10,437","-0,42%"
"09.07.2019","10,481","10,481","10,481","10,481","-0,11%"
"08.07.2019","10,493","10,493","10,493","10,493","-0,96%"
"05.07.2019","10,595","10,595","10,595","10,595","0,11%"
"04.07.2019","10,583","10,583","10,583","10,583","0,53%"
"03.07.2019","10,527","10,527","10,527","10,527","-0,27%"
"02.07.2019","10,556","10,556","10,556","10,556","0,72%"
"01.07.2019","10,481","10,481","10,481","10,481","2,09%"
"28.06.2019","10,266","10,266","10,266","10,266","-0,26%"
"27.06.2019","10,293","10,293","10,293","10,293","1,12%"
"26.06.2019","10,179","10,179","10,179","10,179","-0,96%"
"25.06.2019","10,278","10,278","10,278","10,278","0,18%"
"24.06.2019","10,260","10,260","10,260","10,260","-0,16%"
"21.06.2019","10,276","10,276","10,276","10,276","-1,31%"
"20.06.2019","10,412","10,412","10,412","10,412","0,46%"
"19.06.2019","10,364","10,364","10,364","10,364","1,52%"
"18.06.2019","10,209","10,209","10,209","10,209","-0,10%"
"17.06.2019","10,219","10,219","10,219","10,219","-0,59%"
"14.06.2019","10,280","10,280","10,280","10,280","0,82%"
"13.06.2019","10,196","10,196","10,196","10,196","-0,35%"
"12.06.2019","10,232","10,232","10,232","10,232","-0,44%"
"11.06.2019","10,277","10,277","10,277","10,277","0,50%"
"10.06.2019","10,226","10,226","10,226","10,226","1,07%"
"07.06.2019","10,118","10,118","10,118","10,118","0,14%"
"06.06.2019","10,104","10,104","10,104","10,104","-0,62%"
"05.06.2019","10,167","10,167","10,167","10,167","1,99%"
"04.06.2019","9,969","9,969","9,969","9,969","-0,32%"
"03.06.2019","10,001","10,001","10,001","10,001","-1,11%"
"31.05.2019","10,113","10,113","10,113","10,113","-0,34%"
"30.05.2019","10,148","10,148","10,148","10,148","-0,53%"
"29.05.2019","10,202","10,202","10,202","10,202","-0,52%"
"28.05.2019","10,255","10,255","10,255","10,255","0,77%"
"24.05.2019","10,177","10,177","10,177","10,177","-0,15%"
"23.05.2019","10,192","10,192","10,192","10,192","0,19%"
"22.05.2019","10,173","10,173","10,173","10,173","0,20%"
"21.05.2019","10,153","10,153","10,153","10,153","-0,98%"
"20.05.2019","10,254","10,254","10,254","10,254","0,07%"
"17.05.2019","10,247","10,247","10,247","10,247","1,18%"
"16.05.2019","10,127","10,127","10,127","10,127","-0,61%"
"15.05.2019","10,189","10,189","10,189","10,189","0,75%"
"14.05.2019","10,113","10,113","10,113","10,113","-0,56%"
"13.05.2019","10,170","10,170","10,170","10,170","-0,03%"
"10.05.2019","10,173","10,173","10,173","10,173","-0,31%"
"09.05.2019","10,205","10,205","10,205","10,205","-0,90%"
"08.05.2019","10,298","10,298","10,298","10,298","-1,58%"
"07.05.2019","10,463","10,463","10,463","10,463","-0,31%"
"26.04.2019","10,496","10,496","10,496","10,496","-0,31%"
"25.04.2019","10,529","10,529","10,529","10,529","1,23%"
"24.04.2019","10,401","10,401","10,401","10,401","-0,50%"
"23.04.2019","10,453","10,453","10,453","10,453","0,79%"
"18.04.2019","10,371","10,371","10,371","10,371","-0,16%"
"17.04.2019","10,388","10,388","10,388","10,388","0,18%"
"16.04.2019","10,369","10,369","10,369","10,369","0,15%"
"15.04.2019","10,353","10,353","10,353","10,353","1,29%"
"12.04.2019","10,221","10,221","10,221","10,221","-0,84%"
"11.04.2019","10,308","10,308","10,308","10,308","-0,77%"
"10.04.2019","10,388","10,388","10,388","10,388","-0,33%"
"09.04.2019","10,422","10,422","10,422","10,422","0,16%"
"08.04.2019","10,405","10,405","10,405","10,405","-0,36%"
"05.04.2019","10,443","10,443","10,443","10,443","0,15%"
"04.04.2019","10,427","10,427","10,427","10,427","-0,01%"
"03.04.2019","10,428","10,428","10,428","10,428","0,12%"
"02.04.2019","10,415","10,415","10,415","10,415","0,00%"
"01.04.2019","10,415","10,415","10,415","10,415","1,02%"
"29.03.2019","10,310","10,310","10,310","10,310","0,47%"
"28.03.2019","10,262","10,262","10,262","10,262","-1,59%"
"27.03.2019","10,428","10,428","10,428","10,428","0,82%"
"26.03.2019","10,343","10,343","10,343","10,343","2,42%"
"25.03.2019","10,099","10,099","10,099","10,099","-3,08%"
"22.03.2019","10,420","10,420","10,420","10,420","2,25%"
"20.03.2019","10,191","10,191","10,191","10,191","0,13%"
"19.03.2019","10,178","10,178","10,178","10,178","-0,18%"
"18.03.2019","10,196","10,196","10,196","10,196","0,66%"
"15.03.2019","10,129","10,129","10,129","10,129","0,81%"
"14.03.2019","10,048","10,048","10,048","10,048","-0,56%"
"13.03.2019","10,105","10,105","10,105","10,105","-0,98%"
"12.03.2019","10,205","10,205","10,205","10,205","0,90%"
"11.03.2019","10,114","10,114","10,114","10,114","0,63%"
"08.03.2019","10,051","10,051","10,051","10,051","-1,36%"
"07.03.2019","10,190","10,190","10,190","10,190","0,06%"
"06.03.2019","10,184","10,184","10,184","10,184","-0,24%"
"05.03.2019","10,208","10,208","10,208","10,208","-0,36%"
"04.03.2019","10,245","10,245","10,245","10,245","1,37%"
"01.03.2019","10,107","10,107","10,107","10,107","-0,03%"
"28.02.2019","10,110","10,110","10,110","10,110","-1,30%"
"27.02.2019","10,243","10,243","10,243","10,243","-0,16%"
"26.02.2019","10,259","10,259","10,259","10,259","-0,20%"
"25.02.2019","10,280","10,280","10,280","10,280","0,51%"
"22.02.2019","10,228","10,228","10,228","10,228","-0,21%"
"21.02.2019","10,250","10,250","10,250","10,250","0,12%"
"20.02.2019","10,238","10,238","10,238","10,238","0,17%"
"19.02.2019","10,221","10,221","10,221","10,221","0,08%"
"18.02.2019","10,213","10,213","10,213","10,213","1,07%"
"15.02.2019","10,105","10,105","10,105","10,105","-0,56%"
"14.02.2019","10,162","10,162","10,162","10,162","0,29%"
"13.02.2019","10,133","10,133","10,133","10,133","0,91%"
"12.02.2019","10,042","10,042","10,042","10,042","1,61%"
"08.02.2019","9,883","9,883","9,883","9,883","-1,63%"
"07.02.2019","10,047","10,047","10,047","10,047","-0,51%"
"06.02.2019","10,099","10,099","10,099","10,099","0,33%"
"05.02.2019","10,066","10,066","10,066","10,066","0,34%"
"04.02.2019","10,032","10,032","10,032","10,032","0,57%"
"01.02.2019","9,975","9,975","9,975","9,975","-0,63%"
"31.01.2019","10,038","10,038","10,038","10,038","1,28%"
"30.01.2019","9,911","9,911","9,911","9,911","-0,62%"
"29.01.2019","9,973","9,973","9,973","9,973","0,16%"
"28.01.2019","9,957","9,957","9,957","9,957","-0,59%"
"25.01.2019","10,016","10,016","10,016","10,016","0,47%"
"24.01.2019","9,969","9,969","9,969","9,969","0,54%"
"23.01.2019","9,915","9,915","9,915","9,915","-0,92%"
"22.01.2019","10,007","10,007","10,007","10,007","-0,38%"
"21.01.2019","10,045","10,045","10,045","10,045","0,63%"
"18.01.2019","9,982","9,982","9,982","9,982","0,42%"
"17.01.2019","9,940","9,940","9,940","9,940","0,24%"
"16.01.2019","9,916","9,916","9,916","9,916","-0,27%"
"15.01.2019","9,943","9,943","9,943","9,943","1,10%"
"11.01.2019","9,835","9,835","9,835","9,835","0,92%"
"10.01.2019","9,745","9,745","9,745","9,745","-0,98%"
"09.01.2019","9,841","9,841","9,841","9,841","1,00%"
"08.01.2019","9,744","9,744","9,744","9,744","0,42%"
"07.01.2019","9,703","9,703","9,703","9,703","2,12%"
"04.01.2019","9,502","9,502","9,502","9,502","0,71%"
"28.12.2018","9,435","9,435","9,435","9,435","-0,50%"
"27.12.2018","9,482","9,482","9,482","9,482","1,13%"
"21.12.2018","9,376","9,376","9,376","9,376","-1,28%"
"20.12.2018","9,498","9,498","9,498","9,498","-1,78%"
"19.12.2018","9,670","9,670","9,670","9,670","-0,69%"
"18.12.2018","9,737","9,737","9,737","9,737","-1,76%"
"17.12.2018","9,911","9,911","9,911","9,911","0,30%"
"14.12.2018","9,881","9,881","9,881","9,881","-0,87%"
"13.12.2018","9,968","9,968","9,968","9,968","0,34%"
"12.12.2018","9,934","9,934","9,934","9,934","1,75%"
"11.12.2018","9,763","9,763","9,763","9,763","-0,67%"
"10.12.2018","9,829","9,829","9,829","9,829","-1,93%"
"07.12.2018","10,022","10,022","10,022","10,022","0,30%"
"06.12.2018","9,992","9,992","9,992","9,992","-1,50%"
"05.12.2018","10,144","10,144","10,144","10,144","-0,51%"
"04.12.2018","10,196","10,196","10,196","10,196","-1,83%"
"03.12.2018","10,386","10,386","10,386","10,386","1,07%"
"30.11.2018","10,276","10,276","10,276","10,276","0,72%"
"29.11.2018","10,203","10,203","10,203","10,203","-0,06%"
"28.11.2018","10,209","10,209","10,209","10,209","0,49%"
"27.11.2018","10,159","10,159","10,159","10,159","1,01%"
"26.11.2018","10,057","10,057","10,057","10,057","0,23%"
"22.11.2018","10,034","10,034","10,034","10,034","0,60%"
"21.11.2018","9,974","9,974","9,974","9,974","-0,73%"
"20.11.2018","10,047","10,047","10,047","10,047","-0,45%"
"19.11.2018","10,092","10,092","10,092","10,092","0,25%"
"16.11.2018","10,067","10,067","10,067","10,067","-0,88%"
"15.11.2018","10,156","10,156","10,156","10,156","0,27%"
"14.11.2018","10,129","10,129","10,129","10,129","0,08%"
"13.11.2018","10,121","10,121","10,121","10,121","-2,34%"
"12.11.2018","10,363","10,363","10,363","10,363","0,91%"
"09.11.2018","10,270","10,270","10,270","10,270","0,07%"
"08.11.2018","10,263","10,263","10,263","10,263","1,75%"
"07.11.2018","10,086","10,086","10,086","10,086","-0,97%"
"06.11.2018","10,185","10,185","10,185","10,185","0,97%"
"05.11.2018","10,087","10,087","10,087","10,087","-1,47%"
"02.11.2018","10,237","10,237","10,237","10,237","1,58%"
"01.11.2018","10,078","10,078","10,078","10,078","-1,48%"
"31.10.2018","10,229","10,229","10,229","10,229","2,33%"
"30.10.2018","9,996","9,996","9,996","9,996","1,28%"
"29.10.2018","9,870","9,870","9,870","9,870","-1,43%"
"26.10.2018","10,013","10,013","10,013","10,013","0,94%"
"25.10.2018","9,920","9,920","9,920","9,920","-2,82%"
"24.10.2018","10,208","10,208","10,208","10,208","0,15%"
"23.10.2018","10,193","10,193","10,193","10,193","-1,84%"
"22.10.2018","10,384","10,384","10,384","10,384","0,02%"
"19.10.2018","10,382","10,382","10,382","10,382","-0,74%"
"18.10.2018","10,459","10,459","10,459","10,459","-0,56%"
"17.10.2018","10,518","10,518","10,518","10,518","2,01%"
"16.10.2018","10,311","10,311","10,311","10,311","0,58%"
"15.10.2018","10,252","10,252","10,252","10,252","-1,48%"
"12.10.2018","10,406","10,406","10,406","10,406","0,11%"
"11.10.2018","10,395","10,395","10,395","10,395","-3,38%"
"10.10.2018","10,759","10,759","10,759","10,759","-0,06%"
"09.10.2018","10,765","10,765","10,765","10,765","-0,79%"
"05.10.2018","10,851","10,851","10,851","10,851","-0,35%"
"04.10.2018","10,889","10,889","10,889","10,889","0,34%"
"03.10.2018","10,852","10,852","10,852","10,852","-1,39%"
"02.10.2018","11,005","11,005","11,005","11,005","0,93%"
"01.10.2018","10,904","10,904","10,904","10,904","0,02%"
"28.09.2018","10,902","10,902","10,902","10,902","1,30%"
"27.09.2018","10,762","10,762","10,762","10,762","-0,69%"
"26.09.2018","10,837","10,837","10,837","10,837","0,77%"
"25.09.2018","10,754","10,754","10,754","10,754","0,33%"
"21.09.2018","10,719","10,719","10,719","10,719","0,70%"
"20.09.2018","10,645","10,645","10,645","10,645","-0,69%"
"19.09.2018","10,719","10,719","10,719","10,719","1,73%"
"18.09.2018","10,537","10,537","10,537","10,537","1,26%"
"14.09.2018","10,406","10,406","10,406","10,406","0,94%"
"13.09.2018","10,309","10,309","10,309","10,309","0,15%"
"12.09.2018","10,294","10,294","10,294","10,294","-0,52%"
"11.09.2018","10,348","10,348","10,348","10,348","0,63%"
"10.09.2018","10,283","10,283","10,283","10,283","0,00%"
"07.09.2018","10,283","10,283","10,283","10,283","-0,25%"
"06.09.2018","10,309","10,309","10,309","10,309","-0,14%"
"05.09.2018","10,323","10,323","10,323","10,323","-1,63%"
"04.09.2018","10,494","10,494","10,494","10,494","0,20%"
"03.09.2018","10,473","10,473","10,473","10,473","-0,84%"
"31.08.2018","10,562","10,562","10,562","10,562","0,40%"
"30.08.2018","10,520","10,520","10,520","10,520","0,46%"
"29.08.2018","10,472","10,472","10,472","10,472","0,14%"
"28.08.2018","10,457","10,457","10,457","10,457","0,64%"
"24.08.2018","10,391","10,391","10,391","10,391","0,15%"
"23.08.2018","10,375","10,375","10,375","10,375","-0,57%"
"22.08.2018","10,435","10,435","10,435","10,435","0,08%"
"21.08.2018","10,427","10,427","10,427","10,427","-1,19%"
"20.08.2018","10,553","10,553","10,553","10,553","-0,36%"
"17.08.2018","10,591","10,591","10,591","10,591","0,67%"
"16.08.2018","10,520","10,520","10,520","10,520","-1,39%"
"15.08.2018","10,668","10,668","10,668","10,668","0,23%"
"14.08.2018","10,644","10,644","10,644","10,644","1,88%"
"13.08.2018","10,448","10,448","10,448","10,448","-1,94%"
"10.08.2018","10,655","10,655","10,655","10,655","0,24%"
"09.08.2018","10,629","10,629","10,629","10,629","-0,02%"
"08.08.2018","10,631","10,631","10,631","10,631","0,00%"
"07.08.2018","10,631","10,631","10,631","10,631","0,69%"
"06.08.2018","10,558","10,558","10,558","10,558","-0,43%"
"03.08.2018","10,604","10,604","10,604","10,604","0,01%"
"02.08.2018","10,603","10,603","10,603","10,603","-0,06%"
"01.08.2018","10,609","10,609","10,609","10,609","1,24%"
"31.07.2018","10,479","10,479","10,479","10,479","-1,49%"
"30.07.2018","10,638","10,638","10,638","10,638","-0,99%"
"27.07.2018","10,744","10,744","10,744","10,744","0,70%"
"26.07.2018","10,669","10,669","10,669","10,669","0,52%"
"25.07.2018","10,614","10,614","10,614","10,614","0,78%"
"24.07.2018","10,532","10,532","10,532","10,532","0,69%"
"23.07.2018","10,460","10,460","10,460","10,460","-0,06%"
"20.07.2018","10,466","10,466","10,466","10,466","-0,07%"
"19.07.2018","10,473","10,473","10,473","10,473","0,11%"
"18.07.2018","10,461","10,461","10,461","10,461","0,69%"
"17.07.2018","10,389","10,389","10,389","10,389","0,25%"
"13.07.2018","10,363","10,363","10,363","10,363","1,38%"
"12.07.2018","10,222","10,222","10,222","10,222","-0,19%"
"11.07.2018","10,241","10,241","10,241","10,241","-0,86%"
"10.07.2018","10,330","10,330","10,330","10,330","0,22%"
"09.07.2018","10,307","10,307","10,307","10,307","0,88%"
"06.07.2018","10,217","10,217","10,217","10,217","0,55%"
"05.07.2018","10,161","10,161","10,161","10,161","-1,36%"
"04.07.2018","10,301","10,301","10,301","10,301","0,09%"
"03.07.2018","10,292","10,292","10,292","10,292","-0,28%"
"02.07.2018","10,321","10,321","10,321","10,321","-1,35%"
"29.06.2018","10,462","10,462","10,462","10,462","-0,96%"
"28.06.2018","10,563","10,563","10,563","10,563","0,03%"
"27.06.2018","10,560","10,560","10,560","10,560","0,10%"
"26.06.2018","10,549","10,549","10,549","10,549","0,13%"
"25.06.2018","10,535","10,535","10,535","10,535","-1,07%"
"22.06.2018","10,649","10,649","10,649","10,649","-0,63%"
"21.06.2018","10,716","10,716","10,716","10,716","-0,19%"
"20.06.2018","10,736","10,736","10,736","10,736","0,21%"
"19.06.2018","10,713","10,713","10,713","10,713","-0,50%"
"18.06.2018","10,767","10,767","10,767","10,767","-0,97%"
"15.06.2018","10,872","10,872","10,872","10,872","0,51%"
"14.06.2018","10,817","10,817","10,817","10,817","0,21%"
"13.06.2018","10,794","10,794","10,794","10,794","0,41%"
"12.06.2018","10,750","10,750","10,750","10,750","0,14%"
"11.06.2018","10,735","10,735","10,735","10,735","-0,55%"
"08.06.2018","10,794","10,794","10,794","10,794","0,60%"
"07.06.2018","10,730","10,730","10,730","10,730","0,37%"
"06.06.2018","10,690","10,690","10,690","10,690","-0,95%"
"05.06.2018","10,792","10,792","10,792","10,792","1,23%"
"01.06.2018","10,661","10,661","10,661","10,661","-0,69%"
"31.05.2018","10,735","10,735","10,735","10,735","0,40%"
"30.05.2018","10,692","10,692","10,692","10,692","-1,93%"
"29.05.2018","10,902","10,902","10,902","10,902","0,66%"
"25.05.2018","10,830","10,830","10,830","10,830","0,18%"
"24.05.2018","10,811","10,811","10,811","10,811","-0,58%"
"23.05.2018","10,874","10,874","10,874","10,874","0,73%"
"22.05.2018","10,795","10,795","10,795","10,795","-0,20%"
"21.05.2018","10,817","10,817","10,817","10,817","-0,39%"
"18.05.2018","10,859","10,859","10,859","10,859","0,71%"
"17.05.2018","10,782","10,782","10,782","10,782","0,00%"
"16.05.2018","10,782","10,782","10,782","10,782","0,34%"
"15.05.2018","10,745","10,745","10,745","10,745","0,16%"
"14.05.2018","10,728","10,728","10,728","10,728","0,22%"
"11.05.2018","10,704","10,704","10,704","10,704","0,60%"
"10.05.2018","10,640","10,640","10,640","10,640","0,22%"
"09.05.2018","10,617","10,617","10,617","10,617","-0,83%"
"08.05.2018","10,706","10,706","10,706","10,706","1,98%"
"02.05.2018","10,498","10,498","10,498","10,498","-0,15%"
"01.05.2018","10,514","10,514","10,514","10,514","0,19%"
"27.04.2018","10,494","10,494","10,494","10,494","0,58%"
"26.04.2018","10,434","10,434","10,434","10,434","0,69%"
"25.04.2018","10,363","10,363","10,363","10,363","0,10%"
"24.04.2018","10,353","10,353","10,353","10,353","0,54%"
"23.04.2018","10,297","10,297","10,297","10,297","-0,19%"
"20.04.2018","10,317","10,317","10,317","10,317","0,41%"
"19.04.2018","10,275","10,275","10,275","10,275","0,01%"
"18.04.2018","10,274","10,274","10,274","10,274","0,75%"
"17.04.2018","10,198","10,198","10,198","10,198","-0,01%"
"16.04.2018","10,199","10,199","10,199","10,199","0,28%"
"13.04.2018","10,171","10,171","10,171","10,171","0,32%"
"12.04.2018","10,139","10,139","10,139","10,139","-0,34%"
"11.04.2018","10,174","10,174","10,174","10,174","-0,18%"
"10.04.2018","10,192","10,192","10,192","10,192","0,01%"
"09.04.2018","10,191","10,191","10,191","10,191","0,07%"
"06.04.2018","10,184","10,184","10,184","10,184","-0,32%"
"05.04.2018","10,217","10,217","10,217","10,217","0,88%"
"04.04.2018","10,128","10,128","10,128","10,128","-0,17%"
"03.04.2018","10,145","10,145","10,145","10,145","-0,09%"
"29.03.2018","10,154","10,154","10,154","10,154","0,47%"
"28.03.2018","10,106","10,106","10,106","10,106","-0,37%"
"27.03.2018","10,144","10,144","10,144","10,144","2,40%"
"26.03.2018","9,906","9,906","9,906","9,906","-0,44%"
"23.03.2018","9,950","9,950","9,950","9,950","-3,58%"
"22.03.2018","10,319","10,319","10,319","10,319","1,38%"
"20.03.2018","10,179","10,179","10,179","10,179","-0,30%"
"19.03.2018","10,210","10,210","10,210","10,210","-1,08%"
"16.03.2018","10,321","10,321","10,321","10,321","-0,09%"
"15.03.2018","10,330","10,330","10,330","10,330","0,48%"
"14.03.2018","10,281","10,281","10,281","10,281","0,23%"
"13.03.2018","10,257","10,257","10,257","10,257","-0,23%"
"12.03.2018","10,281","10,281","10,281","10,281","1,98%"
"09.03.2018","10,081","10,081","10,081","10,081","-0,42%"
"08.03.2018","10,124","10,124","10,124","10,124","0,93%"
"07.03.2018","10,031","10,031","10,031","10,031","-0,77%"
"06.03.2018","10,109","10,109","10,109","10,109","0,46%"
"05.03.2018","10,063","10,063","10,063","10,063","-2,70%"
"01.03.2018","10,342","10,342","10,342","10,342","-1,80%"
"28.02.2018","10,532","10,532","10,532","10,532","-0,27%"
"27.02.2018","10,560","10,560","10,560","10,560","0,80%"
"26.02.2018","10,476","10,476","10,476","10,476","0,70%"
"23.02.2018","10,403","10,403","10,403","10,403","1,27%"
"22.02.2018","10,273","10,273","10,273","10,273","-0,27%"
"21.02.2018","10,301","10,301","10,301","10,301","-0,43%"
"20.02.2018","10,345","10,345","10,345","10,345","-0,94%"
"19.02.2018","10,443","10,443","10,443","10,443","2,04%"
"16.02.2018","10,234","10,234","10,234","10,234","1,41%"
"15.02.2018","10,092","10,092","10,092","10,092","0,96%"
"14.02.2018","9,996","9,996","9,996","9,996","-0,53%"
"13.02.2018","10,049","10,049","10,049","10,049","-0,63%"
"09.02.2018","10,113","10,113","10,113","10,113","-1,36%"
"08.02.2018","10,252","10,252","10,252","10,252","1,26%"
"07.02.2018","10,124","10,124","10,124","10,124","0,87%"
"06.02.2018","10,037","10,037","10,037","10,037","-2,89%"
"05.02.2018","10,336","10,336","10,336","10,336","-1,72%"
"02.02.2018","10,517","10,517","10,517","10,517","-1,00%"
"01.02.2018","10,623","10,623","10,623","10,623","1,46%"
"31.01.2018","10,470","10,470","10,470","10,470","-1,87%"
"30.01.2018","10,670","10,670","10,670","10,670","-1,41%"
"29.01.2018","10,823","10,823","10,823","10,823","0,22%"
"26.01.2018","10,799","10,799","10,799","10,799","0,29%"
"25.01.2018","10,768","10,768","10,768","10,768","-1,43%"
"24.01.2018","10,924","10,924","10,924","10,924","-0,26%"
"23.01.2018","10,953","10,953","10,953","10,953","1,08%"
"22.01.2018","10,836","10,836","10,836","10,836","-0,22%"
"19.01.2018","10,860","10,860","10,860","10,860","1,03%"
"18.01.2018","10,749","10,749","10,749","10,749","-0,82%"
"17.01.2018","10,838","10,838","10,838","10,838","-0,27%"
"16.01.2018","10,867","10,867","10,867","10,867","0,83%"
"15.01.2018","10,778","10,778","10,778","10,778","0,18%"
"12.01.2018","10,759","10,759","10,759","10,759","-1,36%"
"11.01.2018","10,907","10,907","10,907","10,907","-0,84%"
"10.01.2018","10,999","10,999","10,999","10,999","0,75%"
"09.01.2018","10,917","10,917","10,917","10,917","2,11%"
"05.01.2018","10,691","10,691","10,691","10,691","0,88%"
"04.01.2018","10,598","10,598","10,598","10,598","1,52%"
"28.12.2017","10,439","10,439","10,439","10,439","-0,58%"
"27.12.2017","10,500","10,500","10,500","10,500","0,29%"
"21.12.2017","10,470","10,470","10,470","10,470","0,02%"
"20.12.2017","10,468","10,468","10,468","10,468","-0,54%"
"19.12.2017","10,525","10,525","10,525","10,525","-0,61%"
"18.12.2017","10,590","10,590","10,590","10,590","1,31%"
"15.12.2017","10,453","10,453","10,453","10,453","-0,83%"
"14.12.2017","10,541","10,541","10,541","10,541","-0,02%"
"13.12.2017","10,543","10,543","10,543","10,543","0,11%"
"12.12.2017","10,531","10,531","10,531","10,531","0,36%"
"11.12.2017","10,493","10,493","10,493","10,493","0,37%"
"08.12.2017","10,454","10,454","10,454","10,454","0,64%"
"07.12.2017","10,388","10,388","10,388","10,388","0,70%"
"06.12.2017","10,316","10,316","10,316","10,316","-0,63%"
"05.12.2017","10,381","10,381","10,381","10,381","0,24%"
"04.12.2017","10,356","10,356","10,356","10,356","-0,34%"
"01.12.2017","10,391","10,391","10,391","10,391","0,01%"
"30.11.2017","10,390","10,390","10,390","10,390","-0,31%"
"29.11.2017","10,422","10,422","10,422","10,422","0,35%"
"28.11.2017","10,386","10,386","10,386","10,386","-0,08%"
"27.11.2017","10,394","10,394","10,394","10,394","0,35%"
"24.11.2017","10,358","10,358","10,358","10,358","-0,97%"
"22.11.2017","10,459","10,459","10,459","10,459","0,58%"
"21.11.2017","10,399","10,399","10,399","10,399","0,80%"
"20.11.2017","10,316","10,316","10,316","10,316","-0,27%"
"17.11.2017","10,344","10,344","10,344","10,344","0,55%"
"16.11.2017","10,287","10,287","10,287","10,287","1,49%"
"15.11.2017","10,136","10,136","10,136","10,136","-1,95%"
"14.11.2017","10,338","10,338","10,338","10,338","-0,90%"
"13.11.2017","10,432","10,432","10,432","10,432","-1,27%"
"10.11.2017","10,566","10,566","10,566","10,566","-0,76%"
"09.11.2017","10,647","10,647","10,647","10,647","-0,64%"
"08.11.2017","10,716","10,716","10,716","10,716","0,52%"
"07.11.2017","10,661","10,661","10,661","10,661","1,43%"
"06.11.2017","10,511","10,511","10,511","10,511","0,43%"
"02.11.2017","10,466","10,466","10,466","10,466","0,15%"
"01.11.2017","10,450","10,450","10,450","10,450","1,19%"
"31.10.2017","10,327","10,327","10,327","10,327","-0,92%"
"30.10.2017","10,423","10,423","10,423","10,423","0,11%"
"27.10.2017","10,412","10,412","10,412","10,412","2,13%"
"26.10.2017","10,195","10,195","10,195","10,195","0,78%"
"25.10.2017","10,116","10,116","10,116","10,116","-0,49%"
"24.10.2017","10,166","10,166","10,166","10,166","0,25%"
"23.10.2017","10,141","10,141","10,141","10,141","0,96%"
"20.10.2017","10,045","10,045","10,045","10,045","-0,24%"
"19.10.2017","10,069","10,069","10,069","10,069","0,18%"
"18.10.2017","10,051","10,051","10,051","10,051","-0,63%"
"17.10.2017","10,115","10,115","10,115","10,115","0,14%"
"16.10.2017","10,101","10,101","10,101","10,101","1,19%"
"13.10.2017","9,982","9,982","9,982","9,982","0,92%"
"12.10.2017","9,891","9,891","9,891","9,891","0,13%"
"11.10.2017","9,878","9,878","9,878","9,878","-0,34%"
"10.10.2017","9,912","9,912","9,912","9,912","0,40%"
"06.10.2017","9,873","9,873","9,873","9,873","0,04%"
"05.10.2017","9,869","9,869","9,869","9,869","0,40%"
"04.10.2017","9,830","9,830","9,830","9,830","-0,01%"
"03.10.2017","9,831","9,831","9,831","9,831","0,48%"
"02.10.2017","9,784","9,784","9,784","9,784","0,55%"
"29.09.2017","9,730","9,730","9,730","9,730","-0,32%"
"28.09.2017","9,761","9,761","9,761","9,761","0,09%"
"27.09.2017","9,752","9,752","9,752","9,752","0,14%"
"26.09.2017","9,738","9,738","9,738","9,738","0,33%"
"25.09.2017","9,706","9,706","9,706","9,706","1,41%"
"22.09.2017","9,571","9,571","9,571","9,571","-0,18%"
"21.09.2017","9,588","9,588","9,588","9,588","-0,23%"
"20.09.2017","9,610","9,610","9,610","9,610","-0,02%"
"19.09.2017","9,612","9,612","9,612","9,612","1,34%"
"15.09.2017","9,485","9,485","9,485","9,485","-0,72%"
"14.09.2017","9,554","9,554","9,554","9,554","0,01%"
"13.09.2017","9,553","9,553","9,553","9,553","0,26%"
"12.09.2017","9,528","9,528","9,528","9,528","0,28%"
"11.09.2017","9,501","9,501","9,501","9,501","0,62%"
"08.09.2017","9,442","9,442","9,442","9,442","0,10%"
"07.09.2017","9,433","9,433","9,433","9,433","0,11%"
"06.09.2017","9,423","9,423","9,423","9,423","-0,07%"
"05.09.2017","9,430","9,430","9,430","9,430","-0,12%"
"04.09.2017","9,441","9,441","9,441","9,441","-0,55%"
"01.09.2017","9,493","9,493","9,493","9,493","0,04%"
"31.08.2017","9,489","9,489","9,489","9,489","1,01%"
"30.08.2017","9,394","9,394","9,394","9,394","0,18%"
"29.08.2017","9,377","9,377","9,377","9,377","-0,86%"
"25.08.2017","9,458","9,458","9,458","9,458","-0,18%"
"24.08.2017","9,475","9,475","9,475","9,475","-0,75%"
"23.08.2017","9,547","9,547","9,547","9,547","0,19%"
"22.08.2017","9,529","9,529","9,529","9,529","-0,15%"
"21.08.2017","9,543","9,543","9,543","9,543","-0,76%"
"18.08.2017","9,616","9,616","9,616","9,616","-0,10%"
"17.08.2017","9,626","9,626","9,626","9,626","0,35%"
"16.08.2017","9,592","9,592","9,592","9,592","-0,12%"
"15.08.2017","9,604","9,604","9,604","9,604","0,68%"
"14.08.2017","9,539","9,539","9,539","9,539","-1,44%"
"10.08.2017","9,678","9,678","9,678","9,678","0,45%"
"09.08.2017","9,635","9,635","9,635","9,635","-0,40%"
"08.08.2017","9,674","9,674","9,674","9,674","0,28%"
"07.08.2017","9,647","9,647","9,647","9,647","0,13%"
"04.08.2017","9,634","9,634","9,634","9,634","0,08%"
"03.08.2017","9,626","9,626","9,626","9,626","0,01%"
"02.08.2017","9,625","9,625","9,625","9,625","-0,25%"
"01.08.2017","9,649","9,649","9,649","9,649","0,79%"
"31.07.2017","9,573","9,573","9,573","9,573","-0,06%"
"28.07.2017","9,579","9,579","9,579","9,579","-0,47%"
"27.07.2017","9,624","9,624","9,624","9,624","0,46%"
"26.07.2017","9,580","9,580","9,580","9,580","0,24%"
"25.07.2017","9,557","9,557","9,557","9,557","-0,81%"
"24.07.2017","9,635","9,635","9,635","9,635","-0,51%"
"21.07.2017","9,684","9,684","9,684","9,684","0,16%"
"20.07.2017","9,669","9,669","9,669","9,669","-0,38%"
"19.07.2017","9,706","9,706","9,706","9,706","0,68%"
"18.07.2017","9,640","9,640","9,640","9,640","-0,78%"
"14.07.2017","9,716","9,716","9,716","9,716","0,65%"
"13.07.2017","9,653","9,653","9,653","9,653","-0,20%"
"12.07.2017","9,672","9,672","9,672","9,672","0,77%"
"11.07.2017","9,598","9,598","9,598","9,598","0,16%"
"10.07.2017","9,583","9,583","9,583","9,583","0,36%"
"07.07.2017","9,549","9,549","9,549","9,549","-1,06%"
"06.07.2017","9,651","9,651","9,651","9,651","-0,85%"
"05.07.2017","9,734","9,734","9,734","9,734","0,62%"
"04.07.2017","9,674","9,674","9,674","9,674","0,09%"
"03.07.2017","9,665","9,665","9,665","9,665","-0,36%"
"30.06.2017","9,700","9,700","9,700","9,700","-0,38%"
"29.06.2017","9,737","9,737","9,737","9,737","-0,41%"
"28.06.2017","9,777","9,777","9,777","9,777","-0,68%"
"27.06.2017","9,844","9,844","9,844","9,844","-1,04%"
"26.06.2017","9,947","9,947","9,947","9,947","-0,15%"
"23.06.2017","9,962","9,962","9,962","9,962","-0,21%"
"22.06.2017","9,983","9,983","9,983","9,983","-0,01%"
"21.06.2017","9,984","9,984","9,984","9,984","-0,38%"
"20.06.2017","10,022","10,022","10,022","10,022","0,65%"
"19.06.2017","9,957","9,957","9,957","9,957","0,32%"
"16.06.2017","9,925","9,925","9,925","9,925","0,00%"
"15.06.2017","9,925","9,925","9,925","9,925","-0,58%"
"14.06.2017","9,983","9,983","9,983","9,983","0,16%"
"13.06.2017","9,967","9,967","9,967","9,967","-0,08%"
"12.06.2017","9,975","9,975","9,975","9,975","0,58%"
"09.06.2017","9,917","9,917","9,917","9,917","-0,05%"
"08.06.2017","9,922","9,922","9,922","9,922","-0,83%"
"07.06.2017","10,005","10,005","10,005","10,005","0,05%"