"Fecha","Último","Apertura","Máximo","Mínimo","% var."
"31.12.2025","1.286,380","1.286,380","1.286,380","1.286,380","-0,08%"
"30.12.2025","1.287,400","1.287,400","1.287,400","1.282,750","0,03%"
"29.12.2025","1.287,050","1.287,050","1.287,050","1.282,750","0,09%"
"24.12.2025","1.285,880","1.285,880","1.285,880","1.285,880","0,07%"
"23.12.2025","1.284,980","1.284,980","1.284,980","1.283,310","0,13%"
"22.12.2025","1.283,310","1.283,310","1.283,310","1.283,310","-0,12%"
"19.12.2025","1.284,860","1.284,860","1.284,860","1.284,860","-0,22%"
"18.12.2025","1.287,710","1.287,710","1.287,710","1.287,710","0,21%"
"17.12.2025","1.284,960","1.284,960","1.284,960","1.284,960","-0,04%"
"16.12.2025","1.285,450","1.285,450","1.285,450","1.285,450","0,03%"
"15.12.2025","1.285,090","1.285,090","1.285,090","1.285,090","-0,10%"
"11.12.2025","1.286,410","1.286,410","1.286,410","1.286,410","0,09%"
"10.12.2025","1.285,190","1.285,190","1.285,190","1.285,190","0,10%"
"09.12.2025","1.283,870","1.283,870","1.283,870","1.283,870","0,12%"
"08.12.2025","1.282,390","1.282,390","1.282,390","1.282,390","-0,24%"
"05.12.2025","1.285,420","1.285,420","1.285,420","1.285,420","-0,25%"
"04.12.2025","1.288,620","1.288,620","1.288,620","1.288,620","-0,15%"
"03.12.2025","1.290,610","1.290,610","1.290,610","1.290,610","0,08%"
"02.12.2025","1.289,520","1.289,520","1.289,520","1.289,520","0,11%"
"01.12.2025","1.288,100","1.288,100","1.293,230","1.288,100","-0,40%"
"28.11.2025","1.293,230","1.293,230","1.293,230","1.293,230","-0,14%"
"27.11.2025","1.295,050","1.295,050","1.295,430","1.295,050","-0,03%"
"26.11.2025","1.295,430","1.295,430","1.295,430","1.295,430","0,06%"
"25.11.2025","1.294,590","1.294,590","1.294,590","1.292,070","0,20%"
"24.11.2025","1.292,070","1.292,070","1.292,070","1.292,070","0,13%"
"21.11.2025","1.290,360","1.290,360","1.290,360","1.289,240","0,09%"
"20.11.2025","1.289,240","1.289,240","1.289,240","1.288,570","0,05%"
"19.11.2025","1.288,570","1.288,570","1.289,690","1.288,570","-0,09%"
"18.11.2025","1.289,690","1.289,690","1.289,690","1.289,690","-0,00%"
"17.11.2025","1.289,700","1.289,700","1.289,700","1.288,190","0,12%"
"14.11.2025","1.288,190","1.288,190","1.292,090","1.288,190","-0,30%"
"13.11.2025","1.292,090","1.292,090","1.294,810","1.292,090","-0,21%"
"12.11.2025","1.294,810","1.294,810","1.294,810","1.292,260","0,20%"
"11.11.2025","1.292,260","1.292,260","1.292,260","1.290,950","0,10%"
"10.11.2025","1.290,950","1.290,950","1.291,660","1.290,950","-0,05%"
"07.11.2025","1.291,660","1.291,660","1.293,470","1.291,660","-0,14%"
"06.11.2025","1.293,470","1.293,470","1.293,470","1.289,400","0,32%"
"05.11.2025","1.289,400","1.288,570","1.293,750","1.288,570","-0,34%"
"04.11.2025","1.293,750","1.293,750","1.293,750","1.292,490","0,10%"
"03.11.2025","1.292,490","1.292,490","1.294,190","1.292,490","-0,13%"
"31.10.2025","1.294,190","1.294,190","1.294,640","1.294,190","-0,03%"
"30.10.2025","1.294,640","1.294,640","1.295,450","1.294,640","-0,06%"
"29.10.2025","1.295,450","1.295,450","1.298,680","1.295,450","-0,25%"
"28.10.2025","1.298,680","1.298,680","1.298,680","1.297,600","0,08%"
"27.10.2025","1.297,600","1.297,600","1.297,600","1.297,600","0,05%"
"24.10.2025","1.297,010","1.297,010","1.297,760","1.297,010","-0,06%"
"23.10.2025","1.297,760","1.297,760","1.299,090","1.297,760","-0,10%"
"22.10.2025","1.299,090","1.299,090","1.299,090","1.298,490","0,05%"
"21.10.2025","1.298,490","1.298,490","1.298,490","1.298,490","0,10%"
"20.10.2025","1.297,230","1.297,230","1.297,230","1.296,650","0,04%"
"17.10.2025","1.296,650","1.296,650","1.296,650","1.296,650","0,02%"
"16.10.2025","1.296,370","1.296,370","1.296,370","1.293,790","0,20%"
"15.10.2025","1.293,790","1.293,790","1.293,890","1.293,790","-0,01%"
"14.10.2025","1.293,890","1.293,890","1.293,890","1.290,540","0,26%"
"13.10.2025","1.290,540","1.290,540","1.290,540","1.290,540","-0,02%"
"10.10.2025","1.290,860","1.290,860","1.290,860","1.290,860","0,41%"
"09.10.2025","1.285,640","1.285,640","1.285,640","1.285,640","-0,01%"
"08.10.2025","1.285,810","1.285,810","1.285,810","1.284,860","0,07%"
"07.10.2025","1.284,860","1.284,860","1.284,860","1.283,910","0,07%"
"06.10.2025","1.283,910","1.283,910","1.283,910","1.283,910","-0,26%"
"03.10.2025","1.287,200","1.287,200","1.287,730","1.287,200","-0,04%"
"02.10.2025","1.287,730","1.287,730","1.287,730","1.286,650","0,08%"
"01.10.2025","1.286,650","1.286,650","1.286,650","1.285,810","0,07%"
"30.09.2025","1.285,810","1.285,810","1.285,810","1.285,590","0,02%"
"29.09.2025","1.285,590","1.285,590","1.285,590","1.283,320","0,18%"
"26.09.2025","1.283,320","1.283,320","1.283,320","1.283,320","-0,00%"
"25.09.2025","1.283,370","1.283,370","1.284,570","1.283,370","-0,09%"
"24.09.2025","1.284,570","1.284,570","1.284,840","1.284,570","-0,02%"
"23.09.2025","1.284,840","1.284,840","1.284,840","1.284,140","0,05%"
"22.09.2025","1.284,140","1.284,140","1.284,140","1.284,140","-0,08%"
"19.09.2025","1.285,140","1.285,140","1.285,140","1.285,140","-0,10%"
"18.09.2025","1.286,490","1.286,490","1.286,490","1.286,490","-0,13%"
"17.09.2025","1.288,130","1.288,130","1.288,130","1.288,130","-0,10%"
"16.09.2025","1.289,410","1.289,410","1.289,410","1.288,750","0,05%"
"15.09.2025","1.288,750","1.288,750","1.288,750","1.287,990","0,06%"
"12.09.2025","1.287,990","1.287,990","1.287,990","1.287,990","-0,10%"
"11.09.2025","1.289,330","1.289,330","1.289,330","1.288,050","0,10%"
"10.09.2025","1.288,050","1.288,050","1.288,050","1.286,660","0,11%"
"09.09.2025","1.286,660","1.286,660","1.286,660","1.286,660","-0,21%"
"08.09.2025","1.289,410","1.289,410","1.289,410","1.285,350","0,32%"
"05.09.2025","1.285,350","1.285,350","1.285,350","1.285,350","0,31%"
"04.09.2025","1.281,430","1.281,430","1.281,430","1.281,430","0,33%"
"03.09.2025","1.277,240","1.277,240","1.277,240","1.277,240","0,12%"
"02.09.2025","1.275,760","1.275,760","1.277,840","1.275,760","-0,16%"
"01.09.2025","1.277,840","1.277,840","1.277,840","1.277,840","-0,13%"
"29.08.2025","1.279,550","1.279,550","1.279,550","1.279,550","0,02%"
"28.08.2025","1.279,260","1.279,260","1.279,260","1.279,260","0,05%"
"27.08.2025","1.278,630","1.278,630","1.278,630","1.278,630","0,04%"
"26.08.2025","1.278,120","1.278,120","1.278,120","1.278,120","0,11%"
"25.08.2025","1.276,750","1.276,750","1.279,190","1.276,750","-0,19%"
"22.08.2025","1.279,190","1.279,190","1.279,190","1.275,830","0,26%"
"21.08.2025","1.275,830","1.275,830","1.275,830","1.275,830","-0,20%"
"20.08.2025","1.278,370","1.278,370","1.278,370","1.277,260","0,09%"
"19.08.2025","1.277,260","1.277,260","1.277,260","1.275,860","0,11%"
"18.08.2025","1.275,860","1.275,860","1.276,450","1.275,860","-0,05%"
"15.08.2025","1.276,450","1.276,450","1.280,370","1.276,450","-0,31%"
"14.08.2025","1.280,370","1.280,370","1.282,300","1.280,370","-0,15%"
"13.08.2025","1.282,300","1.282,300","1.282,300","1.279,870","0,19%"
"12.08.2025","1.279,870","1.279,870","1.281,130","1.279,870","-0,10%"
"11.08.2025","1.281,130","1.281,130","1.281,130","1.280,390","0,06%"
"08.08.2025","1.280,390","1.280,390","1.280,390","1.280,390","-0,29%"
"07.08.2025","1.284,110","1.284,110","1.284,360","1.284,110","-0,02%"
"06.08.2025","1.284,360","1.284,360","1.284,670","1.284,360","-0,02%"
"05.08.2025","1.284,670","1.284,670","1.284,890","1.284,670","-0,02%"
"04.08.2025","1.284,890","1.284,890","1.284,890","1.284,890","0,15%"
"01.08.2025","1.282,920","1.282,920","1.282,920","1.282,920","0,45%"
"31.07.2025","1.277,140","1.277,140","1.277,140","1.276,240","0,07%"
"30.07.2025","1.276,240","1.276,240","1.276,240","1.276,240","-0,14%"
"29.07.2025","1.278,040","1.278,040","1.278,040","1.278,040","0,25%"
"28.07.2025","1.274,840","1.274,840","1.274,840","1.274,430","0,03%"
"25.07.2025","1.274,430","1.274,430","1.274,430","1.274,430","0,05%"
"24.07.2025","1.273,800","1.273,800","1.273,800","1.273,800","-0,08%"
"23.07.2025","1.274,870","1.274,870","1.274,870","1.274,870","-0,34%"
"22.07.2025","1.279,260","1.279,260","1.279,260","1.279,260","0,22%"
"21.07.2025","1.276,440","1.276,440","1.276,440","1.272,870","0,28%"
"18.07.2025","1.272,870","1.272,870","1.272,870","1.272,070","0,06%"
"17.07.2025","1.272,070","1.272,070","1.272,070","1.272,070","0,02%"
"16.07.2025","1.271,770","1.271,770","1.271,770","1.271,770","0,15%"
"15.07.2025","1.269,910","1.269,910","1.271,730","1.269,910","-0,14%"
"14.07.2025","1.271,730","1.271,730","1.271,730","1.271,730","-0,05%"
"11.07.2025","1.272,340","1.272,340","1.272,340","1.272,340","-0,33%"
"10.07.2025","1.276,580","1.276,580","1.277,160","1.276,580","-0,05%"
"09.07.2025","1.277,160","1.277,160","1.277,160","1.277,160","0,20%"
"08.07.2025","1.274,610","1.274,610","1.274,610","1.274,610","-0,20%"
"07.07.2025","1.277,200","1.277,200","1.280,080","1.277,200","-0,22%"
"04.07.2025","1.280,080","1.280,080","1.280,080","1.280,080","-0,02%"
"03.07.2025","1.280,330","1.280,330","1.281,650","1.280,330","-0,10%"
"02.07.2025","1.281,650","1.281,650","1.283,970","1.281,650","-0,18%"
"01.07.2025","1.283,970","1.283,970","1.283,970","1.283,970","0,07%"
"30.06.2025","1.283,060","1.283,060","1.283,060","1.283,060","0,05%"
"27.06.2025","1.282,460","1.282,460","1.282,460","1.282,460","-0,16%"
"26.06.2025","1.284,530","1.284,530","1.284,530","1.281,780","0,21%"
"25.06.2025","1.281,780","1.281,780","1.281,780","1.281,780","0,01%"
"24.06.2025","1.281,710","1.281,710","1.281,710","1.280,250","0,11%"
"23.06.2025","1.280,250","1.280,250","1.280,250","1.279,310","0,07%"
"20.06.2025","1.279,310","1.279,310","1.279,310","1.279,310","0,08%"
"19.06.2025","1.278,320","1.278,320","1.278,320","1.278,320","-0,05%"
"18.06.2025","1.279,020","1.279,020","1.279,020","1.276,460","0,20%"
"17.06.2025","1.276,460","1.276,460","1.276,460","1.276,110","0,03%"
"16.06.2025","1.276,110","1.276,110","1.276,110","1.276,110","-0,05%"
"13.06.2025","1.276,810","1.276,810","1.280,940","1.276,810","-0,32%"
"12.06.2025","1.280,940","1.280,940","1.280,940","1.276,060","0,38%"
"11.06.2025","1.276,060","1.276,060","1.276,060","1.275,660","0,03%"
"10.06.2025","1.275,660","1.275,660","1.275,660","1.273,480","0,17%"
"09.06.2025","1.273,480","1.273,480","1.273,480","1.273,480","0,01%"
"06.06.2025","1.273,400","1.273,400","1.276,320","1.273,400","-0,23%"
"05.06.2025","1.276,320","1.276,320","1.277,560","1.276,320","-0,10%"
"04.06.2025","1.277,560","1.277,560","1.277,560","1.274,530","0,24%"
"03.06.2025","1.274,530","1.274,530","1.274,530","1.274,120","0,03%"
"02.06.2025","1.274,120","1.274,120","1.276,240","1.274,120","-0,17%"
"30.05.2025","1.276,240","1.276,240","1.276,240","1.274,570","0,13%"
"29.05.2025","1.274,570","1.274,570","1.274,570","1.274,570","0,23%"
"28.05.2025","1.271,630","1.271,630","1.273,860","1.271,630","-0,18%"
"27.05.2025","1.273,860","1.273,860","1.273,860","1.273,860","0,42%"
"26.05.2025","1.268,560","1.268,560","1.268,560","1.267,470","0,09%"
"23.05.2025","1.267,470","1.267,470","1.267,470","1.263,830","0,29%"
"22.05.2025","1.263,830","1.263,830","1.264,610","1.263,830","-0,06%"
"21.05.2025","1.264,610","1.264,610","1.267,790","1.264,610","-0,25%"
"20.05.2025","1.267,790","1.267,790","1.267,790","1.267,790","-0,33%"
"19.05.2025","1.272,050","1.272,050","1.272,420","1.272,050","-0,03%"
"16.05.2025","1.272,420","1.272,420","1.272,420","1.272,420","0,12%"
"15.05.2025","1.270,930","1.270,930","1.270,930","1.267,030","0,31%"
"14.05.2025","1.267,030","1.267,030","1.269,390","1.267,030","-0,19%"
"13.05.2025","1.269,390","1.269,390","1.270,190","1.269,390","-0,06%"
"12.05.2025","1.270,190","1.270,190","1.276,500","1.270,190","-0,49%"
"09.05.2025","1.276,500","1.276,500","1.276,500","1.276,500","-0,09%"
"08.05.2025","1.277,670","1.277,670","1.277,670","1.277,670","-0,36%"
"07.05.2025","1.282,330","1.282,330","1.282,330","1.282,330","0,18%"
"06.05.2025","1.280,010","1.280,010","1.280,010","1.279,420","0,05%"
"05.05.2025","1.279,420","1.279,420","1.279,750","1.279,420","-0,03%"
"02.05.2025","1.279,750","1.279,750","1.279,750","1.279,750","-0,61%"
"30.04.2025","1.287,580","1.287,580","1.287,580","1.287,580","0,12%"
"29.04.2025","1.286,070","1.286,070","1.286,070","1.286,070","0,09%"
"28.04.2025","1.284,860","1.284,860","1.284,860","1.284,860","0,17%"
"25.04.2025","1.282,640","1.282,640","1.282,640","1.282,640","0,10%"
"24.04.2025","1.281,390","1.281,390","1.281,390","1.276,670","0,37%"
"23.04.2025","1.276,670","1.276,670","1.276,670","1.276,670","-0,08%"
"22.04.2025","1.277,690","1.277,690","1.279,060","1.277,690","-0,11%"
"17.04.2025","1.279,060","1.279,060","1.279,060","1.279,060","-0,05%"
"16.04.2025","1.279,690","1.279,690","1.279,690","1.274,570","0,40%"
"15.04.2025","1.274,570","1.274,570","1.274,850","1.274,570","-0,02%"
"14.04.2025","1.274,850","1.274,850","1.274,850","1.271,170","0,29%"
"11.04.2025","1.271,170","1.271,170","1.271,170","1.271,170","-0,07%"
"10.04.2025","1.272,080","1.272,080","1.274,370","1.272,080","-0,18%"
"09.04.2025","1.274,370","1.274,370","1.277,480","1.274,370","-0,24%"
"08.04.2025","1.277,480","1.277,480","1.283,970","1.277,480","-0,51%"
"07.04.2025","1.283,970","1.283,970","1.292,490","1.283,970","-0,66%"
"04.04.2025","1.292,490","1.292,490","1.292,490","1.286,500","0,47%"
"03.04.2025","1.286,500","1.286,500","1.286,500","1.286,500","0,56%"
"02.04.2025","1.279,300","1.279,300","1.279,300","1.278,780","0,04%"
"01.04.2025","1.278,780","1.278,780","1.278,780","1.276,140","0,21%"
"31.03.2025","1.276,140","1.276,140","1.276,140","1.276,140","0,13%"
"28.03.2025","1.274,420","1.274,420","1.274,420","1.274,420","0,44%"
"27.03.2025","1.268,870","1.268,870","1.268,870","1.268,870","0,00%"
"26.03.2025","1.268,840","1.268,840","1.268,840","1.268,840","-0,09%"
"25.03.2025","1.269,980","1.269,980","1.269,980","1.269,980","-0,01%"
"24.03.2025","1.270,110","1.270,110","1.270,110","1.270,110","-0,27%"
"21.03.2025","1.273,520","1.273,520","1.273,600","1.273,520","-0,01%"
"20.03.2025","1.273,600","1.273,600","1.273,600","1.273,600","0,00%"
"19.03.2025","1.273,600","1.273,600","1.273,600","1.273,600","0,25%"
"18.03.2025","1.270,430","1.270,430","1.270,430","1.270,330","0,01%"
"17.03.2025","1.270,330","1.270,330","1.270,330","1.270,330","0,14%"
"14.03.2025","1.268,570","1.268,570","1.268,570","1.268,570","-0,07%"
"13.03.2025","1.269,510","1.269,510","1.269,510","1.269,510","0,18%"
"12.03.2025","1.267,180","1.267,180","1.267,180","1.267,180","-0,24%"
"11.03.2025","1.270,260","1.270,260","1.270,260","1.270,260","-0,16%"
"10.03.2025","1.272,290","1.272,290","1.272,290","1.272,290","0,29%"
"07.03.2025","1.268,660","1.268,660","1.268,660","1.268,660","-0,06%"
"06.03.2025","1.269,420","1.269,420","1.269,420","1.269,420","-0,16%"
"05.03.2025","1.271,510","1.271,510","1.271,510","1.271,510","-0,78%"
"04.03.2025","1.281,520","1.281,520","1.281,520","1.281,520","-0,07%"
"03.03.2025","1.282,480","1.282,480","1.282,480","1.282,480","-0,08%"
"28.02.2025","1.283,550","1.283,550","1.283,550","1.283,550","0,35%"
"27.02.2025","1.279,080","1.279,080","1.279,080","1.279,080","-0,11%"
"26.02.2025","1.280,470","1.280,470","1.280,470","1.280,470","0,17%"
"25.02.2025","1.278,290","1.278,290","1.278,290","1.278,290","0,39%"
"24.02.2025","1.273,290","1.273,290","1.273,290","1.273,290","0,05%"
"21.02.2025","1.272,630","1.272,630","1.272,630","1.272,630","0,35%"
"20.02.2025","1.268,190","1.268,190","1.268,190","1.268,190","0,09%"
"19.02.2025","1.267,070","1.267,070","1.267,070","1.267,070","-0,07%"
"18.02.2025","1.267,910","1.267,910","1.267,910","1.267,910","-0,23%"
"17.02.2025","1.270,860","1.270,860","1.270,860","1.270,860","-0,15%"
"14.02.2025","1.272,730","1.272,730","1.272,730","1.272,730","0,13%"
"13.02.2025","1.271,100","1.271,100","1.271,100","1.271,100","0,43%"
"12.02.2025","1.265,690","1.265,690","1.265,690","1.265,690","-0,33%"
"11.02.2025","1.269,930","1.269,930","1.269,930","1.269,930","-0,29%"
"10.02.2025","1.273,600","1.273,600","1.273,600","1.273,600","0,08%"
"07.02.2025","1.272,540","1.272,540","1.272,540","1.272,540","-0,34%"
"06.02.2025","1.276,870","1.276,870","1.276,870","1.276,870","0,02%"
"05.02.2025","1.276,560","1.276,560","1.276,560","1.276,560","0,41%"
"04.02.2025","1.271,300","1.271,300","1.271,300","1.271,300","-0,00%"
"03.02.2025","1.271,360","1.271,360","1.271,360","1.271,360","0,19%"
"31.01.2025","1.268,940","1.268,940","1.268,940","1.268,940","0,01%"
"30.01.2025","1.268,780","1.268,780","1.268,780","1.268,780","0,16%"
"29.01.2025","1.266,770","1.266,770","1.266,770","1.266,770","-0,03%"
"28.01.2025","1.267,180","1.267,180","1.267,180","1.267,180","-0,02%"
"27.01.2025","1.267,390","1.267,390","1.267,390","1.267,390","0,35%"
"24.01.2025","1.263,030","1.263,030","1.263,030","1.263,030","-0,01%"
"23.01.2025","1.263,120","1.263,120","1.263,120","1.263,120","-0,16%"
"22.01.2025","1.265,150","1.265,150","1.265,150","1.265,150","-0,10%"
"21.01.2025","1.266,430","1.266,430","1.266,430","1.266,430","0,24%"
"20.01.2025","1.263,340","1.263,340","1.263,340","1.263,340","0,08%"
"17.01.2025","1.262,330","1.262,330","1.262,330","1.262,330","-0,00%"
"16.01.2025","1.262,370","1.262,370","1.262,370","1.262,370","0,20%"
"15.01.2025","1.259,820","1.259,820","1.259,820","1.259,820","0,61%"
"14.01.2025","1.252,190","1.252,190","1.252,190","1.252,190","-0,03%"
"13.01.2025","1.252,600","1.252,600","1.252,600","1.252,600","-0,47%"
"09.01.2025","1.258,520","1.258,520","1.258,520","1.258,520","0,01%"
"08.01.2025","1.258,450","1.258,450","1.258,450","1.258,450","-0,18%"
"07.01.2025","1.260,720","1.260,720","1.260,720","1.260,720","-0,27%"
"06.01.2025","1.264,100","1.264,100","1.264,100","1.264,100","-0,05%"
"03.01.2025","1.264,780","1.264,780","1.264,780","1.264,780","-0,19%"
"02.01.2025","1.267,160","1.267,160","1.267,160","1.267,160","0,01%"
"31.12.2024","1.267,080","1.267,080","1.267,080","1.267,080","-0,08%"
"30.12.2024","1.268,100","1.268,100","1.268,100","1.268,100","0,36%"
"27.12.2024","1.263,590","1.263,590","1.263,590","1.263,590","-0,25%"
"24.12.2024","1.266,700","1.266,700","1.266,700","1.266,700","-0,15%"
"20.12.2024","1.268,590","1.268,590","1.268,590","1.268,590","0,09%"
"19.12.2024","1.267,400","1.267,400","1.267,400","1.267,400","-0,30%"
"18.12.2024","1.271,160","1.271,160","1.271,160","1.271,160","-0,22%"
"17.12.2024","1.273,930","1.273,930","1.273,930","1.273,930","-0,02%"
"16.12.2024","1.274,190","1.274,190","1.274,190","1.274,190","-0,12%"
"13.12.2024","1.275,720","1.275,720","1.275,720","1.275,720","-0,29%"
"12.12.2024","1.279,470","1.279,470","1.279,470","1.279,470","-0,17%"
"11.12.2024","1.281,690","1.281,690","1.281,690","1.281,690","-0,15%"
"10.12.2024","1.283,630","1.283,630","1.283,630","1.283,630","-0,13%"
"09.12.2024","1.285,310","1.285,310","1.285,310","1.285,310","-0,09%"
"06.12.2024","1.286,410","1.286,410","1.286,410","1.286,410","-0,01%"
"05.12.2024","1.286,500","1.286,500","1.286,500","1.286,500","-0,01%"
"04.12.2024","1.286,630","1.286,630","1.286,630","1.286,630","0,31%"
"03.12.2024","1.282,640","1.282,640","1.282,640","1.282,640","-0,21%"
"02.12.2024","1.285,280","1.285,280","1.285,280","1.285,280","0,09%"
"29.11.2024","1.284,130","1.284,130","1.284,130","1.284,130","0,28%"
"28.11.2024","1.280,490","1.280,490","1.280,490","1.280,490","0,10%"
"27.11.2024","1.279,190","1.279,190","1.279,190","1.279,190","0,19%"
"26.11.2024","1.276,720","1.276,720","1.276,720","1.276,720","0,05%"
"25.11.2024","1.276,140","1.276,140","1.276,140","1.276,140","0,46%"
"22.11.2024","1.270,270","1.270,270","1.270,270","1.270,270","0,12%"
"21.11.2024","1.268,790","1.268,790","1.268,790","1.268,790","0,04%"
"20.11.2024","1.268,260","1.268,260","1.268,260","1.268,260","-0,19%"
"19.11.2024","1.270,630","1.270,630","1.270,630","1.270,630","0,26%"
"18.11.2024","1.267,360","1.267,360","1.267,360","1.267,360","-0,03%"
"15.11.2024","1.267,700","1.267,700","1.267,700","1.267,700","0,07%"
"14.11.2024","1.266,750","1.266,750","1.266,750","1.266,750","-0,02%"
"13.11.2024","1.267,060","1.267,060","1.267,060","1.267,060","-0,13%"
"12.11.2024","1.268,660","1.268,660","1.268,660","1.268,660","-0,38%"
"11.11.2024","1.273,460","1.273,460","1.273,460","1.273,460","0,05%"
"08.11.2024","1.272,810","1.272,810","1.272,810","1.272,810","0,26%"
"07.11.2024","1.269,490","1.269,490","1.269,490","1.269,490","0,25%"
"06.11.2024","1.266,380","1.266,380","1.266,380","1.266,380","-0,50%"
"05.11.2024","1.272,790","1.272,790","1.272,790","1.272,790","0,02%"
"04.11.2024","1.272,570","1.272,570","1.272,570","1.272,570","0,28%"
"01.11.2024","1.268,990","1.268,990","1.268,990","1.268,990","-0,25%"
"31.10.2024","1.272,170","1.272,170","1.272,170","1.272,170","-0,06%"
"30.10.2024","1.272,900","1.272,900","1.272,900","1.272,900","-0,02%"
"29.10.2024","1.273,140","1.273,140","1.273,140","1.273,140","-0,06%"
"28.10.2024","1.273,930","1.273,930","1.273,930","1.273,930","-0,13%"
"25.10.2024","1.275,650","1.275,650","1.275,650","1.275,650","-0,13%"
"24.10.2024","1.277,320","1.277,320","1.277,320","1.277,320","0,26%"
"23.10.2024","1.274,070","1.274,070","1.274,070","1.274,070","-0,20%"
"22.10.2024","1.276,630","1.276,630","1.276,630","1.276,630","-0,13%"
"21.10.2024","1.278,310","1.278,310","1.278,310","1.278,310","-0,53%"
"18.10.2024","1.285,070","1.285,070","1.285,070","1.285,070","0,12%"
"17.10.2024","1.283,500","1.283,500","1.283,500","1.283,500","-0,29%"
"16.10.2024","1.287,280","1.287,280","1.287,280","1.287,280","0,22%"
"15.10.2024","1.284,460","1.284,460","1.284,460","1.284,460","0,35%"
"14.10.2024","1.279,930","1.279,930","1.279,930","1.279,930","0,00%"
"11.10.2024","1.279,910","1.279,910","1.279,910","1.279,910","-0,00%"
"10.10.2024","1.279,960","1.279,960","1.279,960","1.279,960","-0,10%"
"09.10.2024","1.281,240","1.281,240","1.281,240","1.281,240","-0,15%"
"08.10.2024","1.283,220","1.283,220","1.283,220","1.283,220","0,12%"
"07.10.2024","1.281,620","1.281,620","1.281,620","1.281,620","-0,89%"
"03.10.2024","1.293,110","1.293,110","1.293,110","1.293,110","-0,24%"
"02.10.2024","1.296,200","1.296,200","1.296,200","1.296,200","-0,24%"
"01.10.2024","1.299,340","1.299,340","1.299,340","1.299,340","0,27%"
"30.09.2024","1.295,800","1.295,800","1.295,800","1.295,800","-0,11%"
"27.09.2024","1.297,280","1.297,280","1.297,280","1.297,280","0,29%"
"26.09.2024","1.293,530","1.293,530","1.293,530","1.293,530","-0,12%"
"25.09.2024","1.295,130","1.295,130","1.295,130","1.295,130","-0,17%"
"24.09.2024","1.297,360","1.297,360","1.297,360","1.297,360","0,15%"
"23.09.2024","1.295,440","1.295,440","1.295,440","1.295,440","0,06%"
"20.09.2024","1.294,650","1.294,650","1.294,650","1.294,650","-0,09%"
"19.09.2024","1.295,850","1.295,850","1.295,850","1.295,850","-0,14%"
"18.09.2024","1.297,660","1.297,660","1.297,660","1.297,660","-0,33%"
"17.09.2024","1.301,910","1.301,910","1.301,910","1.301,910","-0,10%"
"16.09.2024","1.303,150","1.303,150","1.303,150","1.303,150","0,24%"
"13.09.2024","1.300,000","1.300,000","1.300,000","1.300,000","0,05%"
"12.09.2024","1.299,350","1.299,350","1.299,350","1.299,350","-0,06%"
"11.09.2024","1.300,160","1.300,160","1.300,160","1.300,160","0,04%"
"10.09.2024","1.299,580","1.299,580","1.299,580","1.299,580","0,30%"
"09.09.2024","1.295,720","1.295,720","1.295,720","1.295,720","0,00%"
"06.09.2024","1.295,720","1.295,720","1.295,720","1.295,720","0,10%"
"05.09.2024","1.294,410","1.294,410","1.294,410","1.294,410","0,18%"
"04.09.2024","1.292,090","1.292,090","1.292,090","1.292,090","0,39%"
"03.09.2024","1.287,010","1.287,010","1.287,010","1.287,010","0,42%"
"02.09.2024","1.281,610","1.281,610","1.281,610","1.281,610","-0,16%"
"30.08.2024","1.283,680","1.283,680","1.283,680","1.283,680","-0,13%"
"29.08.2024","1.285,400","1.285,400","1.285,400","1.285,400","-0,01%"
"28.08.2024","1.285,530","1.285,530","1.285,530","1.285,530","-0,09%"
"27.08.2024","1.286,680","1.286,680","1.286,680","1.286,680","-0,08%"
"26.08.2024","1.287,760","1.287,760","1.287,760","1.287,760","-0,11%"
"23.08.2024","1.289,120","1.289,120","1.289,120","1.289,120","0,33%"
"22.08.2024","1.284,910","1.284,910","1.284,910","1.284,910","-0,36%"
"21.08.2024","1.289,610","1.289,610","1.289,610","1.289,610","0,14%"
"20.08.2024","1.287,800","1.287,800","1.287,800","1.287,800","0,34%"
"19.08.2024","1.283,500","1.283,500","1.283,500","1.283,500","0,00%"
"16.08.2024","1.283,440","1.283,440","1.283,440","1.283,440","-0,04%"
"15.08.2024","1.283,890","1.283,890","1.283,890","1.283,890","-0,41%"
"14.08.2024","1.289,130","1.289,130","1.289,130","1.289,130","0,14%"
"13.08.2024","1.287,310","1.287,310","1.287,310","1.287,310","0,36%"
"12.08.2024","1.282,690","1.282,690","1.282,690","1.282,690","0,13%"
"09.08.2024","1.280,980","1.280,980","1.280,980","1.280,980","0,13%"
"08.08.2024","1.279,320","1.279,320","1.279,320","1.279,320","0,06%"
"07.08.2024","1.278,570","1.278,570","1.278,570","1.278,570","-0,41%"
"06.08.2024","1.283,790","1.283,790","1.283,790","1.283,790","-0,50%"
"05.08.2024","1.290,180","1.290,180","1.290,180","1.290,180","0,33%"
"02.08.2024","1.285,990","1.285,990","1.285,990","1.285,990","0,70%"
"01.08.2024","1.276,990","1.276,990","1.276,990","1.276,990","0,50%"
"31.07.2024","1.270,670","1.270,670","1.270,670","1.270,670","0,29%"
"30.07.2024","1.266,950","1.266,950","1.266,950","1.266,950","0,05%"
"29.07.2024","1.266,380","1.266,380","1.266,380","1.266,380","0,30%"
"26.07.2024","1.262,540","1.262,540","1.262,540","1.262,540","0,12%"
"25.07.2024","1.261,000","1.261,000","1.261,000","1.261,000","0,27%"
"24.07.2024","1.257,630","1.257,630","1.257,630","1.257,630","-0,13%"
"23.07.2024","1.259,330","1.259,330","1.259,330","1.259,330","0,02%"
"22.07.2024","1.259,020","1.259,020","1.259,020","1.259,020","-0,09%"
"19.07.2024","1.260,140","1.260,140","1.260,140","1.260,140","-0,32%"
"18.07.2024","1.264,190","1.264,190","1.264,190","1.264,190","-0,01%"
"17.07.2024","1.264,370","1.264,370","1.264,370","1.264,370","-0,03%"
"16.07.2024","1.264,760","1.264,760","1.264,760","1.264,760","0,32%"
"12.07.2024","1.260,690","1.260,690","1.260,690","1.260,690","-0,00%"
"11.07.2024","1.260,730","1.260,730","1.260,730","1.260,730","0,40%"
"10.07.2024","1.255,670","1.255,670","1.255,670","1.255,670","0,14%"
"09.07.2024","1.253,890","1.253,890","1.253,890","1.253,890","-0,17%"
"08.07.2024","1.256,030","1.256,030","1.256,030","1.256,030","0,07%"
"05.07.2024","1.255,180","1.255,180","1.255,180","1.255,180","0,39%"
"04.07.2024","1.250,350","1.250,350","1.250,350","1.250,350","-0,08%"
"03.07.2024","1.251,390","1.251,390","1.251,390","1.251,390","0,49%"
"02.07.2024","1.245,270","1.245,270","1.245,270","1.245,270","0,13%"
"01.07.2024","1.243,660","1.243,660","1.243,660","1.243,660","-0,55%"
"28.06.2024","1.250,520","1.250,520","1.250,520","1.250,520","-0,16%"
"27.06.2024","1.252,520","1.252,520","1.252,520","1.252,520","-0,08%"
"26.06.2024","1.253,510","1.253,510","1.253,510","1.253,510","-0,33%"
"25.06.2024","1.257,600","1.257,600","1.257,600","1.257,600","-0,03%"
"24.06.2024","1.258,040","1.258,040","1.258,040","1.258,040","0,01%"
"21.06.2024","1.257,920","1.257,920","1.257,920","1.257,920","0,07%"
"20.06.2024","1.257,020","1.257,020","1.257,020","1.257,020","-0,16%"
"19.06.2024","1.259,080","1.259,080","1.259,080","1.259,080","0,01%"
"18.06.2024","1.258,910","1.258,910","1.258,910","1.258,910","0,19%"
"17.06.2024","1.256,560","1.256,560","1.256,560","1.256,560","-0,24%"
"14.06.2024","1.259,630","1.259,630","1.259,630","1.259,630","0,37%"
"13.06.2024","1.255,020","1.255,020","1.255,020","1.255,020","0,29%"
"12.06.2024","1.251,410","1.251,410","1.251,410","1.251,410","0,36%"
"11.06.2024","1.246,880","1.246,880","1.246,880","1.246,880","0,29%"
"10.06.2024","1.243,240","1.243,240","1.243,240","1.243,240","-0,31%"
"07.06.2024","1.247,150","1.247,150","1.247,150","1.247,150","-0,56%"
"06.06.2024","1.254,200","1.254,200","1.254,200","1.254,200","-0,06%"
"05.06.2024","1.254,990","1.254,990","1.254,990","1.254,990","0,26%"
"04.06.2024","1.251,700","1.251,700","1.251,700","1.251,700","0,43%"
"03.06.2024","1.246,300","1.246,300","1.246,300","1.246,300","0,31%"
"31.05.2024","1.242,470","1.242,470","1.242,470","1.242,470","0,32%"
"30.05.2024","1.238,560","1.238,560","1.238,560","1.238,560","0,25%"
"29.05.2024","1.235,510","1.235,510","1.235,510","1.235,510","-0,54%"
"28.05.2024","1.242,190","1.242,190","1.242,190","1.242,190","-0,21%"
"27.05.2024","1.244,840","1.244,840","1.244,840","1.244,840","0,00%"
"24.05.2024","1.244,830","1.244,830","1.244,830","1.244,830","0,15%"
"23.05.2024","1.243,010","1.243,010","1.243,010","1.243,010","-0,35%"
"22.05.2024","1.247,390","1.247,390","1.247,390","1.247,390","-0,14%"
"21.05.2024","1.249,130","1.249,130","1.249,130","1.249,130","0,23%"
"20.05.2024","1.246,250","1.246,250","1.246,250","1.246,250","-0,23%"
"17.05.2024","1.249,170","1.249,170","1.249,170","1.249,170","-0,28%"
"16.05.2024","1.252,740","1.252,740","1.252,740","1.252,740","-0,02%"
"15.05.2024","1.253,040","1.253,040","1.253,040","1.253,040","0,64%"
"14.05.2024","1.245,020","1.245,020","1.245,020","1.245,020","-0,06%"
"13.05.2024","1.245,750","1.245,750","1.245,750","1.245,750","0,11%"
"10.05.2024","1.244,410","1.244,410","1.244,410","1.244,410","-0,26%"
"09.05.2024","1.247,660","1.247,660","1.247,660","1.247,660","-0,01%"
"08.05.2024","1.247,810","1.247,810","1.247,810","1.247,810","-0,15%"
"07.05.2024","1.249,720","1.249,720","1.249,720","1.249,720","0,32%"
"06.05.2024","1.245,710","1.245,710","1.245,710","1.245,710","0,10%"
"03.05.2024","1.244,480","1.244,480","1.244,480","1.244,480","0,37%"
"02.05.2024","1.239,940","1.239,940","1.239,940","1.239,940","0,27%"
"30.04.2024","1.236,570","1.236,570","1.236,570","1.236,570","-0,20%"
"29.04.2024","1.239,080","1.239,080","1.239,080","1.239,080","0,22%"
"26.04.2024","1.236,310","1.236,310","1.236,310","1.236,310","0,27%"
"25.04.2024","1.233,010","1.233,010","1.233,010","1.233,010","-0,20%"
"24.04.2024","1.235,420","1.235,420","1.235,420","1.235,420","-0,41%"
"23.04.2024","1.240,520","1.240,520","1.240,520","1.240,520","0,10%"
"22.04.2024","1.239,310","1.239,310","1.239,310","1.239,310","0,01%"
"19.04.2024","1.239,180","1.239,180","1.239,180","1.239,180","0,09%"
"18.04.2024","1.238,050","1.238,050","1.238,050","1.238,050","-0,09%"
"17.04.2024","1.239,150","1.239,150","1.239,150","1.239,150","0,15%"
"16.04.2024","1.237,290","1.237,290","1.237,290","1.237,290","-0,26%"
"15.04.2024","1.240,480","1.240,480","1.240,480","1.240,480","-0,44%"
"12.04.2024","1.245,950","1.245,950","1.245,950","1.245,950","0,46%"
"11.04.2024","1.240,230","1.240,230","1.240,230","1.240,230","-0,29%"
"10.04.2024","1.243,840","1.243,840","1.243,840","1.243,840","-0,68%"
"09.04.2024","1.252,330","1.252,330","1.252,330","1.252,330","0,33%"
"08.04.2024","1.248,160","1.248,160","1.248,160","1.248,160","-0,21%"
"05.04.2024","1.250,770","1.250,770","1.250,770","1.250,770","-0,37%"
"04.04.2024","1.255,440","1.255,440","1.255,440","1.255,440","0,37%"
"03.04.2024","1.250,790","1.250,790","1.250,790","1.250,790","-0,07%"
"02.04.2024","1.251,670","1.251,670","1.251,670","1.251,670","-0,79%"
"28.03.2024","1.261,590","1.261,590","1.261,590","1.261,590","0,12%"
"27.03.2024","1.260,070","1.260,070","1.260,070","1.260,070","0,26%"
"26.03.2024","1.256,760","1.256,760","1.256,760","1.256,760","0,01%"
"25.03.2024","1.256,680","1.256,680","1.256,680","1.256,680","-0,19%"
"22.03.2024","1.259,070","1.259,070","1.259,070","1.259,070","0,31%"
"21.03.2024","1.255,220","1.255,220","1.255,220","1.255,220","0,09%"
"20.03.2024","1.254,100","1.254,100","1.254,100","1.254,100","0,15%"
"19.03.2024","1.252,210","1.252,210","1.252,210","1.252,210","0,16%"
"18.03.2024","1.250,190","1.250,190","1.250,190","1.250,190","0,01%"
"15.03.2024","1.250,080","1.250,080","1.250,080","1.250,080","-0,20%"
"14.03.2024","1.252,550","1.252,550","1.252,550","1.252,550","-0,36%"
"13.03.2024","1.257,070","1.257,070","1.257,070","1.257,070","-0,13%"
"12.03.2024","1.258,700","1.258,700","1.258,700","1.258,700","-0,27%"
"11.03.2024","1.262,090","1.262,090","1.262,090","1.262,090","0,03%"
"07.03.2024","1.261,670","1.261,670","1.261,670","1.261,670","0,11%"
"06.03.2024","1.260,290","1.260,290","1.260,290","1.260,290","0,56%"
"04.03.2024","1.253,250","1.253,250","1.253,250","1.253,250","-0,19%"
"01.03.2024","1.255,580","1.255,580","1.255,580","1.255,580","0,21%"
"29.02.2024","1.252,970","1.252,970","1.252,970","1.252,970","0,20%"
"28.02.2024","1.250,510","1.250,510","1.250,510","1.250,510","0,19%"
"27.02.2024","1.248,140","1.248,140","1.248,140","1.248,140","-0,24%"
"26.02.2024","1.251,200","1.251,200","1.251,200","1.251,200","-0,07%"
"23.02.2024","1.252,030","1.252,030","1.252,030","1.252,030","0,35%"
"22.02.2024","1.247,680","1.247,680","1.247,680","1.247,680","-0,03%"
"21.02.2024","1.248,010","1.248,010","1.248,010","1.248,010","-0,22%"
"20.02.2024","1.250,800","1.250,800","1.250,800","1.250,800","0,23%"
"19.02.2024","1.247,990","1.247,990","1.247,990","1.247,990","-0,06%"
"16.02.2024","1.248,770","1.248,770","1.248,770","1.248,770","-0,13%"
"15.02.2024","1.250,370","1.250,370","1.250,370","1.250,370","0,06%"
"14.02.2024","1.249,560","1.249,560","1.249,560","1.249,560","0,23%"
"13.02.2024","1.246,710","1.246,710","1.246,710","1.246,710","-0,43%"
"12.02.2024","1.252,040","1.252,040","1.252,040","1.252,040","0,03%"
"09.02.2024","1.251,660","1.251,660","1.251,660","1.251,660","-0,13%"
"08.02.2024","1.253,310","1.253,310","1.253,310","1.253,310","-0,14%"
"07.02.2024","1.255,100","1.255,100","1.255,100","1.255,100","-0,07%"
"06.02.2024","1.255,970","1.255,970","1.255,970","1.255,970","0,22%"
"05.02.2024","1.253,240","1.253,240","1.253,240","1.253,240","-0,66%"
"02.02.2024","1.261,530","1.261,530","1.261,530","1.261,530","-0,66%"
"01.02.2024","1.269,960","1.269,960","1.269,960","1.269,960","0,42%"
"31.01.2024","1.264,710","1.264,710","1.264,710","1.264,710","0,49%"
"30.01.2024","1.258,570","1.258,570","1.258,570","1.258,570","0,12%"
"29.01.2024","1.257,080","1.257,080","1.257,080","1.257,080","0,23%"
"26.01.2024","1.254,160","1.254,160","1.254,160","1.254,160","0,05%"
"25.01.2024","1.253,550","1.253,550","1.253,550","1.253,550","0,15%"
"24.01.2024","1.251,680","1.251,680","1.251,680","1.251,680","-0,15%"
"23.01.2024","1.253,570","1.253,570","1.253,570","1.253,570","-0,29%"
"22.01.2024","1.257,180","1.257,180","1.257,180","1.257,180","0,21%"
"19.01.2024","1.254,510","1.254,510","1.254,510","1.254,510","0,11%"
"18.01.2024","1.253,160","1.253,160","1.253,160","1.253,160","-0,31%"
"17.01.2024","1.257,030","1.257,030","1.257,030","1.257,030","-0,34%"
"16.01.2024","1.261,330","1.261,330","1.261,330","1.261,330","-0,44%"
"12.01.2024","1.266,860","1.266,860","1.266,860","1.266,860","0,32%"
"11.01.2024","1.262,820","1.262,820","1.262,820","1.262,820","0,11%"
"10.01.2024","1.261,370","1.261,370","1.261,370","1.261,370","-0,13%"
"08.01.2024","1.263,000","1.263,000","1.263,000","1.263,000","0,09%"
"05.01.2024","1.261,870","1.261,870","1.261,870","1.261,870","-0,08%"
"04.01.2024","1.262,820","1.262,820","1.262,820","1.262,820","-0,42%"
"03.01.2024","1.268,190","1.268,190","1.268,190","1.268,190","0,06%"
"02.01.2024","1.267,370","1.267,370","1.267,370","1.267,370","-0,26%"
"29.12.2023","1.270,690","1.270,690","1.270,690","1.270,690","-0,34%"
"28.12.2023","1.275,030","1.275,030","1.275,030","1.275,030","-0,15%"
"27.12.2023","1.276,930","1.276,930","1.276,930","1.276,930","0,41%"
"22.12.2023","1.271,720","1.271,720","1.271,720","1.271,720","-0,11%"
"21.12.2023","1.273,110","1.273,110","1.273,110","1.273,110","0,01%"
"20.12.2023","1.272,930","1.272,930","1.272,930","1.272,930","0,45%"
"19.12.2023","1.267,220","1.267,220","1.267,220","1.267,220","0,26%"
"18.12.2023","1.263,970","1.263,970","1.263,970","1.263,970","-0,13%"
"15.12.2023","1.265,630","1.265,630","1.265,630","1.265,630","0,08%"
"14.12.2023","1.264,600","1.264,600","1.264,600","1.264,600","0,65%"
"13.12.2023","1.256,380","1.256,380","1.256,380","1.256,380","0,85%"
"12.12.2023","1.245,810","1.245,810","1.245,810","1.245,810","0,23%"
"11.12.2023","1.242,910","1.242,910","1.242,910","1.242,910","-0,07%"
"08.12.2023","1.243,760","1.243,760","1.243,760","1.243,760","-0,44%"
"07.12.2023","1.249,270","1.249,270","1.249,270","1.249,270","-0,29%"
"06.12.2023","1.252,930","1.252,930","1.252,930","1.252,930","0,44%"
"05.12.2023","1.247,380","1.247,380","1.247,380","1.247,380","0,60%"
"04.12.2023","1.239,880","1.239,880","1.239,880","1.239,880","-0,10%"
"01.12.2023","1.241,140","1.241,140","1.241,140","1.241,140","0,44%"
"30.11.2023","1.235,700","1.235,700","1.235,700","1.235,700","-0,19%"
"29.11.2023","1.238,040","1.238,040","1.238,040","1.238,040","0,39%"
"28.11.2023","1.233,210","1.233,210","1.233,210","1.233,210","0,25%"
"27.11.2023","1.230,150","1.230,150","1.230,150","1.230,150","0,42%"
"24.11.2023","1.224,950","1.224,950","1.224,950","1.224,950","-0,23%"
"23.11.2023","1.227,770","1.227,770","1.227,770","1.227,770","-0,08%"
"22.11.2023","1.228,740","1.228,740","1.228,740","1.228,740","-0,18%"
"21.11.2023","1.230,980","1.230,980","1.230,980","1.230,980","0,20%"
"20.11.2023","1.228,570","1.228,570","1.228,570","1.228,570","0,16%"
"17.11.2023","1.226,580","1.226,580","1.226,580","1.226,580","-0,02%"
"16.11.2023","1.226,870","1.226,870","1.226,870","1.226,870","0,47%"
"15.11.2023","1.221,110","1.221,110","1.221,110","1.221,110","-0,20%"
"14.11.2023","1.223,590","1.223,590","1.223,590","1.223,590","0,80%"
"13.11.2023","1.213,880","1.213,880","1.213,880","1.213,880","-0,05%"
"10.11.2023","1.214,470","1.214,470","1.214,470","1.214,470","-0,16%"
"09.11.2023","1.216,470","1.216,470","1.216,470","1.216,470","-0,30%"
"08.11.2023","1.220,120","1.220,120","1.220,120","1.220,120","0,26%"
"07.11.2023","1.217,010","1.217,010","1.217,010","1.217,010","0,37%"
"06.11.2023","1.212,490","1.212,490","1.212,490","1.212,490","-0,26%"
"03.11.2023","1.215,650","1.215,650","1.215,650","1.215,650","0,39%"
"02.11.2023","1.210,910","1.210,910","1.210,910","1.210,910","0,50%"
"01.11.2023","1.204,860","1.204,860","1.204,860","1.204,860","0,52%"
"31.10.2023","1.198,570","1.198,570","1.198,570","1.198,570","-0,06%"
"26.10.2023","1.199,250","1.199,250","1.199,250","1.199,250","0,29%"
"25.10.2023","1.195,830","1.195,830","1.195,830","1.195,830","-0,42%"
"24.10.2023","1.200,890","1.200,890","1.200,890","1.200,890","0,11%"
"23.10.2023","1.199,610","1.199,610","1.199,610","1.199,610","0,20%"
"20.10.2023","1.197,240","1.197,240","1.197,240","1.197,240","0,34%"
"19.10.2023","1.193,210","1.193,210","1.193,210","1.193,210","-0,23%"
"18.10.2023","1.195,970","1.195,970","1.195,970","1.195,970","-0,44%"
"17.10.2023","1.201,210","1.201,210","1.201,210","1.201,210","-0,47%"
"16.10.2023","1.206,910","1.206,910","1.206,910","1.206,910","-0,26%"
"13.10.2023","1.210,000","1.210,000","1.210,000","1.210,000","0,26%"
"12.10.2023","1.206,890","1.206,890","1.206,890","1.206,890","-0,56%"
"11.10.2023","1.213,640","1.213,640","1.213,640","1.213,640","0,44%"
"10.10.2023","1.208,270","1.208,270","1.208,270","1.208,270","0,54%"
"09.10.2023","1.201,790","1.201,790","1.201,790","1.201,790","0,25%"
"06.10.2023","1.198,750","1.198,750","1.198,750","1.198,750","-0,34%"
"05.10.2023","1.202,790","1.202,790","1.202,790","1.202,790","0,20%"
"04.10.2023","1.200,440","1.200,440","1.200,440","1.200,440","0,17%"
"03.10.2023","1.198,410","1.198,410","1.198,410","1.198,410","-0,50%"
"02.10.2023","1.204,410","1.204,410","1.204,410","1.204,410","-0,39%"
"29.09.2023","1.209,070","1.209,070","1.209,070","1.209,070","0,26%"
"28.09.2023","1.205,900","1.205,900","1.205,900","1.205,900","-0,25%"
"27.09.2023","1.208,980","1.208,980","1.208,980","1.208,980","-0,20%"
"26.09.2023","1.211,450","1.211,450","1.211,450","1.211,450","-0,10%"
"25.09.2023","1.212,630","1.212,630","1.212,630","1.212,630","-0,43%"
"22.09.2023","1.217,820","1.217,820","1.217,820","1.217,820","0,22%"
"21.09.2023","1.215,120","1.215,120","1.215,120","1.215,120","-0,41%"
"20.09.2023","1.220,100","1.220,100","1.220,100","1.220,100","0,01%"
"19.09.2023","1.219,960","1.219,960","1.219,960","1.219,960","-0,13%"
"18.09.2023","1.221,540","1.221,540","1.221,540","1.221,540","-0,10%"
"15.09.2023","1.222,800","1.222,800","1.222,800","1.222,800","-0,21%"
"14.09.2023","1.225,370","1.225,370","1.225,370","1.225,370","0,08%"
"13.09.2023","1.224,400","1.224,400","1.224,400","1.224,400","0,06%"
"12.09.2023","1.223,710","1.223,710","1.223,710","1.223,710","0,06%"
"11.09.2023","1.222,920","1.222,920","1.222,920","1.222,920","-0,28%"
"08.09.2023","1.226,320","1.226,320","1.226,320","1.226,320","-0,02%"
"07.09.2023","1.226,510","1.226,510","1.226,510","1.226,510","0,20%"
"06.09.2023","1.224,020","1.224,020","1.224,020","1.224,020","-0,04%"
"05.09.2023","1.224,560","1.224,560","1.224,560","1.224,560","-0,37%"
"04.09.2023","1.229,130","1.229,130","1.229,130","1.229,130","-0,09%"
"01.09.2023","1.230,210","1.230,210","1.230,210","1.230,210","-0,30%"
"31.08.2023","1.233,970","1.233,970","1.233,970","1.233,970","0,16%"
"30.08.2023","1.232,020","1.232,020","1.232,020","1.232,020","-0,03%"
"29.08.2023","1.232,380","1.232,380","1.232,380","1.232,380","0,43%"
"28.08.2023","1.227,150","1.227,150","1.227,150","1.227,150","0,08%"
"25.08.2023","1.226,160","1.226,160","1.226,160","1.226,160","-0,11%"
"24.08.2023","1.227,460","1.227,460","1.227,460","1.227,460","-0,11%"
"23.08.2023","1.228,760","1.228,760","1.228,760","1.228,760","0,81%"
"21.08.2023","1.218,900","1.218,900","1.218,900","1.218,900","-0,41%"
"18.08.2023","1.223,890","1.223,890","1.223,890","1.223,890","0,33%"
"17.08.2023","1.219,900","1.219,900","1.219,900","1.219,900","-0,22%"
"16.08.2023","1.222,580","1.222,580","1.222,580","1.222,580","-0,13%"
"15.08.2023","1.224,190","1.224,190","1.224,190","1.224,190","-0,22%"
"14.08.2023","1.226,940","1.226,940","1.226,940","1.226,940","-0,14%"
"11.08.2023","1.228,660","1.228,660","1.228,660","1.228,660","-0,36%"
"10.08.2023","1.233,100","1.233,100","1.233,100","1.233,100","-0,35%"
"09.08.2023","1.237,400","1.237,400","1.237,400","1.237,400","0,08%"
"08.08.2023","1.236,470","1.236,470","1.236,470","1.236,470","0,46%"
"07.08.2023","1.230,830","1.230,830","1.230,830","1.230,830","0,29%"
"03.08.2023","1.227,310","1.227,310","1.227,310","1.227,310","-0,40%"
"02.08.2023","1.232,260","1.232,260","1.232,260","1.232,260","-0,13%"
"01.08.2023","1.233,870","1.233,870","1.233,870","1.233,870","-0,44%"
"31.07.2023","1.239,300","1.239,300","1.239,300","1.239,300","-0,09%"
"28.07.2023","1.240,440","1.240,440","1.240,440","1.240,440","-0,01%"
"27.07.2023","1.240,560","1.240,560","1.240,560","1.240,560","-0,35%"
"26.07.2023","1.244,950","1.244,950","1.244,950","1.244,950","0,13%"
"25.07.2023","1.243,310","1.243,310","1.243,310","1.243,310","-0,12%"
"24.07.2023","1.244,820","1.244,820","1.244,820","1.244,820","0,02%"
"21.07.2023","1.244,570","1.244,570","1.244,570","1.244,570","0,07%"
"20.07.2023","1.243,690","1.243,690","1.243,690","1.243,690","-0,46%"
"19.07.2023","1.249,410","1.249,410","1.249,410","1.249,410","0,29%"
"18.07.2023","1.245,760","1.245,760","1.245,760","1.245,760","0,24%"
"17.07.2023","1.242,790","1.242,790","1.242,790","1.242,790","0,03%"
"14.07.2023","1.242,390","1.242,390","1.242,390","1.242,390","-0,15%"
"13.07.2023","1.244,260","1.244,260","1.244,260","1.244,260","0,38%"
"12.07.2023","1.239,530","1.239,530","1.239,530","1.239,530","0,49%"
"11.07.2023","1.233,520","1.233,520","1.233,520","1.233,520","0,06%"
"10.07.2023","1.232,730","1.232,730","1.232,730","1.232,730","0,03%"
"07.07.2023","1.232,320","1.232,320","1.232,320","1.232,320","-0,03%"
"06.07.2023","1.232,720","1.232,720","1.232,720","1.232,720","-0,70%"
"05.07.2023","1.241,390","1.241,390","1.241,390","1.241,390","-0,14%"
"04.07.2023","1.243,100","1.243,100","1.243,100","1.243,100","-0,07%"
"03.07.2023","1.243,910","1.243,910","1.243,910","1.243,910","-0,17%"
"30.06.2023","1.246,000","1.246,000","1.246,000","1.246,000","0,15%"
"29.06.2023","1.244,130","1.244,130","1.244,130","1.244,130","-0,51%"
"28.06.2023","1.250,500","1.250,500","1.250,500","1.250,500","0,19%"
"27.06.2023","1.248,160","1.248,160","1.248,160","1.248,160","-0,24%"
"26.06.2023","1.251,140","1.251,140","1.251,140","1.251,140","0,18%"
"23.06.2023","1.248,840","1.248,840","1.248,840","1.248,840","0,38%"
"22.06.2023","1.244,120","1.244,120","1.244,120","1.244,120","-0,29%"
"21.06.2023","1.247,800","1.247,800","1.247,800","1.247,800","0,12%"
"16.06.2023","1.246,300","1.246,300","1.246,300","1.246,300","0,09%"
"15.06.2023","1.245,180","1.245,180","1.245,180","1.245,180","0,11%"
"14.06.2023","1.243,760","1.243,760","1.243,760","1.243,760","0,01%"
"13.06.2023","1.243,590","1.243,590","1.243,590","1.243,590","-0,32%"
"12.06.2023","1.247,640","1.247,640","1.247,640","1.247,640","0,05%"
"09.06.2023","1.247,070","1.247,070","1.247,070","1.247,070","0,13%"
"08.06.2023","1.245,440","1.245,440","1.245,440","1.245,440","0,11%"
"07.06.2023","1.244,110","1.244,110","1.244,110","1.244,110","-0,28%"
"06.06.2023","1.247,550","1.247,550","1.247,550","1.247,550","-0,02%"
"05.06.2023","1.247,800","1.247,800","1.247,800","1.247,800","-0,10%"
"02.06.2023","1.249,060","1.249,060","1.249,060","1.249,060","-0,39%"
"01.06.2023","1.253,930","1.253,930","1.253,930","1.253,930","0,27%"
"31.05.2023","1.250,540","1.250,540","1.250,540","1.250,540","0,24%"
"30.05.2023","1.247,550","1.247,550","1.247,550","1.247,550","0,56%"
"29.05.2023","1.240,660","1.240,660","1.240,660","1.240,660","0,11%"
"26.05.2023","1.239,300","1.239,300","1.239,300","1.239,300","-0,02%"
"25.05.2023","1.239,570","1.239,570","1.239,570","1.239,570","-0,36%"
"24.05.2023","1.244,040","1.244,040","1.244,040","1.244,040","-0,09%"
"23.05.2023","1.245,130","1.245,130","1.245,130","1.245,130","-0,12%"
"22.05.2023","1.246,660","1.246,660","1.246,660","1.246,660","-0,07%"
"19.05.2023","1.247,590","1.247,590","1.247,590","1.247,590","-0,12%"
"18.05.2023","1.249,030","1.249,030","1.249,030","1.249,030","-0,49%"
"17.05.2023","1.255,130","1.255,130","1.255,130","1.255,130","-0,10%"
"16.05.2023","1.256,420","1.256,420","1.256,420","1.256,420","-0,15%"
"15.05.2023","1.258,290","1.258,290","1.258,290","1.258,290","-0,24%"
"12.05.2023","1.261,340","1.261,340","1.261,340","1.261,340","-0,30%"
"11.05.2023","1.265,160","1.265,160","1.265,160","1.265,160","0,34%"
"10.05.2023","1.260,850","1.260,850","1.260,850","1.260,850","0,40%"
"09.05.2023","1.255,870","1.255,870","1.255,870","1.255,870","-0,12%"
"08.05.2023","1.257,400","1.257,400","1.257,400","1.257,400","-0,28%"
"05.05.2023","1.260,910","1.260,910","1.260,910","1.260,910","-0,38%"
"04.05.2023","1.265,700","1.265,700","1.265,700","1.265,700","0,05%"
"03.05.2023","1.265,020","1.265,020","1.265,020","1.265,020","0,28%"
"28.04.2023","1.261,430","1.261,430","1.261,430","1.261,430","0,60%"
"27.04.2023","1.253,940","1.253,940","1.253,940","1.253,940","-0,41%"
"26.04.2023","1.259,130","1.259,130","1.259,130","1.259,130","-0,11%"
"25.04.2023","1.260,510","1.260,510","1.260,510","1.260,510","0,58%"
"24.04.2023","1.253,200","1.253,200","1.253,200","1.253,200","0,15%"
"21.04.2023","1.251,380","1.251,380","1.251,380","1.251,380","-0,11%"
"20.04.2023","1.252,760","1.252,760","1.252,760","1.252,760","0,30%"
"19.04.2023","1.249,070","1.249,070","1.249,070","1.249,070","-0,12%"
"18.04.2023","1.250,630","1.250,630","1.250,630","1.250,630","0,03%"
"17.04.2023","1.250,220","1.250,220","1.250,220","1.250,220","-0,38%"
"14.04.2023","1.255,000","1.255,000","1.255,000","1.255,000","-0,37%"
"13.04.2023","1.259,680","1.259,680","1.259,680","1.259,680","-0,11%"
"12.04.2023","1.261,100","1.261,100","1.261,100","1.261,100","0,01%"
"11.04.2023","1.260,930","1.260,930","1.260,930","1.260,930","-0,58%"
"06.04.2023","1.268,250","1.268,250","1.268,250","1.268,250","0,05%"
"05.04.2023","1.267,560","1.267,560","1.267,560","1.267,560","0,23%"
"04.04.2023","1.264,640","1.264,640","1.264,640","1.264,640","0,14%"
"03.04.2023","1.262,810","1.262,810","1.262,810","1.262,810","0,19%"
"31.03.2023","1.260,430","1.260,430","1.260,430","1.260,430","0,33%"
"30.03.2023","1.256,310","1.256,310","1.256,310","1.256,310","-0,15%"
"29.03.2023","1.258,160","1.258,160","1.258,160","1.258,160","0,02%"
"28.03.2023","1.257,930","1.257,930","1.257,930","1.257,930","-0,12%"
"27.03.2023","1.259,400","1.259,400","1.259,400","1.259,400","-0,70%"
"24.03.2023","1.268,300","1.268,300","1.268,300","1.268,300","0,29%"
"23.03.2023","1.264,640","1.264,640","1.264,640","1.264,640","0,37%"
"22.03.2023","1.259,920","1.259,920","1.259,920","1.259,920","0,18%"
"21.03.2023","1.257,650","1.257,650","1.257,650","1.257,650","-0,52%"
"20.03.2023","1.264,190","1.264,190","1.264,190","1.264,190","-0,12%"
"17.03.2023","1.265,660","1.265,660","1.265,660","1.265,660","0,62%"
"16.03.2023","1.257,880","1.257,880","1.257,880","1.257,880","-0,47%"
"15.03.2023","1.263,760","1.263,760","1.263,760","1.263,760","1,06%"
"14.03.2023","1.250,480","1.250,480","1.250,480","1.250,480","-0,54%"
"13.03.2023","1.257,230","1.257,230","1.257,230","1.257,230","1,01%"
"10.03.2023","1.244,700","1.244,700","1.244,700","1.244,700","1,14%"
"09.03.2023","1.230,680","1.230,680","1.230,680","1.230,680","0,13%"
"08.03.2023","1.229,060","1.229,060","1.229,060","1.229,060","0,16%"
"07.03.2023","1.227,150","1.227,150","1.227,150","1.227,150","-0,00%"
"06.03.2023","1.227,180","1.227,180","1.227,180","1.227,180","-0,09%"
"03.03.2023","1.228,280","1.228,280","1.228,280","1.228,280","0,38%"
"02.03.2023","1.223,580","1.223,580","1.223,580","1.223,580","-0,27%"
"01.03.2023","1.226,860","1.226,860","1.226,860","1.226,860","-0,37%"
"28.02.2023","1.231,400","1.231,400","1.231,400","1.231,400","0,13%"
"27.02.2023","1.229,750","1.229,750","1.229,750","1.229,750","-0,01%"
"24.02.2023","1.229,930","1.229,930","1.229,930","1.229,930","-0,38%"
"23.02.2023","1.234,560","1.234,560","1.234,560","1.234,560","0,18%"
"22.02.2023","1.232,360","1.232,360","1.232,360","1.232,360","0,21%"
"21.02.2023","1.229,760","1.229,760","1.229,760","1.229,760","-0,62%"
"20.02.2023","1.237,490","1.237,490","1.237,490","1.237,490","-0,03%"
"17.02.2023","1.237,860","1.237,860","1.237,860","1.237,860","0,18%"
"16.02.2023","1.235,660","1.235,660","1.235,660","1.235,660","-0,24%"
"15.02.2023","1.238,610","1.238,610","1.238,610","1.238,610","-0,25%"
"14.02.2023","1.241,700","1.241,700","1.241,700","1.241,700","-0,20%"
"13.02.2023","1.244,190","1.244,190","1.244,190","1.244,190","0,13%"
"10.02.2023","1.242,540","1.242,540","1.242,540","1.242,540","-0,41%"
"09.02.2023","1.247,660","1.247,660","1.247,660","1.247,660","-0,05%"
"08.02.2023","1.248,240","1.248,240","1.248,240","1.248,240","0,01%"
"07.02.2023","1.248,110","1.248,110","1.248,110","1.248,110","-0,22%"
"06.02.2023","1.250,860","1.250,860","1.250,860","1.250,860","-0,48%"
"03.02.2023","1.256,850","1.256,850","1.256,850","1.256,850","-0,63%"
"02.02.2023","1.264,860","1.264,860","1.264,860","1.264,860","0,63%"
"01.02.2023","1.256,930","1.256,930","1.256,930","1.256,930","0,36%"
"31.01.2023","1.252,410","1.252,410","1.252,410","1.252,410","0,11%"
"30.01.2023","1.251,080","1.251,080","1.251,080","1.251,080","-0,18%"
"27.01.2023","1.253,310","1.253,310","1.253,310","1.253,310","-0,21%"
"26.01.2023","1.255,950","1.255,950","1.255,950","1.255,950","-0,24%"
"25.01.2023","1.259,010","1.259,010","1.259,010","1.259,010","-0,03%"
"24.01.2023","1.259,440","1.259,440","1.259,440","1.259,440","0,33%"
"23.01.2023","1.255,340","1.255,340","1.255,340","1.255,340","-0,16%"
"20.01.2023","1.257,320","1.257,320","1.257,320","1.257,320","-0,45%"
"19.01.2023","1.263,060","1.263,060","1.263,060","1.263,060","-0,13%"
"18.01.2023","1.264,760","1.264,760","1.264,760","1.264,760","0,79%"
"17.01.2023","1.254,840","1.254,840","1.254,840","1.254,840","0,08%"
"16.01.2023","1.253,870","1.253,870","1.253,870","1.253,870","0,01%"
"13.01.2023","1.253,800","1.253,800","1.253,800","1.253,800","-0,16%"
"12.01.2023","1.255,760","1.255,760","1.255,760","1.255,760","0,34%"
"11.01.2023","1.251,540","1.251,540","1.251,540","1.251,540","0,51%"
"10.01.2023","1.245,210","1.245,210","1.245,210","1.245,210","-0,32%"
"09.01.2023","1.249,250","1.249,250","1.249,250","1.249,250","0,02%"
"06.01.2023","1.249,020","1.249,020","1.249,020","1.249,020","0,67%"
"05.01.2023","1.240,720","1.240,720","1.240,720","1.240,720","-0,15%"
"04.01.2023","1.242,560","1.242,560","1.242,560","1.242,560","0,49%"
"03.01.2023","1.236,460","1.236,460","1.236,460","1.236,460","0,39%"
"02.01.2023","1.231,700","1.231,700","1.231,700","1.231,700","0,13%"
"30.12.2022","1.230,110","1.230,110","1.230,110","1.230,110","-0,28%"
"29.12.2022","1.233,520","1.233,520","1.233,520","1.233,520","0,18%"
"28.12.2022","1.231,360","1.231,360","1.231,360","1.231,360","-0,18%"
"27.12.2022","1.233,610","1.233,610","1.233,610","1.233,610","-0,51%"
"23.12.2022","1.239,970","1.239,970","1.239,970","1.239,970","-0,34%"
"22.12.2022","1.244,170","1.244,170","1.244,170","1.244,170","-0,04%"
"21.12.2022","1.244,710","1.244,710","1.244,710","1.244,710","0,06%"
"20.12.2022","1.243,960","1.243,960","1.243,960","1.243,960","-0,61%"
"19.12.2022","1.251,580","1.251,580","1.251,580","1.251,580","-0,45%"
"16.12.2022","1.257,250","1.257,250","1.257,250","1.257,250","-0,32%"
"15.12.2022","1.261,280","1.261,280","1.261,280","1.261,280","-0,24%"
"14.12.2022","1.264,350","1.264,350","1.264,350","1.264,350","0,02%"
"13.12.2022","1.264,160","1.264,160","1.264,160","1.264,160","0,30%"
"12.12.2022","1.260,430","1.260,430","1.260,430","1.260,430","-0,10%"
"09.12.2022","1.261,740","1.261,740","1.261,740","1.261,740","-0,48%"
"08.12.2022","1.267,780","1.267,780","1.267,780","1.267,780","-0,17%"
"07.12.2022","1.269,900","1.269,900","1.269,900","1.269,900","0,39%"
"06.12.2022","1.264,940","1.264,940","1.264,940","1.264,940","0,29%"
"05.12.2022","1.261,330","1.261,330","1.261,330","1.261,330","-0,31%"
"02.12.2022","1.265,190","1.265,190","1.265,190","1.265,190","0,11%"
"01.12.2022","1.263,850","1.263,850","1.263,850","1.263,850","0,62%"
"30.11.2022","1.256,090","1.256,090","1.256,090","1.256,090","0,22%"
"29.11.2022","1.253,380","1.253,380","1.253,380","1.253,380","-0,08%"
"28.11.2022","1.254,420","1.254,420","1.254,420","1.254,420","0,00%"
"25.11.2022","1.254,360","1.254,360","1.254,360","1.254,360","-0,30%"
"24.11.2022","1.258,130","1.258,130","1.258,130","1.258,130","0,12%"
"23.11.2022","1.256,650","1.256,650","1.256,650","1.256,650","0,43%"
"22.11.2022","1.251,260","1.251,260","1.251,260","1.251,260","0,18%"
"21.11.2022","1.249,060","1.249,060","1.249,060","1.249,060","0,06%"
"18.11.2022","1.248,330","1.248,330","1.248,330","1.248,330","-0,10%"
"17.11.2022","1.249,610","1.249,610","1.249,610","1.249,610","-0,23%"
"16.11.2022","1.252,450","1.252,450","1.252,450","1.252,450","0,52%"
"15.11.2022","1.245,930","1.245,930","1.245,930","1.245,930","0,45%"
"14.11.2022","1.240,390","1.240,390","1.240,390","1.240,390","-0,19%"
"11.11.2022","1.242,690","1.242,690","1.242,690","1.242,690","-0,26%"
"10.11.2022","1.245,890","1.245,890","1.245,890","1.245,890","1,23%"
"09.11.2022","1.230,760","1.230,760","1.230,760","1.230,760","0,40%"
"08.11.2022","1.225,830","1.225,830","1.225,830","1.225,830","0,32%"
"07.11.2022","1.221,940","1.221,940","1.221,940","1.221,940","-0,24%"
"04.11.2022","1.224,840","1.224,840","1.224,840","1.224,840","-0,22%"
"03.11.2022","1.227,480","1.227,480","1.227,480","1.227,480","-0,40%"
"02.11.2022","1.232,430","1.232,430","1.232,430","1.232,430","-0,11%"
"01.11.2022","1.233,820","1.233,820","1.233,820","1.233,820","0,08%"
"31.10.2022","1.232,890","1.232,890","1.232,890","1.232,890","-0,31%"
"28.10.2022","1.236,680","1.236,680","1.236,680","1.236,680","-0,26%"
"27.10.2022","1.239,940","1.239,940","1.239,940","1.239,940","0,61%"
"26.10.2022","1.232,390","1.232,390","1.232,390","1.232,390","0,34%"
"25.10.2022","1.228,190","1.228,190","1.228,190","1.228,190","0,78%"
"24.10.2022","1.218,640","1.218,640","1.218,640","1.218,640","0,25%"
"21.10.2022","1.215,630","1.215,630","1.215,630","1.215,630","-0,28%"
"20.10.2022","1.219,050","1.219,050","1.219,050","1.219,050","-0,34%"
"19.10.2022","1.223,230","1.223,230","1.223,230","1.223,230","-0,38%"
"18.10.2022","1.227,880","1.227,880","1.227,880","1.227,880","0,13%"
"17.10.2022","1.226,250","1.226,250","1.226,250","1.226,250","0,21%"
"14.10.2022","1.223,710","1.223,710","1.223,710","1.223,710","-0,19%"
"13.10.2022","1.226,060","1.226,060","1.226,060","1.226,060","-0,13%"
"12.10.2022","1.227,620","1.227,620","1.227,620","1.227,620","-0,03%"
"11.10.2022","1.228,040","1.228,040","1.228,040","1.228,040","-0,20%"
"10.10.2022","1.230,490","1.230,490","1.230,490","1.230,490","-0,30%"
"07.10.2022","1.234,190","1.234,190","1.234,190","1.234,190","-0,44%"
"06.10.2022","1.239,690","1.239,690","1.239,690","1.239,690","-0,36%"
"05.10.2022","1.244,130","1.244,130","1.244,130","1.244,130","0,31%"
"30.09.2022","1.240,240","1.240,240","1.240,240","1.240,240","-0,02%"
"29.09.2022","1.240,520","1.240,520","1.240,520","1.240,520","-0,17%"
"28.09.2022","1.242,610","1.242,610","1.242,610","1.242,610","1,13%"
"27.09.2022","1.228,680","1.228,680","1.228,680","1.228,680","-0,75%"
"26.09.2022","1.237,990","1.237,990","1.237,990","1.237,990","-0,85%"
"23.09.2022","1.248,550","1.248,550","1.248,550","1.248,550","-0,27%"
"22.09.2022","1.251,910","1.251,910","1.251,910","1.251,910","-0,63%"
"21.09.2022","1.259,840","1.259,840","1.259,840","1.259,840","0,14%"
"20.09.2022","1.258,090","1.258,090","1.258,090","1.258,090","-0,44%"
"19.09.2022","1.263,700","1.263,700","1.263,700","1.263,700","-0,05%"
"16.09.2022","1.264,360","1.264,360","1.264,360","1.264,360","-0,12%"
"15.09.2022","1.265,910","1.265,910","1.265,910","1.265,910","-0,28%"
"14.09.2022","1.269,510","1.269,510","1.269,510","1.269,510","0,07%"
"13.09.2022","1.268,580","1.268,580","1.268,580","1.268,580","-0,19%"
"09.09.2022","1.271,030","1.271,030","1.271,030","1.271,030","-0,05%"
"08.09.2022","1.271,720","1.271,720","1.271,720","1.271,720","-0,42%"
"07.09.2022","1.277,140","1.277,140","1.277,140","1.277,140","0,28%"
"06.09.2022","1.273,600","1.273,600","1.273,600","1.273,600","-0,51%"
"05.09.2022","1.280,090","1.280,090","1.280,090","1.280,090","-0,03%"
"02.09.2022","1.280,450","1.280,450","1.280,450","1.280,450","0,30%"
"01.09.2022","1.276,630","1.276,630","1.276,630","1.276,630","-0,48%"
"31.08.2022","1.282,810","1.282,810","1.282,810","1.282,810","-0,32%"
"30.08.2022","1.286,940","1.286,940","1.286,940","1.286,940","-0,04%"
"29.08.2022","1.287,430","1.287,430","1.287,430","1.287,430","-0,43%"
"26.08.2022","1.293,050","1.293,050","1.293,050","1.293,050","-0,06%"
"25.08.2022","1.293,780","1.293,780","1.293,780","1.293,780","0,31%"
"24.08.2022","1.289,750","1.289,750","1.289,750","1.289,750","-0,24%"
"23.08.2022","1.292,880","1.292,880","1.292,880","1.292,880","-0,23%"
"22.08.2022","1.295,840","1.295,840","1.295,840","1.295,840","-0,38%"
"19.08.2022","1.300,780","1.300,780","1.300,780","1.300,780","-0,56%"
"18.08.2022","1.308,110","1.308,110","1.308,110","1.308,110","0,03%"
"17.08.2022","1.307,760","1.307,760","1.307,760","1.307,760","-0,46%"
"16.08.2022","1.313,780","1.313,780","1.313,780","1.313,780","-0,19%"
"15.08.2022","1.316,280","1.316,280","1.316,280","1.316,280","0,32%"
"12.08.2022","1.312,120","1.312,120","1.312,120","1.312,120","0,02%"
"11.08.2022","1.311,830","1.311,830","1.311,830","1.311,830","-0,57%"
"10.08.2022","1.319,310","1.319,310","1.319,310","1.319,310","0,06%"
"09.08.2022","1.318,570","1.318,570","1.318,570","1.318,570","-0,18%"
"08.08.2022","1.320,980","1.320,980","1.320,980","1.320,980","0,32%"
"05.08.2022","1.316,710","1.316,710","1.316,710","1.316,710","-0,78%"
"04.08.2022","1.327,080","1.327,080","1.327,080","1.327,080","0,27%"
"03.08.2022","1.323,520","1.323,520","1.323,520","1.323,520","0,01%"
"02.08.2022","1.323,430","1.323,430","1.323,430","1.323,430","-0,44%"
"01.08.2022","1.329,320","1.329,320","1.329,320","1.329,320","0,38%"
"29.07.2022","1.324,270","1.324,270","1.324,270","1.324,270","0,11%"
"28.07.2022","1.322,830","1.322,830","1.322,830","1.322,830","0,58%"
"27.07.2022","1.315,240","1.315,240","1.315,240","1.315,240","-0,03%"
"26.07.2022","1.315,580","1.315,580","1.315,580","1.315,580","0,19%"
"25.07.2022","1.313,120","1.313,120","1.313,120","1.313,120","-0,14%"
"22.07.2022","1.314,910","1.314,910","1.314,910","1.314,910","0,76%"
"21.07.2022","1.305,000","1.305,000","1.305,000","1.305,000","0,52%"
"20.07.2022","1.298,260","1.298,260","1.298,260","1.298,260","-0,01%"
"19.07.2022","1.298,400","1.298,400","1.298,400","1.298,400","-0,26%"
"18.07.2022","1.301,750","1.301,750","1.301,750","1.301,750","-0,34%"
"15.07.2022","1.306,210","1.306,210","1.306,210","1.306,210","0,23%"
"14.07.2022","1.303,160","1.303,160","1.303,160","1.303,160","-0,29%"
"13.07.2022","1.307,010","1.307,010","1.307,010","1.307,010","0,17%"
"12.07.2022","1.304,770","1.304,770","1.304,770","1.304,770","0,27%"
"11.07.2022","1.301,270","1.301,270","1.301,270","1.301,270","0,41%"
"08.07.2022","1.295,910","1.295,910","1.295,910","1.295,910","-0,35%"
"07.07.2022","1.300,440","1.300,440","1.300,440","1.300,440","-0,39%"
"06.07.2022","1.305,570","1.305,570","1.305,570","1.305,570","-0,24%"
"05.07.2022","1.308,730","1.308,730","1.308,730","1.308,730","0,42%"
"04.07.2022","1.303,250","1.303,250","1.303,250","1.303,250","-0,33%"
"01.07.2022","1.307,560","1.307,560","1.307,560","1.307,560","0,77%"
"30.06.2022","1.297,580","1.297,580","1.297,580","1.297,580","0,43%"
"29.06.2022","1.292,080","1.292,080","1.292,080","1.292,080","0,56%"
"28.06.2022","1.284,940","1.284,940","1.284,940","1.284,940","-0,15%"
"27.06.2022","1.286,920","1.286,920","1.286,920","1.286,920","-0,42%"
"24.06.2022","1.292,370","1.292,370","1.292,370","1.292,370","-0,15%"
"23.06.2022","1.294,280","1.294,280","1.294,280","1.294,280","0,55%"
"22.06.2022","1.287,140","1.287,140","1.287,140","1.287,140","0,86%"
"21.06.2022","1.276,200","1.276,200","1.276,200","1.276,200","-0,34%"
"20.06.2022","1.280,600","1.280,600","1.280,600","1.280,600","-0,19%"
"17.06.2022","1.283,010","1.283,010","1.283,010","1.283,010","0,09%"
"16.06.2022","1.281,880","1.281,880","1.281,880","1.281,880","0,19%"
"15.06.2022","1.279,450","1.279,450","1.279,450","1.279,450","0,67%"
"14.06.2022","1.270,990","1.270,990","1.270,990","1.270,990","-0,52%"
"13.06.2022","1.277,660","1.277,660","1.277,660","1.277,660","-1,10%"
"10.06.2022","1.291,840","1.291,840","1.291,840","1.291,840","-0,54%"
"09.06.2022","1.298,860","1.298,860","1.298,860","1.298,860","-0,26%"
"08.06.2022","1.302,240","1.302,240","1.302,240","1.302,240","-0,27%"
"07.06.2022","1.305,720","1.305,720","1.305,720","1.305,720","0,25%"
"06.06.2022","1.302,410","1.302,410","1.302,410","1.302,410","-0,44%"
"03.06.2022","1.308,210","1.308,210","1.308,210","1.308,210","-0,16%"
"02.06.2022","1.310,280","1.310,280","1.310,280","1.310,280","-0,15%"
"01.06.2022","1.312,310","1.312,310","1.312,310","1.312,310","-0,25%"
"31.05.2022","1.315,650","1.315,650","1.315,650","1.315,650","-0,58%"
"30.05.2022","1.323,290","1.323,290","1.323,290","1.323,290","-0,20%"
"27.05.2022","1.325,910","1.325,910","1.325,910","1.325,910","0,13%"
"26.05.2022","1.324,200","1.324,200","1.324,200","1.324,200","-0,17%"
"25.05.2022","1.326,490","1.326,490","1.326,490","1.326,490","0,07%"
"24.05.2022","1.325,600","1.325,600","1.325,600","1.325,600","0,46%"
"23.05.2022","1.319,530","1.319,530","1.319,530","1.319,530","-0,34%"
"20.05.2022","1.323,990","1.323,990","1.323,990","1.323,990","0,12%"
"19.05.2022","1.322,380","1.322,380","1.322,380","1.322,380","0,14%"
"18.05.2022","1.320,490","1.320,490","1.320,490","1.320,490","0,38%"
"17.05.2022","1.315,550","1.315,550","1.315,550","1.315,550","-0,56%"
"16.05.2022","1.323,020","1.323,020","1.323,020","1.323,020","0,11%"
"13.05.2022","1.321,510","1.321,510","1.321,510","1.321,510","-0,36%"
"12.05.2022","1.326,280","1.326,280","1.326,280","1.326,280","0,41%"
"11.05.2022","1.320,860","1.320,860","1.320,860","1.320,860","0,27%"
"10.05.2022","1.317,360","1.317,360","1.317,360","1.317,360","0,33%"
"09.05.2022","1.313,080","1.313,080","1.313,080","1.313,080","0,34%"
"06.05.2022","1.308,570","1.308,570","1.308,570","1.308,570","-0,48%"
"05.05.2022","1.314,900","1.314,900","1.314,900","1.314,900","-0,44%"
"04.05.2022","1.320,770","1.320,770","1.320,770","1.320,770","0,04%"
"03.05.2022","1.320,230","1.320,230","1.320,230","1.320,230","0,03%"
"02.05.2022","1.319,820","1.319,820","1.319,820","1.319,820","-0,29%"
"29.04.2022","1.323,600","1.323,600","1.323,600","1.323,600","-0,38%"
"28.04.2022","1.328,590","1.328,590","1.328,590","1.328,590","-0,22%"
"27.04.2022","1.331,480","1.331,480","1.331,480","1.331,480","-0,30%"
"26.04.2022","1.335,530","1.335,530","1.335,530","1.335,530","0,36%"
"25.04.2022","1.330,770","1.330,770","1.330,770","1.330,770","0,39%"
"22.04.2022","1.325,640","1.325,640","1.325,640","1.325,640","-0,06%"
"21.04.2022","1.326,400","1.326,400","1.326,400","1.326,400","-0,35%"
"20.04.2022","1.331,070","1.331,070","1.331,070","1.331,070","0,40%"
"19.04.2022","1.325,790","1.325,790","1.325,790","1.325,790","-0,55%"
"14.04.2022","1.333,070","1.333,070","1.333,070","1.333,070","-0,53%"
"13.04.2022","1.340,140","1.340,140","1.340,140","1.340,140","0,11%"
"12.04.2022","1.338,640","1.338,640","1.338,640","1.338,640","0,21%"
"11.04.2022","1.335,790","1.335,790","1.335,790","1.335,790","-0,45%"
"08.04.2022","1.341,810","1.341,810","1.341,810","1.341,810","-0,20%"
"07.04.2022","1.344,480","1.344,480","1.344,480","1.344,480","-0,13%"
"06.04.2022","1.346,280","1.346,280","1.346,280","1.346,280","-0,31%"
"05.04.2022","1.350,410","1.350,410","1.350,410","1.350,410","-0,72%"
"04.04.2022","1.360,190","1.360,190","1.360,190","1.360,190","0,03%"
"01.04.2022","1.359,780","1.359,780","1.359,780","1.359,780","-0,22%"
"31.03.2022","1.362,750","1.362,750","1.362,750","1.362,750","0,31%"
"30.03.2022","1.358,570","1.358,570","1.358,570","1.358,570","0,17%"
"29.03.2022","1.356,250","1.356,250","1.356,250","1.356,250","0,02%"
"28.03.2022","1.355,940","1.355,940","1.355,940","1.355,940","0,08%"
"25.03.2022","1.354,800","1.354,800","1.354,800","1.354,800","-0,49%"
"24.03.2022","1.361,450","1.361,450","1.361,450","1.361,450","-0,16%"
"23.03.2022","1.363,690","1.363,690","1.363,690","1.363,690","-0,11%"
"21.03.2022","1.365,240","1.365,240","1.365,240","1.365,240","-0,65%"
"18.03.2022","1.374,240","1.374,240","1.374,240","1.374,240","0,24%"
"17.03.2022","1.370,940","1.370,940","1.370,940","1.370,940","-0,08%"
"16.03.2022","1.372,080","1.372,080","1.372,080","1.372,080","-0,11%"
"15.03.2022","1.373,550","1.373,550","1.373,550","1.373,550","0,02%"
"14.03.2022","1.373,220","1.373,220","1.373,220","1.373,220","-0,66%"
"11.03.2022","1.382,400","1.382,400","1.382,400","1.382,400","0,02%"
"10.03.2022","1.382,130","1.382,130","1.382,130","1.382,130","-0,44%"
"09.03.2022","1.388,180","1.388,180","1.388,180","1.388,180","-0,48%"
"08.03.2022","1.394,860","1.394,860","1.394,860","1.394,860","-0,53%"
"07.03.2022","1.402,330","1.402,330","1.402,330","1.402,330","-0,27%"
"04.03.2022","1.406,140","1.406,140","1.406,140","1.406,140","0,63%"
"03.03.2022","1.397,340","1.397,340","1.397,340","1.397,340","-0,02%"
"02.03.2022","1.397,580","1.397,580","1.397,580","1.397,580","-0,69%"
"01.03.2022","1.407,260","1.407,260","1.407,260","1.407,260","0,87%"
"28.02.2022","1.395,100","1.395,100","1.395,100","1.395,100","0,55%"
"25.02.2022","1.387,430","1.387,430","1.387,430","1.387,430","-0,12%"
"24.02.2022","1.389,050","1.389,050","1.389,050","1.389,050","0,17%"
"23.02.2022","1.386,730","1.386,730","1.386,730","1.386,730","-0,17%"
"22.02.2022","1.389,140","1.389,140","1.389,140","1.389,140","-0,06%"
"21.02.2022","1.390,040","1.390,040","1.390,040","1.390,040","-0,01%"
"18.02.2022","1.390,150","1.390,150","1.390,150","1.390,150","0,22%"
"17.02.2022","1.387,120","1.387,120","1.387,120","1.387,120","0,23%"
"16.02.2022","1.384,000","1.384,000","1.384,000","1.384,000","0,21%"
"15.02.2022","1.381,100","1.381,100","1.381,100","1.381,100","-0,24%"
"14.02.2022","1.384,420","1.384,420","1.384,420","1.384,420","-0,27%"
"11.02.2022","1.388,220","1.388,220","1.388,220","1.388,220","0,26%"
"10.02.2022","1.384,620","1.384,620","1.384,620","1.384,620","-0,59%"
"09.02.2022","1.392,840","1.392,840","1.392,840","1.392,840","0,16%"
"08.02.2022","1.390,580","1.390,580","1.390,580","1.390,580","-0,30%"
"07.02.2022","1.394,770","1.394,770","1.394,770","1.394,770","-0,15%"
"04.02.2022","1.396,930","1.396,930","1.396,930","1.396,930","-0,45%"
"03.02.2022","1.403,200","1.403,200","1.403,200","1.403,200","-0,48%"
"02.02.2022","1.410,010","1.410,010","1.410,010","1.410,010","0,14%"
"01.02.2022","1.408,070","1.408,070","1.408,070","1.408,070","-0,13%"
"31.01.2022","1.409,970","1.409,970","1.409,970","1.409,970","-0,19%"
"28.01.2022","1.412,650","1.412,650","1.412,650","1.412,650","0,05%"
"27.01.2022","1.411,910","1.411,910","1.411,910","1.411,910","0,05%"
"26.01.2022","1.411,200","1.411,200","1.411,200","1.411,200","-0,30%"
"25.01.2022","1.415,450","1.415,450","1.415,450","1.415,450","-0,12%"
"21.01.2022","1.417,080","1.417,080","1.417,080","1.417,080","0,34%"
"20.01.2022","1.412,270","1.412,270","1.412,270","1.412,270","0,08%"
"19.01.2022","1.411,170","1.411,170","1.411,170","1.411,170","0,07%"
"18.01.2022","1.410,210","1.410,210","1.410,210","1.410,210","-0,33%"
"17.01.2022","1.414,870","1.414,870","1.414,870","1.414,870","-0,08%"
"14.01.2022","1.416,000","1.416,000","1.416,000","1.416,000","-0,36%"
"13.01.2022","1.421,060","1.421,060","1.421,060","1.421,060","0,13%"
"12.01.2022","1.419,170","1.419,170","1.419,170","1.419,170","0,15%"
"11.01.2022","1.417,000","1.417,000","1.417,000","1.417,000","0,09%"
"10.01.2022","1.415,740","1.415,740","1.415,740","1.415,740","-0,06%"
"07.01.2022","1.416,570","1.416,570","1.416,570","1.416,570","-0,16%"
"06.01.2022","1.418,770","1.418,770","1.418,770","1.418,770","-0,23%"
"05.01.2022","1.422,020","1.422,020","1.422,020","1.422,020","-0,09%"
"04.01.2022","1.423,360","1.423,360","1.423,360","1.423,360","-0,26%"
"03.01.2022","1.427,010","1.427,010","1.427,010","1.427,010","-0,39%"
"31.12.2021","1.432,620","1.432,620","1.432,620","1.432,620","0,07%"
"30.12.2021","1.431,590","1.431,590","1.431,590","1.431,590","0,03%"
"29.12.2021","1.431,150","1.431,150","1.431,150","1.431,150","-0,30%"
"28.12.2021","1.435,420","1.435,420","1.435,420","1.435,420","-0,01%"
"27.12.2021","1.435,580","1.435,580","1.435,580","1.435,580","0,01%"
"24.12.2021","1.435,410","1.435,410","1.435,410","1.435,410","0,02%"
"23.12.2021","1.435,110","1.435,110","1.435,110","1.435,110","-0,29%"
"22.12.2021","1.439,240","1.439,240","1.439,240","1.439,240","0,04%"
"21.12.2021","1.438,690","1.438,690","1.438,690","1.438,690","-0,42%"
"20.12.2021","1.444,830","1.444,830","1.444,830","1.444,830","-0,08%"
"17.12.2021","1.445,940","1.445,940","1.445,940","1.445,940","0,08%"
"16.12.2021","1.444,830","1.444,830","1.444,830","1.444,830","0,02%"
"15.12.2021","1.444,510","1.444,510","1.444,510","1.444,510","-0,13%"
"14.12.2021","1.446,390","1.446,390","1.446,390","1.446,390","-0,09%"
"13.12.2021","1.447,640","1.447,640","1.447,640","1.447,640","0,27%"
"10.12.2021","1.443,680","1.443,680","1.443,680","1.443,680","0,02%"
"09.12.2021","1.443,430","1.443,430","1.443,430","1.443,430","0,14%"
"08.12.2021","1.441,370","1.441,370","1.441,370","1.441,370","-0,35%"
"07.12.2021","1.446,430","1.446,430","1.446,430","1.446,430","-0,15%"
"06.12.2021","1.448,630","1.448,630","1.448,630","1.448,630","-0,19%"
"03.12.2021","1.451,350","1.451,350","1.451,350","1.451,350","0,34%"
"02.12.2021","1.446,470","1.446,470","1.446,470","1.446,470","0,05%"
"01.12.2021","1.445,680","1.445,680","1.445,680","1.445,680","-0,09%"
"30.11.2021","1.447,010","1.447,010","1.447,010","1.447,010","0,40%"
"29.11.2021","1.441,310","1.441,310","1.441,310","1.441,310","-0,18%"
"26.11.2021","1.443,850","1.443,850","1.443,850","1.443,850","0,83%"
"25.11.2021","1.431,940","1.431,940","1.431,940","1.431,940","0,08%"
"24.11.2021","1.430,750","1.430,750","1.430,750","1.430,750","-0,01%"
"23.11.2021","1.430,900","1.430,900","1.430,900","1.430,900","-0,28%"
"22.11.2021","1.434,960","1.434,960","1.434,960","1.434,960","-0,41%"
"19.11.2021","1.440,880","1.440,880","1.440,880","1.440,880","0,31%"
"18.11.2021","1.436,370","1.436,370","1.436,370","1.436,370","0,20%"
"17.11.2021","1.433,440","1.433,440","1.433,440","1.433,440","0,02%"
"16.11.2021","1.433,100","1.433,100","1.433,100","1.433,100","-0,05%"
"15.11.2021","1.433,840","1.433,840","1.433,840","1.433,840","-0,19%"
"12.11.2021","1.436,560","1.436,560","1.436,560","1.436,560","-0,08%"
"11.11.2021","1.437,750","1.437,750","1.437,750","1.437,750","-0,08%"
"10.11.2021","1.438,870","1.438,870","1.438,870","1.438,870","-0,57%"
"09.11.2021","1.447,050","1.447,050","1.447,050","1.447,050","0,33%"
"08.11.2021","1.442,320","1.442,320","1.442,320","1.442,320","-0,14%"
"05.11.2021","1.444,300","1.444,300","1.444,300","1.444,300","0,47%"
"04.11.2021","1.437,530","1.437,530","1.437,530","1.437,530","0,32%"
"03.11.2021","1.433,000","1.433,000","1.433,000","1.433,000","-0,10%"
"02.11.2021","1.434,390","1.434,390","1.434,390","1.434,390","0,29%"
"01.11.2021","1.430,230","1.430,230","1.430,230","1.430,230","-0,11%"
"29.10.2021","1.431,740","1.431,740","1.431,740","1.431,740","-0,20%"
"28.10.2021","1.434,650","1.434,650","1.434,650","1.434,650","-0,10%"
"27.10.2021","1.436,150","1.436,150","1.436,150","1.436,150","0,51%"
"26.10.2021","1.428,900","1.428,900","1.428,900","1.428,900","0,05%"
"25.10.2021","1.428,140","1.428,140","1.428,140","1.428,140","0,11%"
"22.10.2021","1.426,510","1.426,510","1.426,510","1.426,510","0,12%"
"21.10.2021","1.424,800","1.424,800","1.424,800","1.424,800","-0,18%"
"20.10.2021","1.427,380","1.427,380","1.427,380","1.427,380","-0,04%"
"19.10.2021","1.427,980","1.427,980","1.427,980","1.427,980","-0,22%"
"18.10.2021","1.431,070","1.431,070","1.431,070","1.431,070","-0,06%"
"15.10.2021","1.431,960","1.431,960","1.431,960","1.431,960","-0,23%"
"14.10.2021","1.435,190","1.435,190","1.435,190","1.435,190","0,19%"
"13.10.2021","1.432,450","1.432,450","1.432,450","1.432,450","0,31%"
"12.10.2021","1.428,070","1.428,070","1.428,070","1.428,070","0,11%"
"11.10.2021","1.426,480","1.426,480","1.426,480","1.426,480","-0,08%"
"08.10.2021","1.427,580","1.427,580","1.427,580","1.427,580","-0,25%"
"07.10.2021","1.431,190","1.431,190","1.431,190","1.431,190","-0,12%"
"06.10.2021","1.432,910","1.432,910","1.432,910","1.432,910","0,01%"
"05.10.2021","1.432,830","1.432,830","1.432,830","1.432,830","-0,28%"
"04.10.2021","1.436,860","1.436,860","1.436,860","1.436,860","-0,04%"
"01.10.2021","1.437,480","1.437,480","1.437,480","1.437,480","0,26%"
"30.09.2021","1.433,740","1.433,740","1.433,740","1.433,740","-0,09%"
"29.09.2021","1.435,020","1.435,020","1.435,020","1.435,020","0,03%"
"28.09.2021","1.434,600","1.434,600","1.434,600","1.434,600","-0,30%"
"27.09.2021","1.438,850","1.438,850","1.438,850","1.438,850","-0,08%"
"24.09.2021","1.440,020","1.440,020","1.440,020","1.440,020","-0,38%"
"23.09.2021","1.445,450","1.445,450","1.445,450","1.445,450","-0,37%"
"22.09.2021","1.450,870","1.450,870","1.450,870","1.450,870","-0,02%"
"21.09.2021","1.451,090","1.451,090","1.451,090","1.451,090","0,03%"
"20.09.2021","1.450,620","1.450,620","1.450,620","1.450,620","0,25%"
"17.09.2021","1.446,990","1.446,990","1.446,990","1.446,990","-0,20%"
"16.09.2021","1.449,880","1.449,880","1.449,880","1.449,880","-0,12%"
"15.09.2021","1.451,590","1.451,590","1.451,590","1.451,590","-0,12%"
"14.09.2021","1.453,360","1.453,360","1.453,360","1.453,360","0,19%"
"13.09.2021","1.450,640","1.450,640","1.450,640","1.450,640","0,06%"
"10.09.2021","1.449,780","1.449,780","1.449,780","1.449,780","-0,16%"
"09.09.2021","1.452,100","1.452,100","1.452,100","1.452,100","0,24%"
"08.09.2021","1.448,670","1.448,670","1.448,670","1.448,670","0,08%"
"07.09.2021","1.447,530","1.447,530","1.447,530","1.447,530","-0,25%"
"06.09.2021","1.451,140","1.451,140","1.451,140","1.451,140","0,01%"
"03.09.2021","1.451,010","1.451,010","1.451,010","1.451,010","-0,16%"
"02.09.2021","1.453,290","1.453,290","1.453,290","1.453,290","0,10%"
"01.09.2021","1.451,780","1.451,780","1.451,780","1.451,780","-0,02%"
"31.08.2021","1.452,020","1.452,020","1.452,020","1.452,020","-0,22%"
"30.08.2021","1.455,230","1.455,230","1.455,230","1.455,230","0,12%"
"27.08.2021","1.453,530","1.453,530","1.453,530","1.453,530","0,09%"
"26.08.2021","1.452,170","1.452,170","1.452,170","1.452,170","0,02%"
"25.08.2021","1.451,920","1.451,920","1.451,920","1.451,920","-0,34%"
"24.08.2021","1.456,810","1.456,810","1.456,810","1.456,810","-0,11%"
"23.08.2021","1.458,400","1.458,400","1.458,400","1.458,400","-0,06%"
"20.08.2021","1.459,240","1.459,240","1.459,240","1.459,240","0,03%"
"19.08.2021","1.458,800","1.458,800","1.458,800","1.458,800","0,09%"
"18.08.2021","1.457,420","1.457,420","1.457,420","1.457,420","-0,01%"
"17.08.2021","1.457,520","1.457,520","1.457,520","1.457,520","0,00%"
"16.08.2021","1.457,470","1.457,470","1.457,470","1.457,470","0,12%"
"13.08.2021","1.455,740","1.455,740","1.455,740","1.455,740","0,22%"
"12.08.2021","1.452,580","1.452,580","1.452,580","1.452,580","-0,02%"
"11.08.2021","1.452,940","1.452,940","1.452,940","1.452,940","-0,08%"
"10.08.2021","1.454,120","1.454,120","1.454,120","1.454,120","-0,05%"
"09.08.2021","1.454,820","1.454,820","1.454,820","1.454,820","-0,03%"
"06.08.2021","1.455,210","1.455,210","1.455,210","1.455,210","-0,39%"
"05.08.2021","1.460,910","1.460,910","1.460,910","1.460,910","0,00%"
"04.08.2021","1.460,900","1.460,900","1.460,900","1.460,900","-0,01%"
"03.08.2021","1.461,030","1.461,030","1.461,030","1.461,030","0,05%"
"02.08.2021","1.460,300","1.460,300","1.460,300","1.460,300","0,24%"
"30.07.2021","1.456,820","1.456,820","1.456,820","1.456,820","0,07%"
"29.07.2021","1.455,780","1.455,780","1.455,780","1.455,780","0,02%"
"28.07.2021","1.455,420","1.455,420","1.455,420","1.455,420","-0,08%"
"27.07.2021","1.456,650","1.456,650","1.456,650","1.456,650","0,12%"
"26.07.2021","1.454,950","1.454,950","1.454,950","1.454,950","0,03%"
"23.07.2021","1.454,480","1.454,480","1.454,480","1.454,480","-0,04%"
"22.07.2021","1.455,050","1.455,050","1.455,050","1.455,050","0,18%"
"21.07.2021","1.452,470","1.452,470","1.452,470","1.452,470","-0,33%"
"20.07.2021","1.457,240","1.457,240","1.457,240","1.457,240","0,00%"
"19.07.2021","1.457,240","1.457,240","1.457,240","1.457,240","0,46%"
"16.07.2021","1.450,520","1.450,520","1.450,520","1.450,520","0,05%"
"15.07.2021","1.449,750","1.449,750","1.449,750","1.449,750","0,17%"
"14.07.2021","1.447,220","1.447,220","1.447,220","1.447,220","0,18%"
"13.07.2021","1.444,550","1.444,550","1.444,550","1.444,550","-0,06%"
"12.07.2021","1.445,420","1.445,420","1.445,420","1.445,420","0,00%"
"09.07.2021","1.445,380","1.445,380","1.445,380","1.445,380","-0,30%"
"08.07.2021","1.449,740","1.449,740","1.449,740","1.449,740","0,10%"
"07.07.2021","1.448,350","1.448,350","1.448,350","1.448,350","0,27%"
"06.07.2021","1.444,490","1.444,490","1.444,490","1.444,490","0,62%"
"28.06.2021","1.435,610","1.435,610","1.435,610","1.435,610","0,29%"
"25.06.2021","1.431,510","1.431,510","1.431,510","1.431,510","-0,30%"
"24.06.2021","1.435,780","1.435,780","1.435,780","1.435,780","0,06%"
"23.06.2021","1.434,950","1.434,950","1.434,950","1.434,950","-0,03%"
"22.06.2021","1.435,330","1.435,330","1.435,330","1.435,330","-0,01%"
"21.06.2021","1.435,510","1.435,510","1.435,510","1.435,510","-0,17%"
"18.06.2021","1.438,010","1.438,010","1.438,010","1.438,010","0,17%"
"17.06.2021","1.435,510","1.435,510","1.435,510","1.435,510","0,12%"
"16.06.2021","1.433,810","1.433,810","1.433,810","1.433,810","-0,12%"
"15.06.2021","1.435,580","1.435,580","1.435,580","1.435,580","-0,07%"
"14.06.2021","1.436,580","1.436,580","1.436,580","1.436,580","-0,19%"
"11.06.2021","1.439,310","1.439,310","1.439,310","1.439,310","0,12%"
"10.06.2021","1.437,530","1.437,530","1.437,530","1.437,530","0,04%"
"09.06.2021","1.436,990","1.436,990","1.436,990","1.436,990","0,23%"
"08.06.2021","1.433,680","1.433,680","1.433,680","1.433,680","0,20%"
"07.06.2021","1.430,750","1.430,750","1.430,750","1.430,750","-0,05%"
"04.06.2021","1.431,530","1.431,530","1.431,530","1.431,530","0,21%"
"03.06.2021","1.428,480","1.428,480","1.428,480","1.428,480","-0,10%"
"02.06.2021","1.429,890","1.429,890","1.429,890","1.429,890","0,03%"
"01.06.2021","1.429,420","1.429,420","1.429,420","1.429,420","-0,06%"
"31.05.2021","1.430,280","1.430,280","1.430,280","1.430,280","-0,00%"
"28.05.2021","1.430,330","1.430,330","1.430,330","1.430,330","0,08%"
"27.05.2021","1.429,140","1.429,140","1.429,140","1.429,140","-0,20%"
"26.05.2021","1.432,040","1.432,040","1.432,040","1.432,040","0,14%"
"25.05.2021","1.430,010","1.430,010","1.430,010","1.430,010","0,21%"
"24.05.2021","1.426,970","1.426,970","1.426,970","1.426,970","0,14%"
"21.05.2021","1.425,030","1.425,030","1.425,030","1.425,030","0,06%"
"20.05.2021","1.424,190","1.424,190","1.424,190","1.424,190","0,15%"
"19.05.2021","1.422,070","1.422,070","1.422,070","1.422,070","-0,06%"
"18.05.2021","1.422,990","1.422,990","1.422,990","1.422,990","0,01%"
"17.05.2021","1.422,780","1.422,780","1.422,780","1.422,780","-0,06%"
"14.05.2021","1.423,700","1.423,700","1.423,700","1.423,700","0,13%"
"13.05.2021","1.421,890","1.421,890","1.421,890","1.421,890","-0,03%"
"12.05.2021","1.422,340","1.422,340","1.422,340","1.422,340","-0,29%"
"11.05.2021","1.426,480","1.426,480","1.426,480","1.426,480","-0,23%"
"10.05.2021","1.429,760","1.429,760","1.429,760","1.429,760","-0,09%"
"07.05.2021","1.431,110","1.431,110","1.431,110","1.431,110","-0,07%"
"06.05.2021","1.432,130","1.432,130","1.432,130","1.432,130","0,05%"
"05.05.2021","1.431,380","1.431,380","1.431,380","1.431,380","-0,04%"
"04.05.2021","1.431,950","1.431,950","1.431,950","1.431,950","0,14%"
"03.05.2021","1.429,890","1.429,890","1.429,890","1.429,890","0,08%"
"30.04.2021","1.428,770","1.428,770","1.428,770","1.428,770","0,04%"
"29.04.2021","1.428,200","1.428,200","1.428,200","1.428,200","-0,17%"
"28.04.2021","1.430,620","1.430,620","1.430,620","1.430,620","-0,05%"
"27.04.2021","1.431,280","1.431,280","1.431,280","1.431,280","-0,18%"
"26.04.2021","1.433,910","1.433,910","1.433,910","1.433,910","-0,03%"
"23.04.2021","1.434,270","1.434,270","1.434,270","1.434,270","-0,09%"
"22.04.2021","1.435,590","1.435,590","1.435,590","1.435,590","0,07%"
"21.04.2021","1.434,620","1.434,620","1.434,620","1.434,620","0,04%"
"20.04.2021","1.434,010","1.434,010","1.434,010","1.434,010","0,15%"
"19.04.2021","1.431,900","1.431,900","1.431,900","1.431,900","-0,10%"
"16.04.2021","1.433,350","1.433,350","1.433,350","1.433,350","-0,22%"
"15.04.2021","1.436,510","1.436,510","1.436,510","1.436,510","0,42%"
"14.04.2021","1.430,460","1.430,460","1.430,460","1.430,460","-0,09%"
"13.04.2021","1.431,690","1.431,690","1.431,690","1.431,690","0,12%"
"12.04.2021","1.430,040","1.430,040","1.430,040","1.430,040","-0,07%"
"09.04.2021","1.431,040","1.431,040","1.431,040","1.431,040","-0,17%"
"08.04.2021","1.433,410","1.433,410","1.433,410","1.433,410","0,11%"
"07.04.2021","1.431,790","1.431,790","1.431,790","1.431,790","0,03%"
"06.04.2021","1.431,340","1.431,340","1.431,340","1.431,340","0,03%"
"01.04.2021","1.430,850","1.430,850","1.430,850","1.430,850","0,26%"
"31.03.2021","1.427,160","1.427,160","1.427,160","1.427,160","-0,06%"
"30.03.2021","1.428,050","1.428,050","1.428,050","1.428,050","-0,14%"
"29.03.2021","1.430,060","1.430,060","1.430,060","1.430,060","-0,26%"
"26.03.2021","1.433,830","1.433,830","1.433,830","1.433,830","-0,17%"
"25.03.2021","1.436,290","1.436,290","1.436,290","1.436,290","0,00%"
"24.03.2021","1.436,280","1.436,280","1.436,280","1.436,280","0,17%"
"23.03.2021","1.433,900","1.433,900","1.433,900","1.433,900","0,23%"
"22.03.2021","1.430,550","1.430,550","1.430,550","1.430,550","0,29%"
"19.03.2021","1.426,380","1.426,380","1.426,380","1.426,380","0,09%"
"18.03.2021","1.425,110","1.425,110","1.425,110","1.425,110","-0,26%"
"17.03.2021","1.428,880","1.428,880","1.428,880","1.428,880","-0,21%"
"16.03.2021","1.431,920","1.431,920","1.431,920","1.431,920","-0,02%"
"15.03.2021","1.432,220","1.432,220","1.432,220","1.432,220","0,16%"
"12.03.2021","1.429,920","1.429,920","1.429,920","1.429,920","-0,50%"
"11.03.2021","1.437,090","1.437,090","1.437,090","1.437,090","0,06%"
"10.03.2021","1.436,280","1.436,280","1.436,280","1.436,280","0,10%"
"09.03.2021","1.434,870","1.434,870","1.434,870","1.434,870","0,19%"
"08.03.2021","1.432,190","1.432,190","1.432,190","1.432,190","-0,13%"
"05.03.2021","1.434,000","1.434,000","1.434,000","1.434,000","0,05%"
"04.03.2021","1.433,310","1.433,310","1.433,310","1.433,310","-0,16%"
"03.03.2021","1.435,650","1.435,650","1.435,650","1.435,650","-0,25%"
"02.03.2021","1.439,200","1.439,200","1.439,200","1.439,200","0,12%"
"01.03.2021","1.437,500","1.437,500","1.437,500","1.437,500","0,29%"
"26.02.2021","1.433,280","1.433,280","1.433,280","1.433,280","0,28%"
"25.02.2021","1.429,310","1.429,310","1.429,310","1.429,310","-0,49%"
"24.02.2021","1.436,410","1.436,410","1.436,410","1.436,410","-0,29%"
"23.02.2021","1.440,550","1.440,550","1.440,550","1.440,550","-0,15%"
"22.02.2021","1.442,680","1.442,680","1.442,680","1.442,680","-0,07%"
"19.02.2021","1.443,700","1.443,700","1.443,700","1.443,700","-0,27%"
"18.02.2021","1.447,640","1.447,640","1.447,640","1.447,640","-0,12%"
"17.02.2021","1.449,310","1.449,310","1.449,310","1.449,310","0,04%"
"16.02.2021","1.448,770","1.448,770","1.448,770","1.448,770","-0,35%"
"15.02.2021","1.453,930","1.453,930","1.453,930","1.453,930","-0,20%"
"12.02.2021","1.456,820","1.456,820","1.456,820","1.456,820","-0,25%"
"11.02.2021","1.460,460","1.460,460","1.460,460","1.460,460","0,02%"
"10.02.2021","1.460,230","1.460,230","1.460,230","1.460,230","0,02%"
"09.02.2021","1.459,960","1.461,270","1.461,270","1.459,960","0,02%"
"08.02.2021","1.459,670","1.459,670","1.459,670","1.459,670","0,01%"
"05.02.2021","1.459,490","1.459,490","1.459,490","1.459,490","-0,15%"
"04.02.2021","1.461,610","1.461,610","1.461,610","1.461,610","-0,11%"
"03.02.2021","1.463,190","1.463,190","1.463,190","1.463,190","-0,09%"
"02.02.2021","1.464,540","1.464,540","1.464,540","1.464,540","-0,18%"
"01.02.2021","1.467,190","1.467,190","1.467,190","1.467,190","0,07%"
"29.01.2021","1.466,230","1.466,230","1.466,230","1.466,230","-0,27%"
"28.01.2021","1.470,260","1.470,260","1.470,260","1.470,260","-0,08%"
"27.01.2021","1.471,390","1.471,390","1.471,390","1.471,390","0,03%"
"26.01.2021","1.470,910","1.470,910","1.470,910","1.470,910","0,02%"
"25.01.2021","1.470,570","1.470,570","1.470,570","1.470,570","0,27%"
"22.01.2021","1.466,600","1.466,600","1.466,600","1.466,600","0,03%"
"21.01.2021","1.466,090","1.466,090","1.466,090","1.466,090","-0,19%"
"20.01.2021","1.468,810","1.468,810","1.468,810","1.468,810","-0,01%"
"19.01.2021","1.469,000","1.469,000","1.469,000","1.469,000","0,07%"
"18.01.2021","1.468,010","1.468,010","1.468,010","1.468,010","-0,10%"
"15.01.2021","1.469,530","1.469,530","1.469,530","1.469,530","0,09%"
"14.01.2021","1.468,270","1.468,270","1.468,270","1.468,270","-0,12%"
"13.01.2021","1.469,990","1.469,990","1.469,990","1.469,990","0,37%"
"12.01.2021","1.464,550","1.464,550","1.464,550","1.464,550","-0,20%"
"11.01.2021","1.467,420","1.467,420","1.467,420","1.467,420","-0,17%"
"08.01.2021","1.469,890","1.469,890","1.469,890","1.469,890","-0,04%"
"07.01.2021","1.470,500","1.470,500","1.470,500","1.470,500","-0,15%"
"06.01.2021","1.472,720","1.472,720","1.472,720","1.472,720","-0,40%"
"05.01.2021","1.478,610","1.478,610","1.478,610","1.478,610","-0,15%"
"04.01.2021","1.480,780","1.480,780","1.480,780","1.480,780","0,01%"
"31.12.2020","1.480,590","1.480,590","1.480,590","1.480,590","0,06%"
"30.12.2020","1.479,640","1.479,640","1.479,640","1.479,640","-0,01%"
"29.12.2020","1.479,720","1.479,720","1.479,720","1.479,720","0,09%"
"28.12.2020","1.478,440","1.478,440","1.478,440","1.478,440","-0,02%"
"24.12.2020","1.478,680","1.478,680","1.478,680","1.478,680","0,11%"
"23.12.2020","1.477,020","1.477,020","1.477,020","1.477,020","-0,27%"
"22.12.2020","1.480,960","1.480,960","1.480,960","1.480,960","0,09%"
"21.12.2020","1.479,650","1.479,650","1.479,650","1.479,650","0,07%"
"18.12.2020","1.478,670","1.478,670","1.478,670","1.478,670","-0,04%"
"17.12.2020","1.479,230","1.479,230","1.479,230","1.479,230","-0,01%"
"16.12.2020","1.479,320","1.479,320","1.479,320","1.479,320","-0,10%"
"15.12.2020","1.480,850","1.480,850","1.480,850","1.480,850","-0,13%"
"14.12.2020","1.482,770","1.482,770","1.482,770","1.482,770","-0,09%"
"11.12.2020","1.484,140","1.484,140","1.484,140","1.484,140","0,15%"
"10.12.2020","1.481,850","1.481,850","1.481,850","1.481,850","0,18%"
"09.12.2020","1.479,170","1.479,170","1.479,170","1.479,170","-0,06%"
"08.12.2020","1.480,130","1.480,130","1.480,130","1.480,130","0,19%"
"07.12.2020","1.477,350","1.477,350","1.477,350","1.477,350","0,28%"
"04.12.2020","1.473,280","1.473,280","1.473,280","1.473,280","-0,20%"
"03.12.2020","1.476,180","1.476,180","1.476,180","1.476,180","0,16%"
"02.12.2020","1.473,750","1.473,750","1.473,750","1.473,750","-0,00%"
"01.12.2020","1.473,800","1.473,800","1.473,800","1.473,800","-0,49%"
"30.11.2020","1.480,990","1.480,990","1.480,990","1.480,990","-0,03%"
"27.11.2020","1.481,430","1.481,430","1.481,430","1.481,430","0,11%"
"26.11.2020","1.479,810","1.479,810","1.479,810","1.479,810","0,07%"
"25.11.2020","1.478,750","1.478,750","1.478,750","1.478,750","-0,03%"
"24.11.2020","1.479,250","1.479,250","1.479,250","1.479,250","-0,09%"
"23.11.2020","1.480,530","1.480,530","1.480,530","1.480,530","-0,12%"
"20.11.2020","1.482,310","1.482,310","1.482,310","1.482,310","0,15%"
"19.11.2020","1.480,110","1.480,110","1.480,110","1.480,110","0,12%"
"18.11.2020","1.478,320","1.478,320","1.478,320","1.478,320","-0,00%"
"17.11.2020","1.478,370","1.478,370","1.478,370","1.478,370","0,15%"
"16.11.2020","1.476,100","1.476,100","1.476,100","1.476,100","-0,01%"
"13.11.2020","1.476,290","1.476,290","1.476,290","1.476,290","0,09%"
"12.11.2020","1.474,910","1.474,910","1.474,910","1.474,910","0,43%"
"11.11.2020","1.468,650","1.468,650","1.468,650","1.468,650","-0,00%"
"10.11.2020","1.468,710","1.468,710","1.468,710","1.468,710","-0,13%"
"09.11.2020","1.470,610","1.470,610","1.470,610","1.470,610","-0,72%"
"06.11.2020","1.481,250","1.481,250","1.481,250","1.481,250","-0,23%"
"05.11.2020","1.484,600","1.484,600","1.484,600","1.484,600","0,03%"
"04.11.2020","1.484,150","1.484,150","1.484,150","1.484,150","0,42%"
"03.11.2020","1.477,980","1.477,980","1.477,980","1.477,980","-0,11%"
"02.11.2020","1.479,560","1.479,560","1.479,560","1.479,560","0,08%"
"30.10.2020","1.478,320","1.478,320","1.478,320","1.478,320","-0,18%"
"29.10.2020","1.480,940","1.480,940","1.480,940","1.480,940","-0,07%"
"28.10.2020","1.481,910","1.481,910","1.481,910","1.481,910","0,20%"
"26.10.2020","1.478,940","1.478,940","1.478,940","1.478,940","0,18%"
"23.10.2020","1.476,300","1.476,300","1.476,300","1.476,300","0,08%"
"22.10.2020","1.475,190","1.475,190","1.475,190","1.475,190","-0,26%"
"21.10.2020","1.479,060","1.479,060","1.479,060","1.479,060","-0,17%"
"20.10.2020","1.481,560","1.481,560","1.481,560","1.481,560","-0,13%"
"19.10.2020","1.483,560","1.483,560","1.483,560","1.483,560","-0,14%"
"16.10.2020","1.485,570","1.485,570","1.485,570","1.485,570","0,04%"
"15.10.2020","1.484,910","1.484,910","1.484,910","1.484,910","0,06%"
"14.10.2020","1.484,060","1.484,060","1.484,060","1.484,060","0,08%"
"13.10.2020","1.482,850","1.482,850","1.482,850","1.482,850","0,21%"
"12.10.2020","1.479,760","1.479,760","1.479,760","1.479,760","0,07%"
"09.10.2020","1.478,780","1.478,780","1.478,780","1.478,780","0,02%"
"08.10.2020","1.478,460","1.478,460","1.478,460","1.478,460","0,17%"
"07.10.2020","1.475,960","1.475,960","1.475,960","1.475,960","-0,19%"
"06.10.2020","1.478,820","1.478,820","1.478,820","1.478,820","0,03%"
"05.10.2020","1.478,400","1.478,400","1.478,400","1.478,400","-0,30%"
"02.10.2020","1.482,800","1.482,800","1.482,800","1.482,800","-0,03%"
"01.10.2020","1.483,260","1.483,260","1.483,260","1.483,260","-0,02%"
"30.09.2020","1.483,530","1.483,530","1.483,530","1.483,530","-0,21%"
"29.09.2020","1.486,680","1.486,680","1.486,680","1.486,680","0,18%"
"28.09.2020","1.483,990","1.483,990","1.483,990","1.483,990","-0,04%"
"24.09.2020","1.484,630","1.484,630","1.484,630","1.484,630","0,04%"
"23.09.2020","1.484,060","1.484,060","1.484,060","1.484,060","-0,03%"
"22.09.2020","1.484,480","1.484,480","1.484,480","1.484,480","0,00%"
"21.09.2020","1.484,430","1.484,430","1.484,430","1.484,430","0,21%"
"18.09.2020","1.481,270","1.481,270","1.481,270","1.481,270","-0,11%"
"17.09.2020","1.482,860","1.482,860","1.482,860","1.482,860","0,07%"
"16.09.2020","1.481,790","1.481,790","1.481,790","1.481,790","-0,01%"
"15.09.2020","1.481,970","1.481,970","1.481,970","1.481,970","-0,03%"
"14.09.2020","1.482,430","1.482,430","1.482,430","1.482,430","0,28%"
"10.09.2020","1.478,270","1.478,270","1.478,270","1.478,270","0,06%"
"09.09.2020","1.477,420","1.477,420","1.477,420","1.477,420","-0,16%"
"08.09.2020","1.479,730","1.479,730","1.479,730","1.479,730","0,27%"
"07.09.2020","1.475,700","1.475,700","1.475,700","1.475,700","-0,08%"
"04.09.2020","1.476,930","1.476,930","1.476,930","1.476,930","-0,39%"
"03.09.2020","1.482,690","1.482,690","1.482,690","1.482,690","0,16%"
"02.09.2020","1.480,340","1.480,340","1.480,340","1.480,340","0,32%"
"01.09.2020","1.475,600","1.475,600","1.475,600","1.475,600","0,10%"
"31.08.2020","1.474,060","1.474,060","1.474,060","1.474,060","0,10%"
"28.08.2020","1.472,540","1.472,540","1.472,540","1.472,540","-0,31%"
"25.08.2020","1.477,060","1.477,060","1.477,060","1.477,060","-0,31%"
"20.08.2020","1.481,590","1.481,590","1.481,590","1.481,590","0,12%"
"19.08.2020","1.479,850","1.479,850","1.479,850","1.479,850","-0,06%"
"18.08.2020","1.480,720","1.480,720","1.480,720","1.480,720","0,09%"
"17.08.2020","1.479,440","1.479,440","1.479,440","1.479,440","0,18%"
"14.08.2020","1.476,720","1.476,720","1.476,720","1.476,720","-0,03%"
"13.08.2020","1.477,130","1.477,130","1.477,130","1.477,130","-0,25%"
"12.08.2020","1.480,810","1.480,810","1.480,810","1.480,810","-0,17%"
"11.08.2020","1.483,310","1.483,310","1.483,310","1.483,310","-0,44%"
"10.08.2020","1.489,880","1.489,880","1.489,880","1.489,880","-0,03%"
"07.08.2020","1.490,260","1.490,260","1.490,260","1.490,260","-0,14%"
"06.08.2020","1.492,340","1.492,340","1.492,340","1.492,340","0,12%"
"05.08.2020","1.490,480","1.490,480","1.490,480","1.490,480","-0,20%"
"04.08.2020","1.493,460","1.493,460","1.493,460","1.493,460","0,28%"
"03.08.2020","1.489,230","1.489,230","1.489,230","1.489,230","-0,14%"
"31.07.2020","1.491,370","1.491,370","1.491,370","1.491,370","-0,02%"
"30.07.2020","1.491,720","1.491,720","1.491,720","1.491,720","0,27%"
"29.07.2020","1.487,720","1.487,720","1.487,720","1.487,720","-0,07%"
"28.07.2020","1.488,780","1.488,780","1.488,780","1.488,780","0,11%"
"27.07.2020","1.487,160","1.487,160","1.487,160","1.487,160","0,07%"
"24.07.2020","1.486,130","1.486,130","1.486,130","1.486,130","-0,09%"
"23.07.2020","1.487,460","1.487,460","1.487,460","1.487,460","0,06%"
"22.07.2020","1.486,530","1.486,530","1.486,530","1.486,530","0,14%"
"21.07.2020","1.484,380","1.484,380","1.484,380","1.484,380","0,05%"
"20.07.2020","1.483,670","1.483,670","1.483,670","1.483,670","0,11%"
"17.07.2020","1.481,980","1.481,980","1.481,980","1.481,980","-0,09%"
"16.07.2020","1.483,330","1.483,330","1.483,330","1.483,330","0,16%"
"15.07.2020","1.480,980","1.480,980","1.480,980","1.480,980","-0,11%"
"14.07.2020","1.482,630","1.482,630","1.482,630","1.482,630","0,24%"
"13.07.2020","1.479,080","1.479,080","1.479,080","1.479,080","-0,25%"
"10.07.2020","1.482,760","1.482,760","1.482,760","1.482,760","-0,03%"
"09.07.2020","1.483,150","1.483,150","1.483,150","1.483,150","0,20%"
"08.07.2020","1.480,190","1.480,190","1.480,190","1.480,190","0,08%"
"07.07.2020","1.478,970","1.478,970","1.478,970","1.478,970","0,17%"
"06.07.2020","1.476,440","1.476,440","1.476,440","1.476,440","-0,01%"
"02.07.2020","1.476,660","1.476,660","1.476,660","1.476,660","0,19%"
"01.07.2020","1.473,840","1.473,840","1.473,840","1.473,840","-0,33%"
"30.06.2020","1.478,760","1.478,760","1.478,760","1.478,760","-0,10%"
"29.06.2020","1.480,240","1.480,240","1.480,240","1.480,240","-0,01%"
"26.06.2020","1.480,440","1.480,440","1.480,440","1.480,440","0,11%"
"25.06.2020","1.478,800","1.478,800","1.478,800","1.478,800","0,13%"
"24.06.2020","1.476,920","1.476,920","1.476,920","1.476,920","0,18%"
"23.06.2020","1.474,320","1.474,320","1.474,320","1.474,320","-0,11%"
"22.06.2020","1.475,990","1.475,990","1.475,990","1.475,990","0,16%"
"19.06.2020","1.473,650","1.473,650","1.473,650","1.473,650","-0,02%"
"18.06.2020","1.473,930","1.473,930","1.473,930","1.473,930","0,07%"
"17.06.2020","1.472,880","1.472,880","1.472,880","1.472,880","0,07%"
"16.06.2020","1.471,860","1.471,860","1.471,860","1.471,860","-0,18%"
"15.06.2020","1.474,490","1.474,490","1.474,490","1.474,490","0,04%"
"12.06.2020","1.473,890","1.473,890","1.473,890","1.473,890","-0,16%"
"11.06.2020","1.476,240","1.476,240","1.476,240","1.476,240","0,59%"
"10.06.2020","1.467,610","1.467,610","1.467,610","1.467,610","0,22%"
"09.06.2020","1.464,410","1.464,410","1.464,410","1.464,410","0,27%"
"08.06.2020","1.460,500","1.460,500","1.460,500","1.460,500","0,12%"
"05.06.2020","1.458,700","1.458,700","1.458,700","1.458,700","-0,36%"
"04.06.2020","1.463,980","1.463,980","1.463,980","1.463,980","-0,18%"
"03.06.2020","1.466,640","1.466,640","1.466,640","1.466,640","-0,42%"
"02.06.2020","1.472,840","1.472,840","1.472,840","1.472,840","-0,27%"
"29.05.2020","1.476,850","1.476,850","1.476,850","1.476,850","0,19%"
"28.05.2020","1.474,080","1.474,080","1.474,080","1.474,080","-0,05%"
"27.05.2020","1.474,850","1.474,850","1.474,850","1.474,850","0,18%"
"26.05.2020","1.472,210","1.472,210","1.472,210","1.472,210","-0,29%"
"22.05.2020","1.476,510","1.476,510","1.476,510","1.476,510","0,13%"
"20.05.2020","1.474,610","1.474,610","1.474,610","1.474,610","0,16%"
"19.05.2020","1.472,190","1.472,190","1.472,190","1.472,190","0,13%"
"18.05.2020","1.470,300","1.470,300","1.470,300","1.470,300","-0,37%"
"15.05.2020","1.475,730","1.475,730","1.475,730","1.475,730","-0,12%"
"14.05.2020","1.477,510","1.477,510","1.477,510","1.477,510","0,11%"
"13.05.2020","1.475,890","1.475,890","1.475,890","1.475,890","0,20%"
"12.05.2020","1.472,960","1.472,960","1.472,960","1.472,960","0,22%"
"11.05.2020","1.469,690","1.469,690","1.469,690","1.469,690","-0,41%"
"07.05.2020","1.475,710","1.475,710","1.475,710","1.475,710","0,33%"
"06.05.2020","1.470,820","1.470,820","1.470,820","1.470,820","-0,38%"
"05.05.2020","1.476,360","1.476,360","1.476,360","1.476,360","-0,11%"
"04.05.2020","1.477,940","1.477,940","1.477,940","1.477,940","-0,16%"
"30.04.2020","1.480,340","1.480,340","1.480,340","1.480,340","0,14%"
"28.04.2020","1.478,300","1.478,300","1.478,300","1.478,300","0,31%"
"27.04.2020","1.473,800","1.473,800","1.473,800","1.473,800","-0,27%"
"24.04.2020","1.477,730","1.477,730","1.477,730","1.477,730","0,19%"
"23.04.2020","1.474,990","1.474,990","1.474,990","1.474,990","0,21%"
"22.04.2020","1.471,850","1.471,850","1.471,850","1.471,850","-0,38%"
"21.04.2020","1.477,400","1.477,400","1.477,400","1.477,400","0,44%"
"20.04.2020","1.470,920","1.470,920","1.470,920","1.470,920","-0,16%"
"17.04.2020","1.473,290","1.473,290","1.473,290","1.473,290","-0,20%"
"16.04.2020","1.476,200","1.476,200","1.476,200","1.476,200","0,17%"
"15.04.2020","1.473,680","1.473,680","1.473,680","1.473,680","0,42%"
"14.04.2020","1.467,460","1.467,460","1.467,460","1.467,460","-0,20%"
"09.04.2020","1.470,410","1.470,410","1.470,410","1.470,410","0,36%"
"08.04.2020","1.465,140","1.465,140","1.465,140","1.465,140","0,04%"
"07.04.2020","1.464,540","1.464,540","1.464,540","1.464,540","-0,40%"
"06.04.2020","1.470,400","1.470,400","1.470,400","1.470,400","-0,60%"
"03.04.2020","1.479,300","1.479,300","1.479,300","1.479,300","0,40%"
"02.04.2020","1.473,440","1.473,440","1.473,440","1.473,440","0,03%"
"01.04.2020","1.472,940","1.472,940","1.472,940","1.472,940","-0,06%"
"31.03.2020","1.473,840","1.473,840","1.473,840","1.473,840","-0,12%"
"30.03.2020","1.475,610","1.475,610","1.475,610","1.475,610","0,22%"
"27.03.2020","1.472,330","1.472,330","1.472,330","1.472,330","0,01%"
"26.03.2020","1.472,240","1.472,240","1.472,240","1.472,240","0,85%"
"25.03.2020","1.459,790","1.459,790","1.459,790","1.459,790","0,00%"
"24.03.2020","1.459,740","1.459,740","1.459,740","1.459,740","-0,27%"
"23.03.2020","1.463,750","1.463,750","1.463,750","1.463,750","0,44%"
"20.03.2020","1.457,410","1.457,410","1.457,410","1.457,410","1,60%"
"19.03.2020","1.434,520","1.434,520","1.434,520","1.434,520","0,57%"
"18.03.2020","1.426,440","1.426,440","1.426,440","1.426,440","-1,58%"
"17.03.2020","1.449,270","1.449,270","1.449,270","1.449,270","-1,19%"
"16.03.2020","1.466,770","1.466,770","1.466,770","1.466,770","0,47%"
"13.03.2020","1.459,930","1.459,930","1.459,930","1.459,930","-1,10%"
"12.03.2020","1.476,160","1.476,160","1.476,160","1.476,160","-0,69%"
"11.03.2020","1.486,350","1.486,350","1.486,350","1.486,350","0,27%"
"10.03.2020","1.482,410","1.482,410","1.482,410","1.482,410","-1,35%"
"09.03.2020","1.502,670","1.502,670","1.502,670","1.502,670","0,79%"
"06.03.2020","1.490,880","1.490,880","1.490,880","1.490,880","1,10%"
"05.03.2020","1.474,610","1.474,610","1.474,610","1.474,610","0,12%"
"04.03.2020","1.472,820","1.472,820","1.472,820","1.472,820","0,13%"
"03.03.2020","1.470,930","1.470,930","1.470,930","1.470,930","0,20%"
"02.03.2020","1.468,030","1.468,030","1.468,030","1.468,030","0,10%"
"28.02.2020","1.466,500","1.466,500","1.466,500","1.466,500","0,67%"
"27.02.2020","1.456,680","1.456,680","1.456,680","1.456,680","0,05%"
"26.02.2020","1.455,910","1.455,910","1.455,910","1.455,910","-0,02%"
"25.02.2020","1.456,260","1.456,260","1.456,260","1.456,260","0,23%"
"24.02.2020","1.452,850","1.452,850","1.452,850","1.452,850","0,31%"
"21.02.2020","1.448,330","1.448,330","1.448,330","1.448,330","0,28%"
"20.02.2020","1.444,280","1.444,280","1.444,280","1.444,280","0,23%"
"19.02.2020","1.441,010","1.441,010","1.441,010","1.441,010","-0,02%"
"18.02.2020","1.441,310","1.441,310","1.441,310","1.441,310","0,14%"
"17.02.2020","1.439,250","1.439,250","1.439,250","1.439,250","0,02%"
"14.02.2020","1.438,900","1.438,900","1.438,900","1.438,900","0,09%"
"13.02.2020","1.437,570","1.437,570","1.437,570","1.437,570","0,03%"
"12.02.2020","1.437,090","1.437,090","1.437,090","1.437,090","-0,16%"
"11.02.2020","1.439,390","1.439,390","1.439,390","1.439,390","-0,16%"
"10.02.2020","1.441,740","1.441,740","1.441,740","1.441,740","0,19%"
"07.02.2020","1.439,030","1.439,030","1.439,030","1.439,030","0,32%"
"06.02.2020","1.434,490","1.434,490","1.434,490","1.434,490","0,01%"
"05.02.2020","1.434,320","1.434,320","1.434,320","1.434,320","-0,29%"
"04.02.2020","1.438,550","1.438,550","1.438,550","1.438,550","-0,39%"
"31.01.2020","1.444,220","1.444,220","1.444,220","1.444,220","0,16%"
"30.01.2020","1.441,960","1.441,960","1.441,960","1.441,960","0,17%"
"29.01.2020","1.439,520","1.439,520","1.439,520","1.439,520","0,22%"
"28.01.2020","1.436,350","1.436,350","1.436,350","1.436,350","-0,19%"
"27.01.2020","1.439,080","1.439,080","1.439,080","1.439,080","0,53%"
"24.01.2020","1.431,500","1.431,500","1.431,500","1.431,500","0,20%"
"23.01.2020","1.428,600","1.428,600","1.428,600","1.428,600","0,32%"
"22.01.2020","1.424,110","1.424,110","1.424,110","1.424,110","0,05%"
"21.01.2020","1.423,400","1.423,400","1.423,400","1.423,400","0,32%"
"17.01.2020","1.418,880","1.418,880","1.418,880","1.418,880","-0,09%"
"16.01.2020","1.420,100","1.420,100","1.420,100","1.420,100","-0,08%"
"15.01.2020","1.421,200","1.421,200","1.421,200","1.421,200","0,19%"
"14.01.2020","1.418,500","1.418,500","1.418,500","1.418,500","0,11%"
"13.01.2020","1.416,930","1.416,930","1.416,930","1.416,930","-0,13%"
"10.01.2020","1.418,760","1.418,760","1.418,760","1.418,760","0,15%"
"09.01.2020","1.416,640","1.416,640","1.416,640","1.416,640","-0,05%"
"08.01.2020","1.417,360","1.417,360","1.417,360","1.417,360","-0,17%"
"07.01.2020","1.419,790","1.419,790","1.419,790","1.419,790","-0,15%"
"06.01.2020","1.421,910","1.421,910","1.421,910","1.421,910","-0,07%"
"03.01.2020","1.422,840","1.422,840","1.422,840","1.422,840","0,42%"
"02.01.2020","1.416,820","1.416,820","1.416,820","1.416,820","0,14%"
"30.12.2019","1.414,870","1.414,870","1.414,870","1.414,870","-0,25%"
"27.12.2019","1.418,470","1.418,470","1.418,470","1.418,470","0,19%"
"24.12.2019","1.415,710","1.415,710","1.415,710","1.415,710","0,07%"
"23.12.2019","1.414,710","1.414,710","1.414,710","1.414,710","-0,06%"
"20.12.2019","1.415,600","1.415,600","1.415,600","1.415,600","-0,02%"
"19.12.2019","1.415,890","1.415,890","1.415,890","1.415,890","-0,06%"
"18.12.2019","1.416,750","1.416,750","1.416,750","1.416,750","-0,20%"
"17.12.2019","1.419,610","1.419,610","1.419,610","1.419,610","0,07%"
"16.12.2019","1.418,670","1.418,670","1.418,670","1.418,670","-0,21%"
"13.12.2019","1.421,630","1.421,630","1.421,630","1.421,630","0,34%"
"12.12.2019","1.416,830","1.416,830","1.416,830","1.416,830","-0,41%"
"11.12.2019","1.422,640","1.422,640","1.422,640","1.422,640","0,14%"
"10.12.2019","1.420,650","1.420,650","1.420,650","1.420,650","0,03%"
"09.12.2019","1.420,230","1.420,230","1.420,230","1.420,230","0,10%"
"06.12.2019","1.418,880","1.418,880","1.418,880","1.418,880","-0,17%"
"05.12.2019","1.421,320","1.421,320","1.421,320","1.421,320","-0,17%"
"04.12.2019","1.423,730","1.423,730","1.423,730","1.423,730","-0,27%"
"03.12.2019","1.427,520","1.427,520","1.427,520","1.427,520","0,52%"
"02.12.2019","1.420,110","1.420,110","1.420,110","1.420,110","-0,48%"
"29.11.2019","1.426,900","1.426,900","1.426,900","1.426,900","-0,09%"
"27.11.2019","1.428,170","1.428,170","1.428,170","1.428,170","-0,08%"
"26.11.2019","1.429,260","1.429,260","1.429,260","1.429,260","0,19%"
"25.11.2019","1.426,530","1.426,530","1.426,530","1.426,530","0,05%"
"22.11.2019","1.425,770","1.425,770","1.425,770","1.425,770","0,01%"
"21.11.2019","1.425,620","1.425,620","1.425,620","1.425,620","-0,14%"
"20.11.2019","1.427,630","1.427,630","1.427,630","1.427,630","0,21%"
"19.11.2019","1.424,570","1.424,570","1.424,570","1.424,570","0,08%"
"18.11.2019","1.423,490","1.423,490","1.423,490","1.423,490","0,10%"
"15.11.2019","1.422,000","1.422,000","1.422,000","1.422,000","-0,05%"
"14.11.2019","1.422,780","1.422,780","1.422,780","1.422,780","0,24%"
"13.11.2019","1.419,330","1.419,330","1.419,330","1.419,330","0,25%"
"12.11.2019","1.415,820","1.415,820","1.415,820","1.415,820","-0,04%"
"08.11.2019","1.416,400","1.416,400","1.416,400","1.416,400","-0,14%"
"07.11.2019","1.418,370","1.418,370","1.418,370","1.418,370","-0,52%"
"06.11.2019","1.425,840","1.425,840","1.425,840","1.425,840","0,08%"
"05.11.2019","1.424,690","1.424,690","1.424,690","1.424,690","-0,79%"
"31.10.2019","1.436,010","1.436,010","1.436,010","1.436,010","0,52%"
"30.10.2019","1.428,630","1.428,630","1.428,630","1.428,630","0,17%"
"29.10.2019","1.426,160","1.426,160","1.426,160","1.426,160","0,03%"
"28.10.2019","1.425,740","1.425,740","1.425,740","1.425,740","-0,32%"
"25.10.2019","1.430,260","1.430,260","1.430,260","1.430,260","-0,23%"
"24.10.2019","1.433,510","1.433,510","1.433,510","1.433,510","0,08%"
"23.10.2019","1.432,370","1.432,370","1.432,370","1.432,370","0,28%"
"21.10.2019","1.428,340","1.428,340","1.428,340","1.428,340","-0,30%"
"18.10.2019","1.432,650","1.432,650","1.432,650","1.432,650","-0,06%"
"17.10.2019","1.433,550","1.433,550","1.433,550","1.433,550","-0,05%"
"16.10.2019","1.434,210","1.434,210","1.434,210","1.434,210","0,02%"
"15.10.2019","1.433,980","1.433,980","1.433,980","1.433,980","-0,08%"
"11.10.2019","1.435,180","1.435,180","1.435,180","1.435,180","-0,49%"
"10.10.2019","1.442,180","1.442,180","1.442,180","1.442,180","-0,42%"
"09.10.2019","1.448,210","1.448,210","1.448,210","1.448,210","-0,26%"
"08.10.2019","1.451,980","1.451,980","1.451,980","1.451,980","0,06%"
"07.10.2019","1.451,150","1.451,150","1.451,150","1.451,150","-0,16%"
"04.10.2019","1.453,430","1.453,430","1.453,430","1.453,430","0,48%"
"02.10.2019","1.446,450","1.446,450","1.446,450","1.446,450","0,08%"
"01.10.2019","1.445,270","1.445,270","1.445,270","1.445,270","-0,06%"
"30.09.2019","1.446,150","1.446,150","1.446,150","1.446,150","-0,05%"
"27.09.2019","1.446,910","1.446,910","1.446,910","1.446,910","0,01%"
"26.09.2019","1.446,740","1.446,740","1.446,740","1.446,740","0,14%"
"25.09.2019","1.444,750","1.444,750","1.444,750","1.444,750","-0,30%"
"24.09.2019","1.449,040","1.449,040","1.449,040","1.449,040","0,67%"
"20.09.2019","1.439,370","1.439,370","1.439,370","1.439,370","0,02%"
"19.09.2019","1.439,130","1.439,130","1.439,130","1.439,130","0,10%"
"18.09.2019","1.437,750","1.437,750","1.437,750","1.437,750","0,30%"
"17.09.2019","1.433,450","1.433,450","1.433,450","1.433,450","0,34%"
"13.09.2019","1.428,570","1.428,570","1.428,570","1.428,570","-0,70%"
"12.09.2019","1.438,710","1.438,710","1.438,710","1.438,710","-0,10%"
"11.09.2019","1.440,120","1.440,120","1.440,120","1.440,120","-0,05%"
"10.09.2019","1.440,900","1.440,900","1.440,900","1.440,900","-0,44%"
"09.09.2019","1.447,200","1.447,200","1.447,200","1.447,200","-0,47%"
"06.09.2019","1.454,000","1.454,000","1.454,000","1.454,000","0,18%"
"05.09.2019","1.451,340","1.451,340","1.451,340","1.451,340","-0,72%"
"04.09.2019","1.461,900","1.461,900","1.461,900","1.461,900","-0,11%"
"03.09.2019","1.463,540","1.463,540","1.463,540","1.463,540","0,30%"
"30.08.2019","1.459,160","1.459,160","1.459,160","1.459,160","-0,04%"
"29.08.2019","1.459,770","1.459,770","1.459,770","1.459,770","-0,11%"
"28.08.2019","1.461,330","1.461,330","1.461,330","1.461,330","0,25%"
"27.08.2019","1.457,740","1.457,740","1.457,740","1.457,740","0,36%"
"26.08.2019","1.452,540","1.452,540","1.452,540","1.452,540","0,07%"
"23.08.2019","1.451,490","1.451,490","1.451,490","1.451,490","0,23%"
"22.08.2019","1.448,110","1.448,110","1.448,110","1.448,110","-0,27%"
"21.08.2019","1.451,970","1.451,970","1.451,970","1.451,970","-0,06%"
"20.08.2019","1.452,770","1.452,770","1.452,770","1.452,770","0,26%"
"19.08.2019","1.449,030","1.449,030","1.449,030","1.449,030","-0,38%"
"16.08.2019","1.454,580","1.454,580","1.454,580","1.454,580","0,29%"
"14.08.2019","1.450,360","1.450,360","1.450,360","1.450,360","0,44%"
"13.08.2019","1.444,030","1.444,030","1.444,030","1.444,030","0,44%"
"09.08.2019","1.437,670","1.437,670","1.437,670","1.437,670","-0,09%"
"08.08.2019","1.438,980","1.438,980","1.438,980","1.438,980","-0,31%"
"07.08.2019","1.443,490","1.443,490","1.443,490","1.443,490","0,46%"
"06.08.2019","1.436,870","1.436,870","1.436,870","1.436,870","0,06%"
"05.08.2019","1.436,010","1.436,010","1.436,010","1.436,010","0,48%"
"02.08.2019","1.429,180","1.429,180","1.429,180","1.429,180","0,28%"
"01.08.2019","1.425,210","1.425,210","1.425,210","1.425,210","0,37%"
"31.07.2019","1.419,890","1.419,890","1.419,890","1.419,890","0,24%"
"30.07.2019","1.416,520","1.416,520","1.416,520","1.416,520","-0,01%"
"29.07.2019","1.416,680","1.416,680","1.416,680","1.416,680","0,10%"
"26.07.2019","1.415,330","1.415,330","1.415,330","1.415,330","-0,00%"
"25.07.2019","1.415,380","1.415,380","1.415,380","1.415,380","-0,15%"
"24.07.2019","1.417,490","1.417,490","1.417,490","1.417,490","0,17%"
"23.07.2019","1.415,060","1.415,060","1.415,060","1.415,060","-0,02%"
"22.07.2019","1.415,400","1.415,400","1.415,400","1.415,400","0,05%"
"19.07.2019","1.414,660","1.414,660","1.414,660","1.414,660","-0,04%"
"18.07.2019","1.415,270","1.415,270","1.415,270","1.415,270","0,14%"
"17.07.2019","1.413,350","1.413,350","1.413,350","1.413,350","0,27%"
"16.07.2019","1.409,490","1.409,490","1.409,490","1.409,490","0,18%"
"12.07.2019","1.407,020","1.407,020","1.407,020","1.407,020","-0,12%"
"11.07.2019","1.408,650","1.408,650","1.408,650","1.408,650","-0,28%"
"10.07.2019","1.412,660","1.412,660","1.412,660","1.412,660","-0,13%"
"09.07.2019","1.414,490","1.414,490","1.414,490","1.414,490","-0,10%"
"08.07.2019","1.415,900","1.415,900","1.415,900","1.415,900","0,02%"
"05.07.2019","1.415,570","1.415,570","1.415,570","1.415,570","-0,43%"
"03.07.2019","1.421,650","1.421,650","1.421,650","1.421,650","0,37%"
"02.07.2019","1.416,360","1.416,360","1.416,360","1.416,360","0,23%"
"01.07.2019","1.413,160","1.413,160","1.413,160","1.413,160","0,05%"
"28.06.2019","1.412,520","1.412,520","1.412,520","1.412,520","0,07%"
"27.06.2019","1.411,550","1.411,550","1.411,550","1.411,550","0,06%"
"26.06.2019","1.410,750","1.410,750","1.410,750","1.410,750","-0,22%"
"25.06.2019","1.413,860","1.413,860","1.413,860","1.413,860","0,12%"
"24.06.2019","1.412,120","1.412,120","1.412,120","1.412,120","0,16%"
"21.06.2019","1.409,830","1.409,830","1.409,830","1.409,830","-0,33%"
"20.06.2019","1.414,550","1.414,550","1.414,550","1.414,550","0,23%"
"19.06.2019","1.411,310","1.411,310","1.411,310","1.411,310","0,02%"
"18.06.2019","1.410,980","1.410,980","1.410,980","1.410,980","0,38%"
"17.06.2019","1.405,680","1.405,680","1.405,680","1.405,680","-0,02%"
"14.06.2019","1.405,900","1.405,900","1.405,900","1.405,900","0,10%"
"13.06.2019","1.404,450","1.404,450","1.404,450","1.404,450","0,13%"
"12.06.2019","1.402,590","1.402,590","1.402,590","1.402,590","-0,03%"
"11.06.2019","1.402,980","1.402,980","1.402,980","1.402,980","-0,20%"
"07.06.2019","1.405,760","1.405,760","1.405,760","1.405,760","0,27%"
"06.06.2019","1.402,020","1.402,020","1.402,020","1.402,020","0,07%"
"05.06.2019","1.400,980","1.400,980","1.400,980","1.400,980","0,14%"
"04.06.2019","1.399,080","1.399,080","1.399,080","1.399,080","-0,09%"
"03.06.2019","1.400,330","1.400,330","1.400,330","1.400,330","0,22%"
"31.05.2019","1.397,260","1.397,260","1.397,260","1.397,260","0,35%"
"29.05.2019","1.392,350","1.392,350","1.392,350","1.392,350","0,22%"
"28.05.2019","1.389,260","1.389,260","1.389,260","1.389,260","0,18%"
"24.05.2019","1.386,830","1.386,830","1.386,830","1.386,830","0,00%"
"23.05.2019","1.386,810","1.386,810","1.386,810","1.386,810","0,36%"
"22.05.2019","1.381,860","1.381,860","1.381,860","1.381,860","0,17%"
"21.05.2019","1.379,510","1.379,510","1.379,510","1.379,510","-0,06%"
"20.05.2019","1.380,330","1.380,330","1.380,330","1.380,330","-0,14%"
"17.05.2019","1.382,260","1.382,260","1.382,260","1.382,260","0,05%"
"16.05.2019","1.381,600","1.381,600","1.381,600","1.381,600","-0,01%"
"15.05.2019","1.381,690","1.381,690","1.381,690","1.381,690","0,16%"
"14.05.2019","1.379,460","1.379,460","1.379,460","1.379,460","-0,01%"
"13.05.2019","1.379,650","1.379,650","1.379,650","1.379,650","0,16%"
"10.05.2019","1.377,390","1.377,390","1.377,390","1.377,390","-0,02%"
"09.05.2019","1.377,660","1.377,660","1.377,660","1.377,660","-0,03%"
"07.05.2019","1.378,140","1.378,140","1.378,140","1.378,140","0,21%"
"26.04.2019","1.375,250","1.375,250","1.375,250","1.375,250","0,19%"
"25.04.2019","1.372,620","1.372,620","1.372,620","1.372,620","-0,10%"
"24.04.2019","1.374,010","1.374,010","1.374,010","1.374,010","0,29%"
"23.04.2019","1.370,010","1.370,010","1.370,010","1.370,010","-0,11%"
"18.04.2019","1.371,560","1.371,560","1.371,560","1.371,560","0,24%"
"17.04.2019","1.368,320","1.368,320","1.368,320","1.368,320","-0,08%"
"16.04.2019","1.369,440","1.369,440","1.369,440","1.369,440","-0,13%"
"15.04.2019","1.371,210","1.371,210","1.371,210","1.371,210","-0,07%"
"12.04.2019","1.372,120","1.372,120","1.372,120","1.372,120","-0,30%"
"11.04.2019","1.376,260","1.376,260","1.376,260","1.376,260","-0,13%"
"10.04.2019","1.378,030","1.378,030","1.378,030","1.378,030","0,15%"
"09.04.2019","1.376,020","1.376,020","1.376,020","1.376,020","0,08%"
"08.04.2019","1.374,950","1.374,950","1.374,950","1.374,950","0,01%"
"05.04.2019","1.374,830","1.374,830","1.374,830","1.374,830","-0,01%"
"04.04.2019","1.374,910","1.374,910","1.374,910","1.374,910","0,02%"
"03.04.2019","1.374,640","1.374,640","1.374,640","1.374,640","-0,22%"
"02.04.2019","1.377,730","1.377,730","1.377,730","1.377,730","0,08%"
"01.04.2019","1.376,620","1.376,620","1.376,620","1.376,620","-0,35%"
"29.03.2019","1.381,420","1.381,420","1.381,420","1.381,420","-0,12%"
"28.03.2019","1.383,120","1.383,120","1.383,120","1.383,120","-0,03%"
"27.03.2019","1.383,470","1.383,470","1.383,470","1.383,470","0,24%"
"26.03.2019","1.380,190","1.380,190","1.380,190","1.380,190","-0,07%"
"25.03.2019","1.381,160","1.381,160","1.381,160","1.381,160","0,12%"
"22.03.2019","1.379,460","1.379,460","1.379,460","1.379,460","0,65%"
"20.03.2019","1.370,520","1.370,520","1.370,520","1.370,520","0,22%"
"19.03.2019","1.367,570","1.367,570","1.367,570","1.367,570","-0,04%"
"18.03.2019","1.368,080","1.368,080","1.368,080","1.368,080","0,08%"
"15.03.2019","1.367,050","1.367,050","1.367,050","1.367,050","0,09%"
"14.03.2019","1.365,810","1.365,810","1.365,810","1.365,810","-0,06%"
"13.03.2019","1.366,640","1.366,640","1.366,640","1.366,640","-0,04%"
"12.03.2019","1.367,250","1.367,250","1.367,250","1.367,250","0,07%"
"11.03.2019","1.366,350","1.366,350","1.366,350","1.366,350","-0,05%"
"08.03.2019","1.367,050","1.367,050","1.367,050","1.367,050","0,06%"
"07.03.2019","1.366,180","1.366,180","1.366,180","1.366,180","0,37%"
"06.03.2019","1.361,160","1.361,160","1.361,160","1.361,160","0,25%"
"05.03.2019","1.357,810","1.357,810","1.357,810","1.357,810","0,02%"
"04.03.2019","1.357,540","1.357,540","1.357,540","1.357,540","0,11%"
"01.03.2019","1.356,070","1.356,070","1.356,070","1.356,070","-0,15%"
"28.02.2019","1.358,100","1.358,100","1.358,100","1.358,100","-0,08%"
"27.02.2019","1.359,250","1.359,250","1.359,250","1.359,250","-0,30%"
"26.02.2019","1.363,280","1.363,280","1.363,280","1.363,280","0,04%"
"25.02.2019","1.362,730","1.362,730","1.362,730","1.362,730","-0,04%"
"22.02.2019","1.363,250","1.363,250","1.363,250","1.363,250","0,14%"
"21.02.2019","1.361,330","1.361,330","1.361,330","1.361,330","-0,14%"
"20.02.2019","1.363,230","1.363,230","1.363,230","1.363,230","-0,02%"
"19.02.2019","1.363,550","1.363,550","1.363,550","1.363,550","0,07%"
"15.02.2019","1.362,630","1.362,630","1.362,630","1.362,630","-0,01%"
"14.02.2019","1.362,740","1.362,740","1.362,740","1.362,740","0,16%"
"13.02.2019","1.360,560","1.360,560","1.360,560","1.360,560","-0,04%"
"12.02.2019","1.361,100","1.361,100","1.361,100","1.361,100","-0,18%"
"08.02.2019","1.363,580","1.363,580","1.363,580","1.363,580","0,12%"
"07.02.2019","1.361,880","1.361,880","1.361,880","1.361,880","0,12%"
"06.02.2019","1.360,200","1.360,200","1.360,200","1.360,200","-0,00%"
"05.02.2019","1.360,230","1.360,230","1.360,230","1.360,230","0,09%"
"04.02.2019","1.359,000","1.359,000","1.359,000","1.359,000","-0,15%"
"01.02.2019","1.361,050","1.361,050","1.361,050","1.361,050","-0,15%"
"31.01.2019","1.363,130","1.363,130","1.363,130","1.363,130","0,23%"
"30.01.2019","1.359,960","1.359,960","1.359,960","1.359,960","0,04%"
"29.01.2019","1.359,350","1.359,350","1.359,350","1.359,350","0,08%"
"28.01.2019","1.358,300","1.358,300","1.358,300","1.358,300","0,03%"
"25.01.2019","1.357,870","1.357,870","1.357,870","1.357,870","-0,09%"
"24.01.2019","1.359,030","1.359,030","1.359,030","1.359,030","0,27%"
"23.01.2019","1.355,330","1.355,330","1.355,330","1.355,330","-0,01%"
"22.01.2019","1.355,500","1.355,500","1.355,500","1.355,500","0,20%"
"18.01.2019","1.352,740","1.352,740","1.352,740","1.352,740","-0,11%"
"17.01.2019","1.354,180","1.354,180","1.354,180","1.354,180","-0,09%"
"16.01.2019","1.355,360","1.355,360","1.355,360","1.355,360","-0,03%"
"15.01.2019","1.355,760","1.355,760","1.355,760","1.355,760","0,06%"
"11.01.2019","1.354,900","1.354,900","1.354,900","1.354,900","0,09%"
"10.01.2019","1.353,720","1.353,720","1.353,720","1.353,720","-0,00%"
"09.01.2019","1.353,770","1.353,770","1.353,770","1.353,770","0,02%"
"08.01.2019","1.353,530","1.353,530","1.353,530","1.353,530","-0,17%"
"07.01.2019","1.355,880","1.355,880","1.355,880","1.355,880","-0,11%"
"04.01.2019","1.357,420","1.357,420","1.357,420","1.357,420","0,23%"
"28.12.2018","1.354,240","1.354,240","1.354,240","1.354,240","0,03%"
"27.12.2018","1.353,820","1.353,820","1.353,820","1.353,820","0,19%"
"21.12.2018","1.351,220","1.351,220","1.351,220","1.351,220","-0,16%"
"20.12.2018","1.353,400","1.353,400","1.353,400","1.353,400","0,07%"
"19.12.2018","1.352,430","1.352,430","1.352,430","1.352,430","0,18%"
"18.12.2018","1.350,060","1.350,060","1.350,060","1.350,060","0,15%"
"17.12.2018","1.348,030","1.348,030","1.348,030","1.348,030","0,07%"
"14.12.2018","1.347,020","1.347,020","1.347,020","1.347,020","0,15%"
"13.12.2018","1.345,020","1.345,020","1.345,020","1.345,020","-0,03%"
"12.12.2018","1.345,440","1.345,440","1.345,440","1.345,440","-0,11%"
"11.12.2018","1.346,950","1.346,950","1.346,950","1.346,950","-0,10%"
"10.12.2018","1.348,360","1.348,360","1.348,360","1.348,360","0,21%"
"07.12.2018","1.345,530","1.345,530","1.345,530","1.345,530","0,00%"
"06.12.2018","1.345,530","1.345,530","1.345,530","1.345,530","0,23%"
"04.12.2018","1.342,460","1.342,460","1.342,460","1.342,460","0,36%"
"03.12.2018","1.337,690","1.337,690","1.337,690","1.337,690","0,16%"
"30.11.2018","1.335,600","1.335,600","1.335,600","1.335,600","0,02%"
"29.11.2018","1.335,320","1.335,320","1.335,320","1.335,320","0,13%"
"28.11.2018","1.333,540","1.333,540","1.333,540","1.333,540","-0,03%"
"27.11.2018","1.333,890","1.333,890","1.333,890","1.333,890","0,02%"
"26.11.2018","1.333,590","1.333,590","1.333,590","1.333,590","0,11%"
"21.11.2018","1.332,140","1.332,140","1.332,140","1.332,140","0,04%"
"20.11.2018","1.331,560","1.331,560","1.331,560","1.331,560","-0,00%"
"19.11.2018","1.331,570","1.331,570","1.331,570","1.331,570","0,04%"
"16.11.2018","1.331,000","1.331,000","1.331,000","1.331,000","0,08%"
"15.11.2018","1.330,000","1.330,000","1.330,000","1.330,000","0,09%"
"14.11.2018","1.328,870","1.328,870","1.328,870","1.328,870","0,03%"
"13.11.2018","1.328,430","1.328,430","1.328,430","1.328,430","0,09%"
"09.11.2018","1.327,170","1.327,170","1.327,170","1.327,170","0,20%"
"08.11.2018","1.324,540","1.324,540","1.324,540","1.324,540","-0,13%"
"07.11.2018","1.326,320","1.326,320","1.326,320","1.326,320","-0,00%"
"06.11.2018","1.326,330","1.326,330","1.326,330","1.326,330","-0,10%"
"05.11.2018","1.327,680","1.327,680","1.327,680","1.327,680","0,06%"
"02.11.2018","1.326,940","1.326,940","1.326,940","1.326,940","-0,21%"
"31.10.2018","1.329,790","1.329,790","1.329,790","1.329,790","-0,15%"
"30.10.2018","1.331,800","1.331,800","1.331,800","1.331,800","-0,14%"
"29.10.2018","1.333,700","1.333,700","1.333,700","1.333,700","0,04%"
"26.10.2018","1.333,190","1.333,190","1.333,190","1.333,190","0,25%"
"25.10.2018","1.329,800","1.329,800","1.329,800","1.329,800","0,09%"
"24.10.2018","1.328,630","1.328,630","1.328,630","1.328,630","0,14%"
"23.10.2018","1.326,820","1.326,820","1.326,820","1.326,820","0,13%"
"22.10.2018","1.325,110","1.325,110","1.325,110","1.325,110","0,09%"
"19.10.2018","1.323,910","1.323,910","1.323,910","1.323,910","-0,04%"
"18.10.2018","1.324,440","1.324,440","1.324,440","1.324,440","-0,09%"
"17.10.2018","1.325,650","1.325,650","1.325,650","1.325,650","0,01%"
"16.10.2018","1.325,530","1.325,530","1.325,530","1.325,530","0,10%"
"15.10.2018","1.324,220","1.324,220","1.324,220","1.324,220","-0,03%"
"12.10.2018","1.324,600","1.324,600","1.324,600","1.324,600","0,01%"
"11.10.2018","1.324,480","1.324,480","1.324,480","1.324,480","0,25%"
"10.10.2018","1.321,190","1.321,190","1.321,190","1.321,190","-0,08%"
"09.10.2018","1.322,250","1.322,250","1.322,250","1.322,250","0,00%"
"05.10.2018","1.322,200","1.322,200","1.322,200","1.322,200","-0,19%"
"04.10.2018","1.324,760","1.324,760","1.324,760","1.324,760","-0,55%"
"02.10.2018","1.332,090","1.332,090","1.332,090","1.332,090","0,08%"
"01.10.2018","1.331,010","1.331,010","1.331,010","1.331,010","-0,16%"
"28.09.2018","1.333,140","1.333,140","1.333,140","1.333,140","-0,09%"
"27.09.2018","1.334,370","1.334,370","1.334,370","1.334,370","0,01%"
"26.09.2018","1.334,170","1.334,170","1.334,170","1.334,170","0,19%"
"25.09.2018","1.331,620","1.331,620","1.331,620","1.331,620","-0,28%"
"21.09.2018","1.335,330","1.335,330","1.335,330","1.335,330","0,06%"
"20.09.2018","1.334,540","1.334,540","1.334,540","1.334,540","0,04%"
"19.09.2018","1.334,050","1.334,050","1.334,050","1.334,050","-0,20%"
"18.09.2018","1.336,690","1.336,690","1.336,690","1.336,690","-0,11%"
"14.09.2018","1.338,170","1.338,170","1.338,170","1.338,170","-0,14%"
"13.09.2018","1.340,060","1.340,060","1.340,060","1.340,060","-0,04%"
"12.09.2018","1.340,540","1.340,540","1.340,540","1.340,540","0,05%"
"11.09.2018","1.339,860","1.339,860","1.339,860","1.339,860","-0,14%"
"10.09.2018","1.341,740","1.341,740","1.341,740","1.341,740","0,03%"
"07.09.2018","1.341,380","1.341,380","1.341,380","1.341,380","-0,22%"
"06.09.2018","1.344,340","1.344,340","1.344,340","1.344,340","0,16%"
"05.09.2018","1.342,220","1.342,220","1.342,220","1.342,220","-0,02%"
"04.09.2018","1.342,500","1.342,500","1.342,500","1.342,500","-0,07%"
"31.08.2018","1.343,430","1.343,430","1.343,430","1.343,430","0,04%"
"30.08.2018","1.342,920","1.342,920","1.342,920","1.342,920","0,08%"
"29.08.2018","1.341,880","1.341,880","1.341,880","1.341,880","-0,04%"
"28.08.2018","1.342,440","1.342,440","1.342,440","1.342,440","-0,15%"
"27.08.2018","1.344,470","1.344,470","1.344,470","1.344,470","-0,09%"
"24.08.2018","1.345,740","1.345,740","1.345,740","1.345,740","-0,04%"
"23.08.2018","1.346,340","1.346,340","1.346,340","1.346,340","-0,01%"
"22.08.2018","1.346,520","1.346,520","1.346,520","1.346,520","-0,03%"
"21.08.2018","1.346,990","1.346,990","1.346,990","1.346,990","-0,05%"
"20.08.2018","1.347,670","1.347,670","1.347,670","1.347,670","0,20%"
"17.08.2018","1.344,930","1.344,930","1.344,930","1.344,930","0,00%"
"16.08.2018","1.344,870","1.344,870","1.344,870","1.344,870","0,07%"
"14.08.2018","1.343,990","1.343,990","1.343,990","1.343,990","-0,06%"
"13.08.2018","1.344,730","1.344,730","1.344,730","1.344,730","-0,12%"
"10.08.2018","1.346,350","1.346,350","1.346,350","1.346,350","0,28%"
"09.08.2018","1.342,650","1.342,650","1.342,650","1.342,650","0,11%"
"08.08.2018","1.341,170","1.341,170","1.341,170","1.341,170","-0,01%"
"07.08.2018","1.341,280","1.341,280","1.341,280","1.341,280","-0,13%"
"06.08.2018","1.342,980","1.342,980","1.342,980","1.342,980","0,13%"
"03.08.2018","1.341,250","1.341,250","1.341,250","1.341,250","0,16%"
"02.08.2018","1.339,140","1.339,140","1.339,140","1.339,140","-0,03%"
"01.08.2018","1.339,520","1.339,520","1.339,520","1.339,520","-0,37%"
"31.07.2018","1.344,430","1.344,430","1.344,430","1.344,430","0,23%"
"30.07.2018","1.341,280","1.341,280","1.341,280","1.341,280","-0,20%"
"27.07.2018","1.343,960","1.343,960","1.343,960","1.343,960","-0,02%"
"26.07.2018","1.344,200","1.344,200","1.344,200","1.344,200","-0,20%"
"25.07.2018","1.346,890","1.346,890","1.346,890","1.346,890","0,09%"
"24.07.2018","1.345,650","1.345,650","1.345,650","1.345,650","0,03%"
"23.07.2018","1.345,280","1.345,280","1.345,280","1.345,280","-0,39%"
"20.07.2018","1.350,590","1.350,590","1.350,590","1.350,590","-0,24%"
"19.07.2018","1.353,830","1.353,830","1.353,830","1.353,830","0,11%"
"18.07.2018","1.352,390","1.352,390","1.352,390","1.352,390","-0,04%"
"17.07.2018","1.352,960","1.352,960","1.352,960","1.352,960","-0,03%"
"13.07.2018","1.353,390","1.353,390","1.353,390","1.353,390","0,11%"
"12.07.2018","1.351,970","1.351,970","1.351,970","1.351,970","0,02%"
"11.07.2018","1.351,760","1.351,760","1.351,760","1.351,760","0,06%"
"10.07.2018","1.350,890","1.350,890","1.350,890","1.350,890","-0,08%"
"09.07.2018","1.351,980","1.351,980","1.351,980","1.351,980","-0,06%"
"06.07.2018","1.352,750","1.352,750","1.352,750","1.352,750","0,02%"
"05.07.2018","1.352,510","1.352,510","1.352,510","1.352,510","-0,04%"
"03.07.2018","1.353,010","1.353,010","1.353,010","1.353,010","0,09%"
"02.07.2018","1.351,750","1.351,750","1.351,750","1.351,750","0,05%"
"29.06.2018","1.351,100","1.351,100","1.351,100","1.351,100","0,09%"
"28.06.2018","1.349,910","1.349,910","1.349,910","1.349,910","-0,00%"
"27.06.2018","1.349,940","1.349,940","1.349,940","1.349,940","0,26%"
"26.06.2018","1.346,420","1.346,420","1.346,420","1.346,420","-0,08%"
"25.06.2018","1.347,490","1.347,490","1.347,490","1.347,490","0,03%"
"22.06.2018","1.347,140","1.347,140","1.347,140","1.347,140","-0,03%"
"21.06.2018","1.347,520","1.347,520","1.347,520","1.347,520","-0,01%"
"20.06.2018","1.347,660","1.347,660","1.347,660","1.347,660","-0,13%"
"19.06.2018","1.349,380","1.349,380","1.349,380","1.349,380","0,16%"
"18.06.2018","1.347,290","1.347,290","1.347,290","1.347,290","0,02%"
"15.06.2018","1.347,020","1.347,020","1.347,020","1.347,020","0,17%"
"14.06.2018","1.344,670","1.344,670","1.344,670","1.344,670","0,24%"
"13.06.2018","1.341,470","1.341,470","1.341,470","1.341,470","0,05%"
"12.06.2018","1.340,800","1.340,800","1.340,800","1.340,800","0,00%"
"11.06.2018","1.340,740","1.340,740","1.340,740","1.340,740","0,04%"
"08.06.2018","1.340,250","1.340,250","1.340,250","1.340,250","-0,01%"
"07.06.2018","1.340,450","1.340,450","1.340,450","1.340,450","0,04%"
"06.06.2018","1.339,940","1.339,940","1.339,940","1.339,940","-0,47%"
"05.06.2018","1.346,330","1.346,330","1.346,330","1.346,330","-0,01%"
"04.06.2018","1.346,430","1.346,430","1.346,430","1.346,430","-0,05%"
"01.06.2018","1.347,130","1.347,130","1.347,130","1.347,130","-0,22%"
"31.05.2018","1.350,050","1.350,050","1.350,050","1.350,050","0,21%"
"30.05.2018","1.347,170","1.347,170","1.347,170","1.347,170","-0,15%"
"29.05.2018","1.349,210","1.349,210","1.349,210","1.349,210","0,23%"
"25.05.2018","1.346,170","1.346,170","1.346,170","1.346,170","0,17%"
"24.05.2018","1.343,930","1.343,930","1.343,930","1.343,930","0,18%"
"23.05.2018","1.341,480","1.341,480","1.341,480","1.341,480","0,23%"
"22.05.2018","1.338,370","1.338,370","1.338,370","1.338,370","-0,05%"
"18.05.2018","1.339,100","1.339,100","1.339,100","1.339,100","0,14%"
"17.05.2018","1.337,290","1.337,290","1.337,290","1.337,290","-0,14%"
"16.05.2018","1.339,150","1.339,150","1.339,150","1.339,150","-0,10%"
"15.05.2018","1.340,520","1.340,520","1.340,520","1.340,520","-0,29%"
"14.05.2018","1.344,470","1.344,470","1.344,470","1.344,470","-0,15%"
"11.05.2018","1.346,470","1.346,470","1.346,470","1.346,470","0,06%"
"09.05.2018","1.345,610","1.345,610","1.345,610","1.345,610","-0,09%"
"08.05.2018","1.346,780","1.346,780","1.346,780","1.346,780","-0,20%"
"07.05.2018","1.349,520","1.349,520","1.349,520","1.349,520","0,15%"
"02.05.2018","1.347,490","1.347,490","1.347,490","1.347,490","-0,04%"
"27.04.2018","1.348,040","1.348,040","1.348,040","1.348,040","0,17%"
"26.04.2018","1.345,700","1.345,700","1.345,700","1.345,700","0,16%"
"25.04.2018","1.343,550","1.343,550","1.343,550","1.343,550","-0,10%"
"24.04.2018","1.344,840","1.344,840","1.344,840","1.344,840","-0,03%"
"23.04.2018","1.345,190","1.345,190","1.345,190","1.345,190","-0,11%"
"20.04.2018","1.346,620","1.346,620","1.346,620","1.346,620","-0,13%"
"19.04.2018","1.348,400","1.348,400","1.348,400","1.348,400","-0,32%"
"18.04.2018","1.352,700","1.352,700","1.352,700","1.352,700","-0,10%"
"17.04.2018","1.354,120","1.354,120","1.354,120","1.354,120","0,11%"
"16.04.2018","1.352,650","1.352,650","1.352,650","1.352,650","-0,06%"
"13.04.2018","1.353,400","1.353,400","1.353,400","1.353,400","0,02%"
"12.04.2018","1.353,170","1.353,170","1.353,170","1.353,170","-0,18%"
"11.04.2018","1.355,660","1.355,660","1.355,660","1.355,660","0,12%"
"10.04.2018","1.354,100","1.355,270","1.354,100","1.354,100","-0,09%"
"09.04.2018","1.355,270","1.355,270","1.355,270","1.355,270","-0,01%"
"06.04.2018","1.355,470","1.355,470","1.355,470","1.355,470","0,16%"
"05.04.2018","1.353,290","1.353,290","1.353,290","1.353,290","-0,25%"
"04.04.2018","1.356,620","1.356,620","1.356,620","1.356,620","-0,00%"
"03.04.2018","1.356,660","1.356,660","1.356,660","1.356,660","-0,10%"
"29.03.2018","1.358,050","1.358,050","1.358,050","1.358,050","0,12%"
"28.03.2018","1.356,430","1.356,430","1.356,430","1.356,430","0,06%"
"27.03.2018","1.355,550","1.355,550","1.355,550","1.355,550","0,18%"
"26.03.2018","1.353,080","1.353,080","1.353,080","1.353,080","-0,03%"
"23.03.2018","1.353,500","1.353,500","1.353,500","1.353,500","0,01%"
"22.03.2018","1.353,360","1.353,360","1.353,360","1.353,360","0,26%"
"20.03.2018","1.349,890","1.349,890","1.349,890","1.349,890","-0,07%"
"19.03.2018","1.350,810","1.350,810","1.350,810","1.350,810","0,06%"
"16.03.2018","1.350,050","1.350,050","1.350,050","1.350,050","-0,03%"
"15.03.2018","1.350,400","1.350,400","1.350,400","1.350,400","0,03%"
"14.03.2018","1.349,990","1.349,990","1.349,990","1.349,990","0,18%"
"13.03.2018","1.347,560","1.347,560","1.347,560","1.347,560","0,09%"
"12.03.2018","1.346,290","1.346,290","1.346,290","1.346,290","0,10%"
"09.03.2018","1.344,890","1.344,890","1.344,890","1.344,890","-0,14%"
"08.03.2018","1.346,740","1.346,740","1.346,740","1.346,740","0,11%"
"07.03.2018","1.345,300","1.345,300","1.345,300","1.345,300","0,06%"
"06.03.2018","1.344,470","1.344,470","1.344,470","1.344,470","-0,07%"
"05.03.2018","1.345,370","1.345,370","1.345,370","1.345,370","-0,02%"
"02.03.2018","1.345,600","1.345,600","1.345,600","1.345,600","-0,16%"
"01.03.2018","1.347,700","1.347,700","1.347,700","1.347,700","0,23%"
"28.02.2018","1.344,670","1.344,670","1.344,670","1.344,670","0,16%"
"27.02.2018","1.342,560","1.342,560","1.342,560","1.342,560","-0,14%"
"26.02.2018","1.344,440","1.344,440","1.344,440","1.344,440","0,09%"
"23.02.2018","1.343,250","1.343,250","1.343,250","1.343,250","0,21%"
"22.02.2018","1.340,460","1.340,460","1.340,460","1.340,460","0,05%"
"21.02.2018","1.339,760","1.339,760","1.339,760","1.339,760","-0,06%"
"20.02.2018","1.340,610","1.340,610","1.340,610","1.340,610","-0,13%"
"16.02.2018","1.342,340","1.342,340","1.342,340","1.342,340","0,18%"
"15.02.2018","1.339,980","1.339,980","1.339,980","1.339,980","0,01%"
"14.02.2018","1.339,850","1.339,850","1.339,850","1.339,850","-0,16%"
"13.02.2018","1.342,010","1.342,010","1.342,010","1.342,010","-0,08%"
"09.02.2018","1.343,030","1.343,030","1.343,030","1.343,030","0,10%"
"08.02.2018","1.341,630","1.341,630","1.341,630","1.341,630","-0,19%"
"07.02.2018","1.344,120","1.344,120","1.344,120","1.344,120","-0,19%"
"06.02.2018","1.346,650","1.346,650","1.346,650","1.346,650","0,18%"
"05.02.2018","1.344,190","1.344,190","1.344,190","1.344,190","0,13%"
"02.02.2018","1.342,400","1.342,400","1.342,400","1.342,400","-0,27%"
"01.02.2018","1.346,020","1.346,020","1.346,020","1.346,020","-0,14%"
"31.01.2018","1.347,960","1.347,960","1.347,960","1.347,960","0,06%"
"30.01.2018","1.347,140","1.347,140","1.347,140","1.347,140","-0,08%"
"29.01.2018","1.348,210","1.348,210","1.348,210","1.348,210","-0,16%"
"26.01.2018","1.350,390","1.350,390","1.350,390","1.350,390","-0,11%"
"25.01.2018","1.351,880","1.351,880","1.351,880","1.351,880","0,03%"
"24.01.2018","1.351,470","1.351,470","1.351,470","1.351,470","-0,16%"
"23.01.2018","1.353,670","1.353,670","1.353,670","1.353,670","0,12%"
"22.01.2018","1.352,040","1.352,040","1.352,040","1.352,040","-0,02%"
"19.01.2018","1.352,260","1.352,260","1.352,260","1.352,260","-0,02%"
"18.01.2018","1.352,500","1.352,500","1.352,500","1.352,500","-0,14%"
"17.01.2018","1.354,380","1.354,380","1.354,380","1.354,380","-0,06%"
"16.01.2018","1.355,160","1.355,160","1.355,160","1.355,160","0,08%"
"12.01.2018","1.354,030","1.354,030","1.354,030","1.354,030","0,03%"
"11.01.2018","1.353,600","1.353,600","1.353,600","1.353,600","-0,01%"
"10.01.2018","1.353,730","1.353,730","1.353,730","1.353,730","-0,08%"
"09.01.2018","1.354,830","1.354,830","1.354,830","1.354,830","-0,24%"
"05.01.2018","1.358,140","1.358,140","1.358,140","1.358,140","-0,05%"
"04.01.2018","1.358,830","1.358,830","1.358,830","1.358,830","0,15%"
"02.01.2018","1.356,750","1.356,750","1.356,750","1.356,750","-0,31%"
"29.12.2017","1.360,940","1.360,940","1.360,940","1.360,940","0,00%"
"28.12.2017","1.360,910","1.360,910","1.360,910","1.360,910","-0,22%"
"27.12.2017","1.363,930","1.363,930","1.363,930","1.363,930","0,26%"
"22.12.2017","1.360,380","1.360,380","1.360,380","1.360,380","0,01%"
"21.12.2017","1.360,220","1.360,220","1.360,220","1.360,220","0,07%"
"20.12.2017","1.359,270","1.359,270","1.359,270","1.359,270","-0,29%"
"19.12.2017","1.363,180","1.363,180","1.363,180","1.363,180","-0,38%"
"18.12.2017","1.368,430","1.368,430","1.368,430","1.368,430","-0,05%"
"15.12.2017","1.369,160","1.369,160","1.369,160","1.369,160","0,03%"
"14.12.2017","1.368,750","1.368,750","1.368,750","1.368,750","0,06%"
"13.12.2017","1.367,960","1.367,960","1.367,960","1.367,960","0,08%"
"12.12.2017","1.366,850","1.366,850","1.366,850","1.366,850","-0,10%"
"11.12.2017","1.368,230","1.368,230","1.368,230","1.368,230","0,04%"
"08.12.2017","1.367,640","1.367,640","1.367,640","1.367,640","0,01%"
"07.12.2017","1.367,510","1.367,510","1.367,510","1.367,510","-0,13%"
"06.12.2017","1.369,240","1.369,240","1.369,240","1.369,240","0,13%"
"05.12.2017","1.367,420","1.367,420","1.367,420","1.367,420","0,07%"
"04.12.2017","1.366,480","1.366,480","1.366,480","1.366,480","-0,17%"
"01.12.2017","1.368,790","1.368,790","1.368,790","1.368,790","0,35%"
"30.11.2017","1.364,020","1.364,020","1.364,020","1.364,020","-0,01%"
"29.11.2017","1.364,150","1.364,150","1.364,150","1.364,150","-0,19%"
"28.11.2017","1.366,810","1.366,810","1.366,810","1.366,810","-0,02%"
"27.11.2017","1.367,090","1.367,090","1.367,090","1.367,090","0,04%"
"24.11.2017","1.366,540","1.366,540","1.366,540","1.366,540","-0,11%"
"22.11.2017","1.368,020","1.368,020","1.368,020","1.368,020","0,10%"
"21.11.2017","1.366,600","1.366,600","1.366,600","1.366,600","0,11%"
"20.11.2017","1.365,060","1.365,060","1.365,060","1.365,060","0,05%"
"17.11.2017","1.364,410","1.364,410","1.364,410","1.364,410","0,05%"
"16.11.2017","1.363,700","1.363,700","1.363,700","1.363,700","-0,09%"
"15.11.2017","1.364,950","1.364,950","1.364,950","1.364,950","0,17%"
"14.11.2017","1.362,620","1.362,620","1.362,620","1.362,620","0,09%"
"13.11.2017","1.361,330","1.361,330","1.361,330","1.361,330","-0,01%"
"10.11.2017","1.361,410","1.361,410","1.361,410","1.361,410","-0,29%"
"09.11.2017","1.365,400","1.365,400","1.365,400","1.365,400","-0,25%"
"08.11.2017","1.368,860","1.368,860","1.368,860","1.368,860","-0,03%"
"07.11.2017","1.369,210","1.369,210","1.369,210","1.369,210","0,14%"
"06.11.2017","1.367,330","1.367,330","1.367,330","1.367,330","0,18%"
"02.11.2017","1.364,910","1.364,910","1.364,910","1.364,910","0,18%"
"30.10.2017","1.362,430","1.362,430","1.362,430","1.362,430","0,27%"
"27.10.2017","1.358,780","1.358,780","1.358,780","1.358,780","0,15%"
"26.10.2017","1.356,800","1.356,800","1.356,800","1.356,800","0,06%"
"25.10.2017","1.355,990","1.355,990","1.355,990","1.355,990","-0,11%"
"24.10.2017","1.357,440","1.357,440","1.357,440","1.357,440","-0,16%"
"23.10.2017","1.359,550","1.359,550","1.359,550","1.359,550","0,11%"
"20.10.2017","1.358,110","1.358,110","1.358,110","1.358,110","-0,30%"
"19.10.2017","1.362,180","1.362,180","1.362,180","1.362,180","0,08%"
"18.10.2017","1.361,140","1.361,140","1.361,140","1.361,140","-0,20%"
"17.10.2017","1.363,830","1.363,830","1.363,830","1.363,830","0,09%"
"16.10.2017","1.362,550","1.362,550","1.362,550","1.362,550","0,02%"
"13.10.2017","1.362,260","1.362,260","1.362,260","1.362,260","0,19%"
"12.10.2017","1.359,610","1.359,610","1.359,610","1.359,610","0,09%"
"11.10.2017","1.358,440","1.358,440","1.358,440","1.358,440","-0,01%"
"10.10.2017","1.358,530","1.358,530","1.358,530","1.358,530","0,11%"
"06.10.2017","1.357,050","1.357,050","1.357,050","1.357,050","-0,07%"
"05.10.2017","1.357,980","1.357,980","1.357,980","1.357,980","-0,03%"
"04.10.2017","1.358,390","1.358,390","1.358,390","1.358,390","-0,06%"
"02.10.2017","1.359,210","1.359,210","1.359,210","1.359,210","-0,02%"
"29.09.2017","1.359,520","1.359,520","1.359,520","1.359,520","0,06%"
"28.09.2017","1.358,640","1.358,640","1.358,640","1.358,640","-0,05%"
"27.09.2017","1.359,350","1.359,350","1.359,350","1.359,350","-0,35%"
"26.09.2017","1.364,130","1.364,130","1.364,130","1.364,130","-0,06%"
"25.09.2017","1.364,890","1.364,890","1.364,890","1.364,890","0,18%"
"22.09.2017","1.362,450","1.362,450","1.362,450","1.362,450","0,05%"
"21.09.2017","1.361,810","1.361,810","1.361,810","1.361,810","-0,04%"
"20.09.2017","1.362,380","1.362,380","1.362,380","1.362,380","-0,05%"
"19.09.2017","1.363,070","1.363,070","1.363,070","1.363,070","-0,11%"
"15.09.2017","1.364,530","1.364,530","1.364,530","1.364,530","-0,05%"
"14.09.2017","1.365,270","1.365,270","1.365,270","1.365,270","-0,12%"
"13.09.2017","1.366,880","1.366,880","1.366,880","1.366,880","-0,09%"
"12.09.2017","1.368,110","1.368,110","1.368,110","1.368,110","-0,32%"
"11.09.2017","1.372,520","1.372,520","1.372,520","1.372,520","-0,22%"
"08.09.2017","1.375,550","1.375,550","1.375,550","1.375,550","-0,05%"
"07.09.2017","1.376,290","1.376,290","1.376,290","1.376,290","0,22%"
"06.09.2017","1.373,220","1.373,220","1.373,220","1.373,220","-0,10%"
"05.09.2017","1.374,650","1.374,650","1.374,650","1.374,650","0,37%"
"01.09.2017","1.369,590","1.369,590","1.369,590","1.369,590","-0,16%"
"31.08.2017","1.371,850","1.371,850","1.371,850","1.371,850","0,08%"
"30.08.2017","1.370,740","1.370,740","1.370,740","1.370,740","-0,08%"
"29.08.2017","1.371,900","1.371,900","1.371,900","1.371,900","0,14%"
"28.08.2017","1.370,040","1.370,040","1.370,040","1.370,040","0,05%"
"25.08.2017","1.369,370","1.369,370","1.369,370","1.369,370","0,04%"
"24.08.2017","1.368,760","1.368,760","1.368,760","1.368,760","-0,06%"
"23.08.2017","1.369,610","1.369,610","1.369,610","1.369,610","0,14%"
"22.08.2017","1.367,650","1.367,650","1.367,650","1.367,650","-0,14%"
"21.08.2017","1.369,500","1.369,500","1.369,500","1.369,500","0,07%"
"18.08.2017","1.368,490","1.368,490","1.368,490","1.368,490","0,07%"
"17.08.2017","1.367,510","1.367,510","1.367,510","1.367,510","0,08%"
"16.08.2017","1.366,430","1.366,430","1.366,430","1.366,430","-0,12%"
"14.08.2017","1.368,100","1.368,100","1.368,100","1.368,100","0,02%"
"10.08.2017","1.367,830","1.367,830","1.367,830","1.367,830","0,08%"
"09.08.2017","1.366,710","1.366,710","1.366,710","1.366,710","0,24%"
"08.08.2017","1.363,460","1.363,460","1.363,460","1.363,460","-0,10%"
"07.08.2017","1.364,790","1.364,790","1.364,790","1.364,790","0,07%"
"04.08.2017","1.363,830","1.363,830","1.363,830","1.363,830","-0,14%"
"03.08.2017","1.365,720","1.365,720","1.365,720","1.365,720","0,19%"
"02.08.2017","1.363,090","1.363,090","1.363,090","1.363,090","-0,02%"
"01.08.2017","1.363,300","1.363,300","1.363,300","1.363,300","0,25%"
"31.07.2017","1.359,960","1.359,960","1.359,960","1.359,960","0,02%"
"28.07.2017","1.359,700","1.359,700","1.359,700","1.359,700","0,00%"
"27.07.2017","1.359,700","1.359,700","1.359,700","1.359,700","-0,00%"
"26.07.2017","1.359,720","1.359,720","1.359,720","1.359,720","0,10%"
"25.07.2017","1.358,310","1.358,310","1.358,310","1.358,310","-0,34%"
"24.07.2017","1.363,000","1.363,000","1.363,000","1.363,000","-0,04%"
"21.07.2017","1.363,570","1.363,570","1.363,570","1.363,570","0,17%"
"20.07.2017","1.361,220","1.361,220","1.361,220","1.361,220","0,03%"
"19.07.2017","1.360,810","1.360,810","1.360,810","1.360,810","0,06%"
"18.07.2017","1.360,040","1.360,040","1.360,040","1.360,040","0,37%"
"13.07.2017","1.355,030","1.355,030","1.355,030","1.355,030","-0,10%"
"12.07.2017","1.356,340","1.356,340","1.356,340","1.356,340","0,23%"
"11.07.2017","1.353,270","1.353,270","1.353,270","1.353,270","-0,05%"
"10.07.2017","1.354,010","1.354,010","1.354,010","1.354,010","0,16%"
"07.07.2017","1.351,850","1.351,850","1.351,850","1.351,850","-0,10%"
"06.07.2017","1.353,230","1.353,230","1.353,230","1.353,230","-0,38%"
"05.07.2017","1.358,450","1.358,450","1.358,450","1.358,450","0,03%"
"03.07.2017","1.358,040","1.358,040","1.358,040","1.358,040","-0,11%"
"30.06.2017","1.359,540","1.359,540","1.359,540","1.359,540","-0,18%"
"29.06.2017","1.361,960","1.361,960","1.361,960","1.361,960","-0,39%"
"28.06.2017","1.367,260","1.367,260","1.367,260","1.367,260","-0,12%"
"27.06.2017","1.368,890","1.368,890","1.368,890","1.368,890","-0,35%"
"26.06.2017","1.373,750","1.373,750","1.373,750","1.373,750","0,04%"
"23.06.2017","1.373,160","1.373,160","1.373,160","1.373,160","-0,03%"
"22.06.2017","1.373,580","1.373,580","1.373,580","1.373,580","0,03%"
"21.06.2017","1.373,150","1.373,150","1.373,150","1.373,150","0,04%"
"20.06.2017","1.372,650","1.372,650","1.372,650","1.372,650","0,19%"
"19.06.2017","1.369,980","1.369,980","1.369,980","1.369,980","-0,02%"
"16.06.2017","1.370,290","1.370,290","1.370,290","1.370,290","-0,00%"
"15.06.2017","1.370,310","1.370,310","1.370,310","1.370,310","-0,17%"
"14.06.2017","1.372,710","1.372,710","1.372,710","1.372,710","0,32%"
"13.06.2017","1.368,280","1.368,280","1.368,280","1.368,280","-0,04%"
"12.06.2017","1.368,780","1.368,780","1.368,780","1.368,780","0,05%"
"09.06.2017","1.368,080","1.368,080","1.368,080","1.368,080","0,06%"
"08.06.2017","1.367,210","1.367,210","1.367,210","1.367,210","-0,07%"
"07.06.2017","1.368,210","1.368,210","1.368,210","1.368,210","-0,09%"
"06.06.2017","1.369,380","1.369,380","1.369,380","1.369,380","0,12%"
"02.06.2017","1.367,720","1.367,720","1.367,720","1.367,720","0,16%"
"01.06.2017","1.365,600","1.365,600","1.365,600","1.365,600","-0,13%"
"31.05.2017","1.367,380","1.367,380","1.367,380","1.367,380","0,02%"
"30.05.2017","1.367,050","1.367,050","1.367,050","1.367,050","0,09%"
"26.05.2017","1.365,820","1.365,820","1.365,820","1.365,820","0,21%"
"24.05.2017","1.362,890","1.362,890","1.362,890","1.362,890","0,02%"
"23.05.2017","1.362,590","1.362,590","1.362,590","1.362,590","-0,04%"
"22.05.2017","1.363,100","1.363,100","1.363,100","1.363,100","-0,07%"
"19.05.2017","1.364,080","1.364,080","1.364,080","1.364,080","0,00%"
"18.05.2017","1.364,070","1.364,070","1.364,070","1.364,070","0,04%"
"17.05.2017","1.363,560","1.363,560","1.363,560","1.363,560","0,38%"
"16.05.2017","1.358,420","1.358,420","1.358,420","1.358,420","0,07%"
"15.05.2017","1.357,490","1.357,490","1.357,490","1.357,490","-0,08%"
"12.05.2017","1.358,510","1.358,510","1.358,510","1.358,510","0,27%"
"11.05.2017","1.354,880","1.354,880","1.354,880","1.354,880","-0,08%"
"10.05.2017","1.355,930","1.355,930","1.355,930","1.355,930","0,06%"
"09.05.2017","1.355,130","1.355,130","1.355,130","1.355,130","-0,46%"
"02.05.2017","1.361,390","1.361,390","1.361,390","1.361,390","-0,07%"
"28.04.2017","1.362,310","1.362,310","1.362,310","1.362,310","0,03%"
"27.04.2017","1.361,930","1.361,930","1.361,930","1.361,930","0,11%"
"26.04.2017","1.360,380","1.360,380","1.360,380","1.360,380","-0,01%"
"25.04.2017","1.360,530","1.360,530","1.360,530","1.360,530","-0,23%"
"24.04.2017","1.363,680","1.363,680","1.363,680","1.363,680","-0,09%"
"21.04.2017","1.364,890","1.364,890","1.364,890","1.364,890","-0,00%"
"20.04.2017","1.364,930","1.364,930","1.364,930","1.364,930","-0,12%"
"19.04.2017","1.366,520","1.366,520","1.366,520","1.366,520","-0,07%"
"18.04.2017","1.367,470","1.367,470","1.367,470","1.367,470","0,19%"
"13.04.2017","1.364,910","1.364,910","1.364,910","1.364,910","0,18%"
"12.04.2017","1.362,520","1.362,520","1.362,520","1.362,520","0,04%"
"11.04.2017","1.361,910","1.361,910","1.361,910","1.361,910","0,19%"
"07.04.2017","1.359,300","1.359,300","1.359,300","1.359,300","0,01%"
"06.04.2017","1.359,150","1.359,150","1.359,150","1.359,150","0,06%"
"05.04.2017","1.358,270","1.358,270","1.358,270","1.358,270","-0,04%"
"04.04.2017","1.358,760","1.358,760","1.358,760","1.358,760","0,07%"
"03.04.2017","1.357,840","1.357,840","1.357,840","1.357,840","0,19%"
"31.03.2017","1.355,200","1.355,200","1.355,200","1.355,200","0,00%"
"30.03.2017","1.355,140","1.355,140","1.355,140","1.355,140","-0,09%"
"29.03.2017","1.356,350","1.356,350","1.356,350","1.356,350","0,13%"
"28.03.2017","1.354,600","1.354,600","1.354,600","1.354,600","-0,02%"
"27.03.2017","1.354,900","1.354,900","1.354,900","1.354,900","0,04%"
"24.03.2017","1.354,300","1.354,300","1.354,300","1.354,300","0,14%"
"23.03.2017","1.352,440","1.352,440","1.352,440","1.352,440","-0,08%"
"22.03.2017","1.353,570","1.353,570","1.353,570","1.353,570","0,29%"
"21.03.2017","1.349,720","1.349,720","1.349,720","1.349,720","0,20%"
"17.03.2017","1.346,990","1.346,990","1.346,990","1.346,990","0,05%"
"16.03.2017","1.346,350","1.346,350","1.346,350","1.346,350","-0,10%"
"15.03.2017","1.347,710","1.347,710","1.347,710","1.347,710","0,42%"
"13.03.2017","1.342,080","1.342,080","1.342,080","1.342,080","-0,02%"
"10.03.2017","1.342,330","1.342,330","1.342,330","1.342,330","-0,13%"
"09.03.2017","1.344,020","1.344,020","1.344,020","1.344,020","-0,18%"
"08.03.2017","1.346,390","1.346,390","1.346,390","1.346,390","-0,28%"
"07.03.2017","1.350,170","1.350,170","1.350,170","1.350,170","-0,07%"
"06.03.2017","1.351,080","1.351,080","1.351,080","1.351,080","-0,02%"
"03.03.2017","1.351,310","1.351,310","1.351,310","1.351,310","0,01%"
"02.03.2017","1.351,170","1.351,170","1.351,170","1.351,170","-0,13%"
"01.03.2017","1.352,980","1.352,980","1.352,980","1.352,980","-0,47%"
"28.02.2017","1.359,340","1.359,340","1.359,340","1.359,340","0,07%"
"27.02.2017","1.358,350","1.358,350","1.358,350","1.358,350","-0,04%"
"24.02.2017","1.358,930","1.358,930","1.358,930","1.358,930","0,38%"
"23.02.2017","1.353,760","1.353,760","1.353,760","1.353,760","0,21%"
"22.02.2017","1.350,980","1.350,980","1.350,980","1.350,980","0,12%"
"21.02.2017","1.349,410","1.349,410","1.349,410","1.349,410","-0,09%"
"17.02.2017","1.350,580","1.350,580","1.350,580","1.350,580","0,09%"
"16.02.2017","1.349,380","1.349,380","1.349,380","1.349,380","0,27%"
"15.02.2017","1.345,750","1.345,750","1.345,750","1.345,750","-0,13%"
"14.02.2017","1.347,460","1.347,460","1.347,460","1.347,460","-0,18%"
"13.02.2017","1.349,920","1.349,920","1.349,920","1.349,920","-0,07%"
"10.02.2017","1.350,810","1.350,810","1.350,810","1.350,810","-0,16%"
"09.02.2017","1.352,990","1.352,990","1.352,990","1.352,990","-0,01%"
"08.02.2017","1.353,090","1.353,090","1.353,090","1.353,090","0,29%"
"07.02.2017","1.349,150","1.349,150","1.349,150","1.349,150","0,13%"
"06.02.2017","1.347,420","1.347,420","1.347,420","1.347,420","0,07%"
"03.02.2017","1.346,430","1.346,430","1.346,430","1.346,430","-0,08%"
"02.02.2017","1.347,510","1.347,510","1.347,510","1.347,510","0,11%"
"01.02.2017","1.346,080","1.346,080","1.346,080","1.346,080","-0,21%"
"31.01.2017","1.348,860","1.348,860","1.348,860","1.348,860","0,13%"
"30.01.2017","1.347,100","1.347,100","1.347,100","1.347,100","-0,04%"
"27.01.2017","1.347,630","1.347,630","1.347,630","1.347,630","0,13%"
"26.01.2017","1.345,860","1.345,860","1.345,860","1.345,860","-0,17%"
"25.01.2017","1.348,100","1.348,100","1.348,100","1.348,100","-0,36%"
"24.01.2017","1.352,990","1.352,990","1.352,990","1.352,990","-0,16%"
"23.01.2017","1.355,170","1.355,170","1.355,170","1.355,170","0,31%"
"20.01.2017","1.351,020","1.351,020","1.351,020","1.351,020","-0,14%"
"19.01.2017","1.352,970","1.352,970","1.352,970","1.352,970","-0,33%"
"18.01.2017","1.357,460","1.357,460","1.357,460","1.357,460","-0,23%"
"17.01.2017","1.360,530","1.360,530","1.360,530","1.360,530","0,24%"
"13.01.2017","1.357,220","1.357,220","1.357,220","1.357,220","-0,17%"
"12.01.2017","1.359,490","1.359,490","1.359,490","1.359,490","0,07%"
"11.01.2017","1.358,580","1.358,580","1.358,580","1.358,580","0,06%"
"10.01.2017","1.357,780","1.357,780","1.357,780","1.357,780","0,16%"
"06.01.2017","1.355,650","1.355,650","1.355,650","1.355,650","-0,18%"
"05.01.2017","1.358,160","1.358,160","1.358,160","1.358,160","0,19%"
"04.01.2017","1.355,650","1.355,650","1.355,650","1.355,650","-0,07%"
"03.01.2017","1.356,650","1.356,650","1.356,650","1.356,650","-0,26%"
"30.12.2016","1.360,180","1.360,180","1.360,180","1.360,180","-0,01%"
"29.12.2016","1.360,380","1.360,380","1.360,380","1.360,380","0,14%"
"28.12.2016","1.358,530","1.358,530","1.358,530","1.358,530","0,14%"
"27.12.2016","1.356,620","1.356,620","1.356,620","1.356,620","-0,02%"
"23.12.2016","1.356,880","1.356,880","1.356,880","1.356,880","0,12%"
"22.12.2016","1.355,290","1.355,290","1.355,290","1.355,290","-0,07%"
"21.12.2016","1.356,190","1.356,190","1.356,190","1.356,190","0,16%"
"20.12.2016","1.354,060","1.354,060","1.354,060","1.354,060","-0,03%"
"19.12.2016","1.354,410","1.354,410","1.354,410","1.354,410","0,29%"
"16.12.2016","1.350,440","1.350,440","1.350,440","1.350,440","0,08%"
"15.12.2016","1.349,400","1.349,400","1.349,400","1.349,400","-0,30%"
"14.12.2016","1.353,480","1.353,480","1.353,480","1.353,480","0,14%"
"13.12.2016","1.351,580","1.351,580","1.351,580","1.351,580","0,18%"
"12.12.2016","1.349,160","1.349,160","1.349,160","1.349,160","-0,23%"
"09.12.2016","1.352,240","1.352,240","1.352,240","1.352,240","-0,26%"
"08.12.2016","1.355,810","1.355,810","1.355,810","1.355,810","-0,29%"
"07.12.2016","1.359,780","1.359,780","1.359,780","1.359,780","0,22%"
"06.12.2016","1.356,830","1.356,830","1.356,830","1.356,830","-0,10%"
"05.12.2016","1.358,230","1.358,230","1.358,230","1.358,230","-0,07%"
"02.12.2016","1.359,190","1.359,190","1.359,190","1.359,190","0,30%"
"01.12.2016","1.355,190","1.355,190","1.355,190","1.355,190","-0,39%"
"30.11.2016","1.360,470","1.360,470","1.360,470","1.360,470","-0,21%"
"29.11.2016","1.363,300","1.363,300","1.363,300","1.363,300","0,13%"
"28.11.2016","1.361,560","1.361,560","1.361,560","1.361,560","0,27%"
"25.11.2016","1.357,920","1.357,920","1.357,920","1.357,920","-0,20%"
"22.11.2016","1.360,640","1.360,640","1.360,640","1.360,640","0,08%"
"21.11.2016","1.359,580","1.359,580","1.359,580","1.359,580","0,06%"
"18.11.2016","1.358,700","1.358,700","1.358,700","1.358,700","-0,27%"
"17.11.2016","1.362,420","1.362,420","1.362,420","1.362,420","-0,10%"
"16.11.2016","1.363,790","1.363,790","1.363,790","1.363,790","-0,07%"
"15.11.2016","1.364,690","1.364,690","1.364,690","1.364,690","0,15%"
"14.11.2016","1.362,670","1.362,670","1.362,670","1.362,670","-0,64%"
"10.11.2016","1.371,390","1.371,390","1.371,390","1.371,390","-0,61%"
"09.11.2016","1.379,860","1.379,860","1.379,860","1.379,860","-0,49%"
"08.11.2016","1.386,620","1.386,620","1.386,620","1.386,620","-0,15%"
"07.11.2016","1.388,750","1.388,750","1.388,750","1.388,750","-0,14%"
"04.11.2016","1.390,680","1.390,680","1.390,680","1.390,680","0,13%"
"03.11.2016","1.388,920","1.388,920","1.388,920","1.388,920","-0,12%"
"02.11.2016","1.390,590","1.390,590","1.390,590","1.390,590","0,20%"
"31.10.2016","1.387,820","1.387,820","1.387,820","1.387,820","0,11%"
"28.10.2016","1.386,330","1.386,330","1.386,330","1.386,330","-0,07%"
"27.10.2016","1.387,260","1.387,260","1.387,260","1.387,260","-0,38%"
"26.10.2016","1.392,560","1.392,560","1.392,560","1.392,560","-0,26%"
"25.10.2016","1.396,170","1.396,170","1.396,170","1.396,170","0,04%"
"24.10.2016","1.395,620","1.395,620","1.395,620","1.395,620","-0,09%"
"21.10.2016","1.396,840","1.396,840","1.396,840","1.396,840","0,01%"
"20.10.2016","1.396,730","1.396,730","1.396,730","1.396,730","0,09%"
"19.10.2016","1.395,430","1.395,430","1.395,430","1.395,430","0,02%"
"18.10.2016","1.395,210","1.395,210","1.395,210","1.395,210","0,07%"
"17.10.2016","1.394,290","1.394,290","1.394,290","1.394,290","0,06%"
"14.10.2016","1.393,470","1.393,470","1.393,470","1.393,470","-0,25%"
"13.10.2016","1.396,920","1.396,920","1.396,920","1.396,920","0,21%"
"12.10.2016","1.394,010","1.394,010","1.394,010","1.394,010","-0,12%"
"11.10.2016","1.395,620","1.395,620","1.395,620","1.395,620","-0,06%"
"10.10.2016","1.396,450","1.396,450","1.396,450","1.396,450","-0,08%"
"07.10.2016","1.397,510","1.397,510","1.397,510","1.397,510","-0,08%"
"06.10.2016","1.398,680","1.398,680","1.398,680","1.398,680","-0,12%"
"05.10.2016","1.400,350","1.400,350","1.400,350","1.400,350","-0,37%"
"04.10.2016","1.405,570","1.405,570","1.405,570","1.405,570","-0,29%"
"30.09.2016","1.409,620","1.409,620","1.409,620","1.409,620","-0,18%"
"29.09.2016","1.412,190","1.412,190","1.412,190","1.412,190","-0,08%"
"28.09.2016","1.413,250","1.413,250","1.413,250","1.413,250","0,09%"
"27.09.2016","1.411,960","1.411,960","1.411,960","1.411,960","0,15%"
"26.09.2016","1.409,830","1.409,830","1.409,830","1.409,830","0,16%"
"23.09.2016","1.407,560","1.407,560","1.407,560","1.407,560","0,08%"
"22.09.2016","1.406,420","1.406,420","1.406,420","1.406,420","0,39%"
"21.09.2016","1.400,950","1.400,950","1.400,950","1.400,950","-0,06%"
"20.09.2016","1.401,850","1.401,850","1.401,850","1.401,850","0,27%"
"19.09.2016","1.398,120","1.398,120","1.398,120","1.398,120","-0,03%"
"16.09.2016","1.398,570","1.398,570","1.398,570","1.398,570","0,04%"
"15.09.2016","1.398,070","1.398,070","1.398,070","1.398,070","-0,03%"
"14.09.2016","1.398,460","1.398,460","1.398,460","1.398,460","0,04%"
"13.09.2016","1.397,840","1.397,840","1.397,840","1.397,840","-0,17%"
"12.09.2016","1.400,240","1.400,240","1.400,240","1.400,240","-0,03%"
"09.09.2016","1.400,690","1.400,690","1.400,690","1.400,690","-0,54%"
"08.09.2016","1.408,260","1.408,260","1.408,260","1.408,260","-0,50%"
"07.09.2016","1.415,350","1.415,350","1.415,350","1.415,350","0,18%"
"06.09.2016","1.412,830","1.412,830","1.412,830","1.412,830","0,35%"
"02.09.2016","1.407,930","1.407,930","1.407,930","1.407,930","-0,25%"
"01.09.2016","1.411,430","1.411,430","1.411,430","1.411,430","-0,12%"
"31.08.2016","1.413,160","1.413,160","1.413,160","1.413,160","-0,10%"
"30.08.2016","1.414,630","1.414,630","1.414,630","1.414,630","-0,04%"
"29.08.2016","1.415,220","1.415,220","1.415,220","1.415,220","0,13%"
"26.08.2016","1.413,330","1.413,330","1.413,330","1.413,330","-0,14%"
"25.08.2016","1.415,370","1.415,370","1.415,370","1.415,370","-0,06%"
"24.08.2016","1.416,270","1.416,270","1.416,270","1.416,270","-0,06%"
"23.08.2016","1.417,180","1.417,180","1.417,180","1.417,180","0,11%"
"22.08.2016","1.415,640","1.415,640","1.415,640","1.415,640","0,16%"
"19.08.2016","1.413,370","1.413,370","1.413,370","1.413,370","-0,20%"
"18.08.2016","1.416,180","1.416,180","1.416,180","1.416,180","0,14%"
"17.08.2016","1.414,270","1.414,270","1.414,270","1.414,270","0,08%"
"16.08.2016","1.413,190","1.413,190","1.413,190","1.413,190","-0,39%"
"12.08.2016","1.418,760","1.418,760","1.418,760","1.418,760","0,13%"
"11.08.2016","1.416,890","1.416,890","1.416,890","1.416,890","-0,16%"
"10.08.2016","1.419,210","1.419,210","1.419,210","1.419,210","0,30%"
"09.08.2016","1.414,990","1.414,990","1.414,990","1.414,990","0,22%"
"08.08.2016","1.411,900","1.411,900","1.411,900","1.411,900","-0,02%"
"05.08.2016","1.412,210","1.412,210","1.412,210","1.412,210","-0,19%"
"04.08.2016","1.414,940","1.414,940","1.414,940","1.414,940","0,27%"
"03.08.2016","1.411,150","1.411,150","1.411,150","1.411,150","-0,01%"
"02.08.2016","1.411,250","1.411,250","1.411,250","1.411,250","-0,37%"
"01.08.2016","1.416,490","1.416,490","1.416,490","1.416,490","-0,23%"
"29.07.2016","1.419,750","1.419,750","1.419,750","1.419,750","0,10%"
"28.07.2016","1.418,370","1.418,370","1.418,370","1.418,370","0,03%"
"27.07.2016","1.417,980","1.417,980","1.417,980","1.417,980","0,36%"
"26.07.2016","1.412,900","1.412,900","1.412,900","1.412,900","0,00%"
"25.07.2016","1.412,900","1.412,900","1.412,900","1.412,900","0,06%"
"22.07.2016","1.412,020","1.412,020","1.412,020","1.412,020","0,05%"
"21.07.2016","1.411,330","1.411,330","1.411,330","1.411,330","-0,05%"
"20.07.2016","1.412,080","1.412,080","1.412,080","1.412,080","-0,10%"
"19.07.2016","1.413,520","1.413,520","1.413,520","1.413,520","0,06%"
"18.07.2016","1.412,630","1.412,630","1.412,630","1.412,630","0,06%"
"15.07.2016","1.411,810","1.411,810","1.411,810","1.411,810","-0,68%"
"13.07.2016","1.421,540","1.421,540","1.421,540","1.421,540","0,22%"
"12.07.2016","1.418,370","1.418,370","1.418,370","1.418,370","-0,36%"
"11.07.2016","1.423,440","1.423,440","1.423,440","1.423,440","-0,21%"
"08.07.2016","1.426,500","1.426,500","1.426,500","1.426,500","0,14%"
"07.07.2016","1.424,560","1.424,560","1.424,560","1.424,560","-0,08%"
"06.07.2016","1.425,710","1.425,710","1.425,710","1.425,710","0,02%"
"05.07.2016","1.425,430","1.425,430","1.425,430","1.425,430","0,40%"
"01.07.2016","1.419,790","1.419,790","1.419,790","1.419,790","0,23%"
"30.06.2016","1.416,520","1.416,520","1.416,520","1.416,520","0,01%"
"29.06.2016","1.416,440","1.416,440","1.416,440","1.416,440","0,01%"
"28.06.2016","1.416,350","1.416,350","1.416,350","1.416,350","0,20%"
"27.06.2016","1.413,540","1.413,540","1.413,540","1.413,540","0,66%"
"24.06.2016","1.404,250","1.404,250","1.404,250","1.404,250","0,71%"
"22.06.2016","1.394,410","1.394,410","1.394,410","1.394,410","-0,01%"
"21.06.2016","1.394,490","1.394,490","1.394,490","1.394,490","-0,12%"
"20.06.2016","1.396,200","1.396,200","1.396,200","1.396,200","-0,22%"
"17.06.2016","1.399,290","1.399,290","1.399,290","1.399,290","-0,36%"
"16.06.2016","1.404,340","1.404,340","1.404,340","1.404,340","0,15%"
"15.06.2016","1.402,190","1.402,190","1.402,190","1.402,190","0,14%"
"14.06.2016","1.400,200","1.400,200","1.400,200","1.400,200","0,11%"
"13.06.2016","1.398,600","1.398,600","1.398,600","1.398,600","0,01%"
"10.06.2016","1.398,440","1.398,440","1.398,440","1.398,440","0,22%"
"09.06.2016","1.395,420","1.395,420","1.395,420","1.395,420","0,17%"
"08.06.2016","1.393,080","1.393,080","1.393,080","1.393,080","0,05%"
"07.06.2016","1.392,450","1.392,450","1.392,450","1.392,450","0,13%"
"06.06.2016","1.390,650","1.390,650","1.390,650","1.390,650","-0,06%"
"03.06.2016","1.391,420","1.391,420","1.391,420","1.391,420","0,39%"
"02.06.2016","1.386,080","1.386,080","1.386,080","1.386,080","0,14%"
"01.06.2016","1.384,110","1.384,110","1.384,110","1.384,110","0,01%"
"31.05.2016","1.383,980","1.383,980","1.383,980","1.383,980","0,05%"
"27.05.2016","1.383,330","1.383,330","1.383,330","1.383,330","-0,03%"
"26.05.2016","1.383,760","1.383,760","1.383,760","1.383,760","0,18%"
"25.05.2016","1.381,210","1.381,210","1.381,210","1.381,210","0,07%"
"24.05.2016","1.380,270","1.380,270","1.380,270","1.380,270","0,01%"
"23.05.2016","1.380,150","1.380,150","1.380,150","1.380,150","-0,00%"
"20.05.2016","1.380,210","1.380,210","1.380,210","1.380,210","0,03%"
"19.05.2016","1.379,820","1.379,820","1.379,820","1.379,820","0,07%"
"18.05.2016","1.378,910","1.378,910","1.378,910","1.378,910","-0,41%"
"17.05.2016","1.384,610","1.384,610","1.384,610","1.384,610","-0,11%"
"13.05.2016","1.386,100","1.386,100","1.386,100","1.386,100","0,15%"
"12.05.2016","1.384,020","1.384,020","1.384,020","1.384,020","-0,16%"
"11.05.2016","1.386,250","1.386,250","1.386,250","1.386,250","0,07%"
"10.05.2016","1.385,220","1.385,220","1.385,220","1.385,220","-0,01%"
"09.05.2016","1.385,390","1.385,390","1.385,390","1.385,390","0,05%"
"06.05.2016","1.384,650","1.384,650","1.384,650","1.384,650","0,18%"
"04.05.2016","1.382,120","1.382,120","1.382,120","1.382,120","0,03%"
"03.05.2016","1.381,770","1.381,770","1.381,770","1.381,770","0,33%"
"02.05.2016","1.377,270","1.377,270","1.377,270","1.377,270","0,03%"
"29.04.2016","1.376,920","1.376,920","1.376,920","1.376,920","0,02%"
"28.04.2016","1.376,690","1.376,690","1.376,690","1.376,690","0,20%"
"27.04.2016","1.373,970","1.373,970","1.373,970","1.373,970","0,11%"
"26.04.2016","1.372,440","1.372,440","1.372,440","1.372,440","-0,04%"
"25.04.2016","1.373,020","1.373,020","1.373,020","1.373,020","-0,24%"
"22.04.2016","1.376,290","1.376,290","1.376,290","1.376,290","-0,13%"
"21.04.2016","1.378,070","1.378,070","1.378,070","1.378,070","-0,27%"
"20.04.2016","1.381,810","1.381,810","1.381,810","1.381,810","-0,03%"
"19.04.2016","1.382,230","1.382,230","1.382,230","1.382,230","-0,10%"
"18.04.2016","1.383,610","1.383,610","1.383,610","1.383,610","-0,09%"
"15.04.2016","1.384,870","1.384,870","1.384,870","1.384,870","0,16%"
"14.04.2016","1.382,630","1.382,630","1.382,630","1.382,630","-0,11%"
"13.04.2016","1.384,140","1.384,140","1.384,140","1.384,140","0,13%"
"12.04.2016","1.382,350","1.382,350","1.382,350","1.382,350","-0,23%"
"11.04.2016","1.385,570","1.385,570","1.385,570","1.385,570","-0,05%"
"08.04.2016","1.386,230","1.386,230","1.386,230","1.386,230","-0,04%"
"07.04.2016","1.386,790","1.386,790","1.386,790","1.386,790","0,19%"
"06.04.2016","1.384,140","1.384,140","1.384,140","1.384,140","-0,14%"
"05.04.2016","1.386,100","1.386,100","1.386,100","1.386,100","0,16%"
"04.04.2016","1.383,870","1.383,870","1.383,870","1.383,870","0,10%"
"01.04.2016","1.382,540","1.382,540","1.382,540","1.382,540","0,12%"
"31.03.2016","1.380,840","1.380,840","1.380,840","1.380,840","0,05%"
"30.03.2016","1.380,180","1.380,180","1.380,180","1.380,180","-0,06%"
"29.03.2016","1.381,050","1.381,050","1.381,050","1.381,050","0,33%"
"24.03.2016","1.376,470","1.376,470","1.376,470","1.376,470","-0,13%"
"23.03.2016","1.378,330","1.378,330","1.378,330","1.378,330","0,14%"
"22.03.2016","1.376,360","1.376,360","1.376,360","1.376,360","0,03%"
"21.03.2016","1.375,890","1.375,890","1.375,890","1.375,890","-0,13%"
"18.03.2016","1.377,660","1.377,660","1.377,660","1.377,660","0,26%"
"17.03.2016","1.374,100","1.374,100","1.374,100","1.374,100","0,29%"
"16.03.2016","1.370,160","1.370,160","1.370,160","1.370,160","0,20%"
"15.03.2016","1.367,470","1.367,470","1.367,470","1.367,470","-0,07%"
"14.03.2016","1.368,420","1.368,420","1.368,420","1.368,420","0,19%"
"11.03.2016","1.365,880","1.365,880","1.365,880","1.365,880","-0,08%"
"10.03.2016","1.366,960","1.366,960","1.366,960","1.366,960","-0,22%"
"09.03.2016","1.370,010","1.370,010","1.370,010","1.370,010","-0,56%"
"08.03.2016","1.377,770","1.377,770","1.377,770","1.377,770","0,58%"
"07.03.2016","1.369,820","1.369,820","1.369,820","1.369,820","0,03%"
"04.03.2016","1.369,350","1.369,350","1.369,350","1.369,350","-0,17%"
"03.03.2016","1.371,630","1.371,630","1.371,630","1.371,630","0,11%"
"02.03.2016","1.370,170","1.370,170","1.370,170","1.370,170","-0,17%"
"01.03.2016","1.372,550","1.372,550","1.372,550","1.372,550","-0,25%"
"29.02.2016","1.375,990","1.375,990","1.375,990","1.375,990","0,19%"
"26.02.2016","1.373,390","1.373,390","1.373,390","1.373,390","-0,23%"
"25.02.2016","1.376,570","1.376,570","1.376,570","1.376,570","0,18%"
"24.02.2016","1.374,100","1.374,100","1.374,100","1.374,100","0,20%"
"23.02.2016","1.371,360","1.371,360","1.371,360","1.371,360","0,05%"
"22.02.2016","1.370,650","1.370,650","1.370,650","1.370,650","0,10%"
"19.02.2016","1.369,290","1.369,290","1.369,290","1.369,290","0,07%"
"18.02.2016","1.368,350","1.368,350","1.368,350","1.368,350","0,32%"
"17.02.2016","1.364,030","1.364,030","1.364,030","1.364,030","-0,13%"
"16.02.2016","1.365,790","1.365,790","1.365,790","1.365,790","-0,00%"
"12.02.2016","1.365,850","1.365,850","1.365,850","1.365,850","-0,52%"
"11.02.2016","1.372,960","1.372,960","1.372,960","1.372,960","0,24%"
"10.02.2016","1.369,660","1.369,660","1.369,660","1.369,660","0,01%"
"09.02.2016","1.369,510","1.369,510","1.369,510","1.369,510","0,05%"
"08.02.2016","1.368,840","1.368,840","1.368,840","1.368,840","0,39%"
"05.02.2016","1.363,460","1.363,460","1.363,460","1.363,460","0,03%"
"04.02.2016","1.363,010","1.363,010","1.363,010","1.363,010","-0,05%"
"03.02.2016","1.363,710","1.363,710","1.363,710","1.363,710","0,12%"
"02.02.2016","1.362,100","1.362,100","1.362,100","1.362,100","0,26%"
"01.02.2016","1.358,530","1.358,530","1.358,530","1.358,530","-0,11%"
"29.01.2016","1.359,970","1.359,970","1.359,970","1.359,970","0,54%"
"28.01.2016","1.352,630","1.352,630","1.352,630","1.352,630","0,04%"
"27.01.2016","1.352,080","1.352,080","1.352,080","1.352,080","0,03%"
"26.01.2016","1.351,670","1.351,670","1.351,670","1.351,670","0,16%"
"25.01.2016","1.349,510","1.349,510","1.349,510","1.349,510","0,13%"
"22.01.2016","1.347,790","1.347,790","1.347,790","1.347,790","-0,15%"
"21.01.2016","1.349,760","1.349,760","1.349,760","1.349,760","-0,02%"
"20.01.2016","1.350,070","1.350,070","1.350,070","1.350,070","0,21%"
"19.01.2016","1.347,270","1.347,270","1.347,270","1.347,270","-0,02%"
"15.01.2016","1.347,570","1.347,570","1.347,570","1.347,570","0,30%"
"14.01.2016","1.343,540","1.343,540","1.343,540","1.343,540","-0,16%"
"13.01.2016","1.345,640","1.345,640","1.345,640","1.345,640","0,18%"
"12.01.2016","1.343,160","1.343,160","1.343,160","1.343,160","0,17%"
"11.01.2016","1.340,920","1.340,920","1.340,920","1.340,920","-0,09%"
"08.01.2016","1.342,110","1.342,110","1.342,110","1.342,110","0,15%"
"07.01.2016","1.340,140","1.340,140","1.340,140","1.340,140","-0,05%"
"06.01.2016","1.340,810","1.340,810","1.340,810","1.340,810","0,31%"
"05.01.2016","1.336,650","1.336,650","1.336,650","1.336,650","0,05%"
"04.01.2016","1.336,000","1.336,000","1.336,000","1.336,000","0,33%"
"30.12.2015","1.331,660","1.331,660","1.331,660","1.331,660","-0,03%"
"29.12.2015","1.332,030","1.332,030","1.332,030","1.332,030","-0,20%"
"28.12.2015","1.334,690","1.334,690","1.334,690","1.334,690","0,14%"
"23.12.2015","1.332,850","1.332,850","1.332,850","1.332,850","-0,19%"
"22.12.2015","1.335,340","1.335,340","1.335,340","1.335,340","-0,23%"
"21.12.2015","1.338,420","1.338,420","1.338,420","1.338,420","-0,01%"
"18.12.2015","1.338,620","1.338,620","1.338,620","1.338,620","0,26%"
"17.12.2015","1.335,110","1.335,110","1.335,110","1.335,110","0,29%"
"16.12.2015","1.331,220","1.331,220","1.331,220","1.331,220","-0,09%"
"15.12.2015","1.332,440","1.332,440","1.332,440","1.332,440","-0,30%"
"14.12.2015","1.336,460","1.336,460","1.336,460","1.336,460","-0,28%"
"11.12.2015","1.340,250","1.340,250","1.340,250","1.340,250","0,31%"
"10.12.2015","1.336,090","1.336,090","1.336,090","1.336,090","-0,01%"
"09.12.2015","1.336,260","1.336,260","1.336,260","1.336,260","-0,00%"
"08.12.2015","1.336,280","1.336,280","1.336,280","1.336,280","0,06%"
"07.12.2015","1.335,470","1.335,470","1.335,470","1.335,470","0,39%"
"04.12.2015","1.330,300","1.330,300","1.330,300","1.330,300","0,03%"
"03.12.2015","1.329,940","1.329,940","1.329,940","1.329,940","-0,78%"
"02.12.2015","1.340,340","1.340,340","1.340,340","1.340,340","0,01%"
"01.12.2015","1.340,210","1.340,210","1.340,210","1.340,210","0,23%"
"30.11.2015","1.337,140","1.337,140","1.337,140","1.337,140","-0,05%"
"27.11.2015","1.337,810","1.337,810","1.337,810","1.337,810","0,11%"
"25.11.2015","1.336,280","1.336,280","1.336,280","1.336,280","0,10%"
"24.11.2015","1.334,940","1.334,940","1.334,940","1.334,940","0,08%"
"23.11.2015","1.333,880","1.333,880","1.333,880","1.333,880","-0,05%"
"20.11.2015","1.334,510","1.334,510","1.334,510","1.334,510","-0,01%"
"19.11.2015","1.334,710","1.334,710","1.334,710","1.334,710","0,14%"
"18.11.2015","1.332,800","1.332,800","1.332,800","1.332,800","0,09%"
"17.11.2015","1.331,630","1.331,630","1.331,630","1.331,630","0,01%"
"16.11.2015","1.331,450","1.331,450","1.331,450","1.331,450","0,08%"
"13.11.2015","1.330,390","1.330,390","1.330,390","1.330,390","0,18%"
"12.11.2015","1.327,990","1.327,990","1.327,990","1.327,990","0,09%"
"10.11.2015","1.326,850","1.326,850","1.326,850","1.326,850","0,23%"
"09.11.2015","1.323,750","1.323,750","1.323,750","1.323,750","-0,10%"
"06.11.2015","1.325,130","1.325,130","1.325,130","1.325,130","-0,42%"
"05.11.2015","1.330,740","1.330,740","1.330,740","1.330,740","-0,08%"
"04.11.2015","1.331,760","1.331,760","1.331,760","1.331,760","-0,10%"
"03.11.2015","1.333,150","1.333,150","1.333,150","1.333,150","-0,12%"
"02.11.2015","1.334,800","1.334,800","1.334,800","1.334,800","-0,18%"
"30.10.2015","1.337,250","1.337,250","1.337,250","1.337,250","0,01%"
"29.10.2015","1.337,060","1.337,060","1.337,060","1.337,060","-0,44%"
"28.10.2015","1.342,910","1.342,910","1.342,910","1.342,910","-0,11%"
"27.10.2015","1.344,390","1.344,390","1.344,390","1.344,390","0,24%"
"26.10.2015","1.341,170","1.341,170","1.341,170","1.341,170","0,10%"
"23.10.2015","1.339,800","1.339,800","1.339,800","1.339,800","-0,19%"
"22.10.2015","1.342,400","1.342,400","1.342,400","1.342,400","0,23%"
"21.10.2015","1.339,270","1.339,270","1.339,270","1.339,270","0,23%"
"20.10.2015","1.336,190","1.336,190","1.336,190","1.336,190","-0,21%"
"19.10.2015","1.339,000","1.339,000","1.339,000","1.339,000","-0,08%"
"16.10.2015","1.340,030","1.340,030","1.340,030","1.340,030","0,03%"
"15.10.2015","1.339,650","1.339,650","1.339,650","1.339,650","-0,16%"
"14.10.2015","1.341,820","1.341,820","1.341,820","1.341,820","0,31%"
"13.10.2015","1.337,660","1.337,660","1.337,660","1.337,660","0,17%"
"09.10.2015","1.335,430","1.335,430","1.335,430","1.335,430","-0,04%"
"08.10.2015","1.335,960","1.335,960","1.335,960","1.335,960","-0,07%"
"07.10.2015","1.336,920","1.336,920","1.336,920","1.336,920","-0,09%"
"06.10.2015","1.338,100","1.338,100","1.338,100","1.338,100","-0,03%"
"05.10.2015","1.338,460","1.338,460","1.338,460","1.338,460","-0,29%"
"02.10.2015","1.342,380","1.342,380","1.342,380","1.342,380","0,27%"
"01.10.2015","1.338,770","1.338,770","1.338,770","1.338,770","0,15%"
"30.09.2015","1.336,700","1.336,700","1.336,700","1.336,700","-0,07%"
"29.09.2015","1.337,640","1.337,640","1.337,640","1.337,640","0,17%"
"28.09.2015","1.335,310","1.335,310","1.335,310","1.335,310","0,27%"
"25.09.2015","1.331,740","1.331,740","1.331,740","1.331,740","-0,28%"
"24.09.2015","1.335,440","1.335,440","1.335,440","1.335,440","0,16%"
"23.09.2015","1.333,260","1.333,260","1.333,260","1.333,260","-0,05%"
"22.09.2015","1.333,960","1.333,960","1.333,960","1.333,960","0,42%"
"21.09.2015","1.328,330","1.328,330","1.328,330","1.328,330","-0,26%"
"18.09.2015","1.331,810","1.331,810","1.331,810","1.331,810","0,58%"
"17.09.2015","1.324,180","1.324,180","1.324,180","1.324,180","0,19%"
"16.09.2015","1.321,710","1.321,710","1.321,710","1.321,710","-0,17%"
"15.09.2015","1.323,920","1.323,920","1.323,920","1.323,920","-0,40%"
"14.09.2015","1.329,300","1.329,300","1.329,300","1.329,300","-0,02%"
"11.09.2015","1.329,580","1.329,580","1.329,580","1.329,580","0,13%"
"10.09.2015","1.327,840","1.327,840","1.327,840","1.327,840","-0,05%"
"09.09.2015","1.328,550","1.328,550","1.328,550","1.328,550","-0,03%"
"08.09.2015","1.328,890","1.328,890","1.328,890","1.328,890","-0,16%"
"04.09.2015","1.331,040","1.331,040","1.331,040","1.331,040","0,32%"
"03.09.2015","1.326,780","1.326,780","1.326,780","1.326,780","0,18%"
"02.09.2015","1.324,420","1.324,420","1.324,420","1.324,420","-0,05%"
"01.09.2015","1.325,130","1.325,130","1.325,130","1.325,130","-0,01%"
"31.08.2015","1.325,300","1.325,300","1.325,300","1.325,300","-0,12%"
"28.08.2015","1.326,870","1.326,870","1.326,870","1.326,870","-0,02%"
"27.08.2015","1.327,130","1.327,130","1.327,130","1.327,130","-0,04%"
"26.08.2015","1.327,700","1.327,700","1.327,700","1.327,700","-0,09%"
"25.08.2015","1.328,910","1.328,910","1.328,910","1.328,910","-0,68%"
"24.08.2015","1.338,010","1.338,010","1.338,010","1.338,010","0,11%"
"21.08.2015","1.336,590","1.336,590","1.336,590","1.336,590","0,09%"
"20.08.2015","1.335,410","1.335,410","1.335,410","1.335,410","0,23%"
"19.08.2015","1.332,310","1.332,310","1.332,310","1.332,310","0,15%"
"18.08.2015","1.330,310","1.330,310","1.330,310","1.330,310","-0,17%"
"17.08.2015","1.332,590","1.332,590","1.332,590","1.332,590","0,18%"
"14.08.2015","1.330,140","1.330,140","1.330,140","1.330,140","-0,07%"
"13.08.2015","1.331,090","1.331,090","1.331,090","1.331,090","-0,25%"
"12.08.2015","1.334,400","1.334,400","1.334,400","1.334,400","0,08%"
"11.08.2015","1.333,280","1.333,280","1.333,280","1.333,280","0,46%"
"10.08.2015","1.327,230","1.327,230","1.327,230","1.327,230","-0,19%"
"07.08.2015","1.329,730","1.329,730","1.329,730","1.329,730","0,27%"
"06.08.2015","1.326,110","1.326,110","1.326,110","1.326,110","0,12%"
"05.08.2015","1.324,490","1.324,490","1.324,490","1.324,490","-0,39%"
"04.08.2015","1.329,700","1.329,700","1.329,700","1.329,700","-0,11%"
"03.08.2015","1.331,120","1.331,120","1.331,120","1.331,120","0,15%"
"31.07.2015","1.329,110","1.329,110","1.329,110","1.329,110","0,24%"
"30.07.2015","1.325,930","1.325,930","1.325,930","1.325,930","0,12%"
"29.07.2015","1.324,290","1.324,290","1.324,290","1.324,290","-0,11%"
"28.07.2015","1.325,770","1.325,770","1.325,770","1.325,770","-0,05%"
"27.07.2015","1.326,400","1.326,400","1.326,400","1.326,400","0,10%"
"24.07.2015","1.325,080","1.325,080","1.325,080","1.325,080","0,20%"
"23.07.2015","1.322,380","1.322,380","1.322,380","1.322,380","0,14%"
"22.07.2015","1.320,480","1.320,480","1.320,480","1.320,480","0,19%"
"21.07.2015","1.317,960","1.317,960","1.317,960","1.317,960","0,00%"
"20.07.2015","1.317,920","1.317,920","1.317,920","1.317,920","0,00%"
"17.07.2015","1.317,890","1.317,890","1.317,890","1.317,890","0,16%"
"16.07.2015","1.315,790","1.315,790","1.315,790","1.315,790","0,06%"
"15.07.2015","1.314,960","1.314,960","1.314,960","1.314,960","0,26%"
"14.07.2015","1.311,560","1.311,560","1.311,560","1.311,560","0,12%"
"13.07.2015","1.309,940","1.309,940","1.309,940","1.309,940","-0,09%"
"10.07.2015","1.311,080","1.311,080","1.311,080","1.311,080","-0,50%"
"09.07.2015","1.317,690","1.317,690","1.317,690","1.317,690","-0,28%"
"08.07.2015","1.321,340","1.321,340","1.321,340","1.321,340","0,15%"
"07.07.2015","1.319,340","1.319,340","1.319,340","1.319,340","0,46%"
"06.07.2015","1.313,240","1.313,240","1.313,240","1.313,240","0,42%"
"02.07.2015","1.307,790","1.307,790","1.307,790","1.307,790","-0,11%"
"01.07.2015","1.309,250","1.309,250","1.309,250","1.309,250","-0,30%"
"30.06.2015","1.313,230","1.313,230","1.313,230","1.313,230","0,12%"
"29.06.2015","1.311,670","1.311,670","1.311,670","1.311,670","0,36%"
"26.06.2015","1.306,970","1.306,970","1.306,970","1.306,970","-0,21%"
"25.06.2015","1.309,660","1.309,660","1.309,660","1.309,660","-0,07%"
"24.06.2015","1.310,640","1.310,640","1.310,640","1.310,640","-0,12%"
"22.06.2015","1.312,260","1.312,260","1.312,260","1.312,260","-0,21%"
"19.06.2015","1.314,960","1.314,960","1.314,960","1.314,960","0,21%"
"18.06.2015","1.312,150","1.312,150","1.312,150","1.312,150","0,04%"
"17.06.2015","1.311,680","1.311,680","1.311,680","1.311,680","0,05%"
"16.06.2015","1.310,960","1.310,960","1.310,960","1.310,960","0,14%"
"15.06.2015","1.309,120","1.309,120","1.309,120","1.309,120","-0,06%"
"12.06.2015","1.309,930","1.309,930","1.309,930","1.309,930","0,10%"
"11.06.2015","1.308,620","1.308,620","1.308,620","1.308,620","0,36%"
"10.06.2015","1.303,980","1.303,980","1.303,980","1.303,980","-0,31%"
"09.06.2015","1.308,040","1.308,040","1.308,040","1.308,040","-0,14%"
"08.06.2015","1.309,900","1.309,900","1.309,900","1.309,900","-0,01%"
"05.06.2015","1.310,030","1.310,030","1.310,030","1.310,030","-0,32%"
"04.06.2015","1.314,260","1.314,260","1.314,260","1.314,260","0,16%"
"03.06.2015","1.312,100","1.312,100","1.312,100","1.312,100","-0,60%"
"02.06.2015","1.320,070","1.320,070","1.320,070","1.320,070","-0,47%"
"01.06.2015","1.326,320","1.326,320","1.326,320","1.326,320","-0,31%"
"29.05.2015","1.330,460","1.330,460","1.330,460","1.330,460","0,21%"
"28.05.2015","1.327,720","1.327,720","1.327,720","1.327,720","0,02%"
"27.05.2015","1.327,520","1.327,520","1.327,520","1.327,520","0,10%"
"26.05.2015","1.326,130","1.326,130","1.326,130","1.326,130","0,25%"
"22.05.2015","1.322,810","1.322,810","1.322,810","1.322,810","-0,05%"
"21.05.2015","1.323,490","1.323,490","1.323,490","1.323,490","0,10%"
"20.05.2015","1.322,110","1.322,110","1.322,110","1.322,110","-0,06%"
"19.05.2015","1.322,930","1.322,930","1.322,930","1.322,930","-0,00%"
"18.05.2015","1.322,970","1.322,970","1.322,970","1.322,970","-0,26%"
"15.05.2015","1.326,380","1.326,380","1.326,380","1.326,380","0,60%"
"13.05.2015","1.318,470","1.318,470","1.318,470","1.318,470","-0,11%"
"12.05.2015","1.319,890","1.319,890","1.319,890","1.319,890","-0,27%"
"11.05.2015","1.323,400","1.323,400","1.323,400","1.323,400","-0,43%"
"08.05.2015","1.329,080","1.329,080","1.329,080","1.329,080","0,30%"
"07.05.2015","1.325,110","1.325,110","1.325,110","1.325,110","0,15%"
"06.05.2015","1.323,080","1.323,080","1.323,080","1.323,080","-0,32%"
"05.05.2015","1.327,270","1.327,270","1.327,270","1.327,270","-0,51%"
"04.05.2015","1.334,080","1.334,080","1.334,080","1.334,080","-0,40%"
"30.04.2015","1.339,440","1.339,440","1.339,440","1.339,440","-0,15%"
"29.04.2015","1.341,440","1.341,440","1.341,440","1.341,440","-0,50%"
"28.04.2015","1.348,120","1.348,120","1.348,120","1.348,120","-0,13%"
"27.04.2015","1.349,830","1.349,830","1.349,830","1.349,830","-0,03%"
"24.04.2015","1.350,170","1.350,170","1.350,170","1.350,170","0,10%"
"23.04.2015","1.348,850","1.348,850","1.348,850","1.348,850","0,03%"
"22.04.2015","1.348,380","1.348,380","1.348,380","1.348,380","-0,23%"
"21.04.2015","1.351,450","1.351,450","1.351,450","1.351,450","-0,10%"
"20.04.2015","1.352,850","1.352,850","1.352,850","1.352,850","-0,10%"
"17.04.2015","1.354,150","1.354,150","1.354,150","1.354,150","0,05%"
"16.04.2015","1.353,500","1.353,500","1.353,500","1.353,500","-0,04%"
"15.04.2015","1.354,100","1.354,100","1.354,100","1.354,100","0,07%"
"14.04.2015","1.353,090","1.353,090","1.353,090","1.353,090","0,17%"
"13.04.2015","1.350,730","1.350,730","1.350,730","1.350,730","0,04%"
"10.04.2015","1.350,230","1.350,230","1.350,230","1.350,230","0,05%"
"09.04.2015","1.349,600","1.349,600","1.349,600","1.349,600","-0,21%"
"08.04.2015","1.352,380","1.352,380","1.352,380","1.352,380","0,03%"
"07.04.2015","1.352,020","1.352,020","1.352,020","1.352,020","-0,01%"
"02.04.2015","1.352,200","1.352,200","1.352,200","1.352,200","-0,13%"
"01.04.2015","1.353,950","1.353,950","1.353,950","1.353,950","0,21%"
"31.03.2015","1.351,100","1.351,100","1.351,100","1.351,100","0,11%"
"30.03.2015","1.349,550","1.349,550","1.349,550","1.349,550","0,01%"
"27.03.2015","1.349,480","1.349,480","1.349,480","1.349,480","0,05%"
"26.03.2015","1.348,820","1.348,820","1.348,820","1.348,820","-0,24%"
"25.03.2015","1.352,070","1.352,070","1.352,070","1.352,070","-0,06%"
"24.03.2015","1.352,870","1.352,870","1.352,870","1.352,870","0,09%"
"23.03.2015","1.351,690","1.351,690","1.351,690","1.351,690","-0,06%"
"20.03.2015","1.352,550","1.352,550","1.352,550","1.352,550","0,10%"
"19.03.2015","1.351,170","1.351,170","1.351,170","1.351,170","0,15%"
"18.03.2015","1.349,140","1.349,140","1.349,140","1.349,140","0,45%"
"17.03.2015","1.343,040","1.343,040","1.343,040","1.343,040","0,02%"
"16.03.2015","1.342,780","1.342,780","1.342,780","1.342,780","0,09%"
"13.03.2015","1.341,520","1.341,520","1.341,520","1.341,520","-0,06%"
"12.03.2015","1.342,380","1.342,380","1.342,380","1.342,380","0,13%"
"11.03.2015","1.340,600","1.340,600","1.340,600","1.340,600","0,27%"
"10.03.2015","1.337,030","1.337,030","1.337,030","1.337,030","0,35%"
"09.03.2015","1.332,410","1.332,410","1.332,410","1.332,410","0,15%"
"06.03.2015","1.330,460","1.330,460","1.330,460","1.330,460","-0,35%"
"05.03.2015","1.335,160","1.335,160","1.335,160","1.335,160","0,14%"
"04.03.2015","1.333,250","1.333,250","1.333,250","1.333,250","-0,04%"
"03.03.2015","1.333,800","1.333,800","1.333,800","1.333,800","-0,26%"
"02.03.2015","1.337,240","1.337,240","1.337,240","1.337,240","-0,25%"
"27.02.2015","1.340,620","1.340,620","1.340,620","1.340,620","-0,02%"
"26.02.2015","1.340,920","1.340,920","1.340,920","1.340,920","-0,02%"
"25.02.2015","1.341,240","1.341,240","1.341,240","1.341,240","0,19%"
"24.02.2015","1.338,710","1.338,710","1.338,710","1.338,710","0,25%"
"23.02.2015","1.335,390","1.335,390","1.335,390","1.335,390","0,25%"
"20.02.2015","1.332,120","1.332,120","1.332,120","1.332,120","0,01%"
"19.02.2015","1.331,970","1.331,970","1.331,970","1.331,970","-0,02%"
"18.02.2015","1.332,230","1.332,230","1.332,230","1.332,230","0,07%"
"17.02.2015","1.331,310","1.331,310","1.331,310","1.331,310","-0,34%"
"13.02.2015","1.335,900","1.335,900","1.335,900","1.335,900","-0,14%"
"12.02.2015","1.337,720","1.337,720","1.337,720","1.337,720","0,07%"
"11.02.2015","1.336,740","1.336,740","1.336,740","1.336,740","0,02%"
"10.02.2015","1.336,480","1.336,480","1.336,480","1.336,480","-0,26%"
"09.02.2015","1.339,900","1.339,900","1.339,900","1.339,900","-0,11%"
"06.02.2015","1.341,320","1.341,320","1.341,320","1.341,320","-0,39%"
"05.02.2015","1.346,540","1.346,540","1.346,540","1.346,540","-0,11%"
"04.02.2015","1.348,080","1.348,080","1.348,080","1.348,080","-0,05%"
"03.02.2015","1.348,750","1.348,750","1.348,750","1.348,750","-0,45%"
"02.02.2015","1.354,800","1.354,800","1.354,800","1.354,800","-0,08%"
"30.01.2015","1.355,880","1.355,880","1.355,880","1.355,880","0,46%"
"29.01.2015","1.349,710","1.349,710","1.349,710","1.349,710","-0,07%"
"28.01.2015","1.350,720","1.350,720","1.350,720","1.350,720","0,22%"
"27.01.2015","1.347,730","1.347,730","1.347,730","1.347,730","-0,04%"
"26.01.2015","1.348,220","1.348,220","1.348,220","1.348,220","-0,07%"
"23.01.2015","1.349,130","1.349,130","1.349,130","1.349,130","0,40%"
"22.01.2015","1.343,760","1.343,760","1.343,760","1.343,760","-0,05%"
"21.01.2015","1.344,450","1.344,450","1.344,450","1.344,450","-0,29%"
"20.01.2015","1.348,390","1.348,390","1.348,390","1.348,390","0,20%"
"16.01.2015","1.345,680","1.345,680","1.345,680","1.345,680","-0,18%"
"15.01.2015","1.348,130","1.348,130","1.348,130","1.348,130","0,28%"
"14.01.2015","1.344,370","1.344,370","1.344,370","1.344,370","0,31%"
"13.01.2015","1.340,250","1.340,250","1.340,250","1.340,250","0,06%"
"12.01.2015","1.339,440","1.339,440","1.339,440","1.339,440","0,20%"
"09.01.2015","1.336,760","1.336,760","1.336,760","1.336,760","0,17%"
"08.01.2015","1.334,440","1.334,440","1.334,440","1.334,440","-0,09%"
"07.01.2015","1.335,660","1.335,660","1.335,660","1.335,660","-0,16%"
"06.01.2015","1.337,790","1.337,790","1.337,790","1.337,790","0,51%"
"05.01.2015","1.331,010","1.331,010","1.331,010","1.331,010","0,17%"
"02.01.2015","1.328,780","1.328,780","1.328,780","1.328,780","0,36%"
"30.12.2014","1.324,010","1.324,010","1.324,010","1.324,010","0,15%"
"29.12.2014","1.322,010","1.322,010","1.322,010","1.322,010","0,28%"
"23.12.2014","1.318,370","1.318,370","1.318,370","1.318,370","-0,23%"
"22.12.2014","1.321,450","1.321,450","1.321,450","1.321,450","0,08%"
"19.12.2014","1.320,330","1.320,330","1.320,330","1.320,330","0,12%"
"18.12.2014","1.318,720","1.318,720","1.318,720","1.318,720","-0,23%"
"17.12.2014","1.321,720","1.321,720","1.321,720","1.321,720","-0,11%"
"16.12.2014","1.323,170","1.323,170","1.323,170","1.323,170","0,19%"
"15.12.2014","1.320,640","1.320,640","1.320,640","1.320,640","0,02%"
"12.12.2014","1.320,430","1.320,430","1.320,430","1.320,430","0,31%"
"11.12.2014","1.316,340","1.316,340","1.316,340","1.316,340","0,00%"
"10.12.2014","1.316,310","1.316,310","1.316,310","1.316,310","0,12%"
"09.12.2014","1.314,710","1.314,710","1.314,710","1.314,710","0,17%"
"08.12.2014","1.312,490","1.312,490","1.312,490","1.312,490","0,20%"
"05.12.2014","1.309,840","1.309,840","1.309,840","1.309,840","-0,13%"
"04.12.2014","1.311,550","1.311,550","1.311,550","1.311,550","0,04%"
"03.12.2014","1.310,990","1.310,990","1.310,990","1.310,990","0,02%"
"02.12.2014","1.310,690","1.310,690","1.310,690","1.310,690","-0,21%"
"01.12.2014","1.313,440","1.313,440","1.313,440","1.313,440","-0,11%"
"28.11.2014","1.314,880","1.314,880","1.314,880","1.314,880","0,39%"
"26.11.2014","1.309,820","1.309,820","1.309,820","1.309,820","0,14%"
"25.11.2014","1.307,930","1.307,930","1.307,930","1.307,930","0,28%"
"24.11.2014","1.304,320","1.304,320","1.304,320","1.304,320","-0,05%"
"21.11.2014","1.304,960","1.304,960","1.304,960","1.304,960","0,17%"
"20.11.2014","1.302,710","1.302,710","1.302,710","1.302,710","0,18%"
"19.11.2014","1.300,420","1.300,420","1.300,420","1.300,420","-0,09%"
"18.11.2014","1.301,620","1.301,620","1.301,620","1.301,620","-0,04%"
"17.11.2014","1.302,100","1.302,100","1.302,100","1.302,100","-0,01%"
"14.11.2014","1.302,210","1.302,210","1.302,210","1.302,210","0,17%"
"13.11.2014","1.299,940","1.299,940","1.299,940","1.299,940","0,12%"
"12.11.2014","1.298,370","1.298,370","1.298,370","1.298,370","-0,11%"
"10.11.2014","1.299,750","1.299,750","1.299,750","1.299,750","-0,05%"
"07.11.2014","1.300,340","1.300,340","1.300,340","1.300,340","0,20%"
"06.11.2014","1.297,730","1.297,730","1.297,730","1.297,730","-0,08%"
"05.11.2014","1.298,780","1.298,780","1.298,780","1.298,780","-0,15%"
"04.11.2014","1.300,790","1.300,790","1.300,790","1.300,790","0,22%"
"03.11.2014","1.297,970","1.297,970","1.297,970","1.297,970","-0,07%"
"31.10.2014","1.298,930","1.298,930","1.298,930","1.298,930","0,05%"
"30.10.2014","1.298,240","1.298,240","1.298,240","1.298,240","0,08%"
"29.10.2014","1.297,160","1.297,160","1.297,160","1.297,160","-0,09%"
"28.10.2014","1.298,300","1.298,300","1.298,300","1.298,300","-0,05%"
"27.10.2014","1.299,010","1.299,010","1.299,010","1.299,010","0,06%"
"24.10.2014","1.298,240","1.298,240","1.298,240","1.298,240","0,01%"
"23.10.2014","1.298,060","1.298,060","1.298,060","1.298,060","-0,15%"
"22.10.2014","1.300,060","1.300,060","1.300,060","1.300,060","-0,01%"
"21.10.2014","1.300,200","1.300,200","1.300,200","1.300,200","-0,01%"
"20.10.2014","1.300,330","1.300,330","1.300,330","1.300,330","-0,04%"
"17.10.2014","1.300,870","1.300,870","1.300,870","1.300,870","-0,14%"
"16.10.2014","1.302,650","1.302,650","1.302,650","1.302,650","-0,35%"
"15.10.2014","1.307,280","1.307,280","1.307,280","1.307,280","0,29%"
"14.10.2014","1.303,510","1.303,510","1.303,510","1.303,510","0,33%"
"10.10.2014","1.299,280","1.299,280","1.299,280","1.299,280","0,06%"
"09.10.2014","1.298,460","1.298,460","1.298,460","1.298,460","0,05%"
"08.10.2014","1.297,870","1.297,870","1.297,870","1.297,870","0,11%"
"07.10.2014","1.296,450","1.296,450","1.296,450","1.296,450","0,20%"
"06.10.2014","1.293,860","1.293,860","1.293,860","1.293,860","0,06%"
"03.10.2014","1.293,040","1.293,040","1.293,040","1.293,040","-0,06%"
"02.10.2014","1.293,880","1.293,880","1.293,880","1.293,880","-0,08%"
"01.10.2014","1.294,940","1.294,940","1.294,940","1.294,940","0,32%"
"30.09.2014","1.290,810","1.290,810","1.290,810","1.290,810","0,04%"
"29.09.2014","1.290,340","1.290,340","1.290,340","1.290,340","0,12%"
"26.09.2014","1.288,740","1.288,740","1.288,740","1.288,740","-0,05%"
"25.09.2014","1.289,370","1.289,370","1.289,370","1.289,370","0,20%"
"24.09.2014","1.286,810","1.286,810","1.286,810","1.286,810","-0,02%"
"23.09.2014","1.287,010","1.287,010","1.287,010","1.287,010","0,09%"
"22.09.2014","1.285,810","1.285,810","1.285,810","1.285,810","0,16%"
"19.09.2014","1.283,780","1.283,780","1.283,780","1.283,780","0,23%"
"18.09.2014","1.280,880","1.280,880","1.280,880","1.280,880","-0,09%"
"17.09.2014","1.282,000","1.282,000","1.282,000","1.282,000","0,03%"
"16.09.2014","1.281,600","1.281,600","1.281,600","1.281,600","-0,02%"
"15.09.2014","1.281,920","1.281,920","1.281,920","1.281,920","0,05%"
"12.09.2014","1.281,230","1.281,230","1.281,230","1.281,230","-0,17%"
"11.09.2014","1.283,450","1.283,450","1.283,450","1.283,450","-0,07%"
"10.09.2014","1.284,310","1.284,310","1.284,310","1.284,310","-0,16%"
"09.09.2014","1.286,410","1.286,410","1.286,410","1.286,410","-0,17%"
"08.09.2014","1.288,590","1.288,590","1.288,590","1.288,590","-0,07%"
"05.09.2014","1.289,470","1.289,470","1.289,470","1.289,470","0,11%"
"04.09.2014","1.288,110","1.288,110","1.288,110","1.288,110","-0,07%"
"03.09.2014","1.288,970","1.288,970","1.288,970","1.288,970","-0,01%"
"02.09.2014","1.289,110","1.289,110","1.289,110","1.289,110","-0,32%"
"29.08.2014","1.293,300","1.293,300","1.293,300","1.293,300","-0,03%"
"28.08.2014","1.293,640","1.293,640","1.293,640","1.293,640","0,06%"
"27.08.2014","1.292,920","1.292,920","1.292,920","1.292,920","0,18%"
"26.08.2014","1.290,570","1.290,570","1.290,570","1.290,570","0,09%"
"25.08.2014","1.289,370","1.289,370","1.289,370","1.289,370","0,17%"
"22.08.2014","1.287,170","1.287,170","1.287,170","1.287,170","0,07%"
"21.08.2014","1.286,280","1.286,280","1.286,280","1.286,280","0,03%"
"20.08.2014","1.285,840","1.285,840","1.285,840","1.285,840","-0,07%"
"19.08.2014","1.286,770","1.286,770","1.286,770","1.286,770","0,04%"
"18.08.2014","1.286,200","1.286,200","1.286,200","1.286,200","0,06%"
"14.08.2014","1.285,470","1.285,470","1.285,470","1.285,470","0,14%"
"13.08.2014","1.283,730","1.283,730","1.283,730","1.283,730","0,14%"
"12.08.2014","1.281,940","1.281,940","1.281,940","1.281,940","-0,01%"
"11.08.2014","1.282,110","1.282,110","1.282,110","1.282,110","-0,06%"
"08.08.2014","1.282,840","1.282,840","1.282,840","1.282,840","0,10%"
"07.08.2014","1.281,520","1.281,520","1.281,520","1.281,520","0,14%"
"06.08.2014","1.279,790","1.279,790","1.279,790","1.279,790","0,09%"
"05.08.2014","1.278,640","1.278,640","1.278,640","1.278,640","-0,07%"
"04.08.2014","1.279,560","1.279,560","1.279,560","1.279,560","0,09%"
"01.08.2014","1.278,400","1.278,400","1.278,400","1.278,400","0,14%"
"31.07.2014","1.276,570","1.276,570","1.276,570","1.276,570","0,02%"
"30.07.2014","1.276,290","1.276,290","1.276,290","1.276,290","-0,29%"
"29.07.2014","1.279,990","1.279,990","1.279,990","1.279,990","0,13%"
"28.07.2014","1.278,270","1.278,270","1.278,270","1.278,270","0,02%"
"25.07.2014","1.278,030","1.278,030","1.278,030","1.278,030","0,11%"
"24.07.2014","1.276,570","1.276,570","1.276,570","1.276,570","-0,11%"
"23.07.2014","1.277,920","1.277,920","1.277,920","1.277,920","0,07%"
"22.07.2014","1.277,060","1.277,060","1.277,060","1.277,060","0,01%"
"21.07.2014","1.276,910","1.276,910","1.276,910","1.276,910","0,07%"
"18.07.2014","1.276,050","1.276,050","1.276,050","1.276,050","-0,07%"
"17.07.2014","1.276,920","1.276,920","1.276,920","1.276,920","0,28%"
"16.07.2014","1.273,320","1.273,320","1.273,320","1.273,320","0,07%"
"15.07.2014","1.272,410","1.272,410","1.272,410","1.272,410","-0,04%"
"11.07.2014","1.272,970","1.272,970","1.272,970","1.272,970","0,10%"
"10.07.2014","1.271,670","1.271,670","1.271,670","1.271,670","0,03%"
"09.07.2014","1.271,270","1.271,270","1.271,270","1.271,270","-0,01%"
"08.07.2014","1.271,420","1.271,420","1.271,420","1.271,420","0,20%"
"07.07.2014","1.268,920","1.268,920","1.268,920","1.268,920","0,10%"
"03.07.2014","1.267,650","1.267,650","1.267,650","1.267,650","-0,00%"
"02.07.2014","1.267,660","1.267,660","1.267,660","1.267,660","-0,24%"
"01.07.2014","1.270,730","1.270,730","1.270,730","1.270,730","-0,07%"
"30.06.2014","1.271,640","1.271,640","1.271,640","1.271,640","0,03%"
"27.06.2014","1.271,300","1.271,300","1.271,300","1.271,300","-0,02%"
"26.06.2014","1.271,560","1.271,560","1.271,560","1.271,560","0,11%"
"25.06.2014","1.270,140","1.270,140","1.270,140","1.270,140","0,18%"
"24.06.2014","1.267,810","1.267,810","1.267,810","1.267,810","0,18%"
"20.06.2014","1.265,580","1.265,580","1.265,580","1.265,580","-0,03%"
"19.06.2014","1.265,960","1.265,960","1.265,960","1.265,960","0,02%"
"18.06.2014","1.265,650","1.265,650","1.265,650","1.265,650","0,13%"
"17.06.2014","1.264,060","1.264,060","1.264,060","1.264,060","-0,17%"
"16.06.2014","1.266,200","1.266,200","1.266,200","1.266,200","0,04%"
"13.06.2014","1.265,740","1.265,740","1.265,740","1.265,740","0,03%"
"12.06.2014","1.265,370","1.265,370","1.265,370","1.265,370","0,06%"
"11.06.2014","1.264,580","1.264,580","1.264,580","1.264,580","0,02%"
"10.06.2014","1.264,380","1.264,380","1.264,380","1.264,380","-0,21%"
"06.06.2014","1.267,080","1.267,080","1.267,080","1.267,080","0,20%"
"05.06.2014","1.264,540","1.264,540","1.264,540","1.264,540","0,13%"
"04.06.2014","1.262,890","1.262,890","1.262,890","1.262,890","-0,08%"
"03.06.2014","1.263,910","1.263,910","1.263,910","1.263,910","-0,19%"
"02.06.2014","1.266,310","1.266,310","1.266,310","1.266,310","-0,12%"
"30.05.2014","1.267,870","1.267,870","1.267,870","1.267,870","-0,13%"
"28.05.2014","1.269,460","1.269,460","1.269,460","1.269,460","0,29%"
"27.05.2014","1.265,840","1.265,840","1.265,840","1.265,840","0,17%"
"23.05.2014","1.263,740","1.263,740","1.263,740","1.263,740","0,12%"
"22.05.2014","1.262,280","1.262,280","1.262,280","1.262,280","-0,05%"
"21.05.2014","1.262,960","1.262,960","1.262,960","1.262,960","-0,03%"
"20.05.2014","1.263,310","1.263,310","1.263,310","1.263,310","-0,08%"
"19.05.2014","1.264,340","1.264,340","1.264,340","1.264,340","-0,09%"
"16.05.2014","1.265,530","1.265,530","1.265,530","1.265,530","-0,05%"
"15.05.2014","1.266,160","1.266,160","1.266,160","1.266,160","0,08%"
"14.05.2014","1.265,120","1.265,120","1.265,120","1.265,120","0,29%"
"13.05.2014","1.261,410","1.261,410","1.261,410","1.261,410","0,19%"
"12.05.2014","1.259,030","1.259,030","1.259,030","1.259,030","-0,12%"
"09.05.2014","1.260,530","1.260,530","1.260,530","1.260,530","0,02%"
"07.05.2014","1.260,300","1.260,300","1.260,300","1.260,300","0,00%"
"06.05.2014","1.260,260","1.260,260","1.260,260","1.260,260","0,05%"
"05.05.2014","1.259,640","1.259,640","1.259,640","1.259,640","-0,04%"
"02.05.2014","1.260,140","1.260,140","1.260,140","1.260,140","0,19%"
"30.04.2014","1.257,720","1.257,720","1.257,720","1.257,720","0,15%"
"29.04.2014","1.255,830","1.255,830","1.255,830","1.255,830","-0,00%"
"28.04.2014","1.255,890","1.255,890","1.255,890","1.255,890","-0,08%"
"25.04.2014","1.256,930","1.256,930","1.256,930","1.256,930","0,10%"
"24.04.2014","1.255,730","1.255,730","1.255,730","1.255,730","0,02%"
"23.04.2014","1.255,470","1.255,470","1.255,470","1.255,470","0,03%"
"22.04.2014","1.255,060","1.255,060","1.255,060","1.255,060","0,02%"
"17.04.2014","1.254,750","1.254,750","1.254,750","1.254,750","-0,24%"
"16.04.2014","1.257,720","1.257,720","1.257,720","1.257,720","-0,00%"
"15.04.2014","1.257,770","1.257,770","1.257,770","1.257,770","0,15%"
"14.04.2014","1.255,880","1.255,880","1.255,880","1.255,880","-0,02%"
"11.04.2014","1.256,160","1.256,160","1.256,160","1.256,160","0,05%"
"10.04.2014","1.255,540","1.255,540","1.255,540","1.255,540","0,22%"
"09.04.2014","1.252,820","1.252,820","1.252,820","1.252,820","0,00%"
"08.04.2014","1.252,770","1.252,770","1.252,770","1.252,770","-0,05%"
"07.04.2014","1.253,360","1.253,360","1.253,360","1.253,360","0,11%"
"04.04.2014","1.251,990","1.251,990","1.251,990","1.251,990","0,31%"
"03.04.2014","1.248,130","1.248,130","1.248,130","1.248,130","0,04%"
"02.04.2014","1.247,660","1.247,660","1.247,660","1.247,660","-0,20%"
"01.04.2014","1.250,170","1.250,170","1.250,170","1.250,170","-0,02%"
"31.03.2014","1.250,460","1.250,460","1.250,460","1.250,460","0,00%"
"28.03.2014","1.250,450","1.250,450","1.250,450","1.250,450","-0,07%"
"27.03.2014","1.251,350","1.251,350","1.251,350","1.251,350","0,06%"
"26.03.2014","1.250,570","1.250,570","1.250,570","1.250,570","0,13%"
"25.03.2014","1.248,910","1.248,910","1.248,910","1.248,910","-0,02%"
"24.03.2014","1.249,180","1.249,180","1.249,180","1.249,180","0,10%"
"21.03.2014","1.247,890","1.247,890","1.247,890","1.247,890","0,10%"
"20.03.2014","1.246,660","1.246,660","1.246,660","1.246,660","-0,07%"
"19.03.2014","1.247,520","1.247,520","1.247,520","1.247,520","-0,28%"
"18.03.2014","1.250,980","1.250,980","1.250,980","1.250,980","0,06%"
"17.03.2014","1.250,210","1.250,210","1.250,210","1.250,210","-0,04%"
"14.03.2014","1.250,720","1.250,720","1.250,720","1.250,720","0,04%"
"13.03.2014","1.250,220","1.250,220","1.250,220","1.250,220","0,19%"
"12.03.2014","1.247,870","1.247,870","1.247,870","1.247,870","0,10%"
"11.03.2014","1.246,660","1.246,660","1.246,660","1.246,660","-0,01%"
"10.03.2014","1.246,790","1.246,790","1.246,790","1.246,790","0,07%"
"07.03.2014","1.245,860","1.245,860","1.245,860","1.245,860","-0,12%"
"06.03.2014","1.247,370","1.247,370","1.247,370","1.247,370","-0,19%"
"05.03.2014","1.249,770","1.249,770","1.249,770","1.249,770","-0,01%"
"04.03.2014","1.249,870","1.249,870","1.249,870","1.249,870","-0,21%"
"03.03.2014","1.252,540","1.252,540","1.252,540","1.252,540","0,25%"
"28.02.2014","1.249,390","1.249,390","1.249,390","1.249,390","-0,11%"
"27.02.2014","1.250,760","1.250,760","1.250,760","1.250,760","0,18%"
"26.02.2014","1.248,500","1.248,500","1.248,500","1.248,500","0,14%"
"25.02.2014","1.246,770","1.246,770","1.246,770","1.246,770","0,16%"
"24.02.2014","1.244,760","1.244,760","1.244,760","1.244,760","-0,00%"
"21.02.2014","1.244,820","1.244,820","1.244,820","1.244,820","0,06%"
"20.02.2014","1.244,040","1.244,040","1.244,040","1.244,040","-0,10%"
"19.02.2014","1.245,240","1.245,240","1.245,240","1.245,240","-0,10%"
"18.02.2014","1.246,450","1.246,450","1.246,450","1.246,450","0,17%"
"14.02.2014","1.244,340","1.244,340","1.244,340","1.244,340","0,00%"
"13.02.2014","1.244,310","1.244,310","1.244,310","1.244,310","0,19%"
"12.02.2014","1.241,930","1.241,930","1.241,930","1.241,930","-0,17%"
"11.02.2014","1.244,030","1.244,030","1.244,030","1.244,030","-0,12%"
"10.02.2014","1.245,550","1.245,550","1.245,550","1.245,550","0,01%"
"07.02.2014","1.245,380","1.245,380","1.245,380","1.245,380","0,09%"
"06.02.2014","1.244,310","1.244,310","1.244,310","1.244,310","-0,17%"
"05.02.2014","1.246,390","1.246,390","1.246,390","1.246,390","-0,02%"
"04.02.2014","1.246,660","1.246,660","1.246,660","1.246,660","-0,12%"
"03.02.2014","1.248,190","1.248,190","1.248,190","1.248,190","0,20%"
"31.01.2014","1.245,730","1.245,730","1.245,730","1.245,730","0,22%"
"30.01.2014","1.243,040","1.243,040","1.243,040","1.243,040","0,06%"
"29.01.2014","1.242,260","1.242,260","1.242,260","1.242,260","0,17%"
"28.01.2014","1.240,100","1.240,100","1.240,100","1.240,100","-0,01%"
"27.01.2014","1.240,170","1.240,170","1.240,170","1.240,170","-0,05%"
"24.01.2014","1.240,800","1.240,800","1.240,800","1.240,800","0,21%"
"23.01.2014","1.238,160","1.238,160","1.238,160","1.238,160","0,28%"
"22.01.2014","1.234,650","1.234,650","1.234,650","1.234,650","-0,11%"
"21.01.2014","1.235,970","1.235,970","1.235,970","1.235,970","-0,01%"
"17.01.2014","1.236,060","1.236,060","1.236,060","1.236,060","0,07%"
"16.01.2014","1.235,220","1.235,220","1.235,220","1.235,220","0,15%"
"15.01.2014","1.233,370","1.233,370","1.233,370","1.233,370","-0,08%"
"14.01.2014","1.234,390","1.234,390","1.234,390","1.234,390","0,01%"
"13.01.2014","1.234,260","1.234,260","1.234,260","1.234,260","0,14%"
"10.01.2014","1.232,500","1.232,500","1.232,500","1.232,500","0,33%"
"09.01.2014","1.228,410","1.228,410","1.228,410","1.228,410","-0,02%"
"08.01.2014","1.228,600","1.228,600","1.228,600","1.228,600","-0,13%"
"07.01.2014","1.230,240","1.230,240","1.230,240","1.230,240","0,16%"
"06.01.2014","1.228,320","1.228,320","1.228,320","1.228,320","0,15%"
"03.01.2014","1.226,430","1.226,430","1.226,430","1.226,430","0,02%"
"02.01.2014","1.226,140","1.226,140","1.226,140","1.226,140","0,06%"
"30.12.2013","1.225,370","1.225,370","1.225,370","1.225,370","0,11%"
"27.12.2013","1.223,970","1.223,970","1.223,970","1.223,970","-0,29%"
"23.12.2013","1.227,580","1.227,580","1.227,580","1.227,580","-0,10%"
"20.12.2013","1.228,840","1.228,840","1.228,840","1.228,840","0,04%"
"19.12.2013","1.228,390","1.228,390","1.228,390","1.228,390","-0,14%"
"18.12.2013","1.230,060","1.230,060","1.230,060","1.230,060","-0,10%"
"17.12.2013","1.231,240","1.231,240","1.231,240","1.231,240","0,12%"
"16.12.2013","1.229,770","1.229,770","1.229,770","1.229,770","0,02%"
"13.12.2013","1.229,500","1.229,500","1.229,500","1.229,500","0,00%"
"12.12.2013","1.229,500","1.229,500","1.229,500","1.229,500","-0,11%"
"11.12.2013","1.230,870","1.230,870","1.230,870","1.230,870","-0,06%"
"10.12.2013","1.231,630","1.231,630","1.231,630","1.231,630","0,14%"
"09.12.2013","1.229,870","1.229,870","1.229,870","1.229,870","0,09%"
"06.12.2013","1.228,750","1.228,750","1.228,750","1.228,750","0,03%"
"05.12.2013","1.228,440","1.228,440","1.228,440","1.228,440","-0,13%"
"04.12.2013","1.230,100","1.230,100","1.230,100","1.230,100","-0,26%"
"03.12.2013","1.233,260","1.233,260","1.233,260","1.233,260","0,06%"
"02.12.2013","1.232,510","1.232,510","1.232,510","1.232,510","-0,17%"
"29.11.2013","1.234,580","1.234,580","1.234,580","1.234,580","0,00%"
"27.11.2013","1.234,570","1.234,570","1.234,570","1.234,570","-0,06%"
"26.11.2013","1.235,290","1.235,290","1.235,290","1.235,290","0,14%"
"25.11.2013","1.233,560","1.233,560","1.233,560","1.233,560","0,04%"
"22.11.2013","1.233,040","1.233,040","1.233,040","1.233,040","0,11%"
"21.11.2013","1.231,710","1.231,710","1.231,710","1.231,710","-0,05%"
"20.11.2013","1.232,360","1.232,360","1.232,360","1.232,360","-0,13%"
"19.11.2013","1.234,020","1.234,020","1.234,020","1.234,020","-0,09%"
"18.11.2013","1.235,180","1.235,180","1.235,180","1.235,180","0,13%"
"15.11.2013","1.233,590","1.233,590","1.233,590","1.233,590","-0,07%"
"14.11.2013","1.234,490","1.234,490","1.234,490","1.234,490","0,14%"
"13.11.2013","1.232,710","1.232,710","1.232,710","1.232,710","0,22%"
"12.11.2013","1.230,060","1.230,060","1.230,060","1.230,060","-0,12%"
"08.11.2013","1.231,510","1.231,510","1.231,510","1.231,510","-0,36%"
"07.11.2013","1.235,920","1.235,920","1.235,920","1.235,920","0,28%"
"06.11.2013","1.232,430","1.232,430","1.232,430","1.232,430","0,00%"
"05.11.2013","1.232,390","1.232,390","1.232,390","1.232,390","-0,27%"
"04.11.2013","1.235,750","1.235,750","1.235,750","1.235,750","-0,07%"
"31.10.2013","1.236,640","1.236,640","1.236,640","1.236,640","-0,00%"
"30.10.2013","1.236,690","1.236,690","1.236,690","1.236,690","0,04%"
"29.10.2013","1.236,170","1.236,170","1.236,170","1.236,170","0,08%"
"28.10.2013","1.235,190","1.235,190","1.235,190","1.235,190","0,02%"
"25.10.2013","1.234,930","1.234,930","1.234,930","1.234,930","-0,01%"
"24.10.2013","1.235,030","1.235,030","1.235,030","1.235,030","-0,09%"
"23.10.2013","1.236,100","1.236,100","1.236,100","1.236,100","0,12%"
"22.10.2013","1.234,680","1.234,680","1.234,680","1.234,680","0,33%"
"21.10.2013","1.230,630","1.230,630","1.230,630","1.230,630","-0,07%"
"18.10.2013","1.231,520","1.231,520","1.231,520","1.231,520","0,10%"
"17.10.2013","1.230,290","1.230,290","1.230,290","1.230,290","0,27%"
"16.10.2013","1.226,920","1.226,920","1.226,920","1.226,920","0,14%"
"15.10.2013","1.225,220","1.225,220","1.225,220","1.225,220","-0,15%"
"11.10.2013","1.227,060","1.227,060","1.227,060","1.227,060","0,02%"
"10.10.2013","1.226,850","1.226,850","1.226,850","1.226,850","-0,07%"
"09.10.2013","1.227,690","1.227,690","1.227,690","1.227,690","-0,03%"
"08.10.2013","1.228,030","1.228,030","1.228,030","1.228,030","-0,08%"
"07.10.2013","1.228,980","1.228,980","1.228,980","1.228,980","0,09%"
"04.10.2013","1.227,900","1.227,900","1.227,900","1.227,900","-0,13%"
"03.10.2013","1.229,470","1.229,470","1.229,470","1.229,470","0,04%"
"02.10.2013","1.228,950","1.228,950","1.228,950","1.228,950","0,12%"
"01.10.2013","1.227,460","1.227,460","1.227,460","1.227,460","0,03%"
"30.09.2013","1.227,070","1.227,070","1.227,070","1.227,070","0,07%"
"27.09.2013","1.226,260","1.226,260","1.226,260","1.226,260","0,09%"
"26.09.2013","1.225,130","1.225,130","1.225,130","1.225,130","-0,13%"
"25.09.2013","1.226,680","1.226,680","1.226,680","1.226,680","0,10%"
"24.09.2013","1.225,430","1.225,430","1.225,430","1.225,430","0,27%"
"23.09.2013","1.222,170","1.222,170","1.222,170","1.222,170","0,13%"
"20.09.2013","1.220,610","1.220,610","1.220,610","1.220,610","-0,02%"
"19.09.2013","1.220,810","1.220,810","1.220,810","1.220,810","0,13%"
"18.09.2013","1.219,260","1.219,260","1.219,260","1.219,260","0,23%"
"17.09.2013","1.216,500","1.216,500","1.216,500","1.216,500","0,07%"
"16.09.2013","1.215,650","1.215,650","1.215,650","1.215,650","0,17%"
"13.09.2013","1.213,580","1.213,580","1.213,580","1.213,580","0,06%"
"12.09.2013","1.212,830","1.212,830","1.212,830","1.212,830","0,05%"
"11.09.2013","1.212,260","1.212,260","1.212,260","1.212,260","0,20%"
"10.09.2013","1.209,900","1.209,900","1.209,900","1.209,900","-0,18%"
"09.09.2013","1.212,040","1.212,040","1.212,040","1.212,040","0,08%"
"06.09.2013","1.211,110","1.211,110","1.211,110","1.211,110","0,26%"
"05.09.2013","1.208,000","1.208,000","1.208,000","1.208,000","-0,41%"
"04.09.2013","1.213,010","1.213,010","1.213,010","1.213,010","-0,12%"
"03.09.2013","1.214,500","1.214,500","1.214,500","1.214,500","-0,27%"
"30.08.2013","1.217,750","1.217,750","1.217,750","1.217,750","-0,05%"
"29.08.2013","1.218,330","1.218,330","1.218,330","1.218,330","0,08%"
"28.08.2013","1.217,360","1.217,360","1.217,360","1.217,360","-0,08%"
"27.08.2013","1.218,360","1.218,360","1.218,360","1.218,360","0,23%"
"26.08.2013","1.215,520","1.215,520","1.215,520","1.215,520","0,10%"
"23.08.2013","1.214,270","1.214,270","1.214,270","1.214,270","0,10%"
"22.08.2013","1.213,110","1.213,110","1.213,110","1.213,110","-0,04%"
"21.08.2013","1.213,580","1.213,580","1.213,580","1.213,580","-0,22%"
"20.08.2013","1.216,220","1.216,220","1.216,220","1.216,220","0,21%"
"19.08.2013","1.213,710","1.213,710","1.213,710","1.213,710","-0,18%"
"16.08.2013","1.215,850","1.215,850","1.215,850","1.215,850","-0,29%"
"14.08.2013","1.219,370","1.219,370","1.219,370","1.219,370","-0,03%"
"13.08.2013","1.219,700","1.219,700","1.219,700","1.219,700","-0,34%"
"12.08.2013","1.223,800","1.223,800","1.223,800","1.223,800","-0,06%"
"09.08.2013","1.224,490","1.224,490","1.224,490","1.224,490","0,03%"
"08.08.2013","1.224,150","1.224,150","1.224,150","1.224,150","0,07%"
"07.08.2013","1.223,260","1.223,260","1.223,260","1.223,260","0,13%"
"06.08.2013","1.221,620","1.221,620","1.221,620","1.221,620","-0,04%"
"05.08.2013","1.222,100","1.222,100","1.222,100","1.222,100","-0,05%"
"02.08.2013","1.222,770","1.222,770","1.222,770","1.222,770","0,20%"
"01.08.2013","1.220,270","1.220,270","1.220,270","1.220,270","-0,19%"
"31.07.2013","1.222,630","1.222,630","1.222,630","1.222,630","0,06%"
"30.07.2013","1.221,940","1.221,940","1.221,940","1.221,940","0,02%"
"29.07.2013","1.221,690","1.221,690","1.221,690","1.221,690","-0,08%"
"26.07.2013","1.222,630","1.222,630","1.222,630","1.222,630","0,08%"
"25.07.2013","1.221,670","1.221,670","1.221,670","1.221,670","-0,01%"
"24.07.2013","1.221,810","1.221,810","1.221,810","1.221,810","-0,23%"
"23.07.2013","1.224,650","1.224,650","1.224,650","1.224,650","-0,13%"
"22.07.2013","1.226,190","1.226,190","1.226,190","1.226,190","0,13%"
"19.07.2013","1.224,560","1.224,560","1.224,560","1.224,560","0,06%"
"18.07.2013","1.223,820","1.223,820","1.223,820","1.223,820","0,01%"
"17.07.2013","1.223,690","1.223,690","1.223,690","1.223,690","0,06%"
"16.07.2013","1.223,000","1.223,000","1.223,000","1.223,000","0,07%"
"15.07.2013","1.222,100","1.222,100","1.222,100","1.222,100","0,08%"
"12.07.2013","1.221,090","1.221,090","1.221,090","1.221,090","0,06%"
"11.07.2013","1.220,350","1.220,350","1.220,350","1.220,350","0,15%"
"10.07.2013","1.218,470","1.218,470","1.218,470","1.218,470","0,02%"
"09.07.2013","1.218,240","1.218,240","1.218,240","1.218,240","0,06%"
"08.07.2013","1.217,500","1.217,500","1.217,500","1.217,500","0,20%"
"05.07.2013","1.215,110","1.215,110","1.215,110","1.215,110","-0,40%"
"03.07.2013","1.220,050","1.220,050","1.220,050","1.220,050","-0,06%"
"02.07.2013","1.220,790","1.220,790","1.220,790","1.220,790","0,04%"
"01.07.2013","1.220,310","1.220,310","1.220,310","1.220,310","0,08%"
"28.06.2013","1.219,310","1.219,310","1.219,310","1.219,310","-0,01%"
"27.06.2013","1.219,400","1.219,400","1.219,400","1.219,400","0,28%"
"26.06.2013","1.215,960","1.215,960","1.215,960","1.215,960","0,32%"
"25.06.2013","1.212,030","1.212,030","1.212,030","1.212,030","-0,05%"
"24.06.2013","1.212,630","1.212,630","1.212,630","1.212,630","-0,26%"
"21.06.2013","1.215,770","1.215,770","1.215,770","1.215,770","-0,37%"
"20.06.2013","1.220,260","1.220,260","1.220,260","1.220,260","-0,62%"
"19.06.2013","1.227,880","1.227,880","1.227,880","1.227,880","-0,21%"
"18.06.2013","1.230,420","1.230,420","1.230,420","1.230,420","-0,07%"
"17.06.2013","1.231,270","1.231,270","1.231,270","1.231,270","-0,11%"
"14.06.2013","1.232,620","1.232,620","1.232,620","1.232,620","0,21%"
"13.06.2013","1.230,060","1.230,060","1.230,060","1.230,060","0,22%"
"12.06.2013","1.227,330","1.227,330","1.227,330","1.227,330","-0,06%"
"11.06.2013","1.228,120","1.228,120","1.228,120","1.228,120","-0,10%"
"10.06.2013","1.229,400","1.229,400","1.229,400","1.229,400","-0,18%"
"07.06.2013","1.231,660","1.231,660","1.231,660","1.231,660","-0,16%"
"06.06.2013","1.233,630","1.233,630","1.233,630","1.233,630","-0,09%"
"05.06.2013","1.234,700","1.234,700","1.234,700","1.234,700","0,16%"
"04.06.2013","1.232,760","1.232,760","1.232,760","1.232,760","-0,21%"
"03.06.2013","1.235,330","1.235,330","1.235,330","1.235,330","0,09%"
"31.05.2013","1.234,240","1.234,240","1.234,240","1.234,240","0,03%"
"30.05.2013","1.233,870","1.233,870","1.233,870","1.233,870","0,08%"
"29.05.2013","1.232,940","1.232,940","1.232,940","1.232,940","-0,09%"
"28.05.2013","1.234,070","1.234,070","1.234,070","1.234,070","-0,38%"
"24.05.2013","1.238,720","1.238,720","1.238,720","1.238,720","0,04%"
"23.05.2013","1.238,230","1.238,230","1.238,230","1.238,230","-0,01%"
"22.05.2013","1.238,360","1.238,360","1.238,360","1.238,360","-0,19%"
"21.05.2013","1.240,740","1.240,740","1.240,740","1.240,740","-0,14%"
"17.05.2013","1.242,540","1.242,540","1.242,540","1.242,540","-0,07%"
"16.05.2013","1.243,440","1.243,440","1.243,440","1.243,440","0,26%"
"15.05.2013","1.240,210","1.240,210","1.240,210","1.240,210","0,04%"
"14.05.2013","1.239,700","1.239,700","1.239,700","1.239,700","-0,30%"
"13.05.2013","1.243,450","1.243,450","1.243,450","1.243,450","-0,12%"
"10.05.2013","1.244,990","1.244,990","1.244,990","1.244,990","-0,52%"
"07.05.2013","1.251,520","1.251,520","1.251,520","1.251,520","-0,18%"
"06.05.2013","1.253,750","1.253,750","1.253,750","1.253,750","-0,03%"
"03.05.2013","1.254,160","1.254,160","1.254,160","1.254,160","-0,36%"
"02.05.2013","1.258,720","1.258,720","1.258,720","1.258,720","0,32%"
"30.04.2013","1.254,710","1.254,710","1.254,710","1.254,710","0,00%"
"29.04.2013","1.254,660","1.254,660","1.254,660","1.254,660","0,10%"
"26.04.2013","1.253,440","1.253,440","1.253,440","1.253,440","0,12%"
"25.04.2013","1.251,960","1.251,960","1.251,960","1.251,960","-0,04%"
"24.04.2013","1.252,480","1.252,480","1.252,480","1.252,480","-0,01%"
"23.04.2013","1.252,630","1.252,630","1.252,630","1.252,630","0,04%"
"22.04.2013","1.252,070","1.252,070","1.252,070","1.252,070","0,11%"
"19.04.2013","1.250,690","1.250,690","1.250,690","1.250,690","0,02%"
"18.04.2013","1.250,470","1.250,470","1.250,470","1.250,470","0,10%"
"17.04.2013","1.249,280","1.249,280","1.249,280","1.249,280","0,09%"
"16.04.2013","1.248,100","1.248,100","1.248,100","1.248,100","-0,03%"
"15.04.2013","1.248,520","1.248,520","1.248,520","1.248,520","0,04%"
"12.04.2013","1.248,080","1.248,080","1.248,080","1.248,080","0,01%"
"11.04.2013","1.247,970","1.247,970","1.247,970","1.247,970","0,01%"
"10.04.2013","1.247,840","1.247,840","1.247,840","1.247,840","-0,31%"
"09.04.2013","1.251,700","1.251,700","1.251,700","1.251,700","-0,18%"
"08.04.2013","1.253,990","1.253,990","1.253,990","1.253,990","-0,06%"
"05.04.2013","1.254,770","1.254,770","1.254,770","1.254,770","0,35%"
"04.04.2013","1.250,390","1.250,390","1.250,390","1.250,390","0,45%"
"03.04.2013","1.244,750","1.244,750","1.244,750","1.244,750","0,16%"
"02.04.2013","1.242,810","1.242,810","1.242,810","1.242,810","0,03%"
"28.03.2013","1.242,390","1.242,390","1.242,390","1.242,390","-0,03%"
"27.03.2013","1.242,770","1.242,770","1.242,770","1.242,770","0,13%"
"26.03.2013","1.241,150","1.241,150","1.241,150","1.241,150","0,03%"
"25.03.2013","1.240,740","1.240,740","1.240,740","1.240,740","0,05%"
"22.03.2013","1.240,120","1.240,120","1.240,120","1.240,120","0,04%"
"21.03.2013","1.239,580","1.239,580","1.239,580","1.239,580","0,20%"
"20.03.2013","1.237,080","1.237,080","1.237,080","1.237,080","-0,12%"
"19.03.2013","1.238,540","1.238,540","1.238,540","1.238,540","0,15%"
"18.03.2013","1.236,630","1.236,630","1.236,630","1.236,630","0,21%"
"15.03.2013","1.234,020","1.234,020","1.234,020","1.234,020","0,12%"
"14.03.2013","1.232,510","1.232,510","1.232,510","1.232,510","-0,03%"
"13.03.2013","1.232,830","1.232,830","1.232,830","1.232,830","-0,00%"
"12.03.2013","1.232,880","1.232,880","1.232,880","1.232,880","0,15%"
"11.03.2013","1.231,030","1.231,030","1.231,030","1.231,030","-0,06%"
"08.03.2013","1.231,810","1.231,810","1.231,810","1.231,810","-0,03%"
"07.03.2013","1.232,210","1.232,210","1.232,210","1.232,210","-0,15%"
"06.03.2013","1.234,070","1.234,070","1.234,070","1.234,070","-0,12%"
"05.03.2013","1.235,540","1.235,540","1.235,540","1.235,540","-0,06%"
"04.03.2013","1.236,260","1.236,260","1.236,260","1.236,260","-0,02%"
"01.03.2013","1.236,490","1.236,490","1.236,490","1.236,490","0,21%"
"28.02.2013","1.233,960","1.233,960","1.233,960","1.233,960","0,15%"
"27.02.2013","1.232,170","1.232,170","1.232,170","1.232,170","0,08%"
"26.02.2013","1.231,220","1.231,220","1.231,220","1.231,220","0,01%"
"25.02.2013","1.231,140","1.231,140","1.231,140","1.231,140","0,21%"
"22.02.2013","1.228,500","1.228,500","1.228,500","1.228,500","0,07%"
"21.02.2013","1.227,580","1.227,580","1.227,580","1.227,580","0,15%"
"20.02.2013","1.225,790","1.225,790","1.225,790","1.225,790","-0,02%"
"19.02.2013","1.226,090","1.226,090","1.226,090","1.226,090","0,01%"
"15.02.2013","1.225,910","1.225,910","1.225,910","1.225,910","0,01%"
"14.02.2013","1.225,760","1.225,760","1.225,760","1.225,760","0,11%"
"13.02.2013","1.224,360","1.224,360","1.224,360","1.224,360","-0,11%"
"12.02.2013","1.225,680","1.225,680","1.225,680","1.225,680","0,12%"
"11.02.2013","1.224,210","1.224,210","1.224,210","1.224,210","-0,16%"
"08.02.2013","1.226,140","1.226,140","1.226,140","1.226,140","0,03%"
"07.02.2013","1.225,770","1.225,770","1.225,770","1.225,770","0,06%"
"06.02.2013","1.225,030","1.225,030","1.225,030","1.225,030","0,04%"
"05.02.2013","1.224,590","1.224,590","1.224,590","1.224,590","-0,09%"
"04.02.2013","1.225,720","1.225,720","1.225,720","1.225,720","0,02%"
"01.02.2013","1.225,420","1.225,420","1.225,420","1.225,420","-0,08%"
"31.01.2013","1.226,380","1.226,380","1.226,380","1.226,380","0,10%"
"30.01.2013","1.225,130","1.225,130","1.225,130","1.225,130","-0,08%"
"29.01.2013","1.226,090","1.226,090","1.226,090","1.226,090","-0,03%"
"28.01.2013","1.226,440","1.226,440","1.226,440","1.226,440","-0,14%"
"25.01.2013","1.228,210","1.228,210","1.228,210","1.228,210","-0,24%"
"24.01.2013","1.231,220","1.231,220","1.231,220","1.231,220","-0,09%"
"23.01.2013","1.232,340","1.232,340","1.232,340","1.232,340","0,08%"
"22.01.2013","1.231,320","1.231,320","1.231,320","1.231,320","0,01%"
"18.01.2013","1.231,140","1.231,140","1.231,140","1.231,140","0,14%"
"17.01.2013","1.229,470","1.229,470","1.229,470","1.229,470","-0,22%"
"16.01.2013","1.232,170","1.232,170","1.232,170","1.232,170","0,11%"
"15.01.2013","1.230,760","1.230,760","1.230,760","1.230,760","0,09%"
"14.01.2013","1.229,680","1.229,680","1.229,680","1.229,680","0,06%"
"11.01.2013","1.228,970","1.228,970","1.228,970","1.228,970","0,06%"
"10.01.2013","1.228,180","1.228,180","1.228,180","1.228,180","-0,09%"
"09.01.2013","1.229,250","1.229,250","1.229,250","1.229,250","0,06%"
"08.01.2013","1.228,570","1.228,570","1.228,570","1.228,570","0,13%"
"07.01.2013","1.227,010","1.227,010","1.227,010","1.227,010","0,04%"
"04.01.2013","1.226,570","1.226,570","1.226,570","1.226,570","-0,12%"
"03.01.2013","1.228,040","1.228,040","1.228,040","1.228,040","-0,22%"
"02.01.2013","1.230,700","1.230,700","1.230,700","1.230,700","-0,34%"
"28.12.2012","1.234,840","1.234,840","1.234,840","1.234,840","0,06%"
"27.12.2012","1.234,110","1.234,110","1.234,110","1.234,110","0,06%"
"21.12.2012","1.233,370","1.233,370","1.233,370","1.233,370","0,12%"
"20.12.2012","1.231,910","1.231,910","1.231,910","1.231,910","0,08%"
"19.12.2012","1.230,940","1.230,940","1.230,940","1.230,940","0,02%"
"18.12.2012","1.230,650","1.230,650","1.230,650","1.230,650","-0,12%"
"17.12.2012","1.232,160","1.232,160","1.232,160","1.232,160","-0,15%"
"14.12.2012","1.234,030","1.234,030","1.234,030","1.234,030","0,06%"
"13.12.2012","1.233,290","1.233,290","1.233,290","1.233,290","-0,16%"
"12.12.2012","1.235,250","1.235,250","1.235,250","1.235,250","-0,01%"
"11.12.2012","1.235,360","1.235,360","1.235,360","1.235,360","-0,05%"
"10.12.2012","1.236,010","1.236,010","1.236,010","1.236,010","-0,10%"
"07.12.2012","1.237,230","1.237,230","1.237,230","1.237,230","-0,05%"
"06.12.2012","1.237,810","1.237,810","1.237,810","1.237,810","0,08%"
"05.12.2012","1.236,760","1.236,760","1.236,760","1.236,760","0,04%"
"04.12.2012","1.236,320","1.236,320","1.236,320","1.236,320","0,05%"
"03.12.2012","1.235,650","1.235,650","1.235,650","1.235,650","-0,00%"
"30.11.2012","1.235,660","1.235,660","1.235,660","1.235,660","-0,01%"
"29.11.2012","1.235,800","1.235,800","1.235,800","1.235,800","0,04%"
"28.11.2012","1.235,340","1.235,340","1.235,340","1.235,340","0,21%"
"27.11.2012","1.232,700","1.232,700","1.232,700","1.232,700","0,08%"
"26.11.2012","1.231,760","1.231,760","1.231,760","1.231,760","0,10%"
"23.11.2012","1.230,570","1.230,570","1.230,570","1.230,570","0,03%"
"21.11.2012","1.230,260","1.230,260","1.230,260","1.230,260","-0,05%"
"20.11.2012","1.230,840","1.230,840","1.230,840","1.230,840","-0,16%"
"19.11.2012","1.232,820","1.232,820","1.232,820","1.232,820","-0,10%"
"16.11.2012","1.234,040","1.234,040","1.234,040","1.234,040","0,03%"
"15.11.2012","1.233,730","1.233,730","1.233,730","1.233,730","0,02%"
"14.11.2012","1.233,450","1.233,450","1.233,450","1.233,450","-0,08%"
"13.11.2012","1.234,400","1.234,400","1.234,400","1.234,400","0,09%"
"09.11.2012","1.233,250","1.233,250","1.233,250","1.233,250","0,07%"
"08.11.2012","1.232,400","1.232,400","1.232,400","1.232,400","0,14%"
"07.11.2012","1.230,630","1.230,630","1.230,630","1.230,630","0,24%"
"06.11.2012","1.227,660","1.227,660","1.227,660","1.227,660","-0,04%"
"05.11.2012","1.228,180","1.228,180","1.228,180","1.228,180","0,09%"
"02.11.2012","1.227,080","1.227,080","1.227,080","1.227,080","-0,04%"
"31.10.2012","1.227,530","1.227,530","1.227,530","1.227,530","0,04%"
"30.10.2012","1.227,020","1.227,020","1.227,020","1.227,020","0,01%"
"29.10.2012","1.226,880","1.226,880","1.226,880","1.226,880","0,08%"
"26.10.2012","1.225,840","1.225,840","1.225,840","1.225,840","0,23%"
"25.10.2012","1.223,030","1.223,030","1.223,030","1.223,030","-0,14%"
"24.10.2012","1.224,790","1.224,790","1.224,790","1.224,790","-0,05%"
"23.10.2012","1.225,360","1.225,360","1.225,360","1.225,360","0,09%"
"22.10.2012","1.224,210","1.224,210","1.224,210","1.224,210","-0,09%"
"19.10.2012","1.225,330","1.225,330","1.225,330","1.225,330","0,17%"
"18.10.2012","1.223,190","1.223,190","1.223,190","1.223,190","-0,07%"
"17.10.2012","1.224,000","1.224,000","1.224,000","1.224,000","-0,21%"
"16.10.2012","1.226,530","1.226,530","1.226,530","1.226,530","-0,20%"
"15.10.2012","1.229,020","1.229,020","1.229,020","1.229,020","-0,04%"
"12.10.2012","1.229,510","1.229,510","1.229,510","1.229,510","0,12%"
"11.10.2012","1.228,070","1.228,070","1.228,070","1.228,070","0,05%"
"10.10.2012","1.227,410","1.227,410","1.227,410","1.227,410","0,06%"
"09.10.2012","1.226,690","1.226,690","1.226,690","1.226,690","0,13%"
"05.10.2012","1.225,100","1.225,100","1.225,100","1.225,100","-0,16%"
"04.10.2012","1.227,110","1.227,110","1.227,110","1.227,110","-0,12%"
"02.10.2012","1.228,630","1.228,630","1.228,630","1.228,630","0,04%"
"01.10.2012","1.228,080","1.228,080","1.228,080","1.228,080","0,04%"
"28.09.2012","1.227,650","1.227,650","1.227,650","1.227,650","0,08%"
"27.09.2012","1.226,620","1.226,620","1.226,620","1.226,620","-0,07%"
"26.09.2012","1.227,500","1.227,500","1.227,500","1.227,500","0,24%"
"25.09.2012","1.224,580","1.224,580","1.224,580","1.224,580","0,03%"
"24.09.2012","1.224,270","1.224,270","1.224,270","1.224,270","0,16%"
"21.09.2012","1.222,330","1.222,330","1.222,330","1.222,330","-0,02%"
"20.09.2012","1.222,530","1.222,530","1.222,530","1.222,530","0,09%"
"19.09.2012","1.221,460","1.221,460","1.221,460","1.221,460","0,13%"
"18.09.2012","1.219,900","1.219,900","1.219,900","1.219,900","0,09%"
"17.09.2012","1.218,800","1.218,800","1.218,800","1.218,800","0,05%"
"14.09.2012","1.218,160","1.218,160","1.218,160","1.218,160","-0,41%"
"13.09.2012","1.223,160","1.223,160","1.223,160","1.223,160","0,07%"
"12.09.2012","1.222,340","1.222,340","1.222,340","1.222,340","-0,18%"
"11.09.2012","1.224,540","1.224,540","1.224,540","1.224,540","-0,01%"
"10.09.2012","1.224,630","1.224,630","1.224,630","1.224,630","-0,03%"
"07.09.2012","1.225,040","1.225,040","1.225,040","1.225,040","0,11%"
"06.09.2012","1.223,640","1.223,640","1.223,640","1.223,640","-0,17%"
"05.09.2012","1.225,750","1.225,750","1.225,750","1.225,750","-0,02%"
"04.09.2012","1.226,030","1.226,030","1.226,030","1.226,030","0,07%"
"31.08.2012","1.225,140","1.225,140","1.225,140","1.225,140","0,10%"
"30.08.2012","1.223,910","1.223,910","1.223,910","1.223,910","0,07%"
"29.08.2012","1.223,040","1.223,040","1.223,040","1.223,040","-0,03%"
"28.08.2012","1.223,450","1.223,450","1.223,450","1.223,450","0,02%"
"27.08.2012","1.223,200","1.223,200","1.223,200","1.223,200","0,08%"
"24.08.2012","1.222,210","1.222,210","1.222,210","1.222,210","0,02%"
"23.08.2012","1.221,960","1.221,960","1.221,960","1.221,960","0,09%"
"22.08.2012","1.220,880","1.220,880","1.220,880","1.220,880","0,28%"
"21.08.2012","1.217,480","1.217,480","1.217,480","1.217,480","0,01%"
"20.08.2012","1.217,400","1.217,400","1.217,400","1.217,400","0,05%"
"17.08.2012","1.216,790","1.216,790","1.216,790","1.216,790","0,16%"
"16.08.2012","1.214,880","1.214,880","1.214,880","1.214,880","-0,37%"
"14.08.2012","1.219,430","1.219,430","1.219,430","1.219,430","-0,16%"
"13.08.2012","1.221,430","1.221,430","1.221,430","1.221,430","-0,03%"
"10.08.2012","1.221,820","1.221,820","1.221,820","1.221,820","0,10%"
"09.08.2012","1.220,580","1.220,580","1.220,580","1.220,580","-0,02%"
"08.08.2012","1.220,780","1.220,780","1.220,780","1.220,780","-0,02%"
"07.08.2012","1.221,030","1.221,030","1.221,030","1.221,030","-0,33%"
"06.08.2012","1.225,100","1.225,100","1.225,100","1.225,100","0,13%"
"03.08.2012","1.223,450","1.223,450","1.223,450","1.223,450","-0,13%"
"02.08.2012","1.225,040","1.225,040","1.225,040","1.225,040","0,08%"
"01.08.2012","1.224,120","1.224,120","1.224,120","1.224,120","-0,09%"
"31.07.2012","1.225,190","1.225,190","1.225,190","1.225,190","0,14%"
"30.07.2012","1.223,420","1.223,420","1.223,420","1.223,420","0,07%"
"27.07.2012","1.222,600","1.222,600","1.222,600","1.222,600","-0,23%"
"26.07.2012","1.225,460","1.225,460","1.225,460","1.225,460","0,11%"
"25.07.2012","1.224,140","1.224,140","1.224,140","1.224,140","0,04%"
"24.07.2012","1.223,620","1.223,620","1.223,620","1.223,620","-0,16%"
"23.07.2012","1.225,560","1.225,560","1.225,560","1.225,560","-0,05%"
"20.07.2012","1.226,150","1.226,150","1.226,150","1.226,150","0,04%"
"19.07.2012","1.225,680","1.225,680","1.225,680","1.225,680","0,01%"
"18.07.2012","1.225,530","1.225,530","1.225,530","1.225,530","0,06%"
"17.07.2012","1.224,820","1.224,820","1.224,820","1.224,820","-0,01%"
"16.07.2012","1.224,910","1.224,910","1.224,910","1.224,910","0,10%"
"13.07.2012","1.223,640","1.223,640","1.223,640","1.223,640","-0,03%"
"12.07.2012","1.224,060","1.224,060","1.224,060","1.224,060","0,12%"
"11.07.2012","1.222,580","1.222,580","1.222,580","1.222,580","0,14%"
"10.07.2012","1.220,810","1.220,810","1.220,810","1.220,810","0,12%"
"09.07.2012","1.219,390","1.219,390","1.219,390","1.219,390","0,06%"
"06.07.2012","1.218,610","1.218,610","1.218,610","1.218,610","0,19%"
"05.07.2012","1.216,310","1.216,310","1.216,310","1.216,310","0,02%"
"03.07.2012","1.216,030","1.216,030","1.216,030","1.216,030","-0,03%"
"02.07.2012","1.216,340","1.216,340","1.216,340","1.216,340","0,25%"
"29.06.2012","1.213,360","1.213,360","1.213,360","1.213,360","-0,01%"
"28.06.2012","1.213,450","1.213,450","1.213,450","1.213,450","0,11%"
"27.06.2012","1.212,170","1.212,170","1.212,170","1.212,170","-0,03%"
"26.06.2012","1.212,530","1.212,530","1.212,530","1.212,530","-0,19%"
"25.06.2012","1.214,830","1.214,830","1.214,830","1.214,830","0,14%"
"22.06.2012","1.213,130","1.213,130","1.213,130","1.213,130","-0,08%"
"21.06.2012","1.214,090","1.214,090","1.214,090","1.214,090","0,22%"
"20.06.2012","1.211,460","1.211,460","1.211,460","1.211,460","-0,07%"
"19.06.2012","1.212,290","1.212,290","1.212,290","1.212,290","-0,11%"
"18.06.2012","1.213,640","1.213,640","1.213,640","1.213,640","-0,02%"
"15.06.2012","1.213,840","1.213,840","1.213,840","1.213,840","0,34%"
"14.06.2012","1.209,730","1.209,730","1.209,730","1.209,730","-0,06%"
"13.06.2012","1.210,430","1.210,430","1.210,430","1.210,430","-0,07%"
"12.06.2012","1.211,330","1.211,330","1.211,330","1.211,330","-0,35%"
"11.06.2012","1.215,600","1.215,600","1.215,600","1.215,600","-0,11%"
"08.06.2012","1.216,940","1.216,940","1.216,940","1.216,940","0,09%"
"07.06.2012","1.215,820","1.215,820","1.215,820","1.215,820","-0,15%"
"06.06.2012","1.217,640","1.217,640","1.217,640","1.217,640","-0,30%"
"05.06.2012","1.221,330","1.221,330","1.221,330","1.221,330","-0,19%"
"04.06.2012","1.223,710","1.223,710","1.223,710","1.223,710","-0,06%"
"01.06.2012","1.224,410","1.224,410","1.224,410","1.224,410","0,34%"
"31.05.2012","1.220,220","1.220,220","1.220,220","1.220,220","0,34%"
"30.05.2012","1.216,080","1.216,080","1.216,080","1.216,080","0,27%"
"29.05.2012","1.212,840","1.212,840","1.212,840","1.212,840","0,01%"
"25.05.2012","1.212,730","1.212,730","1.212,730","1.212,730","-0,01%"
"24.05.2012","1.212,910","1.212,910","1.212,910","1.212,910","0,07%"
"23.05.2012","1.212,070","1.212,070","1.212,070","1.212,070","0,12%"
"22.05.2012","1.210,640","1.210,640","1.210,640","1.210,640","0,00%"
"21.05.2012","1.210,610","1.210,610","1.210,610","1.210,610","-0,07%"
"18.05.2012","1.211,450","1.211,450","1.211,450","1.211,450","0,22%"
"16.05.2012","1.208,820","1.208,820","1.208,820","1.208,820","0,12%"
"15.05.2012","1.207,400","1.207,400","1.207,400","1.207,400","-0,14%"
"14.05.2012","1.209,060","1.209,060","1.209,060","1.209,060","0,11%"
"11.05.2012","1.207,710","1.207,710","1.207,710","1.207,710","0,09%"
"10.05.2012","1.206,600","1.206,600","1.206,600","1.206,600","0,01%"
"09.05.2012","1.206,530","1.206,530","1.206,530","1.206,530","0,01%"
"07.05.2012","1.206,350","1.206,350","1.206,350","1.206,350","0,14%"
"04.05.2012","1.204,670","1.204,670","1.204,670","1.204,670","0,18%"
"03.05.2012","1.202,470","1.202,470","1.202,470","1.202,470","0,06%"
"02.05.2012","1.201,760","1.201,760","1.201,760","1.201,760","0,04%"
"30.04.2012","1.201,300","1.201,300","1.201,300","1.201,300","0,14%"
"27.04.2012","1.199,650","1.199,650","1.199,650","1.199,650","-0,00%"
"26.04.2012","1.199,690","1.199,690","1.199,690","1.199,690","0,13%"
"25.04.2012","1.198,120","1.198,120","1.198,120","1.198,120","0,03%"
"24.04.2012","1.197,740","1.197,740","1.197,740","1.197,740","-0,03%"
"23.04.2012","1.198,040","1.198,040","1.198,040","1.198,040","0,12%"
"20.04.2012","1.196,650","1.196,650","1.196,650","1.196,650","-0,05%"
"19.04.2012","1.197,290","1.197,290","1.197,290","1.197,290","-0,06%"
"18.04.2012","1.198,030","1.198,030","1.198,030","1.198,030","0,03%"
"17.04.2012","1.197,720","1.197,720","1.197,720","1.197,720","0,01%"
"16.04.2012","1.197,580","1.197,580","1.197,580","1.197,580","-0,04%"
"13.04.2012","1.198,030","1.198,030","1.198,030","1.198,030","0,09%"
"12.04.2012","1.196,960","1.196,960","1.196,960","1.196,960","0,02%"
"11.04.2012","1.196,730","1.196,730","1.196,730","1.196,730","-0,04%"
"10.04.2012","1.197,180","1.197,180","1.197,180","1.197,180","0,48%"
"05.04.2012","1.191,490","1.191,490","1.191,490","1.191,490","0,08%"
"04.04.2012","1.190,570","1.190,570","1.190,570","1.190,570","-0,01%"
"03.04.2012","1.190,630","1.190,630","1.190,630","1.190,630","-0,25%"
"02.04.2012","1.193,610","1.193,610","1.193,610","1.193,610","0,01%"
"30.03.2012","1.193,550","1.193,550","1.193,550","1.193,550","0,03%"
"29.03.2012","1.193,250","1.193,250","1.193,250","1.193,250","0,01%"
"28.03.2012","1.193,110","1.193,110","1.193,110","1.193,110","0,04%"
"27.03.2012","1.192,620","1.192,620","1.192,620","1.192,620","0,11%"
"26.03.2012","1.191,260","1.191,260","1.191,260","1.191,260","-0,04%"
"23.03.2012","1.191,740","1.191,740","1.191,740","1.191,740","0,19%"
"22.03.2012","1.189,490","1.189,490","1.189,490","1.189,490","0,05%"
"21.03.2012","1.188,920","1.188,920","1.188,920","1.188,920","0,14%"
"20.03.2012","1.187,230","1.187,230","1.187,230","1.187,230","0,01%"
"19.03.2012","1.187,070","1.187,070","1.187,070","1.187,070","-0,04%"
"16.03.2012","1.187,590","1.187,590","1.187,590","1.187,590","-0,12%"
"15.03.2012","1.188,960","1.188,960","1.188,960","1.188,960","-0,14%"
"14.03.2012","1.190,630","1.190,630","1.190,630","1.190,630","-0,48%"
"13.03.2012","1.196,380","1.196,380","1.196,380","1.196,380","-0,25%"
"12.03.2012","1.199,400","1.199,400","1.199,400","1.199,400","0,05%"
"09.03.2012","1.198,790","1.198,790","1.198,790","1.198,790","-0,04%"
"08.03.2012","1.199,270","1.199,270","1.199,270","1.199,270","-0,03%"
"07.03.2012","1.199,630","1.199,630","1.199,630","1.199,630","0,02%"
"06.03.2012","1.199,420","1.199,420","1.199,420","1.199,420","0,08%"
"05.03.2012","1.198,510","1.198,510","1.198,510","1.198,510","-0,18%"
"02.03.2012","1.200,720","1.200,720","1.200,720","1.200,720","0,16%"
"01.03.2012","1.198,760","1.198,760","1.198,760","1.198,760","0,02%"
"29.02.2012","1.198,520","1.198,520","1.198,520","1.198,520","0,03%"
"28.02.2012","1.198,110","1.198,110","1.198,110","1.198,110","0,05%"
"27.02.2012","1.197,490","1.197,490","1.197,490","1.197,490","0,19%"
"24.02.2012","1.195,200","1.195,200","1.195,200","1.195,200","0,09%"
"23.02.2012","1.194,170","1.194,170","1.194,170","1.194,170","-0,00%"
"22.02.2012","1.194,200","1.194,200","1.194,200","1.194,200","0,16%"
"21.02.2012","1.192,300","1.192,300","1.192,300","1.192,300","-0,06%"
"17.02.2012","1.193,050","1.193,050","1.193,050","1.193,050","-0,03%"
"16.02.2012","1.193,370","1.193,370","1.193,370","1.193,370","-0,09%"
"15.02.2012","1.194,490","1.194,490","1.194,490","1.194,490","-0,04%"
"14.02.2012","1.194,910","1.194,910","1.194,910","1.194,910","0,10%"
"13.02.2012","1.193,670","1.193,670","1.193,670","1.193,670","0,02%"
"10.02.2012","1.193,410","1.193,410","1.193,410","1.193,410","0,12%"
"09.02.2012","1.191,950","1.191,950","1.191,950","1.191,950","-0,07%"
"08.02.2012","1.192,740","1.192,740","1.192,740","1.192,740","-0,06%"
"07.02.2012","1.193,470","1.193,470","1.193,470","1.193,470","-0,20%"
"06.02.2012","1.195,880","1.195,880","1.195,880","1.195,880","0,08%"
"03.02.2012","1.194,910","1.194,910","1.194,910","1.194,910","-0,31%"
"02.02.2012","1.198,580","1.198,580","1.198,580","1.198,580","0,05%"
"01.02.2012","1.197,980","1.197,980","1.197,980","1.197,980","0,03%"
"31.01.2012","1.197,580","1.197,580","1.197,580","1.197,580","0,17%"
"30.01.2012","1.195,520","1.195,520","1.195,520","1.195,520","0,11%"
"27.01.2012","1.194,150","1.194,150","1.194,150","1.194,150","0,20%"
"26.01.2012","1.191,720","1.191,720","1.191,720","1.191,720","0,31%"
"25.01.2012","1.187,980","1.187,980","1.187,980","1.187,980","0,14%"
"24.01.2012","1.186,370","1.186,370","1.186,370","1.186,370","-0,05%"
"23.01.2012","1.186,940","1.186,940","1.186,940","1.186,940","-0,04%"
"20.01.2012","1.187,450","1.187,450","1.187,450","1.187,450","-0,12%"
"19.01.2012","1.188,850","1.188,850","1.188,850","1.188,850","-0,19%"
"18.01.2012","1.191,110","1.191,110","1.191,110","1.191,110","-0,09%"
"17.01.2012","1.192,150","1.192,150","1.192,150","1.192,150","0,18%"
"13.01.2012","1.190,030","1.190,030","1.190,030","1.190,030","0,00%"
"12.01.2012","1.190,010","1.190,010","1.190,010","1.190,010","0,16%"
"11.01.2012","1.188,060","1.188,060","1.188,060","1.188,060","0,30%"
"10.01.2012","1.184,480","1.184,480","1.184,480","1.184,480","-0,01%"
"09.01.2012","1.184,550","1.184,550","1.184,550","1.184,550","0,06%"
"06.01.2012","1.183,890","1.183,890","1.183,890","1.183,890","0,05%"
"05.01.2012","1.183,280","1.183,280","1.183,280","1.183,280","-0,08%"
"04.01.2012","1.184,220","1.184,220","1.184,220","1.184,220","-0,15%"
"03.01.2012","1.186,050","1.186,050","1.186,050","1.186,050","-0,26%"
"30.12.2011","1.189,190","1.189,190","1.189,190","1.189,190","0,07%"
"29.12.2011","1.188,400","1.188,400","1.188,400","1.188,400","0,06%"
"28.12.2011","1.187,630","1.187,630","1.187,630","1.187,630","0,18%"
"27.12.2011","1.185,450","1.185,450","1.185,450","1.185,450","0,09%"
"23.12.2011","1.184,430","1.184,430","1.184,430","1.184,430","-0,10%"
"22.12.2011","1.185,580","1.185,580","1.185,580","1.185,580","0,01%"
"21.12.2011","1.185,420","1.185,420","1.185,420","1.185,420","-0,17%"
"20.12.2011","1.187,420","1.187,420","1.187,420","1.187,420","-0,18%"
"19.12.2011","1.189,530","1.189,530","1.189,530","1.189,530","0,13%"
"16.12.2011","1.188,030","1.188,030","1.188,030","1.188,030","0,22%"
"15.12.2011","1.185,400","1.185,400","1.185,400","1.185,400","0,12%"
"14.12.2011","1.183,950","1.183,950","1.183,950","1.183,950","0,24%"
"13.12.2011","1.181,150","1.181,150","1.181,150","1.181,150","0,11%"
"12.12.2011","1.179,890","1.179,890","1.179,890","1.179,890","0,21%"
"09.12.2011","1.177,470","1.177,470","1.177,470","1.177,470","-0,08%"
"08.12.2011","1.178,400","1.178,400","1.178,400","1.178,400","-0,06%"
"07.12.2011","1.179,070","1.179,070","1.179,070","1.179,070","0,03%"
"06.12.2011","1.178,660","1.178,660","1.178,660","1.178,660","-0,03%"
"05.12.2011","1.179,020","1.179,020","1.179,020","1.179,020","0,35%"
"02.12.2011","1.174,920","1.174,920","1.174,920","1.174,920","0,13%"
"01.12.2011","1.173,430","1.173,430","1.173,430","1.173,430","0,32%"
"30.11.2011","1.169,730","1.169,730","1.169,730","1.169,730","0,04%"
"29.11.2011","1.169,300","1.169,300","1.169,300","1.169,300","0,04%"
"28.11.2011","1.168,800","1.168,800","1.168,800","1.168,800","0,02%"
"25.11.2011","1.168,540","1.168,540","1.168,540","1.168,540","-0,45%"
"23.11.2011","1.173,770","1.173,770","1.173,770","1.173,770","-0,12%"
"22.11.2011","1.175,200","1.175,200","1.175,200","1.175,200","-0,03%"
"21.11.2011","1.175,540","1.175,540","1.175,540","1.175,540","0,09%"
"18.11.2011","1.174,430","1.174,430","1.174,430","1.174,430","0,05%"
"17.11.2011","1.173,790","1.173,790","1.173,790","1.173,790","0,04%"
"16.11.2011","1.173,370","1.173,370","1.173,370","1.173,370","0,10%"
"15.11.2011","1.172,180","1.172,180","1.172,180","1.172,180","-0,21%"
"14.11.2011","1.174,690","1.174,690","1.174,690","1.174,690","0,09%"
"10.11.2011","1.173,650","1.173,650","1.173,650","1.173,650","-0,13%"
"09.11.2011","1.175,130","1.175,130","1.175,130","1.175,130","0,03%"
"08.11.2011","1.174,790","1.174,790","1.174,790","1.174,790","-0,07%"
"07.11.2011","1.175,590","1.175,590","1.175,590","1.175,590","-0,07%"
"04.11.2011","1.176,470","1.176,470","1.176,470","1.176,470","0,14%"
"03.11.2011","1.174,840","1.174,840","1.174,840","1.174,840","-0,24%"
"02.11.2011","1.177,710","1.177,710","1.177,710","1.177,710","0,42%"
"31.10.2011","1.172,730","1.172,730","1.172,730","1.172,730","0,51%"
"28.10.2011","1.166,750","1.166,750","1.166,750","1.166,750","-0,02%"
"27.10.2011","1.166,970","1.166,970","1.166,970","1.166,970","-0,49%"
"26.10.2011","1.172,720","1.172,720","1.172,720","1.172,720","0,03%"
"25.10.2011","1.172,410","1.172,410","1.172,410","1.172,410","0,37%"
"24.10.2011","1.168,130","1.168,130","1.168,130","1.168,130","-0,11%"
"21.10.2011","1.169,460","1.169,460","1.169,460","1.169,460","-0,14%"
"20.10.2011","1.171,050","1.171,050","1.171,050","1.171,050","-0,01%"
"19.10.2011","1.171,180","1.171,180","1.171,180","1.171,180","-0,07%"
"18.10.2011","1.172,040","1.172,040","1.172,040","1.172,040","-0,04%"
"17.10.2011","1.172,500","1.172,500","1.172,500","1.172,500","0,27%"
"14.10.2011","1.169,350","1.169,350","1.169,350","1.169,350","-0,24%"
"13.10.2011","1.172,190","1.172,190","1.172,190","1.172,190","0,08%"
"12.10.2011","1.171,270","1.171,270","1.171,270","1.171,270","-0,27%"
"11.10.2011","1.174,450","1.174,450","1.174,450","1.174,450","-0,29%"
"07.10.2011","1.177,850","1.177,850","1.177,850","1.177,850","-0,18%"
"06.10.2011","1.179,960","1.179,960","1.179,960","1.179,960","-0,26%"
"05.10.2011","1.183,080","1.183,080","1.183,080","1.183,080","-0,26%"
"04.10.2011","1.186,200","1.186,200","1.186,200","1.186,200","0,48%"
"30.09.2011","1.180,540","1.180,540","1.180,540","1.180,540","0,29%"
"29.09.2011","1.177,100","1.177,100","1.177,100","1.177,100","0,06%"
"28.09.2011","1.176,350","1.176,350","1.176,350","1.176,350","-0,10%"
"27.09.2011","1.177,580","1.177,580","1.177,580","1.177,580","-0,38%"
"26.09.2011","1.182,120","1.182,120","1.182,120","1.182,120","-0,17%"
"23.09.2011","1.184,140","1.184,140","1.184,140","1.184,140","-0,22%"
"22.09.2011","1.186,710","1.186,710","1.186,710","1.186,710","0,53%"
"21.09.2011","1.180,460","1.180,460","1.180,460","1.180,460","0,14%"
"20.09.2011","1.178,850","1.178,850","1.178,850","1.178,850","0,02%"
"19.09.2011","1.178,570","1.178,570","1.178,570","1.178,570","0,22%"
"16.09.2011","1.176,040","1.176,040","1.176,040","1.176,040","0,26%"
"15.09.2011","1.172,990","1.172,990","1.172,990","1.172,990","-0,21%"
"14.09.2011","1.175,500","1.175,500","1.175,500","1.175,500","-0,02%"
"13.09.2011","1.175,760","1.175,760","1.175,760","1.175,760","-0,19%"
"12.09.2011","1.178,050","1.178,050","1.178,050","1.178,050","-0,06%"
"09.09.2011","1.178,750","1.178,750","1.178,750","1.178,750","0,19%"
"08.09.2011","1.176,540","1.176,540","1.176,540","1.176,540","0,18%"
"07.09.2011","1.174,440","1.174,440","1.174,440","1.174,440","-0,00%"
"06.09.2011","1.174,490","1.174,490","1.174,490","1.174,490","0,23%"
"02.09.2011","1.171,790","1.171,790","1.171,790","1.171,790","0,32%"
"01.09.2011","1.168,110","1.168,110","1.168,110","1.168,110","0,19%"
"31.08.2011","1.165,900","1.165,900","1.165,900","1.165,900","-0,29%"
"30.08.2011","1.169,320","1.169,320","1.169,320","1.169,320","0,13%"
"29.08.2011","1.167,750","1.167,750","1.167,750","1.167,750","-0,09%"
"26.08.2011","1.168,800","1.168,800","1.168,800","1.168,800","0,08%"
"25.08.2011","1.167,910","1.167,910","1.167,910","1.167,910","0,10%"
"24.08.2011","1.166,790","1.166,790","1.166,790","1.166,790","-0,33%"
"23.08.2011","1.170,690","1.170,690","1.170,690","1.170,690","-0,20%"
"22.08.2011","1.173,050","1.173,050","1.173,050","1.173,050","-0,04%"
"19.08.2011","1.173,550","1.173,550","1.173,550","1.173,550","0,00%"
"18.08.2011","1.173,500","1.173,500","1.173,500","1.173,500","0,39%"
"17.08.2011","1.168,890","1.168,890","1.168,890","1.168,890","0,40%"
"16.08.2011","1.164,190","1.164,190","1.164,190","1.164,190","0,09%"
"12.08.2011","1.163,120","1.163,120","1.163,120","1.163,120","0,14%"
"11.08.2011","1.161,540","1.161,540","1.161,540","1.161,540","-0,44%"
"10.08.2011","1.166,660","1.166,660","1.166,660","1.166,660","0,43%"
"09.08.2011","1.161,640","1.161,640","1.161,640","1.161,640","-0,06%"
"08.08.2011","1.162,390","1.162,390","1.162,390","1.162,390","0,79%"
"05.08.2011","1.153,260","1.153,260","1.153,260","1.153,260","-0,18%"
"04.08.2011","1.155,320","1.155,320","1.155,320","1.155,320","0,46%"
"03.08.2011","1.150,050","1.150,050","1.150,050","1.150,050","0,08%"
"02.08.2011","1.149,140","1.149,140","1.149,140","1.149,140","0,27%"
"01.08.2011","1.146,090","1.146,090","1.146,090","1.146,090","0,10%"
"29.07.2011","1.144,900","1.144,900","1.144,900","1.144,900","0,33%"
"28.07.2011","1.141,090","1.141,090","1.141,090","1.141,090","0,05%"
"27.07.2011","1.140,500","1.140,500","1.140,500","1.140,500","0,05%"
"26.07.2011","1.139,960","1.139,960","1.139,960","1.139,960","0,13%"
"25.07.2011","1.138,440","1.138,440","1.138,440","1.138,440","-0,10%"
"22.07.2011","1.139,630","1.139,630","1.139,630","1.139,630","0,13%"
"21.07.2011","1.138,140","1.138,140","1.138,140","1.138,140","-0,11%"
"20.07.2011","1.139,430","1.139,430","1.139,430","1.139,430","-0,11%"
"19.07.2011","1.140,670","1.140,670","1.140,670","1.140,670","0,21%"
"18.07.2011","1.138,300","1.138,300","1.138,300","1.138,300","-0,07%"
"15.07.2011","1.139,140","1.139,140","1.139,140","1.139,140","0,04%"
"14.07.2011","1.138,670","1.138,670","1.138,670","1.138,670","-0,06%"
"13.07.2011","1.139,340","1.139,340","1.139,340","1.139,340","-0,07%"
"12.07.2011","1.140,100","1.140,100","1.140,100","1.140,100","0,18%"
"11.07.2011","1.138,100","1.138,100","1.138,100","1.138,100","0,21%"
"08.07.2011","1.135,750","1.135,750","1.135,750","1.135,750","0,31%"
"07.07.2011","1.132,250","1.132,250","1.132,250","1.132,250","-0,12%"
"06.07.2011","1.133,600","1.133,600","1.133,600","1.133,600","0,01%"
"05.07.2011","1.133,430","1.133,430","1.133,430","1.133,430","0,08%"
"01.07.2011","1.132,510","1.132,510","1.132,510","1.132,510","-0,01%"
"30.06.2011","1.132,620","1.132,620","1.132,620","1.132,620","-0,09%"
"29.06.2011","1.133,600","1.133,600","1.133,600","1.133,600","-0,20%"
"28.06.2011","1.135,920","1.135,920","1.135,920","1.135,920","-0,26%"
"27.06.2011","1.138,880","1.138,880","1.138,880","1.138,880","-0,15%"
"24.06.2011","1.140,580","1.140,580","1.140,580","1.140,580","0,29%"
"22.06.2011","1.137,320","1.137,320","1.137,320","1.137,320","0,02%"
"21.06.2011","1.137,090","1.137,090","1.137,090","1.137,090","-0,01%"
"20.06.2011","1.137,180","1.137,180","1.137,180","1.137,180","-0,04%"
"17.06.2011","1.137,650","1.137,650","1.137,650","1.137,650","-0,06%"
"16.06.2011","1.138,340","1.138,340","1.138,340","1.138,340","0,15%"
"15.06.2011","1.136,610","1.136,610","1.136,610","1.136,610","0,25%"
"14.06.2011","1.133,810","1.133,810","1.133,810","1.133,810","-0,28%"
"10.06.2011","1.137,050","1.137,050","1.137,050","1.137,050","0,12%"
"09.06.2011","1.135,640","1.135,640","1.135,640","1.135,640","-0,03%"
"08.06.2011","1.135,970","1.135,970","1.135,970","1.135,970","0,17%"
"07.06.2011","1.134,070","1.134,070","1.134,070","1.134,070","-0,17%"
"06.06.2011","1.136,050","1.136,050","1.136,050","1.136,050","-0,01%"
"03.06.2011","1.136,180","1.136,180","1.136,180","1.136,180","-0,00%"
"01.06.2011","1.136,190","1.136,190","1.136,190","1.136,190","0,20%"
"31.05.2011","1.133,900","1.133,900","1.133,900","1.133,900","-0,06%"
"27.05.2011","1.134,620","1.134,620","1.134,620","1.134,620","0,08%"
"26.05.2011","1.133,680","1.133,680","1.133,680","1.133,680","0,19%"
"25.05.2011","1.131,580","1.131,580","1.131,580","1.131,580","0,09%"
"24.05.2011","1.130,600","1.130,600","1.130,600","1.130,600","-0,01%"
"23.05.2011","1.130,690","1.130,690","1.130,690","1.130,690","0,08%"
"20.05.2011","1.129,750","1.129,750","1.129,750","1.129,750","0,16%"
"19.05.2011","1.128,000","1.128,000","1.128,000","1.128,000","0,01%"
"18.05.2011","1.127,860","1.127,860","1.127,860","1.127,860","-0,19%"
"17.05.2011","1.129,960","1.129,960","1.129,960","1.129,960","0,02%"
"16.05.2011","1.129,750","1.129,750","1.129,750","1.129,750","-0,00%"
"13.05.2011","1.129,780","1.129,780","1.129,780","1.129,780","0,10%"
"12.05.2011","1.128,620","1.128,620","1.128,620","1.128,620","0,04%"
"11.05.2011","1.128,160","1.128,160","1.128,160","1.128,160","0,12%"
"10.05.2011","1.126,850","1.126,850","1.126,850","1.126,850","-0,07%"
"09.05.2011","1.127,590","1.127,590","1.127,590","1.127,590","0,08%"
"06.05.2011","1.126,730","1.126,730","1.126,730","1.126,730","0,18%"
"05.05.2011","1.124,740","1.124,740","1.124,740","1.124,740","0,22%"
"04.05.2011","1.122,320","1.122,320","1.122,320","1.122,320","0,02%"
"03.05.2011","1.122,060","1.122,060","1.122,060","1.122,060","0,02%"
"02.05.2011","1.121,800","1.121,800","1.121,800","1.121,800","0,06%"
"29.04.2011","1.121,150","1.121,150","1.121,150","1.121,150","0,09%"
"28.04.2011","1.120,090","1.120,090","1.120,090","1.120,090","0,25%"
"27.04.2011","1.117,250","1.117,250","1.117,250","1.117,250","-0,15%"
"26.04.2011","1.118,900","1.118,900","1.118,900","1.118,900","0,21%"
"21.04.2011","1.116,550","1.116,550","1.116,550","1.116,550","0,08%"
"20.04.2011","1.115,670","1.115,670","1.115,670","1.115,670","-0,09%"
"19.04.2011","1.116,680","1.116,680","1.116,680","1.116,680","0,06%"
"18.04.2011","1.115,970","1.115,970","1.115,970","1.115,970","0,21%"
"15.04.2011","1.113,620","1.113,620","1.113,620","1.113,620","0,22%"
"14.04.2011","1.111,160","1.111,160","1.111,160","1.111,160","-0,03%"
"13.04.2011","1.111,510","1.111,510","1.111,510","1.111,510","0,08%"
"12.04.2011","1.110,660","1.110,660","1.110,660","1.110,660","0,29%"
"11.04.2011","1.107,480","1.107,480","1.107,480","1.107,480","0,03%"
"08.04.2011","1.107,190","1.107,190","1.107,190","1.107,190","-0,16%"
"07.04.2011","1.108,980","1.108,980","1.108,980","1.108,980","-0,01%"
"06.04.2011","1.109,110","1.109,110","1.109,110","1.109,110","-0,15%"
"05.04.2011","1.110,730","1.110,730","1.110,730","1.110,730","-0,13%"
"04.04.2011","1.112,230","1.112,230","1.112,230","1.112,230","0,08%"
"01.04.2011","1.111,340","1.111,340","1.111,340","1.111,340","-0,02%"
"31.03.2011","1.111,520","1.111,520","1.111,520","1.111,520","-0,12%"
"30.03.2011","1.112,880","1.112,880","1.112,880","1.112,880","0,07%"
"29.03.2011","1.112,110","1.112,110","1.112,110","1.112,110","-0,15%"
"28.03.2011","1.113,750","1.113,750","1.113,750","1.113,750","-0,04%"
"25.03.2011","1.114,200","1.114,200","1.114,200","1.114,200","-0,13%"
"24.03.2011","1.115,620","1.115,620","1.115,620","1.115,620","-0,06%"
"23.03.2011","1.116,280","1.116,280","1.116,280","1.116,280","0,06%"
"22.03.2011","1.115,600","1.115,600","1.115,600","1.115,600","-0,13%"
"21.03.2011","1.117,000","1.117,000","1.117,000","1.117,000","-0,17%"
"18.03.2011","1.118,930","1.118,930","1.118,930","1.118,930","0,01%"
"17.03.2011","1.118,820","1.118,820","1.118,820","1.118,820","-0,25%"
"16.03.2011","1.121,580","1.121,580","1.121,580","1.121,580","0,26%"
"15.03.2011","1.118,700","1.118,700","1.118,700","1.118,700","0,20%"
"14.03.2011","1.116,510","1.116,510","1.116,510","1.116,510","0,25%"
"11.03.2011","1.113,690","1.113,690","1.113,690","1.113,690","0,17%"
"10.03.2011","1.111,820","1.111,820","1.111,820","1.111,820","0,29%"
"09.03.2011","1.108,650","1.108,650","1.108,650","1.108,650","0,11%"
"08.03.2011","1.107,400","1.107,400","1.107,400","1.107,400","-0,18%"
"07.03.2011","1.109,440","1.109,440","1.109,440","1.109,440","0,02%"
"04.03.2011","1.109,250","1.109,250","1.109,250","1.109,250","0,20%"
"03.03.2011","1.107,060","1.107,060","1.107,060","1.107,060","-0,44%"
"02.03.2011","1.111,970","1.111,970","1.111,970","1.111,970","-0,08%"
"01.03.2011","1.112,840","1.112,840","1.112,840","1.112,840","0,01%"
"28.02.2011","1.112,780","1.112,780","1.112,780","1.112,780","0,03%"
"25.02.2011","1.112,420","1.112,420","1.112,420","1.112,420","0,01%"
"24.02.2011","1.112,320","1.112,320","1.112,320","1.112,320","0,10%"
"23.02.2011","1.111,190","1.111,190","1.111,190","1.111,190","0,04%"
"22.02.2011","1.110,740","1.110,740","1.110,740","1.110,740","0,40%"
"18.02.2011","1.106,350","1.106,350","1.106,350","1.106,350","-0,05%"
"17.02.2011","1.106,940","1.106,940","1.106,940","1.106,940","0,18%"
"16.02.2011","1.104,940","1.104,940","1.104,940","1.104,940","0,00%"
"15.02.2011","1.104,900","1.104,900","1.104,900","1.104,900","0,08%"
"14.02.2011","1.103,990","1.103,990","1.103,990","1.103,990","-0,01%"
"11.02.2011","1.104,070","1.104,070","1.104,070","1.104,070","0,10%"
"10.02.2011","1.103,020","1.103,020","1.103,020","1.103,020","-0,04%"
"09.02.2011","1.103,480","1.103,480","1.103,480","1.103,480","0,04%"
"08.02.2011","1.103,090","1.103,090","1.103,090","1.103,090","-0,31%"
"07.02.2011","1.106,530","1.106,530","1.106,530","1.106,530","-0,02%"
"04.02.2011","1.106,770","1.106,770","1.106,770","1.106,770","-0,26%"
"03.02.2011","1.109,690","1.109,690","1.109,690","1.109,690","-0,11%"
"02.02.2011","1.110,910","1.110,910","1.110,910","1.110,910","-0,05%"
"01.02.2011","1.111,510","1.111,510","1.111,510","1.111,510","-0,14%"
"31.01.2011","1.113,090","1.113,090","1.113,090","1.113,090","-0,04%"
"28.01.2011","1.113,540","1.113,540","1.113,540","1.113,540","0,20%"
"27.01.2011","1.111,300","1.111,300","1.111,300","1.111,300","0,00%"
"26.01.2011","1.111,250","1.111,250","1.111,250","1.111,250","-0,18%"
"25.01.2011","1.113,220","1.113,220","1.113,220","1.113,220","0,05%"
"24.01.2011","1.112,660","1.112,660","1.112,660","1.112,660","0,06%"
"21.01.2011","1.112,010","1.112,010","1.112,010","1.112,010","0,14%"
"20.01.2011","1.110,510","1.110,510","1.110,510","1.110,510","-0,14%"
"19.01.2011","1.112,040","1.112,040","1.112,040","1.112,040","0,06%"
"18.01.2011","1.111,370","1.111,370","1.111,370","1.111,370","-0,23%"
"14.01.2011","1.113,970","1.113,970","1.113,970","1.113,970","-0,06%"
"13.01.2011","1.114,660","1.114,660","1.114,660","1.114,660","0,18%"
"12.01.2011","1.112,640","1.112,640","1.112,640","1.112,640","-0,17%"
"11.01.2011","1.114,520","1.114,520","1.114,520","1.114,520","-0,10%"
"10.01.2011","1.115,590","1.115,590","1.115,590","1.115,590","0,06%"
"07.01.2011","1.114,950","1.114,950","1.114,950","1.114,950","0,17%"
"06.01.2011","1.113,080","1.113,080","1.113,080","1.113,080","-0,08%"
"05.01.2011","1.113,950","1.113,950","1.113,950","1.113,950","-0,36%"
"04.01.2011","1.117,980","1.117,980","1.117,980","1.117,980","-0,03%"
"03.01.2011","1.118,330","1.118,330","1.118,330","1.118,330","0,39%"
"29.12.2010","1.114,000","1.114,000","1.114,000","1.114,000","0,07%"
"28.12.2010","1.113,170","1.113,170","1.113,170","1.113,170","-0,08%"
"27.12.2010","1.114,010","1.114,010","1.114,010","1.114,010","0,03%"
"23.12.2010","1.113,690","1.113,690","1.113,690","1.113,690","-0,08%"
"22.12.2010","1.114,570","1.114,570","1.114,570","1.114,570","0,05%"
"21.12.2010","1.113,960","1.113,960","1.113,960","1.113,960","-0,01%"
"20.12.2010","1.114,040","1.114,040","1.114,040","1.114,040","0,18%"
"17.12.2010","1.112,040","1.112,040","1.112,040","1.112,040","0,35%"
"16.12.2010","1.108,130","1.108,130","1.108,130","1.108,130","0,08%"
"15.12.2010","1.107,250","1.107,250","1.107,250","1.107,250","-0,05%"
"14.12.2010","1.107,790","1.107,790","1.107,790","1.107,790","-0,33%"
"13.12.2010","1.111,450","1.111,450","1.111,450","1.111,450","-0,04%"
"10.12.2010","1.111,850","1.111,850","1.111,850","1.111,850","-0,08%"
"09.12.2010","1.112,700","1.112,700","1.112,700","1.112,700","0,12%"
"08.12.2010","1.111,380","1.111,380","1.111,380","1.111,380","-0,47%"
"07.12.2010","1.116,660","1.116,660","1.116,660","1.116,660","-0,49%"
"06.12.2010","1.122,170","1.122,170","1.122,170","1.122,170","0,22%"
"03.12.2010","1.119,660","1.119,660","1.119,660","1.119,660","-0,08%"
"02.12.2010","1.120,550","1.120,550","1.120,550","1.120,550","-0,03%"
"01.12.2010","1.120,890","1.120,890","1.120,890","1.120,890","-0,24%"
"30.11.2010","1.123,610","1.123,610","1.123,610","1.123,610","0,12%"
"29.11.2010","1.122,280","1.122,280","1.122,280","1.122,280","-0,10%"
"26.11.2010","1.123,430","1.123,430","1.123,430","1.123,430","-0,09%"
"24.11.2010","1.124,440","1.124,440","1.124,440","1.124,440","-0,38%"
"23.11.2010","1.128,680","1.128,680","1.128,680","1.128,680","0,11%"
"22.11.2010","1.127,390","1.127,390","1.127,390","1.127,390","0,15%"
"19.11.2010","1.125,690","1.125,690","1.125,690","1.125,690","0,12%"
"18.11.2010","1.124,290","1.124,290","1.124,290","1.124,290","-0,34%"
"17.11.2010","1.128,110","1.128,110","1.128,110","1.128,110","-0,02%"
"16.11.2010","1.128,360","1.128,360","1.128,360","1.128,360","0,12%"
"15.11.2010","1.126,970","1.126,970","1.126,970","1.126,970","-0,40%"
"12.11.2010","1.131,510","1.131,510","1.131,510","1.131,510","-0,38%"
"10.11.2010","1.135,840","1.135,840","1.135,840","1.135,840","-0,08%"
"09.11.2010","1.136,800","1.136,800","1.136,800","1.136,800","-0,23%"
"08.11.2010","1.139,400","1.139,400","1.139,400","1.139,400","-0,11%"
"05.11.2010","1.140,710","1.140,710","1.140,710","1.140,710","-0,17%"
"04.11.2010","1.142,660","1.142,660","1.142,660","1.142,660","0,08%"
"03.11.2010","1.141,780","1.141,780","1.141,780","1.141,780","0,09%"
"02.11.2010","1.140,740","1.140,740","1.140,740","1.140,740","0,13%"
"29.10.2010","1.139,290","1.139,290","1.139,290","1.139,290","0,13%"
"28.10.2010","1.137,840","1.137,840","1.137,840","1.137,840","0,15%"
"27.10.2010","1.136,140","1.136,140","1.136,140","1.136,140","-0,37%"
"26.10.2010","1.140,370","1.140,370","1.140,370","1.140,370","-0,24%"
"25.10.2010","1.143,090","1.143,090","1.143,090","1.143,090","0,12%"
"22.10.2010","1.141,760","1.141,760","1.141,760","1.141,760","0,01%"
"21.10.2010","1.141,700","1.141,700","1.141,700","1.141,700","-0,13%"
"20.10.2010","1.143,210","1.143,210","1.143,210","1.143,210","0,00%"
"19.10.2010","1.143,200","1.143,200","1.143,200","1.143,200","-0,05%"
"18.10.2010","1.143,720","1.143,720","1.143,720","1.143,720","0,07%"
"15.10.2010","1.142,940","1.142,940","1.142,940","1.142,940","-0,18%"
"14.10.2010","1.145,000","1.145,000","1.145,000","1.145,000","-0,14%"
"13.10.2010","1.146,600","1.146,600","1.146,600","1.146,600","-0,13%"
"12.10.2010","1.148,050","1.148,050","1.148,050","1.148,050","-0,01%"
"11.10.2010","1.148,200","1.148,200","1.148,200","1.148,200","0,01%"
"08.10.2010","1.148,060","1.148,060","1.148,060","1.148,060","0,04%"
"07.10.2010","1.147,640","1.147,640","1.147,640","1.147,640","-0,13%"
"06.10.2010","1.149,190","1.149,190","1.149,190","1.149,190","0,30%"
"05.10.2010","1.145,740","1.145,740","1.145,740","1.145,740","-0,02%"
"04.10.2010","1.145,970","1.145,970","1.145,970","1.145,970","0,19%"
"01.10.2010","1.143,830","1.143,830","1.143,830","1.143,830","-0,04%"
"30.09.2010","1.144,340","1.144,340","1.144,340","1.144,340","-0,04%"
"29.09.2010","1.144,810","1.144,810","1.144,810","1.144,810","0,03%"
"28.09.2010","1.144,450","1.144,450","1.144,450","1.144,450","0,19%"
"27.09.2010","1.142,270","1.142,270","1.142,270","1.142,270","0,25%"
"24.09.2010","1.139,410","1.139,410","1.139,410","1.139,410","-0,16%"
"23.09.2010","1.141,250","1.141,250","1.141,250","1.141,250","0,10%"
"22.09.2010","1.140,080","1.140,080","1.140,080","1.140,080","0,28%"
"21.09.2010","1.136,910","1.136,910","1.136,910","1.136,910","0,32%"
"20.09.2010","1.133,230","1.133,230","1.133,230","1.133,230","-0,03%"
"17.09.2010","1.133,530","1.133,530","1.133,530","1.133,530","0,05%"
"16.09.2010","1.132,960","1.132,960","1.132,960","1.132,960","-0,23%"
"15.09.2010","1.135,600","1.135,600","1.135,600","1.135,600","0,07%"
"14.09.2010","1.134,750","1.134,750","1.134,750","1.134,750","0,21%"
"13.09.2010","1.132,380","1.132,380","1.132,380","1.132,380","0,03%"
"10.09.2010","1.131,990","1.131,990","1.131,990","1.131,990","-0,25%"
"09.09.2010","1.134,860","1.134,860","1.134,860","1.134,860","-0,25%"
"08.09.2010","1.137,680","1.137,680","1.137,680","1.137,680","-0,18%"
"07.09.2010","1.139,730","1.139,730","1.139,730","1.139,730","0,29%"
"03.09.2010","1.136,400","1.136,400","1.136,400","1.136,400","-0,31%"
"02.09.2010","1.139,990","1.139,990","1.139,990","1.139,990","-0,25%"
"01.09.2010","1.142,890","1.142,890","1.142,890","1.142,890","-0,46%"
"31.08.2010","1.148,130","1.148,130","1.148,130","1.148,130","0,26%"
"30.08.2010","1.145,160","1.145,160","1.145,160","1.145,160","0,21%"
"27.08.2010","1.142,730","1.142,730","1.142,730","1.142,730","-0,50%"
"26.08.2010","1.148,470","1.148,470","1.148,470","1.148,470","-0,00%"
"25.08.2010","1.148,480","1.148,480","1.148,480","1.148,480","0,05%"
"24.08.2010","1.147,870","1.147,870","1.147,870","1.147,870","0,39%"
"23.08.2010","1.143,430","1.143,430","1.143,430","1.143,430","0,04%"
"20.08.2010","1.142,980","1.142,980","1.142,980","1.142,980","0,03%"
"19.08.2010","1.142,670","1.142,670","1.142,670","1.142,670","0,09%"
"18.08.2010","1.141,620","1.141,620","1.141,620","1.141,620","0,14%"
"17.08.2010","1.140,070","1.140,070","1.140,070","1.140,070","-0,03%"
"16.08.2010","1.140,420","1.140,420","1.140,420","1.140,420","0,38%"
"13.08.2010","1.136,070","1.136,070","1.136,070","1.136,070","0,08%"
"12.08.2010","1.135,200","1.135,200","1.135,200","1.135,200","-0,00%"
"11.08.2010","1.135,220","1.135,220","1.135,220","1.135,220","0,33%"
"10.08.2010","1.131,540","1.131,540","1.131,540","1.131,540","-0,03%"
"09.08.2010","1.131,890","1.131,890","1.131,890","1.131,890","0,06%"
"06.08.2010","1.131,180","1.131,180","1.131,180","1.131,180","0,14%"
"05.08.2010","1.129,560","1.129,560","1.129,560","1.129,560","0,12%"
"04.08.2010","1.128,230","1.128,230","1.128,230","1.128,230","0,03%"
"03.08.2010","1.127,940","1.127,940","1.127,940","1.127,940","0,28%"
"02.08.2010","1.124,780","1.124,780","1.124,780","1.124,780","-0,03%"
"30.07.2010","1.125,160","1.125,160","1.125,160","1.125,160","0,27%"
"29.07.2010","1.122,150","1.122,150","1.122,150","1.122,150","0,12%"
"28.07.2010","1.120,800","1.120,800","1.120,800","1.120,800","0,05%"
"27.07.2010","1.120,270","1.120,270","1.120,270","1.120,270","-0,06%"
"26.07.2010","1.120,970","1.120,970","1.120,970","1.120,970","0,00%"
"23.07.2010","1.120,920","1.120,920","1.120,920","1.120,920","-0,16%"
"22.07.2010","1.122,670","1.122,670","1.122,670","1.122,670","-0,05%"
"21.07.2010","1.123,230","1.123,230","1.123,230","1.123,230","0,11%"
"20.07.2010","1.121,960","1.121,960","1.121,960","1.121,960","0,06%"
"19.07.2010","1.121,320","1.121,320","1.121,320","1.121,320","-0,09%"
"16.07.2010","1.122,300","1.122,300","1.122,300","1.122,300","0,22%"
"15.07.2010","1.119,800","1.119,800","1.119,800","1.119,800","0,22%"
"13.07.2010","1.117,340","1.117,340","1.117,340","1.117,340","-0,15%"
"12.07.2010","1.119,070","1.119,070","1.119,070","1.119,070","0,10%"
"09.07.2010","1.117,940","1.117,940","1.117,940","1.117,940","-0,04%"
"08.07.2010","1.118,400","1.118,400","1.118,400","1.118,400","-0,09%"
"07.07.2010","1.119,450","1.119,450","1.119,450","1.119,450","-0,13%"
"06.07.2010","1.120,890","1.120,890","1.120,890","1.120,890","0,05%"
"02.07.2010","1.120,280","1.120,280","1.120,280","1.120,280","-0,08%"
"01.07.2010","1.121,190","1.121,190","1.121,190","1.121,190","0,07%"
"30.06.2010","1.120,460","1.120,460","1.120,460","1.120,460","0,13%"
"29.06.2010","1.118,980","1.118,980","1.118,980","1.118,980","0,22%"
"28.06.2010","1.116,480","1.116,480","1.116,480","1.116,480","0,11%"
"25.06.2010","1.115,230","1.115,230","1.115,230","1.115,230","0,01%"
"24.06.2010","1.115,070","1.115,070","1.115,070","1.115,070","0,20%"
"22.06.2010","1.112,860","1.112,860","1.112,860","1.112,860","0,23%"
"21.06.2010","1.110,300","1.110,300","1.110,300","1.110,300","-0,01%"
"18.06.2010","1.110,410","1.110,410","1.110,410","1.110,410","-0,01%"
"17.06.2010","1.110,510","1.110,510","1.110,510","1.110,510","0,19%"
"16.06.2010","1.108,400","1.108,400","1.108,400","1.108,400","0,02%"
"15.06.2010","1.108,140","1.108,140","1.108,140","1.108,140","-0,09%"
"14.06.2010","1.109,110","1.109,110","1.109,110","1.109,110","-0,17%"
"11.06.2010","1.110,980","1.110,980","1.110,980","1.110,980","0,20%"
"10.06.2010","1.108,780","1.108,780","1.108,780","1.108,780","-0,17%"
"09.06.2010","1.110,640","1.110,640","1.110,640","1.110,640","0,10%"
"08.06.2010","1.109,550","1.109,550","1.109,550","1.109,550","-0,05%"
"07.06.2010","1.110,150","1.110,150","1.110,150","1.110,150","0,10%"
"04.06.2010","1.109,090","1.109,090","1.109,090","1.109,090","0,31%"
"03.06.2010","1.105,610","1.105,610","1.105,610","1.105,610","-0,13%"
"02.06.2010","1.107,080","1.107,080","1.107,080","1.107,080","-0,16%"
"01.06.2010","1.108,850","1.108,850","1.108,850","1.108,850","0,04%"
"28.05.2010","1.108,390","1.108,390","1.108,390","1.108,390","0,17%"
"27.05.2010","1.106,490","1.106,490","1.106,490","1.106,490","-0,47%"
"26.05.2010","1.111,760","1.111,760","1.111,760","1.111,760","-0,20%"
"25.05.2010","1.114,010","1.114,010","1.114,010","1.114,010","0,25%"
"21.05.2010","1.111,240","1.111,240","1.111,240","1.111,240","0,02%"
"20.05.2010","1.110,980","1.110,980","1.110,980","1.110,980","0,42%"
"19.05.2010","1.106,290","1.106,290","1.106,290","1.106,290","0,07%"
"18.05.2010","1.105,500","1.105,500","1.105,500","1.105,500","0,25%"
"17.05.2010","1.102,780","1.102,780","1.102,780","1.102,780","-0,03%"
"14.05.2010","1.103,060","1.103,060","1.103,060","1.103,060","0,39%"
"12.05.2010","1.098,740","1.098,740","1.098,740","1.098,740","-0,02%"
"11.05.2010","1.098,980","1.098,980","1.098,980","1.098,980","0,03%"
"10.05.2010","1.098,660","1.098,660","1.098,660","1.098,660","-0,14%"
"07.05.2010","1.100,220","1.100,220","1.100,220","1.100,220","-0,13%"
"06.05.2010","1.101,620","1.101,620","1.101,620","1.101,620","0,21%"
"05.05.2010","1.099,270","1.099,270","1.099,270","1.099,270","0,15%"
"04.05.2010","1.097,580","1.097,580","1.097,580","1.097,580","0,27%"
"03.05.2010","1.094,570","1.094,570","1.094,570","1.094,570","-0,06%"
"30.04.2010","1.095,280","1.095,280","1.095,280","1.095,280","0,23%"
"29.04.2010","1.092,790","1.092,790","1.092,790","1.092,790","0,08%"
"28.04.2010","1.091,880","1.091,880","1.091,880","1.091,880","-0,12%"
"27.04.2010","1.093,160","1.093,160","1.093,160","1.093,160","0,32%"
"26.04.2010","1.089,670","1.089,670","1.089,670","1.089,670","0,04%"
"23.04.2010","1.089,230","1.089,230","1.089,230","1.089,230","-0,10%"
"22.04.2010","1.090,340","1.090,340","1.090,340","1.090,340","-0,02%"
"21.04.2010","1.090,570","1.090,570","1.090,570","1.090,570","0,06%"
"20.04.2010","1.089,940","1.089,940","1.089,940","1.089,940","-0,06%"
"19.04.2010","1.090,590","1.090,590","1.090,590","1.090,590","0,02%"
"16.04.2010","1.090,400","1.090,400","1.090,400","1.090,400","0,21%"
"15.04.2010","1.088,100","1.088,100","1.088,100","1.088,100","0,07%"
"14.04.2010","1.087,300","1.087,300","1.087,300","1.087,300","-0,05%"
"13.04.2010","1.087,820","1.087,820","1.087,820","1.087,820","0,10%"
"12.04.2010","1.086,710","1.086,710","1.086,710","1.086,710","0,06%"
"09.04.2010","1.086,020","1.086,020","1.086,020","1.086,020","-0,08%"
"08.04.2010","1.086,940","1.086,940","1.086,940","1.086,940","0,06%"
"07.04.2010","1.086,270","1.086,270","1.086,270","1.086,270","0,15%"
"06.04.2010","1.084,650","1.084,650","1.084,650","1.084,650","-0,32%"
"01.04.2010","1.088,120","1.088,120","1.088,120","1.088,120","0,07%"
"31.03.2010","1.087,380","1.087,380","1.087,380","1.087,380","0,14%"
"30.03.2010","1.085,830","1.085,830","1.085,830","1.085,830","0,03%"
"29.03.2010","1.085,540","1.085,540","1.085,540","1.085,540","0,01%"
"26.03.2010","1.085,390","1.085,390","1.085,390","1.085,390","0,05%"
"25.03.2010","1.084,850","1.084,850","1.084,850","1.084,850","-0,13%"
"24.03.2010","1.086,310","1.086,310","1.086,310","1.086,310","-0,29%"
"23.03.2010","1.089,450","1.089,450","1.089,450","1.089,450","0,09%"
"22.03.2010","1.088,480","1.088,480","1.088,480","1.088,480","0,12%"
"19.03.2010","1.087,140","1.087,140","1.087,140","1.087,140","-0,02%"
"18.03.2010","1.087,330","1.087,330","1.087,330","1.087,330","-0,13%"
"17.03.2010","1.088,730","1.088,730","1.088,730","1.088,730","0,04%"
"16.03.2010","1.088,250","1.088,250","1.088,250","1.088,250","0,13%"
"15.03.2010","1.086,880","1.086,880","1.086,880","1.086,880","0,05%"
"12.03.2010","1.086,330","1.086,330","1.086,330","1.086,330","0,04%"
"11.03.2010","1.085,910","1.085,910","1.085,910","1.085,910","-0,10%"
"10.03.2010","1.086,980","1.086,980","1.086,980","1.086,980","-0,06%"
"09.03.2010","1.087,660","1.087,660","1.087,660","1.087,660","0,10%"
"08.03.2010","1.086,540","1.086,540","1.086,540","1.086,540","-0,13%"
"05.03.2010","1.087,920","1.087,920","1.087,920","1.087,920","-0,09%"
"04.03.2010","1.088,930","1.088,930","1.088,930","1.088,930","0,06%"
"03.03.2010","1.088,290","1.088,290","1.088,290","1.088,290","-0,04%"
"02.03.2010","1.088,750","1.088,750","1.088,750","1.088,750","0,06%"
"01.03.2010","1.088,120","1.088,120","1.088,120","1.088,120","-0,01%"
"26.02.2010","1.088,250","1.088,250","1.088,250","1.088,250","0,08%"
"25.02.2010","1.087,430","1.087,430","1.087,430","1.087,430","0,18%"
"24.02.2010","1.085,520","1.085,520","1.085,520","1.085,520","0,08%"
"23.02.2010","1.084,640","1.084,640","1.084,640","1.084,640","0,36%"
"22.02.2010","1.080,710","1.080,710","1.080,710","1.080,710","0,03%"
"19.02.2010","1.080,360","1.080,360","1.080,360","1.080,360","-0,05%"
"18.02.2010","1.080,910","1.080,910","1.080,910","1.080,910","-0,18%"
"17.02.2010","1.082,810","1.082,810","1.082,810","1.082,810","-0,08%"
"16.02.2010","1.083,730","1.083,730","1.083,730","1.083,730","0,03%"
"12.02.2010","1.083,400","1.083,400","1.083,400","1.083,400","0,07%"
"11.02.2010","1.082,690","1.082,690","1.082,690","1.082,690","-0,09%"
"10.02.2010","1.083,700","1.083,700","1.083,700","1.083,700","-0,08%"
"09.02.2010","1.084,520","1.084,520","1.084,520","1.084,520","-0,09%"
"08.02.2010","1.085,510","1.085,510","1.085,510","1.085,510","0,01%"
"05.02.2010","1.085,450","1.085,450","1.085,450","1.085,450","0,16%"
"04.02.2010","1.083,750","1.083,750","1.083,750","1.083,750","0,19%"
"03.02.2010","1.081,730","1.081,730","1.081,730","1.081,730","-0,15%"
"02.02.2010","1.083,390","1.083,390","1.083,390","1.083,390","-0,04%"
"01.02.2010","1.083,860","1.083,860","1.083,860","1.083,860","-0,02%"
"29.01.2010","1.084,120","1.084,120","1.084,120","1.084,120","0,14%"
"28.01.2010","1.082,640","1.082,640","1.082,640","1.082,640","-0,05%"
"27.01.2010","1.083,190","1.083,190","1.083,190","1.083,190","-0,06%"
"26.01.2010","1.083,870","1.083,870","1.083,870","1.083,870","0,12%"
"25.01.2010","1.082,580","1.082,580","1.082,580","1.082,580","0,03%"
"22.01.2010","1.082,270","1.082,270","1.082,270","1.082,270","0,01%"
"21.01.2010","1.082,170","1.082,170","1.082,170","1.082,170","0,16%"
"20.01.2010","1.080,470","1.080,470","1.080,470","1.080,470","0,08%"
"19.01.2010","1.079,620","1.079,620","1.079,620","1.079,620","-0,07%"
"15.01.2010","1.080,420","1.080,420","1.080,420","1.080,420","0,18%"
"14.01.2010","1.078,510","1.078,510","1.078,510","1.078,510","0,08%"
"13.01.2010","1.077,650","1.077,650","1.077,650","1.077,650","-0,12%"
"12.01.2010","1.078,900","1.078,900","1.078,900","1.078,900","0,23%"
"11.01.2010","1.076,380","1.076,380","1.076,380","1.076,380","0,10%"
"08.01.2010","1.075,270","1.075,270","1.075,270","1.075,270","0,02%"
"07.01.2010","1.075,080","1.075,080","1.075,080","1.075,080","0,01%"
"06.01.2010","1.075,010","1.075,010","1.075,010","1.075,010","-0,16%"
"05.01.2010","1.076,780","1.076,780","1.076,780","1.076,780","0,07%"
"04.01.2010","1.076,050","1.076,050","1.076,050","1.076,050","0,09%"
"31.12.2009","1.075,090","1.075,090","1.075,090","1.075,090","-0,06%"
"30.12.2009","1.075,720","1.075,720","1.075,720","1.075,720","-0,00%"
"29.12.2009","1.075,740","1.075,740","1.075,740","1.075,740","-0,02%"
"28.12.2009","1.075,920","1.075,920","1.075,920","1.075,920","-0,21%"
"23.12.2009","1.078,230","1.078,230","1.078,230","1.078,230","-0,14%"
"22.12.2009","1.079,710","1.079,710","1.079,710","1.079,710","-0,24%"
"21.12.2009","1.082,360","1.082,360","1.082,360","1.082,360","-0,27%"
"18.12.2009","1.085,310","1.085,310","1.085,310","1.085,310","0,01%"
"17.12.2009","1.085,160","1.085,160","1.085,160","1.085,160","0,29%"
"16.12.2009","1.081,980","1.081,980","1.081,980","1.081,980","0,14%"
"15.12.2009","1.080,490","1.080,490","1.080,490","1.080,490","-0,12%"
"14.12.2009","1.081,830","1.081,830","1.081,830","1.081,830","0,07%"
"11.12.2009","1.081,070","1.081,070","1.081,070","1.081,070","-0,15%"
"10.12.2009","1.082,690","1.082,690","1.082,690","1.082,690","-0,22%"
"09.12.2009","1.085,120","1.085,120","1.085,120","1.085,120","-0,06%"
"08.12.2009","1.085,720","1.085,720","1.085,720","1.085,720","0,14%"
"07.12.2009","1.084,230","1.084,230","1.084,230","1.084,230","0,18%"
"04.12.2009","1.082,300","1.082,300","1.082,300","1.082,300","-0,30%"
"03.12.2009","1.085,570","1.085,570","1.085,570","1.085,570","-0,17%"
"02.12.2009","1.087,440","1.087,440","1.087,440","1.087,440","-0,09%"
"01.12.2009","1.088,370","1.088,370","1.088,370","1.088,370","0,06%"
"30.11.2009","1.087,720","1.087,720","1.087,720","1.087,720","0,10%"
"27.11.2009","1.086,590","1.086,590","1.086,590","1.086,590","0,31%"
"25.11.2009","1.083,280","1.083,280","1.083,280","1.083,280","-0,02%"
"24.11.2009","1.083,450","1.083,450","1.083,450","1.083,450","0,18%"
"23.11.2009","1.081,520","1.081,520","1.081,520","1.081,520","-0,04%"
"20.11.2009","1.081,960","1.081,960","1.081,960","1.081,960","-0,04%"
"19.11.2009","1.082,370","1.082,370","1.082,370","1.082,370","0,09%"
"18.11.2009","1.081,380","1.081,380","1.081,380","1.081,380","-0,05%"
"17.11.2009","1.081,910","1.081,910","1.081,910","1.081,910","0,24%"
"16.11.2009","1.079,320","1.079,320","1.079,320","1.079,320","0,24%"
"13.11.2009","1.076,760","1.076,760","1.076,760","1.076,760","0,03%"
"12.11.2009","1.076,440","1.076,440","1.076,440","1.076,440","0,16%"
"10.11.2009","1.074,680","1.074,680","1.074,680","1.074,680","0,10%"
"09.11.2009","1.073,570","1.073,570","1.073,570","1.073,570","0,12%"
"06.11.2009","1.072,270","1.072,270","1.072,270","1.072,270","0,00%"
"05.11.2009","1.072,250","1.072,250","1.072,250","1.072,250","-0,08%"
"04.11.2009","1.073,160","1.073,160","1.073,160","1.073,160","-0,23%"
"03.11.2009","1.075,630","1.075,630","1.075,630","1.075,630","-0,12%"
"02.11.2009","1.076,880","1.076,880","1.076,880","1.076,880","0,00%"
"30.10.2009","1.076,840","1.076,840","1.076,840","1.076,840","0,36%"
"29.10.2009","1.073,000","1.073,000","1.073,000","1.073,000","-0,23%"
"28.10.2009","1.075,480","1.075,480","1.075,480","1.075,480","0,07%"
"27.10.2009","1.074,750","1.074,750","1.074,750","1.074,750","0,35%"
"26.10.2009","1.070,980","1.070,980","1.070,980","1.070,980","-0,12%"
"23.10.2009","1.072,230","1.072,230","1.072,230","1.072,230","-0,15%"
"22.10.2009","1.073,830","1.073,830","1.073,830","1.073,830","-0,01%"
"21.10.2009","1.073,890","1.073,890","1.073,890","1.073,890","-0,28%"
"20.10.2009","1.076,870","1.076,870","1.076,870","1.076,870","0,20%"
"19.10.2009","1.074,770","1.074,770","1.074,770","1.074,770","0,05%"
"16.10.2009","1.074,220","1.074,220","1.074,220","1.074,220","0,05%"
"15.10.2009","1.073,680","1.073,680","1.073,680","1.073,680","-0,24%"
"14.10.2009","1.076,290","1.076,290","1.076,290","1.076,290","-0,21%"
"13.10.2009","1.078,560","1.078,560","1.078,560","1.078,560","0,03%"
"12.10.2009","1.078,280","1.078,280","1.078,280","1.078,280","0,07%"
"09.10.2009","1.077,490","1.077,490","1.077,490","1.077,490","-0,45%"
"08.10.2009","1.082,370","1.082,370","1.082,370","1.082,370","-0,07%"
"07.10.2009","1.083,100","1.083,100","1.083,100","1.083,100","0,14%"
"06.10.2009","1.081,560","1.081,560","1.081,560","1.081,560","-0,06%"
"05.10.2009","1.082,260","1.082,260","1.082,260","1.082,260","0,04%"
"02.10.2009","1.081,870","1.081,870","1.081,870","1.081,870","0,13%"
"01.10.2009","1.080,500","1.080,500","1.080,500","1.080,500","0,21%"
"30.09.2009","1.078,200","1.078,200","1.078,200","1.078,200","-0,07%"
"29.09.2009","1.078,930","1.078,930","1.078,930","1.078,930","0,03%"
"28.09.2009","1.078,630","1.078,630","1.078,630","1.078,630","0,12%"
"25.09.2009","1.077,390","1.077,390","1.077,390","1.077,390","0,22%"
"24.09.2009","1.075,060","1.075,060","1.075,060","1.075,060","0,28%"
"23.09.2009","1.072,020","1.072,020","1.072,020","1.072,020","0,10%"
"22.09.2009","1.071,000","1.071,000","1.071,000","1.071,000","0,03%"
"21.09.2009","1.070,710","1.070,710","1.070,710","1.070,710","-0,05%"
"18.09.2009","1.071,240","1.071,240","1.071,240","1.071,240","-0,12%"
"17.09.2009","1.072,530","1.072,530","1.072,530","1.072,530","0,02%"
"16.09.2009","1.072,340","1.072,340","1.072,340","1.072,340","-0,13%"
"15.09.2009","1.073,710","1.073,710","1.073,710","1.073,710","-0,10%"
"14.09.2009","1.074,760","1.074,760","1.074,760","1.074,760","-0,07%"
"11.09.2009","1.075,530","1.075,530","1.075,530","1.075,530","0,22%"
"10.09.2009","1.073,200","1.073,200","1.073,200","1.073,200","0,32%"
"09.09.2009","1.069,750","1.069,750","1.069,750","1.069,750","-0,08%"
"08.09.2009","1.070,630","1.070,630","1.070,630","1.070,630","-0,14%"
"04.09.2009","1.072,150","1.072,150","1.072,150","1.072,150","-0,13%"
"03.09.2009","1.073,540","1.073,540","1.073,540","1.073,540","-0,11%"
"02.09.2009","1.074,680","1.074,680","1.074,680","1.074,680","0,09%"
"01.09.2009","1.073,670","1.073,670","1.073,670","1.073,670","0,08%"
"31.08.2009","1.072,820","1.072,820","1.072,820","1.072,820","0,08%"
"28.08.2009","1.071,960","1.071,960","1.071,960","1.071,960","-0,01%"
"27.08.2009","1.072,070","1.072,070","1.072,070","1.072,070","-0,00%"
"26.08.2009","1.072,080","1.072,080","1.072,080","1.072,080","0,08%"
"25.08.2009","1.071,200","1.071,200","1.071,200","1.071,200","0,17%"
"24.08.2009","1.069,380","1.069,380","1.069,380","1.069,380","0,14%"
"21.08.2009","1.067,850","1.067,850","1.067,850","1.067,850","-0,22%"
"20.08.2009","1.070,190","1.070,190","1.070,190","1.070,190","0,03%"
"19.08.2009","1.069,890","1.069,890","1.069,890","1.069,890","0,16%"
"18.08.2009","1.068,140","1.068,140","1.068,140","1.068,140","-0,09%"
"17.08.2009","1.069,070","1.069,070","1.069,070","1.069,070","0,30%"
"14.08.2009","1.065,870","1.065,870","1.065,870","1.065,870","0,30%"
"13.08.2009","1.062,670","1.062,670","1.062,670","1.062,670","0,23%"
"12.08.2009","1.060,260","1.060,260","1.060,260","1.060,260","0,00%"
"11.08.2009","1.060,240","1.060,240","1.060,240","1.060,240","0,16%"
"10.08.2009","1.058,590","1.058,590","1.058,590","1.058,590","0,21%"
"07.08.2009","1.056,380","1.056,380","1.056,380","1.056,380","-0,34%"
"06.08.2009","1.060,000","1.060,000","1.060,000","1.060,000","0,03%"
"05.08.2009","1.059,640","1.059,640","1.059,640","1.059,640","0,01%"
"04.08.2009","1.059,560","1.059,560","1.059,560","1.059,560","-0,09%"
"03.08.2009","1.060,490","1.060,490","1.060,490","1.060,490","-0,32%"
"31.07.2009","1.063,880","1.063,880","1.063,880","1.063,880","0,42%"
"30.07.2009","1.059,430","1.059,430","1.059,430","1.059,430","0,07%"
"29.07.2009","1.058,650","1.058,650","1.058,650","1.058,650","0,04%"
"28.07.2009","1.058,220","1.058,220","1.058,220","1.058,220","0,21%"
"27.07.2009","1.055,960","1.055,960","1.055,960","1.055,960","-0,07%"
"24.07.2009","1.056,650","1.056,650","1.056,650","1.056,650","0,00%"
"23.07.2009","1.056,610","1.056,610","1.056,610","1.056,610","-0,29%"
"22.07.2009","1.059,630","1.059,630","1.059,630","1.059,630","-0,14%"
"21.07.2009","1.061,080","1.061,080","1.061,080","1.061,080","0,21%"
"20.07.2009","1.058,890","1.058,890","1.058,890","1.058,890","0,05%"
"17.07.2009","1.058,370","1.058,370","1.058,370","1.058,370","-0,18%"
"16.07.2009","1.060,300","1.060,300","1.060,300","1.060,300","0,13%"
"15.07.2009","1.058,960","1.058,960","1.058,960","1.058,960","-0,57%"
"13.07.2009","1.065,080","1.065,080","1.065,080","1.065,080","0,00%"
"10.07.2009","1.065,080","1.065,080","1.065,080","1.065,080","0,21%"
"09.07.2009","1.062,810","1.062,810","1.062,810","1.062,810","-0,23%"
"08.07.2009","1.065,260","1.065,260","1.065,260","1.065,260","0,24%"
"07.07.2009","1.062,710","1.062,710","1.062,710","1.062,710","0,02%"
"06.07.2009","1.062,500","1.062,500","1.062,500","1.062,500","0,19%"
"02.07.2009","1.060,510","1.060,510","1.060,510","1.060,510","0,25%"
"01.07.2009","1.057,860","1.057,860","1.057,860","1.057,860","-0,02%"
"30.06.2009","1.058,060","1.058,060","1.058,060","1.058,060","-0,03%"
"29.06.2009","1.058,390","1.058,390","1.058,390","1.058,390","0,19%"
"26.06.2009","1.056,380","1.056,380","1.056,380","1.056,380","0,09%"
"25.06.2009","1.055,400","1.055,400","1.055,400","1.055,400","0,26%"
"24.06.2009","1.052,690","1.052,690","1.052,690","1.052,690","0,18%"
"22.06.2009","1.050,810","1.050,810","1.050,810","1.050,810","0,23%"
"19.06.2009","1.048,390","1.048,390","1.048,390","1.048,390","0,24%"
"18.06.2009","1.045,910","1.045,910","1.045,910","1.045,910","-0,26%"
"17.06.2009","1.048,590","1.048,590","1.048,590","1.048,590","0,11%"
"16.06.2009","1.047,450","1.047,450","1.047,450","1.047,450","0,13%"
"15.06.2009","1.046,070","1.046,070","1.046,070","1.046,070","0,32%"
"12.06.2009","1.042,720","1.042,720","1.042,720","1.042,720","0,22%"
"11.06.2009","1.040,440","1.040,440","1.040,440","1.040,440","0,00%"
"10.06.2009","1.040,430","1.040,430","1.040,430","1.040,430","-0,23%"
"09.06.2009","1.042,780","1.042,780","1.042,780","1.042,780","0,10%"
"08.06.2009","1.041,770","1.041,770","1.041,770","1.041,770","-0,00%"
"05.06.2009","1.041,780","1.041,780","1.041,780","1.041,780","-0,35%"
"04.06.2009","1.045,480","1.045,480","1.045,480","1.045,480","-0,35%"
"03.06.2009","1.049,190","1.049,190","1.049,190","1.049,190","0,29%"
"02.06.2009","1.046,140","1.046,140","1.046,140","1.046,140","-0,34%"
"29.05.2009","1.049,740","1.049,740","1.049,740","1.049,740","0,28%"
"28.05.2009","1.046,850","1.046,850","1.046,850","1.046,850","0,05%"
"27.05.2009","1.046,350","1.046,350","1.046,350","1.046,350","-0,26%"
"26.05.2009","1.049,050","1.049,050","1.049,050","1.049,050","-0,22%"
"22.05.2009","1.051,360","1.051,360","1.051,360","1.051,360","-0,41%"
"20.05.2009","1.055,730","1.055,730","1.055,730","1.055,730","0,03%"
"19.05.2009","1.055,390","1.055,390","1.055,390","1.055,390","-0,16%"
"18.05.2009","1.057,130","1.057,130","1.057,130","1.057,130","-0,02%"
"15.05.2009","1.057,360","1.057,360","1.057,360","1.057,360","-0,10%"
"14.05.2009","1.058,380","1.058,380","1.058,380","1.058,380","0,10%"
"13.05.2009","1.057,320","1.057,320","1.057,320","1.057,320","0,16%"
"12.05.2009","1.055,590","1.055,590","1.055,590","1.055,590","-0,08%"
"11.05.2009","1.056,480","1.056,480","1.056,480","1.056,480","0,24%"
"08.05.2009","1.053,980","1.053,980","1.053,980","1.053,980","-0,05%"
"07.05.2009","1.054,460","1.054,460","1.054,460","1.054,460","-0,42%"
"06.05.2009","1.058,940","1.058,940","1.058,940","1.058,940","-0,05%"
"05.05.2009","1.059,500","1.059,500","1.059,500","1.059,500","0,09%"
"04.05.2009","1.058,510","1.058,510","1.058,510","1.058,510","-0,10%"
"30.04.2009","1.059,570","1.059,570","1.059,570","1.059,570","-0,05%"
"29.04.2009","1.060,110","1.060,110","1.060,110","1.060,110","-0,05%"
"28.04.2009","1.060,660","1.060,660","1.060,660","1.060,660","0,06%"
"27.04.2009","1.060,040","1.060,040","1.060,040","1.060,040","0,14%"
"24.04.2009","1.058,560","1.058,560","1.058,560","1.058,560","-0,03%"
"23.04.2009","1.058,840","1.058,840","1.058,840","1.058,840","0,09%"
"22.04.2009","1.057,890","1.057,890","1.057,890","1.057,890","-0,13%"
"21.04.2009","1.059,240","1.059,240","1.059,240","1.059,240","-0,07%"
"20.04.2009","1.060,000","1.060,000","1.060,000","1.060,000","0,42%"
"17.04.2009","1.055,590","1.055,590","1.055,590","1.055,590","-0,31%"
"16.04.2009","1.058,870","1.058,870","1.058,870","1.058,870","-0,14%"
"15.04.2009","1.060,340","1.060,340","1.060,340","1.060,340","0,13%"
"14.04.2009","1.058,960","1.058,960","1.058,960","1.058,960","0,37%"
"09.04.2009","1.055,030","1.055,030","1.055,030","1.055,030","-0,14%"
"08.04.2009","1.056,520","1.056,520","1.056,520","1.056,520","0,04%"
"07.04.2009","1.056,110","1.056,110","1.056,110","1.056,110","0,04%"
"06.04.2009","1.055,680","1.055,680","1.055,680","1.055,680","-0,11%"
"03.04.2009","1.056,830","1.056,830","1.056,830","1.056,830","-0,30%"
"02.04.2009","1.060,040","1.060,040","1.060,040","1.060,040","-0,56%"
"01.04.2009","1.065,980","1.065,980","1.065,980","1.065,980","0,08%"
"31.03.2009","1.065,120","1.065,120","1.065,120","1.065,120","0,12%"
"30.03.2009","1.063,830","1.063,830","1.063,830","1.063,830","0,14%"
"27.03.2009","1.062,290","1.062,290","1.062,290","1.062,290","0,13%"
"26.03.2009","1.060,860","1.060,860","1.060,860","1.060,860","0,07%"
"25.03.2009","1.060,130","1.060,130","1.060,130","1.060,130","-0,12%"
"24.03.2009","1.061,450","1.061,450","1.061,450","1.061,450","-0,30%"
"23.03.2009","1.064,630","1.064,630","1.064,630","1.064,630","-0,12%"
"20.03.2009","1.065,930","1.065,930","1.065,930","1.065,930","0,16%"
"19.03.2009","1.064,260","1.064,260","1.064,260","1.064,260","0,28%"
"18.03.2009","1.061,250","1.061,250","1.061,250","1.061,250","0,57%"
"17.03.2009","1.055,190","1.055,190","1.055,190","1.055,190","-0,21%"
"16.03.2009","1.057,450","1.057,450","1.057,450","1.057,450","-0,17%"
"13.03.2009","1.059,230","1.059,230","1.059,230","1.059,230","-0,11%"
"12.03.2009","1.060,410","1.060,410","1.060,410","1.060,410","0,26%"
"11.03.2009","1.057,690","1.057,690","1.057,690","1.057,690","0,03%"
"10.03.2009","1.057,420","1.057,420","1.057,420","1.057,420","-0,30%"
"09.03.2009","1.060,610","1.060,610","1.060,610","1.060,610","-0,08%"
"06.03.2009","1.061,480","1.061,480","1.061,480","1.061,480","0,15%"
"05.03.2009","1.059,870","1.059,870","1.059,870","1.059,870","0,52%"
"04.03.2009","1.054,370","1.054,370","1.054,370","1.054,370","-0,32%"
"03.03.2009","1.057,720","1.057,720","1.057,720","1.057,720","-0,04%"
"02.03.2009","1.058,110","1.058,110","1.058,110","1.058,110","0,33%"
"27.02.2009","1.054,670","1.054,670","1.054,670","1.054,670","0,02%"
"26.02.2009","1.054,410","1.054,410","1.054,410","1.054,410","-0,30%"
"25.02.2009","1.057,570","1.057,570","1.057,570","1.057,570","-0,23%"
"24.02.2009","1.059,970","1.059,970","1.059,970","1.059,970","0,01%"
"23.02.2009","1.059,890","1.059,890","1.059,890","1.059,890","0,07%"
"20.02.2009","1.059,100","1.059,100","1.059,100","1.059,100","0,22%"
"19.02.2009","1.056,790","1.056,790","1.056,790","1.056,790","-0,33%"
"18.02.2009","1.060,250","1.060,250","1.060,250","1.060,250","-0,15%"
"17.02.2009","1.061,830","1.061,830","1.061,830","1.061,830","0,41%"
"16.02.2009","1.057,470","1.057,470","1.057,470","1.057,470","0,04%"
"13.02.2009","1.057,030","1.057,030","1.057,030","1.057,030","-0,26%"
"12.02.2009","1.059,750","1.059,750","1.059,750","1.059,750","0,24%"
"11.02.2009","1.057,250","1.057,250","1.057,250","1.057,250","0,27%"
"10.02.2009","1.054,360","1.054,360","1.054,360","1.054,360","0,33%"
"09.02.2009","1.050,930","1.050,930","1.050,930","1.050,930","0,09%"
"06.02.2009","1.050,030","1.050,030","1.050,030","1.050,030","-0,07%"
"05.02.2009","1.050,760","1.050,760","1.050,760","1.050,760","0,12%"
"04.02.2009","1.049,550","1.049,550","1.049,550","1.049,550","-0,06%"
"03.02.2009","1.050,210","1.050,210","1.050,210","1.050,210","-0,27%"
"02.02.2009","1.053,070","1.053,070","1.053,070","1.053,070","0,28%"
"30.01.2009","1.050,170","1.050,170","1.050,170","1.050,170","-0,08%"
"29.01.2009","1.050,970","1.050,970","1.050,970","1.050,970","-0,07%"
"28.01.2009","1.051,670","1.051,670","1.051,670","1.051,670","0,01%"
"27.01.2009","1.051,600","1.051,600","1.051,600","1.051,600","0,33%"
"26.01.2009","1.048,150","1.048,150","1.048,150","1.048,150","-0,17%"
"23.01.2009","1.049,950","1.049,950","1.049,950","1.049,950","-0,39%"
"22.01.2009","1.054,080","1.054,080","1.054,080","1.054,080","-0,25%"
"21.01.2009","1.056,730","1.056,730","1.056,730","1.056,730","-0,28%"
"20.01.2009","1.059,730","1.059,730","1.059,730","1.059,730","-0,10%"
"19.01.2009","1.060,740","1.060,740","1.060,740","1.060,740","-0,16%"
"16.01.2009","1.062,440","1.062,440","1.062,440","1.062,440","-0,25%"
"15.01.2009","1.065,080","1.065,080","1.065,080","1.065,080","0,04%"
"14.01.2009","1.064,640","1.064,640","1.064,640","1.064,640","0,16%"
"13.01.2009","1.062,970","1.062,970","1.062,970","1.062,970","-0,01%"
"12.01.2009","1.063,120","1.063,120","1.063,120","1.063,120","0,07%"
"09.01.2009","1.062,420","1.062,420","1.062,420","1.062,420","0,32%"
"08.01.2009","1.059,050","1.059,050","1.059,050","1.059,050","0,11%"
"07.01.2009","1.057,900","1.057,900","1.057,900","1.057,900","-0,10%"
"06.01.2009","1.058,970","1.058,970","1.058,970","1.058,970","-0,43%"
"05.01.2009","1.063,540","1.063,540","1.063,540","1.063,540","-0,28%"
"02.01.2009","1.066,530","1.066,530","1.066,530","1.066,530","-0,13%"
"31.12.2008","1.067,900","1.067,900","1.067,900","1.067,900","-0,20%"
"30.12.2008","1.070,060","1.070,060","1.070,060","1.070,060","0,05%"
"29.12.2008","1.069,480","1.069,480","1.069,480","1.069,480","0,24%"
"24.12.2008","1.066,930","1.066,930","1.066,930","1.066,930","0,07%"
"23.12.2008","1.066,140","1.066,140","1.066,140","1.066,140","-0,01%"
"22.12.2008","1.066,230","1.066,230","1.066,230","1.066,230","0,15%"
"19.12.2008","1.064,660","1.064,660","1.064,660","1.064,660","-0,06%"
"18.12.2008","1.065,270","1.065,270","1.065,270","1.065,270","0,34%"
"17.12.2008","1.061,710","1.061,710","1.061,710","1.061,710","0,52%"
"16.12.2008","1.056,240","1.056,240","1.056,240","1.056,240","0,56%"
"15.12.2008","1.050,410","1.050,410","1.050,410","1.050,410","0,29%"
"12.12.2008","1.047,350","1.047,350","1.047,350","1.047,350","-0,11%"
"11.12.2008","1.048,510","1.048,510","1.048,510","1.048,510","0,10%"
"10.12.2008","1.047,490","1.047,490","1.047,490","1.047,490","-0,04%"
"09.12.2008","1.047,960","1.047,960","1.047,960","1.047,960","0,02%"
"08.12.2008","1.047,730","1.047,730","1.047,730","1.047,730","-0,44%"
"05.12.2008","1.052,350","1.052,350","1.052,350","1.052,350","-0,19%"
"04.12.2008","1.054,400","1.054,400","1.054,400","1.054,400","-0,03%"
"03.12.2008","1.054,750","1.054,750","1.054,750","1.054,750","0,16%"
"02.12.2008","1.053,020","1.053,020","1.053,020","1.053,020","0,43%"
"01.12.2008","1.048,540","1.048,540","1.048,540","1.048,540","0,49%"
"28.11.2008","1.043,450","1.043,450","1.043,450","1.043,450","0,09%"
"27.11.2008","1.042,470","1.042,470","1.042,470","1.042,470","-0,03%"
"26.11.2008","1.042,810","1.042,810","1.042,810","1.042,810","0,36%"
"25.11.2008","1.039,120","1.039,120","1.039,120","1.039,120","0,40%"
"24.11.2008","1.035,030","1.035,030","1.035,030","1.035,030","-0,29%"
"21.11.2008","1.038,030","1.038,030","1.038,030","1.038,030","-0,23%"
"20.11.2008","1.040,430","1.040,430","1.040,430","1.040,430","0,83%"
"19.11.2008","1.031,880","1.031,880","1.031,880","1.031,880","0,48%"
"18.11.2008","1.026,940","1.026,940","1.026,940","1.026,940","0,13%"
"17.11.2008","1.025,620","1.025,620","1.025,620","1.025,620","0,12%"
"14.11.2008","1.024,410","1.024,410","1.024,410","1.024,410","0,25%"
"13.11.2008","1.021,840","1.021,840","1.021,840","1.021,840","-0,18%"
"12.11.2008","1.023,640","1.023,640","1.023,640","1.023,640","0,18%"
"11.11.2008","1.021,790","1.021,790","1.021,790","1.021,790","0,06%"
"10.11.2008","1.021,220","1.021,220","1.021,220","1.021,220","0,10%"
"07.11.2008","1.020,200","1.020,200","1.020,200","1.020,200","0,04%"
"06.11.2008","1.019,840","1.019,840","1.019,840","1.019,840","0,27%"
"05.11.2008","1.017,090","1.017,090","1.017,090","1.017,090","0,07%"
"04.11.2008","1.016,350","1.016,350","1.016,350","1.016,350","0,25%"
"03.11.2008","1.013,820","1.013,820","1.013,820","1.013,820","0,18%"
"31.10.2008","1.011,950","1.011,950","1.011,950","1.011,950","-0,31%"
"30.10.2008","1.015,100","1.015,100","1.015,100","1.015,100","0,01%"
"29.10.2008","1.015,040","1.015,040","1.015,040","1.015,040","-0,00%"
"28.10.2008","1.015,060","1.015,060","1.015,060","1.015,060","-0,21%"
"27.10.2008","1.017,170","1.017,170","1.017,170","1.017,170","-0,02%"
"24.10.2008","1.017,390","1.017,390","1.017,390","1.017,390","0,14%"
"23.10.2008","1.015,920","1.015,920","1.015,920","1.015,920","0,12%"
"22.10.2008","1.014,690","1.014,690","1.014,690","1.014,690","0,52%"
"21.10.2008","1.009,490","1.009,490","1.009,490","1.009,490","0,21%"
"20.10.2008","1.007,420","1.007,420","1.007,420","1.007,420","0,15%"
"17.10.2008","1.005,940","1.005,940","1.005,940","1.005,940","0,10%"
"16.10.2008","1.004,910","1.004,910","1.004,910","1.004,910","0,11%"
"15.10.2008","1.003,780","1.003,780","1.003,780","1.003,780","0,22%"
"14.10.2008","1.001,620","1.001,620","1.001,620","1.001,620","-0,51%"
"13.10.2008","1.006,770","1.006,770","1.006,770","1.006,770","-0,27%"
"10.10.2008","1.009,480","1.009,480","1.009,480","1.009,480","-0,52%"
"09.10.2008","1.014,760","1.014,760","1.014,760","1.014,760","-0,53%"
"08.10.2008","1.020,140","1.020,140","1.020,140","1.020,140","-0,12%"
"07.10.2008","1.021,330","1.021,330","1.021,330","1.021,330","-0,14%"
"06.10.2008","1.022,790","1.022,790","1.022,790","1.022,790","0,89%"
"03.10.2008","1.013,790","1.013,790","1.013,790","1.013,790","0,22%"
"02.10.2008","1.011,580","1.011,580","1.011,580","1.011,580","0,35%"
"01.10.2008","1.008,040","1.008,040","1.008,040","1.008,040","0,24%"
"30.09.2008","1.005,650","1.005,650","1.005,650","1.005,650","-0,31%"
"29.09.2008","1.008,810","1.008,810","1.008,810","1.008,810","0,71%"
"26.09.2008","1.001,660","1.001,660","1.001,660","1.001,660","0,17%"