"Fecha","Último","Apertura","Máximo","Mínimo","% var."
"31.12.2025","35,730","35,730","35,730","35,730","0,03%"
"30.12.2025","35,720","35,720","35,720","35,500","0,62%"
"29.12.2025","35,500","35,500","35,500","35,500","-0,17%"
"23.12.2025","35,560","35,560","35,560","35,560","0,77%"
"22.12.2025","35,290","35,290","35,290","35,290","-0,14%"
"19.12.2025","35,340","35,340","35,340","35,080","0,74%"
"18.12.2025","35,080","35,080","35,080","35,040","0,11%"
"17.12.2025","35,040","35,040","35,040","34,910","0,37%"
"16.12.2025","34,910","34,910","34,910","34,910","-0,34%"
"15.12.2025","35,030","35,030","35,030","35,030","-0,03%"
"12.12.2025","35,040","35,040","35,040","35,040","0,26%"
"11.12.2025","34,950","34,950","34,950","34,950","0,34%"
"10.12.2025","34,830","34,830","34,830","34,830","-0,14%"
"09.12.2025","34,880","34,880","34,880","34,880","-0,06%"
"08.12.2025","34,900","34,900","34,950","34,900","-0,14%"
"05.12.2025","34,950","34,950","34,950","34,740","0,60%"
"04.12.2025","34,740","34,740","34,740","34,740","0,26%"
"03.12.2025","34,650","34,650","34,650","34,650","0,23%"
"02.12.2025","34,570","34,570","34,570","34,480","0,26%"
"01.12.2025","34,480","34,480","34,480","34,480","-0,09%"
"28.11.2025","34,510","34,510","34,510","34,510","0,52%"
"26.11.2025","34,330","34,330","34,330","33,920","1,21%"
"25.11.2025","33,920","33,920","33,920","33,660","0,77%"
"24.11.2025","33,660","33,660","33,660","33,590","0,21%"
"21.11.2025","33,590","33,590","33,590","33,590","-1,58%"
"20.11.2025","34,130","34,130","34,130","33,930","0,59%"
"19.11.2025","33,930","33,930","33,930","33,930","0,62%"
"18.11.2025","33,720","33,720","33,720","33,720","-2,01%"
"17.11.2025","34,410","34,410","34,410","34,330","0,23%"
"14.11.2025","34,330","34,330","34,870","34,330","-1,55%"
"13.11.2025","34,870","34,870","34,960","34,870","-0,26%"
"12.11.2025","34,960","34,960","34,960","34,620","0,98%"
"11.11.2025","34,620","34,620","34,620","34,240","1,11%"
"10.11.2025","34,240","34,240","34,240","34,240","1,39%"
"07.11.2025","33,770","33,770","33,970","33,770","-0,59%"
"06.11.2025","33,970","33,970","34,070","33,970","-0,29%"
"05.11.2025","34,070","34,070","34,070","34,040","0,09%"
"04.11.2025","34,040","34,040","34,040","34,040","-0,53%"
"03.11.2025","34,220","34,220","34,220","34,220","0,23%"
"31.10.2025","34,140","34,140","34,140","34,140","-0,35%"
"30.10.2025","34,260","34,260","34,340","34,260","-0,23%"
"29.10.2025","34,340","34,340","34,340","34,340","0,38%"
"28.10.2025","34,210","34,210","34,240","34,210","-0,09%"
"27.10.2025","34,240","34,240","34,240","34,240","0,38%"
"24.10.2025","34,110","34,110","34,110","34,110","0,24%"
"23.10.2025","34,030","34,030","34,090","34,030","-0,18%"
"22.10.2025","34,090","34,090","34,090","34,090","0,41%"
"21.10.2025","33,950","33,950","33,960","33,950","-0,03%"
"20.10.2025","33,960","33,960","33,960","33,960","0,41%"
"17.10.2025","33,820","33,820","33,880","33,820","-0,18%"
"16.10.2025","33,880","33,880","33,880","33,780","0,30%"
"15.10.2025","33,780","33,780","33,780","33,590","0,57%"
"14.10.2025","33,590","33,590","33,700","33,590","-0,33%"
"13.10.2025","33,700","33,700","33,700","33,700","-0,77%"
"10.10.2025","33,960","33,960","34,080","33,960","-0,35%"
"09.10.2025","34,080","34,080","34,080","34,080","-0,15%"
"08.10.2025","34,130","34,130","34,130","33,940","0,56%"
"07.10.2025","33,940","33,940","33,990","33,940","-0,15%"
"06.10.2025","33,990","33,990","33,990","33,880","0,32%"
"03.10.2025","33,880","33,880","33,880","33,820","0,18%"
"02.10.2025","33,820","33,820","33,820","33,490","0,99%"
"01.10.2025","33,490","33,490","33,490","33,090","1,21%"
"30.09.2025","33,090","33,090","33,090","32,990","0,30%"
"29.09.2025","32,990","32,990","32,990","32,990","0,09%"
"26.09.2025","32,960","32,960","32,960","32,700","0,80%"
"25.09.2025","32,700","32,700","32,700","32,700","-0,21%"
"24.09.2025","32,770","32,770","32,920","32,770","-0,46%"
"23.09.2025","32,920","32,920","32,920","32,920","0,52%"
"19.09.2025","32,750","32,750","32,750","32,750","0,49%"
"18.09.2025","32,590","32,590","32,590","32,590","0,18%"
"17.09.2025","32,530","32,530","32,570","32,530","-0,12%"
"16.09.2025","32,570","32,570","32,780","32,570","-0,64%"
"15.09.2025","32,780","32,780","32,780","32,650","0,40%"
"12.09.2025","32,650","32,650","32,650","32,650","0,15%"
"11.09.2025","32,600","32,600","32,600","32,600","0,49%"
"10.09.2025","32,440","32,440","32,440","32,440","0,34%"
"09.09.2025","32,330","32,330","32,330","32,190","0,43%"
"08.09.2025","32,190","32,190","32,230","32,190","-0,12%"
"05.09.2025","32,230","32,230","32,230","32,230","0,22%"
"04.09.2025","32,160","32,160","32,160","31,940","0,69%"
"03.09.2025","31,940","31,940","31,940","31,940","0,00%"
"02.09.2025","31,940","31,940","31,940","31,940","-1,21%"
"29.08.2025","32,330","32,330","32,330","32,330","-0,43%"
"28.08.2025","32,470","32,470","32,470","32,470","-0,25%"
"27.08.2025","32,550","32,550","32,550","32,550","-0,37%"
"26.08.2025","32,670","32,670","32,670","32,670","-1,03%"
"22.08.2025","33,010","33,010","33,010","32,790","0,67%"
"21.08.2025","32,790","32,790","32,790","32,790","0,15%"
"20.08.2025","32,740","32,740","32,740","32,640","0,31%"
"19.08.2025","32,640","32,640","32,640","32,510","0,40%"
"18.08.2025","32,510","32,510","32,510","32,510","0,49%"
"14.08.2025","32,350","32,350","32,350","32,350","0,31%"
"13.08.2025","32,250","32,250","32,250","32,250","0,62%"
"12.08.2025","32,050","32,050","32,050","31,910","0,44%"
"11.08.2025","31,910","31,910","31,910","31,900","0,03%"
"08.08.2025","31,900","31,900","31,910","31,900","-0,03%"
"07.08.2025","31,910","31,910","31,910","31,630","0,89%"
"06.08.2025","31,630","31,630","31,800","31,630","-0,53%"
"05.08.2025","31,800","31,800","31,800","31,620","0,57%"
"04.08.2025","31,620","31,620","31,620","31,150","1,51%"
"01.08.2025","31,150","31,150","31,150","31,150","-2,75%"
"31.07.2025","32,030","32,030","32,120","32,030","-0,28%"
"30.07.2025","32,120","32,120","32,120","32,120","-0,03%"
"29.07.2025","32,130","32,130","32,130","32,130","0,44%"
"28.07.2025","31,990","31,990","32,030","31,990","-0,12%"
"25.07.2025","32,030","32,030","32,030","32,030","-0,50%"
"24.07.2025","32,190","32,190","32,190","32,190","0,00%"
"23.07.2025","32,190","32,190","32,190","31,870","1,00%"
"22.07.2025","31,870","31,870","32,010","31,870","-0,44%"
"21.07.2025","32,010","32,010","32,100","32,010","-0,28%"
"18.07.2025","32,100","32,100","32,100","32,100","0,38%"
"17.07.2025","31,980","31,980","31,980","31,870","0,35%"
"16.07.2025","31,870","31,870","32,010","31,870","-0,44%"
"15.07.2025","32,010","32,010","32,010","31,970","0,13%"
"14.07.2025","31,970","31,970","32,040","31,970","-0,22%"
"11.07.2025","32,040","32,040","32,040","32,040","-0,87%"
"10.07.2025","32,320","32,320","32,320","32,320","0,22%"
"09.07.2025","32,250","32,250","32,250","31,980","0,84%"
"08.07.2025","31,980","31,980","31,980","31,980","0,00%"
"07.07.2025","31,980","31,980","31,980","31,980","0,31%"
"03.07.2025","31,880","31,880","31,880","31,630","0,79%"
"02.07.2025","31,630","31,630","31,630","31,630","-0,38%"
"01.07.2025","31,750","31,750","31,880","31,750","-0,41%"
"30.06.2025","31,880","31,880","31,910","31,880","-0,09%"
"27.06.2025","31,910","31,910","31,910","31,910","0,82%"
"26.06.2025","31,650","31,650","31,650","31,650","-0,03%"
"25.06.2025","31,660","31,660","31,790","31,660","-0,41%"
"24.06.2025","31,790","31,790","31,790","31,790","0,22%"
"20.06.2025","31,720","31,720","31,720","31,720","-0,38%"
"18.06.2025","31,840","31,840","31,840","31,840","-0,44%"
"17.06.2025","31,980","31,980","31,980","31,980","-0,96%"
"16.06.2025","32,290","32,290","32,290","32,290","0,31%"
"13.06.2025","32,190","32,190","32,360","32,190","-0,53%"
"12.06.2025","32,360","32,360","32,460","32,360","-0,31%"
"11.06.2025","32,460","32,460","32,570","32,460","-0,34%"
"10.06.2025","32,570","32,570","32,570","32,570","-0,43%"
"06.06.2025","32,710","32,710","32,710","32,510","0,62%"
"05.06.2025","32,510","32,510","32,510","32,510","0,03%"
"04.06.2025","32,500","32,500","32,500","32,380","0,37%"
"03.06.2025","32,380","32,380","32,380","32,220","0,50%"
"02.06.2025","32,220","32,220","32,430","32,220","-0,65%"
"30.05.2025","32,430","32,430","32,430","32,430","-0,06%"
"28.05.2025","32,450","32,450","32,450","32,450","-0,37%"
"27.05.2025","32,570","32,570","32,570","32,570","1,69%"
"23.05.2025","32,030","32,030","32,030","32,030","-0,44%"
"22.05.2025","32,170","32,170","32,170","32,170","-0,80%"
"21.05.2025","32,430","32,430","32,430","32,430","0,03%"
"20.05.2025","32,420","32,420","32,420","32,420","1,41%"
"19.05.2025","31,970","31,970","31,970","31,970","0,35%"
"16.05.2025","31,860","31,860","31,860","31,690","0,54%"
"15.05.2025","31,690","31,690","31,690","31,690","0,80%"
"14.05.2025","31,440","31,440","31,460","31,440","-0,06%"
"13.05.2025","31,460","31,460","31,460","31,260","0,64%"
"12.05.2025","31,260","31,260","31,260","31,260","0,29%"
"08.05.2025","31,170","31,170","31,170","31,080","0,29%"
"07.05.2025","31,080","31,080","31,120","31,080","-0,13%"
"06.05.2025","31,120","31,120","31,120","31,120","0,39%"
"02.05.2025","31,000","31,000","31,000","31,000","2,45%"
"30.04.2025","30,260","30,260","30,260","30,260","0,00%"
"29.04.2025","30,260","30,260","30,260","30,260","0,23%"
"28.04.2025","30,190","30,190","30,190","30,190","0,57%"
"25.04.2025","30,020","30,020","30,020","30,020","0,84%"
"24.04.2025","29,770","29,770","29,770","29,770","-0,23%"
"23.04.2025","29,840","29,840","29,840","29,840","2,12%"
"22.04.2025","29,220","29,220","29,220","29,220","0,07%"
"17.04.2025","29,200","29,200","29,200","29,140","0,21%"
"16.04.2025","29,140","29,140","29,140","29,140","-0,51%"
"15.04.2025","29,290","29,290","29,290","28,680","2,13%"
"14.04.2025","28,680","28,680","28,680","28,000","2,43%"
"11.04.2025","28,000","28,000","28,000","28,000","-0,60%"
"10.04.2025","28,170","28,170","28,170","28,170","3,68%"
"09.04.2025","27,170","27,170","27,170","27,170","-3,52%"
"08.04.2025","28,160","28,160","28,160","28,160","2,74%"
"07.04.2025","27,410","27,410","27,410","27,410","-4,46%"
"04.04.2025","28,690","28,690","28,690","28,690","-4,59%"
"03.04.2025","30,070","30,070","30,070","30,070","-1,38%"
"02.04.2025","30,490","30,490","30,490","30,490","-0,72%"
"01.04.2025","30,710","30,710","30,710","30,710","0,72%"
"31.03.2025","30,490","30,490","30,860","30,490","-1,20%"
"28.03.2025","30,860","30,860","30,860","30,860","-1,03%"
"27.03.2025","31,180","31,180","31,180","31,180","-0,76%"
"26.03.2025","31,420","31,420","31,500","31,420","-0,25%"
"25.03.2025","31,500","31,500","31,500","31,500","0,38%"
"24.03.2025","31,380","31,380","31,380","31,380","0,35%"
"21.03.2025","31,270","31,270","31,460","31,270","-0,60%"
"20.03.2025","31,460","31,460","31,540","31,460","-0,25%"
"19.03.2025","31,540","31,540","31,540","31,500","0,13%"
"18.03.2025","31,500","31,500","31,500","31,500","0,70%"
"17.03.2025","31,280","31,280","31,280","31,280","0,64%"
"14.03.2025","31,080","31,080","31,080","31,080","1,14%"
"13.03.2025","30,730","30,730","30,730","30,730","0,42%"
"12.03.2025","30,600","30,600","30,600","30,600","0,49%"
"11.03.2025","30,450","30,450","30,450","30,450","-2,03%"
"10.03.2025","31,080","31,080","31,080","31,080","-1,15%"
"07.03.2025","31,440","31,440","31,440","31,440","-0,16%"
"06.03.2025","31,490","31,490","31,490","31,490","-0,35%"
"05.03.2025","31,600","31,600","31,600","31,600","1,15%"
"04.03.2025","31,240","31,240","31,240","31,240","-2,07%"
"03.03.2025","31,900","31,900","31,900","31,900","2,05%"
"28.02.2025","31,260","31,260","31,260","31,260","0,32%"
"27.02.2025","31,160","31,160","31,160","31,160","-0,86%"
"26.02.2025","31,430","31,430","31,430","31,430","0,61%"
"25.02.2025","31,240","31,240","31,240","31,240","0,90%"
"24.02.2025","30,960","30,960","30,960","30,960","-0,13%"
"21.02.2025","31,000","31,000","31,000","31,000","0,23%"
"20.02.2025","30,930","30,930","30,930","30,930","0,13%"
"19.02.2025","30,890","30,890","30,890","30,890","-1,06%"
"18.02.2025","31,220","31,220","31,220","31,220","1,00%"
"14.02.2025","30,910","30,910","30,910","30,910","-0,03%"
"13.02.2025","30,920","30,920","30,920","30,920","1,34%"
"12.02.2025","30,510","30,510","30,510","30,510","-0,16%"
"11.02.2025","30,560","30,560","30,560","30,560","0,23%"
"10.02.2025","30,490","30,490","30,490","30,490","0,26%"
"07.02.2025","30,410","30,410","30,410","30,410","-0,07%"
"06.02.2025","30,430","30,430","30,430","30,430","1,06%"
"05.02.2025","30,110","30,110","30,110","30,110","0,20%"
"04.02.2025","30,050","30,050","30,050","30,050","0,91%"
"03.02.2025","29,780","29,780","29,780","29,780","-1,55%"
"31.01.2025","30,250","30,250","30,250","30,250","0,50%"
"30.01.2025","30,100","30,100","30,100","30,100","0,30%"
"29.01.2025","30,010","30,010","30,010","30,010","0,47%"
"28.01.2025","29,870","29,870","29,870","29,870","0,37%"
"27.01.2025","29,760","29,760","29,760","29,760","-0,10%"
"24.01.2025","29,790","29,790","29,790","29,790","0,13%"
"23.01.2025","29,750","29,750","29,750","29,750","0,00%"
"22.01.2025","29,750","29,750","29,750","29,750","0,81%"
"21.01.2025","29,510","29,510","29,510","29,510","0,34%"
"17.01.2025","29,410","29,410","29,410","29,410","1,03%"
"16.01.2025","29,110","29,110","29,110","29,110","0,48%"
"15.01.2025","28,970","28,970","28,970","28,970","1,44%"
"14.01.2025","28,560","28,560","28,560","28,560","0,07%"
"13.01.2025","28,540","28,540","28,540","28,540","-1,11%"
"10.01.2025","28,860","28,860","28,860","28,860","0,24%"
"08.01.2025","28,790","28,790","28,790","28,790","-0,38%"
"07.01.2025","28,900","28,900","28,900","28,900","0,77%"
"06.01.2025","28,680","28,680","28,680","28,680","0,35%"
"03.01.2025","28,580","28,580","28,580","28,580","-0,07%"
"02.01.2025","28,600","28,600","28,600","28,600","0,32%"
"31.12.2024","28,510","28,510","28,510","28,510","0,74%"
"30.12.2024","28,300","28,300","28,300","28,300","-0,56%"
"27.12.2024","28,460","28,460","28,460","28,460","0,39%"
"23.12.2024","28,350","28,350","28,350","28,350","0,93%"
"20.12.2024","28,090","28,090","28,090","28,090","-1,89%"
"19.12.2024","28,630","28,630","28,630","28,630","-1,24%"
"18.12.2024","28,990","28,990","28,990","28,990","0,03%"
"17.12.2024","28,980","28,980","28,980","28,980","-0,38%"
"16.12.2024","29,090","29,090","29,090","29,090","-0,14%"
"13.12.2024","29,130","29,130","29,130","29,130","-0,65%"
"12.12.2024","29,320","29,320","29,320","29,320","0,03%"
"11.12.2024","29,310","29,310","29,310","29,310","-0,03%"
"10.12.2024","29,320","29,320","29,320","29,320","-0,54%"
"09.12.2024","29,480","29,480","29,480","29,480","0,17%"
"06.12.2024","29,430","29,430","29,430","29,430","0,44%"
"05.12.2024","29,300","29,300","29,300","29,300","0,17%"
"04.12.2024","29,250","29,250","29,250","29,250","0,62%"
"03.12.2024","29,070","29,070","29,070","29,070","0,55%"
"02.12.2024","28,910","28,910","28,910","28,910","1,12%"
"29.11.2024","28,590","28,590","28,590","28,590","0,49%"
"27.11.2024","28,450","28,450","28,450","28,450","-0,28%"
"26.11.2024","28,530","28,530","28,530","28,530","-0,24%"
"25.11.2024","28,600","28,600","28,600","28,600","0,00%"
"22.11.2024","28,600","28,600","28,600","28,600","1,67%"
"21.11.2024","28,130","28,130","28,130","28,130","0,18%"
"20.11.2024","28,080","28,080","28,080","28,080","0,36%"
"19.11.2024","27,980","27,980","27,980","27,980","-0,46%"
"18.11.2024","28,110","28,110","28,110","28,110","-0,64%"
"15.11.2024","28,290","28,290","28,290","28,290","-0,70%"
"14.11.2024","28,490","28,490","28,490","28,490","1,32%"
"13.11.2024","28,120","28,120","28,120","28,120","-0,99%"
"12.11.2024","28,400","28,400","28,400","28,400","-1,29%"
"11.11.2024","28,770","28,770","28,770","28,770","1,34%"
"08.11.2024","28,390","28,390","28,390","28,390","-0,84%"
"07.11.2024","28,630","28,630","28,630","28,630","0,99%"
"06.11.2024","28,350","28,350","28,350","28,350","-0,07%"
"05.11.2024","28,370","28,370","28,370","28,370","-0,21%"
"04.11.2024","28,430","28,430","28,430","28,430","1,28%"
"31.10.2024","28,070","28,070","28,070","28,070","-2,02%"
"30.10.2024","28,650","28,650","28,650","28,650","-1,00%"
"29.10.2024","28,940","28,940","28,940","28,940","-0,55%"
"28.10.2024","29,100","29,100","29,100","29,100","0,62%"
"25.10.2024","28,920","28,920","28,920","28,920","-0,62%"
"24.10.2024","29,100","29,100","29,100","29,100","0,31%"
"23.10.2024","29,010","29,010","29,010","29,010","0,00%"
"22.10.2024","29,010","29,010","29,010","29,010","-0,72%"
"21.10.2024","29,220","29,220","29,220","29,220","0,00%"
"18.10.2024","29,220","29,220","29,220","29,220","-0,41%"
"17.10.2024","29,340","29,340","29,340","29,340","0,93%"
"16.10.2024","29,070","29,070","29,070","29,070","-0,48%"
"15.10.2024","29,210","29,210","29,210","29,210","0,10%"
"14.10.2024","29,180","29,180","29,180","29,180","0,69%"
"11.10.2024","28,980","28,980","28,980","28,980","0,63%"
"10.10.2024","28,800","28,800","28,800","28,800","0,10%"
"09.10.2024","28,770","28,770","28,770","28,770","0,24%"
"08.10.2024","28,700","28,700","28,700","28,700","-0,24%"
"07.10.2024","28,770","28,770","28,770","28,770","0,21%"
"04.10.2024","28,710","28,710","28,710","28,710","0,42%"
"03.10.2024","28,590","28,590","28,590","28,590","-0,63%"
"02.10.2024","28,770","28,770","28,770","28,770","-0,62%"
"01.10.2024","28,950","28,950","28,950","28,950","-0,86%"
"27.09.2024","29,200","29,200","29,200","29,200","0,00%"
"26.09.2024","29,200","29,200","29,200","29,200","0,86%"
"25.09.2024","28,950","28,950","28,950","28,950","0,03%"
"24.09.2024","28,940","28,940","28,940","28,940","0,24%"
"23.09.2024","28,870","28,870","28,870","28,870","0,35%"
"20.09.2024","28,770","28,770","28,770","28,770","-1,10%"
"19.09.2024","29,090","29,090","29,090","29,090","1,36%"
"18.09.2024","28,700","28,700","28,700","28,700","-0,21%"
"17.09.2024","28,760","28,760","28,760","28,760","0,00%"
"16.09.2024","28,760","28,760","28,760","28,760","0,10%"
"13.09.2024","28,730","28,730","28,730","28,730","1,16%"
"12.09.2024","28,400","28,400","28,400","28,400","0,39%"
"11.09.2024","28,290","28,290","28,290","28,290","0,21%"
"10.09.2024","28,230","28,230","28,230","28,230","-0,25%"
"09.09.2024","28,300","28,300","28,300","28,300","-0,42%"
"06.09.2024","28,420","28,420","28,420","28,420","-0,42%"
"05.09.2024","28,540","28,540","28,540","28,540","-0,31%"
"04.09.2024","28,630","28,630","28,630","28,630","-1,00%"
"03.09.2024","28,920","28,920","28,920","28,920","-0,99%"
"30.08.2024","29,210","29,210","29,210","29,210","0,52%"
"29.08.2024","29,060","29,060","29,060","29,060","0,31%"
"28.08.2024","28,970","28,970","28,970","28,970","0,66%"
"27.08.2024","28,780","28,780","28,780","28,780","0,17%"
"23.08.2024","28,730","28,730","28,730","28,730","-0,07%"
"22.08.2024","28,750","28,750","28,750","28,750","0,59%"
"21.08.2024","28,580","28,580","28,580","28,580","0,07%"
"20.08.2024","28,560","28,560","28,560","28,560","0,04%"
"19.08.2024","28,550","28,550","28,550","28,550","0,56%"
"16.08.2024","28,390","28,390","28,390","28,390","1,72%"
"14.08.2024","27,910","27,910","27,910","27,910","0,36%"
"13.08.2024","27,810","27,810","27,810","27,810","0,69%"
"12.08.2024","27,620","27,620","27,620","27,620","0,15%"
"09.08.2024","27,580","27,580","27,580","27,580","0,77%"
"08.08.2024","27,370","27,370","27,370","27,370","-0,44%"
"07.08.2024","27,490","27,490","27,490","27,490","2,08%"
"06.08.2024","26,930","26,930","26,930","26,930","0,82%"
"05.08.2024","26,710","26,710","26,710","26,710","-3,19%"
"02.08.2024","27,590","27,590","27,590","27,590","-3,73%"
"01.08.2024","28,660","28,660","28,660","28,660","0,10%"
"31.07.2024","28,630","28,630","28,630","28,630","0,35%"
"30.07.2024","28,530","28,530","28,530","28,530","0,28%"
"29.07.2024","28,450","28,450","28,450","28,450","0,46%"
"26.07.2024","28,320","28,320","28,320","28,320","1,14%"
"25.07.2024","28,000","28,000","28,000","28,000","-1,41%"
"24.07.2024","28,400","28,400","28,400","28,400","-0,53%"
"23.07.2024","28,550","28,550","28,550","28,550","0,21%"
"22.07.2024","28,490","28,490","28,490","28,490","0,78%"
"19.07.2024","28,270","28,270","28,270","28,270","-1,15%"
"18.07.2024","28,600","28,600","28,600","28,600","-0,03%"
"17.07.2024","28,610","28,610","28,610","28,610","-0,28%"
"16.07.2024","28,690","28,690","28,690","28,690","-0,62%"
"15.07.2024","28,870","28,870","28,870","28,870","-0,31%"
"12.07.2024","28,960","28,960","28,960","28,960","0,66%"
"11.07.2024","28,770","28,770","28,770","28,770","0,95%"
"10.07.2024","28,500","28,500","28,500","28,500","0,42%"
"09.07.2024","28,380","28,380","28,380","28,380","-0,98%"
"08.07.2024","28,660","28,660","28,660","28,660","0,56%"
"05.07.2024","28,500","28,500","28,500","28,500","0,25%"
"03.07.2024","28,430","28,430","28,430","28,430","1,07%"
"02.07.2024","28,130","28,130","28,130","28,130","-0,99%"
"01.07.2024","28,410","28,410","28,410","28,410","0,46%"
"28.06.2024","28,280","28,280","28,280","28,280","-0,21%"
"27.06.2024","28,340","28,340","28,340","28,340","-0,18%"
"26.06.2024","28,390","28,390","28,390","28,390","-0,11%"
"25.06.2024","28,420","28,420","28,420","28,420","-0,56%"
"24.06.2024","28,580","28,580","28,580","28,580","0,74%"
"21.06.2024","28,370","28,370","28,370","28,370","-0,77%"
"20.06.2024","28,590","28,590","28,590","28,590","0,85%"
"18.06.2024","28,350","28,350","28,350","28,350","0,85%"
"17.06.2024","28,110","28,110","28,110","28,110","-0,18%"
"14.06.2024","28,160","28,160","28,160","28,160","-1,16%"
"13.06.2024","28,490","28,490","28,490","28,490","-1,18%"
"12.06.2024","28,830","28,830","28,830","28,830","1,16%"
"11.06.2024","28,500","28,500","28,500","28,500","-0,52%"
"10.06.2024","28,650","28,650","28,650","28,650","-0,52%"
"07.06.2024","28,800","28,800","28,800","28,800","0,17%"
"06.06.2024","28,750","28,750","28,750","28,750","0,91%"
"05.06.2024","28,490","28,490","28,490","28,490","0,49%"
"04.06.2024","28,350","28,350","28,350","28,350","-0,63%"
"03.06.2024","28,530","28,530","28,530","28,530","0,56%"
"31.05.2024","28,370","28,370","28,370","28,370","0,35%"
"30.05.2024","28,270","28,270","28,270","28,270","0,57%"
"29.05.2024","28,110","28,110","28,110","28,110","-0,71%"
"28.05.2024","28,310","28,310","28,310","28,310","-0,07%"
"24.05.2024","28,330","28,330","28,330","28,330","-0,46%"
"23.05.2024","28,460","28,460","28,460","28,460","0,14%"
"22.05.2024","28,420","28,420","28,420","28,420","0,07%"
"21.05.2024","28,400","28,400","28,400","28,400","0,18%"
"17.05.2024","28,350","28,350","28,350","28,350","-0,18%"
"16.05.2024","28,400","28,400","28,400","28,400","-0,07%"
"15.05.2024","28,420","28,420","28,420","28,420","0,78%"
"14.05.2024","28,200","28,200","28,200","28,200","0,00%"
"13.05.2024","28,200","28,200","28,200","28,200","-0,04%"
"10.05.2024","28,210","28,210","28,210","28,210","1,37%"
"08.05.2024","27,830","27,830","27,830","27,830","0,72%"
"07.05.2024","27,630","27,630","27,630","27,630","1,17%"
"03.05.2024","27,310","27,310","27,310","27,310","0,63%"
"02.05.2024","27,140","27,140","27,140","27,140","-0,37%"
"30.04.2024","27,240","27,240","27,240","27,240","-0,18%"
"29.04.2024","27,290","27,290","27,290","27,290","0,07%"
"26.04.2024","27,270","27,270","27,270","27,270","1,75%"
"25.04.2024","26,800","26,800","26,800","26,800","-1,51%"
"24.04.2024","27,210","27,210","27,210","27,210","0,41%"
"23.04.2024","27,100","27,100","27,100","27,100","1,08%"
"22.04.2024","26,810","26,810","26,810","26,810","0,34%"
"19.04.2024","26,720","26,720","26,720","26,720","0,07%"
"18.04.2024","26,700","26,700","26,700","26,700","-0,52%"
"17.04.2024","26,840","26,840","26,840","26,840","0,26%"
"16.04.2024","26,770","26,770","26,770","26,770","-2,08%"
"15.04.2024","27,340","27,340","27,340","27,340","0,85%"
"12.04.2024","27,110","27,110","27,110","27,110","0,22%"
"11.04.2024","27,050","27,050","27,050","27,050","0,07%"
"10.04.2024","27,030","27,030","27,030","27,030","-0,37%"
"09.04.2024","27,130","27,130","27,130","27,130","-0,73%"
"08.04.2024","27,330","27,330","27,330","27,330","0,63%"
"05.04.2024","27,160","27,160","27,160","27,160","-1,02%"
"04.04.2024","27,440","27,440","27,440","27,440","0,37%"
"03.04.2024","27,340","27,340","27,340","27,340","0,07%"
"02.04.2024","27,320","27,320","27,320","27,320","-1,01%"
"28.03.2024","27,600","27,600","27,600","27,600","0,15%"
"27.03.2024","27,560","27,560","27,560","27,560","0,11%"
"26.03.2024","27,530","27,530","27,530","27,530","0,15%"
"25.03.2024","27,490","27,490","27,490","27,490","0,37%"
"22.03.2024","27,390","27,390","27,390","27,390","0,11%"
"21.03.2024","27,360","27,360","27,360","27,360","0,81%"
"20.03.2024","27,140","27,140","27,140","27,140","0,44%"
"19.03.2024","27,020","27,020","27,020","27,020","0,15%"
"18.03.2024","26,980","26,980","26,980","26,980","-0,52%"
"15.03.2024","27,120","27,120","27,120","27,120","0,26%"
"14.03.2024","27,050","27,050","27,050","27,050","-0,07%"
"13.03.2024","27,070","27,070","27,070","27,070","0,63%"
"12.03.2024","26,900","26,900","26,900","26,900","0,98%"
"11.03.2024","26,640","26,640","26,640","26,640","-0,82%"
"08.03.2024","26,860","26,860","26,860","26,860","-0,15%"
"07.03.2024","26,900","26,900","26,900","26,900","1,24%"
"06.03.2024","26,570","26,570","26,570","26,570","0,11%"
"05.03.2024","26,540","26,540","26,540","26,540","0,19%"
"04.03.2024","26,490","26,490","26,490","26,490","0,38%"
"01.03.2024","26,390","26,390","26,390","26,390","0,00%"
"29.02.2024","26,390","26,390","26,390","26,390","0,38%"
"28.02.2024","26,290","26,290","26,290","26,290","-0,27%"
"27.02.2024","26,360","26,360","26,360","26,360","-0,23%"
"26.02.2024","26,420","26,420","26,420","26,420","0,04%"
"23.02.2024","26,410","26,410","26,410","26,410","0,27%"
"22.02.2024","26,340","26,340","26,340","26,340","1,35%"
"21.02.2024","25,990","25,990","25,990","25,990","-0,04%"
"20.02.2024","26,000","26,000","26,000","26,000","0,19%"
"16.02.2024","25,950","25,950","25,950","25,950","0,54%"
"15.02.2024","25,810","25,810","25,810","25,810","0,47%"
"14.02.2024","25,690","25,690","25,690","25,690","0,94%"
"13.02.2024","25,450","25,450","25,450","25,450","-1,28%"
"12.02.2024","25,780","25,780","25,780","25,780","0,43%"
"09.02.2024","25,670","25,670","25,670","25,670","0,12%"
"08.02.2024","25,640","25,640","25,640","25,640","0,16%"
"07.02.2024","25,600","25,600","25,600","25,600","0,04%"
"06.02.2024","25,590","25,590","25,590","25,590","0,47%"
"05.02.2024","25,470","25,470","25,470","25,470","0,16%"
"02.02.2024","25,430","25,430","25,430","25,430","0,08%"
"01.02.2024","25,410","25,410","25,410","25,410","-0,55%"
"31.01.2024","25,550","25,550","25,550","25,550","0,31%"
"30.01.2024","25,470","25,470","25,470","25,470","0,32%"
"29.01.2024","25,390","25,390","25,390","25,390","0,36%"
"26.01.2024","25,300","25,300","25,300","25,300","0,24%"
"25.01.2024","25,240","25,240","25,240","25,240","0,40%"
"24.01.2024","25,140","25,140","25,140","25,140","1,41%"
"23.01.2024","24,790","24,790","24,790","24,790","-0,64%"
"22.01.2024","24,950","24,950","24,950","24,950","0,89%"
"19.01.2024","24,730","24,730","24,730","24,730","-0,08%"
"18.01.2024","24,750","24,750","24,750","24,750","1,06%"
"17.01.2024","24,490","24,490","24,490","24,490","-1,09%"
"16.01.2024","24,760","24,760","24,760","24,760","-0,80%"
"12.01.2024","24,960","24,960","24,960","24,960","0,20%"
"11.01.2024","24,910","24,910","24,910","24,910","-0,08%"
"10.01.2024","24,930","24,930","24,930","24,930","0,16%"
"09.01.2024","24,890","24,890","24,890","24,890","-0,40%"
"08.01.2024","24,990","24,990","24,990","24,990","0,48%"
"05.01.2024","24,870","24,870","24,870","24,870","0,04%"
"04.01.2024","24,860","24,860","24,860","24,860","0,61%"
"03.01.2024","24,710","24,710","24,710","24,710","-0,64%"
"02.01.2024","24,870","24,870","24,870","24,870","-0,12%"
"29.12.2023","24,900","24,900","24,900","24,900","0,04%"
"28.12.2023","24,890","24,890","24,890","24,890","0,32%"
"27.12.2023","24,810","24,810","24,810","24,810","-0,04%"
"22.12.2023","24,820","24,820","24,820","24,820","0,04%"
"21.12.2023","24,810","24,810","24,810","24,810","-0,08%"
"20.12.2023","24,830","24,830","24,830","24,830","0,16%"
"19.12.2023","24,790","24,790","24,790","24,790","0,24%"
"18.12.2023","24,730","24,730","24,730","24,730","-0,16%"
"15.12.2023","24,770","24,770","24,770","24,770","0,08%"
"14.12.2023","24,750","24,750","24,750","24,750","-0,24%"
"13.12.2023","24,810","24,810","24,810","24,810","0,20%"
"12.12.2023","24,760","24,760","24,760","24,760","-0,04%"
"11.12.2023","24,770","24,770","24,770","24,770","0,45%"
"08.12.2023","24,660","24,660","24,660","24,660","0,86%"
"07.12.2023","24,450","24,450","24,450","24,450","-0,49%"
"06.12.2023","24,570","24,570","24,570","24,570","0,70%"
"05.12.2023","24,400","24,400","24,400","24,400","0,16%"
"04.12.2023","24,360","24,360","24,360","24,360","0,21%"
"01.12.2023","24,310","24,310","24,310","24,310","0,79%"
"30.11.2023","24,120","24,120","24,120","24,120","0,63%"
"29.11.2023","23,970","23,970","23,970","23,970","0,63%"
"28.11.2023","23,820","23,820","23,820","23,820","-0,58%"
"27.11.2023","23,960","23,960","23,960","23,960","-0,04%"
"24.11.2023","23,970","23,970","23,970","23,970","0,63%"
"22.11.2023","23,820","23,820","23,820","23,820","0,17%"
"21.11.2023","23,780","23,780","23,780","23,780","0,04%"
"20.11.2023","23,770","23,770","23,770","23,770","0,17%"
"17.11.2023","23,730","23,730","23,730","23,730","0,47%"
"16.11.2023","23,620","23,620","23,620","23,620","-0,08%"
"15.11.2023","23,640","23,640","23,640","23,640","0,47%"
"14.11.2023","23,530","23,530","23,530","23,530","1,07%"
"13.11.2023","23,280","23,280","23,280","23,280","0,74%"
"10.11.2023","23,110","23,110","23,110","23,110","-0,60%"
"09.11.2023","23,250","23,250","23,250","23,250","0,39%"
"08.11.2023","23,160","23,160","23,160","23,160","0,70%"
"07.11.2023","23,000","23,000","23,000","23,000","0,04%"
"06.11.2023","22,990","22,990","22,990","22,990","-0,17%"
"03.11.2023","23,030","23,030","23,030","23,030","-0,30%"
"02.11.2023","23,100","23,100","23,100","23,100","2,30%"
"31.10.2023","22,580","22,580","22,580","22,580","0,31%"
"30.10.2023","22,510","22,510","22,510","22,510","0,04%"
"27.10.2023","22,500","22,500","22,500","22,500","-0,84%"
"26.10.2023","22,690","22,690","22,690","22,690","0,40%"
"25.10.2023","22,600","22,600","22,600","22,600","-0,13%"
"24.10.2023","22,630","22,630","22,630","22,630","0,49%"
"23.10.2023","22,520","22,520","22,520","22,520","-0,79%"
"20.10.2023","22,700","22,700","22,700","22,700","-1,13%"
"19.10.2023","22,960","22,960","22,960","22,960","-1,12%"
"18.10.2023","23,220","23,220","23,220","23,220","-0,47%"
"17.10.2023","23,330","23,330","23,330","23,330","-0,43%"
"16.10.2023","23,430","23,430","23,430","23,430","-0,51%"
"13.10.2023","23,550","23,550","23,550","23,550","-0,42%"
"12.10.2023","23,650","23,650","23,650","23,650","0,17%"
"11.10.2023","23,610","23,610","23,610","23,610","0,68%"
"10.10.2023","23,450","23,450","23,450","23,450","1,21%"
"09.10.2023","23,170","23,170","23,170","23,170","0,74%"
"06.10.2023","23,000","23,000","23,000","23,000","-0,09%"
"05.10.2023","23,020","23,020","23,020","23,020","0,70%"
"04.10.2023","22,860","22,860","22,860","22,860","-0,44%"
"03.10.2023","22,960","22,960","22,960","22,960","-0,65%"
"02.10.2023","23,110","23,110","23,110","23,110","-1,53%"
"29.09.2023","23,470","23,470","23,470","23,470","1,29%"
"28.09.2023","23,170","23,170","23,170","23,170","-0,22%"
"27.09.2023","23,220","23,220","23,220","23,220","-0,09%"
"26.09.2023","23,240","23,240","23,240","23,240","-0,04%"
"25.09.2023","23,250","23,250","23,250","23,250","-0,51%"
"22.09.2023","23,370","23,370","23,370","23,370","-0,55%"
"21.09.2023","23,500","23,500","23,500","23,500","-1,14%"
"20.09.2023","23,770","23,770","23,770","23,770","0,85%"
"19.09.2023","23,570","23,570","23,570","23,570","0,17%"
"18.09.2023","23,530","23,530","23,530","23,530","-1,05%"
"15.09.2023","23,780","23,780","23,780","23,780","0,76%"
"14.09.2023","23,600","23,600","23,600","23,600","0,85%"
"13.09.2023","23,400","23,400","23,400","23,400","-0,30%"
"12.09.2023","23,470","23,470","23,470","23,470","0,30%"
"11.09.2023","23,400","23,400","23,400","23,400","0,34%"
"08.09.2023","23,320","23,320","23,320","23,320","-0,09%"
"07.09.2023","23,340","23,340","23,340","23,340","-0,26%"
"06.09.2023","23,400","23,400","23,400","23,400","-0,38%"
"05.09.2023","23,490","23,490","23,490","23,490","-0,13%"
"01.09.2023","23,520","23,520","23,520","23,520","-0,63%"
"31.08.2023","23,670","23,670","23,670","23,670","0,17%"
"30.08.2023","23,630","23,630","23,630","23,630","0,42%"
"29.08.2023","23,530","23,530","23,530","23,530","1,34%"
"25.08.2023","23,220","23,220","23,220","23,220","-0,26%"
"24.08.2023","23,280","23,280","23,280","23,280","0,26%"
"23.08.2023","23,220","23,220","23,220","23,220","0,04%"
"22.08.2023","23,210","23,210","23,210","23,210","0,48%"
"21.08.2023","23,100","23,100","23,100","23,100","0,92%"
"18.08.2023","22,890","22,890","22,890","22,890","-1,08%"
"17.08.2023","23,140","23,140","23,140","23,140","-0,69%"
"16.08.2023","23,300","23,300","23,300","23,300","-0,43%"
"14.08.2023","23,400","23,400","23,400","23,400","0,04%"
"11.08.2023","23,390","23,390","23,390","23,390","-1,27%"
"10.08.2023","23,690","23,690","23,690","23,690","0,68%"
"09.08.2023","23,530","23,530","23,530","23,530","0,77%"
"08.08.2023","23,350","23,350","23,350","23,350","-0,09%"
"07.08.2023","23,370","23,370","23,370","23,370","0,39%"
"04.08.2023","23,280","23,280","23,280","23,280","0,04%"
"03.08.2023","23,270","23,270","23,270","23,270","-1,36%"
"02.08.2023","23,590","23,590","23,590","23,590","-1,09%"
"01.08.2023","23,850","23,850","23,850","23,850","-0,62%"
"31.07.2023","24,000","24,000","24,000","24,000","0,17%"
"28.07.2023","23,960","23,960","23,960","23,960","-0,25%"
"27.07.2023","24,020","24,020","24,020","24,020","1,95%"
"26.07.2023","23,560","23,560","23,560","23,560","-0,76%"
"25.07.2023","23,740","23,740","23,740","23,740","0,21%"
"24.07.2023","23,690","23,690","23,690","23,690","0,13%"
"21.07.2023","23,660","23,660","23,660","23,660","-0,21%"
"20.07.2023","23,710","23,710","23,710","23,710","0,25%"
"19.07.2023","23,650","23,650","23,650","23,650","0,21%"
"18.07.2023","23,600","23,600","23,600","23,600","0,34%"
"17.07.2023","23,520","23,520","23,520","23,520","-0,68%"
"14.07.2023","23,680","23,680","23,680","23,680","-0,29%"
"13.07.2023","23,750","23,750","23,750","23,750","1,11%"
"12.07.2023","23,490","23,490","23,490","23,490","1,08%"
"11.07.2023","23,240","23,240","23,240","23,240","0,52%"
"10.07.2023","23,120","23,120","23,120","23,120","0,22%"
"07.07.2023","23,070","23,070","23,070","23,070","-0,30%"
"06.07.2023","23,140","23,140","23,140","23,140","-1,74%"
"05.07.2023","23,550","23,550","23,550","23,550","-0,76%"
"03.07.2023","23,730","23,730","23,730","23,730","-0,29%"
"30.06.2023","23,800","23,800","23,800","23,800","1,15%"
"29.06.2023","23,530","23,530","23,530","23,530","0,60%"
"28.06.2023","23,390","23,390","23,390","23,390","0,99%"
"27.06.2023","23,160","23,160","23,160","23,160","-0,64%"
"26.06.2023","23,310","23,310","23,310","23,310","0,17%"
"22.06.2023","23,270","23,270","23,270","23,270","-0,85%"
"21.06.2023","23,470","23,470","23,470","23,470","-0,64%"
"20.06.2023","23,620","23,620","23,620","23,620","-1,09%"
"16.06.2023","23,880","23,880","23,880","23,880","0,76%"
"15.06.2023","23,700","23,700","23,700","23,700","-0,34%"
"14.06.2023","23,780","23,780","23,780","23,780","0,38%"
"13.06.2023","23,690","23,690","23,690","23,690","0,47%"
"12.06.2023","23,580","23,580","23,580","23,580","0,43%"
"09.06.2023","23,480","23,480","23,480","23,480","0,17%"
"08.06.2023","23,440","23,440","23,440","23,440","-0,26%"
"07.06.2023","23,500","23,500","23,500","23,500","0,30%"
"06.06.2023","23,430","23,430","23,430","23,430","-0,04%"
"05.06.2023","23,440","23,440","23,440","23,440","0,09%"
"02.06.2023","23,420","23,420","23,420","23,420","1,47%"
"01.06.2023","23,080","23,080","23,080","23,080","-0,17%"
"31.05.2023","23,120","23,120","23,120","23,120","-1,07%"
"30.05.2023","23,370","23,370","23,370","23,370","0,00%"
"26.05.2023","23,370","23,370","23,370","23,370","0,78%"
"25.05.2023","23,190","23,190","23,190","23,190","0,09%"
"24.05.2023","23,170","23,170","23,170","23,170","-2,15%"
"23.05.2023","23,680","23,680","23,680","23,680","-0,50%"
"22.05.2023","23,800","23,800","23,800","23,800","-0,17%"
"19.05.2023","23,840","23,840","23,840","23,840","1,15%"
"17.05.2023","23,570","23,570","23,570","23,570","0,00%"
"16.05.2023","23,570","23,570","23,570","23,570","-0,13%"
"15.05.2023","23,600","23,600","23,600","23,600","-0,04%"
"12.05.2023","23,610","23,610","23,610","23,610","0,98%"
"11.05.2023","23,380","23,380","23,380","23,380","-0,13%"
"10.05.2023","23,410","23,410","23,410","23,410","0,09%"
"05.05.2023","23,390","23,390","23,390","23,390","0,47%"
"04.05.2023","23,280","23,280","23,280","23,280","-0,39%"
"03.05.2023","23,370","23,370","23,370","23,370","-0,17%"
"02.05.2023","23,410","23,410","23,410","23,410","-0,26%"
"28.04.2023","23,470","23,470","23,470","23,470","0,17%"
"27.04.2023","23,430","23,430","23,430","23,430","0,26%"
"26.04.2023","23,370","23,370","23,370","23,370","-0,97%"
"25.04.2023","23,600","23,600","23,600","23,600","-0,38%"
"24.04.2023","23,690","23,690","23,690","23,690","0,42%"
"21.04.2023","23,590","23,590","23,590","23,590","0,21%"
"20.04.2023","23,540","23,540","23,540","23,540","-0,17%"
"19.04.2023","23,580","23,580","23,580","23,580","-0,13%"
"18.04.2023","23,610","23,610","23,610","23,610","0,38%"
"17.04.2023","23,520","23,520","23,520","23,520","0,00%"
"14.04.2023","23,520","23,520","23,520","23,520","0,94%"
"13.04.2023","23,300","23,300","23,300","23,300","0,13%"
"12.04.2023","23,270","23,270","23,270","23,270","0,26%"
"11.04.2023","23,210","23,210","23,210","23,210","0,69%"
"06.04.2023","23,050","23,050","23,050","23,050","0,39%"
"05.04.2023","22,960","22,960","22,960","22,960","-0,86%"
"04.04.2023","23,160","23,160","23,160","23,160","0,52%"
"03.04.2023","23,040","23,040","23,040","23,040","0,00%"
"31.03.2023","23,040","23,040","23,040","23,040","0,66%"
"30.03.2023","22,890","22,890","22,890","22,890","1,28%"
"29.03.2023","22,600","22,600","22,600","22,600","1,39%"
"28.03.2023","22,290","22,290","22,290","22,290","-0,45%"
"27.03.2023","22,390","22,390","22,390","22,390","1,27%"
"24.03.2023","22,110","22,110","22,110","22,110","-1,69%"
"23.03.2023","22,490","22,490","22,490","22,490","-0,49%"
"22.03.2023","22,600","22,600","22,600","22,600","0,44%"
"21.03.2023","22,500","22,500","22,500","22,500","1,58%"
"20.03.2023","22,150","22,150","22,150","22,150","1,42%"
"17.03.2023","21,840","21,840","21,840","21,840","-1,18%"
"16.03.2023","22,100","22,100","22,100","22,100","0,50%"
"15.03.2023","21,990","21,990","21,990","21,990","-2,61%"
"14.03.2023","22,580","22,580","22,580","22,580","1,26%"
"13.03.2023","22,300","22,300","22,300","22,300","-2,32%"
"10.03.2023","22,830","22,830","22,830","22,830","-1,81%"
"09.03.2023","23,250","23,250","23,250","23,250","0,09%"
"08.03.2023","23,230","23,230","23,230","23,230","-0,34%"
"07.03.2023","23,310","23,310","23,310","23,310","-0,34%"
"06.03.2023","23,390","23,390","23,390","23,390","0,04%"
"03.03.2023","23,380","23,380","23,380","23,380","0,95%"
"02.03.2023","23,160","23,160","23,160","23,160","-0,17%"
"01.03.2023","23,200","23,200","23,200","23,200","-0,04%"
"28.02.2023","23,210","23,210","23,210","23,210","0,39%"
"24.02.2023","23,120","23,120","23,120","23,120","-1,07%"
"23.02.2023","23,370","23,370","23,370","23,370","0,82%"
"22.02.2023","23,180","23,180","23,180","23,180","-0,43%"
"21.02.2023","23,280","23,280","23,280","23,280","0,00%"
"17.02.2023","23,280","23,280","23,280","23,280","0,26%"
"16.02.2023","23,220","23,220","23,220","23,220","0,26%"
"15.02.2023","23,160","23,160","23,160","23,160","-0,09%"
"14.02.2023","23,180","23,180","23,180","23,180","0,70%"
"13.02.2023","23,020","23,020","23,020","23,020","1,01%"
"10.02.2023","22,790","22,790","22,790","22,790","-1,21%"
"09.02.2023","23,070","23,070","23,070","23,070","0,61%"
"08.02.2023","22,930","22,930","22,930","22,930","0,75%"
"07.02.2023","22,760","22,760","22,760","22,760","0,04%"
"06.02.2023","22,750","22,750","22,750","22,750","-0,22%"
"03.02.2023","22,800","22,800","22,800","22,800","0,18%"
"02.02.2023","22,760","22,760","22,760","22,760","0,35%"
"01.02.2023","22,680","22,680","22,680","22,680","0,53%"
"31.01.2023","22,560","22,560","22,560","22,560","-0,49%"
"30.01.2023","22,670","22,670","22,670","22,670","-0,18%"
"27.01.2023","22,710","22,710","22,710","22,710","0,40%"
"26.01.2023","22,620","22,620","22,620","22,620","0,71%"
"25.01.2023","22,460","22,460","22,460","22,460","0,00%"
"24.01.2023","22,460","22,460","22,460","22,460","-0,31%"
"23.01.2023","22,530","22,530","22,530","22,530","0,49%"
"20.01.2023","22,420","22,420","22,420","22,420","0,09%"
"19.01.2023","22,400","22,400","22,400","22,400","-1,45%"
"18.01.2023","22,730","22,730","22,730","22,730","0,93%"
"17.01.2023","22,520","22,520","22,520","22,520","0,72%"
"13.01.2023","22,360","22,360","22,360","22,360","0,68%"
"12.01.2023","22,210","22,210","22,210","22,210","0,09%"
"11.01.2023","22,190","22,190","22,190","22,190","0,54%"
"10.01.2023","22,070","22,070","22,070","22,070","-0,72%"
"09.01.2023","22,230","22,230","22,230","22,230","1,32%"
"06.01.2023","21,940","21,940","21,940","21,940","0,60%"
"05.01.2023","21,810","21,810","21,810","21,810","0,00%"
"04.01.2023","21,810","21,810","21,810","21,810","0,69%"
"03.01.2023","21,660","21,660","21,660","21,660","1,79%"
"30.12.2022","21,280","21,280","21,280","21,280","-0,70%"
"29.12.2022","21,430","21,430","21,430","21,430","0,09%"
"28.12.2022","21,410","21,410","21,410","21,410","0,52%"
"23.12.2022","21,300","21,300","21,300","21,300","-0,47%"
"22.12.2022","21,400","21,400","21,400","21,400","-0,14%"
"21.12.2022","21,430","21,430","21,430","21,430","0,94%"
"20.12.2022","21,230","21,230","21,230","21,230","-0,23%"
"19.12.2022","21,280","21,280","21,280","21,280","0,09%"
"16.12.2022","21,260","21,260","21,260","21,260","-0,75%"
"15.12.2022","21,420","21,420","21,420","21,420","-2,10%"
"14.12.2022","21,880","21,880","21,880","21,880","-1,08%"
"13.12.2022","22,120","22,120","22,120","22,120","2,08%"
"12.12.2022","21,670","21,670","21,670","21,670","-0,60%"
"09.12.2022","21,800","21,800","21,800","21,800","0,46%"
"08.12.2022","21,700","21,700","21,700","21,700","-0,05%"
"07.12.2022","21,710","21,710","21,710","21,710","-0,50%"
"06.12.2022","21,820","21,820","21,820","21,820","-0,23%"
"05.12.2022","21,870","21,870","21,870","21,870","-0,55%"
"02.12.2022","21,990","21,990","21,990","21,990","-0,36%"
"01.12.2022","22,070","22,070","22,070","22,070","0,64%"
"30.11.2022","21,930","21,930","21,930","21,930","0,46%"
"29.11.2022","21,830","21,830","21,830","21,830","0,37%"
"28.11.2022","21,750","21,750","21,750","21,750","-0,59%"
"25.11.2022","21,880","21,880","21,880","21,880","0,51%"
"23.11.2022","21,770","21,770","21,770","21,770","0,51%"
"22.11.2022","21,660","21,660","21,660","21,660","0,51%"
"21.11.2022","21,550","21,550","21,550","21,550","0,42%"
"18.11.2022","21,460","21,460","21,460","21,460","1,27%"
"17.11.2022","21,190","21,190","21,190","21,190","-0,66%"
"16.11.2022","21,330","21,330","21,330","21,330","-0,84%"
"15.11.2022","21,510","21,510","21,510","21,510","0,19%"
"14.11.2022","21,470","21,470","21,470","21,470","0,61%"
"11.11.2022","21,340","21,340","21,340","21,340","-0,33%"
"10.11.2022","21,410","21,410","21,410","21,410","2,10%"
"09.11.2022","20,970","20,970","20,970","20,970","-0,29%"
"08.11.2022","21,030","21,030","21,030","21,030","0,38%"
"07.11.2022","20,950","20,950","20,950","20,950","-0,62%"
"04.11.2022","21,080","21,080","21,080","21,080","2,23%"
"03.11.2022","20,620","20,620","20,620","20,620","-1,10%"
"02.11.2022","20,850","20,850","20,850","20,850","0,48%"
"31.10.2022","20,750","20,750","20,750","20,750","0,58%"
"28.10.2022","20,630","20,630","20,630","20,630","0,34%"
"27.10.2022","20,560","20,560","20,560","20,560","0,10%"
"26.10.2022","20,540","20,540","20,540","20,540","0,20%"
"25.10.2022","20,500","20,500","20,500","20,500","0,49%"
"24.10.2022","20,400","20,400","20,400","20,400","1,85%"
"21.10.2022","20,030","20,030","20,030","20,030","-0,25%"
"20.10.2022","20,080","20,080","20,080","20,080","0,10%"
"19.10.2022","20,060","20,060","20,060","20,060","-1,08%"
"18.10.2022","20,280","20,280","20,280","20,280","0,90%"
"17.10.2022","20,100","20,100","20,100","20,100","1,21%"
"14.10.2022","19,860","19,860","19,860","19,860","2,48%"
"13.10.2022","19,380","19,380","19,380","19,380","-0,62%"
"12.10.2022","19,500","19,500","19,500","19,500","0,21%"
"11.10.2022","19,460","19,460","19,460","19,460","-1,22%"
"10.10.2022","19,700","19,700","19,700","19,700","-0,30%"
"07.10.2022","19,760","19,760","19,760","19,760","-0,90%"
"06.10.2022","19,940","19,940","19,940","19,940","1,79%"
"03.10.2022","19,590","19,590","19,590","19,590","0,98%"
"30.09.2022","19,400","19,400","19,400","19,400","0,99%"
"29.09.2022","19,210","19,210","19,210","19,210","-1,79%"
"28.09.2022","19,560","19,560","19,560","19,560","-0,66%"
"27.09.2022","19,690","19,690","19,690","19,690","0,15%"
"26.09.2022","19,660","19,660","19,660","19,660","0,10%"
"23.09.2022","19,640","19,640","19,640","19,640","-2,92%"
"22.09.2022","20,230","20,230","20,230","20,230","-0,78%"
"21.09.2022","20,390","20,390","20,390","20,390","0,34%"
"20.09.2022","20,320","20,320","20,320","20,320","-0,97%"
"16.09.2022","20,520","20,520","20,520","20,520","-1,96%"
"15.09.2022","20,930","20,930","20,930","20,930","-0,38%"
"14.09.2022","21,010","21,010","21,010","21,010","-1,18%"
"13.09.2022","21,260","21,260","21,260","21,260","-0,70%"
"12.09.2022","21,410","21,410","21,410","21,410","1,71%"
"09.09.2022","21,050","21,050","21,050","21,050","1,99%"
"08.09.2022","20,640","20,640","20,640","20,640","0,10%"
"07.09.2022","20,620","20,620","20,620","20,620","-0,63%"
"06.09.2022","20,750","20,750","20,750","20,750","0,00%"
"02.09.2022","20,750","20,750","20,750","20,750","1,27%"
"01.09.2022","20,490","20,490","20,490","20,490","-1,96%"
"31.08.2022","20,900","20,900","20,900","20,900","-0,90%"
"30.08.2022","21,090","21,090","21,090","21,090","-1,95%"
"26.08.2022","21,510","21,510","21,510","21,510","-0,55%"
"25.08.2022","21,630","21,630","21,630","21,630","0,32%"
"24.08.2022","21,560","21,560","21,560","21,560","0,23%"
"23.08.2022","21,510","21,510","21,510","21,510","-0,09%"
"22.08.2022","21,530","21,530","21,530","21,530","-1,33%"
"19.08.2022","21,820","21,820","21,820","21,820","-0,46%"
"18.08.2022","21,920","21,920","21,920","21,920","0,14%"
"17.08.2022","21,890","21,890","21,890","21,890","-0,55%"
"16.08.2022","22,010","22,010","22,010","22,010","0,59%"
"12.08.2022","21,880","21,880","21,880","21,880","-0,18%"
"11.08.2022","21,920","21,920","21,920","21,920","0,23%"
"10.08.2022","21,870","21,870","21,870","21,870","0,78%"
"09.08.2022","21,700","21,700","21,700","21,700","-0,82%"
"08.08.2022","21,880","21,880","21,880","21,880","0,88%"
"05.08.2022","21,690","21,690","21,690","21,690","-0,87%"
"04.08.2022","21,880","21,880","21,880","21,880","0,09%"
"03.08.2022","21,860","21,860","21,860","21,860","0,18%"
"02.08.2022","21,820","21,820","21,820","21,820","-0,37%"
"01.08.2022","21,900","21,900","21,900","21,900","0,14%"
"29.07.2022","21,870","21,870","21,870","21,870","1,11%"
"28.07.2022","21,630","21,630","21,630","21,630","0,89%"
"27.07.2022","21,440","21,440","21,440","21,440","0,37%"
"26.07.2022","21,360","21,360","21,360","21,360","0,23%"
"25.07.2022","21,310","21,310","21,310","21,310","0,19%"
"22.07.2022","21,270","21,270","21,270","21,270","0,38%"
"21.07.2022","21,190","21,190","21,190","21,190","0,38%"
"20.07.2022","21,110","21,110","21,110","21,110","0,09%"
"19.07.2022","21,090","21,090","21,090","21,090","0,48%"
"18.07.2022","20,990","20,990","20,990","20,990","1,79%"
"15.07.2022","20,620","20,620","20,620","20,620","1,43%"
"14.07.2022","20,330","20,330","20,330","20,330","-1,60%"
"13.07.2022","20,660","20,660","20,660","20,660","-0,48%"
"12.07.2022","20,760","20,760","20,760","20,760","0,00%"
"11.07.2022","20,760","20,760","20,760","20,760","0,14%"
"08.07.2022","20,730","20,730","20,730","20,730","0,44%"
"07.07.2022","20,640","20,640","20,640","20,640","1,88%"
"06.07.2022","20,260","20,260","20,260","20,260","1,05%"
"05.07.2022","20,050","20,050","20,050","20,050","-2,24%"
"01.07.2022","20,510","20,510","20,510","20,510","1,13%"
"30.06.2022","20,280","20,280","20,280","20,280","-2,17%"
"29.06.2022","20,730","20,730","20,730","20,730","-1,29%"
"28.06.2022","21,000","21,000","21,000","21,000","1,50%"
"27.06.2022","20,690","20,690","20,690","20,690","0,83%"
"24.06.2022","20,520","20,520","20,520","20,520","0,74%"
"22.06.2022","20,370","20,370","20,370","20,370","-1,74%"
"21.06.2022","20,730","20,730","20,730","20,730","0,58%"
"17.06.2022","20,610","20,610","20,610","20,610","0,29%"
"16.06.2022","20,550","20,550","20,550","20,550","-3,07%"
"15.06.2022","21,200","21,200","21,200","21,200","0,66%"
"14.06.2022","21,060","21,060","21,060","21,060","-0,33%"
"13.06.2022","21,130","21,130","21,130","21,130","-2,09%"
"10.06.2022","21,580","21,580","21,580","21,580","-2,75%"
"09.06.2022","22,190","22,190","22,190","22,190","-0,67%"
"08.06.2022","22,340","22,340","22,340","22,340","-0,49%"
"07.06.2022","22,450","22,450","22,450","22,450","0,00%"
"01.06.2022","22,450","22,450","22,450","22,450","0,09%"
"31.05.2022","22,430","22,430","22,430","22,430","-0,09%"
"27.05.2022","22,450","22,450","22,450","22,450","1,54%"
"25.05.2022","22,110","22,110","22,110","22,110","0,27%"
"24.05.2022","22,050","22,050","22,050","22,050","-0,45%"
"23.05.2022","22,150","22,150","22,150","22,150","0,09%"
"20.05.2022","22,130","22,130","22,130","22,130","1,70%"
"19.05.2022","21,760","21,760","21,760","21,760","-1,85%"
"18.05.2022","22,170","22,170","22,170","22,170","-0,54%"
"17.05.2022","22,290","22,290","22,290","22,290","1,32%"
"16.05.2022","22,000","22,000","22,000","22,000","0,46%"
"13.05.2022","21,900","21,900","21,900","21,900","2,53%"
"12.05.2022","21,360","21,360","21,360","21,360","-1,16%"
"11.05.2022","21,610","21,610","21,610","21,610","0,19%"
"10.05.2022","21,570","21,570","21,570","21,570","-0,64%"
"06.05.2022","21,710","21,710","21,710","21,710","-3,38%"
"05.05.2022","22,470","22,470","22,470","22,470","-0,04%"
"04.05.2022","22,480","22,480","22,480","22,480","0,00%"
"03.05.2022","22,480","22,480","22,480","22,480","-1,49%"
"29.04.2022","22,820","22,820","22,820","22,820","1,60%"
"28.04.2022","22,460","22,460","22,460","22,460","0,18%"
"27.04.2022","22,420","22,420","22,420","22,420","-0,13%"
"26.04.2022","22,450","22,450","22,450","22,450","0,45%"
"25.04.2022","22,350","22,350","22,350","22,350","-2,36%"
"22.04.2022","22,890","22,890","22,890","22,890","-1,89%"
"21.04.2022","23,330","23,330","23,330","23,330","0,65%"
"20.04.2022","23,180","23,180","23,180","23,180","0,70%"
"19.04.2022","23,020","23,020","23,020","23,020","-0,43%"
"14.04.2022","23,120","23,120","23,120","23,120","0,70%"
"13.04.2022","22,960","22,960","22,960","22,960","-0,13%"
"12.04.2022","22,990","22,990","22,990","22,990","-0,09%"
"11.04.2022","23,010","23,010","23,010","23,010","-0,09%"
"08.04.2022","23,030","23,030","23,030","23,030","0,66%"
"07.04.2022","22,880","22,880","22,880","22,880","0,93%"
"06.04.2022","22,670","22,670","22,670","22,670","-1,90%"
"05.04.2022","23,110","23,110","23,110","23,110","0,22%"
"04.04.2022","23,060","23,060","23,060","23,060","0,52%"
"01.04.2022","22,940","22,940","22,940","22,940","0,22%"
"31.03.2022","22,890","22,890","22,890","22,890","-0,22%"
"30.03.2022","22,940","22,940","22,940","22,940","-0,22%"
"29.03.2022","22,990","22,990","22,990","22,990","0,44%"
"28.03.2022","22,890","22,890","22,890","22,890","0,39%"
"25.03.2022","22,800","22,800","22,800","22,800","0,53%"
"24.03.2022","22,680","22,680","22,680","22,680","-0,31%"
"23.03.2022","22,750","22,750","22,750","22,750","-0,70%"
"22.03.2022","22,910","22,910","22,910","22,910","0,70%"
"21.03.2022","22,750","22,750","22,750","22,750","1,16%"
"18.03.2022","22,490","22,490","22,490","22,490","1,17%"
"17.03.2022","22,230","22,230","22,230","22,230","0,14%"
"16.03.2022","22,200","22,200","22,200","22,200","3,16%"
"15.03.2022","21,520","21,520","21,520","21,520","-0,92%"
"14.03.2022","21,720","21,720","21,720","21,720","1,26%"
"11.03.2022","21,450","21,450","21,450","21,450","0,19%"
"10.03.2022","21,410","21,410","21,410","21,410","0,80%"
"09.03.2022","21,240","21,240","21,240","21,240","2,56%"
"08.03.2022","20,710","20,710","20,710","20,710","-1,24%"
"07.03.2022","20,970","20,970","20,970","20,970","-1,13%"
"04.03.2022","21,210","21,210","21,210","21,210","-3,42%"
"03.03.2022","21,960","21,960","21,960","21,960","-0,18%"
"02.03.2022","22,000","22,000","22,000","22,000","-0,86%"
"01.03.2022","22,190","22,190","22,190","22,190","0,32%"
"28.02.2022","22,120","22,120","22,120","22,120","0,00%"
"25.02.2022","22,120","22,120","22,120","22,120","2,98%"
"24.02.2022","21,480","21,480","21,480","21,480","-3,81%"
"23.02.2022","22,330","22,330","22,330","22,330","0,00%"
"22.02.2022","22,330","22,330","22,330","22,330","-1,24%"
"18.02.2022","22,610","22,610","22,610","22,610","-0,13%"
"17.02.2022","22,640","22,640","22,640","22,640","-0,26%"
"16.02.2022","22,700","22,700","22,700","22,700","-0,39%"
"15.02.2022","22,790","22,790","22,790","22,790","1,33%"
"14.02.2022","22,490","22,490","22,490","22,490","-2,30%"
"11.02.2022","23,020","23,020","23,020","23,020","-0,43%"
"10.02.2022","23,120","23,120","23,120","23,120","-0,43%"
"09.02.2022","23,220","23,220","23,220","23,220","2,25%"
"08.02.2022","22,710","22,710","22,710","22,710","-0,53%"
"07.02.2022","22,830","22,830","22,830","22,830","0,53%"
"04.02.2022","22,710","22,710","22,710","22,710","-1,22%"
"03.02.2022","22,990","22,990","22,990","22,990","-1,46%"
"02.02.2022","23,330","23,330","23,330","23,330","0,78%"
"01.02.2022","23,150","23,150","23,150","23,150","1,14%"
"31.01.2022","22,890","22,890","22,890","22,890","1,28%"
"28.01.2022","22,600","22,600","22,600","22,600","-1,70%"
"27.01.2022","22,990","22,990","22,990","22,990","0,52%"
"26.01.2022","22,870","22,870","22,870","22,870","2,65%"
"25.01.2022","22,280","22,280","22,280","22,280","0,00%"
"24.01.2022","22,280","22,280","22,280","22,280","-3,47%"
"21.01.2022","23,080","23,080","23,080","23,080","-1,91%"
"20.01.2022","23,530","23,530","23,530","23,530","-0,42%"
"19.01.2022","23,630","23,630","23,630","23,630","0,81%"
"18.01.2022","23,440","23,440","23,440","23,440","-0,42%"
"14.01.2022","23,540","23,540","23,540","23,540","-1,22%"
"13.01.2022","23,830","23,830","23,830","23,830","0,00%"
"12.01.2022","23,830","23,830","23,830","23,830","1,53%"
"11.01.2022","23,470","23,470","23,470","23,470","0,51%"
"10.01.2022","23,350","23,350","23,350","23,350","-1,73%"
"07.01.2022","23,760","23,760","23,760","23,760","0,17%"
"06.01.2022","23,720","23,720","23,720","23,720","-1,37%"
"05.01.2022","24,050","24,050","24,050","24,050","-0,12%"
"04.01.2022","24,080","24,080","24,080","24,080","1,47%"
"31.12.2021","23,730","23,730","23,730","23,730","-0,38%"
"30.12.2021","23,820","23,820","23,820","23,820","0,34%"
"29.12.2021","23,740","23,740","23,740","23,740","1,06%"
"23.12.2021","23,490","23,490","23,490","23,490","1,42%"
"22.12.2021","23,160","23,160","23,160","23,160","0,22%"
"21.12.2021","23,110","23,110","23,110","23,110","1,32%"
"20.12.2021","22,810","22,810","22,810","22,810","-0,87%"
"17.12.2021","23,010","23,010","23,010","23,010","-1,16%"
"16.12.2021","23,280","23,280","23,280","23,280","1,13%"
"15.12.2021","23,020","23,020","23,020","23,020","-0,17%"
"14.12.2021","23,060","23,060","23,060","23,060","-1,03%"
"13.12.2021","23,300","23,300","23,300","23,300","-0,13%"
"10.12.2021","23,330","23,330","23,330","23,330","0,00%"
"09.12.2021","23,330","23,330","23,330","23,330","-0,47%"
"08.12.2021","23,440","23,440","23,440","23,440","-0,04%"
"07.12.2021","23,450","23,450","23,450","23,450","2,81%"
"06.12.2021","22,810","22,810","22,810","22,810","0,57%"
"03.12.2021","22,680","22,680","22,680","22,680","-0,26%"
"02.12.2021","22,740","22,740","22,740","22,740","-0,61%"
"01.12.2021","22,880","22,880","22,880","22,880","0,66%"
"30.11.2021","22,730","22,730","22,730","22,730","-0,53%"
"29.11.2021","22,850","22,850","22,850","22,850","0,57%"
"26.11.2021","22,720","22,720","22,720","22,720","-1,98%"
"24.11.2021","23,180","23,180","23,180","23,180","-1,02%"
"23.11.2021","23,420","23,420","23,420","23,420","-1,26%"
"22.11.2021","23,720","23,720","23,720","23,720","0,08%"
"19.11.2021","23,700","23,700","23,700","23,700","-0,17%"
"18.11.2021","23,740","23,740","23,740","23,740","0,00%"
"17.11.2021","23,740","23,740","23,740","23,740","0,25%"
"16.11.2021","23,680","23,680","23,680","23,680","0,34%"
"15.11.2021","23,600","23,600","23,600","23,600","0,25%"
"12.11.2021","23,540","23,540","23,540","23,540","0,60%"
"11.11.2021","23,400","23,400","23,400","23,400","0,60%"
"10.11.2021","23,260","23,260","23,260","23,260","-0,04%"
"09.11.2021","23,270","23,270","23,270","23,270","-0,26%"
"08.11.2021","23,330","23,330","23,330","23,330","0,09%"
"05.11.2021","23,310","23,310","23,310","23,310","-0,21%"
"04.11.2021","23,360","23,360","23,360","23,360","0,52%"
"03.11.2021","23,240","23,240","23,240","23,240","0,52%"
"02.11.2021","23,120","23,120","23,120","23,120","1,31%"
"29.10.2021","22,820","22,820","22,820","22,820","-0,31%"
"28.10.2021","22,890","22,890","22,890","22,890","-0,30%"
"27.10.2021","22,960","22,960","22,960","22,960","-0,13%"
"26.10.2021","22,990","22,990","22,990","22,990","0,57%"
"25.10.2021","22,860","22,860","22,860","22,860","0,04%"
"22.10.2021","22,850","22,850","22,850","22,850","0,79%"
"21.10.2021","22,670","22,670","22,670","22,670","0,09%"
"20.10.2021","22,650","22,650","22,650","22,650","-0,22%"
"19.10.2021","22,700","22,700","22,700","22,700","0,27%"
"18.10.2021","22,640","22,640","22,640","22,640","-0,75%"
"15.10.2021","22,810","22,810","22,810","22,810","0,84%"
"14.10.2021","22,620","22,620","22,620","22,620","1,25%"
"13.10.2021","22,340","22,340","22,340","22,340","0,95%"
"12.10.2021","22,130","22,130","22,130","22,130","-0,09%"
"11.10.2021","22,150","22,150","22,150","22,150","-0,23%"
"08.10.2021","22,200","22,200","22,200","22,200","-0,09%"
"07.10.2021","22,220","22,220","22,220","22,220","1,60%"
"06.10.2021","21,870","21,870","21,870","21,870","-0,82%"
"05.10.2021","22,050","22,050","22,050","22,050","0,00%"
"04.10.2021","22,050","22,050","22,050","22,050","0,27%"
"01.10.2021","21,990","21,990","21,990","21,990","-0,72%"
"30.09.2021","22,150","22,150","22,150","22,150","-0,09%"
"29.09.2021","22,170","22,170","22,170","22,170","0,27%"
"28.09.2021","22,110","22,110","22,110","22,110","-1,99%"
"27.09.2021","22,560","22,560","22,560","22,560","-0,66%"
"24.09.2021","22,710","22,710","22,710","22,710","-0,79%"
"23.09.2021","22,890","22,890","22,890","22,890","1,37%"
"22.09.2021","22,580","22,580","22,580","22,580","0,53%"
"21.09.2021","22,460","22,460","22,460","22,460","1,31%"
"20.09.2021","22,170","22,170","22,170","22,170","-2,93%"
"17.09.2021","22,840","22,840","22,840","22,840","-0,57%"
"16.09.2021","22,970","22,970","22,970","22,970","0,04%"
"15.09.2021","22,960","22,960","22,960","22,960","-0,17%"
"14.09.2021","23,000","23,000","23,000","23,000","-0,04%"
"13.09.2021","23,010","23,010","23,010","23,010","0,09%"
"10.09.2021","22,990","22,990","22,990","22,990","0,13%"
"09.09.2021","22,960","22,960","22,960","22,960","-0,22%"
"08.09.2021","23,010","23,010","23,010","23,010","-0,73%"
"07.09.2021","23,180","23,180","23,180","23,180","0,65%"
"03.09.2021","23,030","23,030","23,030","23,030","-0,56%"
"02.09.2021","23,160","23,160","23,160","23,160","0,61%"
"01.09.2021","23,020","23,020","23,020","23,020","0,17%"
"31.08.2021","22,980","22,980","22,980","22,980","-0,04%"
"27.08.2021","22,990","22,990","22,990","22,990","0,22%"
"26.08.2021","22,940","22,940","22,940","22,940","-0,09%"
"25.08.2021","22,960","22,960","22,960","22,960","0,13%"
"24.08.2021","22,930","22,930","22,930","22,930","0,09%"
"23.08.2021","22,910","22,910","22,910","22,910","0,66%"
"20.08.2021","22,760","22,760","22,760","22,760","0,49%"
"19.08.2021","22,650","22,650","22,650","22,650","-1,91%"
"18.08.2021","23,090","23,090","23,090","23,090","-0,17%"
"17.08.2021","23,130","23,130","23,130","23,130","-0,64%"
"13.08.2021","23,280","23,280","23,280","23,280","0,09%"
"12.08.2021","23,260","23,260","23,260","23,260","0,17%"
"11.08.2021","23,220","23,220","23,220","23,220","0,52%"
"10.08.2021","23,100","23,100","23,100","23,100","0,43%"
"09.08.2021","23,000","23,000","23,000","23,000","0,09%"
"06.08.2021","22,980","22,980","22,980","22,980","0,00%"
"05.08.2021","22,980","22,980","22,980","22,980","0,17%"
"04.08.2021","22,940","22,940","22,940","22,940","0,97%"
"03.08.2021","22,720","22,720","22,720","22,720","0,00%"
"02.08.2021","22,720","22,720","22,720","22,720","0,44%"
"30.07.2021","22,620","22,620","22,620","22,620","-0,04%"
"29.07.2021","22,630","22,630","22,630","22,630","0,67%"
"28.07.2021","22,480","22,480","22,480","22,480","0,40%"
"27.07.2021","22,390","22,390","22,390","22,390","-0,89%"
"26.07.2021","22,590","22,590","22,590","22,590","0,58%"
"23.07.2021","22,460","22,460","22,460","22,460","1,22%"
"22.07.2021","22,190","22,190","22,190","22,190","0,63%"
"21.07.2021","22,050","22,050","22,050","22,050","1,85%"
"20.07.2021","21,650","21,650","21,650","21,650","0,89%"
"19.07.2021","21,460","21,460","21,460","21,460","-2,98%"
"16.07.2021","22,120","22,120","22,120","22,120","-0,72%"
"15.07.2021","22,280","22,280","22,280","22,280","-0,89%"
"14.07.2021","22,480","22,480","22,480","22,480","0,22%"
"13.07.2021","22,430","22,430","22,430","22,430","0,04%"
"12.07.2021","22,420","22,420","22,420","22,420","1,04%"
"09.07.2021","22,190","22,190","22,190","22,190","1,46%"
"08.07.2021","21,870","21,870","21,870","21,870","-2,10%"
"07.07.2021","22,340","22,340","22,340","22,340","0,36%"
"06.07.2021","22,260","22,260","22,260","22,260","0,54%"
"02.07.2021","22,140","22,140","22,140","22,140","0,36%"
"01.07.2021","22,060","22,060","22,060","22,060","0,05%"
"30.06.2021","22,050","22,050","22,050","22,050","-0,59%"
"29.06.2021","22,180","22,180","22,180","22,180","0,23%"
"28.06.2021","22,130","22,130","22,130","22,130","-0,09%"
"25.06.2021","22,150","22,150","22,150","22,150","0,23%"
"24.06.2021","22,100","22,100","22,100","22,100","0,73%"
"22.06.2021","21,940","21,940","21,940","21,940","0,46%"
"21.06.2021","21,840","21,840","21,840","21,840","0,05%"
"18.06.2021","21,830","21,830","21,830","21,830","-1,44%"
"17.06.2021","22,150","22,150","22,150","22,150","-0,23%"
"16.06.2021","22,200","22,200","22,200","22,200","-0,27%"
"15.06.2021","22,260","22,260","22,260","22,260","0,27%"
"14.06.2021","22,200","22,200","22,200","22,200","0,14%"
"11.06.2021","22,170","22,170","22,170","22,170","0,45%"
"10.06.2021","22,070","22,070","22,070","22,070","0,36%"
"09.06.2021","21,990","21,990","21,990","21,990","-0,36%"
"08.06.2021","22,070","22,070","22,070","22,070","0,05%"
"07.06.2021","22,060","22,060","22,060","22,060","0,59%"
"04.06.2021","21,930","21,930","21,930","21,930","0,60%"
"03.06.2021","21,800","21,800","21,800","21,800","0,05%"
"02.06.2021","21,790","21,790","21,790","21,790","-0,23%"
"01.06.2021","21,840","21,840","21,840","21,840","0,74%"
"28.05.2021","21,680","21,680","21,680","21,680","0,74%"
"27.05.2021","21,520","21,520","21,520","21,520","0,89%"
"26.05.2021","21,330","21,330","21,330","21,330","-0,37%"
"25.05.2021","21,410","21,410","21,410","21,410","0,23%"
"21.05.2021","21,360","21,360","21,360","21,360","1,18%"
"20.05.2021","21,110","21,110","21,110","21,110","1,54%"
"19.05.2021","20,790","20,790","20,790","20,790","-2,21%"
"18.05.2021","21,260","21,260","21,260","21,260","0,47%"
"17.05.2021","21,160","21,160","21,160","21,160","0,33%"
"14.05.2021","21,090","21,090","21,090","21,090","0,62%"
"12.05.2021","20,960","20,960","20,960","20,960","0,10%"
"11.05.2021","20,940","20,940","20,940","20,940","-1,92%"
"10.05.2021","21,350","21,350","21,350","21,350","0,23%"
"07.05.2021","21,300","21,300","21,300","21,300","1,38%"
"06.05.2021","21,010","21,010","21,010","21,010","-0,33%"
"05.05.2021","21,080","21,080","21,080","21,080","2,13%"
"04.05.2021","20,640","20,640","20,640","20,640","-1,34%"
"29.04.2021","20,920","20,920","20,920","20,920","-0,62%"
"28.04.2021","21,050","21,050","21,050","21,050","0,29%"
"27.04.2021","20,990","20,990","20,990","20,990","-0,43%"
"26.04.2021","21,080","21,080","21,080","21,080","0,57%"
"23.04.2021","20,960","20,960","20,960","20,960","0,05%"
"22.04.2021","20,950","20,950","20,950","20,950","0,53%"
"21.04.2021","20,840","20,840","20,840","20,840","-0,48%"
"20.04.2021","20,940","20,940","20,940","20,940","-1,64%"
"19.04.2021","21,290","21,290","21,290","21,290","0,38%"
"16.04.2021","21,210","21,210","21,210","21,210","0,81%"
"15.04.2021","21,040","21,040","21,040","21,040","0,14%"
"14.04.2021","21,010","21,010","21,010","21,010","0,24%"
"13.04.2021","20,960","20,960","20,960","20,960","0,24%"
"12.04.2021","20,910","20,910","20,910","20,910","-0,43%"
"09.04.2021","21,000","21,000","21,000","21,000","0,19%"
"08.04.2021","20,960","20,960","20,960","20,960","0,62%"
"07.04.2021","20,830","20,830","20,830","20,830","-0,53%"
"06.04.2021","20,940","20,940","20,940","20,940","1,16%"
"01.04.2021","20,700","20,700","20,700","20,700","0,44%"
"31.03.2021","20,610","20,610","20,610","20,610","0,29%"
"30.03.2021","20,550","20,550","20,550","20,550","0,44%"
"29.03.2021","20,460","20,460","20,460","20,460","-0,10%"
"26.03.2021","20,480","20,480","20,480","20,480","1,84%"
"25.03.2021","20,110","20,110","20,110","20,110","-0,54%"
"24.03.2021","20,220","20,220","20,220","20,220","0,05%"
"23.03.2021","20,210","20,210","20,210","20,210","-0,25%"
"22.03.2021","20,260","20,260","20,260","20,260","0,40%"
"19.03.2021","20,180","20,180","20,180","20,180","-0,35%"
"18.03.2021","20,250","20,250","20,250","20,250","1,00%"
"17.03.2021","20,050","20,050","20,050","20,050","-0,35%"
"16.03.2021","20,120","20,120","20,120","20,120","0,90%"
"15.03.2021","19,940","19,940","19,940","19,940","0,25%"
"12.03.2021","19,890","19,890","19,890","19,890","-0,30%"
"11.03.2021","19,950","19,950","19,950","19,950","0,61%"
"10.03.2021","19,830","19,830","19,830","19,830","0,46%"
"09.03.2021","19,740","19,740","19,740","19,740","1,08%"
"08.03.2021","19,530","19,530","19,530","19,530","0,77%"
"05.03.2021","19,380","19,380","19,380","19,380","0,00%"
"04.03.2021","19,380","19,380","19,380","19,380","-0,26%"
"03.03.2021","19,430","19,430","19,430","19,430","-0,92%"
"02.03.2021","19,610","19,610","19,610","19,610","1,13%"
"01.03.2021","19,390","19,390","19,390","19,390","1,25%"
"26.02.2021","19,150","19,150","19,150","19,150","-1,59%"
"25.02.2021","19,460","19,460","19,460","19,460","0,72%"
"24.02.2021","19,320","19,320","19,320","19,320","0,84%"
"23.02.2021","19,160","19,160","19,160","19,160","-1,49%"
"22.02.2021","19,450","19,450","19,450","19,450","-0,71%"
"19.02.2021","19,590","19,590","19,590","19,590","0,31%"
"18.02.2021","19,530","19,530","19,530","19,530","-0,71%"
"17.02.2021","19,670","19,670","19,670","19,670","-0,56%"
"16.02.2021","19,780","19,780","19,780","19,780","1,54%"
"12.02.2021","19,480","19,480","19,480","19,480","0,67%"
"11.02.2021","19,350","19,350","19,350","19,350","-0,26%"
"10.02.2021","19,400","19,400","19,400","19,400","0,73%"
"09.02.2021","19,260","19,260","19,260","19,260","-0,26%"
"08.02.2021","19,310","19,310","19,310","19,310","0,84%"
"05.02.2021","19,150","19,150","19,150","19,150","0,26%"
"04.02.2021","19,100","19,100","19,100","19,100","0,16%"
"03.02.2021","19,070","19,070","19,070","19,070","0,37%"
"02.02.2021","19,000","19,000","19,000","19,000","1,23%"
"01.02.2021","18,770","18,770","18,770","18,770","0,86%"
"29.01.2021","18,610","18,610","18,610","18,610","-1,33%"
"28.01.2021","18,860","18,860","18,860","18,860","0,53%"
"27.01.2021","18,760","18,760","18,760","18,760","-2,39%"
"26.01.2021","19,220","19,220","19,220","19,220","0,31%"
"25.01.2021","19,160","19,160","19,160","19,160","-0,62%"
"22.01.2021","19,280","19,280","19,280","19,280","-0,62%"
"21.01.2021","19,400","19,400","19,400","19,400","0,47%"
"20.01.2021","19,310","19,310","19,310","19,310","0,78%"
"19.01.2021","19,160","19,160","19,160","19,160","-0,36%"
"15.01.2021","19,230","19,230","19,230","19,230","-0,77%"
"14.01.2021","19,380","19,380","19,380","19,380","0,99%"
"13.01.2021","19,190","19,190","19,190","19,190","0,31%"
"12.01.2021","19,130","19,130","19,130","19,130","-0,10%"
"11.01.2021","19,150","19,150","19,150","19,150","-0,47%"
"08.01.2021","19,240","19,240","19,240","19,240","0,47%"
"07.01.2021","19,150","19,150","19,150","19,150","0,95%"
"06.01.2021","18,970","18,970","18,970","18,970","0,96%"
"05.01.2021","18,790","18,790","18,790","18,790","-0,53%"
"04.01.2021","18,890","18,890","18,890","18,890","1,83%"
"31.12.2020","18,550","18,550","18,550","18,550","-0,59%"
"30.12.2020","18,660","18,660","18,660","18,660","0,00%"
"29.12.2020","18,660","18,660","18,660","18,660","1,36%"
"23.12.2020","18,410","18,410","18,410","18,410","1,32%"
"22.12.2020","18,170","18,170","18,170","18,170","1,23%"
"21.12.2020","17,950","17,950","17,950","17,950","-2,71%"
"18.12.2020","18,450","18,450","18,450","18,450","-0,22%"
"17.12.2020","18,490","18,490","18,490","18,490","0,93%"
"16.12.2020","18,320","18,320","18,320","18,320","0,88%"
"15.12.2020","18,160","18,160","18,160","18,160","0,11%"
"14.12.2020","18,140","18,140","18,140","18,140","0,44%"
"11.12.2020","18,060","18,060","18,060","18,060","-0,77%"
"10.12.2020","18,200","18,200","18,200","18,200","-0,71%"
"09.12.2020","18,330","18,330","18,330","18,330","0,55%"
"08.12.2020","18,230","18,230","18,230","18,230","0,11%"
"07.12.2020","18,210","18,210","18,210","18,210","-0,22%"
"04.12.2020","18,250","18,250","18,250","18,250","0,72%"
"03.12.2020","18,120","18,120","18,120","18,120","0,11%"
"02.12.2020","18,100","18,100","18,100","18,100","-0,44%"
"01.12.2020","18,180","18,180","18,180","18,180","-0,11%"
"30.11.2020","18,200","18,200","18,200","18,200","0,44%"
"27.11.2020","18,120","18,120","18,120","18,120","0,39%"
"25.11.2020","18,050","18,050","18,050","18,050","0,11%"
"24.11.2020","18,030","18,030","18,030","18,030","0,33%"
"23.11.2020","17,970","17,970","17,970","17,970","0,11%"
"20.11.2020","17,950","17,950","17,950","17,950","0,17%"
"19.11.2020","17,920","17,920","17,920","17,920","-0,39%"
"18.11.2020","17,990","17,990","17,990","17,990","0,84%"
"17.11.2020","17,840","17,840","17,840","17,840","-0,61%"
"16.11.2020","17,950","17,950","17,950","17,950","0,73%"
"13.11.2020","17,820","17,820","17,820","17,820","0,06%"
"12.11.2020","17,810","17,810","17,810","17,810","-0,34%"
"11.11.2020","17,870","17,870","17,870","17,870","1,36%"
"10.11.2020","17,630","17,630","17,630","17,630","-0,11%"
"09.11.2020","17,650","17,650","17,650","17,650","1,85%"
"06.11.2020","17,330","17,330","17,330","17,330","0,00%"
"05.11.2020","17,330","17,330","17,330","17,330","1,88%"
"04.11.2020","17,010","17,010","17,010","17,010","1,67%"
"03.11.2020","16,730","16,730","16,730","16,730","1,58%"
"02.11.2020","16,470","16,470","16,470","16,470","2,55%"
"30.10.2020","16,060","16,060","16,060","16,060","-0,74%"
"29.10.2020","16,180","16,180","16,180","16,180","0,56%"
"28.10.2020","16,090","16,090","16,090","16,090","-3,13%"
"27.10.2020","16,610","16,610","16,610","16,610","-1,19%"
"26.10.2020","16,810","16,810","16,810","16,810","-1,41%"
"23.10.2020","17,050","17,050","17,050","17,050","0,24%"
"22.10.2020","17,010","17,010","17,010","17,010","-0,76%"
"21.10.2020","17,140","17,140","17,140","17,140","-0,75%"
"20.10.2020","17,270","17,270","17,270","17,270","-0,23%"
"19.10.2020","17,310","17,310","17,310","17,310","-0,35%"
"16.10.2020","17,370","17,370","17,370","17,370","0,93%"
"15.10.2020","17,210","17,210","17,210","17,210","-2,10%"
"14.10.2020","17,580","17,580","17,580","17,580","0,23%"
"13.10.2020","17,540","17,540","17,540","17,540","-0,06%"
"12.10.2020","17,550","17,550","17,550","17,550","0,63%"
"09.10.2020","17,440","17,440","17,440","17,440","0,52%"
"08.10.2020","17,350","17,350","17,350","17,350","1,05%"
"07.10.2020","17,170","17,170","17,170","17,170","-0,35%"
"06.10.2020","17,230","17,230","17,230","17,230","-0,17%"
"05.10.2020","17,260","17,260","17,260","17,260","1,11%"
"02.10.2020","17,070","17,070","17,070","17,070","0,06%"
"01.10.2020","17,060","17,060","17,060","17,060","-0,23%"
"30.09.2020","17,100","17,100","17,100","17,100","0,06%"
"29.09.2020","17,090","17,090","17,090","17,090","2,21%"
"25.09.2020","16,720","16,720","16,720","16,720","-0,48%"
"24.09.2020","16,800","16,800","16,800","16,800","-1,12%"
"23.09.2020","16,990","16,990","16,990","16,990","0,71%"
"22.09.2020","16,870","16,870","16,870","16,870","-0,18%"
"21.09.2020","16,900","16,900","16,900","16,900","-2,71%"
"18.09.2020","17,370","17,370","17,370","17,370","0,06%"
"17.09.2020","17,360","17,360","17,360","17,360","-0,40%"
"16.09.2020","17,430","17,430","17,430","17,430","0,06%"
"15.09.2020","17,420","17,420","17,420","17,420","1,16%"
"11.09.2020","17,220","17,220","17,220","17,220","-0,12%"
"10.09.2020","17,240","17,240","17,240","17,240","-0,23%"
"09.09.2020","17,280","17,280","17,280","17,280","1,95%"
"08.09.2020","16,950","16,950","16,950","16,950","-0,64%"
"04.09.2020","17,060","17,060","17,060","17,060","-2,01%"
"03.09.2020","17,410","17,410","17,410","17,410","0,00%"
"02.09.2020","17,410","17,410","17,410","17,410","1,99%"
"01.09.2020","17,070","17,070","17,070","17,070","-2,12%"
"25.08.2020","17,440","17,440","17,440","17,440","1,75%"
"21.08.2020","17,140","17,140","17,140","17,140","-0,17%"
"20.08.2020","17,170","17,170","17,170","17,170","-0,87%"
"19.08.2020","17,320","17,320","17,320","17,320","0,35%"
"18.08.2020","17,260","17,260","17,260","17,260","-0,23%"
"17.08.2020","17,300","17,300","17,300","17,300","0,52%"
"14.08.2020","17,210","17,210","17,210","17,210","-0,92%"
"13.08.2020","17,370","17,370","17,370","17,370","0,12%"
"12.08.2020","17,350","17,350","17,350","17,350","0,75%"
"11.08.2020","17,220","17,220","17,220","17,220","0,94%"
"10.08.2020","17,060","17,060","17,060","17,060","0,12%"
"07.08.2020","17,040","17,040","17,040","17,040","0,24%"
"06.08.2020","17,000","17,000","17,000","17,000","-0,47%"
"05.08.2020","17,080","17,080","17,080","17,080","0,77%"
"04.08.2020","16,950","16,950","16,950","16,950","-0,12%"
"03.08.2020","16,970","16,970","16,970","16,970","0,77%"
"31.07.2020","16,840","16,840","16,840","16,840","0,66%"
"30.07.2020","16,730","16,730","16,730","16,730","-2,34%"
"29.07.2020","17,130","17,130","17,130","17,130","0,18%"
"28.07.2020","17,100","17,100","17,100","17,100","0,00%"
"27.07.2020","17,100","17,100","17,100","17,100","0,12%"
"24.07.2020","17,080","17,080","17,080","17,080","-1,95%"
"23.07.2020","17,420","17,420","17,420","17,420","0,11%"
"22.07.2020","17,400","17,400","17,400","17,400","-1,02%"
"21.07.2020","17,580","17,580","17,580","17,580","0,40%"
"20.07.2020","17,510","17,510","17,510","17,510","0,75%"
"17.07.2020","17,380","17,380","17,380","17,380","0,29%"
"16.07.2020","17,330","17,330","17,330","17,330","0,06%"
"15.07.2020","17,320","17,320","17,320","17,320","1,64%"
"14.07.2020","17,040","17,040","17,040","17,040","-0,99%"
"13.07.2020","17,210","17,210","17,210","17,210","0,76%"
"10.07.2020","17,080","17,080","17,080","17,080","-0,70%"
"09.07.2020","17,200","17,200","17,200","17,200","0,35%"
"08.07.2020","17,140","17,140","17,140","17,140","0,00%"
"07.07.2020","17,140","17,140","17,140","17,140","-0,35%"
"06.07.2020","17,200","17,200","17,200","17,200","0,47%"
"02.07.2020","17,120","17,120","17,120","17,120","1,36%"
"01.07.2020","16,890","16,890","16,890","16,890","1,08%"
"30.06.2020","16,710","16,710","16,710","16,710","0,42%"
"29.06.2020","16,640","16,640","16,640","16,640","-1,30%"
"26.06.2020","16,860","16,860","16,860","16,860","1,38%"
"25.06.2020","16,630","16,630","16,630","16,630","-0,60%"
"24.06.2020","16,730","16,730","16,730","16,730","-0,36%"
"22.06.2020","16,790","16,790","16,790","16,790","-0,59%"
"19.06.2020","16,890","16,890","16,890","16,890","1,08%"
"18.06.2020","16,710","16,710","16,710","16,710","-1,18%"
"17.06.2020","16,910","16,910","16,910","16,910","0,83%"
"16.06.2020","16,770","16,770","16,770","16,770","1,95%"
"12.06.2020","16,450","16,450","16,450","16,450","0,00%"
"11.06.2020","16,450","16,450","16,450","16,450","-2,37%"
"10.06.2020","16,850","16,850","16,850","16,850","0,36%"
"09.06.2020","16,790","16,790","16,790","16,790","-0,83%"
"08.06.2020","16,930","16,930","16,930","16,930","-0,41%"
"05.06.2020","17,000","17,000","17,000","17,000","0,77%"
"04.06.2020","16,870","16,870","16,870","16,870","0,48%"
"03.06.2020","16,790","16,790","16,790","16,790","1,45%"
"02.06.2020","16,550","16,550","16,550","16,550","1,41%"
"29.05.2020","16,320","16,320","16,320","16,320","-0,24%"
"28.05.2020","16,360","16,360","16,360","16,360","1,68%"
"27.05.2020","16,090","16,090","16,090","16,090","-0,62%"
"26.05.2020","16,190","16,190","16,190","16,190","1,57%"
"22.05.2020","15,940","15,940","15,940","15,940","0,13%"
"20.05.2020","15,920","15,920","15,920","15,920","0,57%"
"19.05.2020","15,830","15,830","15,830","15,830","-0,06%"
"18.05.2020","15,840","15,840","15,840","15,840","2,13%"
"15.05.2020","15,510","15,510","15,510","15,510","1,97%"
"14.05.2020","15,210","15,210","15,210","15,210","-3,37%"
"13.05.2020","15,740","15,740","15,740","15,740","-1,19%"
"12.05.2020","15,930","15,930","15,930","15,930","0,89%"
"11.05.2020","15,790","15,790","15,790","15,790","0,45%"
"07.05.2020","15,720","15,720","15,720","15,720","0,51%"
"06.05.2020","15,640","15,640","15,640","15,640","0,26%"
"05.05.2020","15,600","15,600","15,600","15,600","1,63%"
"04.05.2020","15,350","15,350","15,350","15,350","-3,88%"
"29.04.2020","15,970","15,970","15,970","15,970","0,38%"
"28.04.2020","15,910","15,910","15,910","15,910","2,51%"
"27.04.2020","15,520","15,520","15,520","15,520","1,17%"
"24.04.2020","15,340","15,340","15,340","15,340","-0,32%"
"23.04.2020","15,390","15,390","15,390","15,390","1,05%"
"22.04.2020","15,230","15,230","15,230","15,230","0,53%"
"21.04.2020","15,150","15,150","15,150","15,150","-1,43%"
"20.04.2020","15,370","15,370","15,370","15,370","-0,13%"
"17.04.2020","15,390","15,390","15,390","15,390","2,74%"
"16.04.2020","14,980","14,980","14,980","14,980","0,47%"
"15.04.2020","14,910","14,910","14,910","14,910","-2,74%"
"14.04.2020","15,330","15,330","15,330","15,330","0,86%"
"09.04.2020","15,200","15,200","15,200","15,200","2,84%"
"08.04.2020","14,780","14,780","14,780","14,780","-1,99%"
"07.04.2020","15,080","15,080","15,080","15,080","2,52%"
"06.04.2020","14,710","14,710","14,710","14,710","3,45%"
"03.04.2020","14,220","14,220","14,220","14,220","0,64%"
"02.04.2020","14,130","14,130","14,130","14,130","-0,63%"
"01.04.2020","14,220","14,220","14,220","14,220","-1,86%"
"31.03.2020","14,490","14,490","14,490","14,490","2,19%"
"30.03.2020","14,180","14,180","14,180","14,180","1,50%"
"27.03.2020","13,970","13,970","13,970","13,970","-1,55%"
"26.03.2020","14,190","14,190","14,190","14,190","2,60%"
"25.03.2020","13,830","13,830","13,830","13,830","3,21%"
"24.03.2020","13,400","13,400","13,400","13,400","5,85%"
"23.03.2020","12,660","12,660","12,660","12,660","-5,31%"
"20.03.2020","13,370","13,370","13,370","13,370","5,44%"
"19.03.2020","12,680","12,680","12,680","12,680","-0,63%"
"18.03.2020","12,760","12,760","12,760","12,760","-2,89%"
"17.03.2020","13,140","13,140","13,140","13,140","0,69%"
"16.03.2020","13,050","13,050","13,050","13,050","-7,32%"
"13.03.2020","14,080","14,080","14,080","14,080","0,07%"
"12.03.2020","14,070","14,070","14,070","14,070","-9,92%"
"11.03.2020","15,620","15,620","15,620","15,620","-1,64%"
"10.03.2020","15,880","15,880","15,880","15,880","-0,38%"
"09.03.2020","15,940","15,940","15,940","15,940","-6,57%"
"06.03.2020","17,060","17,060","17,060","17,060","-3,62%"
"05.03.2020","17,700","17,700","17,700","17,700","-1,23%"
"04.03.2020","17,920","17,920","17,920","17,920","-0,28%"
"03.03.2020","17,970","17,970","17,970","17,970","3,16%"
"02.03.2020","17,420","17,420","17,420","17,420","-0,11%"
"28.02.2020","17,440","17,440","17,440","17,440","-4,12%"
"27.02.2020","18,190","18,190","18,190","18,190","-3,60%"
"26.02.2020","18,870","18,870","18,870","18,870","-1,31%"
"25.02.2020","19,120","19,120","19,120","19,120","-0,83%"
"24.02.2020","19,280","19,280","19,280","19,280","-4,08%"
"21.02.2020","20,100","20,100","20,100","20,100","-1,03%"
"20.02.2020","20,310","20,310","20,310","20,310","-0,34%"
"19.02.2020","20,380","20,380","20,380","20,380","0,59%"
"18.02.2020","20,260","20,260","20,260","20,260","0,20%"
"14.02.2020","20,220","20,220","20,220","20,220","0,40%"
"13.02.2020","20,140","20,140","20,140","20,140","-0,25%"
"12.02.2020","20,190","20,190","20,190","20,190","0,70%"
"11.02.2020","20,050","20,050","20,050","20,050","0,91%"
"10.02.2020","19,870","19,870","19,870","19,870","0,20%"
"07.02.2020","19,830","19,830","19,830","19,830","-0,55%"
"06.02.2020","19,940","19,940","19,940","19,940","0,25%"
"05.02.2020","19,890","19,890","19,890","19,890","1,27%"
"04.02.2020","19,640","19,640","19,640","19,640","1,29%"
"03.02.2020","19,390","19,390","19,390","19,390","0,05%"
"31.01.2020","19,380","19,380","19,380","19,380","-0,62%"
"30.01.2020","19,500","19,500","19,500","19,500","-0,91%"
"29.01.2020","19,680","19,680","19,680","19,680","0,72%"
"28.01.2020","19,540","19,540","19,540","19,540","0,36%"
"27.01.2020","19,470","19,470","19,470","19,470","-2,41%"
"24.01.2020","19,950","19,950","19,950","19,950","1,32%"
"23.01.2020","19,690","19,690","19,690","19,690","-0,96%"
"22.01.2020","19,880","19,880","19,880","19,880","0,35%"
"21.01.2020","19,810","19,810","19,810","19,810","-0,25%"
"17.01.2020","19,860","19,860","19,860","19,860","1,17%"
"16.01.2020","19,630","19,630","19,630","19,630","0,20%"
"15.01.2020","19,590","19,590","19,590","19,590","0,31%"
"14.01.2020","19,530","19,530","19,530","19,530","0,15%"
"13.01.2020","19,500","19,500","19,500","19,500","-0,51%"
"10.01.2020","19,600","19,600","19,600","19,600","0,10%"
"09.01.2020","19,580","19,580","19,580","19,580","0,51%"
"08.01.2020","19,480","19,480","19,480","19,480","0,31%"
"07.01.2020","19,420","19,420","19,420","19,420","0,67%"
"06.01.2020","19,290","19,290","19,290","19,290","-0,67%"
"03.01.2020","19,420","19,420","19,420","19,420","-0,77%"
"02.01.2020","19,570","19,570","19,570","19,570","1,08%"
"31.12.2019","19,360","19,360","19,360","19,360","-0,31%"
"30.12.2019","19,420","19,420","19,420","19,420","-0,51%"
"27.12.2019","19,520","19,520","19,520","19,520","0,31%"
"23.12.2019","19,460","19,460","19,460","19,460","0,05%"
"20.12.2019","19,450","19,450","19,450","19,450","0,57%"
"19.12.2019","19,340","19,340","19,340","19,340","-0,21%"
"18.12.2019","19,380","19,380","19,380","19,380","0,10%"
"17.12.2019","19,360","19,360","19,360","19,360","-0,62%"
"16.12.2019","19,480","19,480","19,480","19,480","1,19%"
"13.12.2019","19,250","19,250","19,250","19,250","1,37%"
"12.12.2019","18,990","18,990","18,990","18,990","0,42%"
"11.12.2019","18,910","18,910","18,910","18,910","0,32%"
"10.12.2019","18,850","18,850","18,850","18,850","-0,68%"
"09.12.2019","18,980","18,980","18,980","18,980","-0,11%"
"06.12.2019","19,000","19,000","19,000","19,000","1,06%"
"05.12.2019","18,800","18,800","18,800","18,800","0,11%"
"04.12.2019","18,780","18,780","18,780","18,780","1,24%"
"03.12.2019","18,550","18,550","18,550","18,550","-1,33%"
"02.12.2019","18,800","18,800","18,800","18,800","-1,16%"
"29.11.2019","19,020","19,020","19,020","19,020","-0,26%"
"27.11.2019","19,070","19,070","19,070","19,070","0,16%"
"26.11.2019","19,040","19,040","19,040","19,040","0,32%"
"25.11.2019","18,980","18,980","18,980","18,980","0,74%"
"22.11.2019","18,840","18,840","18,840","18,840","0,64%"
"21.11.2019","18,720","18,720","18,720","18,720","-0,43%"
"20.11.2019","18,800","18,800","18,800","18,800","-0,84%"
"19.11.2019","18,960","18,960","18,960","18,960","0,42%"
"18.11.2019","18,880","18,880","18,880","18,880","-0,21%"
"15.11.2019","18,920","18,920","18,920","18,920","0,16%"
"14.11.2019","18,890","18,890","18,890","18,890","0,05%"
"13.11.2019","18,880","18,880","18,880","18,880","-0,47%"
"12.11.2019","18,970","18,970","18,970","18,970","0,37%"
"11.11.2019","18,900","18,900","18,900","18,900","0,32%"
"08.11.2019","18,840","18,840","18,840","18,840","-0,32%"
"07.11.2019","18,900","18,900","18,900","18,900","0,16%"
"06.11.2019","18,870","18,870","18,870","18,870","0,43%"
"05.11.2019","18,790","18,790","18,790","18,790","0,21%"
"04.11.2019","18,750","18,750","18,750","18,750","1,57%"
"31.10.2019","18,460","18,460","18,460","18,460","-0,11%"
"30.10.2019","18,480","18,480","18,480","18,480","0,00%"
"29.10.2019","18,480","18,480","18,480","18,480","-0,27%"
"28.10.2019","18,530","18,530","18,530","18,530","0,76%"
"25.10.2019","18,390","18,390","18,390","18,390","-0,05%"
"24.10.2019","18,400","18,400","18,400","18,400","0,88%"
"23.10.2019","18,240","18,240","18,240","18,240","0,00%"
"22.10.2019","18,240","18,240","18,240","18,240","-0,05%"
"21.10.2019","18,250","18,250","18,250","18,250","0,55%"
"18.10.2019","18,150","18,150","18,150","18,150","-0,49%"
"17.10.2019","18,240","18,240","18,240","18,240","0,33%"
"16.10.2019","18,180","18,180","18,180","18,180","0,22%"
"15.10.2019","18,140","18,140","18,140","18,140","0,61%"
"14.10.2019","18,030","18,030","18,030","18,030","-0,17%"
"11.10.2019","18,060","18,060","18,060","18,060","2,38%"
"10.10.2019","17,640","17,640","17,640","17,640","0,40%"
"09.10.2019","17,570","17,570","17,570","17,570","0,06%"
"08.10.2019","17,560","17,560","17,560","17,560","-0,73%"
"07.10.2019","17,690","17,690","17,690","17,690","0,57%"
"04.10.2019","17,590","17,590","17,590","17,590","0,92%"
"03.10.2019","17,430","17,430","17,430","17,430","-0,85%"
"02.10.2019","17,580","17,580","17,580","17,580","-2,77%"
"01.10.2019","18,080","18,080","18,080","18,080","-0,44%"
"30.09.2019","18,160","18,160","18,160","18,160","0,44%"
"27.09.2019","18,080","18,080","18,080","18,080","0,17%"
"26.09.2019","18,050","18,050","18,050","18,050","1,40%"
"25.09.2019","17,800","17,800","17,800","17,800","-1,44%"
"24.09.2019","18,060","18,060","18,060","18,060","0,39%"
"23.09.2019","17,990","17,990","17,990","17,990","-0,94%"
"20.09.2019","18,160","18,160","18,160","18,160","0,39%"
"19.09.2019","18,090","18,090","18,090","18,090","0,50%"
"18.09.2019","18,000","18,000","18,000","18,000","0,33%"
"17.09.2019","17,940","17,940","17,940","17,940","-0,28%"
"16.09.2019","17,990","17,990","17,990","17,990","-0,39%"
"13.09.2019","18,060","18,060","18,060","18,060","0,73%"
"12.09.2019","17,930","17,930","17,930","17,930","0,00%"
"11.09.2019","17,930","17,930","17,930","17,930","1,07%"
"10.09.2019","17,740","17,740","17,740","17,740","-0,39%"
"09.09.2019","17,810","17,810","17,810","17,810","-0,17%"
"06.09.2019","17,840","17,840","17,840","17,840","0,34%"
"05.09.2019","17,780","17,780","17,780","17,780","0,85%"
"04.09.2019","17,630","17,630","17,630","17,630","0,86%"
"03.09.2019","17,480","17,480","17,480","17,480","0,06%"
"30.08.2019","17,470","17,470","17,470","17,470","0,63%"
"29.08.2019","17,360","17,360","17,360","17,360","1,40%"
"28.08.2019","17,120","17,120","17,120","17,120","-0,75%"
"27.08.2019","17,250","17,250","17,250","17,250","-0,17%"
"23.08.2019","17,280","17,280","17,280","17,280","-0,06%"
"22.08.2019","17,290","17,290","17,290","17,290","-0,17%"
"21.08.2019","17,320","17,320","17,320","17,320","1,05%"
"20.08.2019","17,140","17,140","17,140","17,140","-0,41%"
"19.08.2019","17,210","17,210","17,210","17,210","1,18%"
"16.08.2019","17,010","17,010","17,010","17,010","0,53%"
"14.08.2019","16,920","16,920","16,920","16,920","-1,86%"
"13.08.2019","17,240","17,240","17,240","17,240","0,52%"
"12.08.2019","17,150","17,150","17,150","17,150","-0,52%"
"09.08.2019","17,240","17,240","17,240","17,240","-0,12%"
"08.08.2019","17,260","17,260","17,260","17,260","1,89%"
"07.08.2019","16,940","16,940","16,940","16,940","-1,11%"
"06.08.2019","17,130","17,130","17,130","17,130","0,06%"
"05.08.2019","17,120","17,120","17,120","17,120","-2,45%"
"02.08.2019","17,550","17,550","17,550","17,550","-1,63%"
"01.08.2019","17,840","17,840","17,840","17,840","0,06%"
"31.07.2019","17,830","17,830","17,830","17,830","0,51%"
"30.07.2019","17,740","17,740","17,740","17,740","-1,88%"
"29.07.2019","18,080","18,080","18,080","18,080","0,00%"
"26.07.2019","18,080","18,080","18,080","18,080","0,39%"
"25.07.2019","18,010","18,010","18,010","18,010","-0,88%"
"24.07.2019","18,170","18,170","18,170","18,170","0,39%"
"23.07.2019","18,100","18,100","18,100","18,100","0,78%"
"22.07.2019","17,960","17,960","17,960","17,960","0,17%"
"19.07.2019","17,930","17,930","17,930","17,930","-0,17%"
"18.07.2019","17,960","17,960","17,960","17,960","-0,50%"
"17.07.2019","18,050","18,050","18,050","18,050","0,06%"
"16.07.2019","18,040","18,040","18,040","18,040","0,11%"
"15.07.2019","18,020","18,020","18,020","18,020","0,22%"
"12.07.2019","17,980","17,980","17,980","17,980","-0,22%"
"11.07.2019","18,020","18,020","18,020","18,020","-0,33%"
"10.07.2019","18,080","18,080","18,080","18,080","0,39%"
"09.07.2019","18,010","18,010","18,010","18,010","-0,50%"
"08.07.2019","18,100","18,100","18,100","18,100","-0,11%"
"05.07.2019","18,120","18,120","18,120","18,120","-1,04%"
"03.07.2019","18,310","18,310","18,310","18,310","1,05%"
"02.07.2019","18,120","18,120","18,120","18,120","0,22%"
"01.07.2019","18,080","18,080","18,080","18,080","1,29%"
"28.06.2019","17,850","17,850","17,850","17,850","0,34%"
"27.06.2019","17,790","17,790","17,790","17,790","-0,06%"
"26.06.2019","17,800","17,800","17,800","17,800","-0,11%"
"25.06.2019","17,820","17,820","17,820","17,820","-0,22%"
"24.06.2019","17,860","17,860","17,860","17,860","-0,28%"
"21.06.2019","17,910","17,910","17,910","17,910","-0,61%"
"20.06.2019","18,020","18,020","18,020","18,020","0,67%"
"19.06.2019","17,900","17,900","17,900","17,900","0,00%"
"18.06.2019","17,900","17,900","17,900","17,900","1,53%"
"17.06.2019","17,630","17,630","17,630","17,630","0,17%"
"14.06.2019","17,600","17,600","17,600","17,600","-0,85%"
"13.06.2019","17,750","17,750","17,750","17,750","0,28%"
"12.06.2019","17,700","17,700","17,700","17,700","-0,51%"
"11.06.2019","17,790","17,790","17,790","17,790","1,08%"
"07.06.2019","17,600","17,600","17,600","17,600","1,09%"
"06.06.2019","17,410","17,410","17,410","17,410","0,17%"
"05.06.2019","17,380","17,380","17,380","17,380","0,70%"
"04.06.2019","17,260","17,260","17,260","17,260","0,82%"
"03.06.2019","17,120","17,120","17,120","17,120","0,06%"
"31.05.2019","17,110","17,110","17,110","17,110","-0,87%"
"29.05.2019","17,260","17,260","17,260","17,260","-2,10%"
"28.05.2019","17,630","17,630","17,630","17,630","0,40%"
"24.05.2019","17,560","17,560","17,560","17,560","0,80%"
"23.05.2019","17,420","17,420","17,420","17,420","-1,47%"
"22.05.2019","17,680","17,680","17,680","17,680","0,00%"
"21.05.2019","17,680","17,680","17,680","17,680","0,51%"
"20.05.2019","17,590","17,590","17,590","17,590","-0,62%"
"17.05.2019","17,700","17,700","17,700","17,700","-0,06%"
"16.05.2019","17,710","17,710","17,710","17,710","1,55%"
"15.05.2019","17,440","17,440","17,440","17,440","0,06%"
"14.05.2019","17,430","17,430","17,430","17,430","0,81%"
"13.05.2019","17,290","17,290","17,290","17,290","-1,43%"
"10.05.2019","17,540","17,540","17,540","17,540","-0,68%"
"08.05.2019","17,660","17,660","17,660","17,660","-0,51%"
"07.05.2019","17,750","17,750","17,750","17,750","-1,83%"
"03.05.2019","18,080","18,080","18,080","18,080","0,56%"
"02.05.2019","17,980","17,980","17,980","17,980","-0,50%"
"30.04.2019","18,070","18,070","18,070","18,070","-0,22%"
"29.04.2019","18,110","18,110","18,110","18,110","0,22%"
"26.04.2019","18,070","18,070","18,070","18,070","0,17%"
"25.04.2019","18,040","18,040","18,040","18,040","-0,50%"
"24.04.2019","18,130","18,130","18,130","18,130","-0,11%"
"23.04.2019","18,150","18,150","18,150","18,150","0,11%"
"18.04.2019","18,130","18,130","18,130","18,130","0,11%"
"17.04.2019","18,110","18,110","18,110","18,110","0,11%"
"16.04.2019","18,090","18,090","18,090","18,090","0,22%"
"15.04.2019","18,050","18,050","18,050","18,050","0,22%"
"12.04.2019","18,010","18,010","18,010","18,010","0,17%"
"11.04.2019","17,980","17,980","17,980","17,980","0,17%"
"10.04.2019","17,950","17,950","17,950","17,950","0,11%"
"09.04.2019","17,930","17,930","17,930","17,930","-0,33%"
"08.04.2019","17,990","17,990","17,990","17,990","-0,17%"
"05.04.2019","18,020","18,020","18,020","18,020","-0,06%"
"04.04.2019","18,030","18,030","18,030","18,030","0,22%"
"03.04.2019","17,990","17,990","17,990","17,990","0,50%"
"02.04.2019","17,900","17,900","17,900","17,900","0,67%"
"01.04.2019","17,780","17,780","17,780","17,780","1,37%"
"29.03.2019","17,540","17,540","17,540","17,540","0,17%"
"28.03.2019","17,510","17,510","17,510","17,510","0,23%"
"27.03.2019","17,470","17,470","17,470","17,470","-0,06%"
"26.03.2019","17,480","17,480","17,480","17,480","0,87%"
"25.03.2019","17,330","17,330","17,330","17,330","-0,52%"
"22.03.2019","17,420","17,420","17,420","17,420","-0,97%"
"21.03.2019","17,590","17,590","17,590","17,590","-0,11%"
"20.03.2019","17,610","17,610","17,610","17,610","-0,79%"
"19.03.2019","17,750","17,750","17,750","17,750","0,79%"
"18.03.2019","17,610","17,610","17,610","17,610","0,46%"
"15.03.2019","17,530","17,530","17,530","17,530","0,40%"
"14.03.2019","17,460","17,460","17,460","17,460","0,75%"
"13.03.2019","17,330","17,330","17,330","17,330","0,23%"
"12.03.2019","17,290","17,290","17,290","17,290","0,17%"
"11.03.2019","17,260","17,260","17,260","17,260","0,64%"
"08.03.2019","17,150","17,150","17,150","17,150","-0,75%"
"07.03.2019","17,280","17,280","17,280","17,280","-0,63%"
"06.03.2019","17,390","17,390","17,390","17,390","0,17%"
"05.03.2019","17,360","17,360","17,360","17,360","-0,34%"
"04.03.2019","17,420","17,420","17,420","17,420","0,23%"
"01.03.2019","17,380","17,380","17,380","17,380","0,81%"
"28.02.2019","17,240","17,240","17,240","17,240","-0,23%"
"27.02.2019","17,280","17,280","17,280","17,280","-0,23%"
"26.02.2019","17,320","17,320","17,320","17,320","0,17%"
"25.02.2019","17,290","17,290","17,290","17,290","0,06%"
"22.02.2019","17,280","17,280","17,280","17,280","0,41%"
"21.02.2019","17,210","17,210","17,210","17,210","-0,17%"
"20.02.2019","17,240","17,240","17,240","17,240","0,47%"
"19.02.2019","17,160","17,160","17,160","17,160","0,06%"
"15.02.2019","17,150","17,150","17,150","17,150","1,06%"
"14.02.2019","16,970","16,970","16,970","16,970","-0,18%"
"13.02.2019","17,000","17,000","17,000","17,000","0,47%"
"12.02.2019","16,920","16,920","16,920","16,920","0,59%"
"11.02.2019","16,820","16,820","16,820","16,820","0,84%"
"08.02.2019","16,680","16,680","16,680","16,680","-1,01%"
"07.02.2019","16,850","16,850","16,850","16,850","-0,88%"
"06.02.2019","17,000","17,000","17,000","17,000","0,35%"
"05.02.2019","16,940","16,940","16,940","16,940","1,38%"
"04.02.2019","16,710","16,710","16,710","16,710","0,00%"
"01.02.2019","16,710","16,710","16,710","16,710","0,42%"
"31.01.2019","16,640","16,640","16,640","16,640","-0,06%"
"30.01.2019","16,650","16,650","16,650","16,650","0,00%"
"29.01.2019","16,650","16,650","16,650","16,650","1,09%"
"28.01.2019","16,470","16,470","16,470","16,470","-1,08%"
"25.01.2019","16,650","16,650","16,650","16,650","1,09%"
"24.01.2019","16,470","16,470","16,470","16,470","-0,42%"
"23.01.2019","16,540","16,540","16,540","16,540","0,61%"
"22.01.2019","16,440","16,440","16,440","16,440","-0,36%"
"18.01.2019","16,500","16,500","16,500","16,500","1,66%"
"17.01.2019","16,230","16,230","16,230","16,230","-0,12%"
"16.01.2019","16,250","16,250","16,250","16,250","0,74%"
"15.01.2019","16,130","16,130","16,130","16,130","0,44%"
"14.01.2019","16,060","16,060","16,060","16,060","-0,37%"
"11.01.2019","16,120","16,120","16,120","16,120","0,50%"
"10.01.2019","16,040","16,040","16,040","16,040","-0,50%"
"09.01.2019","16,120","16,120","16,120","16,120","0,69%"
"08.01.2019","16,010","16,010","16,010","16,010","1,39%"
"07.01.2019","15,790","15,790","15,790","15,790","0,13%"
"04.01.2019","15,770","15,770","15,770","15,770","1,94%"
"03.01.2019","15,470","15,470","15,470","15,470","-0,26%"
"02.01.2019","15,510","15,510","15,510","15,510","0,00%"
"28.12.2018","15,510","15,510","15,510","15,510","2,24%"
"27.12.2018","15,170","15,170","15,170","15,170","-1,81%"
"21.12.2018","15,450","15,450","15,450","15,450","-0,58%"
"20.12.2018","15,540","15,540","15,540","15,540","-1,40%"
"19.12.2018","15,760","15,760","15,760","15,760","-0,32%"
"18.12.2018","15,810","15,810","15,810","15,810","0,13%"
"17.12.2018","15,790","15,790","15,790","15,790","-1,68%"
"14.12.2018","16,060","16,060","16,060","16,060","-0,43%"
"13.12.2018","16,130","16,130","16,130","16,130","-0,06%"
"12.12.2018","16,140","16,140","16,140","16,140","1,13%"
"11.12.2018","15,960","15,960","15,960","15,960","-0,81%"
"07.12.2018","16,090","16,090","16,090","16,090","1,00%"
"06.12.2018","15,930","15,930","15,930","15,930","-4,09%"
"04.12.2018","16,610","16,610","16,610","16,610","-0,89%"
"03.12.2018","16,760","16,760","16,760","16,760","1,45%"
"30.11.2018","16,520","16,520","16,520","16,520","-0,42%"
"29.11.2018","16,590","16,590","16,590","16,590","0,42%"
"28.11.2018","16,520","16,520","16,520","16,520","0,43%"
"27.11.2018","16,450","16,450","16,450","16,450","-0,54%"
"26.11.2018","16,540","16,540","16,540","16,540","1,53%"
"23.11.2018","16,290","16,290","16,290","16,290","-0,37%"
"21.11.2018","16,350","16,350","16,350","16,350","1,11%"
"20.11.2018","16,170","16,170","16,170","16,170","-2,41%"
"19.11.2018","16,570","16,570","16,570","16,570","-0,12%"
"16.11.2018","16,590","16,590","16,590","16,590","-0,18%"
"15.11.2018","16,620","16,620","16,620","16,620","-1,42%"
"14.11.2018","16,860","16,860","16,860","16,860","-0,12%"
"13.11.2018","16,880","16,880","16,880","16,880","0,12%"
"12.11.2018","16,860","16,860","16,860","16,860","-0,53%"
"09.11.2018","16,950","16,950","16,950","16,950","-0,47%"
"08.11.2018","17,030","17,030","17,030","17,030","0,35%"
"07.11.2018","16,970","16,970","16,970","16,970","0,83%"
"06.11.2018","16,830","16,830","16,830","16,830","-0,30%"
"05.11.2018","16,880","16,880","16,880","16,880","-0,18%"
"02.11.2018","16,910","16,910","16,910","16,910","0,89%"
"31.10.2018","16,760","16,760","16,760","16,760","2,38%"
"30.10.2018","16,370","16,370","16,370","16,370","-1,15%"
"29.10.2018","16,560","16,560","16,560","16,560","2,10%"
"26.10.2018","16,220","16,220","16,220","16,220","-0,80%"
"25.10.2018","16,350","16,350","16,350","16,350","-0,73%"
"24.10.2018","16,470","16,470","16,470","16,470","0,61%"
"23.10.2018","16,370","16,370","16,370","16,370","-1,74%"
"22.10.2018","16,660","16,660","16,660","16,660","-0,66%"
"19.10.2018","16,770","16,770","16,770","16,770","-0,42%"
"18.10.2018","16,840","16,840","16,840","16,840","0,00%"
"17.10.2018","16,840","16,840","16,840","16,840","-0,12%"
"16.10.2018","16,860","16,860","16,860","16,860","1,32%"
"15.10.2018","16,640","16,640","16,640","16,640","-0,78%"
"12.10.2018","16,770","16,770","16,770","16,770","-0,47%"
"11.10.2018","16,850","16,850","16,850","16,850","-1,46%"
"10.10.2018","17,100","17,100","17,100","17,100","-1,50%"
"09.10.2018","17,360","17,360","17,360","17,360","-0,06%"
"08.10.2018","17,370","17,370","17,370","17,370","-1,19%"
"05.10.2018","17,580","17,580","17,580","17,580","-1,24%"
"04.10.2018","17,800","17,800","17,800","17,800","-1,17%"
"03.10.2018","18,010","18,010","18,010","18,010","0,50%"
"02.10.2018","17,920","17,920","17,920","17,920","-0,55%"
"01.10.2018","18,020","18,020","18,020","18,020","0,50%"
"28.09.2018","17,930","17,930","17,930","17,930","-0,44%"
"27.09.2018","18,010","18,010","18,010","18,010","0,11%"
"26.09.2018","17,990","17,990","17,990","17,990","-0,11%"
"25.09.2018","18,010","18,010","18,010","18,010","0,78%"
"24.09.2018","17,870","17,870","17,870","17,870","-0,45%"
"21.09.2018","17,950","17,950","17,950","17,950","0,39%"
"20.09.2018","17,880","17,880","17,880","17,880","0,39%"
"19.09.2018","17,810","17,810","17,810","17,810","0,17%"
"18.09.2018","17,780","17,780","17,780","17,780","-0,17%"
"17.09.2018","17,810","17,810","17,810","17,810","0,17%"
"14.09.2018","17,780","17,780","17,780","17,780","0,23%"
"13.09.2018","17,740","17,740","17,740","17,740","0,00%"
"12.09.2018","17,740","17,740","17,740","17,740","0,62%"
"11.09.2018","17,630","17,630","17,630","17,630","-0,40%"
"10.09.2018","17,700","17,700","17,700","17,700","0,51%"
"07.09.2018","17,610","17,610","17,610","17,610","-0,62%"
"06.09.2018","17,720","17,720","17,720","17,720","-0,39%"
"05.09.2018","17,790","17,790","17,790","17,790","-0,67%"
"04.09.2018","17,910","17,910","17,910","17,910","-0,56%"
"31.08.2018","18,010","18,010","18,010","18,010","-0,55%"
"30.08.2018","18,110","18,110","18,110","18,110","-0,06%"
"29.08.2018","18,120","18,120","18,120","18,120","-0,22%"
"28.08.2018","18,160","18,160","18,160","18,160","0,89%"
"24.08.2018","18,000","18,000","18,000","18,000","0,00%"
"23.08.2018","18,000","18,000","18,000","18,000","0,06%"
"22.08.2018","17,990","17,990","17,990","17,990","-0,28%"
"21.08.2018","18,040","18,040","18,040","18,040","0,22%"
"20.08.2018","18,000","18,000","18,000","18,000","1,01%"
"17.08.2018","17,820","17,820","17,820","17,820","-0,28%"
"16.08.2018","17,870","17,870","17,870","17,870","-0,78%"
"14.08.2018","18,010","18,010","18,010","18,010","-0,06%"
"13.08.2018","18,020","18,020","18,020","18,020","0,06%"
"10.08.2018","18,010","18,010","18,010","18,010","-1,10%"
"09.08.2018","18,210","18,210","18,210","18,210","0,33%"
"08.08.2018","18,150","18,150","18,150","18,150","-0,49%"
"07.08.2018","18,240","18,240","18,240","18,240","0,72%"
"06.08.2018","18,110","18,110","18,110","18,110","0,06%"
"03.08.2018","18,100","18,100","18,100","18,100","0,44%"
"02.08.2018","18,020","18,020","18,020","18,020","-0,77%"
"01.08.2018","18,160","18,160","18,160","18,160","-0,33%"
"31.07.2018","18,220","18,220","18,220","18,220","0,05%"
"30.07.2018","18,210","18,210","18,210","18,210","-0,33%"
"27.07.2018","18,270","18,270","18,270","18,270","0,61%"
"26.07.2018","18,160","18,160","18,160","18,160","0,22%"
"25.07.2018","18,120","18,120","18,120","18,120","-0,33%"
"24.07.2018","18,180","18,180","18,180","18,180","1,00%"
"23.07.2018","18,000","18,000","18,000","18,000","0,17%"
"20.07.2018","17,970","17,970","17,970","17,970","-0,61%"
"19.07.2018","18,080","18,080","18,080","18,080","-0,33%"
"18.07.2018","18,140","18,140","18,140","18,140","0,89%"
"17.07.2018","17,980","17,980","17,980","17,980","0,06%"
"16.07.2018","17,970","17,970","17,970","17,970","-0,06%"
"13.07.2018","17,980","17,980","17,980","17,980","0,17%"
"12.07.2018","17,950","17,950","17,950","17,950","0,62%"
"11.07.2018","17,840","17,840","17,840","17,840","-1,44%"
"10.07.2018","18,100","18,100","18,100","18,100","0,89%"
"09.07.2018","17,940","17,940","17,940","17,940","1,01%"
"06.07.2018","17,760","17,760","17,760","17,760","-0,06%"
"05.07.2018","17,770","17,770","17,770","17,770","0,06%"
"03.07.2018","17,760","17,760","17,760","17,760","0,68%"
"02.07.2018","17,640","17,640","17,640","17,640","-1,12%"
"29.06.2018","17,840","17,840","17,840","17,840","1,36%"
"28.06.2018","17,600","17,600","17,600","17,600","-1,46%"
"27.06.2018","17,860","17,860","17,860","17,860","0,90%"
"26.06.2018","17,700","17,700","17,700","17,700","-0,06%"
"25.06.2018","17,710","17,710","17,710","17,710","-1,61%"
"22.06.2018","18,000","18,000","18,000","18,000","0,50%"
"21.06.2018","17,910","17,910","17,910","17,910","-0,67%"
"20.06.2018","18,030","18,030","18,030","18,030","0,45%"
"19.06.2018","17,950","17,950","17,950","17,950","-0,94%"
"18.06.2018","18,120","18,120","18,120","18,120","-0,98%"
"15.06.2018","18,300","18,300","18,300","18,300","-0,71%"
"14.06.2018","18,430","18,430","18,430","18,430","0,82%"
"13.06.2018","18,280","18,280","18,280","18,280","0,22%"
"12.06.2018","18,240","18,240","18,240","18,240","0,16%"
"11.06.2018","18,210","18,210","18,210","18,210","0,50%"
"08.06.2018","18,120","18,120","18,120","18,120","-0,28%"
"07.06.2018","18,170","18,170","18,170","18,170","0,61%"
"06.06.2018","18,060","18,060","18,060","18,060","-0,82%"
"05.06.2018","18,210","18,210","18,210","18,210","0,00%"
"04.06.2018","18,210","18,210","18,210","18,210","0,44%"
"01.06.2018","18,130","18,130","18,130","18,130","0,55%"
"31.05.2018","18,030","18,030","18,030","18,030","0,22%"
"30.05.2018","17,990","17,990","17,990","17,990","-0,17%"
"29.05.2018","18,020","18,020","18,020","18,020","-0,99%"
"25.05.2018","18,200","18,200","18,200","18,200","-0,27%"
"24.05.2018","18,250","18,250","18,250","18,250","-0,22%"
"23.05.2018","18,290","18,290","18,290","18,290","-1,30%"
"22.05.2018","18,530","18,530","18,530","18,530","0,54%"
"18.05.2018","18,430","18,430","18,430","18,430","0,22%"
"17.05.2018","18,390","18,390","18,390","18,390","0,16%"
"16.05.2018","18,360","18,360","18,360","18,360","0,49%"
"15.05.2018","18,270","18,270","18,270","18,270","0,27%"
"14.05.2018","18,220","18,220","18,220","18,220","-0,27%"
"11.05.2018","18,270","18,270","18,270","18,270","0,55%"
"09.05.2018","18,170","18,170","18,170","18,170","0,55%"
"08.05.2018","18,070","18,070","18,070","18,070","1,01%"
"04.05.2018","17,890","17,890","17,890","17,890","-0,06%"
"03.05.2018","17,900","17,900","17,900","17,900","-0,39%"
"02.05.2018","17,970","17,970","17,970","17,970","1,07%"
"30.04.2018","17,780","17,780","17,780","17,780","0,17%"
"27.04.2018","17,750","17,750","17,750","17,750","0,57%"
"26.04.2018","17,650","17,650","17,650","17,650","0,80%"
"25.04.2018","17,510","17,510","17,510","17,510","-1,19%"
"24.04.2018","17,720","17,720","17,720","17,720","0,00%"
"23.04.2018","17,720","17,720","17,720","17,720","0,23%"
"20.04.2018","17,680","17,680","17,680","17,680","-0,11%"
"19.04.2018","17,700","17,700","17,700","17,700","0,06%"
"18.04.2018","17,690","17,690","17,690","17,690","0,40%"
"17.04.2018","17,620","17,620","17,620","17,620","0,86%"
"16.04.2018","17,470","17,470","17,470","17,470","-0,40%"
"13.04.2018","17,540","17,540","17,540","17,540","0,34%"
"12.04.2018","17,480","17,480","17,480","17,480","0,69%"
"11.04.2018","17,360","17,360","17,360","17,360","-0,12%"
"10.04.2018","17,380","17,380","17,380","17,380","0,70%"
"06.04.2018","17,260","17,260","17,260","17,260","0,47%"
"05.04.2018","17,180","17,180","17,180","17,180","2,26%"
"04.04.2018","16,800","16,800","16,800","16,800","-0,88%"
"03.04.2018","16,950","16,950","16,950","16,950","-0,18%"
"29.03.2018","16,980","16,980","16,980","16,980","0,59%"
"28.03.2018","16,880","16,880","16,880","16,880","-0,35%"
"27.03.2018","16,940","16,940","16,940","16,940","0,53%"
"26.03.2018","16,850","16,850","16,850","16,850","-0,35%"
"23.03.2018","16,910","16,910","16,910","16,910","-0,18%"
"22.03.2018","16,940","16,940","16,940","16,940","-1,80%"
"21.03.2018","17,250","17,250","17,250","17,250","-0,17%"
"20.03.2018","17,280","17,280","17,280","17,280","0,47%"
"19.03.2018","17,200","17,200","17,200","17,200","-1,04%"
"16.03.2018","17,380","17,380","17,380","17,380","0,70%"
"15.03.2018","17,260","17,260","17,260","17,260","0,41%"
"14.03.2018","17,190","17,190","17,190","17,190","-0,29%"
"09.03.2018","17,240","17,240","17,240","17,240","0,47%"
"08.03.2018","17,160","17,160","17,160","17,160","1,24%"
"07.03.2018","16,950","16,950","16,950","16,950","-0,47%"
"06.03.2018","17,030","17,030","17,030","17,030","1,37%"
"05.03.2018","16,800","16,800","16,800","16,800","0,24%"
"02.03.2018","16,760","16,760","16,760","16,760","-1,87%"
"01.03.2018","17,080","17,080","17,080","17,080","-2,12%"
"28.02.2018","17,450","17,450","17,450","17,450","0,00%"
"27.02.2018","17,450","17,450","17,450","17,450","-0,17%"
"26.02.2018","17,480","17,480","17,480","17,480","0,58%"
"23.02.2018","17,380","17,380","17,380","17,380","0,52%"
"22.02.2018","17,290","17,290","17,290","17,290","-0,58%"
"21.02.2018","17,390","17,390","17,390","17,390","0,40%"
"20.02.2018","17,320","17,320","17,320","17,320","0,23%"
"16.02.2018","17,280","17,280","17,280","17,280","0,23%"
"15.02.2018","17,240","17,240","17,240","17,240","1,47%"
"14.02.2018","16,990","16,990","16,990","16,990","0,65%"
"13.02.2018","16,880","16,880","16,880","16,880","-0,35%"
"12.02.2018","16,940","16,940","16,940","16,940","0,47%"
"09.02.2018","16,860","16,860","16,860","16,860","-1,92%"
"08.02.2018","17,190","17,190","17,190","17,190","-0,64%"
"07.02.2018","17,300","17,300","17,300","17,300","0,46%"
"06.02.2018","17,220","17,220","17,220","17,220","-1,32%"
"05.02.2018","17,450","17,450","17,450","17,450","-1,86%"
"02.02.2018","17,780","17,780","17,780","17,780","-1,28%"
"01.02.2018","18,010","18,010","18,010","18,010","-0,50%"
"31.01.2018","18,100","18,100","18,100","18,100","0,06%"
"30.01.2018","18,090","18,090","18,090","18,090","-1,31%"
"29.01.2018","18,330","18,330","18,330","18,330","0,27%"
"26.01.2018","18,280","18,280","18,280","18,280","0,49%"
"25.01.2018","18,190","18,190","18,190","18,190","-1,03%"
"24.01.2018","18,380","18,380","18,380","18,380","0,05%"
"23.01.2018","18,370","18,370","18,370","18,370","-0,11%"
"22.01.2018","18,390","18,390","18,390","18,390","0,16%"
"19.01.2018","18,360","18,360","18,360","18,360","0,71%"
"18.01.2018","18,230","18,230","18,230","18,230","0,33%"
"17.01.2018","18,170","18,170","18,170","18,170","-0,60%"
"16.01.2018","18,280","18,280","18,280","18,280","0,05%"
"12.01.2018","18,270","18,270","18,270","18,270","0,16%"
"11.01.2018","18,240","18,240","18,240","18,240","0,16%"
"10.01.2018","18,210","18,210","18,210","18,210","-0,27%"
"09.01.2018","18,260","18,260","18,260","18,260","0,27%"
"08.01.2018","18,210","18,210","18,210","18,210","0,55%"
"05.01.2018","18,110","18,110","18,110","18,110","0,78%"
"04.01.2018","17,970","17,970","17,970","17,970","1,07%"
"03.01.2018","17,780","17,780","17,780","17,780","0,85%"
"02.01.2018","17,630","17,630","17,630","17,630","-0,28%"
"29.12.2017","17,680","17,680","17,680","17,680","-0,34%"
"28.12.2017","17,740","17,740","17,740","17,740","0,17%"
"27.12.2017","17,710","17,710","17,710","17,710","-0,06%"
"22.12.2017","17,720","17,720","17,720","17,720","0,17%"
"21.12.2017","17,690","17,690","17,690","17,690","-0,11%"
"20.12.2017","17,710","17,710","17,710","17,710","-0,39%"
"19.12.2017","17,780","17,780","17,780","17,780","0,06%"
"18.12.2017","17,770","17,770","17,770","17,770","1,25%"
"15.12.2017","17,550","17,550","17,550","17,550","-0,51%"
"14.12.2017","17,640","17,640","17,640","17,640","-0,06%"
"13.12.2017","17,650","17,650","17,650","17,650","0,28%"
"12.12.2017","17,600","17,600","17,600","17,600","0,40%"
"11.12.2017","17,530","17,530","17,530","17,530","0,00%"
"08.12.2017","17,530","17,530","17,530","17,530","0,86%"
"07.12.2017","17,380","17,380","17,380","17,380","0,00%"
"06.12.2017","17,380","17,380","17,380","17,380","-0,17%"
"05.12.2017","17,410","17,410","17,410","17,410","-0,85%"
"04.12.2017","17,560","17,560","17,560","17,560","0,46%"
"01.12.2017","17,480","17,480","17,480","17,480","-0,40%"
"30.11.2017","17,550","17,550","17,550","17,550","-1,02%"
"29.11.2017","17,730","17,730","17,730","17,730","0,80%"
"28.11.2017","17,590","17,590","17,590","17,590","0,23%"
"27.11.2017","17,550","17,550","17,550","17,550","-0,45%"
"24.11.2017","17,630","17,630","17,630","17,630","0,00%"
"23.11.2017","17,630","17,630","17,630","17,630","-0,45%"
"22.11.2017","17,710","17,710","17,710","17,710","-0,06%"
"21.11.2017","17,720","17,720","17,720","17,720","1,03%"
"20.11.2017","17,540","17,540","17,540","17,540","0,63%"
"17.11.2017","17,430","17,430","17,430","17,430","-0,34%"
"16.11.2017","17,490","17,490","17,490","17,490","1,27%"
"15.11.2017","17,270","17,270","17,270","17,270","-1,26%"
"14.11.2017","17,490","17,490","17,490","17,490","-0,34%"
"13.11.2017","17,550","17,550","17,550","17,550","-0,96%"
"10.11.2017","17,720","17,720","17,720","17,720","-0,17%"
"09.11.2017","17,750","17,750","17,750","17,750","-0,95%"
"08.11.2017","17,920","17,920","17,920","17,920","-0,99%"
"07.11.2017","18,100","18,100","18,100","18,100","-0,17%"
"06.11.2017","18,130","18,130","18,130","18,130","0,50%"
"03.11.2017","18,040","18,040","18,040","18,040","0,22%"
"02.11.2017","18,000","18,000","18,000","18,000","0,28%"
"31.10.2017","17,950","17,950","17,950","17,950","0,11%"
"30.10.2017","17,930","17,930","17,930","17,930","0,50%"
"27.10.2017","17,840","17,840","17,840","17,840","0,90%"
"25.10.2017","17,680","17,680","17,680","17,680","0,06%"
"24.10.2017","17,670","17,670","17,670","17,670","-0,56%"
"23.10.2017","17,770","17,770","17,770","17,770","0,17%"
"20.10.2017","17,740","17,740","17,740","17,740","0,91%"
"19.10.2017","17,580","17,580","17,580","17,580","-1,07%"
"18.10.2017","17,770","17,770","17,770","17,770","0,11%"
"17.10.2017","17,750","17,750","17,750","17,750","0,11%"
"16.10.2017","17,730","17,730","17,730","17,730","0,23%"
"13.10.2017","17,690","17,690","17,690","17,690","0,17%"
"12.10.2017","17,660","17,660","17,660","17,660","0,17%"
"11.10.2017","17,630","17,630","17,630","17,630","-0,11%"
"10.10.2017","17,650","17,650","17,650","17,650","0,00%"
"09.10.2017","17,650","17,650","17,650","17,650","0,00%"
"06.10.2017","17,650","17,650","17,650","17,650","-0,28%"
"05.10.2017","17,700","17,700","17,700","17,700","0,17%"
"04.10.2017","17,670","17,670","17,670","17,670","0,06%"
"03.10.2017","17,660","17,660","17,660","17,660","0,17%"
"02.10.2017","17,630","17,630","17,630","17,630","0,86%"
"29.09.2017","17,480","17,480","17,480","17,480","0,46%"
"28.09.2017","17,400","17,400","17,400","17,400","-0,11%"
"27.09.2017","17,420","17,420","17,420","17,420","0,40%"
"26.09.2017","17,350","17,350","17,350","17,350","0,06%"
"25.09.2017","17,340","17,340","17,340","17,340","0,35%"
"22.09.2017","17,280","17,280","17,280","17,280","0,12%"
"21.09.2017","17,260","17,260","17,260","17,260","0,52%"
"20.09.2017","17,170","17,170","17,170","17,170","-0,23%"
"19.09.2017","17,210","17,210","17,210","17,210","0,00%"
"18.09.2017","17,210","17,210","17,210","17,210","0,47%"
"15.09.2017","17,130","17,130","17,130","17,130","-0,35%"
"14.09.2017","17,190","17,190","17,190","17,190","0,06%"
"13.09.2017","17,180","17,180","17,180","17,180","0,06%"
"12.09.2017","17,170","17,170","17,170","17,170","0,64%"
"11.09.2017","17,060","17,060","17,060","17,060","1,01%"
"08.09.2017","16,890","16,890","16,890","16,890","0,06%"
"07.09.2017","16,880","16,880","16,880","16,880","0,42%"
"06.09.2017","16,810","16,810","16,810","16,810","-0,47%"
"05.09.2017","16,890","16,890","16,890","16,890","0,12%"
"04.09.2017","16,870","16,870","16,870","16,870","-0,65%"
"01.09.2017","16,980","16,980","16,980","16,980","0,89%"