"Fecha","Último","Apertura","Máximo","Mínimo","Vol.","% var."
"31.12.2025","592,42","592,42","592,42","592,42","","-0,47%"
"30.12.2025","595,24","595,24","595,24","595,24","","0,03%"
"29.12.2025","595,06","595,06","595,06","595,06","","0,31%"
"26.12.2025","593,20","593,20","593,20","593,20","","-0,24%"
"25.12.2025","594,64","594,64","594,64","594,64","","0,55%"
"24.12.2025","591,40","591,40","591,40","591,40","","0,14%"
"23.12.2025","590,54","590,54","590,54","590,54","","-0,09%"
"22.12.2025","591,06","591,06","591,06","591,06","","-0,59%"
"19.12.2025","594,58","594,58","594,58","594,58","","-0,35%"
"18.12.2025","596,65","596,65","596,65","596,65","","0,58%"
"17.12.2025","593,22","593,22","593,22","593,22","","-0,04%"
"16.12.2025","593,44","593,44","593,44","593,44","","0,62%"
"15.12.2025","589,79","589,79","589,79","589,79","","-0,03%"
"12.12.2025","589,99","589,99","589,99","589,99","","-1,05%"
"11.12.2025","596,26","596,26","596,26","596,26","","-0,36%"
"10.12.2025","598,40","598,40","598,40","598,40","","-0,26%"
"09.12.2025","599,97","599,97","599,97","599,97","","-0,12%"
"08.12.2025","600,72","600,72","600,72","600,72","","0,05%"
"05.12.2025","600,41","600,41","600,41","600,41","","-0,94%"
"04.12.2025","606,09","606,09","606,09","606,09","","0,49%"
"03.12.2025","603,12","603,12","603,12","603,12","","-0,37%"
"02.12.2025","605,34","605,34","605,34","605,34","","-1,29%"
"01.12.2025","613,26","613,26","613,26","613,26","","-0,13%"
"28.11.2025","614,06","614,06","614,06","614,06","","-0,45%"
"27.11.2025","616,82","616,82","616,82","616,82","","0,41%"
"26.11.2025","614,30","614,30","614,30","614,30","","-0,21%"
"25.11.2025","615,58","615,58","615,58","615,58","","-0,17%"
"24.11.2025","616,60","616,60","616,60","616,60","","0,48%"
"21.11.2025","613,64","613,64","613,64","613,64","","0,41%"
"20.11.2025","611,12","611,12","611,12","611,12","","0,42%"
"19.11.2025","608,54","608,54","608,54","608,54","","0,24%"
"18.11.2025","607,06","607,06","607,06","607,06","","0,02%"
"17.11.2025","606,93","606,93","606,93","606,93","","0,51%"
"14.11.2025","603,86","603,86","603,86","603,86","","-1,20%"
"13.11.2025","611,20","611,20","611,20","611,20","","-0,34%"
"12.11.2025","613,31","613,31","613,31","613,31","","0,08%"
"11.11.2025","612,80","612,80","612,80","612,80","","0,24%"
"10.11.2025","611,36","611,36","611,36","611,36","","0,03%"
"07.11.2025","611,17","611,17","611,17","611,17","","-0,38%"
"06.11.2025","613,50","613,50","613,50","613,50","","0,41%"
"05.11.2025","611,00","611,00","611,00","611,00","","-1,14%"
"04.11.2025","618,08","618,08","618,08","618,08","","0,59%"
"03.11.2025","614,48","614,48","614,48","614,48","","-0,14%"
"31.10.2025","615,36","615,36","615,36","615,36","","-0,53%"
"30.10.2025","618,65","618,65","618,65","618,65","","0,30%"
"29.10.2025","616,78","616,78","616,78","616,78","","-0,58%"
"28.10.2025","620,37","620,37","620,37","620,37","","0,20%"
"27.10.2025","619,13","619,13","619,13","619,13","","0,21%"
"24.10.2025","617,83","617,83","617,83","617,83","","-0,11%"
"23.10.2025","618,51","618,51","618,51","618,51","","-0,70%"
"22.10.2025","622,89","622,89","622,89","622,89","","-0,01%"
"21.10.2025","622,97","622,97","622,97","622,97","","0,86%"
"20.10.2025","617,64","617,64","617,64","617,64","","0,48%"
"17.10.2025","614,66","614,66","614,66","614,66","","0,14%"
"16.10.2025","613,80","613,80","613,80","613,80","","0,42%"
"15.10.2025","611,21","611,21","611,21","611,21","","-0,58%"
"14.10.2025","614,74","614,74","614,74","614,74","","0,02%"
"13.10.2025","614,62","614,62","614,62","614,62","","0,40%"
"10.10.2025","612,17","612,17","612,17","612,17","","1,00%"
"09.10.2025","606,10","606,10","606,10","606,10","","0,50%"
"08.10.2025","603,11","603,11","603,11","603,11","","0,32%"
"07.10.2025","601,16","601,16","601,16","601,16","","1,00%"
"06.10.2025","595,21","595,21","595,21","595,21","","-0,45%"
"03.10.2025","597,91","597,91","597,91","597,91","","-0,45%"
"02.10.2025","600,64","600,64","600,64","600,64","","0,40%"
"01.10.2025","598,27","598,27","598,27","598,27","","0,26%"
"30.09.2025","596,69","596,69","596,69","596,69","","-0,34%"
"29.09.2025","598,73","598,73","598,73","598,73","","0,56%"
"26.09.2025","595,38","595,38","595,38","595,38","","-0,38%"
"25.09.2025","597,67","597,67","597,67","597,67","","0,62%"
"24.09.2025","593,98","593,98","593,98","593,98","","0,25%"
"23.09.2025","592,48","592,48","592,48","592,48","","0,59%"
"22.09.2025","589,02","589,02","589,02","589,02","","-0,84%"
"19.09.2025","594,01","594,01","594,01","594,01","","0,19%"
"18.09.2025","592,88","592,88","592,88","592,88","","-0,80%"
"17.09.2025","597,67","597,67","597,67","597,67","","0,29%"
"16.09.2025","595,95","595,95","595,95","595,95","","-0,73%"
"15.09.2025","600,34","600,34","600,34","600,34","","0,02%"
"12.09.2025","600,23","600,23","600,23","600,23","","-0,40%"
"11.09.2025","602,65","602,65","602,65","602,65","","0,35%"
"10.09.2025","600,53","600,53","600,53","600,53","","0,63%"
"09.09.2025","596,79","596,79","596,79","596,79","","-0,06%"
"08.09.2025","597,13","597,13","597,13","597,13","","0,90%"
"05.09.2025","591,81","591,81","591,81","591,81","","0,85%"
"04.09.2025","586,83","586,83","586,83","586,83","","0,74%"
"03.09.2025","582,55","582,55","582,55","582,55","","0,87%"
"02.09.2025","577,50","577,50","577,50","577,50","","-0,09%"
"01.09.2025","577,99","577,99","577,99","577,99","","-0,20%"
"29.08.2025","579,15","579,15","579,15","579,15","","-0,69%"
"28.08.2025","583,20","583,20","583,20","583,20","","0,27%"
"27.08.2025","581,62","581,62","581,62","581,62","","-0,22%"
"26.08.2025","582,90","582,90","582,90","582,90","","-0,21%"
"25.08.2025","584,16","584,16","584,16","584,16","","0,63%"
"22.08.2025","580,47","580,47","580,47","580,47","","-0,28%"
"21.08.2025","582,10","582,10","582,10","582,10","","-0,07%"
"20.08.2025","582,51","582,51","582,51","582,51","","0,12%"
"19.08.2025","581,79","581,79","581,79","581,79","","0,72%"
"18.08.2025","577,61","577,61","577,61","577,61","","0,04%"
"15.08.2025","577,41","577,41","577,41","577,41","","-1,08%"
"14.08.2025","583,70","583,70","583,70","583,70","","-0,25%"
"13.08.2025","585,18","585,18","585,18","585,18","","0,53%"
"12.08.2025","582,12","582,12","582,12","582,12","","-0,98%"
"11.08.2025","587,90","587,90","587,90","587,90","","0,31%"
"08.08.2025","586,06","586,06","586,06","586,06","","-0,21%"
"07.08.2025","587,28","587,28","587,28","587,28","","-0,22%"
"06.08.2025","588,58","588,58","588,58","588,58","","-1,30%"
"05.08.2025","596,32","596,32","596,32","596,32","","0,30%"
"04.08.2025","594,56","594,56","594,56","594,56","","0,38%"
"01.08.2025","592,30","592,30","592,30","592,30","","-0,18%"
"31.07.2025","593,35","593,35","593,35","593,35","","-0,02%"
"30.07.2025","593,45","593,45","593,45","593,45","","0,65%"
"29.07.2025","589,63","589,63","589,63","589,63","","2,00%"
"28.07.2025","578,05","578,05","578,05","578,05","","0,72%"
"25.07.2025","573,91","573,91","573,91","573,91","","0,68%"
"24.07.2025","570,02","570,02","570,02","570,02","","0,02%"
"23.07.2025","569,92","569,92","569,92","569,92","","-0,66%"
"22.07.2025","573,70","573,70","573,70","573,70","","0,04%"
"21.07.2025","573,47","573,47","573,47","573,47","","0,22%"
"18.07.2025","572,24","572,24","572,24","572,24","","-0,09%"
"17.07.2025","572,77","572,77","572,77","572,77","","0,29%"
"16.07.2025","571,12","571,12","571,12","571,12","","-0,16%"
"15.07.2025","572,03","572,03","572,03","572,03","","-0,08%"
"14.07.2025","572,51","572,51","572,51","572,51","","0,01%"
"11.07.2025","572,45","572,45","572,45","572,45","","-1,28%"
"10.07.2025","579,88","579,88","579,88","579,88","","0,25%"
"09.07.2025","578,42","578,42","578,42","578,42","","1,03%"
"08.07.2025","572,53","572,53","572,53","572,53","","-0,29%"
"07.07.2025","574,18","574,18","574,18","574,18","","-0,39%"
"04.07.2025","576,42","576,42","576,42","576,42","","-0,15%"
"03.07.2025","577,27","577,27","577,27","577,27","","-0,30%"
"02.07.2025","579,02","579,02","579,02","579,02","","-0,55%"
"01.07.2025","582,21","582,21","582,21","582,21","","0,05%"
"30.06.2025","581,94","581,94","581,94","581,94","","0,38%"
"27.06.2025","579,75","579,75","579,75","579,75","","-0,80%"
"26.06.2025","584,42","584,42","584,42","584,42","","0,12%"
"25.06.2025","583,70","583,70","583,70","583,70","","-0,34%"
"24.06.2025","585,68","585,68","585,68","585,68","","0,39%"
"23.06.2025","583,41","583,41","583,41","583,41","","-0,17%"
"20.06.2025","584,38","584,38","584,38","584,38","","-0,42%"
"19.06.2025","586,85","586,85","586,85","586,85","","-0,11%"
"18.06.2025","587,49","587,49","587,49","587,49","","0,15%"
"17.06.2025","586,58","586,58","586,58","586,58","","1,88%"
"16.06.2025","575,78","575,78","575,78","575,78","","-0,99%"
"13.06.2025","581,51","581,51","581,51","581,51","","-0,71%"
"12.06.2025","585,65","585,65","585,65","585,65","","0,29%"
"11.06.2025","583,95","583,95","583,95","583,95","","-0,27%"
"10.06.2025","585,56","585,56","585,56","585,56","","0,44%"
"09.06.2025","582,96","582,96","582,96","582,96","","-0,14%"
"06.06.2025","583,77","583,77","583,77","583,77","","-0,77%"
"05.06.2025","588,31","588,31","588,31","588,31","","-0,16%"
"04.06.2025","589,26","589,26","589,26","589,26","","1,16%"
"03.06.2025","582,49","582,49","582,49","582,49","","0,51%"
"02.06.2025","579,56","579,56","579,56","579,56","","-1,80%"
"30.05.2025","590,19","590,19","590,19","590,19","","0,45%"
"29.05.2025","587,52","587,52","587,52","587,52","","0,15%"
"28.05.2025","586,62","586,62","586,62","586,62","","-0,13%"
"27.05.2025","587,40","587,40","587,40","587,40","","1,82%"
"26.05.2025","576,92","576,92","576,92","576,92","","-0,19%"
"23.05.2025","578,01","578,01","578,01","578,01","","-0,41%"
"22.05.2025","580,38","580,38","580,38","580,38","","0,94%"
"21.05.2025","574,99","574,99","574,99","574,99","","-2,11%"
"20.05.2025","587,40","587,40","587,40","587,40","","-1,04%"
"19.05.2025","593,59","593,59","593,59","593,59","","-1,02%"
"16.05.2025","599,70","599,70","599,70","599,70","","0,45%"
"15.05.2025","597,01","597,01","597,01","597,01","","0,73%"
"14.05.2025","592,70","592,70","592,70","592,70","","-0,52%"
"13.05.2025","595,81","595,81","595,81","595,81","","-1,28%"
"12.05.2025","603,53","603,53","603,53","603,53","","0,48%"
"09.05.2025","600,66","600,66","600,66","600,66","","-0,06%"
"08.05.2025","601,01","601,01","601,01","601,01","","-0,45%"
"07.05.2025","603,70","603,70","603,70","603,70","","1,05%"
"06.05.2025","597,46","597,46","597,46","597,46","","-0,17%"
"05.05.2025","598,50","598,50","598,50","598,50","","-0,75%"
"02.05.2025","603,01","603,01","603,01","603,01","","-1,08%"
"01.05.2025","609,58","609,58","609,58","609,58","","-0,08%"
"30.04.2025","610,04","610,04","610,04","610,04","","-0,40%"
"29.04.2025","612,51","612,51","612,51","612,51","","1,14%"
"28.04.2025","605,58","605,58","605,58","605,58","","0,13%"
"25.04.2025","604,78","604,78","604,78","604,78","","0,93%"
"24.04.2025","599,19","599,19","599,19","599,19","","0,29%"
"23.04.2025","597,44","597,44","597,44","597,44","","1,89%"
"22.04.2025","586,33","586,33","586,33","586,33","","1,35%"
"21.04.2025","578,53","578,53","578,53","578,53","","-2,75%"
"18.04.2025","594,90","594,90","594,90","594,90","","-0,21%"
"17.04.2025","596,14","596,14","596,14","596,14","","-0,64%"
"16.04.2025","599,99","599,99","599,99","599,99","","-0,42%"
"15.04.2025","602,49","602,49","602,49","602,49","","0,90%"
"14.04.2025","597,12","597,12","597,12","597,12","","0,80%"
"11.04.2025","592,37","592,37","592,37","592,37","","-1,05%"
"10.04.2025","598,63","598,63","598,63","598,63","","-4,69%"
"09.04.2025","628,09","628,09","628,09","628,09","","0,47%"
"08.04.2025","625,16","625,16","625,16","625,16","","-2,28%"
"07.04.2025","639,76","639,76","639,76","639,76","","-2,53%"
"04.04.2025","656,34","656,34","656,34","656,34","","1,98%"
"03.04.2025","643,61","643,61","643,61","643,61","","-1,12%"
"02.04.2025","650,90","650,90","650,90","650,90","","-0,62%"
"01.04.2025","654,96","654,96","654,96","654,96","","1,10%"
"31.03.2025","647,83","647,83","647,83","647,83","","1,02%"
"28.03.2025","641,30","641,30","641,30","641,30","","1,12%"
"27.03.2025","634,21","634,21","634,21","634,21","","-0,82%"
"26.03.2025","639,46","639,46","639,46","639,46","","-0,13%"
"24.03.2025","640,30","640,30","640,30","640,30","","-0,92%"
"21.03.2025","646,25","646,25","646,25","646,25","","-0,28%"
"20.03.2025","648,04","648,04","648,04","648,04","","0,63%"
"19.03.2025","643,98","643,98","643,98","643,98","","0,81%"
"18.03.2025","638,84","638,84","638,84","638,84","","-0,03%"
"17.03.2025","639,04","639,04","639,04","639,04","","0,07%"
"14.03.2025","638,62","638,62","638,62","638,62","","-0,80%"
"13.03.2025","643,79","643,79","643,79","643,79","","1,13%"
"12.03.2025","636,59","636,59","636,59","636,59","","-0,35%"
"11.03.2025","638,84","638,84","638,84","638,84","","-0,48%"
"07.03.2025","641,94","641,94","641,94","641,94","","-0,80%"
"06.03.2025","647,15","647,15","647,15","647,15","","-0,17%"
"05.03.2025","648,27","648,27","648,27","648,27","","-2,30%"
"04.03.2025","663,56","663,56","663,56","663,56","","-2,47%"
"03.03.2025","680,33","680,33","680,33","680,33","","-0,65%"
"28.02.2025","684,79","684,79","684,79","684,79","","1,58%"
"27.02.2025","674,16","674,16","674,16","674,16","","0,17%"
"26.02.2025","673,03","673,03","673,03","673,03","","0,88%"
"25.02.2025","667,18","667,18","667,18","667,18","","1,27%"
"24.02.2025","658,82","658,82","658,82","658,82","","0,24%"
"21.02.2025","657,26","657,26","657,26","657,26","","1,62%"
"20.02.2025","646,79","646,79","646,79","646,79","","-0,45%"
"19.02.2025","649,72","649,72","649,72","649,72","","0,36%"
"18.02.2025","647,41","647,41","647,41","647,41","","-0,82%"
"17.02.2025","652,76","652,76","652,76","652,76","","0,10%"
"14.02.2025","652,11","652,11","652,11","652,11","","0,28%"
"13.02.2025","650,31","650,31","650,31","650,31","","0,78%"
"12.02.2025","645,26","645,26","645,26","645,26","","-1,56%"
"11.02.2025","655,51","655,51","655,51","655,51","","-1,14%"
"10.02.2025","663,10","663,10","663,10","663,10","","-0,09%"
"07.02.2025","663,68","663,68","663,68","663,68","","-0,09%"
"06.02.2025","664,29","664,29","664,29","664,29","","0,20%"
"05.02.2025","662,97","662,97","662,97","662,97","","1,35%"
"04.02.2025","654,17","654,17","654,17","654,17","","-0,03%"
"03.02.2025","654,38","654,38","654,38","654,38","","0,82%"
"31.01.2025","649,04","649,04","649,04","649,04","","-0,19%"
"30.01.2025","650,30","650,30","650,30","650,30","","0,63%"
"29.01.2025","646,25","646,25","646,25","646,25","","-0,10%"
"28.01.2025","646,93","646,93","646,93","646,93","","0,44%"
"27.01.2025","644,11","644,11","644,11","644,11","","1,29%"
"24.01.2025","635,89","635,89","635,89","635,89","","-0,33%"
"23.01.2025","637,99","637,99","637,99","637,99","","-0,86%"
"22.01.2025","643,54","643,54","643,54","643,54","","-0,25%"
"21.01.2025","645,13","645,13","645,13","645,13","","0,75%"
"20.01.2025","640,31","640,31","640,31","640,31","","-1,36%"
"17.01.2025","649,14","649,14","649,14","649,14","","0,33%"
"16.01.2025","646,98","646,98","646,98","646,98","","0,30%"
"15.01.2025","645,02","645,02","645,02","645,02","","1,86%"
"14.01.2025","633,21","633,21","633,21","633,21","","-0,78%"
"13.01.2025","638,19","638,19","638,19","638,19","","-0,10%"
"10.01.2025","638,85","638,85","638,85","638,85","","-0,03%"
"09.01.2025","639,07","639,07","639,07","639,07","","0,04%"
"08.01.2025","638,80","638,80","638,80","638,80","","0,30%"
"07.01.2025","636,89","636,89","636,89","636,89","","-0,60%"
"06.01.2025","640,73","640,73","640,73","640,73","","-1,25%"
"03.01.2025","648,81","648,81","648,81","648,81","","-0,74%"
"02.01.2025","653,62","653,62","653,62","653,62","","0,79%"
"01.01.2025","648,49","648,49","648,49","648,49","","-0,01%"
"31.12.2024","648,53","648,53","648,53","648,53","","0,21%"
"30.12.2024","647,14","647,14","647,14","647,14","","1,02%"
"27.12.2024","640,63","640,63","640,63","640,63","","-0,80%"
"26.12.2024","645,78","645,78","645,78","645,78","","-0,23%"
"25.12.2024","647,25","647,25","647,25","647,25","","-0,05%"
"24.12.2024","647,61","647,61","647,61","647,61","","0,39%"
"23.12.2024","645,08","645,08","645,08","645,08","","-0,66%"
"20.12.2024","649,35","649,35","649,35","649,35","","-0,27%"
"19.12.2024","651,13","651,13","651,13","651,13","","-1,47%"
"18.12.2024","660,83","660,83","660,83","660,83","","0,15%"
"17.12.2024","659,85","659,85","659,85","659,85","","0,56%"
"16.12.2024","656,20","656,20","656,20","656,20","","0,07%"
"13.12.2024","655,76","655,76","655,76","655,76","","-1,31%"
"12.12.2024","664,50","664,50","664,50","664,50","","-0,87%"
"11.12.2024","670,34","670,34","670,34","670,34","","-0,69%"
"10.12.2024","674,97","674,97","674,97","674,97","","-0,26%"
"09.12.2024","676,75","676,75","676,75","676,75","","-0,68%"
"06.12.2024","681,41","681,41","681,41","681,41","","0,28%"
"05.12.2024","679,48","679,48","679,48","679,48","","-0,55%"
"04.12.2024","683,24","683,24","683,24","683,24","","1,05%"
"03.12.2024","676,15","676,15","676,15","676,15","","-0,98%"
"02.12.2024","682,86","682,86","682,86","682,86","","1,04%"
"29.11.2024","675,82","675,82","675,82","675,82","","0,75%"
"28.11.2024","670,80","670,80","670,80","670,80","","0,12%"
"27.11.2024","670,02","670,02","670,02","670,02","","-0,11%"
"26.11.2024","670,74","670,74","670,74","670,74","","-0,15%"
"25.11.2024","671,76","671,76","671,76","671,76","","1,75%"
"22.11.2024","660,19","660,19","660,19","660,19","","0,69%"
"21.11.2024","655,67","655,67","655,67","655,67","","0,48%"
"20.11.2024","652,52","652,52","652,52","652,52","","0,19%"
"19.11.2024","651,26","651,26","651,26","651,26","","0,51%"
"18.11.2024","647,96","647,96","647,96","647,96","","-0,40%"
"15.11.2024","650,59","650,59","650,59","650,59","","-0,41%"
"14.11.2024","653,28","653,28","653,28","653,28","","0,97%"
"13.11.2024","647,00","647,00","647,00","647,00","","-0,39%"
"12.11.2024","649,53","649,53","649,53","649,53","","-1,13%"
"11.11.2024","656,97","656,97","656,97","656,97","","0,16%"
"08.11.2024","655,92","655,92","655,92","655,92","","2,18%"
"07.11.2024","641,91","641,91","641,91","641,91","","0,40%"
"06.11.2024","639,34","639,34","639,34","639,34","","-0,86%"
"05.11.2024","644,88","644,88","644,88","644,88","","0,09%"
"04.11.2024","644,32","644,32","644,32","644,32","","1,06%"
"01.11.2024","637,54","637,54","637,54","637,54","","-0,97%"
"31.10.2024","643,76","643,76","643,76","643,76","","-0,05%"
"30.10.2024","644,10","644,10","644,10","644,10","","-0,01%"
"29.10.2024","644,14","644,14","644,14","644,14","","0,12%"
"28.10.2024","643,38","643,38","643,38","643,38","","-0,45%"
"25.10.2024","646,31","646,31","646,31","646,31","","-0,20%"
"24.10.2024","647,59","647,59","647,59","647,59","","0,20%"
"23.10.2024","646,30","646,30","646,30","646,30","","-0,10%"
"22.10.2024","646,94","646,94","646,94","646,94","","0,21%"
"21.10.2024","645,58","645,58","645,58","645,58","","-1,27%"
"18.10.2024","653,88","653,88","653,88","653,88","","-0,26%"
"17.10.2024","655,56","655,56","655,56","655,56","","-1,25%"
"16.10.2024","663,84","663,84","663,84","663,84","","0,62%"
"15.10.2024","659,72","659,72","659,72","659,72","","1,69%"
"14.10.2024","648,78","648,78","648,78","648,78","","0,05%"
"11.10.2024","648,48","648,48","648,48","648,48","","-0,38%"
"10.10.2024","650,95","650,95","650,95","650,95","","-0,44%"
"09.10.2024","653,83","653,83","653,83","653,83","","-0,24%"
"08.10.2024","655,42","655,42","655,42","655,42","","-0,03%"
"07.10.2024","655,60","655,60","655,60","655,60","","-0,61%"
"04.10.2024","659,62","659,62","659,62","659,62","","-0,82%"
"03.10.2024","665,09","665,09","665,09","665,09","","-0,78%"
"02.10.2024","670,30","670,30","670,30","670,30","","-0,59%"
"01.10.2024","674,29","674,29","674,29","674,29","","1,38%"
"30.09.2024","665,09","665,09","665,09","665,09","","-0,11%"
"27.09.2024","665,83","665,83","665,83","665,83","","0,56%"
"26.09.2024","662,10","662,10","662,10","662,10","","-0,14%"
"25.09.2024","663,04","663,04","663,04","663,04","","-0,38%"
"24.09.2024","665,56","665,56","665,56","665,56","","-0,57%"
"23.09.2024","669,37","669,37","669,37","669,37","","0,24%"
"20.09.2024","667,80","667,80","667,80","667,80","","-0,35%"
"19.09.2024","670,18","670,18","670,18","670,18","","-0,76%"
"18.09.2024","675,34","675,34","675,34","675,34","","-1,26%"
"17.09.2024","683,97","683,97","683,97","683,97","","-0,23%"
"16.09.2024","685,56","685,56","685,56","685,56","","0,38%"
"13.09.2024","682,98","682,98","682,98","682,98","","0,18%"
"12.09.2024","681,73","681,73","681,73","681,73","","-1,00%"
"11.09.2024","688,61","688,61","688,61","688,61","","0,00%"
"10.09.2024","688,60","688,60","688,60","688,60","","0,80%"
"09.09.2024","683,12","683,12","683,12","683,12","","0,85%"
"06.09.2024","677,37","677,37","677,37","677,37","","0,24%"
"05.09.2024","675,78","675,78","675,78","675,78","","0,36%"
"04.09.2024","673,34","673,34","673,34","673,34","","0,78%"
"03.09.2024","668,13","668,13","668,13","668,13","","1,65%"
"02.09.2024","657,26","657,26","657,26","657,26","","-0,21%"
"30.08.2024","658,61","658,61","658,61","658,61","","-0,63%"
"29.08.2024","662,76","662,76","662,76","662,76","","-0,01%"
"28.08.2024","662,86","662,86","662,86","662,86","","0,49%"
"27.08.2024","659,65","659,65","659,65","659,65","","-0,35%"
"26.08.2024","661,96","661,96","661,96","661,96","","0,02%"
"23.08.2024","661,86","661,86","661,86","661,86","","-0,11%"
"22.08.2024","662,60","662,60","662,60","662,60","","-0,64%"
"21.08.2024","666,85","666,85","666,85","666,85","","-0,24%"
"20.08.2024","668,45","668,45","668,45","668,45","","0,49%"
"19.08.2024","665,21","665,21","665,21","665,21","","-0,02%"
"16.08.2024","665,34","665,34","665,34","665,34","","-0,11%"
"15.08.2024","666,08","666,08","666,08","666,08","","-0,47%"
"14.08.2024","669,24","669,24","669,24","669,24","","0,45%"
"13.08.2024","666,27","666,27","666,27","666,27","","0,13%"
"12.08.2024","665,40","665,40","665,40","665,40","","0,22%"
"09.08.2024","663,93","663,93","663,93","663,93","","1,05%"
"08.08.2024","657,04","657,04","657,04","657,04","","-0,56%"
"07.08.2024","660,72","660,72","660,72","660,72","","-0,79%"
"06.08.2024","665,96","665,96","665,96","665,96","","-1,90%"
"05.08.2024","678,82","678,82","678,82","678,82","","0,29%"
"02.08.2024","676,87","676,87","676,87","676,87","","1,92%"
"01.08.2024","664,12","664,12","664,12","664,12","","1,23%"
"31.07.2024","656,04","656,04","656,04","656,04","","0,87%"
"30.07.2024","650,36","650,36","650,36","650,36","","0,38%"
"29.07.2024","647,91","647,91","647,91","647,91","","1,68%"
"26.07.2024","637,21","637,21","637,21","637,21","","-0,12%"
"25.07.2024","637,97","637,97","637,97","637,97","","0,75%"
"24.07.2024","633,25","633,25","633,25","633,25","","-0,97%"
"23.07.2024","639,43","639,43","639,43","639,43","","0,29%"
"22.07.2024","637,61","637,61","637,61","637,61","","-1,03%"
"19.07.2024","644,27","644,27","644,27","644,27","","0,17%"
"18.07.2024","643,15","643,15","643,15","643,15","","-0,37%"
"17.07.2024","645,56","645,56","645,56","645,56","","-0,22%"
"16.07.2024","646,98","646,98","646,98","646,98","","1,34%"
"15.07.2024","638,41","638,41","638,41","638,41","","-0,97%"
"12.07.2024","644,66","644,66","644,66","644,66","","-0,01%"
"11.07.2024","644,73","644,73","644,73","644,73","","0,67%"
"10.07.2024","640,44","640,44","640,44","640,44","","0,13%"
"09.07.2024","639,58","639,58","639,58","639,58","","-0,33%"
"08.07.2024","641,72","641,72","641,72","641,72","","0,34%"
"05.07.2024","639,56","639,56","639,56","639,56","","0,54%"
"04.07.2024","636,10","636,10","636,10","636,10","","-0,21%"
"03.07.2024","637,44","637,44","637,44","637,44","","0,90%"
"02.07.2024","631,74","631,74","631,74","631,74","","0,67%"
"01.07.2024","627,52","627,52","627,52","627,52","","-1,89%"
"28.06.2024","639,59","639,59","639,59","639,59","","-1,86%"
"27.06.2024","651,69","651,69","651,69","651,69","","0,11%"
"26.06.2024","650,94","650,94","650,94","650,94","","-1,05%"
"25.06.2024","657,88","657,88","657,88","657,88","","0,36%"
"24.06.2024","655,51","655,51","655,51","655,51","","-0,04%"
"21.06.2024","655,77","655,77","655,77","655,77","","0,10%"
"20.06.2024","655,09","655,09","655,09","655,09","","-0,30%"
"19.06.2024","657,08","657,08","657,08","657,08","","-0,03%"
"18.06.2024","657,25","657,25","657,25","657,25","","0,86%"
"17.06.2024","651,65","651,65","651,65","651,65","","-1,27%"
"14.06.2024","660,05","660,05","660,05","660,05","","1,23%"
"13.06.2024","652,00","652,00","652,00","652,00","","2,18%"
"12.06.2024","638,07","638,07","638,07","638,07","","0,12%"
"11.06.2024","637,30","637,30","637,30","637,30","","1,22%"
"10.06.2024","629,64","629,64","629,64","629,64","","-0,33%"
"07.06.2024","631,70","631,70","631,70","631,70","","-1,04%"
"06.06.2024","638,35","638,35","638,35","638,35","","-0,20%"
"05.06.2024","639,65","639,65","639,65","639,65","","0,79%"
"04.06.2024","634,66","634,66","634,66","634,66","","1,42%"
"03.06.2024","625,79","625,79","625,79","625,79","","0,84%"
"31.05.2024","620,56","620,56","620,56","620,56","","0,70%"
"30.05.2024","616,26","616,26","616,26","616,26","","0,58%"
"29.05.2024","612,68","612,68","612,68","612,68","","-0,67%"
"28.05.2024","616,84","616,84","616,84","616,84","","-1,28%"
"27.05.2024","624,84","624,84","624,84","624,84","","-0,11%"
"24.05.2024","625,51","625,51","625,51","625,51","","-0,11%"
"23.05.2024","626,21","626,21","626,21","626,21","","-0,55%"
"22.05.2024","629,66","629,66","629,66","629,66","","0,41%"
"21.05.2024","627,05","627,05","627,05","627,05","","0,54%"
"20.05.2024","623,66","623,66","623,66","623,66","","-0,21%"
"17.05.2024","624,96","624,96","624,96","624,96","","-0,70%"
"16.05.2024","629,40","629,40","629,40","629,40","","0,09%"
"15.05.2024","628,85","628,85","628,85","628,85","","0,84%"
"14.05.2024","623,61","623,61","623,61","623,61","","0,26%"
"13.05.2024","621,99","621,99","621,99","621,99","","0,05%"
"10.05.2024","621,68","621,68","621,68","621,68","","-0,39%"
"09.05.2024","624,14","624,14","624,14","624,14","","0,11%"
"08.05.2024","623,48","623,48","623,48","623,48","","-0,55%"
"07.05.2024","626,90","626,90","626,90","626,90","","0,79%"
"06.05.2024","621,99","621,99","621,99","621,99","","0,30%"
"03.05.2024","620,13","620,13","620,13","620,13","","0,66%"
"02.05.2024","616,04","616,04","616,04","616,04","","0,23%"
"01.05.2024","614,61","614,61","614,61","614,61","","0,22%"
"30.04.2024","613,23","613,23","613,23","613,23","","-0,26%"
"29.04.2024","614,81","614,81","614,81","614,81","","0,52%"
"26.04.2024","611,63","611,63","611,63","611,63","","0,91%"
"25.04.2024","606,10","606,10","606,10","606,10","","-0,96%"
"24.04.2024","611,97","611,97","611,97","611,97","","-0,71%"
"23.04.2024","616,32","616,32","616,32","616,32","","-0,49%"
"22.04.2024","619,37","619,37","619,37","619,37","","-0,19%"
"19.04.2024","620,54","620,54","620,54","620,54","","0,30%"
"18.04.2024","618,66","618,66","618,66","618,66","","-0,28%"
"17.04.2024","620,38","620,38","620,38","620,38","","0,58%"
"16.04.2024","616,79","616,79","616,79","616,79","","-0,58%"
"15.04.2024","620,38","620,38","620,38","620,38","","-1,35%"
"12.04.2024","628,90","628,90","628,90","628,90","","1,36%"
"11.04.2024","620,46","620,46","620,46","620,46","","-0,37%"
"10.04.2024","622,74","622,74","622,74","622,74","","-1,05%"
"09.04.2024","629,31","629,31","629,31","629,31","","0,94%"
"08.04.2024","623,46","623,46","623,46","623,46","","-0,25%"
"05.04.2024","625,02","625,02","625,02","625,02","","-1,35%"
"04.04.2024","633,56","633,56","633,56","633,56","","0,68%"
"03.04.2024","629,30","629,30","629,30","629,30","","-0,70%"
"02.04.2024","633,76","633,76","633,76","633,76","","-0,80%"
"01.04.2024","638,86","638,86","638,86","638,86","","-1,43%"
"29.03.2024","648,11","648,11","648,11","648,11","","-0,02%"
"28.03.2024","648,24","648,24","648,24","648,24","","0,39%"
"27.03.2024","645,73","645,73","645,73","645,73","","0,85%"
"26.03.2024","640,31","640,31","640,31","640,31","","0,40%"
"25.03.2024","637,74","637,74","637,74","637,74","","-0,75%"
"22.03.2024","642,56","642,56","642,56","642,56","","1,45%"
"21.03.2024","633,38","633,38","633,38","633,38","","0,71%"
"20.03.2024","628,93","628,93","628,93","628,93","","-0,55%"
"19.03.2024","632,43","632,43","632,43","632,43","","0,28%"
"18.03.2024","630,68","630,68","630,68","630,68","","-0,23%"
"15.03.2024","632,11","632,11","632,11","632,11","","-0,00%"
"14.03.2024","632,13","632,13","632,13","632,13","","-0,92%"
"13.03.2024","638,00","638,00","638,00","638,00","","-0,72%"
"12.03.2024","642,65","642,65","642,65","642,65","","-0,77%"
"11.03.2024","647,61","647,61","647,61","647,61","","-0,01%"
"08.03.2024","647,70","647,70","647,70","647,70","","-0,04%"
"07.03.2024","647,95","647,95","647,95","647,95","","-0,59%"
"06.03.2024","651,80","651,80","651,80","651,80","","0,17%"
"05.03.2024","650,68","650,68","650,68","650,68","","1,35%"
"04.03.2024","642,01","642,01","642,01","642,01","","-0,52%"
"01.03.2024","645,39","645,39","645,39","645,39","","0,23%"
"29.02.2024","643,92","643,92","643,92","643,92","","0,98%"
"28.02.2024","637,69","637,69","637,69","637,69","","0,70%"
"27.02.2024","633,24","633,24","633,24","633,24","","-0,65%"
"26.02.2024","637,35","637,35","637,35","637,35","","-0,57%"
"23.02.2024","641,04","641,04","641,04","641,04","","1,36%"
"22.02.2024","632,40","632,40","632,40","632,40","","0,39%"
"21.02.2024","629,98","629,98","629,98","629,98","","-0,78%"
"20.02.2024","634,91","634,91","634,91","634,91","","-0,17%"
"19.02.2024","635,99","635,99","635,99","635,99","","-0,02%"
"16.02.2024","636,09","636,09","636,09","636,09","","-0,52%"
"15.02.2024","639,40","639,40","639,40","639,40","","-0,02%"
"14.02.2024","639,53","639,53","639,53","639,53","","0,32%"
"13.02.2024","637,49","637,49","637,49","637,49","","-1,03%"
"12.02.2024","644,13","644,13","644,13","644,13","","0,25%"
"09.02.2024","642,55","642,55","642,55","642,55","","-0,21%"
"08.02.2024","643,89","643,89","643,89","643,89","","-0,65%"
"07.02.2024","648,13","648,13","648,13","648,13","","-0,58%"
"06.02.2024","651,89","651,89","651,89","651,89","","0,72%"
"05.02.2024","647,25","647,25","647,25","647,25","","-1,59%"
"02.02.2024","657,70","657,70","657,70","657,70","","-1,24%"
"01.02.2024","665,96","665,96","665,96","665,96","","1,37%"
"31.01.2024","656,94","656,94","656,94","656,94","","1,14%"
"30.01.2024","649,55","649,55","649,55","649,55","","0,78%"
"29.01.2024","644,49","644,49","644,49","644,49","","1,25%"
"26.01.2024","636,51","636,51","636,51","636,51","","-0,16%"
"25.01.2024","637,55","637,55","637,55","637,55","","0,85%"
"24.01.2024","632,16","632,16","632,16","632,16","","-0,83%"
"23.01.2024","637,48","637,48","637,48","637,48","","-0,58%"
"22.01.2024","641,20","641,20","641,20","641,20","","0,68%"
"19.01.2024","636,85","636,85","636,85","636,85","","0,13%"
"18.01.2024","636,02","636,02","636,02","636,02","","-0,83%"
"17.01.2024","641,37","641,37","641,37","641,37","","-0,23%"
"16.01.2024","642,82","642,82","642,82","642,82","","-0,99%"
"15.01.2024","649,26","649,26","649,26","649,26","","0,02%"
"12.01.2024","649,12","649,12","649,12","649,12","","0,03%"
"11.01.2024","648,94","648,94","648,94","648,94","","0,50%"
"10.01.2024","645,68","645,68","645,68","645,68","","-0,82%"
"09.01.2024","651,01","651,01","651,01","651,01","","-0,39%"
"08.01.2024","653,54","653,54","653,54","653,54","","0,80%"
"05.01.2024","648,32","648,32","648,32","648,32","","-0,92%"
"04.01.2024","654,33","654,33","654,33","654,33","","-1,64%"
"03.01.2024","665,26","665,26","665,26","665,26","","0,60%"
"02.01.2024","661,30","661,30","661,30","661,30","","-0,05%"
"01.01.2024","661,62","661,62","661,62","661,62","","-0,06%"
"29.12.2023","662,03","662,03","662,03","662,03","","-0,27%"
"28.12.2023","663,80","663,80","663,80","663,80","","-0,34%"
"27.12.2023","666,08","666,08","666,08","666,08","","1,09%"
"26.12.2023","658,91","658,91","658,91","658,91","","-0,10%"
"25.12.2023","659,56","659,56","659,56","659,56","","0,04%"
"22.12.2023","659,30","659,30","659,30","659,30","","-0,37%"
"21.12.2023","661,76","661,76","661,76","661,76","","-1,36%"
"20.12.2023","670,89","670,89","670,89","670,89","","1,15%"
"19.12.2023","663,29","663,29","663,29","663,29","","-0,03%"
"18.12.2023","663,51","663,51","663,51","663,51","","-1,00%"
"15.12.2023","670,22","670,22","670,22","670,22","","1,15%"
"14.12.2023","662,61","662,61","662,61","662,61","","1,42%"
"13.12.2023","653,32","653,32","653,32","653,32","","1,47%"
"12.12.2023","643,85","643,85","643,85","643,85","","-0,04%"
"11.12.2023","644,13","644,13","644,13","644,13","","-0,22%"
"08.12.2023","645,55","645,55","645,55","645,55","","-0,51%"
"07.12.2023","648,88","648,88","648,88","648,88","","-0,89%"
"06.12.2023","654,73","654,73","654,73","654,73","","1,67%"
"05.12.2023","643,97","643,97","643,97","643,97","","2,46%"
"04.12.2023","628,52","628,52","628,52","628,52","","0,09%"
"01.12.2023","627,98","627,98","627,98","627,98","","1,70%"
"30.11.2023","617,46","617,46","617,46","617,46","","-0,34%"
"29.11.2023","619,54","619,54","619,54","619,54","","1,44%"
"28.11.2023","610,76","610,76","610,76","610,76","","-0,19%"
"27.11.2023","611,94","611,94","611,94","611,94","","1,46%"
"24.11.2023","603,13","603,13","603,13","603,13","","-1,44%"
"23.11.2023","611,96","611,96","611,96","611,96","","-0,14%"
"22.11.2023","612,84","612,84","612,84","612,84","","0,55%"
"21.11.2023","609,50","609,50","609,50","609,50","","0,21%"
"20.11.2023","608,22","608,22","608,22","608,22","","0,31%"
"17.11.2023","606,32","606,32","606,32","606,32","","-0,03%"
"16.11.2023","606,53","606,53","606,53","606,53","","1,17%"
"15.11.2023","599,52","599,52","599,52","599,52","","-0,64%"
"13.11.2023","603,37","603,37","603,37","603,37","","-0,33%"
"10.11.2023","605,35","605,35","605,35","605,35","","0,40%"
"09.11.2023","602,96","602,96","602,96","602,96","","-1,85%"
"08.11.2023","614,34","614,34","614,34","614,34","","1,60%"
"07.11.2023","604,68","604,68","604,68","604,68","","1,50%"
"06.11.2023","595,74","595,74","595,74","595,74","","-0,72%"
"03.11.2023","600,05","600,05","600,05","600,05","","-0,33%"
"02.11.2023","602,02","602,02","602,02","602,02","","1,71%"
"01.11.2023","591,90","591,90","591,90","591,90","","2,13%"
"31.10.2023","579,54","579,54","579,54","579,54","","-0,16%"
"30.10.2023","580,47","580,47","580,47","580,47","","-0,89%"
"27.10.2023","585,71","585,71","585,71","585,71","","-0,37%"
"26.10.2023","587,91","587,91","587,91","587,91","","1,40%"
"25.10.2023","579,80","579,80","579,80","579,80","","-1,88%"
"24.10.2023","590,92","590,92","590,92","590,92","","1,96%"
"23.10.2023","579,55","579,55","579,55","579,55","","0,41%"
"20.10.2023","577,20","577,20","577,20","577,20","","0,34%"
"19.10.2023","575,22","575,22","575,22","575,22","","-2,38%"
"18.10.2023","589,23","589,23","589,23","589,23","","-0,43%"
"17.10.2023","591,75","591,75","591,75","591,75","","-1,27%"
"16.10.2023","599,34","599,34","599,34","599,34","","-1,93%"
"13.10.2023","611,13","611,13","611,13","611,13","","1,94%"
"12.10.2023","599,49","599,49","599,49","599,49","","-1,76%"
"11.10.2023","610,25","610,25","610,25","610,25","","1,92%"
"10.10.2023","598,75","598,75","598,75","598,75","","-0,24%"
"09.10.2023","600,20","600,20","600,20","600,20","","2,19%"
"06.10.2023","587,31","587,31","587,31","587,31","","-1,48%"
"05.10.2023","596,14","596,14","596,14","596,14","","-0,99%"
"04.10.2023","602,10","602,10","602,10","602,10","","1,00%"
"03.10.2023","596,16","596,16","596,16","596,16","","-2,04%"
"02.10.2023","608,58","608,58","608,58","608,58","","-0,68%"
"29.09.2023","612,74","612,74","612,74","612,74","","-0,07%"
"28.09.2023","613,15","613,15","613,15","613,15","","-0,36%"
"27.09.2023","615,36","615,36","615,36","615,36","","0,23%"
"26.09.2023","613,93","613,93","613,93","613,93","","-0,11%"
"25.09.2023","614,58","614,58","614,58","614,58","","-1,81%"
"22.09.2023","625,91","625,91","625,91","625,91","","0,86%"
"21.09.2023","620,55","620,55","620,55","620,55","","-2,50%"
"20.09.2023","636,43","636,43","636,43","636,43","","0,46%"
"19.09.2023","633,52","633,52","633,52","633,52","","-0,50%"
"18.09.2023","636,72","636,72","636,72","636,72","","0,14%"
"15.09.2023","635,83","635,83","635,83","635,83","","-0,65%"
"14.09.2023","639,98","639,98","639,98","639,98","","0,10%"
"13.09.2023","639,37","639,37","639,37","639,37","","0,22%"
"12.09.2023","637,97","637,97","637,97","637,97","","0,54%"
"11.09.2023","634,52","634,52","634,52","634,52","","-1,17%"
"08.09.2023","642,02","642,02","642,02","642,02","","0,41%"
"07.09.2023","639,41","639,41","639,41","639,41","","0,50%"
"06.09.2023","636,22","636,22","636,22","636,22","","0,16%"
"05.09.2023","635,22","635,22","635,22","635,22","","-0,69%"
"04.09.2023","639,62","639,62","639,62","639,62","","-0,18%"
"01.09.2023","640,79","640,79","640,79","640,79","","-0,93%"
"31.08.2023","646,78","646,78","646,78","646,78","","1,14%"
"30.08.2023","639,48","639,48","639,48","639,48","","-0,44%"
"29.08.2023","642,29","642,29","642,29","642,29","","0,37%"
"28.08.2023","639,90","639,90","639,90","639,90","","-0,08%"
"25.08.2023","640,39","640,39","640,39","640,39","","0,47%"
"24.08.2023","637,43","637,43","637,43","637,43","","-0,12%"
"23.08.2023","638,18","638,18","638,18","638,18","","2,32%"
"22.08.2023","623,71","623,71","623,71","623,71","","1,24%"
"21.08.2023","616,10","616,10","616,10","616,10","","-1,57%"
"18.08.2023","625,91","625,91","625,91","625,91","","0,50%"
"17.08.2023","622,81","622,81","622,81","622,81","","-0,42%"
"16.08.2023","625,44","625,44","625,44","625,44","","-0,47%"
"15.08.2023","628,38","628,38","628,38","628,38","","-0,62%"
"14.08.2023","632,28","632,28","632,28","632,28","","0,15%"
"11.08.2023","631,33","631,33","631,33","631,33","","0,07%"
"10.08.2023","630,86","630,86","630,86","630,86","","-1,70%"
"09.08.2023","641,75","641,75","641,75","641,75","","0,40%"
"08.08.2023","639,17","639,17","639,17","639,17","","1,60%"
"07.08.2023","629,11","629,11","629,11","629,11","","-0,93%"
"04.08.2023","635,02","635,02","635,02","635,02","","1,06%"
"03.08.2023","628,33","628,33","628,33","628,33","","-2,43%"
"02.08.2023","643,98","643,98","643,98","643,98","","-0,69%"
"01.08.2023","648,43","648,43","648,43","648,43","","-1,53%"
"31.07.2023","658,53","658,53","658,53","658,53","","0,44%"
"28.07.2023","655,62","655,62","655,62","655,62","","0,10%"
"27.07.2023","654,96","654,96","654,96","654,96","","-0,89%"
"26.07.2023","660,85","660,85","660,85","660,85","","-0,19%"
"25.07.2023","662,15","662,15","662,15","662,15","","-0,09%"
"24.07.2023","662,73","662,73","662,73","662,73","","0,17%"
"21.07.2023","661,62","661,62","661,62","661,62","","0,09%"
"20.07.2023","661,01","661,01","661,01","661,01","","-0,64%"
"19.07.2023","665,28","665,28","665,28","665,28","","1,49%"
"18.07.2023","655,53","655,53","655,53","655,53","","0,51%"
"17.07.2023","652,22","652,22","652,22","652,22","","-0,07%"
"14.07.2023","652,67","652,67","652,67","652,67","","-0,42%"
"13.07.2023","655,42","655,42","655,42","655,42","","0,02%"
"12.07.2023","655,29","655,29","655,29","655,29","","0,05%"
"11.07.2023","654,95","654,95","654,95","654,95","","0,42%"
"10.07.2023","652,25","652,25","652,25","652,25","","-0,25%"
"07.07.2023","653,86","653,86","653,86","653,86","","-1,31%"
"06.07.2023","662,54","662,54","662,54","662,54","","-1,69%"
"05.07.2023","673,96","673,96","673,96","673,96","","-0,87%"
"04.07.2023","679,90","679,90","679,90","679,90","","0,31%"
"03.07.2023","677,82","677,82","677,82","677,82","","-0,42%"
"30.06.2023","680,67","680,67","680,67","680,67","","0,78%"
"29.06.2023","675,39","675,39","675,39","675,39","","-1,36%"
"28.06.2023","684,74","684,74","684,74","684,74","","0,87%"
"27.06.2023","678,82","678,82","678,82","678,82","","-0,80%"
"26.06.2023","684,27","684,27","684,27","684,27","","0,00%"
"23.06.2023","684,26","684,26","684,26","684,26","","1,61%"
"22.06.2023","673,40","673,40","673,40","673,40","","-0,98%"
"21.06.2023","680,03","680,03","680,03","680,03","","-0,29%"
"20.06.2023","682,00","682,00","682,00","682,00","","1,61%"
"19.06.2023","671,22","671,22","671,22","671,22","","-0,83%"
"16.06.2023","676,84","676,84","676,84","676,84","","-0,10%"
"15.06.2023","677,54","677,54","677,54","677,54","","-0,19%"
"14.06.2023","678,84","678,84","678,84","678,84","","0,41%"
"13.06.2023","676,05","676,05","676,05","676,05","","-1,25%"
"12.06.2023","684,59","684,59","684,59","684,59","","0,10%"
"09.06.2023","683,93","683,93","683,93","683,93","","0,30%"
"08.06.2023","681,90","681,90","681,90","681,90","","0,30%"
"07.06.2023","679,89","679,89","679,89","679,89","","-1,49%"
"06.06.2023","690,19","690,19","690,19","690,19","","0,81%"
"05.06.2023","684,62","684,62","684,62","684,62","","-0,23%"
"02.06.2023","686,17","686,17","686,17","686,17","","-0,46%"
"01.06.2023","689,37","689,37","689,37","689,37","","-0,57%"
"31.05.2023","693,33","693,33","693,33","693,33","","1,38%"
"30.05.2023","683,91","683,91","683,91","683,91","","0,45%"
"29.05.2023","680,84","680,84","680,84","680,84","","0,67%"
"26.05.2023","676,34","676,34","676,34","676,34","","0,53%"
"25.05.2023","672,77","672,77","672,77","672,77","","0,12%"
"24.05.2023","672,00","672,00","672,00","672,00","","-0,22%"
"23.05.2023","673,44","673,44","673,44","673,44","","0,66%"
"22.05.2023","669,04","669,04","669,04","669,04","","-0,45%"
"19.05.2023","672,07","672,07","672,07","672,07","","-1,01%"
"18.05.2023","678,89","678,89","678,89","678,89","","0,02%"
"17.05.2023","678,73","678,73","678,73","678,73","","-0,01%"
"16.05.2023","678,82","678,82","678,82","678,82","","-0,24%"
"15.05.2023","680,47","680,47","680,47","680,47","","-1,28%"
"12.05.2023","689,27","689,27","689,27","689,27","","-0,19%"
"11.05.2023","690,57","690,57","690,57","690,57","","1,64%"
"10.05.2023","679,40","679,40","679,40","679,40","","0,76%"
"09.05.2023","674,27","674,27","674,27","674,27","","0,07%"
"08.05.2023","673,77","673,77","673,77","673,77","","-1,25%"
"05.05.2023","682,32","682,32","682,32","682,32","","-0,37%"
"04.05.2023","684,87","684,87","684,87","684,87","","-0,53%"
"03.05.2023","688,51","688,51","688,51","688,51","","-0,03%"
"02.05.2023","688,73","688,73","688,73","688,73","","2,14%"
"01.05.2023","674,31","674,31","674,31","674,31","","-2,50%"
"28.04.2023","691,60","691,60","691,60","691,60","","1,59%"
"27.04.2023","680,80","680,80","680,80","680,80","","-0,80%"
"26.04.2023","686,29","686,29","686,29","686,29","","-1,66%"
"25.04.2023","697,87","697,87","697,87","697,87","","2,07%"
"24.04.2023","683,72","683,72","683,72","683,72","","0,46%"
"21.04.2023","680,61","680,61","680,61","680,61","","-0,69%"
"20.04.2023","685,34","685,34","685,34","685,34","","0,75%"
"19.04.2023","680,20","680,20","680,20","680,20","","0,12%"
"18.04.2023","679,41","679,41","679,41","679,41","","-0,06%"
"17.04.2023","679,84","679,84","679,84","679,84","","-0,49%"
"14.04.2023","683,22","683,22","683,22","683,22","","-0,61%"
"13.04.2023","687,41","687,41","687,41","687,41","","-1,42%"
"12.04.2023","697,29","697,29","697,29","697,29","","-0,89%"
"11.04.2023","703,58","703,58","703,58","703,58","","-0,24%"
"10.04.2023","705,28","705,28","705,28","705,28","","0,16%"
"07.04.2023","704,17","704,17","704,17","704,17","","-1,16%"
"06.04.2023","712,41","712,41","712,41","712,41","","0,13%"
"05.04.2023","711,48","711,48","711,48","711,48","","1,33%"
"04.04.2023","702,14","702,14","702,14","702,14","","0,05%"
"03.04.2023","701,80","701,80","701,80","701,80","","-0,05%"
"31.03.2023","702,17","702,17","702,17","702,17","","2,09%"
"30.03.2023","687,80","687,80","687,80","687,80","","-0,01%"
"29.03.2023","687,89","687,89","687,89","687,89","","-0,24%"
"28.03.2023","689,57","689,57","689,57","689,57","","-0,28%"
"27.03.2023","691,51","691,51","691,51","691,51","","-2,54%"
"24.03.2023","709,55","709,55","709,55","709,55","","1,01%"
"23.03.2023","702,49","702,49","702,49","702,49","","0,23%"
"22.03.2023","700,91","700,91","700,91","700,91","","0,39%"
"21.03.2023","698,15","698,15","698,15","698,15","","-1,40%"
"20.03.2023","708,10","708,10","708,10","708,10","","-1,31%"
"17.03.2023","717,47","717,47","717,47","717,47","","0,95%"
"16.03.2023","710,71","710,71","710,71","710,71","","-0,79%"
"15.03.2023","716,37","716,37","716,37","716,37","","3,46%"
"14.03.2023","692,38","692,38","692,38","692,38","","-1,75%"
"13.03.2023","704,72","704,72","704,72","704,72","","-0,89%"
"10.03.2023","711,02","711,02","711,02","711,02","","2,76%"
"09.03.2023","691,94","691,94","691,94","691,94","","-0,10%"
"08.03.2023","692,65","692,65","692,65","692,65","","0,06%"
"07.03.2023","692,26","692,26","692,26","692,26","","1,95%"
"06.03.2023","679,01","679,01","679,01","679,01","","-1,17%"
"03.03.2023","687,03","687,03","687,03","687,03","","2,06%"
"02.03.2023","673,18","673,18","673,18","673,18","","-0,21%"
"01.03.2023","674,56","674,56","674,56","674,56","","-1,91%"
"28.02.2023","687,72","687,72","687,72","687,72","","0,75%"
"27.02.2023","682,62","682,62","682,62","682,62","","-0,37%"
"24.02.2023","685,13","685,13","685,13","685,13","","-0,66%"
"23.02.2023","689,66","689,66","689,66","689,66","","0,98%"
"22.02.2023","682,95","682,95","682,95","682,95","","1,35%"
"21.02.2023","673,87","673,87","673,87","673,87","","-1,52%"
"20.02.2023","684,24","684,24","684,24","684,24","","0,06%"
"17.02.2023","683,81","683,81","683,81","683,81","","0,53%"
"16.02.2023","680,18","680,18","680,18","680,18","","-1,15%"
"15.02.2023","688,07","688,07","688,07","688,07","","-0,38%"
"14.02.2023","690,71","690,71","690,71","690,71","","-0,37%"
"13.02.2023","693,25","693,25","693,25","693,25","","0,34%"
"10.02.2023","690,93","690,93","690,93","690,93","","-0,60%"
"09.02.2023","695,11","695,11","695,11","695,11","","-1,16%"
"08.02.2023","703,29","703,29","703,29","703,29","","0,66%"
"07.02.2023","698,69","698,69","698,69","698,69","","-0,74%"
"06.02.2023","703,93","703,93","703,93","703,93","","-0,15%"
"03.02.2023","704,96","704,96","704,96","704,96","","-0,16%"
"02.02.2023","706,10","706,10","706,10","706,10","","0,63%"
"01.02.2023","701,65","701,65","701,65","701,65","","0,82%"
"31.01.2023","695,96","695,96","695,96","695,96","","-0,17%"
"30.01.2023","697,14","697,14","697,14","697,14","","-0,24%"
"27.01.2023","698,85","698,85","698,85","698,85","","0,13%"
"26.01.2023","697,93","697,93","697,93","697,93","","0,18%"
"25.01.2023","696,70","696,70","696,70","696,70","","-0,32%"
"24.01.2023","698,96","698,96","698,96","698,96","","1,07%"
"23.01.2023","691,55","691,55","691,55","691,55","","-0,69%"
"20.01.2023","696,37","696,37","696,37","696,37","","-1,78%"
"19.01.2023","708,97","708,97","708,97","708,97","","-0,77%"
"18.01.2023","714,47","714,47","714,47","714,47","","1,87%"
"17.01.2023","701,36","701,36","701,36","701,36","","0,52%"
"16.01.2023","697,73","697,73","697,73","697,73","","-0,56%"
"13.01.2023","701,68","701,68","701,68","701,68","","-0,67%"
"12.01.2023","706,41","706,41","706,41","706,41","","1,05%"
"11.01.2023","699,07","699,07","699,07","699,07","","1,11%"
"10.01.2023","691,42","691,42","691,42","691,42","","-1,86%"
"09.01.2023","704,49","704,49","704,49","704,49","","-0,04%"
"06.01.2023","704,79","704,79","704,79","704,79","","0,73%"
"05.01.2023","699,65","699,65","699,65","699,65","","1,92%"
"04.01.2023","686,46","686,46","686,46","686,46","","0,77%"
"03.01.2023","681,21","681,21","681,21","681,21","","1,93%"
"02.01.2023","668,28","668,28","668,28","668,28","","0,39%"
"30.12.2022","665,71","665,71","665,71","665,71","","-0,61%"
"29.12.2022","669,80","669,80","669,80","669,80","","0,45%"
"28.12.2022","666,77","666,77","666,77","666,77","","-0,29%"
"27.12.2022","668,73","668,73","668,73","668,73","","-2,11%"
"26.12.2022","683,17","683,17","683,17","683,17","","-0,19%"
"23.12.2022","684,45","684,45","684,45","684,45","","-1,87%"
"22.12.2022","697,48","697,48","697,48","697,48","","0,46%"
"21.12.2022","694,27","694,27","694,27","694,27","","0,03%"
"20.12.2022","694,05","694,05","694,05","694,05","","-2,10%"
"19.12.2022","708,97","708,97","708,97","708,97","","-1,80%"
"16.12.2022","721,93","721,93","721,93","721,93","","-0,24%"
"15.12.2022","723,67","723,67","723,67","723,67","","1,36%"
"14.12.2022","713,96","713,96","713,96","713,96","","-0,72%"
"13.12.2022","719,13","719,13","719,13","719,13","","-0,01%"
"12.12.2022","719,20","719,20","719,20","719,20","","-0,50%"
"09.12.2022","722,79","722,79","722,79","722,79","","-1,41%"
"08.12.2022","733,15","733,15","733,15","733,15","","-1,21%"
"07.12.2022","742,16","742,16","742,16","742,16","","1,64%"
"06.12.2022","730,19","730,19","730,19","730,19","","1,90%"
"05.12.2022","716,58","716,58","716,58","716,58","","-0,54%"
"02.12.2022","720,48","720,48","720,48","720,48","","1,18%"
"01.12.2022","712,09","712,09","712,09","712,09","","2,28%"
"30.11.2022","696,23","696,23","696,23","696,23","","-1,08%"
"29.11.2022","703,85","703,85","703,85","703,85","","-0,87%"
"28.11.2022","709,99","709,99","709,99","709,99","","0,62%"
"25.11.2022","705,58","705,58","705,58","705,58","","-0,62%"
"24.11.2022","709,95","709,95","709,95","709,95","","-0,12%"
"23.11.2022","710,77","710,77","710,77","710,77","","0,69%"
"22.11.2022","705,92","705,92","705,92","705,92","","0,83%"
"21.11.2022","700,09","700,09","700,09","700,09","","1,25%"
"18.11.2022","691,44","691,44","691,44","691,44","","-0,29%"
"17.11.2022","693,44","693,44","693,44","693,44","","-0,18%"
"16.11.2022","694,69","694,69","694,69","694,69","","1,81%"
"15.11.2022","682,32","682,32","682,32","682,32","","1,19%"
"14.11.2022","674,27","674,27","674,27","674,27","","-0,03%"
"11.11.2022","674,49","674,49","674,49","674,49","","-1,32%"
"10.11.2022","683,54","683,54","683,54","683,54","","2,40%"
"09.11.2022","667,51","667,51","667,51","667,51","","-0,45%"
"08.11.2022","670,51","670,51","670,51","670,51","","0,45%"
"07.11.2022","667,50","667,50","667,50","667,50","","-1,75%"
"04.11.2022","679,38","679,38","679,38","679,38","","-3,73%"
"03.11.2022","705,70","705,70","705,70","705,70","","0,17%"
"02.11.2022","704,53","704,53","704,53","704,53","","0,61%"
"01.11.2022","700,26","700,26","700,26","700,26","","1,58%"
"31.10.2022","689,35","689,35","689,35","689,35","","-0,57%"
"28.10.2022","693,33","693,33","693,33","693,33","","-0,61%"
"27.10.2022","697,59","697,59","697,59","697,59","","2,46%"
"26.10.2022","680,87","680,87","680,87","680,87","","0,70%"
"25.10.2022","676,14","676,14","676,14","676,14","","0,85%"
"24.10.2022","670,42","670,42","670,42","670,42","","-1,16%"
"21.10.2022","678,29","678,29","678,29","678,29","","-2,32%"
"20.10.2022","694,40","694,40","694,40","694,40","","-1,69%"
"19.10.2022","706,31","706,31","706,31","706,31","","-1,08%"
"18.10.2022","714,03","714,03","714,03","714,03","","-0,25%"
"17.10.2022","715,79","715,79","715,79","715,79","","-1,92%"
"14.10.2022","729,80","729,80","729,80","729,80","","-0,20%"
"13.10.2022","731,26","731,26","731,26","731,26","","-1,52%"
"12.10.2022","742,54","742,54","742,54","742,54","","0,28%"
"11.10.2022","740,49","740,49","740,49","740,49","","0,67%"
"10.10.2022","735,59","735,59","735,59","735,59","","-1,36%"
"07.10.2022","745,77","745,77","745,77","745,77","","-0,40%"
"06.10.2022","748,75","748,75","748,75","748,75","","0,46%"
"05.10.2022","745,31","745,31","745,31","745,31","","-0,44%"
"04.10.2022","748,60","748,60","748,60","748,60","","-1,23%"
"03.10.2022","757,94","757,94","757,94","757,94","","0,85%"
"30.09.2022","751,55","751,55","751,55","751,55","","-1,14%"
"29.09.2022","760,19","760,19","760,19","760,19","","-1,03%"
"28.09.2022","768,14","768,14","768,14","768,14","","1,30%"
"27.09.2022","758,28","758,28","758,28","758,28","","-2,27%"
"26.09.2022","775,88","775,88","775,88","775,88","","-0,71%"
"23.09.2022","781,40","781,40","781,40","781,40","","2,04%"
"22.09.2022","765,82","765,82","765,82","765,82","","-2,20%"
"21.09.2022","783,06","783,06","783,06","783,06","","2,54%"
"20.09.2022","763,63","763,63","763,63","763,63","","-0,90%"
"19.09.2022","770,59","770,59","770,59","770,59","","0,20%"
"16.09.2022","769,07","769,07","769,07","769,07","","-0,87%"
"15.09.2022","775,80","775,80","775,80","775,80","","-0,42%"
"14.09.2022","779,03","779,03","779,03","779,03","","0,68%"
"13.09.2022","773,79","773,79","773,79","773,79","","1,61%"
"12.09.2022","761,54","761,54","761,54","761,54","","-1,85%"
"09.09.2022","775,87","775,87","775,87","775,87","","-0,71%"
"08.09.2022","781,41","781,41","781,41","781,41","","-0,63%"
"07.09.2022","786,39","786,39","786,39","786,39","","0,53%"
"06.09.2022","782,23","782,23","782,23","782,23","","-1,78%"
"05.09.2022","796,44","796,44","796,44","796,44","","0,26%"
"02.09.2022","794,37","794,37","794,37","794,37","","0,53%"
"01.09.2022","790,21","790,21","790,21","790,21","","-1,14%"
"31.08.2022","799,36","799,36","799,36","799,36","","-1,07%"
"30.08.2022","807,99","807,99","807,99","807,99","","0,36%"
"29.08.2022","805,12","805,12","805,12","805,12","","-1,13%"
"26.08.2022","814,28","814,28","814,28","814,28","","0,72%"
"25.08.2022","808,44","808,44","808,44","808,44","","1,60%"
"24.08.2022","795,74","795,74","795,74","795,74","","-1,21%"
"23.08.2022","805,49","805,49","805,49","805,49","","-0,52%"
"22.08.2022","809,70","809,70","809,70","809,70","","0,57%"
"19.08.2022","805,08","805,08","805,08","805,08","","-1,08%"
"18.08.2022","813,90","813,90","813,90","813,90","","1,07%"
"17.08.2022","805,29","805,29","805,29","805,29","","-0,71%"
"16.08.2022","811,04","811,04","811,04","811,04","","-0,48%"
"15.08.2022","814,95","814,95","814,95","814,95","","1,43%"
"12.08.2022","803,43","803,43","803,43","803,43","","1,39%"
"11.08.2022","792,38","792,38","792,38","792,38","","-2,73%"
"10.08.2022","814,62","814,62","814,62","814,62","","-1,54%"
"09.08.2022","827,35","827,35","827,35","827,35","","-0,29%"
"08.08.2022","829,77","829,77","829,77","829,77","","1,19%"
"05.08.2022","820,01","820,01","820,01","820,01","","-1,39%"
"04.08.2022","831,53","831,53","831,53","831,53","","-0,46%"
"03.08.2022","835,41","835,41","835,41","835,41","","0,15%"
"02.08.2022","834,15","834,15","834,15","834,15","","-0,21%"
"01.08.2022","835,90","835,90","835,90","835,90","","0,63%"
"29.07.2022","830,66","830,66","830,66","830,66","","1,03%"
"28.07.2022","822,23","822,23","822,23","822,23","","-0,67%"
"27.07.2022","827,75","827,75","827,75","827,75","","-0,73%"
"26.07.2022","833,82","833,82","833,82","833,82","","1,88%"
"25.07.2022","818,39","818,39","818,39","818,39","","-1,14%"
"22.07.2022","827,82","827,82","827,82","827,82","","1,71%"
"21.07.2022","813,94","813,94","813,94","813,94","","1,44%"
"20.07.2022","802,36","802,36","802,36","802,36","","0,60%"
"19.07.2022","797,55","797,55","797,55","797,55","","-1,62%"
"18.07.2022","810,64","810,64","810,64","810,64","","-1,32%"
"15.07.2022","821,45","821,45","821,45","821,45","","-0,49%"
"14.07.2022","825,46","825,46","825,46","825,46","","-0,27%"
"13.07.2022","827,67","827,67","827,67","827,67","","1,14%"
"12.07.2022","818,32","818,32","818,32","818,32","","0,88%"
"11.07.2022","811,17","811,17","811,17","811,17","","3,20%"
"08.07.2022","786,03","786,03","786,03","786,03","","-1,60%"
"07.07.2022","798,81","798,81","798,81","798,81","","-1,30%"
"06.07.2022","809,31","809,31","809,31","809,31","","-0,82%"
"05.07.2022","816,04","816,04","816,04","816,04","","3,89%"
"04.07.2022","785,51","785,51","785,51","785,51","","-0,33%"
"01.07.2022","788,14","788,14","788,14","788,14","","0,39%"
"30.06.2022","785,04","785,04","785,04","785,04","","1,35%"
"29.06.2022","774,55","774,55","774,55","774,55","","2,75%"
"28.06.2022","753,83","753,83","753,83","753,83","","0,49%"
"27.06.2022","750,16","750,16","750,16","750,16","","-1,17%"
"24.06.2022","759,04","759,04","759,04","759,04","","-1,75%"
"23.06.2022","772,59","772,59","772,59","772,59","","1,62%"
"22.06.2022","760,28","760,28","760,28","760,28","","2,53%"
"21.06.2022","741,51","741,51","741,51","741,51","","-1,01%"
"20.06.2022","749,10","749,10","749,10","749,10","","-1,08%"
"17.06.2022","757,26","757,26","757,26","757,26","","1,80%"
"16.06.2022","743,85","743,85","743,85","743,85","","-0,07%"
"15.06.2022","744,37","744,37","744,37","744,37","","0,20%"
"14.06.2022","742,89","742,89","742,89","742,89","","-1,27%"
"13.06.2022","752,43","752,43","752,43","752,43","","-2,27%"
"10.06.2022","769,91","769,91","769,91","769,91","","0,42%"
"09.06.2022","766,72","766,72","766,72","766,72","","1,13%"
"08.06.2022","758,12","758,12","758,12","758,12","","-1,24%"
"07.06.2022","767,67","767,67","767,67","767,67","","1,32%"
"06.06.2022","757,65","757,65","757,65","757,65","","-1,29%"
"03.06.2022","767,57","767,57","767,57","767,57","","-0,47%"
"02.06.2022","771,21","771,21","771,21","771,21","","-0,87%"
"01.06.2022","777,94","777,94","777,94","777,94","","0,43%"
"31.05.2022","774,58","774,58","774,58","774,58","","-0,56%"
"30.05.2022","778,92","778,92","778,92","778,92","","-0,46%"
"27.05.2022","782,49","782,49","782,49","782,49","","0,29%"
"26.05.2022","780,26","780,26","780,26","780,26","","-0,91%"
"25.05.2022","787,42","787,42","787,42","787,42","","0,66%"
"24.05.2022","782,27","782,27","782,27","782,27","","1,51%"
"23.05.2022","770,65","770,65","770,65","770,65","","-2,61%"
"20.05.2022","791,28","791,28","791,28","791,28","","1,72%"
"19.05.2022","777,92","777,92","777,92","777,92","","-1,11%"
"18.05.2022","786,63","786,63","786,63","786,63","","2,71%"
"17.05.2022","765,91","765,91","765,91","765,91","","-2,75%"
"16.05.2022","787,54","787,54","787,54","787,54","","-0,05%"
"13.05.2022","787,97","787,97","787,97","787,97","","-2,80%"
"12.05.2022","810,67","810,67","810,67","810,67","","2,47%"
"11.05.2022","791,14","791,14","791,14","791,14","","1,96%"
"10.05.2022","775,95","775,95","775,95","775,95","","1,91%"
"09.05.2022","761,40","761,40","761,40","761,40","","0,24%"
"06.05.2022","759,60","759,60","759,60","759,60","","-1,29%"
"05.05.2022","769,49","769,49","769,49","769,49","","-2,46%"
"04.05.2022","788,87","788,87","788,87","788,87","","-0,87%"
"03.05.2022","795,81","795,81","795,81","795,81","","0,09%"
"02.05.2022","795,07","795,07","795,07","795,07","","-2,01%"
"29.04.2022","811,36","811,36","811,36","811,36","","-0,76%"
"28.04.2022","817,61","817,61","817,61","817,61","","0,17%"
"27.04.2022","816,19","816,19","816,19","816,19","","-0,05%"
"26.04.2022","816,58","816,58","816,58","816,58","","1,25%"
"25.04.2022","806,49","806,49","806,49","806,49","","1,82%"
"22.04.2022","792,09","792,09","792,09","792,09","","0,18%"
"21.04.2022","790,70","790,70","790,70","790,70","","-1,04%"
"20.04.2022","799,00","799,00","799,00","799,00","","-0,58%"
"19.04.2022","803,68","803,68","803,68","803,68","","-0,81%"
"18.04.2022","810,21","810,21","810,21","810,21","","-0,49%"
"15.04.2022","814,19","814,19","814,19","814,19","","0,22%"
"14.04.2022","812,44","812,44","812,44","812,44","","-1,68%"
"13.04.2022","826,32","826,32","826,32","826,32","","0,11%"
"12.04.2022","825,39","825,39","825,39","825,39","","0,41%"
"11.04.2022","822,02","822,02","822,02","822,02","","-1,61%"
"08.04.2022","835,50","835,50","835,50","835,50","","-1,16%"
"07.04.2022","845,30","845,30","845,30","845,30","","-1,06%"
"06.04.2022","854,33","854,33","854,33","854,33","","-0,94%"
"05.04.2022","862,43","862,43","862,43","862,43","","-1,67%"
"04.04.2022","877,03","877,03","877,03","877,03","","-0,46%"
"01.04.2022","881,06","881,06","881,06","881,06","","0,63%"
"31.03.2022","875,52","875,52","875,52","875,52","","1,56%"
"30.03.2022","862,11","862,11","862,11","862,11","","0,31%"
"29.03.2022","859,48","859,48","859,48","859,48","","0,08%"
"28.03.2022","858,77","858,77","858,77","858,77","","0,71%"
"25.03.2022","852,74","852,74","852,74","852,74","","-1,79%"
"24.03.2022","868,30","868,30","868,30","868,30","","0,24%"
"23.03.2022","866,18","866,18","866,18","866,18","","1,78%"
"22.03.2022","851,04","851,04","851,04","851,04","","-1,30%"
"21.03.2022","862,28","862,28","862,28","862,28","","-2,12%"
"18.03.2022","880,96","880,96","880,96","880,96","","1,78%"
"17.03.2022","865,59","865,59","865,59","865,59","","-1,08%"
"16.03.2022","875,01","875,01","875,01","875,01","","0,24%"
"15.03.2022","872,94","872,94","872,94","872,94","","-0,69%"
"14.03.2022","879,02","879,02","879,02","879,02","","-2,63%"
"11.03.2022","902,74","902,74","902,74","902,74","","1,31%"
"10.03.2022","891,04","891,04","891,04","891,04","","-1,10%"
"09.03.2022","900,92","900,92","900,92","900,92","","-2,84%"
"08.03.2022","927,26","927,26","927,26","927,26","","-2,39%"
"07.03.2022","949,94","949,94","949,94","949,94","","0,61%"
"04.03.2022","944,17","944,17","944,17","944,17","","3,03%"
"03.03.2022","916,42","916,42","916,42","916,42","","0,66%"
"02.03.2022","910,40","910,40","910,40","910,40","","-2,67%"
"01.03.2022","935,40","935,40","935,40","935,40","","2,50%"
"28.02.2022","912,58","912,58","912,58","912,58","","3,03%"
"25.02.2022","885,72","885,72","885,72","885,72","","-0,69%"
"24.02.2022","891,88","891,88","891,88","891,88","","0,63%"
"23.02.2022","886,31","886,31","886,31","886,31","","-0,35%"
"22.02.2022","889,39","889,39","889,39","889,39","","-0,35%"
"21.02.2022","892,48","892,48","892,48","892,48","","0,10%"
"18.02.2022","891,56","891,56","891,56","891,56","","1,76%"
"17.02.2022","876,14","876,14","876,14","876,14","","1,24%"
"16.02.2022","865,45","865,45","865,45","865,45","","-0,21%"
"15.02.2022","867,29","867,29","867,29","867,29","","-1,79%"
"14.02.2022","883,13","883,13","883,13","883,13","","-0,66%"
"11.02.2022","889,01","889,01","889,01","889,01","","1,65%"
"10.02.2022","874,55","874,55","874,55","874,55","","-1,74%"
"09.02.2022","890,03","890,03","890,03","890,03","","0,36%"
"08.02.2022","886,86","886,86","886,86","886,86","","-0,47%"
"07.02.2022","891,07","891,07","891,07","891,07","","0,36%"
"04.02.2022","887,87","887,87","887,87","887,87","","-1,99%"
"03.02.2022","905,87","905,87","905,87","905,87","","-2,31%"
"02.02.2022","927,24","927,24","927,24","927,24","","0,38%"
"01.02.2022","923,76","923,76","923,76","923,76","","-0,88%"
"31.01.2022","932,01","932,01","932,01","932,01","","-1,14%"
"28.01.2022","942,71","942,71","942,71","942,71","","0,20%"
"27.01.2022","940,87","940,87","940,87","940,87","","2,56%"
"26.01.2022","917,40","917,40","917,40","917,40","","-0,24%"
"25.01.2022","919,59","919,59","919,59","919,59","","-0,80%"
"24.01.2022","926,97","926,97","926,97","926,97","","1,43%"
"21.01.2022","913,90","913,90","913,90","913,90","","-0,25%"
"20.01.2022","916,17","916,17","916,17","916,17","","0,23%"
"19.01.2022","914,07","914,07","914,07","914,07","","0,92%"
"18.01.2022","905,78","905,78","905,78","905,78","","-0,84%"
"17.01.2022","913,49","913,49","913,49","913,49","","0,07%"
"14.01.2022","912,88","912,88","912,88","912,88","","-1,01%"
"13.01.2022","922,19","922,19","922,19","922,19","","0,32%"
"12.01.2022","919,28","919,28","919,28","919,28","","-0,68%"
"11.01.2022","925,54","925,54","925,54","925,54","","0,47%"
"10.01.2022","921,19","921,19","921,19","921,19","","-0,03%"
"07.01.2022","921,47","921,47","921,47","921,47","","-0,24%"
"06.01.2022","923,69","923,69","923,69","923,69","","0,05%"
"05.01.2022","923,21","923,21","923,21","923,21","","-0,44%"
"04.01.2022","927,26","927,26","927,26","927,26","","-1,28%"
"03.01.2022","939,32","939,32","939,32","939,32","","-2,22%"
"31.12.2021","960,64","960,64","960,64","960,64","","0,44%"
"30.12.2021","956,47","956,47","956,47","956,47","","0,89%"
"29.12.2021","947,99","947,99","947,99","947,99","","-1,51%"
"28.12.2021","962,54","962,54","962,54","962,54","","-0,21%"
"27.12.2021","964,59","964,59","964,59","964,59","","0,42%"
"24.12.2021","960,55","960,55","960,55","960,55","","0,11%"
"23.12.2021","959,47","959,47","959,47","959,47","","-0,03%"
"22.12.2021","959,76","959,76","959,76","959,76","","0,55%"
"21.12.2021","954,52","954,52","954,52","954,52","","-1,18%"
"20.12.2021","965,92","965,92","965,92","965,92","","-1,00%"
"17.12.2021","975,73","975,73","975,73","975,73","","1,83%"
"16.12.2021","958,23","958,23","958,23","958,23","","-0,54%"
"15.12.2021","963,42","963,42","963,42","963,42","","-1,03%"
"14.12.2021","973,47","973,47","973,47","973,47","","0,10%"
"13.12.2021","972,48","972,48","972,48","972,48","","1,88%"
"10.12.2021","954,55","954,55","954,55","954,55","","-0,54%"
"09.12.2021","959,77","959,77","959,77","959,77","","0,65%"
"08.12.2021","953,61","953,61","953,61","953,61","","-2,45%"
"07.12.2021","977,53","977,53","977,53","977,53","","-0,63%"
"06.12.2021","983,69","983,69","983,69","983,69","","-1,63%"
"03.12.2021","999,99","999,99","999,99","999,99","","2,03%"
"02.12.2021","980,10","980,10","980,10","980,10","","0,37%"
"01.12.2021","976,44","976,44","976,44","976,44","","0,33%"
"30.11.2021","973,19","973,19","973,19","973,19","","1,73%"
"29.11.2021","956,60","956,60","956,60","956,60","","-0,88%"
"26.11.2021","965,04","965,04","965,04","965,04","","1,97%"
"25.11.2021","946,43","946,43","946,43","946,43","","0,14%"
"24.11.2021","945,10","945,10","945,10","945,10","","0,44%"
"23.11.2021","940,93","940,93","940,93","940,93","","-1,12%"
"22.11.2021","951,60","951,60","951,60","951,60","","-1,12%"
"19.11.2021","962,39","962,39","962,39","962,39","","2,23%"
"18.11.2021","941,41","941,41","941,41","941,41","","0,11%"
"17.11.2021","940,40","940,40","940,40","940,40","","0,47%"
"16.11.2021","935,97","935,97","935,97","935,97","","0,16%"
"15.11.2021","934,44","934,44","934,44","934,44","","-0,38%"
"12.11.2021","938,02","938,02","938,02","938,02","","-0,81%"
"11.11.2021","945,67","945,67","945,67","945,67","","0,17%"
"10.11.2021","944,03","944,03","944,03","944,03","","-1,17%"
"09.11.2021","955,19","955,19","955,19","955,19","","1,46%"
"08.11.2021","941,42","941,42","941,42","941,42","","-0,21%"
"05.11.2021","943,42","943,42","943,42","943,42","","1,64%"
"04.11.2021","928,23","928,23","928,23","928,23","","1,02%"
"03.11.2021","918,85","918,85","918,85","918,85","","-0,89%"
"02.11.2021","927,13","927,13","927,13","927,13","","0,47%"
"01.11.2021","922,77","922,77","922,77","922,77","","-0,98%"
"29.10.2021","931,89","931,89","931,89","931,89","","1,54%"
"28.10.2021","917,80","917,80","917,80","917,80","","-1,11%"
"27.10.2021","928,10","928,10","928,10","928,10","","2,40%"
"26.10.2021","906,37","906,37","906,37","906,37","","0,85%"
"25.10.2021","898,76","898,76","898,76","898,76","","0,50%"
"22.10.2021","894,27","894,27","894,27","894,27","","0,61%"
"21.10.2021","888,86","888,86","888,86","888,86","","-0,12%"
"20.10.2021","889,94","889,94","889,94","889,94","","-0,70%"
"19.10.2021","896,17","896,17","896,17","896,17","","-1,72%"
"18.10.2021","911,86","911,86","911,86","911,86","","0,67%"
"15.10.2021","905,82","905,82","905,82","905,82","","-0,58%"
"14.10.2021","911,13","911,13","911,13","911,13","","0,33%"
"13.10.2021","908,10","908,10","908,10","908,10","","0,87%"
"12.10.2021","900,25","900,25","900,25","900,25","","1,71%"
"11.10.2021","885,15","885,15","885,15","885,15","","-0,11%"
"08.10.2021","886,17","886,17","886,17","886,17","","-0,72%"
"07.10.2021","892,62","892,62","892,62","892,62","","-1,18%"
"06.10.2021","903,28","903,28","903,28","903,28","","0,88%"
"05.10.2021","895,40","895,40","895,40","895,40","","-0,95%"
"04.10.2021","903,96","903,96","903,96","903,96","","-0,40%"
"01.10.2021","907,59","907,59","907,59","907,59","","1,05%"
"30.09.2021","898,17","898,17","898,17","898,17","","0,03%"
"29.09.2021","897,89","897,89","897,89","897,89","","0,38%"
"28.09.2021","894,49","894,49","894,49","894,49","","-1,55%"
"27.09.2021","908,59","908,59","908,59","908,59","","-0,01%"
"24.09.2021","908,68","908,68","908,68","908,68","","-1,19%"
"23.09.2021","919,66","919,66","919,66","919,66","","-2,12%"
"22.09.2021","939,54","939,54","939,54","939,54","","0,53%"
"21.09.2021","934,55","934,55","934,55","934,55","","-0,20%"
"20.09.2021","936,46","936,46","936,46","936,46","","1,43%"
"17.09.2021","923,29","923,29","923,29","923,29","","-0,31%"
"16.09.2021","926,13","926,13","926,13","926,13","","0,18%"
"15.09.2021","924,46","924,46","924,46","924,46","","-0,50%"
"14.09.2021","929,07","929,07","929,07","929,07","","1,23%"
"13.09.2021","917,77","917,77","917,77","917,77","","0,73%"
"10.09.2021","911,09","911,09","911,09","911,09","","-0,68%"
"09.09.2021","917,37","917,37","917,37","917,37","","1,12%"
"08.09.2021","907,19","907,19","907,19","907,19","","0,96%"
"07.09.2021","898,58","898,58","898,58","898,58","","-0,51%"
"06.09.2021","903,17","903,17","903,17","903,17","","0,12%"
"03.09.2021","902,06","902,06","902,06","902,06","","-0,84%"
"02.09.2021","909,69","909,69","909,69","909,69","","-0,04%"
"01.09.2021","910,03","910,03","910,03","910,03","","-0,06%"
"31.08.2021","910,62","910,62","910,62","910,62","","-0,70%"
"30.08.2021","917,01","917,01","917,01","917,01","","0,40%"
"27.08.2021","913,39","913,39","913,39","913,39","","0,15%"
"26.08.2021","912,07","912,07","912,07","912,07","","0,62%"
"25.08.2021","906,48","906,48","906,48","906,48","","-1,27%"
"24.08.2021","918,16","918,16","918,16","918,16","","-0,86%"
"23.08.2021","926,11","926,11","926,11","926,11","","-0,38%"
"20.08.2021","929,65","929,65","929,65","929,65","","-0,09%"
"19.08.2021","930,46","930,46","930,46","930,46","","1,13%"
"18.08.2021","920,05","920,05","920,05","920,05","","0,12%"
"17.08.2021","918,99","918,99","918,99","918,99","","0,65%"
"16.08.2021","913,04","913,04","913,04","913,04","","0,63%"
"13.08.2021","907,28","907,28","907,28","907,28","","1,09%"
"12.08.2021","897,49","897,49","897,49","897,49","","-0,08%"
"11.08.2021","898,22","898,22","898,22","898,22","","-0,58%"
"10.08.2021","903,50","903,50","903,50","903,50","","-0,33%"
"09.08.2021","906,50","906,50","906,50","906,50","","-0,41%"
"06.08.2021","910,21","910,21","910,21","910,21","","-0,91%"
"05.08.2021","918,58","918,58","918,58","918,58","","-0,43%"
"04.08.2021","922,51","922,51","922,51","922,51","","0,44%"
"03.08.2021","918,47","918,47","918,47","918,47","","0,06%"
"02.08.2021","917,88","917,88","917,88","917,88","","0,97%"
"30.07.2021","909,05","909,05","909,05","909,05","","0,63%"
"29.07.2021","903,34","903,34","903,34","903,34","","-0,48%"
"28.07.2021","907,67","907,67","907,67","907,67","","-0,71%"
"27.07.2021","914,12","914,12","914,12","914,12","","0,65%"
"26.07.2021","908,18","908,18","908,18","908,18","","-0,25%"
"23.07.2021","910,41","910,41","910,41","910,41","","-0,45%"
"22.07.2021","914,57","914,57","914,57","914,57","","0,79%"
"21.07.2021","907,42","907,42","907,42","907,42","","-1,43%"
"20.07.2021","920,58","920,58","920,58","920,58","","-0,99%"
"19.07.2021","929,82","929,82","929,82","929,82","","2,60%"
"16.07.2021","906,27","906,27","906,27","906,27","","-0,16%"
"15.07.2021","907,75","907,75","907,75","907,75","","1,72%"
"14.07.2021","892,38","892,38","892,38","892,38","","0,53%"
"13.07.2021","887,69","887,69","887,69","887,69","","-0,23%"
"12.07.2021","889,70","889,70","889,70","889,70","","-0,11%"
"09.07.2021","890,64","890,64","890,64","890,64","","-1,80%"
"08.07.2021","906,99","906,99","906,99","906,99","","0,31%"
"07.07.2021","904,22","904,22","904,22","904,22","","1,57%"
"06.07.2021","890,25","890,25","890,25","890,25","","1,36%"
"05.07.2021","878,34","878,34","878,34","878,34","","0,03%"
"02.07.2021","878,06","878,06","878,06","878,06","","0,66%"
"01.07.2021","872,32","872,32","872,32","872,32","","-0,34%"
"30.06.2021","875,33","875,33","875,33","875,33","","1,01%"
"29.06.2021","866,60","866,60","866,60","866,60","","0,26%"
"28.06.2021","864,32","864,32","864,32","864,32","","1,62%"
"25.06.2021","850,55","850,55","850,55","850,55","","-1,58%"
"24.06.2021","864,18","864,18","864,18","864,18","","0,32%"
"23.06.2021","861,44","861,44","861,44","861,44","","-0,03%"
"22.06.2021","861,72","861,72","861,72","861,72","","-0,16%"
"21.06.2021","863,08","863,08","863,08","863,08","","-2,13%"
"18.06.2021","881,83","881,83","881,83","881,83","","2,00%"
"17.06.2021","864,54","864,54","864,54","864,54","","3,11%"
"16.06.2021","838,46","838,46","838,46","838,46","","0,88%"
"15.06.2021","831,17","831,17","831,17","831,17","","-0,24%"
"14.06.2021","833,15","833,15","833,15","833,15","","-0,92%"
"11.06.2021","840,92","840,92","840,92","840,92","","0,60%"
"10.06.2021","835,92","835,92","835,92","835,92","","0,38%"
"09.06.2021","832,76","832,76","832,76","832,76","","0,84%"
"08.06.2021","825,86","825,86","825,86","825,86","","1,08%"
"07.06.2021","817,01","817,01","817,01","817,01","","-0,46%"
"04.06.2021","820,81","820,81","820,81","820,81","","0,89%"
"03.06.2021","813,57","813,57","813,57","813,57","","0,38%"
"02.06.2021","810,46","810,46","810,46","810,46","","0,36%"
"01.06.2021","807,55","807,55","807,55","807,55","","-0,28%"
"31.05.2021","809,79","809,79","809,79","809,79","","-0,29%"
"28.05.2021","812,14","812,14","812,14","812,14","","0,47%"
"27.05.2021","808,34","808,34","808,34","808,34","","-0,66%"
"26.05.2021","813,69","813,69","813,69","813,69","","0,48%"
"25.05.2021","809,79","809,79","809,79","809,79","","0,64%"
"24.05.2021","804,61","804,61","804,61","804,61","","0,40%"
"21.05.2021","801,41","801,41","801,41","801,41","","0,61%"
"20.05.2021","796,54","796,54","796,54","796,54","","0,56%"
"19.05.2021","792,13","792,13","792,13","792,13","","-0,11%"
"18.05.2021","792,97","792,97","792,97","792,97","","-0,78%"
"17.05.2021","799,23","799,23","799,23","799,23","","-0,08%"
"14.05.2021","799,91","799,91","799,91","799,91","","0,10%"
"13.05.2021","799,13","799,13","799,13","799,13","","0,40%"
"12.05.2021","795,91","795,91","795,91","795,91","","-0,77%"
"11.05.2021","802,06","802,06","802,06","802,06","","-0,86%"
"10.05.2021","808,98","808,98","808,98","808,98","","-0,65%"
"07.05.2021","814,30","814,30","814,30","814,30","","-1,70%"
"06.05.2021","828,39","828,39","828,39","828,39","","0,01%"
"05.05.2021","828,34","828,34","828,34","828,34","","0,26%"
"04.05.2021","826,20","826,20","826,20","826,20","","0,92%"
"03.05.2021","818,67","818,67","818,67","818,67","","-0,11%"
"30.04.2021","819,59","819,59","819,59","819,59","","1,07%"
"29.04.2021","810,88","810,88","810,88","810,88","","-0,18%"
"28.04.2021","812,30","812,30","812,30","812,30","","-0,42%"
"27.04.2021","815,73","815,73","815,73","815,73","","-1,13%"
"26.04.2021","825,09","825,09","825,09","825,09","","0,31%"
"23.04.2021","822,56","822,56","822,56","822,56","","-0,91%"
"22.04.2021","830,13","830,13","830,13","830,13","","0,65%"
"21.04.2021","824,78","824,78","824,78","824,78","","-0,05%"
"20.04.2021","825,15","825,15","825,15","825,15","","0,74%"
"19.04.2021","819,08","819,08","819,08","819,08","","-1,07%"
"16.04.2021","827,94","827,94","827,94","827,94","","-1,34%"
"15.04.2021","839,19","839,19","839,19","839,19","","2,72%"
"14.04.2021","816,98","816,98","816,98","816,98","","-0,62%"
"13.04.2021","822,08","822,08","822,08","822,08","","0,59%"
"12.04.2021","817,23","817,23","817,23","817,23","","-0,31%"
"09.04.2021","819,78","819,78","819,78","819,78","","-0,21%"
"08.04.2021","821,51","821,51","821,51","821,51","","-0,04%"
"07.04.2021","821,81","821,81","821,81","821,81","","-0,40%"
"06.04.2021","825,11","825,11","825,11","825,11","","0,50%"
"05.04.2021","820,97","820,97","820,97","820,97","","-0,36%"
"02.04.2021","823,91","823,91","823,91","823,91","","0,13%"
"01.04.2021","822,86","822,86","822,86","822,86","","1,47%"
"31.03.2021","810,95","810,95","810,95","810,95","","-0,71%"
"30.03.2021","816,74","816,74","816,74","816,74","","1,04%"
"29.03.2021","808,37","808,37","808,37","808,37","","-0,96%"
"26.03.2021","816,23","816,23","816,23","816,23","","-0,98%"
"25.03.2021","824,29","824,29","824,29","824,29","","-0,02%"
"24.03.2021","824,45","824,45","824,45","824,45","","1,07%"
"23.03.2021","815,74","815,74","815,74","815,74","","1,45%"
"22.03.2021","804,04","804,04","804,04","804,04","","1,31%"
"19.03.2021","793,63","793,63","793,63","793,63","","0,67%"
"18.03.2021","788,33","788,33","788,33","788,33","","-0,30%"
"17.03.2021","790,72","790,72","790,72","790,72","","-1,67%"
"16.03.2021","804,17","804,17","804,17","804,17","","-0,27%"
"15.03.2021","806,31","806,31","806,31","806,31","","0,95%"
"12.03.2021","798,75","798,75","798,75","798,75","","-2,37%"
"11.03.2021","818,17","818,17","818,17","818,17","","-1,35%"
"10.03.2021","829,34","829,34","829,34","829,34","","0,17%"
"09.03.2021","827,93","827,93","827,93","827,93","","0,55%"
"08.03.2021","823,38","823,38","823,38","823,38","","0,27%"
"05.03.2021","821,17","821,17","821,17","821,17","","0,88%"
"04.03.2021","814,03","814,03","814,03","814,03","","-0,48%"
"03.03.2021","817,93","817,93","817,93","817,93","","-0,56%"
"02.03.2021","822,58","822,58","822,58","822,58","","-0,21%"
"01.03.2021","824,28","824,28","824,28","824,28","","-0,64%"
"26.02.2021","829,62","829,62","829,62","829,62","","3,77%"
"25.02.2021","799,49","799,49","799,49","799,49","","-1,64%"
"24.02.2021","812,79","812,79","812,79","812,79","","-1,08%"
"23.02.2021","821,65","821,65","821,65","821,65","","-0,41%"
"22.02.2021","825,07","825,07","825,07","825,07","","-1,23%"
"19.02.2021","835,32","835,32","835,32","835,32","","-1,69%"
"18.02.2021","849,69","849,69","849,69","849,69","","-0,61%"
"17.02.2021","854,94","854,94","854,94","854,94","","-0,27%"
"16.02.2021","857,29","857,29","857,29","857,29","","0,19%"
"15.02.2021","855,62","855,62","855,62","855,62","","-0,07%"
"12.02.2021","856,21","856,21","856,21","856,21","","-1,35%"
"11.02.2021","867,90","867,90","867,90","867,90","","-0,59%"
"10.02.2021","873,09","873,09","873,09","873,09","","0,55%"
"09.02.2021","868,31","868,31","868,31","868,31","","-0,63%"
"08.02.2021","873,83","873,83","873,83","873,83","","0,65%"
"05.02.2021","868,21","868,21","868,21","868,21","","-1,61%"
"04.02.2021","882,45","882,45","882,45","882,45","","0,15%"
"03.02.2021","881,09","881,09","881,09","881,09","","-0,72%"
"02.02.2021","887,50","887,50","887,50","887,50","","-0,59%"
"01.02.2021","892,79","892,79","892,79","892,79","","0,92%"
"29.01.2021","884,61","884,61","884,61","884,61","","-1,00%"
"28.01.2021","893,59","893,59","893,59","893,59","","-1,01%"
"27.01.2021","902,67","902,67","902,67","902,67","","0,94%"
"26.01.2021","894,27","894,27","894,27","894,27","","-0,25%"
"25.01.2021","896,50","896,50","896,50","896,50","","1,59%"
"22.01.2021","882,50","882,50","882,50","882,50","","0,34%"
"21.01.2021","879,54","879,54","879,54","879,54","","-1,14%"
"20.01.2021","889,70","889,70","889,70","889,70","","0,12%"
"19.01.2021","888,62","888,62","888,62","888,62","","-0,11%"
"18.01.2021","889,63","889,63","889,63","889,63","","0,02%"
"15.01.2021","889,44","889,44","889,44","889,44","","1,18%"
"14.01.2021","879,11","879,11","879,11","879,11","","-1,28%"
"13.01.2021","890,46","890,46","890,46","890,46","","1,98%"
"12.01.2021","873,18","873,18","873,18","873,18","","-0,62%"
"11.01.2021","878,62","878,62","878,62","878,62","","0,22%"
"08.01.2021","876,65","876,65","876,65","876,65","","0,01%"
"07.01.2021","876,55","876,55","876,55","876,55","","-0,10%"
"06.01.2021","877,46","877,46","877,46","877,46","","-2,94%"
"05.01.2021","904,04","904,04","904,04","904,04","","-1,48%"
"04.01.2021","917,63","917,63","917,63","917,63","","-0,62%"
"01.01.2021","923,33","923,33","923,33","923,33","","0,02%"
"31.12.2020","923,13","923,13","923,13","923,13","","1,15%"
"30.12.2020","912,62","912,62","912,62","912,62","","-0,10%"
"29.12.2020","913,56","913,56","913,56","913,56","","-0,39%"
"28.12.2020","917,15","917,15","917,15","917,15","","-0,14%"
"25.12.2020","918,43","918,43","918,43","918,43","","-0,13%"
"24.12.2020","919,67","919,67","919,67","919,67","","0,74%"
"23.12.2020","912,89","912,89","912,89","912,89","","-1,21%"
"22.12.2020","924,08","924,08","924,08","924,08","","1,37%"
"21.12.2020","911,58","911,58","911,58","911,58","","0,49%"
"18.12.2020","907,12","907,12","907,12","907,12","","-0,48%"
"17.12.2020","911,51","911,51","911,51","911,51","","-0,81%"
"16.12.2020","918,94","918,94","918,94","918,94","","-0,37%"
"15.12.2020","922,37","922,37","922,37","922,37","","-0,89%"
"14.12.2020","930,64","930,64","930,64","930,64","","-0,35%"
"11.12.2020","933,94","933,94","933,94","933,94","","0,49%"
"10.12.2020","929,41","929,41","929,41","929,41","","0,80%"
"09.12.2020","922,06","922,06","922,06","922,06","","-0,51%"
"08.12.2020","926,77","926,77","926,77","926,77","","0,71%"
"07.12.2020","920,21","920,21","920,21","920,21","","1,13%"
"04.12.2020","909,94","909,94","909,94","909,94","","-1,28%"
"03.12.2020","921,69","921,69","921,69","921,69","","0,62%"
"02.12.2020","915,98","915,98","915,98","915,98","","-1,01%"
"01.12.2020","925,34","925,34","925,34","925,34","","-3,59%"
"30.11.2020","959,85","959,85","959,85","959,85","","0,45%"
"27.11.2020","955,52","955,52","955,52","955,52","","0,64%"
"26.11.2020","949,44","949,44","949,44","949,44","","0,00%"
"25.11.2020","949,40","949,40","949,40","949,40","","-0,62%"
"24.11.2020","955,30","955,30","955,30","955,30","","-1,34%"
"23.11.2020","968,29","968,29","968,29","968,29","","-0,68%"
"20.11.2020","974,93","974,93","974,93","974,93","","1,30%"
"19.11.2020","962,46","962,46","962,46","962,46","","0,82%"
"18.11.2020","954,66","954,66","954,66","954,66","","0,21%"
"17.11.2020","952,63","952,63","952,63","952,63","","0,77%"
"16.11.2020","945,35","945,35","945,35","945,35","","-0,47%"
"13.11.2020","949,83","949,83","949,83","949,83","","-0,22%"
"12.11.2020","951,97","951,97","951,97","951,97","","1,65%"
"11.11.2020","936,49","936,49","936,49","936,49","","1,06%"
"10.11.2020","926,71","926,71","926,71","926,71","","-0,23%"
"09.11.2020","928,81","928,81","928,81","928,81","","-3,11%"
"06.11.2020","958,66","958,66","958,66","958,66","","-1,68%"
"05.11.2020","975,03","975,03","975,03","975,03","","-0,74%"
"04.11.2020","982,27","982,27","982,27","982,27","","2,47%"
"03.11.2020","958,55","958,55","958,55","958,55","","-1,34%"
"02.11.2020","971,60","971,60","971,60","971,60","","0,38%"
"30.10.2020","967,92","967,92","967,92","967,92","","-0,02%"
"29.10.2020","968,13","968,13","968,13","968,13","","-0,70%"
"28.10.2020","974,91","974,91","974,91","974,91","","0,44%"
"27.10.2020","970,66","970,66","970,66","970,66","","0,67%"
"26.10.2020","964,16","964,16","964,16","964,16","","1,69%"
"23.10.2020","948,15","948,15","948,15","948,15","","-0,05%"
"22.10.2020","948,63","948,63","948,63","948,63","","-0,31%"
"21.10.2020","951,62","951,62","951,62","951,62","","-0,96%"
"20.10.2020","960,82","960,82","960,82","960,82","","-1,77%"
"19.10.2020","978,15","978,15","978,15","978,15","","-0,87%"
"16.10.2020","986,75","986,75","986,75","986,75","","-0,57%"
"15.10.2020","992,44","992,44","992,44","992,44","","0,10%"
"14.10.2020","991,41","991,41","991,41","991,41","","0,36%"
"13.10.2020","987,88","987,88","987,88","987,88","","1,57%"
"12.10.2020","972,57","972,57","972,57","972,57","","0,57%"
"09.10.2020","967,04","967,04","967,04","967,04","","-0,73%"
"08.10.2020","974,11","974,11","974,11","974,11","","0,58%"
"07.10.2020","968,49","968,49","968,49","968,49","","-1,46%"
"06.10.2020","982,88","982,88","982,88","982,88","","1,13%"
"05.10.2020","971,93","971,93","971,93","971,93","","-2,64%"
"02.10.2020","998,30","998,30","998,30","998,30","","-0,30%"
"01.10.2020","1.001,35","1.001,35","1.001,35","1.001,35","","-0,32%"
"30.09.2020","1.004,59","1.004,59","1.004,59","1.004,59","","-0,91%"
"29.09.2020","1.013,81","1.013,81","1.013,81","1.013,81","","-0,24%"
"28.09.2020","1.016,22","1.016,22","1.016,22","1.016,22","","-0,73%"
"25.09.2020","1.023,66","1.023,66","1.023,66","1.023,66","","0,28%"
"24.09.2020","1.020,82","1.020,82","1.020,82","1.020,82","","0,48%"
"23.09.2020","1.015,98","1.015,98","1.015,98","1.015,98","","0,15%"
"22.09.2020","1.014,42","1.014,42","1.014,42","1.014,42","","0,81%"
"21.09.2020","1.006,25","1.006,25","1.006,25","1.006,25","","1,22%"
"18.09.2020","994,11","994,11","994,11","994,11","","-0,51%"
"17.09.2020","999,16","999,16","999,16","999,16","","0,22%"
"16.09.2020","997,01","997,01","997,01","997,01","","-0,16%"
"15.09.2020","998,62","998,62","998,62","998,62","","-0,34%"
"14.09.2020","1.002,01","1.002,01","1.002,01","1.002,01","","0,01%"
"11.09.2020","1.001,86","1.001,86","1.001,86","1.001,86","","0,15%"
"10.09.2020","1.000,35","1.000,35","1.000,35","1.000,35","","0,58%"
"09.09.2020","994,59","994,59","994,59","994,59","","-1,09%"
"08.09.2020","1.005,54","1.005,54","1.005,54","1.005,54","","1,50%"
"07.09.2020","990,71","990,71","990,71","990,71","","0,18%"
"04.09.2020","988,92","988,92","988,92","988,92","","-3,03%"
"03.09.2020","1.019,78","1.019,78","1.019,78","1.019,78","","0,88%"
"02.09.2020","1.010,88","1.010,88","1.010,88","1.010,88","","1,69%"
"01.09.2020","994,07","994,07","994,07","994,07","","0,91%"
"31.08.2020","985,12","985,12","985,12","985,12","","1,09%"
"28.08.2020","974,55","974,55","974,55","974,55","","-0,91%"
"27.08.2020","983,49","983,49","983,49","983,49","","-2,23%"
"26.08.2020","1.005,91","1.005,91","1.005,91","1.005,91","","-0,41%"
"25.08.2020","1.010,09","1.010,09","1.010,09","1.010,09","","-1,34%"
"24.08.2020","1.023,81","1.023,81","1.023,81","1.023,81","","0,14%"
"21.08.2020","1.022,42","1.022,42","1.022,42","1.022,42","","1,15%"
"20.08.2020","1.010,79","1.010,79","1.010,79","1.010,79","","0,78%"
"19.08.2020","1.002,95","1.002,95","1.002,95","1.002,95","","0,37%"
"18.08.2020","999,30","999,30","999,30","999,30","","0,13%"
"17.08.2020","997,99","997,99","997,99","997,99","","0,16%"
"14.08.2020","996,41","996,41","996,41","996,41","","-0,59%"
"13.08.2020","1.002,33","1.002,33","1.002,33","1.002,33","","-1,75%"
"12.08.2020","1.020,22","1.020,22","1.020,22","1.020,22","","-0,81%"
"11.08.2020","1.028,52","1.028,52","1.028,52","1.028,52","","-2,47%"
"10.08.2020","1.054,52","1.054,52","1.054,52","1.054,52","","-0,01%"
"07.08.2020","1.054,58","1.054,58","1.054,58","1.054,58","","0,07%"
"06.08.2020","1.053,88","1.053,88","1.053,88","1.053,88","","0,33%"
"05.08.2020","1.050,38","1.050,38","1.050,38","1.050,38","","-1,20%"
"04.08.2020","1.063,12","1.063,12","1.063,12","1.063,12","","0,98%"
"03.08.2020","1.052,85","1.052,85","1.052,85","1.052,85","","-1,04%"
"31.07.2020","1.063,92","1.063,92","1.063,92","1.063,92","","0,62%"
"30.07.2020","1.057,35","1.057,35","1.057,35","1.057,35","","0,69%"
"29.07.2020","1.050,08","1.050,08","1.050,08","1.050,08","","-1,15%"
"28.07.2020","1.062,29","1.062,29","1.062,29","1.062,29","","1,04%"
"27.07.2020","1.051,36","1.051,36","1.051,36","1.051,36","","-1,13%"
"24.07.2020","1.063,39","1.063,39","1.063,39","1.063,39","","-0,24%"
"23.07.2020","1.065,96","1.065,96","1.065,96","1.065,96","","0,77%"
"22.07.2020","1.057,83","1.057,83","1.057,83","1.057,83","","0,21%"
"21.07.2020","1.055,63","1.055,63","1.055,63","1.055,63","","-0,58%"
"20.07.2020","1.061,81","1.061,81","1.061,81","1.061,81","","0,12%"
"17.07.2020","1.060,58","1.060,58","1.060,58","1.060,58","","-1,04%"
"16.07.2020","1.071,75","1.071,75","1.071,75","1.071,75","","0,97%"
"15.07.2020","1.061,41","1.061,41","1.061,41","1.061,41","","-0,84%"
"14.07.2020","1.070,46","1.070,46","1.070,46","1.070,46","","0,40%"
"13.07.2020","1.066,19","1.066,19","1.066,19","1.066,19","","0,22%"
"10.07.2020","1.063,86","1.063,86","1.063,86","1.063,86","","-0,57%"
"09.07.2020","1.069,92","1.069,92","1.069,92","1.069,92","","2,51%"
"08.07.2020","1.043,77","1.043,77","1.043,77","1.043,77","","-1,14%"
"07.07.2020","1.055,82","1.055,82","1.055,82","1.055,82","","1,65%"
"06.07.2020","1.038,65","1.038,65","1.038,65","1.038,65","","-0,74%"
"03.07.2020","1.046,37","1.046,37","1.046,37","1.046,37","","-0,08%"
"02.07.2020","1.047,19","1.047,19","1.047,19","1.047,19","","0,13%"
"01.07.2020","1.045,87","1.045,87","1.045,87","1.045,87","","-0,73%"
"30.06.2020","1.053,59","1.053,59","1.053,59","1.053,59","","-0,43%"
"29.06.2020","1.058,18","1.058,18","1.058,18","1.058,18","","-0,63%"
"26.06.2020","1.064,93","1.064,93","1.064,93","1.064,93","","1,13%"
"25.06.2020","1.053,00","1.053,00","1.053,00","1.053,00","","1,02%"
"24.06.2020","1.042,37","1.042,37","1.042,37","1.042,37","","1,57%"
"23.06.2020","1.026,29","1.026,29","1.026,29","1.026,29","","-1,08%"
"22.06.2020","1.037,46","1.037,46","1.037,46","1.037,46","","-0,83%"
"19.06.2020","1.046,16","1.046,16","1.046,16","1.046,16","","1,10%"
"18.06.2020","1.034,80","1.034,80","1.034,80","1.034,80","","1,49%"
"17.06.2020","1.019,58","1.019,58","1.019,58","1.019,58","","0,57%"
"16.06.2020","1.013,82","1.013,82","1.013,82","1.013,82","","-1,66%"
"15.06.2020","1.030,98","1.030,98","1.030,98","1.030,98","","-0,63%"
"12.06.2020","1.037,52","1.037,52","1.037,52","1.037,52","","-0,68%"
"11.06.2020","1.044,64","1.044,64","1.044,64","1.044,64","","3,58%"
"10.06.2020","1.008,53","1.008,53","1.008,53","1.008,53","","1,34%"
"09.06.2020","995,21","995,21","995,21","995,21","","1,40%"
"08.06.2020","981,44","981,44","981,44","981,44","","0,44%"
"05.06.2020","977,18","977,18","977,18","977,18","","-0,80%"
"04.06.2020","985,08","985,08","985,08","985,08","","-2,73%"
"03.06.2020","1.012,74","1.012,74","1.012,74","1.012,74","","-2,30%"
"02.06.2020","1.036,57","1.036,57","1.036,57","1.036,57","","-0,90%"
"01.06.2020","1.045,98","1.045,98","1.045,98","1.045,98","","-1,65%"
"29.05.2020","1.063,51","1.063,51","1.063,51","1.063,51","","1,41%"
"28.05.2020","1.048,72","1.048,72","1.048,72","1.048,72","","-1,60%"
"27.05.2020","1.065,80","1.065,80","1.065,80","1.065,80","","-0,04%"
"26.05.2020","1.066,24","1.066,24","1.066,24","1.066,24","","-2,27%"
"25.05.2020","1.090,99","1.090,99","1.090,99","1.090,99","","0,01%"
"22.05.2020","1.090,83","1.090,83","1.090,83","1.090,83","","1,09%"
"21.05.2020","1.079,08","1.079,08","1.079,08","1.079,08","","0,26%"
"20.05.2020","1.076,28","1.076,28","1.076,28","1.076,28","","0,34%"
"19.05.2020","1.072,67","1.072,67","1.072,67","1.072,67","","0,40%"
"18.05.2020","1.068,37","1.068,37","1.068,37","1.068,37","","-3,94%"
"15.05.2020","1.112,21","1.112,21","1.112,21","1.112,21","","-0,60%"
"14.05.2020","1.118,96","1.118,96","1.118,96","1.118,96","","1,36%"
"13.05.2020","1.103,92","1.103,92","1.103,92","1.103,92","","1,26%"
"12.05.2020","1.090,19","1.090,19","1.090,19","1.090,19","","1,06%"
"11.05.2020","1.078,78","1.078,78","1.078,78","1.078,78","","-1,08%"
"08.05.2020","1.090,54","1.090,54","1.090,54","1.090,54","","-1,47%"
"07.05.2020","1.106,85","1.106,85","1.106,85","1.106,85","","1,79%"
"06.05.2020","1.087,43","1.087,43","1.087,43","1.087,43","","-1,48%"
"05.05.2020","1.103,77","1.103,77","1.103,77","1.103,77","","-0,13%"
"04.05.2020","1.105,19","1.105,19","1.105,19","1.105,19","","0,26%"
"01.05.2020","1.102,35","1.102,35","1.102,35","1.102,35","","-0,40%"
"30.04.2020","1.106,76","1.106,76","1.106,76","1.106,76","","-1,38%"
"29.04.2020","1.122,27","1.122,27","1.122,27","1.122,27","","-1,33%"
"28.04.2020","1.137,38","1.137,38","1.137,38","1.137,38","","1,07%"
"27.04.2020","1.125,35","1.125,35","1.125,35","1.125,35","","-1,67%"
"24.04.2020","1.144,46","1.144,46","1.144,46","1.144,46","","0,15%"
"23.04.2020","1.142,74","1.142,74","1.142,74","1.142,74","","0,84%"
"22.04.2020","1.133,25","1.133,25","1.133,25","1.133,25","","-1,02%"
"21.04.2020","1.144,97","1.144,97","1.144,97","1.144,97","","1,61%"
"20.04.2020","1.126,77","1.126,77","1.126,77","1.126,77","","1,02%"
"17.04.2020","1.115,43","1.115,43","1.115,43","1.115,43","","-1,87%"
"16.04.2020","1.136,66","1.136,66","1.136,66","1.136,66","","2,02%"
"15.04.2020","1.114,10","1.114,10","1.114,10","1.114,10","","3,86%"
"14.04.2020","1.072,68","1.072,68","1.072,68","1.072,68","","-1,08%"
"13.04.2020","1.084,41","1.084,41","1.084,41","1.084,41","","-0,75%"
"10.04.2020","1.092,60","1.092,60","1.092,60","1.092,60","","-0,06%"
"09.04.2020","1.093,25","1.093,25","1.093,25","1.093,25","","-0,28%"
"08.04.2020","1.096,35","1.096,35","1.096,35","1.096,35","","-0,48%"
"07.04.2020","1.101,68","1.101,68","1.101,68","1.101,68","","-1,92%"
"06.04.2020","1.123,23","1.123,23","1.123,23","1.123,23","","-1,42%"
"03.04.2020","1.139,38","1.139,38","1.139,38","1.139,38","","1,66%"
"02.04.2020","1.120,74","1.120,74","1.120,74","1.120,74","","0,65%"
"01.04.2020","1.113,50","1.113,50","1.113,50","1.113,50","","2,27%"
"31.03.2020","1.088,82","1.088,82","1.088,82","1.088,82","","0,70%"
"30.03.2020","1.081,29","1.081,29","1.081,29","1.081,29","","2,02%"
"27.03.2020","1.059,90","1.059,90","1.059,90","1.059,90","","0,38%"
"26.03.2020","1.055,88","1.055,88","1.055,88","1.055,88","","-0,74%"
"25.03.2020","1.063,79","1.063,79","1.063,79","1.063,79","","-1,76%"
"24.03.2020","1.082,80","1.082,80","1.082,80","1.082,80","","-1,13%"
"23.03.2020","1.095,15","1.095,15","1.095,15","1.095,15","","3,09%"
"20.03.2020","1.062,29","1.062,29","1.062,29","1.062,29","","4,37%"
"19.03.2020","1.017,81","1.017,81","1.017,81","1.017,81","","1,64%"
"18.03.2020","1.001,40","1.001,40","1.001,40","1.001,40","","-0,54%"
"17.03.2020","1.006,87","1.006,87","1.006,87","1.006,87","","-4,12%"
"16.03.2020","1.050,13","1.050,13","1.050,13","1.050,13","","5,03%"
"13.03.2020","999,86","999,86","999,86","999,86","","-2,83%"
"12.03.2020","1.028,97","1.028,97","1.028,97","1.028,97","","-1,01%"
"11.03.2020","1.039,44","1.039,44","1.039,44","1.039,44","","-1,76%"
"10.03.2020","1.058,11","1.058,11","1.058,11","1.058,11","","-5,27%"
"09.03.2020","1.116,97","1.116,97","1.116,97","1.116,97","","4,87%"
"06.03.2020","1.065,13","1.065,13","1.065,13","1.065,13","","8,11%"
"05.03.2020","985,21","985,21","985,21","985,21","","0,57%"
"04.03.2020","979,67","979,67","979,67","979,67","","0,22%"
"03.03.2020","977,50","977,50","977,50","977,50","","-0,03%"
"02.03.2020","977,78","977,78","977,78","977,78","","-0,43%"
"28.02.2020","981,95","981,95","981,95","981,95","","2,43%"
"27.02.2020","958,65","958,65","958,65","958,65","","0,04%"
"26.02.2020","958,22","958,22","958,22","958,22","","0,09%"
"25.02.2020","957,37","957,37","957,37","957,37","","0,47%"
"24.02.2020","952,85","952,85","952,85","952,85","","1,71%"
"21.02.2020","936,84","936,84","936,84","936,84","","0,63%"
"20.02.2020","931,01","931,01","931,01","931,01","","1,18%"
"19.02.2020","920,15","920,15","920,15","920,15","","-0,33%"
"18.02.2020","923,19","923,19","923,19","923,19","","1,17%"
"17.02.2020","912,48","912,48","912,48","912,48","","-0,03%"
"14.02.2020","912,76","912,76","912,76","912,76","","0,78%"
"13.02.2020","905,69","905,69","905,69","905,69","","0,72%"
"12.02.2020","899,23","899,23","899,23","899,23","","-0,46%"
"11.02.2020","903,37","903,37","903,37","903,37","","-0,70%"
"10.02.2020","909,75","909,75","909,75","909,75","","0,78%"
"07.02.2020","902,69","902,69","902,69","902,69","","1,91%"
"06.02.2020","885,82","885,82","885,82","885,82","","0,57%"
"05.02.2020","880,75","880,75","880,75","880,75","","-0,71%"
"04.02.2020","887,08","887,08","887,08","887,08","","-1,63%"
"03.02.2020","901,77","901,77","901,77","901,77","","0,65%"
"31.01.2020","895,91","895,91","895,91","895,91","","-0,26%"
"30.01.2020","898,27","898,27","898,27","898,27","","0,37%"
"29.01.2020","895,00","895,00","895,00","895,00","","1,04%"
"28.01.2020","885,75","885,75","885,75","885,75","","-0,89%"
"27.01.2020","893,67","893,67","893,67","893,67","","1,66%"
"24.01.2020","879,05","879,05","879,05","879,05","","1,43%"
"23.01.2020","866,62","866,62","866,62","866,62","","1,16%"
"22.01.2020","856,68","856,68","856,68","856,68","","0,18%"
"21.01.2020","855,13","855,13","855,13","855,13","","1,51%"
"20.01.2020","842,43","842,43","842,43","842,43","","-0,05%"
"17.01.2020","842,83","842,83","842,83","842,83","","-0,33%"
"16.01.2020","845,66","845,66","845,66","845,66","","-0,23%"
"15.01.2020","847,62","847,62","847,62","847,62","","0,52%"
"14.01.2020","843,21","843,21","843,21","843,21","","0,74%"
"13.01.2020","837,05","837,05","837,05","837,05","","-0,58%"
"10.01.2020","841,96","841,96","841,96","841,96","","0,84%"
"09.01.2020","834,96","834,96","834,96","834,96","","0,61%"
"08.01.2020","829,90","829,90","829,90","829,90","","-0,69%"
"07.01.2020","835,64","835,64","835,64","835,64","","0,14%"
"06.01.2020","834,49","834,49","834,49","834,49","","-0,94%"
"03.01.2020","842,42","842,42","842,42","842,42","","2,05%"
"02.01.2020","825,53","825,53","825,53","825,53","","1,16%"
"01.01.2020","816,04","816,04","816,04","816,04","","0,01%"
"31.12.2019","815,99","815,99","815,99","815,99","","-1,25%"
"30.12.2019","826,33","826,33","826,33","826,33","","-0,91%"
"27.12.2019","833,92","833,92","833,92","833,92","","-0,12%"
"26.12.2019","834,93","834,93","834,93","834,93","","0,23%"
"25.12.2019","833,01","833,01","833,01","833,01","","-0,02%"
"24.12.2019","833,18","833,18","833,18","833,18","","0,51%"
"23.12.2019","828,95","828,95","828,95","828,95","","-0,41%"
"20.12.2019","832,33","832,33","832,33","832,33","","0,37%"
"19.12.2019","829,29","829,29","829,29","829,29","","0,07%"
"18.12.2019","828,75","828,75","828,75","828,75","","-0,39%"
"17.12.2019","832,02","832,02","832,02","832,02","","-0,24%"
"16.12.2019","834,02","834,02","834,02","834,02","","-1,41%"
"13.12.2019","845,97","845,97","845,97","845,97","","1,61%"
"12.12.2019","832,54","832,54","832,54","832,54","","-2,14%"
"11.12.2019","850,72","850,72","850,72","850,72","","0,36%"
"10.12.2019","847,63","847,63","847,63","847,63","","0,02%"
"09.12.2019","847,42","847,42","847,42","847,42","","0,56%"
"06.12.2019","842,72","842,72","842,72","842,72","","-0,41%"
"05.12.2019","846,21","846,21","846,21","846,21","","-0,56%"
"04.12.2019","850,97","850,97","850,97","850,97","","-1,42%"
"03.12.2019","863,27","863,27","863,27","863,27","","2,69%"
"02.12.2019","840,62","840,62","840,62","840,62","","-2,36%"
"29.11.2019","860,96","860,96","860,96","860,96","","-0,24%"
"28.11.2019","863,02","863,02","863,02","863,02","","-0,08%"
"27.11.2019","863,68","863,68","863,68","863,68","","-0,12%"
"26.11.2019","864,70","864,70","864,70","864,70","","0,59%"
"25.11.2019","859,62","859,62","859,62","859,62","","0,43%"
"22.11.2019","855,95","855,95","855,95","855,95","","0,49%"
"21.11.2019","851,77","851,77","851,77","851,77","","-0,44%"
"20.11.2019","855,57","855,57","855,57","855,57","","1,17%"
"19.11.2019","845,71","845,71","845,71","845,71","","0,76%"
"18.11.2019","839,30","839,30","839,30","839,30","","0,22%"
"15.11.2019","837,47","837,47","837,47","837,47","","-0,54%"
"14.11.2019","842,03","842,03","842,03","842,03","","0,98%"
"13.11.2019","833,85","833,85","833,85","833,85","","0,72%"
"12.11.2019","827,90","827,90","827,90","827,90","","1,03%"
"11.11.2019","819,50","819,50","819,50","819,50","","-0,19%"
"08.11.2019","821,03","821,03","821,03","821,03","","-0,10%"
"07.11.2019","821,86","821,86","821,86","821,86","","-2,02%"
"06.11.2019","838,80","838,80","838,80","838,80","","1,17%"
"05.11.2019","829,11","829,11","829,11","829,11","","-1,11%"
"04.11.2019","838,42","838,42","838,42","838,42","","-0,96%"
"01.11.2019","846,53","846,53","846,53","846,53","","-0,88%"
"31.10.2019","854,06","854,06","854,06","854,06","","2,07%"
"30.10.2019","836,77","836,77","836,77","836,77","","0,94%"
"29.10.2019","828,95","828,95","828,95","828,95","","0,28%"
"28.10.2019","826,65","826,65","826,65","826,65","","-1,37%"
"25.10.2019","838,09","838,09","838,09","838,09","","-0,47%"
"24.10.2019","842,01","842,01","842,01","842,01","","0,04%"
"23.10.2019","841,64","841,64","841,64","841,64","","-0,01%"
"22.10.2019","841,70","841,70","841,70","841,70","","0,94%"
"21.10.2019","833,83","833,83","833,83","833,83","","-0,58%"
"18.10.2019","838,73","838,73","838,73","838,73","","-0,51%"
"17.10.2019","843,04","843,04","843,04","843,04","","-0,69%"
"16.10.2019","848,92","848,92","848,92","848,92","","-0,39%"
"15.10.2019","852,27","852,27","852,27","852,27","","-1,17%"
"14.10.2019","862,36","862,36","862,36","862,36","","0,93%"
"11.10.2019","854,38","854,38","854,38","854,38","","-1,65%"
"10.10.2019","868,67","868,67","868,67","868,67","","-1,72%"
"09.10.2019","883,87","883,87","883,87","883,87","","-1,08%"
"08.10.2019","893,55","893,55","893,55","893,55","","0,20%"
"07.10.2019","891,79","891,79","891,79","891,79","","-0,61%"
"04.10.2019","897,23","897,23","897,23","897,23","","0,44%"
"03.10.2019","893,27","893,27","893,27","893,27","","1,05%"
"02.10.2019","884,00","884,00","884,00","884,00","","0,14%"
"01.10.2019","882,75","882,75","882,75","882,75","","0,02%"
"30.09.2019","882,61","882,61","882,61","882,61","","0,74%"
"27.09.2019","876,14","876,14","876,14","876,14","","-0,05%"
"26.09.2019","876,55","876,55","876,55","876,55","","1,39%"
"25.09.2019","864,54","864,54","864,54","864,54","","-1,19%"
"24.09.2019","874,93","874,93","874,93","874,93","","1,02%"
"23.09.2019","866,06","866,06","866,06","866,06","","1,22%"
"20.09.2019","855,65","855,65","855,65","855,65","","0,54%"
"19.09.2019","851,08","851,08","851,08","851,08","","0,47%"
"18.09.2019","847,14","847,14","847,14","847,14","","1,32%"
"17.09.2019","836,13","836,13","836,13","836,13","","0,02%"
"16.09.2019","835,93","835,93","835,93","835,93","","2,09%"
"13.09.2019","818,82","818,82","818,82","818,82","","-2,48%"
"12.09.2019","839,65","839,65","839,65","839,65","","-1,66%"
"11.09.2019","853,86","853,86","853,86","853,86","","-0,27%"
"10.09.2019","856,18","856,18","856,18","856,18","","-1,75%"
"09.09.2019","871,42","871,42","871,42","871,42","","-1,81%"
"06.09.2019","887,49","887,49","887,49","887,49","","0,78%"
"05.09.2019","880,67","880,67","880,67","880,67","","-2,10%"
"04.09.2019","899,58","899,58","899,58","899,58","","-0,71%"
"03.09.2019","905,99","905,99","905,99","905,99","","0,47%"
"02.09.2019","901,79","901,79","901,79","901,79","","0,22%"
"30.08.2019","899,85","899,85","899,85","899,85","","0,74%"
"29.08.2019","893,27","893,27","893,27","893,27","","-0,64%"
"28.08.2019","899,03","899,03","899,03","899,03","","0,73%"
"27.08.2019","892,52","892,52","892,52","892,52","","1,63%"
"26.08.2019","878,23","878,23","878,23","878,23","","0,04%"
"23.08.2019","877,90","877,90","877,90","877,90","","1,07%"
"22.08.2019","868,58","868,58","868,58","868,58","","-1,00%"
"21.08.2019","877,33","877,33","877,33","877,33","","-0,05%"
"20.08.2019","877,73","877,73","877,73","877,73","","0,67%"
"19.08.2019","871,90","871,90","871,90","871,90","","-1,62%"
"16.08.2019","886,23","886,23","886,23","886,23","","-0,25%"
"15.08.2019","888,48","888,48","888,48","888,48","","1,28%"
"14.08.2019","877,29","877,29","877,29","877,29","","2,57%"
"13.08.2019","855,29","855,29","855,29","855,29","","0,20%"
"12.08.2019","853,54","853,54","853,54","853,54","","2,29%"
"09.08.2019","834,41","834,41","834,41","834,41","","-0,21%"
"08.08.2019","836,19","836,19","836,19","836,19","","-0,58%"
"07.08.2019","841,09","841,09","841,09","841,09","","1,55%"
"06.08.2019","828,21","828,21","828,21","828,21","","0,57%"
"05.08.2019","823,53","823,53","823,53","823,53","","1,13%"
"02.08.2019","814,34","814,34","814,34","814,34","","1,28%"
"01.08.2019","804,01","804,01","804,01","804,01","","1,66%"
"31.07.2019","790,86","790,86","790,86","790,86","","1,94%"
"30.07.2019","775,77","775,77","775,77","775,77","","0,15%"
"29.07.2019","774,64","774,64","774,64","774,64","","0,20%"
"26.07.2019","773,06","773,06","773,06","773,06","","0,25%"
"25.07.2019","771,16","771,16","771,16","771,16","","-0,56%"
"24.07.2019","775,50","775,50","775,50","775,50","","0,70%"
"23.07.2019","770,07","770,07","770,07","770,07","","-0,23%"
"22.07.2019","771,85","771,85","771,85","771,85","","0,28%"
"19.07.2019","769,73","769,73","769,73","769,73","","0,31%"
"18.07.2019","767,38","767,38","767,38","767,38","","-0,35%"
"17.07.2019","770,09","770,09","770,09","770,09","","1,08%"
"16.07.2019","761,85","761,85","761,85","761,85","","0,01%"
"15.07.2019","761,81","761,81","761,81","761,81","","0,89%"
"12.07.2019","755,11","755,11","755,11","755,11","","0,02%"
"11.07.2019","754,96","754,96","754,96","754,96","","-1,39%"
"10.07.2019","765,64","765,64","765,64","765,64","","-1,13%"
"09.07.2019","774,37","774,37","774,37","774,37","","-0,20%"
"08.07.2019","775,90","775,90","775,90","775,90","","0,34%"
"05.07.2019","773,24","773,24","773,24","773,24","","-1,00%"
"04.07.2019","781,06","781,06","781,06","781,06","","-0,05%"
"03.07.2019","781,49","781,49","781,49","781,49","","0,81%"
"02.07.2019","775,19","775,19","775,19","775,19","","1,03%"
"01.07.2019","767,27","767,27","767,27","767,27","","0,11%"
"28.06.2019","766,40","766,40","766,40","766,40","","-0,05%"
"27.06.2019","766,78","766,78","766,78","766,78","","0,84%"
"26.06.2019","760,39","760,39","760,39","760,39","","-0,79%"
"25.06.2019","766,43","766,43","766,43","766,43","","0,76%"
"24.06.2019","760,63","760,63","760,63","760,63","","0,60%"
"21.06.2019","756,13","756,13","756,13","756,13","","-1,92%"
"20.06.2019","770,95","770,95","770,95","770,95","","-0,33%"
"19.06.2019","773,47","773,47","773,47","773,47","","-0,04%"
"18.06.2019","773,77","773,77","773,77","773,77","","0,74%"
"17.06.2019","768,09","768,09","768,09","768,09","","0,24%"
"14.06.2019","766,24","766,24","766,24","766,24","","0,81%"
"13.06.2019","760,10","760,10","760,10","760,10","","0,57%"
"12.06.2019","755,77","755,77","755,77","755,77","","0,22%"
"11.06.2019","754,14","754,14","754,14","754,14","","0,05%"
"10.06.2019","753,76","753,76","753,76","753,76","","-0,82%"
"07.06.2019","760,02","760,02","760,02","760,02","","0,52%"
"06.06.2019","756,08","756,08","756,08","756,08","","-0,23%"
"05.06.2019","757,81","757,81","757,81","757,81","","-0,30%"
"04.06.2019","760,09","760,09","760,09","760,09","","-1,21%"
"03.06.2019","769,44","769,44","769,44","769,44","","0,06%"
"31.05.2019","768,98","768,98","768,98","768,98","","1,11%"
"30.05.2019","760,58","760,58","760,58","760,58","","0,38%"
"29.05.2019","757,72","757,72","757,72","757,72","","0,96%"
"28.05.2019","750,51","750,51","750,51","750,51","","1,29%"
"27.05.2019","740,93","740,93","740,93","740,93","","0,06%"
"24.05.2019","740,47","740,47","740,47","740,47","","-0,64%"
"23.05.2019","745,26","745,26","745,26","745,26","","1,46%"
"22.05.2019","734,55","734,55","734,55","734,55","","0,51%"
"21.05.2019","730,81","730,81","730,81","730,81","","0,01%"
"20.05.2019","730,73","730,73","730,73","730,73","","-0,36%"
"17.05.2019","733,35","733,35","733,35","733,35","","0,48%"
"16.05.2019","729,82","729,82","729,82","729,82","","-0,07%"
"15.05.2019","730,34","730,34","730,34","730,34","","0,59%"
"14.05.2019","726,04","726,04","726,04","726,04","","-0,11%"
"13.05.2019","726,88","726,88","726,88","726,88","","0,79%"
"10.05.2019","721,15","721,15","721,15","721,15","","0,04%"
"09.05.2019","720,83","720,83","720,83","720,83","","0,04%"
"08.05.2019","720,56","720,56","720,56","720,56","","-0,57%"
"07.05.2019","724,73","724,73","724,73","724,73","","0,97%"
"06.05.2019","717,76","717,76","717,76","717,76","","0,39%"
"03.05.2019","715,00","715,00","715,00","715,00","","0,15%"
"02.05.2019","713,95","713,95","713,95","713,95","","-0,32%"
"01.05.2019","716,24","716,24","716,24","716,24","","0,63%"
"30.04.2019","711,79","711,79","711,79","711,79","","0,29%"
"29.04.2019","709,70","709,70","709,70","709,70","","-1,09%"
"26.04.2019","717,49","717,49","717,49","717,49","","0,28%"
"25.04.2019","715,51","715,51","715,51","715,51","","0,10%"
"24.04.2019","714,81","714,81","714,81","714,81","","1,44%"
"23.04.2019","704,65","704,65","704,65","704,65","","0,54%"
"22.04.2019","700,86","700,86","700,86","700,86","","-0,76%"
"19.04.2019","706,27","706,27","706,27","706,27","","-0,13%"
"18.04.2019","707,16","707,16","707,16","707,16","","1,27%"
"17.04.2019","698,26","698,26","698,26","698,26","","-0,08%"
"16.04.2019","698,86","698,86","698,86","698,86","","-0,26%"
"15.04.2019","700,70","700,70","700,70","700,70","","0,05%"
"12.04.2019","700,32","700,32","700,32","700,32","","-1,09%"
"11.04.2019","708,05","708,05","708,05","708,05","","-0,43%"
"10.04.2019","711,10","711,10","711,10","711,10","","-0,01%"
"09.04.2019","711,15","711,15","711,15","711,15","","0,30%"
"08.04.2019","709,05","709,05","709,05","709,05","","-0,70%"
"05.04.2019","714,02","714,02","714,02","714,02","","0,40%"
"04.04.2019","711,18","711,18","711,18","711,18","","0,33%"
"03.04.2019","708,82","708,82","708,82","708,82","","-1,11%"
"02.04.2019","716,79","716,79","716,79","716,79","","0,17%"
"01.04.2019","715,54","715,54","715,54","715,54","","-1,32%"
"29.03.2019","725,08","725,08","725,08","725,08","","-0,16%"
"28.03.2019","726,24","726,24","726,24","726,24","","0,47%"
"27.03.2019","722,81","722,81","722,81","722,81","","1,07%"
"26.03.2019","715,15","715,15","715,15","715,15","","0,24%"
"25.03.2019","713,42","713,42","713,42","713,42","","0,47%"
"22.03.2019","710,10","710,10","710,10","710,10","","2,02%"
"21.03.2019","696,06","696,06","696,06","696,06","","0,59%"
"20.03.2019","691,97","691,97","691,97","691,97","","0,46%"
"19.03.2019","688,79","688,79","688,79","688,79","","-0,42%"
"18.03.2019","691,68","691,68","691,68","691,68","","0,07%"
"15.03.2019","691,22","691,22","691,22","691,22","","0,37%"
"14.03.2019","688,66","688,66","688,66","688,66","","-0,29%"
"13.03.2019","690,66","690,66","690,66","690,66","","-0,91%"
"12.03.2019","697,00","697,00","697,00","697,00","","0,49%"
"11.03.2019","693,60","693,60","693,60","693,60","","-0,52%"
"08.03.2019","697,25","697,25","697,25","697,25","","-0,07%"
"07.03.2019","697,76","697,76","697,76","697,76","","1,91%"
"06.03.2019","684,66","684,66","684,66","684,66","","0,35%"
"05.03.2019","682,27","682,27","682,27","682,27","","0,47%"
"04.03.2019","679,05","679,05","679,05","679,05","","0,98%"
"01.03.2019","672,49","672,49","672,49","672,49","","-0,76%"
"28.02.2019","677,61","677,61","677,61","677,61","","-0,31%"
"27.02.2019","679,69","679,69","679,69","679,69","","-1,01%"
"26.02.2019","686,60","686,60","686,60","686,60","","0,26%"
"25.02.2019","684,80","684,80","684,80","684,80","","-0,39%"
"22.02.2019","687,46","687,46","687,46","687,46","","0,44%"
"21.02.2019","684,42","684,42","684,42","684,42","","-0,88%"
"20.02.2019","690,47","690,47","690,47","690,47","","-0,15%"
"19.02.2019","691,50","691,50","691,50","691,50","","-0,10%"
"18.02.2019","692,20","692,20","692,20","692,20","","-0,12%"
"15.02.2019","693,06","693,06","693,06","693,06","","0,28%"
"14.02.2019","691,12","691,12","691,12","691,12","","0,19%"
"13.02.2019","689,84","689,84","689,84","689,84","","0,31%"
"12.02.2019","687,68","687,68","687,68","687,68","","-0,83%"
"11.02.2019","693,41","693,41","693,41","693,41","","0,02%"
"08.02.2019","693,29","693,29","693,29","693,29","","0,64%"
"07.02.2019","688,90","688,90","688,90","688,90","","1,02%"
"06.02.2019","681,97","681,97","681,97","681,97","","0,47%"
"05.02.2019","678,80","678,80","678,80","678,80","","0,66%"
"04.02.2019","674,32","674,32","674,32","674,32","","-0,35%"
"01.02.2019","676,69","676,69","676,69","676,69","","-0,61%"
"31.01.2019","680,85","680,85","680,85","680,85","","1,26%"
"30.01.2019","672,35","672,35","672,35","672,35","","-0,65%"
"29.01.2019","676,73","676,73","676,73","676,73","","0,40%"
"28.01.2019","674,03","674,03","674,03","674,03","","-0,19%"
"25.01.2019","675,31","675,31","675,31","675,31","","-1,42%"
"24.01.2019","685,01","685,01","685,01","685,01","","1,34%"
"23.01.2019","675,98","675,98","675,98","675,98","","-0,45%"
"22.01.2019","679,02","679,02","679,02","679,02","","0,84%"
"21.01.2019","673,34","673,34","673,34","673,34","","-0,02%"
"18.01.2019","673,46","673,46","673,46","673,46","","-0,06%"
"17.01.2019","673,85","673,85","673,85","673,85","","0,01%"
"16.01.2019","673,77","673,77","673,77","673,77","","0,04%"
"15.01.2019","673,50","673,50","673,50","673,50","","0,15%"
"14.01.2019","672,48","672,48","672,48","672,48","","-0,50%"
"11.01.2019","675,88","675,88","675,88","675,88","","0,59%"
"10.01.2019","671,92","671,92","671,92","671,92","","-0,13%"
"09.01.2019","672,78","672,78","672,78","672,78","","-0,90%"
"08.01.2019","678,86","678,86","678,86","678,86","","-0,01%"
"07.01.2019","678,94","678,94","678,94","678,94","","-0,73%"
"04.01.2019","683,91","683,91","683,91","683,91","","-1,39%"
"03.01.2019","693,56","693,56","693,56","693,56","","1,14%"
"02.01.2019","685,76","685,76","685,76","685,76","","1,82%"
"01.01.2019","673,52","673,52","673,52","673,52","","0,07%"
"31.12.2018","673,05","673,05","673,05","673,05","","-0,28%"
"28.12.2018","674,94","674,94","674,94","674,94","","0,70%"
"27.12.2018","670,26","670,26","670,26","670,26","","-0,30%"
"26.12.2018","672,25","672,25","672,25","672,25","","-0,77%"
"25.12.2018","677,50","677,50","677,50","677,50","","0,34%"
"24.12.2018","675,18","675,18","675,18","675,18","","0,32%"
"21.12.2018","673,00","673,00","673,00","673,00","","0,40%"
"20.12.2018","670,35","670,35","670,35","670,35","","-0,55%"
"19.12.2018","674,06","674,06","674,06","674,06","","1,11%"
"18.12.2018","666,69","666,69","666,69","666,69","","0,59%"
"17.12.2018","662,79","662,79","662,79","662,79","","0,21%"
"14.12.2018","661,37","661,37","661,37","661,37","","0,87%"
"13.12.2018","655,69","655,69","655,69","655,69","","-0,27%"
"12.12.2018","657,49","657,49","657,49","657,49","","-0,85%"
"11.12.2018","663,13","663,13","663,13","663,13","","0,40%"
"10.12.2018","660,48","660,48","660,48","660,48","","0,45%"
"07.12.2018","657,54","657,54","657,54","657,54","","-0,12%"
"06.12.2018","658,36","658,36","658,36","658,36","","0,52%"
"05.12.2018","654,93","654,93","654,93","654,93","","0,01%"
"04.12.2018","654,87","654,87","654,87","654,87","","1,64%"
"03.12.2018","644,33","644,33","644,33","644,33","","0,48%"
"30.11.2018","641,26","641,26","641,26","641,26","","1,03%"
"29.11.2018","634,72","634,72","634,72","634,72","","0,19%"
"28.11.2018","633,54","633,54","633,54","633,54","","-0,84%"
"27.11.2018","638,92","638,92","638,92","638,92","","0,36%"
"26.11.2018","636,62","636,62","636,62","636,62","","-0,08%"
"23.11.2018","637,14","637,14","637,14","637,14","","0,65%"
"22.11.2018","633,03","633,03","633,03","633,03","","-0,20%"
"21.11.2018","634,31","634,31","634,31","634,31","","-0,17%"
"20.11.2018","635,40","635,40","635,40","635,40","","0,89%"
"19.11.2018","629,81","629,81","629,81","629,81","","-0,10%"
"16.11.2018","630,43","630,43","630,43","630,43","","-0,02%"
"15.11.2018","630,56","630,56","630,56","630,56","","-0,02%"
"14.11.2018","630,67","630,67","630,67","630,67","","0,06%"
"13.11.2018","630,31","630,31","630,31","630,31","","-0,84%"
"12.11.2018","635,67","635,67","635,67","635,67","","1,05%"
"09.11.2018","629,06","629,06","629,06","629,06","","0,91%"
"08.11.2018","623,35","623,35","623,35","623,35","","0,50%"
"07.11.2018","620,23","620,23","620,23","620,23","","0,06%"
"06.11.2018","619,86","619,86","619,86","619,86","","-0,50%"
"05.11.2018","622,99","622,99","622,99","622,99","","0,47%"
"02.11.2018","620,09","620,09","620,09","620,09","","-1,04%"
"01.11.2018","626,59","626,59","626,59","626,59","","-0,56%"
"31.10.2018","630,11","630,11","630,11","630,11","","-0,57%"
"30.10.2018","633,76","633,76","633,76","633,76","","-0,27%"
"29.10.2018","635,46","635,46","635,46","635,46","","0,01%"
"26.10.2018","635,41","635,41","635,41","635,41","","0,40%"
"25.10.2018","632,86","632,86","632,86","632,86","","0,12%"
"24.10.2018","632,07","632,07","632,07","632,07","","1,06%"
"23.10.2018","625,43","625,43","625,43","625,43","","0,27%"
"22.10.2018","623,72","623,72","623,72","623,72","","0,23%"
"19.10.2018","622,31","622,31","622,31","622,31","","-1,02%"
"18.10.2018","628,70","628,70","628,70","628,70","","0,19%"
"17.10.2018","627,54","627,54","627,54","627,54","","0,35%"
"16.10.2018","625,34","625,34","625,34","625,34","","0,24%"
"15.10.2018","623,83","623,83","623,83","623,83","","-0,05%"
"12.10.2018","624,17","624,17","624,17","624,17","","-0,10%"
"11.10.2018","624,82","624,82","624,82","624,82","","1,20%"
"10.10.2018","617,42","617,42","617,42","617,42","","-0,18%"
"09.10.2018","618,51","618,51","618,51","618,51","","1,01%"
"08.10.2018","612,31","612,31","612,31","612,31","","0,30%"
"05.10.2018","610,50","610,50","610,50","610,50","","-0,88%"
"04.10.2018","615,90","615,90","615,90","615,90","","-0,97%"
"03.10.2018","621,95","621,95","621,95","621,95","","-1,52%"
"02.10.2018","631,53","631,53","631,53","631,53","","0,74%"
"01.10.2018","626,88","626,88","626,88","626,88","","-0,41%"
"28.09.2018","629,48","629,48","629,48","629,48","","-0,16%"
"27.09.2018","630,49","630,49","630,49","630,49","","0,81%"
"26.09.2018","625,42","625,42","625,42","625,42","","1,12%"
"25.09.2018","618,48","618,48","618,48","618,48","","-0,25%"
"24.09.2018","620,04","620,04","620,04","620,04","","-0,37%"
"21.09.2018","622,35","622,35","622,35","622,35","","0,17%"
"20.09.2018","621,33","621,33","621,33","621,33","","-0,61%"
"19.09.2018","625,13","625,13","625,13","625,13","","-0,86%"
"18.09.2018","630,56","630,56","630,56","630,56","","-0,96%"
"17.09.2018","636,66","636,66","636,66","636,66","","-0,56%"
"14.09.2018","640,24","640,24","640,24","640,24","","-0,05%"
"13.09.2018","640,56","640,56","640,56","640,56","","-0,63%"
"12.09.2018","644,65","644,65","644,65","644,65","","0,15%"
"11.09.2018","643,70","643,70","643,70","643,70","","-0,80%"
"10.09.2018","648,89","648,89","648,89","648,89","","-0,03%"
"07.09.2018","649,08","649,08","649,08","649,08","","-0,32%"
"06.09.2018","651,17","651,17","651,17","651,17","","0,46%"
"05.09.2018","648,20","648,20","648,20","648,20","","-0,69%"
"04.09.2018","652,69","652,69","652,69","652,69","","-0,81%"
"03.09.2018","657,99","657,99","657,99","657,99","","-0,20%"
"31.08.2018","659,30","659,30","659,30","659,30","","0,58%"
"30.08.2018","655,52","655,52","655,52","655,52","","0,61%"
"29.08.2018","651,58","651,58","651,58","651,58","","0,16%"
"28.08.2018","650,57","650,57","650,57","650,57","","-0,84%"
"27.08.2018","656,06","656,06","656,06","656,06","","-0,88%"
"24.08.2018","661,86","661,86","661,86","661,86","","-0,73%"
"23.08.2018","666,71","666,71","666,71","666,71","","0,75%"
"22.08.2018","661,77","661,77","661,77","661,77","","0,08%"
"21.08.2018","661,26","661,26","661,26","661,26","","-1,11%"
"20.08.2018","668,71","668,71","668,71","668,71","","0,52%"
"17.08.2018","665,24","665,24","665,24","665,24","","-0,44%"
"16.08.2018","668,19","668,19","668,19","668,19","","-0,44%"
"15.08.2018","671,15","671,15","671,15","671,15","","0,72%"
"14.08.2018","666,36","666,36","666,36","666,36","","0,28%"
"13.08.2018","664,47","664,47","664,47","664,47","","-0,51%"
"10.08.2018","667,85","667,85","667,85","667,85","","2,33%"
"09.08.2018","652,63","652,63","652,63","652,63","","1,46%"
"08.08.2018","643,27","643,27","643,27","643,27","","0,07%"
"07.08.2018","642,85","642,85","642,85","642,85","","-1,06%"
"06.08.2018","649,74","649,74","649,74","649,74","","0,07%"
"03.08.2018","649,30","649,30","649,30","649,30","","0,68%"
"02.08.2018","644,89","644,89","644,89","644,89","","0,79%"
"01.08.2018","639,84","639,84","639,84","639,84","","-0,57%"
"31.07.2018","643,53","643,53","643,53","643,53","","0,62%"
"30.07.2018","639,60","639,60","639,60","639,60","","-0,72%"
"27.07.2018","644,26","644,26","644,26","644,26","","0,14%"
"26.07.2018","643,34","643,34","643,34","643,34","","0,68%"
"25.07.2018","639,01","639,01","639,01","639,01","","-0,83%"
"24.07.2018","644,33","644,33","644,33","644,33","","0,43%"
"23.07.2018","641,57","641,57","641,57","641,57","","-1,16%"
"20.07.2018","649,09","649,09","649,09","649,09","","-1,83%"
"19.07.2018","661,19","661,19","661,19","661,19","","0,41%"
"18.07.2018","658,52","658,52","658,52","658,52","","-0,20%"
"17.07.2018","659,87","659,87","659,87","659,87","","0,36%"
"16.07.2018","657,49","657,49","657,49","657,49","","-0,84%"
"13.07.2018","663,06","663,06","663,06","663,06","","0,23%"
"12.07.2018","661,50","661,50","661,50","661,50","","-0,10%"
"11.07.2018","662,19","662,19","662,19","662,19","","1,15%"
"10.07.2018","654,63","654,63","654,63","654,63","","-0,04%"
"09.07.2018","654,88","654,88","654,88","654,88","","-0,49%"
"06.07.2018","658,11","658,11","658,11","658,11","","-0,14%"
"05.07.2018","659,02","659,02","659,02","659,02","","-0,02%"
"04.07.2018","659,16","659,16","659,16","659,16","","0,02%"
"03.07.2018","659,05","659,05","659,05","659,05","","0,51%"
"02.07.2018","655,72","655,72","655,72","655,72","","0,26%"
"29.06.2018","653,99","653,99","653,99","653,99","","-1,40%"
"28.06.2018","663,29","663,29","663,29","663,29","","-0,29%"
"27.06.2018","665,20","665,20","665,20","665,20","","1,95%"
"26.06.2018","652,46","652,46","652,46","652,46","","0,54%"
"25.06.2018","648,93","648,93","648,93","648,93","","-0,20%"
"22.06.2018","650,20","650,20","650,20","650,20","","-0,32%"
"21.06.2018","652,26","652,26","652,26","652,26","","0,14%"
"20.06.2018","651,35","651,35","651,35","651,35","","-0,53%"
"19.06.2018","654,79","654,79","654,79","654,79","","0,83%"
"18.06.2018","649,43","649,43","649,43","649,43","","-0,06%"
"15.06.2018","649,81","649,81","649,81","649,81","","0,05%"
"14.06.2018","649,50","649,50","649,50","649,50","","2,64%"
"13.06.2018","632,79","632,79","632,79","632,79","","-0,58%"
"12.06.2018","636,50","636,50","636,50","636,50","","0,29%"
"11.06.2018","634,63","634,63","634,63","634,63","","-0,41%"
"08.06.2018","637,22","637,22","637,22","637,22","","-0,07%"
"07.06.2018","637,65","637,65","637,65","637,65","","0,79%"
"06.06.2018","632,68","632,68","632,68","632,68","","-1,51%"
"05.06.2018","642,40","642,40","642,40","642,40","","0,00%"
"04.06.2018","642,39","642,39","642,39","642,39","","-1,02%"
"01.06.2018","649,02","649,02","649,02","649,02","","-0,92%"
"31.05.2018","655,05","655,05","655,05","655,05","","-0,22%"
"30.05.2018","656,52","656,52","656,52","656,52","","-2,00%"
"29.05.2018","669,95","669,95","669,95","669,95","","3,25%"
"28.05.2018","648,85","648,85","648,85","648,85","","0,25%"
"25.05.2018","647,24","647,24","647,24","647,24","","1,34%"
"24.05.2018","638,67","638,67","638,67","638,67","","0,55%"
"23.05.2018","635,18","635,18","635,18","635,18","","1,49%"
"22.05.2018","625,85","625,85","625,85","625,85","","0,06%"
"21.05.2018","625,46","625,46","625,46","625,46","","-0,05%"
"18.05.2018","625,80","625,80","625,80","625,80","","1,09%"
"17.05.2018","619,05","619,05","619,05","619,05","","-0,49%"
"16.05.2018","622,08","622,08","622,08","622,08","","-0,21%"
"15.05.2018","623,37","623,37","623,37","623,37","","-0,53%"
"14.05.2018","626,69","626,69","626,69","626,69","","-0,23%"
"11.05.2018","628,14","628,14","628,14","628,14","","-0,09%"
"10.05.2018","628,71","628,71","628,71","628,71","","0,15%"
"09.05.2018","627,79","627,79","627,79","627,79","","-0,46%"
"08.05.2018","630,71","630,71","630,71","630,71","","0,40%"
"07.05.2018","628,18","628,18","628,18","628,18","","0,22%"
"04.05.2018","626,83","626,83","626,83","626,83","","0,27%"
"03.05.2018","625,16","625,16","625,16","625,16","","-0,06%"
"02.05.2018","625,54","625,54","625,54","625,54","","0,43%"
"01.05.2018","622,85","622,85","622,85","622,85","","-0,09%"
"30.04.2018","623,40","623,40","623,40","623,40","","1,01%"
"27.04.2018","617,19","617,19","617,19","617,19","","0,51%"
"26.04.2018","614,08","614,08","614,08","614,08","","1,14%"
"25.04.2018","607,17","607,17","607,17","607,17","","-0,15%"
"24.04.2018","608,08","608,08","608,08","608,08","","-0,69%"
"23.04.2018","612,31","612,31","612,31","612,31","","0,70%"
"20.04.2018","608,03","608,03","608,03","608,03","","-0,22%"
"19.04.2018","609,37","609,37","609,37","609,37","","-0,90%"
"18.04.2018","614,88","614,88","614,88","614,88","","-0,94%"
"17.04.2018","620,72","620,72","620,72","620,72","","0,70%"
"16.04.2018","616,41","616,41","616,41","616,41","","-0,28%"
"13.04.2018","618,13","618,13","618,13","618,13","","0,37%"
"12.04.2018","615,86","615,86","615,86","615,86","","-0,35%"
"11.04.2018","618,05","618,05","618,05","618,05","","0,15%"
"10.04.2018","617,10","617,10","617,10","617,10","","-0,28%"
"09.04.2018","618,81","618,81","618,81","618,81","","-0,21%"
"06.04.2018","620,09","620,09","620,09","620,09","","0,78%"
"05.04.2018","615,32","615,32","615,32","615,32","","-0,54%"
"04.04.2018","618,63","618,63","618,63","618,63","","-0,29%"
"03.04.2018","620,44","620,44","620,44","620,44","","-0,65%"
"02.04.2018","624,53","624,53","624,53","624,53","","0,21%"
"30.03.2018","623,22","623,22","623,22","623,22","","-0,14%"
"29.03.2018","624,08","624,08","624,08","624,08","","1,03%"
"28.03.2018","617,73","617,73","617,73","617,73","","1,10%"
"27.03.2018","610,99","610,99","610,99","610,99","","1,13%"
"26.03.2018","604,16","604,16","604,16","604,16","","-0,68%"
"23.03.2018","608,27","608,27","608,27","608,27","","-0,51%"
"22.03.2018","611,41","611,41","611,41","611,41","","1,52%"
"21.03.2018","602,26","602,26","602,26","602,26","","-1,10%"
"20.03.2018","608,97","608,97","608,97","608,97","","0,10%"
"19.03.2018","608,37","608,37","608,37","608,37","","-0,59%"
"16.03.2018","611,95","611,95","611,95","611,95","","-0,23%"
"15.03.2018","613,37","613,37","613,37","613,37","","0,46%"
"14.03.2018","610,58","610,58","610,58","610,58","","1,05%"
"13.03.2018","604,26","604,26","604,26","604,26","","0,09%"
"12.03.2018","603,72","603,72","603,72","603,72","","0,37%"
"09.03.2018","601,51","601,51","601,51","601,51","","-0,46%"
"08.03.2018","604,30","604,30","604,30","604,30","","1,23%"
"07.03.2018","596,98","596,98","596,98","596,98","","-0,38%"
"06.03.2018","599,24","599,24","599,24","599,24","","-0,53%"
"05.03.2018","602,44","602,44","602,44","602,44","","-0,52%"
"02.03.2018","605,60","605,60","605,60","605,60","","-1,27%"
"01.03.2018","613,36","613,36","613,36","613,36","","0,23%"
"28.02.2018","611,94","611,94","611,94","611,94","","1,24%"
"27.02.2018","604,42","604,42","604,42","604,42","","0,28%"
"26.02.2018","602,72","602,72","602,72","602,72","","-0,07%"
"23.02.2018","603,12","603,12","603,12","603,12","","1,23%"
"22.02.2018","595,78","595,78","595,78","595,78","","-0,08%"
"21.02.2018","596,26","596,26","596,26","596,26","","-0,85%"
"20.02.2018","601,34","601,34","601,34","601,34","","0,20%"
"19.02.2018","600,16","600,16","600,16","600,16","","-0,02%"
"16.02.2018","600,25","600,25","600,25","600,25","","0,97%"
"15.02.2018","594,46","594,46","594,46","594,46","","-0,23%"
"14.02.2018","595,83","595,83","595,83","595,83","","-1,73%"
"13.02.2018","606,29","606,29","606,29","606,29","","0,07%"
"12.02.2018","605,90","605,90","605,90","605,90","","-0,06%"
"09.02.2018","606,27","606,27","606,27","606,27","","0,04%"
"08.02.2018","606,03","606,03","606,03","606,03","","-0,27%"
"07.02.2018","607,68","607,68","607,68","607,68","","-0,49%"
"06.02.2018","610,67","610,67","610,67","610,67","","0,40%"
"05.02.2018","608,25","608,25","608,25","608,25","","1,33%"
"02.02.2018","600,27","600,27","600,27","600,27","","-1,35%"
"01.02.2018","608,46","608,46","608,46","608,46","","-1,96%"
"31.01.2018","620,64","620,64","620,64","620,64","","0,54%"
"30.01.2018","617,28","617,28","617,28","617,28","","-0,87%"
"29.01.2018","622,70","622,70","622,70","622,70","","-0,28%"
"26.01.2018","624,46","624,46","624,46","624,46","","-0,82%"
"25.01.2018","629,64","629,64","629,64","629,64","","0,89%"
"24.01.2018","624,10","624,10","624,10","624,10","","-1,57%"
"23.01.2018","634,06","634,06","634,06","634,06","","0,20%"
"22.01.2018","632,76","632,76","632,76","632,76","","-0,61%"
"19.01.2018","636,62","636,62","636,62","636,62","","-0,32%"
"18.01.2018","638,65","638,65","638,65","638,65","","-1,22%"
"17.01.2018","646,51","646,51","646,51","646,51","","0,35%"
"16.01.2018","644,24","644,24","644,24","644,24","","0,39%"
"15.01.2018","641,74","641,74","641,74","641,74","","-0,61%"
"12.01.2018","645,69","645,69","645,69","645,69","","-1,04%"
"11.01.2018","652,46","652,46","652,46","652,46","","-0,15%"
"10.01.2018","653,44","653,44","653,44","653,44","","-0,16%"
"09.01.2018","654,46","654,46","654,46","654,46","","-1,18%"
"08.01.2018","662,27","662,27","662,27","662,27","","0,50%"
"05.01.2018","658,96","658,96","658,96","658,96","","-0,12%"
"04.01.2018","659,79","659,79","659,79","659,79","","-0,51%"
"03.01.2018","663,17","663,17","663,17","663,17","","0,92%"
"02.01.2018","657,13","657,13","657,13","657,13","","-1,78%"
"01.01.2018","669,01","669,01","669,01","669,01","","-0,06%"
"30.12.2017","669,41","669,41","669,41","669,41","","-0,03%"
"29.12.2017","669,63","669,63","669,63","669,63","","-0,09%"
"28.12.2017","670,26","670,26","670,26","670,26","","-0,67%"
"27.12.2017","674,78","674,78","674,78","674,78","","1,11%"
"26.12.2017","667,38","667,38","667,38","667,38","","0,65%"
"25.12.2017","663,08","663,08","663,08","663,08","","-0,05%"
"23.12.2017","663,44","663,44","663,44","663,44","","-0,03%"
"22.12.2017","663,65","663,65","663,65","663,65","","0,03%"
"21.12.2017","663,44","663,44","663,44","663,44","","0,80%"
"20.12.2017","658,14","658,14","658,14","658,14","","-1,29%"
"19.12.2017","666,78","666,78","666,78","666,78","","-1,96%"
"18.12.2017","680,11","680,11","680,11","680,11","","-1,26%"
"16.12.2017","688,81","688,81","688,81","688,81","","-0,08%"
"15.12.2017","689,37","689,37","689,37","689,37","","0,67%"
"14.12.2017","684,79","684,79","684,79","684,79","","0,93%"
"13.12.2017","678,48","678,48","678,48","678,48","","0,21%"
"12.12.2017","677,07","677,07","677,07","677,07","","0,07%"
"11.12.2017","676,58","676,58","676,58","676,58","","-0,12%"
"09.12.2017","677,42","677,42","677,42","677,42","","0,15%"
"08.12.2017","676,44","676,44","676,44","676,44","","-0,07%"
"07.12.2017","676,94","676,94","676,94","676,94","","-0,94%"
"06.12.2017","683,35","683,35","683,35","683,35","","0,36%"
"05.12.2017","680,88","680,88","680,88","680,88","","1,12%"
"04.12.2017","673,36","673,36","673,36","673,36","","-0,10%"
"02.12.2017","674,05","674,05","674,05","674,05","","0,07%"
"01.12.2017","673,58","673,58","673,58","673,58","","1,63%"
"30.11.2017","662,81","662,81","662,81","662,81","","-0,74%"
"29.11.2017","667,74","667,74","667,74","667,74","","-1,09%"
"28.11.2017","675,11","675,11","675,11","675,11","","0,76%"
"27.11.2017","670,04","670,04","670,04","670,04","","0,10%"
"25.11.2017","669,35","669,35","669,35","669,35","","0,10%"
"24.11.2017","668,71","668,71","668,71","668,71","","-0,94%"
"23.11.2017","675,07","675,07","675,07","675,07","","-0,25%"
"22.11.2017","676,73","676,73","676,73","676,73","","-0,37%"
"21.11.2017","679,24","679,24","679,24","679,24","","0,55%"
"20.11.2017","675,54","675,54","675,54","675,54","","0,40%"
"18.11.2017","672,83","672,83","672,83","672,83","","0,17%"
"17.11.2017","671,67","671,67","671,67","671,67","","0,09%"
"16.11.2017","671,10","671,10","671,10","671,10","","-0,31%"
"15.11.2017","673,17","673,17","673,17","673,17","","1,31%"
"14.11.2017","664,44","664,44","664,44","664,44","","-0,27%"
"13.11.2017","666,23","666,23","666,23","666,23","","0,20%"
"11.11.2017","664,88","664,88","664,88","664,88","","-0,01%"
"10.11.2017","664,92","664,92","664,92","664,92","","-1,66%"
"09.11.2017","676,17","676,17","676,17","676,17","","-0,83%"
"08.11.2017","681,84","681,84","681,84","681,84","","-0,34%"
"07.11.2017","684,18","684,18","684,18","684,18","","0,59%"
"06.11.2017","680,16","680,16","680,16","680,16","","0,29%"
"04.11.2017","678,16","678,16","678,16","678,16","","-0,01%"
"03.11.2017","678,20","678,20","678,20","678,20","","0,60%"
"02.11.2017","674,13","674,13","674,13","674,13","","0,29%"
"01.11.2017","672,18","672,18","672,18","672,18","","0,53%"
"31.10.2017","668,65","668,65","668,65","668,65","","0,15%"
"30.10.2017","667,68","667,68","667,68","667,68","","0,92%"
"28.10.2017","661,62","661,62","661,62","661,62","","-0,12%"
"27.10.2017","662,40","662,40","662,40","662,40","","0,86%"
"26.10.2017","656,77","656,77","656,77","656,77","","1,28%"
"25.10.2017","648,45","648,45","648,45","648,45","","-1,08%"
"24.10.2017","655,54","655,54","655,54","655,54","","-0,75%"
"23.10.2017","660,49","660,49","660,49","660,49","","0,29%"
"21.10.2017","658,56","658,56","658,56","658,56","","0,10%"
"20.10.2017","657,89","657,89","657,89","657,89","","-0,73%"
"19.10.2017","662,71","662,71","662,71","662,71","","-0,08%"
"18.10.2017","663,26","663,26","663,26","663,26","","-1,11%"
"17.10.2017","670,71","670,71","670,71","670,71","","0,62%"
"16.10.2017","666,60","666,60","666,60","666,60","","-0,06%"
"14.10.2017","667,00","667,00","667,00","667,00","","0,08%"
"13.10.2017","666,49","666,49","666,49","666,49","","0,91%"
"12.10.2017","660,49","660,49","660,49","660,49","","0,97%"
"11.10.2017","654,18","654,18","654,18","654,18","","-0,39%"
"10.10.2017","656,74","656,74","656,74","656,74","","-0,26%"
"09.10.2017","658,44","658,44","658,44","658,44","","0,17%"
"07.10.2017","657,35","657,35","657,35","657,35","","-0,02%"
"06.10.2017","657,46","657,46","657,46","657,46","","-0,43%"
"05.10.2017","660,29","660,29","660,29","660,29","","0,11%"
"04.10.2017","659,59","659,59","659,59","659,59","","-0,17%"
"03.10.2017","660,71","660,71","660,71","660,71","","-0,24%"
"02.10.2017","662,28","662,28","662,28","662,28","","0,33%"
"30.09.2017","660,11","660,11","660,11","660,11","","0,23%"
"29.09.2017","658,58","658,58","658,58","658,58","","-0,01%"
"28.09.2017","658,63","658,63","658,63","658,63","","-0,47%"
"27.09.2017","661,72","661,72","661,72","661,72","","-1,38%"
"26.09.2017","670,95","670,95","670,95","670,95","","0,25%"
"25.09.2017","669,25","669,25","669,25","669,25","","1,08%"
"23.09.2017","662,11","662,11","662,11","662,11","","0,30%"
"22.09.2017","660,15","660,15","660,15","660,15","","0,17%"
"21.09.2017","659,06","659,06","659,06","659,06","","-0,27%"
"20.09.2017","660,84","660,84","660,84","660,84","","0,70%"
"19.09.2017","656,26","656,26","656,26","656,26","","-0,51%"
"18.09.2017","659,65","659,65","659,65","659,65","","-0,71%"
"16.09.2017","664,38","664,38","664,38","664,38","","-0,03%"
"15.09.2017","664,58","664,58","664,58","664,58","","0,00%"
"14.09.2017","664,57","664,57","664,57","664,57","","0,19%"
"13.09.2017","663,34","663,34","663,34","663,34","","0,27%"
"12.09.2017","661,55","661,55","661,55","661,55","","-0,82%"
"11.09.2017","667,05","667,05","667,05","667,05","","-0,89%"
"09.09.2017","673,05","673,05","673,05","673,05","","0,38%"
"08.09.2017","670,50","670,50","670,50","670,50","","-0,26%"
"07.09.2017","672,25","672,25","672,25","672,25","","0,03%"
"06.09.2017","672,03","672,03","672,03","672,03","","-0,71%"
"05.09.2017","676,85","676,85","676,85","676,85","","1,77%"
"04.09.2017","665,04","665,04","665,04","665,04","","-0,21%"
"02.09.2017","666,41","666,41","666,41","666,41","","-0,11%"
"01.09.2017","667,12","667,12","667,12","667,12","","-0,42%"
"31.08.2017","669,94","669,94","669,94","669,94","","0,25%"
"30.08.2017","668,29","668,29","668,29","668,29","","0,76%"
"29.08.2017","663,26","663,26","663,26","663,26","","0,39%"
"28.08.2017","660,66","660,66","660,66","660,66","","-0,43%"
"26.08.2017","663,50","663,50","663,50","663,50","","-0,15%"
"25.08.2017","664,49","664,49","664,49","664,49","","-0,73%"
"24.08.2017","669,39","669,39","669,39","669,39","","-0,33%"
"23.08.2017","671,61","671,61","671,61","671,61","","0,47%"
"22.08.2017","668,45","668,45","668,45","668,45","","-0,07%"
"21.08.2017","668,91","668,91","668,91","668,91","","-0,02%"
"19.08.2017","669,01","669,01","669,01","669,01","","-0,15%"
"18.08.2017","670,03","670,03","670,03","670,03","","-0,22%"
"17.08.2017","671,49","671,49","671,49","671,49","","0,90%"
"16.08.2017","665,50","665,50","665,50","665,50","","0,37%"
"15.08.2017","663,05","663,05","663,05","663,05","","-0,33%"
"14.08.2017","665,23","665,23","665,23","665,23","","-0,11%"
"12.08.2017","665,97","665,97","665,97","665,97","","0,12%"
"11.08.2017","665,19","665,19","665,19","665,19","","-0,34%"
"10.08.2017","667,46","667,46","667,46","667,46","","0,54%"
"09.08.2017","663,87","663,87","663,87","663,87","","0,91%"
"08.08.2017","657,90","657,90","657,90","657,90","","-0,22%"
"07.08.2017","659,36","659,36","659,36","659,36","","0,09%"
"06.08.2017","658,79","658,79","658,79","658,79","","-0,07%"
"05.08.2017","659,25","659,25","659,25","659,25","","-0,07%"
"04.08.2017","659,72","659,72","659,72","659,72","","0,09%"
"03.08.2017","659,13","659,13","659,13","659,13","","1,08%"
"02.08.2017","652,08","652,08","652,08","652,08","","-0,42%"
"01.08.2017","654,86","654,86","654,86","654,86","","1,25%"
"31.07.2017","646,75","646,75","646,75","646,75","","-0,67%"
"29.07.2017","651,08","651,08","651,08","651,08","","-0,25%"
"28.07.2017","652,74","652,74","652,74","652,74","","0,12%"
"27.07.2017","651,93","651,93","651,93","651,93","","-0,23%"
"26.07.2017","653,44","653,44","653,44","653,44","","-0,30%"
"25.07.2017","655,43","655,43","655,43","655,43","","-1,61%"
"24.07.2017","666,12","666,12","666,12","666,12","","-0,44%"
"22.07.2017","669,09","669,09","669,09","669,09","","0,07%"
"21.07.2017","668,65","668,65","668,65","668,65","","0,39%"
"20.07.2017","666,03","666,03","666,03","666,03","","-0,46%"
"19.07.2017","669,09","669,09","669,09","669,09","","0,44%"
"18.07.2017","666,13","666,13","666,13","666,13","","0,20%"
"17.07.2017","664,81","664,81","664,81","664,81","","0,31%"
"16.07.2017","662,74","662,74","662,74","662,74","","-0,03%"
"15.07.2017","662,96","662,96","662,96","662,96","","-0,03%"
"14.07.2017","663,17","663,17","663,17","663,17","","-0,36%"
"13.07.2017","665,57","665,57","665,57","665,57","","-0,42%"
"12.07.2017","668,41","668,41","668,41","668,41","","1,11%"
"11.07.2017","661,10","661,10","661,10","661,10","","-0,61%"
"10.07.2017","665,18","665,18","665,18","665,18","","0,26%"
"08.07.2017","663,45","663,45","663,45","663,45","","0,00%"
"07.07.2017","663,44","663,44","663,44","663,44","","-0,39%"
"06.07.2017","666,07","666,07","666,07","666,07","","-1,55%"
"05.07.2017","676,57","676,57","676,57","676,57","","0,06%"
"04.07.2017","676,19","676,19","676,19","676,19","","0,17%"
"03.07.2017","675,06","675,06","675,06","675,06","","-0,08%"
"01.07.2017","675,58","675,58","675,58","675,58","","0,18%"
"30.06.2017","674,34","674,34","674,34","674,34","","-0,31%"
"29.06.2017","676,43","676,43","676,43","676,43","","-1,34%"
"28.06.2017","685,59","685,59","685,59","685,59","","-0,94%"
"27.06.2017","692,10","692,10","692,10","692,10","","-2,33%"
"26.06.2017","708,58","708,58","708,58","708,58","","0,42%"
"24.06.2017","705,59","705,59","705,59","705,59","","0,04%"
"23.06.2017","705,31","705,31","705,31","705,31","","-0,15%"
"22.06.2017","706,35","706,35","706,35","706,35","","0,43%"
"21.06.2017","703,31","703,31","703,31","703,31","","-0,03%"
"20.06.2017","703,51","703,51","703,51","703,51","","1,17%"
"19.06.2017","695,40","695,40","695,40","695,40","","0,20%"
"17.06.2017","694,04","694,04","694,04","694,04","","0,15%"
"16.06.2017","693,03","693,03","693,03","693,03","","-0,41%"
"15.06.2017","695,91","695,91","695,91","695,91","","0,63%"
"14.06.2017","691,58","691,58","691,58","691,58","","1,56%"
"13.06.2017","680,97","680,97","680,97","680,97","","0,00%"
"12.06.2017","680,94","680,94","680,94","680,94","","-0,33%"
"10.06.2017","683,18","683,18","683,18","683,18","","-0,02%"
"09.06.2017","683,34","683,34","683,34","683,34","","0,23%"
"08.06.2017","681,75","681,75","681,75","681,75","","0,16%"
"07.06.2017","680,64","680,64","680,64","680,64","","-0,36%"
"06.06.2017","683,07","683,07","683,07","683,07","","0,39%"
"05.06.2017","680,40","680,40","680,40","680,40","","-0,37%"
"03.06.2017","682,92","682,92","682,92","682,92","","0,08%"
"02.06.2017","682,35","682,35","682,35","682,35","","0,56%"
"01.06.2017","678,55","678,55","678,55","678,55","","0,02%"
"31.05.2017","678,43","678,43","678,43","678,43","","0,02%"
"30.05.2017","678,28","678,28","678,28","678,28","","0,47%"
"29.05.2017","675,13","675,13","675,13","675,13","","0,08%"
"27.05.2017","674,56","674,56","674,56","674,56","","0,08%"
"26.05.2017","673,99","673,99","673,99","673,99","","0,34%"
"25.05.2017","671,69","671,69","671,69","671,69","","0,34%"
"24.05.2017","669,40","669,40","669,40","669,40","","0,10%"
"23.05.2017","668,76","668,76","668,76","668,76","","-0,10%"
"22.05.2017","669,40","669,40","669,40","669,40","","-0,39%"
"21.05.2017","672,02","672,02","672,02","672,02","","-0,10%"
"20.05.2017","672,66","672,66","672,66","672,66","","-0,10%"
"19.05.2017","673,30","673,30","673,30","673,30","","-0,91%"
"18.05.2017","679,49","679,49","679,49","679,49","","0,37%"
"17.05.2017","676,99","676,99","676,99","676,99","","1,19%"
"16.05.2017","669,04","669,04","669,04","669,04","","-0,68%"
"15.05.2017","673,64","673,64","673,64","673,64","","-0,54%"
"13.05.2017","677,32","677,32","677,32","677,32","","-0,14%"
"12.05.2017","678,25","678,25","678,25","678,25","","0,23%"
"11.05.2017","676,66","676,66","676,66","676,66","","0,13%"
"10.05.2017","675,77","675,77","675,77","675,77","","0,00%"
"09.05.2017","675,76","675,76","675,76","675,76","","-0,00%"
"08.05.2017","675,77","675,77","675,77","675,77","","0,10%"
"06.05.2017","675,12","675,12","675,12","675,12","","0,07%"
"05.05.2017","674,67","674,67","674,67","674,67","","0,08%"
"04.05.2017","674,14","674,14","674,14","674,14","","-1,77%"
"03.05.2017","686,31","686,31","686,31","686,31","","0,97%"
"02.05.2017","679,75","679,75","679,75","679,75","","0,30%"
"01.05.2017","677,71","677,71","677,71","677,71","","-1,16%"
"28.04.2017","685,64","685,64","685,64","685,64","","0,06%"
"27.04.2017","685,24","685,24","685,24","685,24","","0,39%"
"26.04.2017","682,60","682,60","682,60","682,60","","0,40%"
"25.04.2017","679,91","679,91","679,91","679,91","","-1,56%"
"24.04.2017","690,67","690,67","690,67","690,67","","-1,48%"
"22.04.2017","701,02","701,02","701,02","701,02","","-0,44%"
"21.04.2017","704,09","704,09","704,09","704,09","","-0,16%"
"20.04.2017","705,24","705,24","705,24","705,24","","-0,61%"
"19.04.2017","709,59","709,59","709,59","709,59","","-0,17%"
"18.04.2017","710,80","710,80","710,80","710,80","","0,54%"
"17.04.2017","706,95","706,95","706,95","706,95","","-0,75%"
"15.04.2017","712,27","712,27","712,27","712,27","","-0,10%"
"14.04.2017","712,97","712,97","712,97","712,97","","0,05%"
"13.04.2017","712,60","712,60","712,60","712,60","","1,42%"
"12.04.2017","702,60","702,60","702,60","702,60","","0,20%"
"11.04.2017","701,16","701,16","701,16","701,16","","1,04%"
"10.04.2017","693,95","693,95","693,95","693,95","","0,18%"
"08.04.2017","692,71","693,73","693,73","692,71","","-0,02%"
"07.04.2017","692,82","692,82","692,82","692,82","","0,36%"
"06.04.2017","690,32","690,32","690,32","690,32","","0,52%"
"05.04.2017","686,72","686,72","686,72","686,72","","-0,15%"
"04.04.2017","687,73","687,73","687,73","687,73","","-0,18%"
"03.04.2017","689,00","689,00","689,00","689,00","","0,53%"
"01.04.2017","685,37","685,37","685,37","685,37","","-0,06%"
"31.03.2017","685,78","685,78","685,78","685,78","","0,45%"
"30.03.2017","682,72","682,72","682,72","682,72","","0,24%"
"29.03.2017","681,07","681,07","681,07","681,07","","0,80%"
"28.03.2017","675,69","675,69","675,69","675,69","","-0,15%"
"27.03.2017","676,70","676,70","676,70","676,70","","-0,02%"
"25.03.2017","676,81","676,81","676,81","676,81","","-0,21%"
"24.03.2017","678,21","678,21","678,21","678,21","","0,38%"
"23.03.2017","675,62","675,62","675,62","675,62","","-0,15%"
"22.03.2017","676,63","676,63","676,63","676,63","","0,90%"
"21.03.2017","670,59","670,59","670,59","670,59","","0,09%"
"20.03.2017","669,98","669,98","669,98","669,98","","0,45%"
"18.03.2017","666,99","663,74","666,99","663,74","","-0,00%"
"17.03.2017","667,01","667,01","667,01","667,01","","0,75%"
"16.03.2017","662,03","662,03","662,03","662,03","","-0,92%"
"15.03.2017","668,20","668,20","668,20","668,20","","0,17%"
"14.03.2017","667,09","667,09","667,09","667,09","","0,86%"
"13.03.2017","661,38","661,38","661,38","661,38","","0,25%"
"11.03.2017","659,70","659,53","659,70","659,53","","-0,53%"
"10.03.2017","663,21","663,21","663,21","663,21","","-0,28%"
"09.03.2017","665,06","665,06","665,06","665,06","","-1,07%"
"08.03.2017","672,24","672,24","672,24","672,24","","-0,42%"
"07.03.2017","675,04","675,04","675,04","675,04","","-0,12%"
"06.03.2017","675,88","675,88","675,88","675,88","","-0,01%"
"04.03.2017","675,97","675,97","675,97","675,97","","0,13%"
"03.03.2017","675,08","675,08","675,08","675,08","","-1,06%"
"02.03.2017","682,34","682,34","682,34","682,34","","0,18%"
"01.03.2017","681,09","681,09","681,09","681,09","","-1,72%"
"28.02.2017","693,03","693,03","693,03","693,03","","0,43%"
"27.02.2017","690,07","690,07","690,07","690,07","","-0,78%"
"25.02.2017","695,51","695,51","695,51","695,51","","-0,08%"
"24.02.2017","696,06","696,06","696,06","696,06","","1,60%"
"23.02.2017","685,07","685,07","685,07","685,07","","0,03%"
"22.02.2017","684,85","684,85","684,85","684,85","","-0,06%"
"21.02.2017","685,23","685,23","685,23","685,23","","0,60%"
"20.02.2017","681,15","681,15","681,15","681,15","","0,01%"
"19.02.2017","681,05","681,05","681,05","681,05","","0,01%"
"18.02.2017","681,00","681,00","681,00","681,00","","0,01%"
"17.02.2017","680,96","680,96","680,96","680,96","","1,02%"
"16.02.2017","674,09","674,09","674,09","674,09","","0,09%"
"15.02.2017","673,50","673,50","673,50","673,50","","-0,77%"
"14.02.2017","678,72","678,72","678,72","678,72","","-0,35%"
"13.02.2017","681,09","681,09","681,09","681,09","","-0,20%"
"11.02.2017","682,44","682,44","682,44","682,44","","0,13%"
"10.02.2017","681,57","681,57","681,57","681,57","","0,06%"
"09.02.2017","681,14","681,14","681,14","681,14","","-0,56%"
"08.02.2017","684,94","684,94","684,94","684,94","","0,98%"
"07.02.2017","678,29","678,29","678,29","678,29","","1,24%"
"06.02.2017","670,00","670,00","670,00","670,00","","1,51%"
"04.02.2017","660,03","660,03","660,03","660,03","","0,10%"
"03.02.2017","659,38","659,38","659,38","659,38","","-0,80%"
"02.02.2017","664,71","664,71","664,71","664,71","","0,06%"
"01.02.2017","664,31","664,31","664,31","664,31","","-0,31%"
"31.01.2017","666,39","666,39","666,39","666,39","","-0,80%"
"30.01.2017","671,78","671,78","671,78","671,78","","-0,35%"
"28.01.2017","674,14","674,14","674,14","674,14","","0,01%"
"27.01.2017","674,10","674,10","674,10","674,10","","0,51%"
"26.01.2017","670,68","670,68","670,68","670,68","","0,98%"
"25.01.2017","664,15","664,15","664,15","664,15","","-1,15%"
"24.01.2017","671,89","671,89","671,89","671,89","","-1,04%"
"23.01.2017","678,96","678,96","678,96","678,96","","0,78%"
"21.01.2017","673,72","673,72","673,72","673,72","","-0,19%"
"20.01.2017","675,02","675,02","675,02","675,02","","-0,54%"
"19.01.2017","678,66","678,66","678,66","678,66","","-1,27%"
"18.01.2017","687,38","687,38","687,38","687,38","","-0,38%"
"17.01.2017","689,97","689,97","689,97","689,97","","-0,05%"
"16.01.2017","690,31","690,31","690,31","690,31","","0,27%"
"14.01.2017","688,47","688,47","688,47","688,47","","0,13%"
"13.01.2017","687,59","687,59","687,59","687,59","","-0,61%"
"12.01.2017","691,84","691,84","691,84","691,84","","-0,32%"
"11.01.2017","694,08","694,08","694,08","694,08","","0,02%"
"10.01.2017","693,92","693,92","693,92","693,92","","0,08%"
"09.01.2017","693,39","693,39","693,39","693,39","","0,44%"
"07.01.2017","690,33","690,33","690,33","690,33","","-0,13%"
"06.01.2017","691,25","691,25","691,25","691,25","","-0,08%"
"05.01.2017","691,80","691,80","691,80","691,80","","0,58%"
"04.01.2017","687,83","687,83","687,83","687,83","","-0,73%"
"03.01.2017","692,86","692,86","692,86","692,86","","0,53%"
"02.01.2017","689,18","689,18","689,18","689,18","","0,51%"
"01.01.2017","685,68","685,68","685,68","685,68","","0,18%"
"31.12.2016","684,46","684,46","684,46","684,46","","-0,15%"
"30.12.2016","685,46","685,46","685,46","685,46","","0,13%"
"29.12.2016","684,57","684,57","684,57","684,57","","-0,75%"
"28.12.2016","689,75","689,75","689,75","689,75","","1,52%"
"27.12.2016","679,39","679,39","679,39","679,39","","-0,58%"
"26.12.2016","683,37","683,37","683,37","683,37","","0,01%"
"24.12.2016","683,27","683,27","683,27","683,27","","0,00%"
"23.12.2016","683,25","683,25","683,25","683,25","","0,22%"
"22.12.2016","681,75","681,75","681,75","681,75","","-0,22%"
"21.12.2016","683,26","683,26","683,26","683,26","","0,22%"
"20.12.2016","681,78","681,78","681,78","681,78","","-0,45%"
"19.12.2016","684,87","684,87","684,87","684,87","","1,49%"
"17.12.2016","674,80","674,80","674,80","674,80","","0,14%"
"16.12.2016","673,83","673,83","673,83","673,83","","-1,00%"
"15.12.2016","680,63","680,63","680,63","680,63","","1,21%"
"14.12.2016","672,51","672,51","672,51","672,51","","-0,06%"
"13.12.2016","672,94","672,94","672,94","672,94","","0,41%"
"12.12.2016","670,21","670,21","670,21","670,21","","-0,61%"
"10.12.2016","674,32","674,32","674,32","674,32","","-0,24%"
"09.12.2016","675,92","675,92","675,92","675,92","","-0,79%"
"08.12.2016","681,27","681,27","681,27","681,27","","0,15%"
"07.12.2016","680,25","680,25","680,25","680,25","","0,73%"
"06.12.2016","675,33","675,33","675,33","675,33","","-0,09%"
"05.12.2016","675,95","675,95","675,95","675,95","","-0,16%"
"04.12.2016","677,06","677,06","677,06","677,06","","-0,29%"
"03.12.2016","679,00","679,00","679,00","679,00","","-0,29%"
"02.12.2016","680,95","680,95","680,95","680,95","","0,62%"
"01.12.2016","676,79","676,79","676,79","676,79","","-1,99%"
"30.11.2016","690,56","690,56","690,56","690,56","","-0,76%"
"29.11.2016","695,85","695,85","695,85","695,85","","0,32%"
"28.11.2016","693,60","693,60","693,60","693,60","","0,55%"
"26.11.2016","689,82","689,82","689,82","689,82","","-0,09%"
"25.11.2016","690,45","690,45","690,45","690,45","","-0,20%"
"24.11.2016","691,82","691,82","691,82","691,82","","0,05%"
"23.11.2016","691,50","691,50","691,50","691,50","","0,36%"
"22.11.2016","689,01","689,01","689,01","689,01","","0,10%"
"21.11.2016","688,32","688,32","688,32","688,32","","-0,13%"
"19.11.2016","689,19","689,19","689,19","689,19","","-0,13%"
"18.11.2016","690,11","690,11","690,11","690,11","","-0,18%"
"17.11.2016","691,32","691,32","691,32","691,32","","-0,68%"
"16.11.2016","696,03","696,03","696,03","696,03","","1,28%"
"15.11.2016","687,22","687,22","687,22","687,22","","0,34%"
"14.11.2016","684,90","684,90","684,90","684,90","","2,25%"
"12.11.2016","669,83","669,83","669,83","669,83","","-1,14%"
"11.11.2016","677,53","677,53","677,53","677,53","","0,38%"
"10.11.2016","674,96","674,96","674,96","674,96","","-0,81%"
"09.11.2016","680,44","680,44","680,44","680,44","","-4,19%"
"08.11.2016","710,20","710,20","710,20","710,20","","-0,38%"
"07.11.2016","712,89","712,89","712,89","712,89","","-0,09%"
"05.11.2016","713,56","713,56","713,56","713,56","","0,29%"
"04.11.2016","711,49","711,49","711,49","711,49","","0,40%"
"03.11.2016","708,65","708,65","708,65","708,65","","-0,84%"
"02.11.2016","714,65","714,65","714,65","714,65","","-0,23%"
"01.11.2016","716,30","716,30","716,30","716,30","","-0,31%"
"31.10.2016","718,56","718,56","718,56","718,56","","0,65%"
"29.10.2016","713,89","713,89","713,89","713,89","","0,01%"
"28.10.2016","713,81","713,81","713,81","713,81","","-1,11%"
"27.10.2016","721,80","721,80","721,80","721,80","","-1,23%"
"26.10.2016","730,80","730,80","730,80","730,80","","-0,94%"
"25.10.2016","737,73","737,73","737,73","737,73","","0,26%"
"24.10.2016","735,79","735,79","735,79","735,79","","-0,49%"
"22.10.2016","739,41","739,41","739,41","739,41","","0,01%"
"21.10.2016","739,37","739,37","739,37","739,37","","0,56%"
"20.10.2016","735,27","735,27","735,27","735,27","","0,77%"
"19.10.2016","729,63","729,63","729,63","729,63","","0,01%"
"18.10.2016","729,54","729,54","729,54","729,54","","0,41%"
"17.10.2016","726,56","726,56","726,56","726,56","","0,52%"
"15.10.2016","722,82","722,82","722,82","722,82","","-0,09%"
"14.10.2016","723,44","723,44","723,44","723,44","","-0,88%"
"13.10.2016","729,89","729,89","729,89","729,89","","0,27%"
"12.10.2016","727,89","727,89","727,89","727,89","","0,55%"
"11.10.2016","723,91","723,91","723,91","723,91","","0,90%"
"10.10.2016","717,46","717,46","717,46","717,46","","-0,46%"
"09.10.2016","720,79","720,79","720,79","720,79","","0,37%"
"07.10.2016","718,13","718,13","718,13","718,13","","-0,65%"
"06.10.2016","722,86","722,86","722,86","722,86","","0,01%"
"05.10.2016","722,80","722,80","722,80","722,80","","-0,64%"
"04.10.2016","727,44","727,44","727,44","727,44","","-1,42%"
"03.10.2016","737,95","737,95","737,95","737,95","","0,12%"
"01.10.2016","737,10","737,10","737,10","737,10","","0,09%"
"30.09.2016","736,46","736,46","736,46","736,46","","-1,40%"
"29.09.2016","746,92","746,92","746,92","746,92","","0,26%"
"28.09.2016","745,00","745,00","745,00","745,00","","-0,22%"
"27.09.2016","746,66","746,66","746,66","746,66","","1,43%"
"26.09.2016","736,14","736,14","736,14","736,14","","0,08%"
"24.09.2016","735,58","735,58","735,58","735,58","","-0,09%"
"23.09.2016","736,26","736,26","736,26","736,26","","0,17%"
"22.09.2016","735,00","735,00","735,00","735,00","","0,82%"
"21.09.2016","729,01","729,01","729,01","729,01","","0,36%"
"20.09.2016","726,41","726,41","726,41","726,41","","0,50%"
"19.09.2016","722,77","722,77","722,77","722,77","","0,05%"
"17.09.2016","722,41","722,41","722,41","722,41","","-0,06%"
"16.09.2016","722,84","722,84","722,84","722,84","","1,29%"
"15.09.2016","713,66","713,66","713,66","713,66","","-0,56%"
"14.09.2016","717,66","717,66","717,66","717,66","","0,29%"
"13.09.2016","715,56","715,56","715,56","715,56","","-1,47%"
"12.09.2016","726,25","726,25","726,25","726,25","","-0,09%"
"10.09.2016","726,92","726,92","726,92","726,92","","-0,01%"
"09.09.2016","726,98","726,98","726,98","726,98","","-1,20%"
"08.09.2016","735,82","735,82","735,82","735,82","","-2,01%"
"07.09.2016","750,93","750,93","750,93","750,93","","0,22%"
"06.09.2016","749,30","749,30","749,30","749,30","","-0,25%"
"05.09.2016","751,22","751,22","751,22","751,22","","0,06%"
"03.09.2016","750,77","750,77","750,77","750,77","","0,03%"
"02.09.2016","750,56","750,56","750,56","750,56","","-0,52%"
"01.09.2016","754,46","754,46","754,46","754,46","","-0,32%"
"31.08.2016","756,89","756,89","756,89","756,89","","-0,10%"
"30.08.2016","757,62","757,62","757,62","757,62","","0,07%"
"29.08.2016","757,09","757,09","757,09","757,09","","1,79%"
"26.08.2016","743,79","743,79","743,79","743,79","","0,09%"
"25.08.2016","743,12","743,12","743,12","743,12","","-0,60%"
"24.08.2016","747,64","747,64","747,64","747,64","","0,21%"
"23.08.2016","746,10","746,10","746,10","746,10","","0,33%"
"22.08.2016","743,64","743,64","743,64","743,64","","1,18%"
"20.08.2016","734,94","734,94","734,94","734,94","","0,03%"
"19.08.2016","734,73","734,73","734,73","734,73","","-0,31%"
"18.08.2016","737,00","737,00","737,00","737,00","","-0,29%"
"17.08.2016","739,17","739,17","739,17","739,17","","0,42%"
"16.08.2016","736,06","736,06","736,06","736,06","","-1,26%"
"15.08.2016","745,45","745,45","745,45","745,45","","-0,98%"
"13.08.2016","752,81","752,81","752,81","752,81","","-0,07%"
"12.08.2016","753,37","753,37","753,37","753,37","","0,88%"
"11.08.2016","746,80","746,80","746,80","746,80","","-0,82%"
"10.08.2016","752,99","752,99","752,99","752,99","","0,13%"
"09.08.2016","752,02","752,02","752,02","752,02","","0,67%"
"08.08.2016","747,02","747,02","747,02","747,02","","0,19%"
"06.08.2016","745,64","745,64","745,64","745,64","","-0,02%"
"05.08.2016","745,75","745,75","745,75","745,75","","-0,75%"
"04.08.2016","751,37","751,37","751,37","751,37","","0,97%"
"03.08.2016","744,18","744,18","744,18","744,18","","0,57%"
"02.08.2016","739,95","739,95","739,95","739,95","","-1,59%"
"01.08.2016","751,91","751,91","751,91","751,91","","-1,09%"
"30.07.2016","760,21","760,21","760,21","760,21","","0,03%"
"29.07.2016","759,96","759,96","759,96","759,96","","0,15%"
"28.07.2016","758,82","758,82","758,82","758,82","","-0,18%"
"27.07.2016","760,19","760,19","760,19","760,19","","0,47%"
"26.07.2016","756,60","756,60","756,60","756,60","","0,24%"
"25.07.2016","754,82","754,82","754,82","754,82","","-0,25%"
"23.07.2016","756,68","756,68","756,68","756,68","","-0,05%"
"22.07.2016","757,07","757,07","757,07","757,07","","0,71%"
"21.07.2016","751,69","751,69","751,69","751,69","","-0,19%"
"20.07.2016","753,11","753,11","753,11","753,11","","-0,38%"
"19.07.2016","755,99","755,99","755,99","755,99","","1,06%"
"18.07.2016","748,07","748,07","748,07","748,07","","-0,82%"
"16.07.2016","754,27","754,27","754,27","754,27","","-0,11%"
"15.07.2016","755,11","755,11","755,11","755,11","","-0,35%"
"14.07.2016","757,76","757,76","757,76","757,76","","-1,79%"
"13.07.2016","771,54","771,54","771,54","771,54","","0,93%"
"12.07.2016","764,43","764,43","764,43","764,43","","-1,74%"
"11.07.2016","777,95","777,95","777,95","777,95","","-0,95%"
"10.07.2016","785,42","785,42","785,42","785,42","","-0,01%"
"09.07.2016","785,51","785,51","785,51","785,51","","-0,01%"
"08.07.2016","785,61","785,61","785,61","785,61","","0,82%"
"07.07.2016","779,23","779,23","779,23","779,23","","0,61%"
"06.07.2016","774,47","774,47","774,47","774,47","","-0,50%"
"05.07.2016","778,34","778,34","778,34","778,34","","3,10%"
"04.07.2016","754,94","754,94","754,94","754,94","","-0,11%"
"02.07.2016","755,75","755,75","755,75","755,75","","-0,06%"
"01.07.2016","756,18","756,18","756,18","756,18","","1,02%"
"30.06.2016","748,52","748,52","748,52","748,52","","-0,40%"
"29.06.2016","751,55","751,55","751,55","751,55","","-0,65%"
"28.06.2016","756,45","756,45","756,45","756,45","","-0,28%"
"27.06.2016","758,57","758,57","758,57","758,57","","3,76%"
"25.06.2016","731,05","731,05","731,05","731,05","","0,28%"
"24.06.2016","729,01","729,01","729,01","729,01","","5,24%"
"23.06.2016","692,68","692,68","692,68","692,68","","-2,00%"
"22.06.2016","706,85","706,85","706,85","706,85","","-0,51%"
"21.06.2016","710,48","710,48","710,48","710,48","","0,11%"
"20.06.2016","709,67","709,67","709,67","709,67","","-1,05%"
"18.06.2016","717,19","717,19","717,19","717,19","","-0,11%"
"17.06.2016","717,95","717,95","717,95","717,95","","-1,43%"
"16.06.2016","728,39","728,39","728,39","728,39","","1,16%"
"15.06.2016","720,06","720,06","720,06","720,06","","-0,43%"
"14.06.2016","723,18","723,18","723,18","723,18","","0,94%"
"13.06.2016","716,43","716,43","716,43","716,43","","0,06%"
"11.06.2016","716,02","716,02","716,02","716,02","","-0,12%"
"10.06.2016","716,89","716,89","716,89","716,89","","1,32%"
"09.06.2016","707,58","707,58","707,58","707,58","","1,37%"
"08.06.2016","697,99","697,99","697,99","697,99","","0,10%"
"07.06.2016","697,31","697,31","697,31","697,31","","0,18%"
"06.06.2016","696,03","696,03","696,03","696,03","","-0,48%"
"04.06.2016","699,36","699,36","699,36","699,36","","0,04%"
"03.06.2016","699,07","699,07","699,07","699,07","","-0,45%"
"02.06.2016","702,20","702,20","702,20","702,20","","1,15%"
"01.06.2016","694,22","694,22","694,22","694,22","","-0,41%"
"31.05.2016","697,11","697,11","697,11","697,11","","0,35%"
"30.05.2016","694,67","694,67","694,67","694,67","","-0,17%"
"28.05.2016","695,87","695,87","695,87","695,87","","-0,09%"
"27.05.2016","696,50","696,50","696,50","696,50","","0,50%"
"26.05.2016","693,05","693,05","693,05","693,05","","0,50%"
"25.05.2016","689,63","689,63","689,63","689,63","","-0,69%"
"24.05.2016","694,41","694,41","694,41","694,41","","0,54%"
"23.05.2016","690,65","690,65","690,65","690,65","","0,10%"
"21.05.2016","689,99","689,99","689,99","689,99","","0,06%"
"20.05.2016","689,57","689,57","689,57","689,57","","-0,22%"
"19.05.2016","691,10","691,10","691,10","691,10","","1,18%"
"18.05.2016","683,04","683,04","683,04","683,04","","-1,21%"
"17.05.2016","691,38","691,38","691,38","691,38","","0,26%"
"16.05.2016","689,61","689,61","689,61","689,61","","-0,99%"
"13.05.2016","696,47","696,47","696,47","696,47","","1,81%"
"12.05.2016","684,10","684,10","684,10","684,10","","-0,22%"
"11.05.2016","685,61","685,61","685,61","685,61","","0,19%"
"10.05.2016","684,32","684,32","684,32","684,32","","0,26%"
"09.05.2016","682,51","682,51","682,51","682,51","","0,29%"
"07.05.2016","680,54","680,54","680,54","680,54","","0,06%"
"06.05.2016","680,12","680,12","680,12","680,12","","-0,44%"
"05.05.2016","683,11","683,11","683,11","683,11","","1,46%"
"04.05.2016","673,29","673,29","673,29","673,29","","0,48%"
"03.05.2016","670,08","670,08","670,08","670,08","","1,53%"
"02.05.2016","660,01","660,01","660,01","660,01","","-1,55%"
"30.04.2016","670,38","670,38","670,38","670,38","","-0,22%"
"29.04.2016","671,84","671,84","671,84","671,84","","-0,25%"
"28.04.2016","673,55","673,55","673,55","673,55","","-0,19%"
"27.04.2016","674,86","674,86","674,86","674,86","","1,00%"
"26.04.2016","668,18","668,18","668,18","668,18","","-0,94%"
"25.04.2016","674,49","674,49","674,49","674,49","","-0,61%"
"23.04.2016","678,62","678,62","678,62","678,62","","-0,10%"
"22.04.2016","679,29","679,29","679,29","679,29","","0,28%"
"21.04.2016","677,42","677,42","677,42","677,42","","-0,57%"
"20.04.2016","681,32","681,32","681,32","681,32","","-0,78%"
"19.04.2016","686,66","686,66","686,66","686,66","","-0,59%"
"18.04.2016","690,70","690,70","690,70","690,70","","-0,65%"
"16.04.2016","695,24","690,28","695,24","690,28","","-0,09%"
"15.04.2016","695,90","695,90","695,90","695,90","","0,59%"
"14.04.2016","691,79","691,79","691,79","691,79","","-0,34%"
"13.04.2016","694,12","694,12","694,12","694,12","","1,29%"
"12.04.2016","685,28","685,28","685,28","685,28","","0,20%"
"11.04.2016","683,91","683,91","683,91","683,91","","-0,18%"
"08.04.2016","685,15","685,15","685,15","685,15","","-1,06%"
"07.04.2016","692,51","692,51","692,51","692,51","","1,63%"
"06.04.2016","681,41","681,41","681,41","681,41","","-0,85%"
"05.04.2016","687,23","687,23","687,23","687,23","","1,40%"
"04.04.2016","677,74","677,74","677,74","677,74","","0,40%"
"02.04.2016","675,05","674,90","675,05","674,90","","-0,23%"
"01.04.2016","676,63","676,63","676,63","676,63","","0,17%"
"31.03.2016","675,46","675,46","675,46","675,46","","0,39%"
"30.03.2016","672,82","672,82","672,82","672,82","","-1,34%"
"29.03.2016","681,99","681,99","681,99","681,99","","-0,19%"
"28.03.2016","683,30","683,30","683,30","683,30","","0,30%"
"26.03.2016","681,29","681,14","681,29","681,14","","-0,09%"
"25.03.2016","681,90","681,90","681,90","681,90","","0,11%"
"24.03.2016","681,14","681,14","681,14","681,14","","-0,21%"
"23.03.2016","682,58","682,58","682,58","682,58","","1,76%"
"22.03.2016","670,79","670,79","670,79","670,79","","0,44%"
"21.03.2016","667,83","667,83","667,83","667,83","","-0,99%"
"19.03.2016","674,53","674,53","674,53","674,53","","0,08%"
"18.03.2016","673,97","673,97","673,97","673,97","","0,91%"
"17.03.2016","667,92","667,92","667,92","667,92","","0,01%"
"16.03.2016","667,84","667,84","667,84","667,84","","-1,32%"
"15.03.2016","676,74","676,74","676,74","676,74","","0,20%"
"14.03.2016","675,39","675,39","675,39","675,39","","0,60%"
"12.03.2016","671,39","671,39","671,39","671,39","","0,14%"
"11.03.2016","670,47","670,47","670,47","670,47","","-0,71%"
"10.03.2016","675,24","675,24","675,24","675,24","","-2,28%"
"09.03.2016","690,98","690,98","690,98","690,98","","-0,80%"
"08.03.2016","696,55","696,55","696,55","696,55","","1,60%"
"07.03.2016","685,58","685,58","685,58","685,58","","-0,27%"
"05.03.2016","687,44","693,45","693,45","687,44","","-0,03%"
"04.03.2016","687,67","687,67","687,67","687,67","","-1,28%"
"03.03.2016","696,59","696,59","696,59","696,59","","-0,14%"
"02.03.2016","697,60","697,60","697,60","697,60","","0,25%"
"01.03.2016","695,87","695,87","695,87","695,87","","-1,75%"
"29.02.2016","708,28","708,28","708,28","708,28","","0,79%"
"27.02.2016","702,70","702,70","702,70","702,70","","0,18%"
"26.02.2016","701,42","701,42","701,42","701,42","","-0,45%"
"25.02.2016","704,59","704,59","704,59","704,59","","0,43%"
"24.02.2016","701,61","701,61","701,61","701,61","","-0,00%"
"23.02.2016","701,62","701,62","701,62","701,62","","0,59%"
"22.02.2016","697,54","697,54","697,54","697,54","","0,33%"
"20.02.2016","695,27","695,27","695,27","695,27","","0,32%"
"19.02.2016","693,06","693,06","693,06","693,06","","0,32%"
"18.02.2016","690,84","690,84","690,84","690,84","","1,36%"
"17.02.2016","681,56","681,56","681,56","681,56","","-0,79%"
"16.02.2016","686,95","686,95","686,95","686,95","","-0,64%"
"15.02.2016","691,41","691,41","691,41","691,41","","0,64%"
"13.02.2016","687,04","687,04","687,04","687,04","","0,31%"
"12.02.2016","684,91","684,91","684,91","684,91","","-1,19%"
"11.02.2016","693,13","693,13","693,13","693,13","","-0,64%"
"10.02.2016","697,58","697,58","697,58","697,58","","0,55%"
"09.02.2016","693,76","693,76","693,76","693,76","","-0,74%"
"08.02.2016","698,96","698,96","698,96","698,96","","2,20%"
"06.02.2016","683,89","681,44","683,89","681,44","","-0,12%"
"05.02.2016","684,69","684,69","684,69","684,69","","0,81%"
"04.02.2016","679,19","679,19","679,19","679,19","","-0,77%"
"03.02.2016","684,44","684,44","684,44","684,44","","-2,21%"
"02.02.2016","699,88","699,88","699,88","699,88","","1,79%"
"01.02.2016","687,55","687,55","687,55","687,55","","-0,78%"
"30.01.2016","692,97","688,09","692,97","688,09","","-0,16%"
"29.01.2016","694,08","694,08","694,08","694,08","","1,67%"
"28.01.2016","682,70","682,70","682,70","682,70","","-0,41%"
"27.01.2016","685,53","685,53","685,53","685,53","","-0,45%"
"26.01.2016","688,61","688,61","688,61","688,61","","-0,16%"
"25.01.2016","689,74","689,74","689,74","689,74","","0,70%"
"24.01.2016","684,95","684,95","684,95","684,95","","-0,16%"
"23.01.2016","686,07","686,07","686,07","686,07","","-0,25%"
"22.01.2016","687,81","687,81","687,81","687,81","","0,37%"
"21.01.2016","685,28","685,28","685,28","685,28","","-0,84%"
"20.01.2016","691,12","691,12","691,12","691,12","","1,55%"
"19.01.2016","680,54","680,54","680,54","680,54","","-0,34%"
"18.01.2016","682,86","682,86","682,86","682,86","","0,23%"
"15.01.2016","681,30","681,30","681,30","681,30","","0,99%"
"14.01.2016","674,63","674,63","674,63","674,63","","-0,14%"
"13.01.2016","675,55","675,55","675,55","675,55","","-0,11%"
"12.01.2016","676,27","676,27","676,27","676,27","","1,79%"
"11.01.2016","664,40","664,40","664,40","664,40","","-0,55%"
"09.01.2016","668,05","668,05","668,05","668,05","","0,02%"
"08.01.2016","667,95","667,95","667,95","667,95","","0,47%"
"07.01.2016","664,83","664,83","664,83","664,83","","-1,27%"
"06.01.2016","673,37","673,37","673,37","673,37","","0,94%"
"05.01.2016","667,12","667,12","667,12","667,12","","0,53%"
"04.01.2016","663,60","663,60","663,60","663,60","","0,94%"
"02.01.2016","657,39","657,23","657,39","657,23","","-0,10%"
"01.01.2016","658,07","658,07","658,07","658,07","","0,04%"
"31.12.2015","657,79","657,79","657,79","657,79","","1,09%"
"30.12.2015","650,73","650,73","650,73","650,73","","-0,10%"
"29.12.2015","651,39","651,39","651,39","651,39","","-1,33%"
"28.12.2015","660,18","660,18","660,18","660,18","","0,62%"
"26.12.2015","656,09","656,09","656,09","656,09","","-0,18%"
"25.12.2015","657,31","657,31","657,31","657,31","","-0,01%"
"24.12.2015","657,39","657,39","657,39","657,39","","-0,03%"
"23.12.2015","657,58","657,58","657,58","657,58","","-0,25%"
"22.12.2015","659,20","659,20","659,20","659,20","","-1,20%"
"21.12.2015","667,20","667,20","667,20","667,20","","-0,16%"
"19.12.2015","668,28","668,28","668,28","668,28","","-0,14%"
"18.12.2015","669,21","669,21","669,21","669,21","","-0,18%"
"17.12.2015","670,39","670,39","670,39","670,39","","2,33%"
"16.12.2015","655,14","655,14","655,14","655,14","","-0,11%"
"15.12.2015","655,86","655,86","655,86","655,86","","-0,11%"
"14.12.2015","656,62","656,62","656,62","656,62","","-1,29%"
"12.12.2015","665,23","665,23","665,23","665,23","","-0,29%"
"11.12.2015","667,20","667,20","667,20","667,20","","1,48%"
"10.12.2015","657,46","657,46","657,46","657,46","","0,64%"
"09.12.2015","653,25","653,25","653,25","653,25","","-1,31%"
"08.12.2015","661,93","661,93","661,93","661,93","","-0,39%"
"07.12.2015","664,50","664,50","664,50","664,50","","1,41%"
"05.12.2015","655,23","655,23","655,23","655,23","","-0,03%"
"04.12.2015","655,41","655,41","655,41","655,41","","1,49%"
"03.12.2015","645,79","645,79","645,79","645,79","","-5,86%"
"02.12.2015","686,02","686,02","686,02","686,02","","0,10%"
"01.12.2015","685,31","685,31","685,31","685,31","","0,77%"
"30.11.2015","680,06","680,06","680,06","680,06","","0,85%"
"29.11.2015","674,32","674,32","674,32","674,32","","0,09%"
"28.11.2015","673,75","673,75","673,75","673,75","","-0,20%"
"27.11.2015","675,11","675,11","675,11","675,11","","0,14%"
"26.11.2015","674,15","674,15","674,15","674,15","","0,17%"
"25.11.2015","673,02","673,02","673,02","673,02","","0,34%"
"24.11.2015","670,72","670,72","670,72","670,72","","-0,16%"
"23.11.2015","671,78","671,78","671,78","671,78","","0,47%"
"22.11.2015","668,66","668,66","668,66","668,66","","0,03%"
"21.11.2015","668,47","665,05","668,47","665,05","","0,05%"
"20.11.2015","668,11","668,11","668,11","668,11","","0,59%"
"19.11.2015","664,22","664,22","664,22","664,22","","0,02%"
"18.11.2015","664,08","664,08","664,08","664,08","","0,06%"
"17.11.2015","663,70","663,70","663,70","663,70","","0,62%"
"16.11.2015","659,59","659,59","659,59","659,59","","0,50%"
"14.11.2015","656,33","656,33","656,33","656,33","","0,22%"
"13.11.2015","654,90","654,90","654,90","654,90","","0,92%"
"12.11.2015","648,96","648,96","648,96","648,96","","-0,35%"
"11.11.2015","651,26","651,26","651,26","651,26","","-0,18%"
"10.11.2015","652,42","652,42","652,42","652,42","","0,33%"
"09.11.2015","650,27","650,27","650,27","650,27","","-0,47%"
"07.11.2015","653,37","653,37","653,37","653,37","","-0,15%"
"06.11.2015","654,37","654,37","654,37","654,37","","-0,29%"
"05.11.2015","656,27","656,27","656,27","656,27","","-0,37%"
"04.11.2015","658,73","658,73","658,73","658,73","","1,09%"
"03.11.2015","651,60","651,60","651,60","651,60","","-0,59%"
"02.11.2015","655,48","655,48","655,48","655,48","","-0,21%"
"31.10.2015","656,83","656,83","656,83","656,83","","-0,28%"
"30.10.2015","658,69","658,69","658,69","658,69","","0,52%"
"29.10.2015","655,31","655,31","655,31","655,31","","-2,16%"
"28.10.2015","669,75","669,75","669,75","669,75","","0,77%"
"27.10.2015","664,62","664,62","664,62","664,62","","0,28%"
"26.10.2015","662,75","662,75","662,75","662,75","","0,25%"
"23.10.2015","661,10","661,10","661,10","661,10","","0,14%"
"22.10.2015","660,17","660,17","660,17","660,17","","2,17%"
"21.10.2015","646,13","646,13","646,13","646,13","","0,99%"
"20.10.2015","639,81","639,81","639,81","639,81","","-0,84%"
"19.10.2015","645,21","645,21","645,21","645,21","","-0,20%"
"18.10.2015","646,50","646,50","646,50","646,50","","0,06%"
"17.10.2015","646,08","646,08","646,08","646,08","","0,43%"
"16.10.2015","643,31","643,31","643,31","643,31","","-0,05%"
"15.10.2015","643,62","643,62","643,62","643,62","","0,19%"
"14.10.2015","642,43","642,43","642,43","642,43","","0,10%"
"13.10.2015","641,76","641,76","641,76","641,76","","0,64%"
"12.10.2015","637,69","637,69","637,69","637,69","","0,15%"
"10.10.2015","636,73","636,73","636,73","636,73","","-0,15%"
"09.10.2015","637,70","637,70","637,70","637,70","","-0,36%"
"08.10.2015","640,03","640,03","640,03","640,03","","-1,23%"
"07.10.2015","647,99","647,99","647,99","647,99","","-0,12%"
"06.10.2015","648,77","648,77","648,77","648,77","","-0,19%"
"05.10.2015","649,98","649,98","649,98","649,98","","-1,25%"
"03.10.2015","658,18","658,18","658,18","658,18","","-0,03%"
"02.10.2015","658,37","658,37","658,37","658,37","","0,48%"
"01.10.2015","655,24","655,24","655,24","655,24","","-0,14%"
"30.09.2015","656,15","656,15","656,15","656,15","","0,70%"
"29.09.2015","651,57","651,57","651,57","651,57","","0,36%"
"28.09.2015","649,20","649,20","649,20","649,20","","1,55%"
"27.09.2015","639,32","639,32","639,32","639,32","","-0,15%"
"26.09.2015","640,25","640,25","640,25","640,25","","-0,17%"
"25.09.2015","641,33","641,33","641,33","641,33","","-0,51%"
"24.09.2015","644,65","644,65","644,65","644,65","","0,18%"
"23.09.2015","643,48","643,48","643,48","643,48","","-0,64%"
"22.09.2015","647,61","647,61","647,61","647,61","","2,09%"
"21.09.2015","634,37","634,37","634,37","634,37","","-0,96%"
"19.09.2015","640,51","640,51","640,51","640,51","","0,41%"
"18.09.2015","637,90","637,90","637,90","637,90","","2,68%"
"17.09.2015","621,26","621,26","621,26","621,26","","0,22%"
"16.09.2015","619,88","619,88","619,88","619,88","","-0,47%"
"15.09.2015","622,81","622,81","622,81","622,81","","-1,81%"
"14.09.2015","634,26","634,26","634,26","634,26","","-0,04%"
"12.09.2015","634,48","634,48","634,48","634,48","","0,17%"
"11.09.2015","633,43","633,43","633,43","633,43","","0,21%"
"10.09.2015","632,08","632,08","632,08","632,08","","-1,32%"
"09.09.2015","640,56","640,56","640,56","640,56","","0,07%"
"08.09.2015","640,08","640,08","640,08","640,08","","-1,60%"
"07.09.2015","650,52","650,52","650,52","650,52","","-0,13%"
"05.09.2015","651,34","643,85","651,34","643,85","","-0,05%"
"04.09.2015","651,70","651,70","651,70","651,70","","0,70%"
"03.09.2015","647,18","647,18","647,18","647,18","","1,29%"
"02.09.2015","638,95","638,95","638,95","638,95","","0,12%"
"01.09.2015","638,18","638,18","638,18","638,18","","-0,11%"
"31.08.2015","638,89","638,89","638,89","638,89","","-1,26%"
"28.08.2015","647,08","647,08","647,08","647,08","","0,96%"
"27.08.2015","640,92","640,92","640,92","640,92","","0,78%"
"26.08.2015","635,98","635,98","635,98","635,98","","-0,77%"
"25.08.2015","640,94","640,94","640,94","640,94","","-0,60%"
"24.08.2015","644,84","644,84","644,84","644,84","","-1,92%"
"21.08.2015","657,47","657,47","657,47","657,47","","-1,08%"
"20.08.2015","664,65","664,65","664,65","664,65","","0,32%"
"19.08.2015","662,50","662,50","662,50","662,50","","-0,10%"
"18.08.2015","663,14","663,14","663,14","663,14","","-0,14%"
"17.08.2015","664,10","664,10","664,10","664,10","","0,74%"
"14.08.2015","659,22","659,22","659,22","659,22","","0,61%"
"13.08.2015","655,19","655,19","655,19","655,19","","-0,30%"
"12.08.2015","657,14","657,14","657,14","657,14","","-1,58%"
"11.08.2015","667,69","667,69","667,69","667,69","","1,52%"
"10.08.2015","657,69","657,69","657,69","657,69","","-1,92%"
"07.08.2015","670,54","670,54","670,54","670,54","","1,13%"
"06.08.2015","663,08","663,08","663,08","663,08","","0,71%"
"05.08.2015","658,42","658,42","658,42","658,42","","-1,06%"
"04.08.2015","665,49","665,49","665,49","665,49","","-0,24%"
"03.08.2015","667,08","667,08","667,08","667,08","","1,44%"
"31.07.2015","657,60","657,60","657,60","657,60","","0,19%"
"30.07.2015","656,38","656,38","656,38","656,38","","1,63%"
"29.07.2015","645,84","645,84","645,84","645,84","","-0,05%"
"28.07.2015","646,15","646,15","646,15","646,15","","-0,38%"
"27.07.2015","648,64","648,64","648,64","648,64","","-0,35%"
"24.07.2015","650,92","650,92","650,92","650,92","","0,18%"
"23.07.2015","649,72","649,72","649,72","649,72","","1,05%"
"22.07.2015","642,94","642,94","642,94","642,94","","0,48%"
"21.07.2015","639,89","639,89","639,89","639,89","","-0,27%"
"20.07.2015","641,62","641,62","641,62","641,62","","-0,45%"
"17.07.2015","644,54","644,54","644,54","644,54","","1,10%"
"16.07.2015","637,50","637,50","637,50","637,50","","1,23%"
"15.07.2015","629,78","629,78","629,78","629,78","","1,56%"
"14.07.2015","620,07","620,07","620,07","620,07","","0,61%"
"13.07.2015","616,31","616,31","616,31","616,31","","0,78%"
"10.07.2015","611,57","611,57","611,57","611,57","","-2,54%"
"09.07.2015","627,48","627,48","627,48","627,48","","-2,28%"
"08.07.2015","642,13","642,13","642,13","642,13","","0,51%"
"07.07.2015","638,87","638,87","638,87","638,87","","1,43%"
"06.07.2015","629,84","629,84","629,84","629,84","","2,55%"
"03.07.2015","614,16","614,16","614,16","614,16","","-0,24%"
"02.07.2015","615,61","615,61","615,61","615,61","","0,07%"
"01.07.2015","615,19","615,19","615,19","615,19","","-0,94%"
"30.06.2015","621,04","621,04","621,04","621,04","","0,55%"
"29.06.2015","617,62","617,62","617,62","617,62","","2,12%"
"26.06.2015","604,82","604,82","604,82","604,82","","-0,86%"
"25.06.2015","610,08","610,08","610,08","610,08","","-0,46%"
"24.06.2015","612,92","612,92","612,92","612,92","","0,70%"
"23.06.2015","608,63","608,63","608,63","608,63","","0,71%"
"22.06.2015","604,36","604,36","604,36","604,36","","-2,07%"
"19.06.2015","617,16","617,16","617,16","617,16","","1,68%"
"18.06.2015","606,98","606,98","606,98","606,98","","-0,84%"
"17.06.2015","612,15","612,15","612,15","612,15","","-1,85%"
"16.06.2015","623,70","623,70","623,70","623,70","","1,28%"
"15.06.2015","615,85","615,85","615,85","615,85","","0,15%"
"12.06.2015","614,95","614,95","614,95","614,95","","-0,18%"
"11.06.2015","616,09","616,09","616,09","616,09","","2,98%"
"10.06.2015","598,28","598,28","598,28","598,28","","-1,19%"
"09.06.2015","605,48","605,48","605,48","605,48","","-1,05%"
"08.06.2015","611,93","611,93","611,93","611,93","","-1,57%"
"05.06.2015","621,70","621,70","621,70","621,70","","-0,26%"
"04.06.2015","623,30","623,30","623,30","623,30","","1,47%"
"03.06.2015","614,26","614,26","614,26","614,26","","-2,70%"
"02.06.2015","631,30","631,30","631,30","631,30","","-3,57%"
"01.06.2015","654,66","654,66","654,66","654,66","","-0,47%"
"29.05.2015","657,73","657,73","657,73","657,73","","-0,29%"
"28.05.2015","659,63","659,63","659,63","659,63","","-0,73%"
"27.05.2015","664,51","664,51","664,51","664,51","","0,40%"
"26.05.2015","661,83","661,83","661,83","661,83","","2,63%"
"25.05.2015","644,88","644,88","644,88","644,88","","0,37%"
"22.05.2015","642,49","642,49","642,49","642,49","","1,02%"
"21.05.2015","636,03","636,03","636,03","636,03","","1,14%"
"20.05.2015","628,84","628,84","628,84","628,84","","0,82%"
"19.05.2015","623,75","623,75","623,75","623,75","","0,57%"
"18.05.2015","620,21","620,21","620,21","620,21","","-0,73%"
"15.05.2015","624,77","624,77","624,77","624,77","","1,73%"
"14.05.2015","614,16","614,16","614,16","614,16","","0,14%"
"13.05.2015","613,33","613,33","613,33","613,33","","-2,72%"
"12.05.2015","630,51","630,51","630,51","630,51","","0,31%"
"11.05.2015","628,55","628,55","628,55","628,55","","-2,67%"
"08.05.2015","645,78","645,78","645,78","645,78","","0,81%"
"07.05.2015","640,56","640,56","640,56","640,56","","2,80%"
"06.05.2015","623,10","623,10","623,10","623,10","","-3,40%"
"05.05.2015","645,00","645,00","645,00","645,00","","-0,95%"
"04.05.2015","651,20","651,20","651,20","651,20","","-0,56%"
"01.05.2015","654,87","654,87","654,87","654,87","","-1,44%"
"30.04.2015","664,41","664,41","664,41","664,41","","-0,51%"
"29.04.2015","667,83","667,83","667,83","667,83","","-2,45%"
"28.04.2015","684,62","684,62","684,62","684,62","","-2,62%"
"27.04.2015","703,02","703,02","703,02","703,02","","-0,19%"
"24.04.2015","704,33","704,33","704,33","704,33","","0,28%"
"23.04.2015","702,35","702,35","702,35","702,35","","-0,56%"
"22.04.2015","706,28","706,28","706,28","706,28","","-1,57%"
"21.04.2015","717,51","717,51","717,51","717,51","","-0,55%"
"20.04.2015","721,47","721,47","721,47","721,47","","-0,15%"
"17.04.2015","722,56","722,56","722,56","722,56","","0,86%"
"16.04.2015","716,37","716,37","716,37","716,37","","-1,48%"
"15.04.2015","727,12","727,12","727,12","727,12","","-0,23%"
"14.04.2015","728,80","728,80","728,80","728,80","","-0,16%"
"13.04.2015","729,95","729,95","729,95","729,95","","0,55%"
"10.04.2015","725,93","725,93","725,93","725,93","","0,84%"
"09.04.2015","719,90","719,90","719,90","719,90","","-0,28%"
"08.04.2015","721,95","721,95","721,95","721,95","","0,12%"
"07.04.2015","721,09","721,09","721,09","721,09","","1,79%"
"06.04.2015","708,44","708,44","708,44","708,44","","-0,93%"
"03.04.2015","715,06","715,06","715,06","715,06","","0,13%"
"02.04.2015","714,10","714,10","714,10","714,10","","-2,51%"
"01.04.2015","732,48","732,48","732,48","732,48","","1,28%"
"31.03.2015","723,25","723,25","723,25","723,25","","1,20%"
"30.03.2015","714,71","714,71","714,71","714,71","","0,17%"
"27.03.2015","713,51","713,51","713,51","713,51","","1,06%"
"26.03.2015","706,01","706,01","706,01","706,01","","-0,85%"
"25.03.2015","712,09","712,09","712,09","712,09","","-1,27%"
"24.03.2015","721,23","721,23","721,23","721,23","","1,11%"
"23.03.2015","713,33","713,33","713,33","713,33","","-1,17%"
"20.03.2015","721,75","721,75","721,75","721,75","","-1,05%"
"19.03.2015","729,41","729,41","729,41","729,41","","1,54%"
"18.03.2015","718,34","718,34","718,34","718,34","","-0,44%"
"17.03.2015","721,50","721,50","721,50","721,50","","0,52%"
"16.03.2015","717,80","717,80","717,80","717,80","","0,45%"
"13.03.2015","714,61","714,61","714,61","714,61","","1,24%"
"12.03.2015","705,83","705,83","705,83","705,83","","-1,02%"
"11.03.2015","713,08","713,08","713,08","713,08","","1,93%"
"10.03.2015","699,59","699,59","699,59","699,59","","3,29%"
"09.03.2015","677,31","677,31","677,31","677,31","","0,96%"
"06.03.2015","670,84","670,84","670,84","670,84","","-0,73%"
"05.03.2015","675,80","675,80","675,80","675,80","","0,32%"
"04.03.2015","673,65","673,65","673,65","673,65","","0,82%"
"03.03.2015","668,19","668,19","668,19","668,19","","-0,55%"
"02.03.2015","671,85","671,85","671,85","671,85","","-1,82%"
"27.02.2015","684,27","684,27","684,27","684,27","","0,81%"
"26.02.2015","678,76","678,76","678,76","678,76","","0,33%"
"25.02.2015","676,55","676,55","676,55","676,55","","0,04%"
"24.02.2015","676,27","676,27","676,27","676,27","","1,40%"
"23.02.2015","666,91","666,91","666,91","666,91","","1,62%"
"20.02.2015","656,26","656,26","656,26","656,26","","0,36%"
"19.02.2015","653,91","653,91","653,91","653,91","","-0,24%"
"18.02.2015","655,46","655,46","655,46","655,46","","0,51%"
"17.02.2015","652,15","652,15","652,15","652,15","","-2,15%"
"16.02.2015","666,51","666,51","666,51","666,51","","0,28%"
"13.02.2015","664,65","664,65","664,65","664,65","","-1,11%"
"12.02.2015","672,12","672,12","672,12","672,12","","-0,43%"
"11.02.2015","675,02","675,02","675,02","675,02","","-0,21%"
"10.02.2015","676,46","676,46","676,46","676,46","","-0,60%"
"09.02.2015","680,52","680,52","680,52","680,52","","-0,46%"
"06.02.2015","683,68","683,68","683,68","683,68","","-0,60%"
"05.02.2015","687,79","687,79","687,79","687,79","","-2,87%"
"04.02.2015","708,12","708,12","708,12","708,12","","2,14%"
"03.02.2015","693,27","693,27","693,27","693,27","","-3,78%"
"02.02.2015","720,52","720,52","720,52","720,52","","-1,16%"
"30.01.2015","728,96","728,96","728,96","728,96","","2,29%"
"29.01.2015","712,67","712,67","712,67","712,67","","-0,90%"
"28.01.2015","719,16","719,16","719,16","719,16","","3,13%"
"27.01.2015","697,34","697,34","697,34","697,34","","-1,27%"
"26.01.2015","706,33","706,33","706,33","706,33","","-0,92%"
"23.01.2015","712,85","712,85","712,85","712,85","","3,05%"
"22.01.2015","691,72","691,72","691,72","691,72","","2,60%"
"21.01.2015","674,17","674,17","674,17","674,17","","-2,24%"
"20.01.2015","689,60","689,60","689,60","689,60","","1,85%"
"19.01.2015","677,04","677,04","677,04","677,04","","-0,31%"
"16.01.2015","679,16","679,16","679,16","679,16","","-1,05%"
"15.01.2015","686,36","686,36","686,36","686,36","","3,43%"
"14.01.2015","663,57","663,57","663,57","663,57","","0,59%"
"13.01.2015","659,65","659,65","659,65","659,65","","0,38%"
"12.01.2015","657,12","657,12","657,12","657,12","","0,80%"
"09.01.2015","651,94","651,94","651,94","651,94","","0,97%"
"08.01.2015","645,67","645,67","645,67","645,67","","-0,93%"
"07.01.2015","651,76","651,76","651,76","651,76","","-0,24%"
"06.01.2015","653,33","653,33","653,33","653,33","","2,49%"
"05.01.2015","637,45","637,45","637,45","637,45","","2,34%"
"02.01.2015","622,89","622,89","622,89","622,89","","2,08%"
"01.01.2015","610,18","610,18","610,18","610,18","","-0,03%"
"31.12.2014","610,38","610,38","610,38","610,38","","0,69%"
"30.12.2014","606,20","606,20","606,20","606,20","","0,25%"
"29.12.2014","604,69","604,69","604,69","604,69","","1,08%"
"26.12.2014","598,24","598,24","598,24","598,24","","0,73%"
"25.12.2014","593,88","593,88","593,88","593,88","","-0,22%"
"24.12.2014","595,19","595,19","595,19","595,19","","0,30%"
"23.12.2014","593,44","593,44","593,44","593,44","","-1,54%"
"22.12.2014","602,73","602,73","602,73","602,73","","0,49%"
"19.12.2014","599,79","599,79","599,79","599,79","","1,28%"
"18.12.2014","592,23","592,23","592,23","592,23","","-0,76%"
"17.12.2014","596,76","596,76","596,76","596,76","","0,39%"
"16.12.2014","594,41","594,41","594,41","594,41","","0,24%"
"15.12.2014","592,98","592,98","592,98","592,98","","0,47%"
"12.12.2014","590,22","590,22","590,22","590,22","","0,98%"
"11.12.2014","584,49","584,49","584,49","584,49","","0,50%"
"10.12.2014","581,61","581,61","581,61","581,61","","0,21%"
"09.12.2014","580,40","580,40","580,40","580,40","","0,04%"
"08.12.2014","580,16","580,16","580,16","580,16","","1,02%"
"05.12.2014","574,28","574,28","574,28","574,28","","0,65%"
"04.12.2014","570,58","570,58","570,58","570,58","","0,13%"
"03.12.2014","569,82","569,82","569,82","569,82","","0,84%"
"02.12.2014","565,10","565,10","565,10","565,10","","-0,43%"
"01.12.2014","567,55","567,55","567,55","567,55","","-0,86%"
"28.11.2014","572,49","572,49","572,49","572,49","","0,76%"
"27.11.2014","568,20","568,20","568,20","568,20","","0,32%"
"26.11.2014","566,38","566,38","566,38","566,38","","0,26%"
"25.11.2014","564,94","564,94","564,94","564,94","","0,77%"
"24.11.2014","560,64","560,64","560,64","560,64","","-0,35%"
"21.11.2014","562,59","562,59","562,59","562,59","","1,88%"
"20.11.2014","552,24","552,24","552,24","552,24","","0,38%"
"19.11.2014","550,14","550,14","550,14","550,14","","-0,54%"
"18.11.2014","553,11","553,11","553,11","553,11","","-0,40%"
"17.11.2014","555,35","555,35","555,35","555,35","","0,25%"
"14.11.2014","553,94","553,94","553,94","553,94","","0,19%"
"13.11.2014","552,87","552,87","552,87","552,87","","-0,18%"
"12.11.2014","553,87","553,87","553,87","553,87","","0,50%"
"11.11.2014","551,13","551,13","551,13","551,13","","-0,53%"
"10.11.2014","554,07","554,07","554,07","554,07","","-0,48%"
"07.11.2014","556,77","556,77","556,77","556,77","","0,28%"
"06.11.2014","555,22","555,22","555,22","555,22","","0,34%"
"05.11.2014","553,33","553,33","553,33","553,33","","0,25%"
"04.11.2014","551,95","551,95","551,95","551,95","","-0,21%"
"03.11.2014","553,12","553,12","553,12","553,12","","0,22%"
"31.10.2014","551,90","551,90","551,90","551,90","","0,27%"
"30.10.2014","550,43","550,43","550,43","550,43","","0,39%"
"29.10.2014","548,30","548,30","548,30","548,30","","0,99%"
"28.10.2014","542,90","542,90","542,90","542,90","","-0,72%"
"27.10.2014","546,86","546,86","546,86","546,86","","0,12%"
"24.10.2014","546,22","546,22","546,22","546,22","","-0,26%"
"23.10.2014","547,63","547,63","547,63","547,63","","-0,83%"
"22.10.2014","552,19","552,19","552,19","552,19","","0,23%"
"21.10.2014","550,94","550,94","550,94","550,94","","0,15%"
"20.10.2014","550,09","550,09","550,09","550,09","","-0,09%"
"17.10.2014","550,56","550,56","550,56","550,56","","-0,25%"
"16.10.2014","551,93","551,93","551,93","551,93","","-0,89%"
"15.10.2014","556,91","556,91","556,91","556,91","","0,18%"
"14.10.2014","555,91","555,91","555,91","555,91","","1,65%"
"13.10.2014","546,86","546,86","546,86","546,86","","-0,40%"
"10.10.2014","549,04","549,04","549,04","549,04","","1,06%"
"09.10.2014","543,26","543,26","543,26","543,26","","0,30%"
"08.10.2014","541,63","541,63","541,63","541,63","","-0,59%"
"07.10.2014","544,86","544,86","544,86","544,86","","1,30%"
"06.10.2014","537,89","537,89","537,89","537,89","","-0,97%"
"03.10.2014","543,18","543,18","543,18","543,18","","1,59%"
"02.10.2014","534,69","534,69","534,69","534,69","","-1,06%"
"01.10.2014","540,41","540,41","540,41","540,41","","1,92%"
"30.09.2014","530,21","530,21","530,21","530,21","","-0,17%"
"29.09.2014","531,12","531,12","531,12","531,12","","0,71%"
"26.09.2014","527,36","527,36","527,36","527,36","","0,63%"
"25.09.2014","524,08","524,08","524,08","524,08","","1,45%"
"24.09.2014","516,58","516,58","516,58","516,58","","-0,07%"
"23.09.2014","516,94","516,94","516,94","516,94","","0,76%"
"22.09.2014","513,02","513,02","513,02","513,02","","0,04%"
"19.09.2014","512,82","512,82","512,82","512,82","","1,91%"
"18.09.2014","503,22","503,22","503,22","503,22","","-0,32%"
"17.09.2014","504,83","504,83","504,83","504,83","","0,53%"
"16.09.2014","502,19","502,19","502,19","502,19","","-0,40%"
"15.09.2014","504,19","504,19","504,19","504,19","","0,41%"
"12.09.2014","502,15","502,15","502,15","502,15","","-2,09%"
"11.09.2014","512,88","512,88","512,88","512,88","","0,23%"
"10.09.2014","511,71","511,71","511,71","511,71","","-0,55%"
"09.09.2014","514,52","514,52","514,52","514,52","","-0,47%"
"08.09.2014","516,94","516,94","516,94","516,94","","0,68%"
"05.09.2014","513,43","513,43","513,43","513,43","","-0,65%"
"04.09.2014","516,80","516,80","516,80","516,80","","0,68%"
"03.09.2014","513,34","513,34","513,34","513,34","","0,18%"
"02.09.2014","512,42","512,42","512,42","512,42","","-1,71%"
"01.09.2014","521,33","521,33","521,33","521,33","","0,05%"
"29.08.2014","521,09","521,09","521,09","521,09","","0,14%"
"28.08.2014","520,35","520,35","520,35","520,35","","0,83%"
"27.08.2014","516,06","516,06","516,06","516,06","","0,62%"
"26.08.2014","512,89","512,89","512,89","512,89","","-0,12%"
"25.08.2014","513,52","513,52","513,52","513,52","","0,84%"
"22.08.2014","509,26","509,26","509,26","509,26","","1,02%"
"21.08.2014","504,12","504,12","504,12","504,12","","0,38%"
"20.08.2014","502,24","502,24","502,24","502,24","","0,47%"
"19.08.2014","499,90","499,90","499,90","499,90","","-0,16%"
"18.08.2014","500,70","500,70","500,70","500,70","","-0,90%"
"15.08.2014","505,24","505,24","505,24","505,24","","0,94%"
"14.08.2014","500,55","500,55","500,55","500,55","","0,96%"
"13.08.2014","495,79","495,79","495,79","495,79","","0,52%"
"12.08.2014","493,24","493,24","493,24","493,24","","-0,51%"
"11.08.2014","495,75","495,75","495,75","495,75","","0,06%"
"08.08.2014","495,45","495,45","495,45","495,45","","-0,15%"
"07.08.2014","496,20","496,20","496,20","496,20","","0,96%"
"06.08.2014","491,48","491,48","491,48","491,48","","-0,02%"
"05.08.2014","491,59","491,59","491,59","491,59","","0,67%"
"04.08.2014","488,29","488,29","488,29","488,29","","0,10%"
"01.08.2014","487,81","487,81","487,81","487,81","","-0,00%"
"31.07.2014","487,82","487,82","487,82","487,82","","0,04%"
"30.07.2014","487,64","487,64","487,64","487,64","","-1,52%"
"29.07.2014","495,19","495,19","495,19","495,19","","0,98%"
"28.07.2014","490,39","490,39","490,39","490,39","","-0,41%"
"25.07.2014","492,42","492,42","492,42","492,42","","1,32%"
"24.07.2014","485,99","485,99","485,99","485,99","","-0,74%"
"23.07.2014","489,63","489,63","489,63","489,63","","-0,08%"
"22.07.2014","490,03","490,03","490,03","490,03","","0,65%"
"21.07.2014","486,89","486,89","486,89","486,89","","0,55%"
"18.07.2014","484,22","484,22","484,22","484,22","","-0,00%"
"17.07.2014","484,24","484,24","484,24","484,24","","1,10%"
"16.07.2014","478,98","478,98","478,98","478,98","","0,68%"
"15.07.2014","475,76","475,76","475,76","475,76","","0,43%"
"14.07.2014","473,75","473,75","473,75","473,75","","-0,55%"
"11.07.2014","476,37","476,37","476,37","476,37","","0,44%"
"10.07.2014","474,29","474,29","474,29","474,29","","0,17%"
"09.07.2014","473,47","473,47","473,47","473,47","","0,16%"
"08.07.2014","472,74","472,74","472,74","472,74","","1,06%"
"07.07.2014","467,78","467,78","467,78","467,78","","0,74%"
"04.07.2014","464,36","464,36","464,36","464,36","","0,15%"
"03.07.2014","463,65","463,65","463,65","463,65","","0,08%"
"02.07.2014","463,27","463,27","463,27","463,27","","-1,17%"
"01.07.2014","468,77","468,77","468,77","468,77","","-0,96%"
"30.06.2014","473,29","473,29","473,29","473,29","","0,14%"
"27.06.2014","472,64","472,64","472,64","472,64","","-0,59%"
"26.06.2014","475,46","475,46","475,46","475,46","","0,86%"
"25.06.2014","471,41","471,41","471,41","471,41","","0,26%"
"24.06.2014","470,21","470,21","470,21","470,21","","0,78%"
"23.06.2014","466,55","466,55","466,55","466,55","","0,07%"
"20.06.2014","466,20","466,20","466,20","466,20","","0,22%"
"19.06.2014","465,18","465,18","465,18","465,18","","-0,81%"
"18.06.2014","468,97","468,97","468,97","468,97","","0,13%"
"17.06.2014","468,36","468,36","468,36","468,36","","-0,71%"
"16.06.2014","471,71","471,71","471,71","471,71","","0,06%"
"13.06.2014","471,41","471,41","471,41","471,41","","0,06%"
"12.06.2014","471,12","471,12","471,12","471,12","","0,98%"
"11.06.2014","466,56","466,56","466,56","466,56","","0,06%"
"10.06.2014","466,29","466,29","466,29","466,29","","0,06%"
"09.06.2014","466,03","466,03","466,03","466,03","","0,12%"
"06.06.2014","465,49","465,49","465,49","465,49","","0,06%"
"05.06.2014","465,22","465,22","465,22","465,22","","-0,21%"
"04.06.2014","466,20","466,20","466,20","466,20","","0,03%"
"03.06.2014","466,05","466,05","466,05","466,05","","-1,29%"
"02.06.2014","472,14","472,14","472,14","472,14","","-0,89%"
"30.05.2014","476,36","476,36","476,36","476,36","","-0,39%"
"29.05.2014","478,21","478,21","478,21","478,21","","-0,40%"
"28.05.2014","480,13","480,13","480,13","480,13","","1,84%"
"27.05.2014","471,45","471,45","471,45","471,45","","0,57%"
"26.05.2014","468,76","468,76","468,76","468,76","","0,05%"
"23.05.2014","468,54","468,54","468,54","468,54","","0,75%"
"22.05.2014","465,05","465,05","465,05","465,05","","0,01%"
"21.05.2014","465,02","465,02","465,02","465,02","","-0,64%"
"20.05.2014","468,01","468,01","468,01","468,01","","0,20%"
"19.05.2014","467,07","467,07","467,07","467,07","","-0,78%"
"16.05.2014","470,76","470,76","470,76","470,76","","-0,03%"
"15.05.2014","470,89","470,89","470,89","470,89","","0,77%"
"14.05.2014","467,28","467,28","467,28","467,28","","1,34%"
"13.05.2014","461,08","461,08","461,08","461,08","","1,09%"
"12.05.2014","456,13","456,13","456,13","456,13","","-0,45%"
"09.05.2014","458,19","458,19","458,19","458,19","","-0,09%"
"08.05.2014","458,59","458,59","458,59","458,59","","0,32%"
"07.05.2014","457,13","457,13","457,13","457,13","","-0,27%"
"06.05.2014","458,36","458,36","458,36","458,36","","0,12%"
"05.05.2014","457,82","457,82","457,82","457,82","","-0,76%"
"02.05.2014","461,32","461,32","461,32","461,32","","0,69%"
"01.05.2014","458,15","458,15","458,15","458,15","","1,00%"
"30.04.2014","453,63","453,63","453,63","453,63","","0,19%"
"29.04.2014","452,79","452,79","452,79","452,79","","-0,26%"
"28.04.2014","453,96","453,96","453,96","453,96","","-0,49%"
"25.04.2014","456,22","456,22","456,22","456,22","","0,46%"
"24.04.2014","454,14","454,14","454,14","454,14","","-0,00%"
"23.04.2014","454,14","454,14","454,14","454,14","","0,52%"
"22.04.2014","451,78","451,78","451,78","451,78","","0,33%"
"21.04.2014","450,28","450,28","450,28","450,28","","0,02%"
"18.04.2014","450,20","450,20","450,20","450,20","","-0,05%"
"17.04.2014","450,45","450,45","450,45","450,45","","-1,04%"
"16.04.2014","455,20","455,20","455,20","455,20","","0,12%"
"15.04.2014","454,68","454,68","454,68","454,68","","0,49%"
"14.04.2014","452,45","452,45","452,45","452,45","","0,31%"
"11.04.2014","451,04","451,04","451,04","451,04","","0,56%"
"10.04.2014","448,53","448,53","448,53","448,53","","0,91%"
"09.04.2014","444,46","444,46","444,46","444,46","","-0,86%"
"08.04.2014","448,31","448,31","448,31","448,31","","-0,08%"
"07.04.2014","448,65","448,65","448,65","448,65","","0,24%"
"04.04.2014","447,57","447,57","447,57","447,57","","0,85%"
"03.04.2014","443,81","443,81","443,81","443,81","","0,85%"
"02.04.2014","440,08","440,08","440,08","440,08","","-0,66%"
"01.04.2014","442,99","442,99","442,99","442,99","","-0,92%"
"31.03.2014","447,09","447,09","447,09","447,09","","-0,44%"
"28.03.2014","449,07","449,07","449,07","449,07","","-0,70%"
"27.03.2014","452,26","452,26","452,26","452,26","","1,09%"
"26.03.2014","447,40","447,40","447,40","447,40","","0,84%"
"25.03.2014","443,68","443,68","443,68","443,68","","-0,00%"
"24.03.2014","443,69","443,69","443,69","443,69","","0,34%"
"21.03.2014","442,21","442,21","442,21","442,21","","0,88%"
"20.03.2014","438,37","438,37","438,37","438,37","","0,56%"
"19.03.2014","435,93","435,93","435,93","435,93","","-0,04%"
"18.03.2014","436,13","436,13","436,13","436,13","","-0,04%"
"17.03.2014","436,29","436,29","436,29","436,29","","-0,79%"
"14.03.2014","439,77","439,77","439,77","439,77","","-0,05%"
"13.03.2014","440,00","440,00","440,00","440,00","","1,47%"
"12.03.2014","433,61","433,61","433,61","433,61","","0,43%"
"11.03.2014","431,73","431,73","431,73","431,73","","0,51%"
"10.03.2014","429,52","429,52","429,52","429,52","","-0,09%"
"07.03.2014","429,89","429,89","429,89","429,89","","-0,78%"
"06.03.2014","433,25","433,25","433,25","433,25","","-1,66%"
"05.03.2014","440,56","440,56","440,56","440,56","","-0,04%"
"04.03.2014","440,75","440,75","440,75","440,75","","-1,50%"
"03.03.2014","447,44","447,44","447,44","447,44","","1,19%"
"28.02.2014","442,17","442,17","442,17","442,17","","-0,62%"
"27.02.2014","444,93","444,93","444,93","444,93","","0,57%"
"26.02.2014","442,39","442,39","442,39","442,39","","0,89%"
"25.02.2014","438,48","438,48","438,48","438,48","","0,86%"
"24.02.2014","434,72","434,72","434,72","434,72","","-0,25%"
"21.02.2014","435,82","435,82","435,82","435,82","","0,45%"
"20.02.2014","433,88","433,88","433,88","433,88","","-0,24%"
"19.02.2014","434,91","434,91","434,91","434,91","","-0,33%"
"18.02.2014","436,35","436,35","436,35","436,35","","0,03%"
"17.02.2014","436,20","436,20","436,20","436,20","","-0,11%"
"14.02.2014","436,66","436,66","436,66","436,66","","-0,22%"
"13.02.2014","437,62","437,62","437,62","437,62","","0,03%"
"12.02.2014","437,48","437,48","437,48","437,48","","-0,39%"
"11.02.2014","439,18","439,18","439,18","439,18","","-0,25%"
"10.02.2014","440,29","440,29","440,29","440,29","","-0,02%"
"07.02.2014","440,40","440,40","440,40","440,40","","-0,12%"
"06.02.2014","440,91","440,91","440,91","440,91","","-0,81%"
"05.02.2014","444,52","444,52","444,52","444,52","","-1,13%"
"04.02.2014","449,61","449,61","449,61","449,61","","-0,83%"
"03.02.2014","453,36","453,36","453,36","453,36","","1,10%"
"31.01.2014","448,45","448,45","448,45","448,45","","0,79%"
"30.01.2014","444,92","444,92","444,92","444,92","","0,56%"
"29.01.2014","442,46","442,46","442,46","442,46","","0,97%"
"28.01.2014","438,20","438,20","438,20","438,20","","0,16%"
"27.01.2014","437,49","437,49","437,49","437,49","","-0,47%"
"24.01.2014","439,56","439,56","439,56","439,56","","0,72%"
"23.01.2014","436,41","436,41","436,41","436,41","","0,30%"
"22.01.2014","435,12","435,12","435,12","435,12","","-0,27%"
"21.01.2014","436,28","436,28","436,28","436,28","","0,27%"
"20.01.2014","435,10","435,10","435,10","435,10","","-0,07%"
"17.01.2014","435,41","435,41","435,41","435,41","","0,90%"
"16.01.2014","431,51","431,51","431,51","431,51","","0,49%"
"15.01.2014","429,41","429,41","429,41","429,41","","0,46%"
"14.01.2014","427,45","427,45","427,45","427,45","","-0,62%"
"13.01.2014","430,14","430,14","430,14","430,14","","0,48%"
"10.01.2014","428,07","428,07","428,07","428,07","","0,98%"
"09.01.2014","423,94","423,94","423,94","423,94","","0,32%"
"08.01.2014","422,60","422,60","422,60","422,60","","-0,09%"
"07.01.2014","422,96","422,96","422,96","422,96","","0,37%"
"06.01.2014","421,40","421,40","421,40","421,40","","0,33%"
"03.01.2014","420,04","420,04","420,04","420,04","","0,42%"
"02.01.2014","418,29","418,29","418,29","418,29","","1,02%"
"01.01.2014","414,09","414,09","414,09","414,09","","-0,04%"
"31.12.2013","414,26","414,26","414,26","414,26","","-0,23%"
"30.12.2013","415,19","415,19","415,19","415,19","","0,27%"
"27.12.2013","414,09","414,09","414,09","414,09","","-0,73%"
"26.12.2013","417,14","417,14","417,14","417,14","","-0,47%"
"25.12.2013","419,10","419,10","419,10","419,10","","0,04%"
"24.12.2013","418,93","418,93","418,93","418,93","","-0,88%"
"23.12.2013","422,64","422,64","422,64","422,64","","-0,51%"
"20.12.2013","424,81","424,81","424,81","424,81","","1,31%"
"19.12.2013","419,32","419,32","419,32","419,32","","0,47%"
"18.12.2013","417,36","417,36","417,36","417,36","","-0,18%"
"17.12.2013","418,13","418,13","418,13","418,13","","0,38%"
"16.12.2013","416,54","416,54","416,54","416,54","","-0,49%"
"13.12.2013","418,60","418,60","418,60","418,60","","0,51%"
"12.12.2013","416,48","416,48","416,48","416,48","","-0,05%"
"11.12.2013","416,69","416,69","416,69","416,69","","-1,08%"
"10.12.2013","421,23","421,23","421,23","421,23","","0,92%"
"09.12.2013","417,39","417,39","417,39","417,39","","0,20%"
"06.12.2013","416,58","416,58","416,58","416,58","","-0,23%"
"05.12.2013","417,55","417,55","417,55","417,55","","-0,69%"
"04.12.2013","420,45","420,45","420,45","420,45","","-1,22%"
"03.12.2013","425,65","425,65","425,65","425,65","","0,06%"
"02.12.2013","425,39","425,39","425,39","425,39","","-0,21%"
"29.11.2013","426,30","426,30","426,30","426,30","","-0,11%"
"28.11.2013","426,78","426,78","426,78","426,78","","-0,18%"
"27.11.2013","427,55","427,55","427,55","427,55","","-0,53%"
"26.11.2013","429,82","429,82","429,82","429,82","","0,48%"
"25.11.2013","427,76","427,76","427,76","427,76","","0,42%"
"22.11.2013","425,95","425,95","425,95","425,95","","0,24%"
"21.11.2013","424,92","424,92","424,92","424,92","","0,06%"
"20.11.2013","424,67","424,67","424,67","424,67","","-1,02%"
"19.11.2013","429,06","429,06","429,06","429,06","","-0,94%"
"18.11.2013","433,12","433,12","433,12","433,12","","0,57%"
"15.11.2013","430,68","430,68","430,68","430,68","","-0,25%"
"14.11.2013","431,76","431,76","431,76","431,76","","0,74%"
"13.11.2013","428,58","428,58","428,58","428,58","","0,11%"
"12.11.2013","428,10","428,10","428,10","428,10","","-0,32%"
"11.11.2013","429,47","429,47","429,47","429,47","","-0,42%"
"08.11.2013","431,27","431,27","431,27","431,27","","-1,59%"
"07.11.2013","438,25","438,25","438,25","438,25","","1,45%"
"06.11.2013","431,99","431,99","431,99","431,99","","-0,46%"
"05.11.2013","434,00","434,00","434,00","434,00","","-0,90%"
"04.11.2013","437,92","437,92","437,92","437,92","","-0,10%"
"01.11.2013","438,37","438,37","438,37","438,37","","-0,41%"
"31.10.2013","440,17","440,17","440,17","440,17","","1,17%"
"30.10.2013","435,09","435,09","435,09","435,09","","-0,13%"
"29.10.2013","435,68","435,68","435,68","435,68","","-0,03%"
"28.10.2013","435,81","435,81","435,81","435,81","","-0,02%"
"25.10.2013","435,88","435,88","435,88","435,88","","0,33%"
"24.10.2013","434,43","434,43","434,43","434,43","","-0,72%"
"23.10.2013","437,60","437,60","437,60","437,60","","0,56%"
"22.10.2013","435,15","435,15","435,15","435,15","","0,60%"
"21.10.2013","432,56","432,56","432,56","432,56","","-0,50%"
"18.10.2013","434,72","434,72","434,72","434,72","","0,04%"
"17.10.2013","434,54","434,54","434,54","434,54","","0,18%"
"16.10.2013","433,75","433,75","433,75","433,75","","0,85%"
"15.10.2013","430,08","430,08","430,08","430,08","","0,36%"
"14.10.2013","428,55","428,55","428,55","428,55","","-0,93%"
"11.10.2013","432,57","432,57","432,57","432,57","","-0,02%"
"10.10.2013","432,66","432,66","432,66","432,66","","-0,26%"
"09.10.2013","433,80","433,80","433,80","433,80","","-0,16%"
"08.10.2013","434,48","434,48","434,48","434,48","","0,19%"
"07.10.2013","433,64","433,64","433,64","433,64","","0,29%"
"04.10.2013","432,38","432,38","432,38","432,38","","0,11%"
"03.10.2013","431,91","431,91","431,91","431,91","","-0,26%"
"02.10.2013","433,03","433,03","433,03","433,03","","-0,17%"
"01.10.2013","433,76","433,76","433,76","433,76","","-0,56%"
"30.09.2013","436,19","436,19","436,19","436,19","","-0,14%"
"27.09.2013","436,79","436,79","436,79","436,79","","-0,07%"
"26.09.2013","437,11","437,11","437,11","437,11","","-0,45%"
"25.09.2013","439,10","439,10","439,10","439,10","","0,02%"
"24.09.2013","438,99","438,99","438,99","438,99","","1,43%"
"23.09.2013","432,79","432,79","432,79","432,79","","0,57%"
"20.09.2013","430,35","430,35","430,35","430,35","","0,89%"
"19.09.2013","426,57","426,57","426,57","426,57","","-0,97%"
"18.09.2013","430,76","430,76","430,76","430,76","","0,35%"
"17.09.2013","429,26","429,26","429,26","429,26","","0,38%"
"16.09.2013","427,63","427,63","427,63","427,63","","-0,73%"
"13.09.2013","430,79","430,79","430,79","430,79","","0,05%"
"12.09.2013","430,56","430,56","430,56","430,56","","0,36%"
"11.09.2013","429,01","429,01","429,01","429,01","","0,22%"
"10.09.2013","428,09","428,09","428,09","428,09","","-0,91%"
"09.09.2013","432,04","432,04","432,04","432,04","","0,04%"
"06.09.2013","431,85","431,85","431,85","431,85","","-0,29%"
"05.09.2013","433,12","433,12","433,12","433,12","","-0,86%"
"04.09.2013","436,87","436,87","436,87","436,87","","-0,65%"
"03.09.2013","439,71","439,71","439,71","439,71","","-1,64%"
"02.09.2013","447,05","447,05","447,05","447,05","","0,24%"
"30.08.2013","446,00","446,00","446,00","446,00","","0,67%"
"29.08.2013","443,02","443,02","443,02","443,02","","1,72%"
"28.08.2013","435,54","435,54","435,54","435,54","","-0,57%"
"27.08.2013","438,04","438,04","438,04","438,04","","1,34%"
"26.08.2013","432,26","432,26","432,26","432,26","","0,37%"
"23.08.2013","430,68","430,68","430,68","430,68","","1,38%"
"22.08.2013","424,82","424,82","424,82","424,82","","-0,02%"
"21.08.2013","424,92","424,92","424,92","424,92","","-0,06%"
"20.08.2013","425,19","425,19","425,19","425,19","","0,27%"
"19.08.2013","424,04","424,04","424,04","424,04","","-0,96%"
"16.08.2013","428,16","428,16","428,16","428,16","","-0,84%"
"15.08.2013","431,79","431,79","431,79","431,79","","-1,39%"
"14.08.2013","437,87","437,87","437,87","437,87","","0,09%"
"13.08.2013","437,47","437,47","437,47","437,47","","-1,39%"
"12.08.2013","443,63","443,63","443,63","443,63","","-0,20%"
"09.08.2013","444,54","444,54","444,54","444,54","","0,36%"
"08.08.2013","442,95","442,95","442,95","442,95","","-0,04%"
"07.08.2013","443,13","443,13","443,13","443,13","","0,67%"
"06.08.2013","440,17","440,17","440,17","440,17","","-0,35%"
"05.08.2013","441,73","441,73","441,73","441,73","","-0,63%"
"02.08.2013","444,52","444,52","444,52","444,52","","1,04%"
"01.08.2013","439,94","439,94","439,94","439,94","","-1,66%"
"31.07.2013","447,36","447,36","447,36","447,36","","0,23%"
"30.07.2013","446,33","446,33","446,33","446,33","","-0,30%"
"29.07.2013","447,65","447,65","447,65","447,65","","-0,63%"
"26.07.2013","450,48","450,48","450,48","450,48","","0,94%"
"25.07.2013","446,31","446,31","446,31","446,31","","-0,78%"
"24.07.2013","449,81","449,81","449,81","449,81","","-0,98%"
"23.07.2013","454,25","454,25","454,25","454,25","","-0,95%"
"22.07.2013","458,61","458,61","458,61","458,61","","-0,00%"
"19.07.2013","458,61","458,61","458,61","458,61","","0,96%"
"18.07.2013","454,24","454,24","454,24","454,24","","-1,05%"
"17.07.2013","459,08","459,08","459,08","459,08","","0,56%"
"16.07.2013","456,53","456,53","456,53","456,53","","-0,26%"
"15.07.2013","457,73","457,73","457,73","457,73","","0,76%"
"12.07.2013","454,26","454,26","454,26","454,26","","-0,21%"
"11.07.2013","455,22","455,22","455,22","455,22","","0,32%"
"10.07.2013","453,76","453,76","453,76","453,76","","-2,34%"
"09.07.2013","464,64","464,64","464,64","464,64","","0,63%"
"08.07.2013","461,72","461,72","461,72","461,72","","0,43%"
"05.07.2013","459,74","459,74","459,74","459,74","","-2,79%"
"04.07.2013","472,94","472,94","472,94","472,94","","0,73%"
"03.07.2013","469,51","469,51","469,51","469,51","","-0,70%"
"02.07.2013","472,84","472,84","472,84","472,84","","1,04%"
"01.07.2013","467,96","467,96","467,96","467,96","","-0,17%"
"28.06.2013","468,74","468,74","468,74","468,74","","1,05%"
"27.06.2013","463,86","463,86","463,86","463,86","","0,41%"
"26.06.2013","461,96","461,96","461,96","461,96","","1,29%"
"25.06.2013","456,06","456,06","456,06","456,06","","-0,74%"
"24.06.2013","459,45","459,45","459,45","459,45","","0,17%"
"21.06.2013","458,66","458,66","458,66","458,66","","-0,24%"
"20.06.2013","459,75","459,75","459,75","459,75","","-1,31%"
"19.06.2013","465,88","465,88","465,88","465,88","","-0,64%"
"18.06.2013","468,88","468,88","468,88","468,88","","-0,07%"
"17.06.2013","469,20","469,20","469,20","469,20","","-1,18%"
"14.06.2013","474,80","474,80","474,80","474,80","","0,82%"
"13.06.2013","470,95","470,95","470,95","470,95","","0,70%"
"12.06.2013","467,67","467,67","467,67","467,67","","-0,97%"
"11.06.2013","472,27","472,27","472,27","472,27","","0,27%"
"10.06.2013","470,98","470,98","470,98","470,98","","-1,08%"
"07.06.2013","476,13","476,13","476,13","476,13","","-1,66%"
"06.06.2013","484,17","484,17","484,17","484,17","","-0,56%"
"05.06.2013","486,88","486,88","486,88","486,88","","0,67%"
"04.06.2013","483,63","483,63","483,63","483,63","","-0,50%"
"03.06.2013","486,07","486,07","486,07","486,07","","0,12%"
"31.05.2013","485,48","485,48","485,48","485,48","","-0,04%"
"30.05.2013","485,68","485,68","485,68","485,68","","-1,15%"
"29.05.2013","491,35","491,35","491,35","491,35","","-0,25%"
"28.05.2013","492,60","492,60","492,60","492,60","","-1,26%"
"27.05.2013","498,91","498,91","498,91","498,91","","-0,39%"
"24.05.2013","500,86","500,86","500,86","500,86","","0,52%"
"23.05.2013","498,26","498,26","498,26","498,26","","-0,34%"
"22.05.2013","499,95","499,95","499,95","499,95","","-0,85%"
"21.05.2013","504,24","504,24","504,24","504,24","","0,34%"
"20.05.2013","502,52","502,52","502,52","502,52","","-0,50%"
"17.05.2013","505,03","505,03","505,03","505,03","","-1,23%"
"16.05.2013","511,30","511,30","511,30","511,30","","1,54%"
"15.05.2013","503,57","503,57","503,57","503,57","","0,37%"
"14.05.2013","501,72","501,72","501,72","501,72","","-0,20%"
"13.05.2013","502,74","502,74","502,74","502,74","","-0,34%"
"10.05.2013","504,45","504,45","504,45","504,45","","-1,31%"
"09.05.2013","511,17","511,17","511,17","511,17","","0,49%"
"08.05.2013","508,69","508,69","508,69","508,69","","-0,10%"
"07.05.2013","509,21","509,21","509,21","509,21","","-0,30%"
"06.05.2013","510,75","510,75","510,75","510,75","","-0,28%"
"03.05.2013","512,19","512,19","512,19","512,19","","-2,85%"
"02.05.2013","527,24","527,24","527,24","527,24","","1,10%"
"01.05.2013","521,48","521,48","521,48","521,48","","0,86%"
"30.04.2013","517,05","517,05","517,05","517,05","","-0,77%"
"29.04.2013","521,04","521,04","521,04","521,04","","-0,81%"
"26.04.2013","525,31","525,31","525,31","525,31","","0,90%"
"25.04.2013","520,63","520,63","520,63","520,63","","-0,38%"
"24.04.2013","522,64","522,64","522,64","522,64","","-0,09%"
"23.04.2013","523,12","523,12","523,12","523,12","","0,35%"
"22.04.2013","521,28","521,28","521,28","521,28","","-0,08%"
"19.04.2013","521,69","521,69","521,69","521,69","","-0,32%"
"18.04.2013","523,38","523,38","523,38","523,38","","0,24%"
"17.04.2013","522,13","522,13","522,13","522,13","","1,52%"
"16.04.2013","514,30","514,30","514,30","514,30","","-1,52%"
"15.04.2013","522,26","522,26","522,26","522,26","","1,34%"
"12.04.2013","515,38","515,38","515,38","515,38","","1,52%"
"11.04.2013","507,68","507,68","507,68","507,68","","-0,10%"
"10.04.2013","508,18","508,18","508,18","508,18","","-1,23%"
"09.04.2013","514,50","514,50","514,50","514,50","","-1,18%"
"08.04.2013","520,65","520,65","520,65","520,65","","-0,94%"
"05.04.2013","525,60","525,60","525,60","525,60","","2,07%"
"04.04.2013","514,94","514,94","514,94","514,94","","0,68%"
"03.04.2013","511,47","511,47","511,47","511,47","","0,66%"
"02.04.2013","508,14","508,14","508,14","508,14","","-0,11%"
"01.04.2013","508,68","508,68","508,68","508,68","","0,15%"
"29.03.2013","507,90","507,90","507,90","507,90","","-0,01%"
"28.03.2013","507,93","507,93","507,93","507,93","","-0,49%"
"27.03.2013","510,42","510,42","510,42","510,42","","1,36%"
"26.03.2013","503,59","503,59","503,59","503,59","","0,13%"
"25.03.2013","502,96","502,96","502,96","502,96","","0,93%"
"22.03.2013","498,35","498,35","498,35","498,35","","-0,29%"
"21.03.2013","499,82","499,82","499,82","499,82","","0,64%"
"20.03.2013","496,62","496,62","496,62","496,62","","-1,10%"
"19.03.2013","502,15","502,15","502,15","502,15","","1,59%"
"18.03.2013","494,29","494,29","494,29","494,29","","1,67%"
"15.03.2013","486,16","486,16","486,16","486,16","","-0,14%"
"14.03.2013","486,86","486,86","486,86","486,86","","-0,79%"
"13.03.2013","490,73","490,73","490,73","490,73","","0,58%"
"12.03.2013","487,90","487,90","487,90","487,90","","0,78%"
"11.03.2013","484,12","484,12","484,12","484,12","","-0,32%"
"08.03.2013","485,68","485,68","485,68","485,68","","-0,24%"
"07.03.2013","486,86","486,86","486,86","486,86","","-2,00%"
"06.03.2013","496,78","496,78","496,78","496,78","","-0,21%"
"05.03.2013","497,84","497,84","497,84","497,84","","-0,52%"
"04.03.2013","500,46","500,46","500,46","500,46","","-0,46%"
"01.03.2013","502,78","502,78","502,78","502,78","","0,85%"
"28.02.2013","498,56","498,56","498,56","498,56","","0,79%"
"27.02.2013","494,63","494,63","494,63","494,63","","-1,08%"
"26.02.2013","500,06","500,06","500,06","500,06","","0,30%"
"25.02.2013","498,59","498,59","498,59","498,59","","2,26%"
"22.02.2013","487,58","487,58","487,58","487,58","","0,25%"
"21.02.2013","486,38","486,38","486,38","486,38","","1,54%"
"20.02.2013","479,02","479,02","479,02","479,02","","0,74%"
"19.02.2013","475,48","475,48","475,48","475,48","","-0,74%"
"18.02.2013","479,03","479,03","479,03","479,03","","0,09%"
"15.02.2013","478,60","478,60","478,60","478,60","","-0,22%"
"14.02.2013","479,66","479,66","479,66","479,66","","1,58%"
"13.02.2013","472,21","472,21","472,21","472,21","","-0,58%"
"12.02.2013","474,98","474,98","474,98","474,98","","-1,18%"
"11.02.2013","480,65","480,65","480,65","480,65","","0,04%"
"08.02.2013","480,45","480,45","480,45","480,45","","0,15%"
"07.02.2013","479,72","479,72","479,72","479,72","","1,29%"
"06.02.2013","473,60","473,60","473,60","473,60","","1,21%"
"05.02.2013","467,92","467,92","467,92","467,92","","-1,30%"
"04.02.2013","474,09","474,09","474,09","474,09","","1,63%"
"01.02.2013","466,49","466,49","466,49","466,49","","-1,21%"
"31.01.2013","472,22","472,22","472,22","472,22","","0,47%"
"30.01.2013","470,01","470,01","470,01","470,01","","-1,11%"
"29.01.2013","475,27","475,27","475,27","475,27","","-0,63%"
"28.01.2013","478,27","478,27","478,27","478,27","","-0,31%"
"25.01.2013","479,74","479,74","479,74","479,74","","-2,46%"
"24.01.2013","491,86","491,86","491,86","491,86","","-0,61%"
"23.01.2013","494,86","494,86","494,86","494,86","","-0,08%"
"22.01.2013","495,24","495,24","495,24","495,24","","0,56%"
"21.01.2013","492,49","492,49","492,49","492,49","","-0,35%"
"18.01.2013","494,21","494,21","494,21","494,21","","1,15%"
"17.01.2013","488,59","488,59","488,59","488,59","","-1,59%"
"16.01.2013","496,48","496,48","496,48","496,48","","0,08%"
"15.01.2013","496,08","496,08","496,08","496,08","","1,13%"
"14.01.2013","490,53","490,53","490,53","490,53","","-0,09%"
"11.01.2013","490,95","490,95","490,95","490,95","","-0,05%"
"10.01.2013","491,20","491,20","491,20","491,20","","-2,07%"
"09.01.2013","501,56","501,56","501,56","501,56","","0,52%"
"08.01.2013","498,96","498,96","498,96","498,96","","0,83%"
"07.01.2013","494,87","494,87","494,87","494,87","","-0,04%"
"04.01.2013","495,07","495,07","495,07","495,07","","-0,27%"
"03.01.2013","496,41","496,41","496,41","496,41","","-0,15%"
"02.01.2013","497,17","497,17","497,17","497,17","","-1,69%"
"01.01.2013","505,72","505,72","505,72","505,72","","-0,26%"
"31.12.2012","507,05","507,05","507,05","507,05","","-1,09%"
"28.12.2012","512,64","512,64","512,64","512,64","","0,23%"
"27.12.2012","511,46","511,46","511,46","511,46","","0,98%"
"26.12.2012","506,48","506,48","506,48","506,48","","-0,12%"
"25.12.2012","507,11","507,11","507,11","507,11","","-0,09%"
"24.12.2012","507,57","507,57","507,57","507,57","","-0,29%"
"21.12.2012","509,05","509,05","509,05","509,05","","1,69%"
"20.12.2012","500,61","500,61","500,61","500,61","","-0,16%"
"19.12.2012","501,42","501,42","501,42","501,42","","0,69%"
"18.12.2012","497,99","497,99","497,99","497,99","","-2,12%"
"17.12.2012","508,76","508,76","508,76","508,76","","-1,17%"
"14.12.2012","514,80","514,80","514,80","514,80","","-0,02%"
"13.12.2012","514,88","514,88","514,88","514,88","","-0,14%"
"12.12.2012","515,58","515,58","515,58","515,58","","-1,73%"
"11.12.2012","524,64","524,64","524,64","524,64","","-1,16%"
"10.12.2012","530,80","530,80","530,80","530,80","","0,10%"
"07.12.2012","530,24","530,24","530,24","530,24","","-0,63%"
"06.12.2012","533,62","533,62","533,62","533,62","","1,04%"
"05.12.2012","528,13","528,13","528,13","528,13","","0,26%"
"04.12.2012","526,75","526,75","526,75","526,75","","0,22%"
"03.12.2012","525,59","525,59","525,59","525,59","","-0,72%"
"30.11.2012","529,43","529,43","529,43","529,43","","-0,34%"
"29.11.2012","531,25","531,25","531,25","531,25","","-0,08%"
"28.11.2012","531,68","531,68","531,68","531,68","","-0,39%"
"27.11.2012","533,76","533,76","533,76","533,76","","0,67%"
"26.11.2012","530,21","530,21","530,21","530,21","","0,56%"
"23.11.2012","527,26","527,26","527,26","527,26","","-0,93%"
"22.11.2012","532,18","532,18","532,18","532,18","","-0,30%"
"21.11.2012","533,79","533,79","533,79","533,79","","-0,20%"
"20.11.2012","534,84","534,84","534,84","534,84","","-1,23%"
"19.11.2012","541,52","541,52","541,52","541,52","","-1,17%"
"16.11.2012","547,96","547,96","547,96","547,96","","0,29%"
"15.11.2012","546,40","546,40","546,40","546,40","","-0,32%"
"14.11.2012","548,14","548,14","548,14","548,14","","-0,38%"
"13.11.2012","550,24","550,24","550,24","550,24","","0,51%"
"12.11.2012","547,44","547,44","547,44","547,44","","0,12%"
"09.11.2012","546,77","546,77","546,77","546,77","","0,77%"
"08.11.2012","542,61","542,61","542,61","542,61","","1,29%"
"07.11.2012","535,68","535,68","535,68","535,68","","2,28%"
"06.11.2012","523,76","523,76","523,76","523,76","","-1,01%"
"05.11.2012","529,08","529,08","529,08","529,08","","1,28%"
"02.11.2012","522,40","522,40","522,40","522,40","","0,41%"
"01.11.2012","520,25","520,25","520,25","520,25","","-0,76%"
"31.10.2012","524,23","524,23","524,23","524,23","","0,73%"
"30.10.2012","520,44","520,44","520,44","520,44","","-0,57%"
"29.10.2012","523,42","523,42","523,42","523,42","","1,04%"
"26.10.2012","518,05","518,05","518,05","518,05","","1,25%"
"25.10.2012","511,67","511,67","511,67","511,67","","-0,68%"
"24.10.2012","515,20","515,20","515,20","515,20","","-0,21%"
"23.10.2012","516,27","516,27","516,27","516,27","","1,21%"
"22.10.2012","510,08","510,08","510,08","510,08","","-0,48%"
"19.10.2012","512,53","512,53","512,53","512,53","","1,74%"
"18.10.2012","503,76","503,76","503,76","503,76","","0,05%"
"17.10.2012","503,53","503,53","503,53","503,53","","-1,94%"
"16.10.2012","513,51","513,51","513,51","513,51","","-2,19%"
"15.10.2012","525,00","525,00","525,00","525,00","","-0,17%"
"12.10.2012","525,87","525,87","525,87","525,87","","0,28%"
"11.10.2012","524,40","524,40","524,40","524,40","","0,40%"
"10.10.2012","522,29","522,29","522,29","522,29","","0,89%"
"09.10.2012","517,67","517,67","517,67","517,67","","0,54%"
"08.10.2012","514,90","514,90","514,90","514,90","","1,24%"
"05.10.2012","508,61","508,61","508,61","508,61","","-1,73%"
"04.10.2012","517,56","517,56","517,56","517,56","","-2,00%"
"03.10.2012","528,15","528,15","528,15","528,15","","-0,23%"
"02.10.2012","529,37","529,37","529,37","529,37","","0,03%"
"01.10.2012","529,22","529,22","529,22","529,22","","-0,04%"
"28.09.2012","529,41","529,41","529,41","529,41","","0,32%"
"27.09.2012","527,71","527,71","527,71","527,71","","-0,99%"
"26.09.2012","532,99","532,99","532,99","532,99","","1,67%"
"25.09.2012","524,23","524,23","524,23","524,23","","1,13%"
"24.09.2012","518,40","518,40","518,40","518,40","","1,41%"
"21.09.2012","511,17","511,17","511,17","511,17","","-0,09%"
"20.09.2012","511,65","511,65","511,65","511,65","","1,04%"
"19.09.2012","506,37","506,37","506,37","506,37","","0,74%"
"18.09.2012","502,65","502,65","502,65","502,65","","0,98%"
"17.09.2012","497,79","497,79","497,79","497,79","","1,15%"
"14.09.2012","492,11","492,11","492,11","492,11","","-3,45%"
"13.09.2012","509,67","509,67","509,67","509,67","","-1,40%"
"12.09.2012","516,91","516,91","516,91","516,91","","-1,96%"
"11.09.2012","527,23","527,23","527,23","527,23","","-0,83%"
"10.09.2012","531,62","531,62","531,62","531,62","","0,16%"
"07.09.2012","530,77","530,77","530,77","530,77","","-2,01%"
"06.09.2012","541,66","541,66","541,66","541,66","","-2,07%"
"05.09.2012","553,13","553,13","553,13","553,13","","-0,61%"
"04.09.2012","556,52","556,52","556,52","556,52","","-0,05%"
"03.09.2012","556,82","556,82","556,82","556,82","","0,10%"
"31.08.2012","556,29","556,29","556,29","556,29","","0,53%"
"30.08.2012","553,38","553,38","553,38","553,38","","0,77%"
"29.08.2012","549,14","549,14","549,14","549,14","","-0,17%"
"28.08.2012","550,06","550,06","550,06","550,06","","-0,23%"
"27.08.2012","551,33","551,33","551,33","551,33","","0,80%"
"24.08.2012","546,97","546,97","546,97","546,97","","0,19%"
"23.08.2012","545,91","545,91","545,91","545,91","","0,69%"
"22.08.2012","542,19","542,19","542,19","542,19","","1,23%"
"21.08.2012","535,60","535,60","535,60","535,60","","-0,69%"
"20.08.2012","539,32","539,32","539,32","539,32","","0,12%"
"17.08.2012","538,67","538,67","538,67","538,67","","0,62%"
"16.08.2012","535,37","535,37","535,37","535,37","","-1,39%"
"15.08.2012","542,93","542,93","542,93","542,93","","-1,49%"
"14.08.2012","551,17","551,17","551,17","551,17","","-1,59%"
"13.08.2012","560,06","560,06","560,06","560,06","","-0,35%"
"10.08.2012","562,01","562,01","562,01","562,01","","0,70%"
"09.08.2012","558,10","558,10","558,10","558,10","","0,35%"
"08.08.2012","556,13","556,13","556,13","556,13","","-0,19%"
"07.08.2012","557,18","557,18","557,18","557,18","","-1,41%"
"06.08.2012","565,15","565,15","565,15","565,15","","0,19%"
"03.08.2012","564,07","564,07","564,07","564,07","","-3,85%"
"02.08.2012","586,68","586,68","586,68","586,68","","1,71%"
"01.08.2012","576,81","576,81","576,81","576,81","","-0,08%"
"31.07.2012","577,26","577,26","577,26","577,26","","-0,30%"
"30.07.2012","579,00","579,00","579,00","579,00","","1,74%"
"27.07.2012","569,11","569,11","569,11","569,11","","-3,27%"
"26.07.2012","588,33","588,33","588,33","588,33","","-1,45%"
"25.07.2012","597,00","597,00","597,00","597,00","","-0,78%"
"24.07.2012","601,68","601,68","601,68","601,68","","1,41%"
"23.07.2012","593,29","593,29","593,29","593,29","","1,00%"
"20.07.2012","587,44","587,44","587,44","587,44","","2,39%"
"19.07.2012","573,75","573,75","573,75","573,75","","-0,62%"
"18.07.2012","577,32","577,32","577,32","577,32","","0,40%"
"17.07.2012","574,99","574,99","574,99","574,99","","-1,10%"
"16.07.2012","581,39","581,39","581,39","581,39","","0,54%"
"13.07.2012","578,25","578,25","578,25","578,25","","-0,83%"
"12.07.2012","583,09","583,09","583,09","583,09","","0,89%"
"11.07.2012","577,94","577,94","577,94","577,94","","0,21%"
"10.07.2012","576,75","576,75","576,75","576,75","","1,03%"
"09.07.2012","570,85","570,85","570,85","570,85","","0,63%"
"06.07.2012","567,29","567,29","567,29","567,29","","2,01%"
"05.07.2012","556,13","556,13","556,13","556,13","","0,97%"
"04.07.2012","550,80","550,80","550,80","550,80","","1,09%"
"03.07.2012","544,88","544,88","544,88","544,88","","-1,19%"
"02.07.2012","551,43","551,43","551,43","551,43","","2,25%"
"29.06.2012","539,31","539,31","539,31","539,31","","-3,65%"
"28.06.2012","559,73","559,73","559,73","559,73","","0,80%"
"27.06.2012","555,29","555,29","555,29","555,29","","0,29%"
"26.06.2012","553,71","553,71","553,71","553,71","","-0,20%"
"25.06.2012","554,83","554,83","554,83","554,83","","2,00%"
"22.06.2012","543,93","543,93","543,93","543,93","","-1,51%"
"21.06.2012","552,25","552,25","552,25","552,25","","2,02%"
"20.06.2012","541,29","541,29","541,29","541,29","","-0,02%"
"19.06.2012","541,42","541,42","541,42","541,42","","-1,85%"
"18.06.2012","551,60","551,60","551,60","551,60","","0,79%"
"15.06.2012","547,29","547,29","547,29","547,29","","0,25%"
"14.06.2012","545,90","545,90","545,90","545,90","","-0,54%"
"13.06.2012","548,88","548,88","548,88","548,88","","0,87%"
"12.06.2012","544,15","544,15","544,15","544,15","","-1,26%"
"11.06.2012","551,09","551,09","551,09","551,09","","1,26%"
"08.06.2012","544,22","544,22","544,22","544,22","","0,20%"
"07.06.2012","543,16","543,16","543,16","543,16","","-0,72%"
"06.06.2012","547,08","547,08","547,08","547,08","","-2,82%"
"05.06.2012","562,97","562,97","562,97","562,97","","-0,68%"
"04.06.2012","566,80","566,80","566,80","566,80","","-1,09%"
"01.06.2012","573,06","573,06","573,06","573,06","","2,03%"
"31.05.2012","561,68","561,68","561,68","561,68","","1,10%"
"30.05.2012","555,59","555,59","555,59","555,59","","3,50%"
"29.05.2012","536,79","536,79","536,79","536,79","","0,45%"
"28.05.2012","534,38","534,38","534,38","534,38","","-0,19%"
"25.05.2012","535,41","535,41","535,41","535,41","","0,20%"
"24.05.2012","534,34","534,34","534,34","534,34","","-0,62%"
"23.05.2012","537,70","537,70","537,70","537,70","","2,74%"
"22.05.2012","523,35","523,35","523,35","523,35","","-0,86%"
"21.05.2012","527,89","527,89","527,89","527,89","","-0,36%"
"18.05.2012","529,81","529,81","529,81","529,81","","-0,36%"
"17.05.2012","531,72","531,72","531,72","531,72","","2,19%"
"16.05.2012","520,30","520,30","520,30","520,30","","0,62%"
"15.05.2012","517,10","517,10","517,10","517,10","","1,12%"
"14.05.2012","511,37","511,37","511,37","511,37","","1,99%"
"11.05.2012","501,38","501,38","501,38","501,38","","1,04%"
"10.05.2012","496,23","496,23","496,23","496,23","","-0,23%"
"09.05.2012","497,36","497,36","497,36","497,36","","0,23%"
"08.05.2012","496,23","496,23","496,23","496,23","","1,22%"
"07.05.2012","490,23","490,23","490,23","490,23","","0,33%"
"04.05.2012","488,61","488,61","488,61","488,61","","1,35%"
"03.05.2012","482,08","482,08","482,08","482,08","","0,08%"
"02.05.2012","481,71","481,71","481,71","481,71","","1,54%"
"01.05.2012","474,42","474,42","474,42","474,42","","-0,97%"
"30.04.2012","479,05","479,05","479,05","479,05","","0,24%"
"27.04.2012","477,91","477,91","477,91","477,91","","0,05%"
"26.04.2012","477,67","477,67","477,67","477,67","","0,33%"
"25.04.2012","476,08","476,08","476,08","476,08","","-0,85%"
"24.04.2012","480,18","480,18","480,18","480,18","","-0,86%"
"23.04.2012","484,36","484,36","484,36","484,36","","1,39%"
"20.04.2012","477,71","477,71","477,71","477,71","","-0,99%"
"19.04.2012","482,47","482,47","482,47","482,47","","0,27%"
"18.04.2012","481,15","481,15","481,15","481,15","","0,56%"
"17.04.2012","478,45","478,45","478,45","478,45","","-0,67%"
"16.04.2012","481,67","481,67","481,67","481,67","","0,15%"
"13.04.2012","480,95","480,95","480,95","480,95","","2,08%"
"12.04.2012","471,16","471,16","471,16","471,16","","-1,04%"
"11.04.2012","476,10","476,10","476,10","476,10","","-1,13%"
"10.04.2012","481,54","481,54","481,54","481,54","","1,06%"
"09.04.2012","476,49","476,49","476,49","476,49","","0,64%"
"06.04.2012","473,44","473,44","473,44","473,44","","1,81%"
"05.04.2012","465,05","465,05","465,05","465,05","","1,69%"
"04.04.2012","457,32","457,32","457,32","457,32","","1,24%"
"03.04.2012","451,72","451,72","451,72","451,72","","-0,60%"
"02.04.2012","454,45","454,45","454,45","454,45","","0,30%"
"30.03.2012","453,07","453,07","453,07","453,07","","-1,77%"
"29.03.2012","461,24","461,24","461,24","461,24","","0,80%"
"28.03.2012","457,58","457,58","457,58","457,58","","-0,03%"
"27.03.2012","457,73","457,73","457,73","457,73","","0,85%"
"26.03.2012","453,90","453,90","453,90","453,90","","-0,92%"
"23.03.2012","458,13","458,13","458,13","458,13","","0,40%"
"22.03.2012","456,30","456,30","456,30","456,30","","0,43%"
"21.03.2012","454,33","454,33","454,33","454,33","","1,57%"
"20.03.2012","447,31","447,31","447,31","447,31","","0,55%"
"19.03.2012","444,87","444,87","444,87","444,87","","-1,74%"
"16.03.2012","452,76","452,76","452,76","452,76","","-0,71%"
"15.03.2012","456,01","456,01","456,01","456,01","","-0,41%"
"14.03.2012","457,89","457,89","457,89","457,89","","-2,65%"
"13.03.2012","470,33","470,33","470,33","470,33","","-0,92%"
"12.03.2012","474,70","474,70","474,70","474,70","","0,03%"
"09.03.2012","474,53","474,53","474,53","474,53","","0,91%"
"08.03.2012","470,27","470,27","470,27","470,27","","-1,95%"
"07.03.2012","479,64","479,64","479,64","479,64","","-0,94%"
"06.03.2012","484,17","484,17","484,17","484,17","","1,94%"
"05.03.2012","474,97","474,97","474,97","474,97","","-0,59%"
"02.03.2012","477,78","477,78","477,78","477,78","","1,65%"
"01.03.2012","470,02","470,02","470,02","470,02","","-1,20%"
"29.02.2012","475,71","475,71","475,71","475,71","","0,57%"
"28.02.2012","473,03","473,03","473,03","473,03","","-0,88%"
"27.02.2012","477,22","477,22","477,22","477,22","","1,56%"
"24.02.2012","469,90","469,90","469,90","469,90","","-0,08%"
"23.02.2012","470,26","470,26","470,26","470,26","","-0,50%"
"22.02.2012","472,63","472,63","472,63","472,63","","0,82%"
"21.02.2012","468,80","468,80","468,80","468,80","","-0,21%"
"20.02.2012","469,80","469,80","469,80","469,80","","-1,02%"
"17.02.2012","474,62","474,62","474,62","474,62","","-0,32%"
"16.02.2012","476,12","476,12","476,12","476,12","","-1,55%"
"15.02.2012","483,63","483,63","483,63","483,63","","-0,21%"
"14.02.2012","484,64","484,64","484,64","484,64","","2,03%"
"13.02.2012","474,98","474,98","474,98","474,98","","-0,47%"
"10.02.2012","477,21","477,21","477,21","477,21","","2,32%"
"09.02.2012","466,39","466,39","466,39","466,39","","-1,12%"
"08.02.2012","471,68","471,68","471,68","471,68","","0,06%"
"07.02.2012","471,39","471,39","471,39","471,39","","-1,99%"
"06.02.2012","480,94","480,94","480,94","480,94","","1,33%"
"03.02.2012","474,61","474,61","474,61","474,61","","-2,60%"
"02.02.2012","487,30","487,30","487,30","487,30","","0,15%"
"01.02.2012","486,56","486,56","486,56","486,56","","-2,10%"
"31.01.2012","497,01","497,01","497,01","497,01","","1,31%"
"30.01.2012","490,59","490,59","490,59","490,59","","2,33%"
"27.01.2012","479,44","479,44","479,44","479,44","","-0,45%"
"26.01.2012","481,59","481,59","481,59","481,59","","1,27%"
"25.01.2012","475,54","475,54","475,54","475,54","","-0,55%"
"24.01.2012","478,19","478,19","478,19","478,19","","-0,13%"
"23.01.2012","478,79","478,79","478,79","478,79","","-1,57%"
"20.01.2012","486,41","486,41","486,41","486,41","","-0,93%"
"19.01.2012","490,98","490,98","490,98","490,98","","-2,48%"
"18.01.2012","503,47","503,47","503,47","503,47","","-2,11%"
"17.01.2012","514,32","514,32","514,32","514,32","","-0,20%"
"16.01.2012","515,37","515,37","515,37","515,37","","0,04%"
"13.01.2012","515,13","515,13","515,13","515,13","","2,63%"
"12.01.2012","501,93","501,93","501,93","501,93","","-1,27%"
"11.01.2012","508,39","508,39","508,39","508,39","","1,84%"
"10.01.2012","499,20","499,20","499,20","499,20","","-0,08%"
"09.01.2012","499,59","499,59","499,59","499,59","","-0,50%"
"06.01.2012","502,08","502,08","502,08","502,08","","1,25%"
"05.01.2012","495,86","495,86","495,86","495,86","","0,98%"
"04.01.2012","491,04","491,04","491,04","491,04","","-0,06%"
"03.01.2012","491,34","491,34","491,34","491,34","","-2,92%"
"02.01.2012","506,10","506,10","506,10","506,10","","0,14%"
"30.12.2011","505,40","505,40","505,40","505,40","","0,48%"
"29.12.2011","503,00","503,00","503,00","503,00","","-0,31%"
"28.12.2011","504,57","504,57","504,57","504,57","","3,76%"
"27.12.2011","486,28","486,28","486,28","486,28","","0,19%"
"26.12.2011","485,35","485,35","485,35","485,35","","0,33%"
"23.12.2011","483,73","483,73","483,73","483,73","","-1,75%"
"22.12.2011","492,34","492,34","492,34","492,34","","0,39%"
"21.12.2011","490,44","490,44","490,44","490,44","","-1,17%"
"20.12.2011","496,23","496,23","496,23","496,23","","-3,03%"
"19.12.2011","511,72","511,72","511,72","511,72","","1,35%"
"16.12.2011","504,92","504,92","504,92","504,92","","1,25%"
"15.12.2011","498,69","498,69","498,69","498,69","","-0,63%"
"14.12.2011","501,87","501,87","501,87","501,87","","2,25%"
"13.12.2011","490,82","490,82","490,82","490,82","","2,16%"
"12.12.2011","480,44","480,44","480,44","480,44","","2,43%"
"09.12.2011","469,06","469,06","469,06","469,06","","-2,12%"
"08.12.2011","479,22","479,22","479,22","479,22","","1,39%"
"07.12.2011","472,65","472,65","472,65","472,65","","1,12%"
"06.12.2011","467,41","467,41","467,41","467,41","","-1,16%"
"05.12.2011","472,89","472,89","472,89","472,89","","-0,14%"
"02.12.2011","473,54","473,54","473,54","473,54","","2,37%"
"01.12.2011","462,60","462,60","462,60","462,60","","-1,51%"
"30.11.2011","469,69","469,69","469,69","469,69","","-2,89%"
"29.11.2011","483,67","483,67","483,67","483,67","","-0,94%"
"28.11.2011","488,27","488,27","488,27","488,27","","-0,39%"
"25.11.2011","490,19","490,19","490,19","490,19","","-1,04%"
"24.11.2011","495,33","495,33","495,33","495,33","","-0,10%"
"23.11.2011","495,85","495,85","495,85","495,85","","3,15%"
"22.11.2011","480,70","480,70","480,70","480,70","","0,50%"
"21.11.2011","478,31","478,31","478,31","478,31","","1,17%"
"18.11.2011","472,77","472,77","472,77","472,77","","-0,77%"
"17.11.2011","476,43","476,43","476,43","476,43","","1,62%"
"16.11.2011","468,83","468,83","468,83","468,83","","1,33%"
"15.11.2011","462,66","462,66","462,66","462,66","","0,58%"
"14.11.2011","460,00","460,00","460,00","460,00","","2,44%"
"11.11.2011","449,04","449,04","449,04","449,04","","-1,78%"
"10.11.2011","457,18","457,18","457,18","457,18","","-2,12%"
"09.11.2011","467,10","467,10","467,10","467,10","","4,16%"
"08.11.2011","448,43","448,43","448,43","448,43","","-1,93%"
"07.11.2011","457,26","457,26","457,26","457,26","","1,24%"
"04.11.2011","451,67","451,67","451,67","451,67","","0,51%"
"03.11.2011","449,38","449,38","449,38","449,38","","-1,91%"
"02.11.2011","458,14","458,14","458,14","458,14","","-0,91%"
"01.11.2011","462,35","462,35","462,35","462,35","","4,86%"
"31.10.2011","440,93","440,93","440,93","440,93","","4,93%"
"28.10.2011","420,21","420,21","420,21","420,21","","2,06%"
"27.10.2011","411,71","411,71","411,71","411,71","","-5,93%"
"26.10.2011","437,67","437,67","437,67","437,67","","-1,34%"
"25.10.2011","443,61","443,61","443,61","443,61","","2,57%"
"24.10.2011","432,49","432,49","432,49","432,49","","-0,65%"
"21.10.2011","435,33","435,33","435,33","435,33","","-1,76%"
"20.10.2011","443,14","443,14","443,14","443,14","","-0,72%"
"19.10.2011","446,33","446,33","446,33","446,33","","-0,38%"
"18.10.2011","448,03","448,03","448,03","448,03","","-0,26%"
"17.10.2011","449,20","449,20","449,20","449,20","","2,31%"
"14.10.2011","439,04","439,04","439,04","439,04","","-1,97%"
"13.10.2011","447,87","447,87","447,87","447,87","","1,42%"
"12.10.2011","441,59","441,59","441,59","441,59","","-2,85%"
"11.10.2011","454,54","454,54","454,54","454,54","","-0,33%"
"10.10.2011","456,04","456,04","456,04","456,04","","-3,41%"
"07.10.2011","472,16","472,16","472,16","472,16","","-0,74%"
"06.10.2011","475,69","475,69","475,69","475,69","","-1,88%"
"05.10.2011","484,78","484,78","484,78","484,78","","-2,33%"
"04.10.2011","496,35","496,35","496,35","496,35","","-1,23%"
"03.10.2011","502,55","502,55","502,55","502,55","","4,77%"
"30.09.2011","479,69","479,69","479,69","479,69","","3,09%"
"29.09.2011","465,32","465,32","465,32","465,32","","1,30%"
"28.09.2011","459,33","459,33","459,33","459,33","","0,87%"
"27.09.2011","455,39","455,39","455,39","455,39","","-2,45%"
"26.09.2011","466,83","466,83","466,83","466,83","","-2,77%"
"23.09.2011","480,13","480,13","480,13","480,13","","-1,79%"
"22.09.2011","488,87","488,87","488,87","488,87","","5,64%"
"21.09.2011","462,75","462,75","462,75","462,75","","4,31%"
"20.09.2011","443,63","443,63","443,63","443,63","","-0,43%"
"19.09.2011","445,54","445,54","445,54","445,54","","3,55%"
"16.09.2011","430,26","430,26","430,26","430,26","","0,91%"
"15.09.2011","426,39","426,39","426,39","426,39","","-1,82%"
"14.09.2011","434,28","434,28","434,28","434,28","","-0,19%"
"13.09.2011","435,11","435,11","435,11","435,11","","-1,46%"
"12.09.2011","441,54","441,54","441,54","441,54","","-0,07%"
"09.09.2011","441,86","441,86","441,86","441,86","","2,97%"
"08.09.2011","429,10","429,10","429,10","429,10","","2,29%"
"07.09.2011","419,51","419,51","419,51","419,51","","-2,38%"
"06.09.2011","429,73","429,73","429,73","429,73","","1,01%"
"05.09.2011","425,42","425,42","425,42","425,42","","1,38%"
"02.09.2011","419,64","419,64","419,64","419,64","","4,24%"
"01.09.2011","402,56","402,56","402,56","402,56","","2,25%"
"31.08.2011","393,70","393,70","393,70","393,70","","-0,93%"
"30.08.2011","397,39","397,39","397,39","397,39","","2,44%"
"29.08.2011","387,94","387,94","387,94","387,94","","-1,61%"
"26.08.2011","394,29","394,29","394,29","394,29","","0,25%"
"25.08.2011","393,32","393,32","393,32","393,32","","0,64%"
"24.08.2011","390,81","390,81","390,81","390,81","","-2,31%"
"23.08.2011","400,05","400,05","400,05","400,05","","-1,87%"
"22.08.2011","407,68","407,68","407,68","407,68","","0,08%"
"19.08.2011","407,36","407,36","407,36","407,36","","0,50%"
"18.08.2011","405,32","405,32","405,32","405,32","","3,10%"
"17.08.2011","393,15","393,15","393,15","393,15","","1,32%"
"16.08.2011","388,01","388,01","388,01","388,01","","1,99%"
"15.08.2011","380,45","380,45","380,45","380,45","","-2,11%"
"12.08.2011","388,65","388,65","388,65","388,65","","1,84%"
"11.08.2011","381,62","381,62","381,62","381,62","","-4,63%"
"10.08.2011","400,12","400,12","400,12","400,12","","2,04%"
"09.08.2011","392,14","392,14","392,14","392,14","","0,26%"
"08.08.2011","391,13","391,13","391,13","391,13","","3,48%"
"05.08.2011","377,96","377,96","377,96","377,96","","-2,84%"
"04.08.2011","389,03","389,03","389,03","389,03","","4,24%"
"03.08.2011","373,22","373,22","373,22","373,22","","-0,14%"
"02.08.2011","373,73","373,73","373,73","373,73","","3,00%"
"01.08.2011","362,85","362,85","362,85","362,85","","2,12%"
"29.07.2011","355,33","355,33","355,33","355,33","","1,60%"
"28.07.2011","349,73","349,73","349,73","349,73","","0,66%"
"27.07.2011","347,44","347,44","347,44","347,44","","0,99%"
"26.07.2011","344,03","344,03","344,03","344,03","","-0,16%"
"25.07.2011","344,60","344,60","344,60","344,60","","-1,18%"
"22.07.2011","348,72","348,72","348,72","348,72","","1,40%"
"21.07.2011","343,90","343,90","343,90","343,90","","-2,21%"
"20.07.2011","351,68","351,68","351,68","351,68","","-1,53%"
"19.07.2011","357,15","357,15","357,15","357,15","","1,22%"
"18.07.2011","352,83","352,83","352,83","352,83","","-0,34%"
"15.07.2011","354,03","354,03","354,03","354,03","","-0,14%"
"14.07.2011","354,54","354,54","354,54","354,54","","-0,72%"
"13.07.2011","357,11","357,11","357,11","357,11","","-1,26%"
"12.07.2011","361,66","361,66","361,66","361,66","","0,65%"
"11.07.2011","359,34","359,34","359,34","359,34","","2,87%"
"08.07.2011","349,30","349,30","349,30","349,30","","2,26%"
"07.07.2011","341,59","341,59","341,59","341,59","","-0,57%"
"06.07.2011","343,53","343,53","343,53","343,53","","1,35%"
"05.07.2011","338,96","338,96","338,96","338,96","","1,00%"
"04.07.2011","335,61","335,61","335,61","335,61","","-0,09%"
"01.07.2011","335,92","335,92","335,92","335,92","","-0,37%"
"30.06.2011","337,16","337,16","337,16","337,16","","-0,67%"
"29.06.2011","339,44","339,44","339,44","339,44","","-1,06%"
"28.06.2011","343,08","343,08","343,08","343,08","","-1,42%"
"27.06.2011","348,03","348,03","348,03","348,03","","-2,38%"
"24.06.2011","356,52","356,52","356,52","356,52","","0,34%"
"23.06.2011","355,31","355,31","355,31","355,31","","1,51%"
"22.06.2011","350,03","350,03","350,03","350,03","","0,44%"
"21.06.2011","348,49","348,49","348,49","348,49","","-0,93%"
"20.06.2011","351,76","351,76","351,76","351,76","","0,00%"
"17.06.2011","351,75","351,75","351,75","351,75","","-1,38%"
"16.06.2011","356,68","356,68","356,68","356,68","","0,38%"
"15.06.2011","355,33","355,33","355,33","355,33","","3,65%"
"14.06.2011","342,80","342,80","342,80","342,80","","-1,70%"
"13.06.2011","348,74","348,74","348,74","348,74","","-0,82%"
"10.06.2011","351,62","351,62","351,62","351,62","","1,83%"
"09.06.2011","345,31","345,31","345,31","345,31","","-0,10%"
"08.06.2011","345,66","345,66","345,66","345,66","","1,77%"
"07.06.2011","339,64","339,64","339,64","339,64","","-0,85%"
"06.06.2011","342,54","342,54","342,54","342,54","","-0,08%"
"03.06.2011","342,82","342,82","342,82","342,82","","-0,65%"
"02.06.2011","345,05","345,05","345,05","345,05","","-2,86%"
"01.06.2011","355,22","355,22","355,22","355,22","","1,73%"
"31.05.2011","349,18","349,18","349,18","349,18","","-0,54%"
"30.05.2011","351,07","351,07","351,07","351,07","","0,34%"
"27.05.2011","349,87","349,87","349,87","349,87","","-1,50%"
"26.05.2011","355,19","355,19","355,19","355,19","","0,68%"
"25.05.2011","352,80","352,80","352,80","352,80","","-0,23%"
"24.05.2011","353,61","353,61","353,61","353,61","","-0,13%"
"23.05.2011","354,09","354,09","354,09","354,09","","1,16%"
"20.05.2011","350,04","350,04","350,04","350,04","","1,31%"
"19.05.2011","345,52","345,52","345,52","345,52","","-0,76%"
"18.05.2011","348,18","348,18","348,18","348,18","","-0,97%"
"17.05.2011","351,60","351,60","351,60","351,60","","0,20%"
"16.05.2011","350,91","350,91","350,91","350,91","","0,53%"
"13.05.2011","349,05","349,05","349,05","349,05","","1,49%"
"12.05.2011","343,91","343,91","343,91","343,91","","-1,17%"
"11.05.2011","347,99","347,99","347,99","347,99","","2,13%"
"10.05.2011","340,73","340,73","340,73","340,73","","-0,85%"
"09.05.2011","343,66","343,66","343,66","343,66","","-0,46%"
"06.05.2011","345,26","345,26","345,26","345,26","","1,41%"
"05.05.2011","340,46","340,46","340,46","340,46","","2,76%"
"04.05.2011","331,33","331,33","331,33","331,33","","0,54%"
"03.05.2011","329,55","329,55","329,55","329,55","","0,54%"
"02.05.2011","327,78","327,78","327,78","327,78","","0,06%"
"29.04.2011","327,58","327,58","327,58","327,58","","0,46%"
"28.04.2011","326,09","326,09","326,09","326,09","","0,32%"
"27.04.2011","325,04","325,04","325,04","325,04","","-1,88%"
"26.04.2011","331,28","331,28","331,28","331,28","","0,55%"
"25.04.2011","329,45","329,45","329,45","329,45","","-0,05%"
"22.04.2011","329,61","329,61","329,61","329,61","","0,05%"
"21.04.2011","329,43","329,43","329,43","329,43","","-0,48%"
"20.04.2011","331,02","331,02","331,02","331,02","","-1,66%"
"19.04.2011","336,59","336,59","336,59","336,59","","-0,27%"
"18.04.2011","337,49","337,49","337,49","337,49","","1,67%"
"15.04.2011","331,96","331,96","331,96","331,96","","1,56%"
"14.04.2011","326,85","326,85","326,85","326,85","","-0,17%"
"13.04.2011","327,41","327,41","327,41","327,41","","0,72%"
"12.04.2011","325,08","325,08","325,08","325,08","","0,66%"
"11.04.2011","322,93","322,93","322,93","322,93","","0,23%"
"08.04.2011","322,21","322,21","322,21","322,21","","-1,33%"
"07.04.2011","326,54","326,54","326,54","326,54","","-0,35%"
"06.04.2011","327,70","327,70","327,70","327,70","","-1,91%"
"05.04.2011","334,09","334,09","334,09","334,09","","-0,42%"
"04.04.2011","335,49","335,49","335,49","335,49","","0,05%"
"01.04.2011","335,31","335,31","335,31","335,31","","-0,03%"
"31.03.2011","335,42","335,42","335,42","335,42","","-0,03%"
"30.03.2011","335,53","335,53","335,53","335,53","","0,26%"
"29.03.2011","334,66","334,66","334,66","334,66","","-1,00%"
"28.03.2011","338,03","338,03","338,03","338,03","","0,20%"
"25.03.2011","337,36","337,36","337,36","337,36","","0,09%"
"24.03.2011","337,05","337,05","337,05","337,05","","-0,98%"
"23.03.2011","340,39","340,39","340,39","340,39","","0,77%"
"22.03.2011","337,80","337,80","337,80","337,80","","0,23%"
"21.03.2011","337,01","337,01","337,01","337,01","","-0,63%"
"18.03.2011","339,16","339,16","339,16","339,16","","-1,09%"
"17.03.2011","342,91","342,91","342,91","342,91","","-1,40%"
"16.03.2011","347,79","347,79","347,79","347,79","","1,98%"
"15.03.2011","341,03","341,03","341,03","341,03","","0,84%"
"14.03.2011","338,19","338,19","338,19","338,19","","-0,24%"
"11.03.2011","338,99","338,99","338,99","338,99","","-0,91%"
"10.03.2011","342,10","342,10","342,10","342,10","","1,87%"
"09.03.2011","335,80","335,80","335,80","335,80","","0,94%"
"08.03.2011","332,69","332,69","332,69","332,69","","-0,30%"
"07.03.2011","333,70","333,70","333,70","333,70","","-0,02%"
"04.03.2011","333,77","333,77","333,77","333,77","","0,48%"
"03.03.2011","332,17","332,17","332,17","332,17","","-2,02%"
"02.03.2011","339,03","339,03","339,03","339,03","","-1,63%"
"01.03.2011","344,66","344,66","344,66","344,66","","0,17%"
"28.02.2011","344,07","344,07","344,07","344,07","","0,08%"
"25.02.2011","343,80","343,80","343,80","343,80","","0,74%"
"24.02.2011","341,27","341,27","341,27","341,27","","0,62%"
"23.02.2011","339,18","339,18","339,18","339,18","","-0,56%"
"22.02.2011","341,08","341,08","341,08","341,08","","1,21%"
"21.02.2011","337,01","337,01","337,01","337,01","","0,63%"
"18.02.2011","334,89","334,89","334,89","334,89","","-1,25%"
"17.02.2011","339,14","339,14","339,14","339,14","","-0,03%"
"16.02.2011","339,24","339,24","339,24","339,24","","-0,68%"
"15.02.2011","341,55","341,55","341,55","341,55","","-0,07%"
"14.02.2011","341,78","341,78","341,78","341,78","","1,15%"
"11.02.2011","337,89","337,89","337,89","337,89","","1,21%"
"10.02.2011","333,83","333,83","333,83","333,83","","-0,21%"
"09.02.2011","334,53","334,53","334,53","334,53","","0,38%"
"08.02.2011","333,27","333,27","333,27","333,27","","-1,17%"
"07.02.2011","337,20","337,20","337,20","337,20","","0,37%"
"04.02.2011","335,94","335,94","335,94","335,94","","-0,78%"
"03.02.2011","338,58","338,58","338,58","338,58","","0,93%"
"02.02.2011","335,46","335,46","335,46","335,46","","-0,20%"
"01.02.2011","336,14","336,14","336,14","336,14","","-1,74%"
"31.01.2011","342,08","342,08","342,08","342,08","","-1,23%"
"28.01.2011","346,32","346,32","346,32","346,32","","1,39%"
"27.01.2011","341,56","341,56","341,56","341,56","","0,42%"
"26.01.2011","340,12","340,12","340,12","340,12","","-2,09%"
"25.01.2011","347,38","347,38","347,38","347,38","","1,11%"
"24.01.2011","343,57","343,57","343,57","343,57","","0,08%"
"21.01.2011","343,28","343,28","343,28","343,28","","-0,23%"
"20.01.2011","344,07","344,07","344,07","344,07","","-1,62%"
"19.01.2011","349,75","349,75","349,75","349,75","","-0,05%"
"18.01.2011","349,92","349,92","349,92","349,92","","-1,60%"
"17.01.2011","355,62","355,62","355,62","355,62","","1,13%"
"14.01.2011","351,65","351,65","351,65","351,65","","-0,75%"
"13.01.2011","354,31","354,31","354,31","354,31","","-5,62%"
"12.01.2011","375,40","375,40","375,40","375,40","","-1,91%"
"11.01.2011","382,70","382,70","382,70","382,70","","-0,65%"
"10.01.2011","385,21","385,21","385,21","385,21","","0,18%"
"07.01.2011","384,53","384,53","384,53","384,53","","1,07%"
"06.01.2011","380,45","380,45","380,45","380,45","","1,74%"
"05.01.2011","373,94","373,94","373,94","373,94","","-0,96%"
"04.01.2011","377,58","377,58","377,58","377,58","","0,05%"
"03.01.2011","377,39","377,39","377,39","377,39","","0,21%"
"31.12.2010","376,62","376,62","376,62","376,62","","0,84%"
"30.12.2010","373,47","373,47","373,47","373,47","","-0,23%"
"29.12.2010","374,34","374,34","374,34","374,34","","-0,79%"
"28.12.2010","377,32","377,32","377,32","377,32","","-1,92%"
"27.12.2010","384,72","384,72","384,72","384,72","","0,80%"
"24.12.2010","381,66","381,66","381,66","381,66","","0,07%"
"23.12.2010","381,41","381,41","381,41","381,41","","-0,46%"
"22.12.2010","383,17","383,17","383,17","383,17","","-0,52%"
"21.12.2010","385,18","385,18","385,18","385,18","","0,65%"
"20.12.2010","382,70","382,70","382,70","382,70","","0,18%"
"17.12.2010","382,01","382,01","382,01","382,01","","2,12%"
"16.12.2010","374,10","374,10","374,10","374,10","","0,85%"
"15.12.2010","370,96","370,96","370,96","370,96","","0,36%"
"14.12.2010","369,62","369,62","369,62","369,62","","-1,97%"
"13.12.2010","377,05","377,05","377,05","377,05","","-0,76%"
"10.12.2010","379,93","379,93","379,93","379,93","","-0,50%"
"09.12.2010","381,84","381,84","381,84","381,84","","1,13%"
"08.12.2010","377,56","377,56","377,56","377,56","","-1,48%"
"07.12.2010","383,23","383,23","383,23","383,23","","-1,81%"
"06.12.2010","390,28","390,28","390,28","390,28","","2,20%"
"03.12.2010","381,89","381,89","381,89","381,89","","-2,39%"
"02.12.2010","391,23","391,23","391,23","391,23","","-0,83%"
"01.12.2010","394,49","394,49","394,49","394,49","","-3,38%"
"30.11.2010","408,30","408,30","408,30","408,30","","1,88%"
"29.11.2010","400,75","400,75","400,75","400,75","","2,00%"
"26.11.2010","392,90","392,90","392,90","392,90","","1,91%"
"25.11.2010","385,52","385,52","385,52","385,52","","-0,23%"
"24.11.2010","386,41","386,41","386,41","386,41","","-1,84%"
"23.11.2010","393,66","393,66","393,66","393,66","","2,56%"
"22.11.2010","383,83","383,83","383,83","383,83","","1,10%"
"19.11.2010","379,67","379,67","379,67","379,67","","0,30%"
"18.11.2010","378,53","378,53","378,53","378,53","","-0,75%"
"17.11.2010","381,41","381,41","381,41","381,41","","-0,62%"
"16.11.2010","383,78","383,78","383,78","383,78","","3,41%"
"15.11.2010","371,13","371,13","371,13","371,13","","-1,34%"
"12.11.2010","376,16","376,16","376,16","376,16","","-1,21%"
"11.11.2010","380,78","380,78","380,78","380,78","","0,88%"
"10.11.2010","377,44","377,44","377,44","377,44","","0,26%"
"09.11.2010","376,45","376,45","376,45","376,45","","-1,08%"
"08.11.2010","380,58","380,58","380,58","380,58","","0,77%"
"05.11.2010","377,67","377,67","377,67","377,67","","0,08%"
"04.11.2010","377,37","377,37","377,37","377,37","","-0,50%"
"03.11.2010","379,28","379,28","379,28","379,28","","-2,69%"
"02.11.2010","389,75","389,75","389,75","389,75","","0,17%"
"01.11.2010","389,09","389,09","389,09","389,09","","0,18%"
"29.10.2010","388,37","388,37","388,37","388,37","","0,99%"
"28.10.2010","384,54","384,54","384,54","384,54","","-1,06%"
"27.10.2010","388,68","388,68","388,68","388,68","","-0,34%"
"26.10.2010","390,00","390,00","390,00","390,00","","-0,76%"
"25.10.2010","392,99","392,99","392,99","392,99","","0,32%"
"22.10.2010","391,75","391,75","391,75","391,75","","0,31%"
"21.10.2010","390,56","390,56","390,56","390,56","","-0,92%"
"20.10.2010","394,19","394,19","394,19","394,19","","-1,25%"
"19.10.2010","399,17","399,17","399,17","399,17","","2,31%"
"18.10.2010","390,17","390,17","390,17","390,17","","0,70%"
"15.10.2010","387,44","387,44","387,44","387,44","","-0,40%"
"14.10.2010","388,98","388,98","388,98","388,98","","-2,39%"
"13.10.2010","398,49","398,49","398,49","398,49","","-0,32%"
"12.10.2010","399,75","399,75","399,75","399,75","","-1,61%"
"11.10.2010","406,31","406,31","406,31","406,31","","0,52%"
"08.10.2010","404,22","404,22","404,22","404,22","","-0,70%"
"07.10.2010","407,07","407,07","407,07","407,07","","-0,64%"
"06.10.2010","409,69","409,69","409,69","409,69","","0,54%"
"05.10.2010","407,48","407,48","407,48","407,48","","-1,75%"
"04.10.2010","414,73","414,73","414,73","414,73","","0,95%"
"01.10.2010","410,83","410,83","410,83","410,83","","-1,71%"
"30.09.2010","417,97","417,97","417,97","417,97","","0,12%"
"29.09.2010","417,47","417,47","417,47","417,47","","-0,89%"
"28.09.2010","421,23","421,23","421,23","421,23","","0,18%"
"27.09.2010","420,48","420,48","420,48","420,48","","1,58%"
"24.09.2010","413,96","413,96","413,96","413,96","","-2,32%"
"23.09.2010","423,79","423,79","423,79","423,79","","0,95%"
"22.09.2010","419,80","419,80","419,80","419,80","","-0,46%"
"21.09.2010","421,74","421,74","421,74","421,74","","0,15%"
"20.09.2010","421,11","421,11","421,11","421,11","","0,39%"
"17.09.2010","419,47","419,47","419,47","419,47","","0,64%"
"16.09.2010","416,82","416,82","416,82","416,82","","-1,45%"
"15.09.2010","422,94","422,94","422,94","422,94","","-1,34%"
"14.09.2010","428,69","428,69","428,69","428,69","","-0,02%"
"13.09.2010","428,77","428,77","428,77","428,77","","-1,13%"
"10.09.2010","433,67","433,67","433,67","433,67","","-0,34%"
"09.09.2010","435,15","435,15","435,15","435,15","","-1,75%"
"08.09.2010","442,92","442,92","442,92","442,92","","-1,53%"
"07.09.2010","449,79","449,79","449,79","449,79","","3,70%"
"06.09.2010","433,74","433,74","433,74","433,74","","0,17%"
"03.09.2010","432,99","432,99","432,99","432,99","","-1,68%"
"02.09.2010","440,39","440,39","440,39","440,39","","-1,29%"
"01.09.2010","446,15","446,15","446,15","446,15","","-3,19%"
"31.08.2010","460,83","460,83","460,83","460,83","","1,01%"
"30.08.2010","456,22","456,22","456,22","456,22","","2,77%"
"27.08.2010","443,90","443,90","443,90","443,90","","-3,53%"
"26.08.2010","460,15","460,15","460,15","460,15","","0,59%"
"25.08.2010","457,45","457,45","457,45","457,45","","-0,45%"
"24.08.2010","459,51","459,51","459,51","459,51","","2,18%"
"23.08.2010","449,72","449,72","449,72","449,72","","0,31%"
"20.08.2010","448,32","448,32","448,32","448,32","","0,83%"
"19.08.2010","444,63","444,63","444,63","444,63","","1,67%"
"18.08.2010","437,32","437,32","437,32","437,32","","0,74%"
"17.08.2010","434,11","434,11","434,11","434,11","","-1,30%"
"16.08.2010","439,84","439,84","439,84","439,84","","2,04%"
"13.08.2010","431,04","431,04","431,04","431,04","","2,10%"
"12.08.2010","422,19","422,19","422,19","422,19","","-2,42%"
"11.08.2010","432,68","432,68","432,68","432,68","","4,22%"
"10.08.2010","415,14","415,14","415,14","415,14","","0,62%"
"09.08.2010","412,58","412,58","412,58","412,58","","-0,01%"
"06.08.2010","412,61","412,61","412,61","412,61","","0,28%"
"05.08.2010","411,48","411,48","411,48","411,48","","0,26%"
"04.08.2010","410,39","410,39","410,39","410,39","","0,08%"
"03.08.2010","410,05","410,05","410,05","410,05","","-0,10%"
"02.08.2010","410,47","410,47","410,47","410,47","","-2,35%"
"30.07.2010","420,33","420,33","420,33","420,33","","1,79%"
"29.07.2010","412,93","412,93","412,93","412,93","","-0,88%"
"28.07.2010","416,58","416,58","416,58","416,58","","0,32%"
"27.07.2010","415,27","415,27","415,27","415,27","","-1,01%"
"26.07.2010","419,52","419,52","419,52","419,52","","-0,62%"
"23.07.2010","422,13","422,13","422,13","422,13","","-1,34%"
"22.07.2010","427,86","427,86","427,86","427,86","","-1,90%"
"21.07.2010","436,14","436,14","436,14","436,14","","2,49%"
"20.07.2010","425,53","425,53","425,53","425,53","","0,41%"
"19.07.2010","423,80","423,80","423,80","423,80","","-0,74%"
"16.07.2010","426,96","426,96","426,96","426,96","","0,85%"
"15.07.2010","423,34","423,34","423,34","423,34","","-0,76%"
"14.07.2010","426,58","426,58","426,58","426,58","","1,23%"
"13.07.2010","421,38","421,38","421,38","421,38","","-1,97%"
"12.07.2010","429,86","429,86","429,86","429,86","","0,10%"
"09.07.2010","429,45","429,45","429,45","429,45","","0,10%"
"08.07.2010","429,02","429,02","429,02","429,02","","-1,29%"
"07.07.2010","434,62","434,62","434,62","434,62","","-1,33%"
"06.07.2010","440,48","440,48","440,48","440,48","","0,14%"
"05.07.2010","439,85","439,85","439,85","439,85","","0,18%"
"02.07.2010","439,06","439,06","439,06","439,06","","-0,98%"
"01.07.2010","443,40","443,40","443,40","443,40","","-2,33%"
"30.06.2010","453,98","453,98","453,98","453,98","","0,24%"
"29.06.2010","452,89","452,89","452,89","452,89","","2,04%"
"28.06.2010","443,83","443,83","443,83","443,83","","1,88%"
"25.06.2010","435,65","435,65","435,65","435,65","","0,38%"
"24.06.2010","434,00","434,00","434,00","434,00","","-0,95%"
"23.06.2010","438,15","438,15","438,15","438,15","","0,31%"
"22.06.2010","436,81","436,81","436,81","436,81","","1,41%"
"21.06.2010","430,73","430,73","430,73","430,73","","0,38%"
"18.06.2010","429,08","429,08","429,08","429,08","","-0,45%"
"17.06.2010","431,03","431,03","431,03","431,03","","0,46%"
"16.06.2010","429,06","429,06","429,06","429,06","","0,78%"
"15.06.2010","425,75","425,75","425,75","425,75","","-1,52%"
"14.06.2010","432,33","432,33","432,33","432,33","","-1,32%"
"11.06.2010","438,12","438,12","438,12","438,12","","1,46%"
"10.06.2010","431,80","431,80","431,80","431,80","","-3,10%"
"09.06.2010","445,63","445,63","445,63","445,63","","-0,03%"
"08.06.2010","445,75","445,75","445,75","445,75","","-0,97%"
"07.06.2010","450,13","450,13","450,13","450,13","","1,20%"
"04.06.2010","444,78","444,78","444,78","444,78","","4,07%"
"03.06.2010","427,39","427,39","427,39","427,39","","0,24%"
"02.06.2010","426,37","426,37","426,37","426,37","","-1,04%"
"01.06.2010","430,87","430,87","430,87","430,87","","0,99%"
"31.05.2010","426,63","426,63","426,63","426,63","","-0,30%"
"28.05.2010","427,90","427,90","427,90","427,90","","1,71%"
"27.05.2010","420,70","420,70","420,70","420,70","","-4,19%"
"26.05.2010","439,09","439,09","439,09","439,09","","1,08%"
"25.05.2010","434,38","434,38","434,38","434,38","","0,15%"
"24.05.2010","433,73","433,73","433,73","433,73","","2,13%"
"21.05.2010","424,69","424,69","424,69","424,69","","-1,03%"
"20.05.2010","429,12","429,12","429,12","429,12","","2,35%"
"19.05.2010","419,28","419,28","419,28","419,28","","-2,19%"
"18.05.2010","428,67","428,67","428,67","428,67","","4,01%"
"17.05.2010","412,13","412,13","412,13","412,13","","-0,59%"
"14.05.2010","414,58","414,58","414,58","414,58","","3,23%"
"13.05.2010","401,60","401,60","401,60","401,60","","1,66%"
"12.05.2010","395,04","395,04","395,04","395,04","","-0,67%"
"11.05.2010","397,69","397,69","397,69","397,69","","0,83%"
"10.05.2010","394,43","394,43","394,43","394,43","","-2,25%"
"07.05.2010","403,52","403,52","403,52","403,52","","-2,01%"
"06.05.2010","411,81","411,81","411,81","411,81","","4,31%"
"05.05.2010","394,79","394,79","394,79","394,79","","1,80%"
"04.05.2010","387,82","387,82","387,82","387,82","","3,51%"
"03.05.2010","374,66","374,66","374,66","374,66","","0,65%"
"30.04.2010","372,23","372,23","372,23","372,23","","0,65%"
"29.04.2010","369,83","369,83","369,83","369,83","","0,52%"
"28.04.2010","367,92","367,92","367,92","367,92","","-1,22%"
"27.04.2010","372,47","372,47","372,47","372,47","","3,28%"
"26.04.2010","360,65","360,65","360,65","360,65","","-0,13%"
"23.04.2010","361,13","361,13","361,13","361,13","","-1,01%"
"22.04.2010","364,82","364,82","364,82","364,82","","0,38%"
"21.04.2010","363,44","363,44","363,44","363,44","","1,30%"
"20.04.2010","358,78","358,78","358,78","358,78","","0,72%"
"19.04.2010","356,20","356,20","356,20","356,20","","-0,29%"
"16.04.2010","357,23","357,23","357,23","357,23","","1,41%"
"15.04.2010","352,27","352,27","352,27","352,27","","0,76%"
"14.04.2010","349,63","349,63","349,63","349,63","","-1,10%"
"13.04.2010","353,50","353,50","353,50","353,50","","0,08%"
"12.04.2010","353,23","353,23","353,23","353,23","","-0,01%"
"09.04.2010","353,27","353,27","353,27","353,27","","-0,68%"
"08.04.2010","355,70","355,70","355,70","355,70","","-0,37%"
"07.04.2010","357,02","357,02","357,02","357,02","","1,96%"
"06.04.2010","350,16","350,16","350,16","350,16","","0,73%"
"05.04.2010","347,64","347,64","347,64","347,64","","-1,54%"
"02.04.2010","353,07","353,07","353,07","353,07","","0,62%"
"01.04.2010","350,88","350,88","350,88","350,88","","-0,82%"
"31.03.2010","353,76","353,76","353,76","353,76","","-0,15%"
"30.03.2010","354,30","354,30","354,30","354,30","","0,84%"
"29.03.2010","351,36","351,36","351,36","351,36","","-0,81%"
"26.03.2010","354,22","354,22","354,22","354,22","","-0,74%"
"25.03.2010","356,87","356,87","356,87","356,87","","-0,14%"
"24.03.2010","357,39","357,39","357,39","357,39","","-0,58%"
"23.03.2010","359,48","359,48","359,48","359,48","","-0,30%"
"22.03.2010","360,55","360,55","360,55","360,55","","-0,06%"
"19.03.2010","360,76","360,76","360,76","360,76","","0,91%"
"18.03.2010","357,52","357,52","357,52","357,52","","0,55%"
"17.03.2010","355,57","355,57","355,57","355,57","","0,60%"
"16.03.2010","353,44","353,44","353,44","353,44","","-0,06%"
"15.03.2010","353,64","353,64","353,64","353,64","","0,67%"
"12.03.2010","351,28","351,28","351,28","351,28","","0,04%"
"11.03.2010","351,13","351,13","351,13","351,13","","0,25%"
"10.03.2010","350,25","350,25","350,25","350,25","","-0,64%"
"09.03.2010","352,52","352,52","352,52","352,52","","0,31%"
"08.03.2010","351,41","351,41","351,41","351,41","","-0,67%"
"05.03.2010","353,78","353,78","353,78","353,78","","-1,66%"
"04.03.2010","359,76","359,76","359,76","359,76","","1,32%"
"03.03.2010","355,06","355,06","355,06","355,06","","-0,95%"
"02.03.2010","358,46","358,46","358,46","358,46","","-0,46%"
"01.03.2010","360,11","360,11","360,11","360,11","","0,46%"
"26.02.2010","358,47","358,47","358,47","358,47","","-0,14%"
"25.02.2010","358,96","358,96","358,96","358,96","","0,80%"
"24.02.2010","356,12","356,12","356,12","356,12","","-0,24%"
"23.02.2010","356,97","356,97","356,97","356,97","","2,30%"
"22.02.2010","348,96","348,96","348,96","348,96","","-0,29%"
"19.02.2010","349,96","349,96","349,96","349,96","","0,46%"
"18.02.2010","348,34","348,34","348,34","348,34","","-0,58%"
"17.02.2010","350,39","350,39","350,39","350,39","","0,16%"
"16.02.2010","349,84","349,84","349,84","349,84","","-0,89%"
"15.02.2010","352,99","352,99","352,99","352,99","","0,12%"
"12.02.2010","352,58","352,58","352,58","352,58","","0,85%"
"11.02.2010","349,59","349,59","349,59","349,59","","-0,12%"
"10.02.2010","350,02","350,02","350,02","350,02","","-0,40%"
"09.02.2010","351,44","351,44","351,44","351,44","","-2,36%"
"08.02.2010","359,92","359,92","359,92","359,92","","0,52%"
"05.02.2010","358,05","358,05","358,05","358,05","","0,99%"
"04.02.2010","354,55","354,55","354,55","354,55","","2,67%"
"03.02.2010","345,32","345,32","345,32","345,32","","-0,74%"
"02.02.2010","347,90","347,90","347,90","347,90","","-0,26%"
"01.02.2010","348,81","348,81","348,81","348,81","","-1,59%"
"29.01.2010","354,45","354,45","354,45","354,45","","1,72%"
"28.01.2010","348,44","348,44","348,44","348,44","","0,59%"
"27.01.2010","346,39","346,39","346,39","346,39","","0,27%"
"26.01.2010","345,45","345,45","345,45","345,45","","0,43%"
"25.01.2010","343,98","343,98","343,98","343,98","","-0,35%"
"22.01.2010","345,18","345,18","345,18","345,18","","-0,85%"
"21.01.2010","348,14","348,14","348,14","348,14","","0,74%"
"20.01.2010","345,58","345,58","345,58","345,58","","2,33%"
"19.01.2010","337,72","337,72","337,72","337,72","","0,46%"
"18.01.2010","336,19","336,19","336,19","336,19","","-0,01%"
"15.01.2010","336,22","336,22","336,22","336,22","","1,63%"
"14.01.2010","330,81","330,81","330,81","330,81","","1,39%"
"13.01.2010","326,26","326,26","326,26","326,26","","-1,54%"
"12.01.2010","331,36","331,36","331,36","331,36","","1,97%"
"11.01.2010","324,95","324,95","324,95","324,95","","-1,01%"
"08.01.2010","328,25","328,25","328,25","328,25","","-0,97%"
"07.01.2010","331,48","331,48","331,48","331,48","","0,65%"
"06.01.2010","329,33","329,33","329,33","329,33","","-1,57%"
"05.01.2010","334,59","334,59","334,59","334,59","","0,90%"
"04.01.2010","331,61","331,61","331,61","331,61","","-0,80%"
"01.01.2010","334,30","334,30","334,30","334,30","","-0,01%"
"31.12.2009","334,34","334,34","334,34","334,34","","-0,22%"
"30.12.2009","335,06","335,06","335,06","335,06","","0,63%"
"29.12.2009","332,96","332,96","332,96","332,96","","1,03%"
"28.12.2009","329,55","329,55","329,55","329,55","","-0,12%"
"25.12.2009","329,95","329,95","329,95","329,95","","-0,11%"
"24.12.2009","330,33","330,33","330,33","330,33","","-1,42%"
"23.12.2009","335,10","335,10","335,10","335,10","","-0,46%"
"22.12.2009","336,64","336,64","336,64","336,64","","-0,62%"
"21.12.2009","338,74","338,74","338,74","338,74","","-1,24%"
"18.12.2009","342,98","342,98","342,98","342,98","","-0,57%"
"17.12.2009","344,97","344,97","344,97","344,97","","3,17%"
"16.12.2009","334,36","334,36","334,36","334,36","","0,01%"
"15.12.2009","334,34","334,34","334,34","334,34","","0,10%"
"14.12.2009","334,02","334,02","334,02","334,02","","0,14%"
"11.12.2009","333,55","333,55","333,55","333,55","","0,84%"
"10.12.2009","330,77","330,77","330,77","330,77","","-1,52%"
"09.12.2009","335,86","335,86","335,86","335,86","","-0,86%"
"08.12.2009","338,76","338,76","338,76","338,76","","1,12%"
"07.12.2009","335,00","335,00","335,00","335,00","","0,40%"
"04.12.2009","333,67","333,67","333,67","333,67","","0,36%"
"03.12.2009","332,48","332,48","332,48","332,48","","-1,28%"
"02.12.2009","336,80","336,80","336,80","336,80","","0,50%"
"01.12.2009","335,11","335,11","335,11","335,11","","-1,88%"
"30.11.2009","341,52","341,52","341,52","341,52","","-0,07%"
"27.11.2009","341,74","341,74","341,74","341,74","","0,89%"
"26.11.2009","338,74","338,74","338,74","338,74","","0,86%"
"25.11.2009","335,84","335,84","335,84","335,84","","-0,92%"
"24.11.2009","338,97","338,97","338,97","338,97","","0,72%"
"23.11.2009","336,54","336,54","336,54","336,54","","-0,69%"
"20.11.2009","338,88","338,88","338,88","338,88","","0,54%"
"19.11.2009","337,06","337,06","337,06","337,06","","0,32%"
"18.11.2009","335,99","335,99","335,99","335,99","","-1,34%"
"17.11.2009","340,56","340,56","340,56","340,56","","0,99%"
"16.11.2009","337,22","337,22","337,22","337,22","","0,98%"
"13.11.2009","333,95","333,95","333,95","333,95","","0,14%"
"12.11.2009","333,49","333,49","333,49","333,49","","0,69%"
"11.11.2009","331,20","331,20","331,20","331,20","","0,60%"
"10.11.2009","329,23","329,23","329,23","329,23","","-0,11%"
"09.11.2009","329,59","329,59","329,59","329,59","","-0,99%"
"06.11.2009","332,89","332,89","332,89","332,89","","0,27%"
"05.11.2009","332,00","332,00","332,00","332,00","","0,01%"
"04.11.2009","331,96","331,96","331,96","331,96","","-2,16%"
"03.11.2009","339,30","339,30","339,30","339,30","","-0,78%"
"02.11.2009","341,98","341,98","341,98","341,98","","-0,92%"
"30.10.2009","345,15","345,15","345,15","345,15","","2,64%"
"29.10.2009","336,26","336,26","336,26","336,26","","-2,08%"
"28.10.2009","343,41","343,41","343,41","343,41","","0,99%"
"27.10.2009","340,05","340,05","340,05","340,05","","1,90%"
"26.10.2009","333,72","333,72","333,72","333,72","","-0,31%"
"23.10.2009","334,75","334,75","334,75","334,75","","-0,60%"
"22.10.2009","336,79","336,79","336,79","336,79","","-0,63%"
"21.10.2009","338,92","338,92","338,92","338,92","","-1,18%"
"20.10.2009","342,98","342,98","342,98","342,98","","0,77%"
"19.10.2009","340,36","340,36","340,36","340,36","","0,34%"
"16.10.2009","339,21","339,21","339,21","339,21","","1,30%"
"15.10.2009","334,85","334,85","334,85","334,85","","-0,78%"
"14.10.2009","337,49","337,49","337,49","337,49","","-1,55%"
"13.10.2009","342,82","342,82","342,82","342,82","","-0,04%"
"12.10.2009","342,96","342,96","342,96","342,96","","-0,40%"
"09.10.2009","344,32","344,32","344,32","344,32","","-1,69%"
"08.10.2009","350,23","350,23","350,23","350,23","","-2,19%"
"07.10.2009","358,06","358,06","358,06","358,06","","1,32%"
"06.10.2009","353,40","353,40","353,40","353,40","","-1,28%"
"05.10.2009","357,99","357,99","357,99","357,99","","-0,87%"
"02.10.2009","361,13","361,13","361,13","361,13","","-0,91%"
"01.10.2009","364,45","364,45","364,45","364,45","","2,36%"
"30.09.2009","356,06","356,06","356,06","356,06","","-0,88%"
"29.09.2009","359,23","359,23","359,23","359,23","","0,51%"
"28.09.2009","357,40","357,40","357,40","357,40","","1,45%"
"25.09.2009","352,29","352,29","352,29","352,29","","1,62%"
"24.09.2009","346,69","346,69","346,69","346,69","","0,50%"
"23.09.2009","344,98","344,98","344,98","344,98","","0,43%"
"22.09.2009","343,51","343,51","343,51","343,51","","-0,14%"
"21.09.2009","343,98","343,98","343,98","343,98","","-0,04%"
"18.09.2009","344,13","344,13","344,13","344,13","","-0,57%"
"17.09.2009","346,10","346,10","346,10","346,10","","1,36%"
"16.09.2009","341,47","341,47","341,47","341,47","","-0,34%"
"15.09.2009","342,62","342,62","342,62","342,62","","-0,76%"
"14.09.2009","345,24","345,24","345,24","345,24","","-1,21%"
"11.09.2009","349,49","349,49","349,49","349,49","","0,46%"
"10.09.2009","347,87","347,87","347,87","347,87","","2,04%"
"09.09.2009","340,91","340,91","340,91","340,91","","-0,65%"
"08.09.2009","343,15","343,15","343,15","343,15","","-1,90%"
"07.09.2009","349,79","349,79","349,79","349,79","","-0,30%"
"04.09.2009","350,82","350,82","350,82","350,82","","-1,97%"
"03.09.2009","357,86","357,86","357,86","357,86","","-0,59%"
"02.09.2009","360,00","360,00","360,00","360,00","","0,93%"
"01.09.2009","356,70","356,70","356,70","356,70","","0,51%"
"31.08.2009","354,88","354,88","354,88","354,88","","0,23%"
"28.08.2009","354,08","354,08","354,08","354,08","","0,79%"
"27.08.2009","351,31","351,31","351,31","351,31","","-1,23%"
"26.08.2009","355,69","355,69","355,69","355,69","","0,85%"
"25.08.2009","352,69","352,69","352,69","352,69","","1,01%"
"24.08.2009","349,16","349,16","349,16","349,16","","1,37%"
"21.08.2009","344,42","344,42","344,42","344,42","","-2,42%"
"20.08.2009","352,96","352,96","352,96","352,96","","0,79%"
"19.08.2009","350,20","350,20","350,20","350,20","","0,44%"
"18.08.2009","348,66","348,66","348,66","348,66","","-0,65%"
"17.08.2009","350,95","350,95","350,95","350,95","","1,85%"
"14.08.2009","344,57","344,57","344,57","344,57","","0,93%"
"13.08.2009","341,39","341,39","341,39","341,39","","1,19%"
"12.08.2009","337,39","337,39","337,39","337,39","","-1,51%"
"11.08.2009","342,58","342,58","342,58","342,58","","1,12%"
"10.08.2009","338,78","338,78","338,78","338,78","","1,62%"
"07.08.2009","333,38","333,38","333,38","333,38","","-0,24%"
"06.08.2009","334,17","334,17","334,17","334,17","","1,20%"
"05.08.2009","330,20","330,20","330,20","330,20","","-1,66%"
"04.08.2009","335,77","335,77","335,77","335,77","","-0,56%"
"03.08.2009","337,65","337,65","337,65","337,65","","-2,97%"
"31.07.2009","347,98","347,98","347,98","347,98","","1,08%"
"30.07.2009","344,28","344,28","344,28","344,28","","0,69%"
"29.07.2009","341,92","341,92","341,92","341,92","","1,91%"
"28.07.2009","335,50","335,50","335,50","335,50","","1,37%"
"27.07.2009","330,96","330,96","330,96","330,96","","-1,25%"
"24.07.2009","335,15","335,15","335,15","335,15","","0,47%"
"23.07.2009","333,58","333,58","333,58","333,58","","-1,79%"
"22.07.2009","339,66","339,66","339,66","339,66","","-1,52%"
"21.07.2009","344,89","344,89","344,89","344,89","","1,71%"
"20.07.2009","339,09","339,09","339,09","339,09","","0,08%"
"17.07.2009","338,82","338,82","338,82","338,82","","-0,91%"
"16.07.2009","341,94","341,94","341,94","341,94","","0,36%"
"15.07.2009","340,72","340,72","340,72","340,72","","-3,19%"
"14.07.2009","351,94","351,94","351,94","351,94","","-1,84%"
"13.07.2009","358,55","358,55","358,55","358,55","","-0,85%"
"10.07.2009","361,61","361,61","361,61","361,61","","2,69%"
"09.07.2009","352,15","352,15","352,15","352,15","","-3,56%"
"08.07.2009","365,14","365,14","365,14","365,14","","2,78%"
"07.07.2009","355,26","355,26","355,26","355,26","","1,11%"
"06.07.2009","351,35","351,35","351,35","351,35","","-0,65%"
"03.07.2009","353,63","353,63","353,63","353,63","","-0,12%"
"02.07.2009","354,07","354,07","354,07","354,07","","2,07%"
"01.07.2009","346,88","346,88","346,88","346,88","","-1,45%"
"30.06.2009","352,00","352,00","352,00","352,00","","0,23%"
"29.06.2009","351,19","351,19","351,19","351,19","","-0,25%"
"26.06.2009","352,07","352,07","352,07","352,07","","0,05%"
"25.06.2009","351,89","351,89","351,89","351,89","","1,23%"
"24.06.2009","347,60","347,60","347,60","347,60","","0,16%"
"23.06.2009","347,04","347,04","347,04","347,04","","-0,60%"
"22.06.2009","349,13","349,13","349,13","349,13","","2,24%"
"19.06.2009","341,46","341,46","341,46","341,46","","1,37%"
"18.06.2009","336,84","336,84","336,84","336,84","","-2,30%"
"17.06.2009","344,75","344,75","344,75","344,75","","-0,13%"
"16.06.2009","345,19","345,19","345,19","345,19","","0,51%"
"15.06.2009","343,44","343,44","343,44","343,44","","3,01%"
"12.06.2009","333,40","333,40","333,40","333,40","","1,59%"
"11.06.2009","328,18","328,18","328,18","328,18","","-0,04%"
"10.06.2009","328,33","328,33","328,33","328,33","","-0,81%"
"09.06.2009","330,99","330,99","330,99","330,99","","-1,51%"
"08.06.2009","336,06","336,06","336,06","336,06","","0,94%"
"05.06.2009","332,95","332,95","332,95","332,95","","0,57%"
"04.06.2009","331,06","331,06","331,06","331,06","","-2,65%"
"03.06.2009","340,08","340,08","340,08","340,08","","1,76%"
"02.06.2009","334,21","334,21","334,21","334,21","","0,44%"
"01.06.2009","332,74","332,74","332,74","332,74","","-3,92%"
"29.05.2009","346,32","346,32","346,32","346,32","","1,70%"
"28.05.2009","340,52","340,52","340,52","340,52","","0,51%"
"27.05.2009","338,79","338,79","338,79","338,79","","-1,48%"
"26.05.2009","343,86","343,86","343,86","343,86","","-0,77%"
"25.05.2009","346,53","346,53","346,53","346,53","","-0,09%"
"22.05.2009","346,83","346,83","346,83","346,83","","-1,97%"
"21.05.2009","353,82","353,82","353,82","353,82","","-3,38%"
"20.05.2009","366,20","366,20","366,20","366,20","","-0,27%"
"19.05.2009","367,21","367,21","367,21","367,21","","-0,98%"
"18.05.2009","370,84","370,84","370,84","370,84","","-2,03%"
"15.05.2009","378,51","378,51","378,51","378,51","","0,79%"
"14.05.2009","375,54","375,54","375,54","375,54","","0,06%"
"13.05.2009","375,31","375,31","375,31","375,31","","1,67%"
"12.05.2009","369,16","369,16","369,16","369,16","","-0,11%"
"11.05.2009","369,58","369,58","369,58","369,58","","2,11%"
"08.05.2009","361,94","361,94","361,94","361,94","","-1,65%"
"07.05.2009","368,00","368,00","368,00","368,00","","-3,66%"
"06.05.2009","381,96","381,96","381,96","381,96","","-0,45%"
"05.05.2009","383,68","383,68","383,68","383,68","","0,82%"
"04.05.2009","380,57","380,57","380,57","380,57","","-0,62%"
"01.05.2009","382,93","382,93","382,93","382,93","","-1,01%"
"30.04.2009","386,86","386,86","386,86","386,86","","-0,21%"
"29.04.2009","387,65","387,65","387,65","387,65","","-1,96%"
"28.04.2009","395,38","395,38","395,38","395,38","","-2,97%"
"27.04.2009","407,50","407,50","407,50","407,50","","2,50%"
"24.04.2009","397,56","397,56","397,56","397,56","","-2,18%"
"23.04.2009","406,44","406,44","406,44","406,44","","-0,42%"
"22.04.2009","408,16","408,16","408,16","408,16","","-2,05%"
"21.04.2009","416,70","416,70","416,70","416,70","","-1,19%"
"20.04.2009","421,71","421,71","421,71","421,71","","2,78%"
"17.04.2009","410,31","410,31","410,31","410,31","","-0,27%"
"16.04.2009","411,41","411,41","411,41","411,41","","-0,88%"
"15.04.2009","415,05","415,05","415,05","415,05","","0,50%"
"14.04.2009","412,99","412,99","412,99","412,99","","1,32%"
"13.04.2009","407,62","407,62","407,62","407,62","","0,02%"
"10.04.2009","407,54","407,54","407,54","407,54","","-0,14%"
"09.04.2009","408,10","408,10","408,10","408,10","","-1,05%"
"08.04.2009","412,43","412,43","412,43","412,43","","1,33%"
"07.04.2009","407,03","407,03","407,03","407,03","","1,63%"
"06.04.2009","400,48","400,48","400,48","400,48","","-0,14%"
"03.04.2009","401,04","401,04","401,04","401,04","","-2,71%"
"02.04.2009","412,21","412,21","412,21","412,21","","-3,14%"
"01.04.2009","425,55","425,55","425,55","425,55","","1,41%"
"31.03.2009","419,62","419,62","419,62","419,62","","0,34%"
"30.03.2009","418,19","418,19","418,19","418,19","","1,03%"
"27.03.2009","413,94","413,94","413,94","413,94","","2,38%"
"26.03.2009","404,33","404,33","404,33","404,33","","1,65%"
"25.03.2009","397,78","397,78","397,78","397,78","","-2,90%"
"24.03.2009","409,66","409,66","409,66","409,66","","2,90%"
"23.03.2009","398,13","398,13","398,13","398,13","","-1,02%"
"20.03.2009","402,23","402,23","402,23","402,23","","-0,14%"
"19.03.2009","402,81","402,81","402,81","402,81","","-1,83%"
"18.03.2009","410,33","410,33","410,33","410,33","","0,47%"
"17.03.2009","408,42","408,42","408,42","408,42","","-1,07%"
"16.03.2009","412,82","412,82","412,82","412,82","","-1,99%"
"13.03.2009","421,20","421,20","421,20","421,20","","-0,76%"
"12.03.2009","424,41","424,41","424,41","424,41","","-0,23%"
"11.03.2009","425,38","425,38","425,38","425,38","","-0,27%"
"10.03.2009","426,53","426,53","426,53","426,53","","-2,52%"
"09.03.2009","437,54","437,54","437,54","437,54","","-1,39%"
"06.03.2009","443,73","443,73","443,73","443,73","","-0,60%"
"05.03.2009","446,43","446,43","446,43","446,43","","4,24%"
"04.03.2009","428,29","428,29","428,29","428,29","","-0,93%"
"03.03.2009","432,30","432,30","432,30","432,30","","-0,34%"
"02.03.2009","433,80","433,80","433,80","433,80","","2,01%"
"27.02.2009","425,25","425,25","425,25","425,25","","-0,82%"
"26.02.2009","428,76","428,76","428,76","428,76","","-1,01%"
"25.02.2009","433,14","433,14","433,14","433,14","","-0,92%"
"24.02.2009","437,17","437,17","437,17","437,17","","-0,47%"
"23.02.2009","439,22","439,22","439,22","439,22","","1,80%"
"20.02.2009","431,46","431,46","431,46","431,46","","0,89%"
"19.02.2009","427,65","427,65","427,65","427,65","","-3,88%"
"18.02.2009","444,93","444,93","444,93","444,93","","-0,33%"
"17.02.2009","446,42","446,42","446,42","446,42","","5,28%"
"16.02.2009","424,02","424,02","424,02","424,02","","0,66%"
"13.02.2009","421,24","421,24","421,24","421,24","","-3,80%"
"12.02.2009","437,88","437,88","437,88","437,88","","0,05%"
"11.02.2009","437,65","437,65","437,65","437,65","","1,40%"
"10.02.2009","431,62","431,62","431,62","431,62","","3,93%"
"09.02.2009","415,30","415,30","415,30","415,30","","-0,95%"
"06.02.2009","419,29","419,29","419,29","419,29","","-1,93%"
"05.02.2009","427,56","427,56","427,56","427,56","","1,03%"
"04.02.2009","423,22","423,22","423,22","423,22","","0,82%"
"03.02.2009","419,79","419,79","419,79","419,79","","-4,02%"
"02.02.2009","437,38","437,38","437,38","437,38","","1,77%"
"30.01.2009","429,78","429,78","429,78","429,78","","0,67%"
"29.01.2009","426,90","426,90","426,90","426,90","","-0,73%"
"28.01.2009","430,03","430,03","430,03","430,03","","-3,17%"
"27.01.2009","444,11","444,11","444,11","444,11","","2,53%"
"26.01.2009","433,14","433,14","433,14","433,14","","-2,16%"
"23.01.2009","442,69","442,69","442,69","442,69","","-1,39%"
"22.01.2009","448,93","448,93","448,93","448,93","","-1,53%"
"21.01.2009","455,93","455,93","455,93","455,93","","-4,50%"
"20.01.2009","477,41","477,41","477,41","477,41","","0,83%"
"19.01.2009","473,50","473,50","473,50","473,50","","1,48%"
"16.01.2009","466,58","466,58","466,58","466,58","","-1,68%"
"15.01.2009","474,56","474,56","474,56","474,56","","0,64%"
"14.01.2009","471,55","471,55","471,55","471,55","","2,52%"
"13.01.2009","459,96","459,96","459,96","459,96","","0,80%"
"12.01.2009","456,31","456,31","456,31","456,31","","1,62%"
"09.01.2009","449,03","449,03","449,03","449,03","","2,06%"
"08.01.2009","439,96","439,96","439,96","439,96","","-0,30%"
"07.01.2009","441,31","441,31","441,31","441,31","","-0,85%"
"06.01.2009","445,08","445,08","445,08","445,08","","0,18%"
"05.01.2009","444,29","444,29","444,29","444,29","","-2,01%"
"02.01.2009","453,38","453,38","453,38","453,38","","-1,36%"
"01.01.2009","459,64","459,64","459,64","459,64","","-0,06%"
"31.12.2008","459,92","459,92","459,92","459,92","","-1,35%"
"30.12.2008","466,23","466,23","466,23","466,23","","0,12%"
"29.12.2008","465,67","465,67","465,67","465,67","","0,36%"
"26.12.2008","464,02","464,02","464,02","464,02","","0,16%"
"25.12.2008","463,27","463,27","463,27","463,27","","-0,06%"
"24.12.2008","463,56","463,56","463,56","463,56","","-0,33%"
"23.12.2008","465,10","465,10","465,10","465,10","","-0,83%"
"22.12.2008","468,99","468,99","468,99","468,99","","-0,83%"
"19.12.2008","472,93","472,93","472,93","472,93","","1,86%"
"18.12.2008","464,29","464,29","464,29","464,29","","3,57%"
"17.12.2008","448,29","448,29","448,29","448,29","","1,53%"
"16.12.2008","441,54","441,54","441,54","441,54","","-0,25%"
"15.12.2008","442,63","442,63","442,63","442,63","","-1,48%"
"12.12.2008","449,26","449,26","449,26","449,26","","0,29%"
"11.12.2008","447,96","447,96","447,96","447,96","","-2,35%"
"10.12.2008","458,73","458,73","458,73","458,73","","-1,13%"
"09.12.2008","463,99","463,99","463,99","463,99","","1,55%"
"08.12.2008","456,90","456,90","456,90","456,90","","-2,39%"
"05.12.2008","468,08","468,08","468,08","468,08","","-0,07%"
"04.12.2008","468,43","468,43","468,43","468,43","","1,38%"
"03.12.2008","462,06","462,06","462,06","462,06","","0,23%"
"02.12.2008","460,99","460,99","460,99","460,99","","-0,01%"
"01.12.2008","461,05","461,05","461,05","461,05","","5,30%"
"28.11.2008","437,82","437,82","437,82","437,82","","2,70%"
"27.11.2008","426,31","426,31","426,31","426,31","","0,01%"
"26.11.2008","426,27","426,27","426,27","426,27","","2,76%"
"25.11.2008","414,82","414,82","414,82","414,82","","0,89%"
"24.11.2008","411,18","411,18","411,18","411,18","","-4,19%"
"21.11.2008","429,16","429,16","429,16","429,16","","-0,38%"
"20.11.2008","430,78","430,78","430,78","430,78","","5,29%"
"19.11.2008","409,12","409,12","409,12","409,12","","3,86%"
"18.11.2008","393,91","393,91","393,91","393,91","","1,19%"
"17.11.2008","389,26","389,26","389,26","389,26","","0,27%"
"14.11.2008","388,19","388,19","388,19","388,19","","3,33%"
"13.11.2008","375,67","375,67","375,67","375,67","","-5,05%"
"12.11.2008","395,64","395,64","395,64","395,64","","0,81%"
"11.11.2008","392,48","392,48","392,48","392,48","","1,72%"
"10.11.2008","385,84","385,84","385,84","385,84","","0,76%"
"07.11.2008","382,94","382,94","382,94","382,94","","-1,24%"
"06.11.2008","387,73","387,73","387,73","387,73","","1,24%"
"05.11.2008","382,97","382,97","382,97","382,97","","1,73%"
"04.11.2008","376,45","376,45","376,45","376,45","","-1,40%"
"03.11.2008","381,80","381,80","381,80","381,80","","1,48%"
"31.10.2008","376,25","376,25","376,25","376,25","","0,32%"
"30.10.2008","375,05","375,05","375,05","375,05","","-0,29%"
"29.10.2008","376,12","376,12","376,12","376,12","","-3,09%"
"28.10.2008","388,13","388,13","388,13","388,13","","-3,04%"
"27.10.2008","400,28","400,28","400,28","400,28","","0,79%"
"24.10.2008","397,16","397,16","397,16","397,16","","0,66%"
"23.10.2008","394,56","394,56","394,56","394,56","","1,20%"
"22.10.2008","389,88","389,88","389,88","389,88","","3,48%"
"21.10.2008","376,75","376,75","376,75","376,75","","3,47%"
"20.10.2008","364,12","364,12","364,12","364,12","","1,20%"
"17.10.2008","359,80","359,80","359,80","359,80","","-0,79%"
"16.10.2008","362,67","362,67","362,67","362,67","","-0,17%"
"15.10.2008","363,30","363,30","363,30","363,30","","1,67%"
"14.10.2008","357,34","357,34","357,34","357,34","","-2,24%"
"13.10.2008","365,51","365,51","365,51","365,51","","-1,31%"
"10.10.2008","370,34","370,34","370,34","370,34","","1,57%"
"09.10.2008","364,64","364,64","364,64","364,64","","-1,07%"
"08.10.2008","368,59","368,59","368,59","368,59","","-0,80%"
"07.10.2008","371,56","371,56","371,56","371,56","","-2,27%"
"06.10.2008","380,20","380,20","380,20","380,20","","5,39%"
"03.10.2008","360,75","360,75","360,75","360,75","","0,92%"
"02.10.2008","357,48","357,48","357,48","357,48","","2,93%"
"01.10.2008","347,30","347,30","347,30","347,30","","1,67%"
"30.09.2008","341,60","341,60","341,60","341,60","","-0,18%"
"29.09.2008","342,23","342,23","342,23","342,23","","4,76%"
"26.09.2008","326,67","326,67","326,67","326,67","","1,01%"
"25.09.2008","323,40","323,40","323,40","323,40","","-0,69%"
"24.09.2008","325,65","325,65","325,65","325,65","","1,25%"
"23.09.2008","321,62","321,62","321,62","321,62","","0,50%"
"22.09.2008","320,02","320,02","320,02","320,02","","-2,62%"
"19.09.2008","328,64","328,64","328,64","328,64","","-4,85%"
"18.09.2008","345,41","345,41","345,41","345,41","","-1,07%"
"17.09.2008","349,16","349,16","349,16","349,16","","-1,11%"
"16.09.2008","353,07","353,07","353,07","353,07","","2,21%"
"15.09.2008","345,45","345,45","345,45","345,45","","2,71%"
"12.09.2008","336,34","336,34","336,34","336,34","","-3,20%"
"11.09.2008","347,44","347,44","347,44","347,44","","-0,07%"
"10.09.2008","347,68","347,68","347,68","347,68","","0,52%"
"09.09.2008","345,88","345,88","345,88","345,88","","1,25%"
"08.09.2008","341,61","341,61","341,61","341,61","","1,12%"
"05.09.2008","337,84","337,84","337,84","337,84","","-0,03%"
"04.09.2008","337,94","337,94","337,94","337,94","","2,35%"
"03.09.2008","330,18","330,18","330,18","330,18","","0,85%"
"02.09.2008","327,39","327,39","327,39","327,39","","1,57%"
"01.09.2008","322,32","322,32","322,32","322,32","","0,48%"
"29.08.2008","320,79","320,79","320,79","320,79","","-0,34%"
"28.08.2008","321,89","321,89","321,89","321,89","","0,07%"
"27.08.2008","321,67","321,67","321,67","321,67","","-0,11%"
"26.08.2008","322,03","322,03","322,03","322,03","","0,73%"
"25.08.2008","319,72","319,72","319,72","319,72","","1,33%"
"22.08.2008","315,52","315,52","315,52","315,52","","0,72%"
"21.08.2008","313,27","313,27","313,27","313,27","","-1,38%"
"20.08.2008","317,64","317,64","317,64","317,64","","0,74%"
"19.08.2008","315,31","315,31","315,31","315,31","","-1,05%"
"18.08.2008","318,66","318,66","318,66","318,66","","0,54%"
"15.08.2008","316,93","316,93","316,93","316,93","","1,61%"
"14.08.2008","311,93","311,93","311,93","311,93","","1,46%"
"13.08.2008","307,44","307,44","307,44","307,44","","-0,25%"
"12.08.2008","308,20","308,20","308,20","308,20","","0,98%"
"11.08.2008","305,20","305,20","305,20","305,20","","-0,28%"
"08.08.2008","306,07","306,07","306,07","306,07","","2,31%"
"07.08.2008","299,16","299,16","299,16","299,16","","2,62%"
"06.08.2008","291,51","291,51","291,51","291,51","","-0,67%"
"05.08.2008","293,48","293,48","293,48","293,48","","0,16%"
"04.08.2008","293,01","293,01","293,01","293,01","","-0,36%"
"01.08.2008","294,07","294,07","294,07","294,07","","0,77%"
"31.07.2008","291,82","291,82","291,82","291,82","","0,42%"
"30.07.2008","290,59","290,59","290,59","290,59","","-0,09%"
"29.07.2008","290,86","290,86","290,86","290,86","","0,82%"
"28.07.2008","288,50","288,50","288,50","288,50","","1,14%"
"25.07.2008","285,26","285,26","285,26","285,26","","-1,57%"
"24.07.2008","289,81","289,81","289,81","289,81","","1,53%"
"23.07.2008","285,45","285,45","285,45","285,45","","0,07%"
"22.07.2008","285,26","285,26","285,26","285,26","","0,68%"
"21.07.2008","283,33","283,33","283,33","283,33","","-0,24%"
"18.07.2008","284,01","284,01","284,01","284,01","","-0,25%"
"17.07.2008","284,73","284,73","284,73","284,73","","-1,17%"
"16.07.2008","288,10","288,10","288,10","288,10","","-1,11%"
"15.07.2008","291,31","291,31","291,31","291,31","","-0,16%"
"14.07.2008","291,78","291,78","291,78","291,78","","1,08%"
"11.07.2008","288,67","288,67","288,67","288,67","","-2,55%"
"10.07.2008","296,22","296,22","296,22","296,22","","-0,08%"
"09.07.2008","296,45","296,45","296,45","296,45","","0,00%"
"08.07.2008","296,44","296,44","296,44","296,44","","1,01%"
"07.07.2008","293,46","293,46","293,46","293,46","","0,44%"
"04.07.2008","292,18","292,18","292,18","292,18","","-0,01%"
"03.07.2008","292,22","292,22","292,22","292,22","","0,62%"
"02.07.2008","290,43","290,43","290,43","290,43","","0,25%"
"01.07.2008","289,70","289,70","289,70","289,70","","-0,48%"
"30.06.2008","291,09","291,09","291,09","291,09","","0,39%"
"27.06.2008","289,95","289,95","289,95","289,95","","0,77%"
"26.06.2008","287,73","287,73","287,73","287,73","","0,41%"
"25.06.2008","286,56","286,56","286,56","286,56","","-0,68%"
"24.06.2008","288,53","288,53","288,53","288,53","","0,57%"
"23.06.2008","286,90","286,90","286,90","286,90","","0,42%"
"20.06.2008","285,70","285,70","285,70","285,70","","0,17%"
"19.06.2008","285,23","285,23","285,23","285,23","","-0,08%"
"18.06.2008","285,47","285,47","285,47","285,47","","0,75%"
"17.06.2008","283,35","283,35","283,35","283,35","","-0,35%"
"16.06.2008","284,35","284,35","284,35","284,35","","-0,29%"
"13.06.2008","285,17","285,17","285,17","285,17","","-0,09%"
"12.06.2008","285,41","285,41","285,41","285,41","","-0,29%"
"11.06.2008","286,25","286,25","286,25","286,25","","-0,61%"
"10.06.2008","288,01","288,01","288,01","288,01","","-0,17%"
"09.06.2008","288,51","288,51","288,51","288,51","","1,50%"
"06.06.2008","284,26","284,26","284,26","284,26","","0,07%"
"05.06.2008","284,05","284,05","284,05","284,05","","-1,64%"
"04.06.2008","288,80","288,80","288,80","288,80","","-0,99%"
"03.06.2008","291,68","291,68","291,68","291,68","","1,58%"
"02.06.2008","287,15","287,15","287,15","287,15","","0,47%"
"30.05.2008","285,82","285,82","285,82","285,82","","0,81%"
"29.05.2008","283,53","283,53","283,53","283,53","","-0,29%"
"28.05.2008","284,35","284,35","284,35","284,35","","-0,51%"
"27.05.2008","285,82","285,82","285,82","285,82","","-0,79%"
"26.05.2008","288,09","288,09","288,09","288,09","","-0,05%"
"23.05.2008","288,24","288,24","288,24","288,24","","0,96%"
"22.05.2008","285,51","285,51","285,51","285,51","","-0,85%"
"21.05.2008","287,94","287,94","287,94","287,94","","-1,18%"
"20.05.2008","291,39","291,39","291,39","291,39","","-0,16%"
"19.05.2008","291,87","291,87","291,87","291,87","","0,39%"
"16.05.2008","290,75","290,75","290,75","290,75","","-0,81%"
"15.05.2008","293,12","293,12","293,12","293,12","","1,21%"
"14.05.2008","289,63","289,63","289,63","289,63","","-0,42%"
"13.05.2008","290,85","290,85","290,85","290,85","","-0,95%"
"12.05.2008","293,63","293,63","293,63","293,63","","-0,41%"
"09.05.2008","294,85","294,85","294,85","294,85","","0,19%"
"08.05.2008","294,28","294,28","294,28","294,28","","0,87%"
"07.05.2008","291,75","291,75","291,75","291,75","","1,25%"
"06.05.2008","288,16","288,16","288,16","288,16","","-1,19%"
"05.05.2008","291,62","291,62","291,62","291,62","","-0,68%"
"02.05.2008","293,62","293,62","293,62","293,62","","-1,02%"
"01.05.2008","296,66","296,66","296,66","296,66","","1,16%"
"30.04.2008","293,26","293,26","293,26","293,26","","0,78%"
"29.04.2008","290,98","290,98","290,98","290,98","","0,71%"
"28.04.2008","288,94","288,94","288,94","288,94","","0,13%"
"25.04.2008","288,55","288,55","288,55","288,55","","-0,28%"
"24.04.2008","289,36","289,36","289,36","289,36","","0,37%"
"23.04.2008","288,30","288,30","288,30","288,30","","0,44%"
"22.04.2008","287,05","287,05","287,05","287,05","","-0,49%"
"21.04.2008","288,45","288,45","288,45","288,45","","0,11%"
"18.04.2008","288,13","288,13","288,13","288,13","","0,68%"
"17.04.2008","286,18","286,18","286,18","286,18","","0,41%"
"16.04.2008","285,01","285,01","285,01","285,01","","-2,97%"
"15.04.2008","293,74","293,74","293,74","293,74","","-0,82%"
"14.04.2008","296,16","296,16","296,16","296,16","","-0,77%"
"11.04.2008","298,46","298,46","298,46","298,46","","0,31%"
"10.04.2008","297,53","297,53","297,53","297,53","","0,02%"
"09.04.2008","297,48","297,48","297,48","297,48","","0,43%"
"08.04.2008","296,21","296,21","296,21","296,21","","-0,21%"
"07.04.2008","296,84","296,84","296,84","296,84","","-0,67%"
"04.04.2008","298,86","298,86","298,86","298,86","","0,91%"
"03.04.2008","296,17","296,17","296,17","296,17","","0,03%"
"02.04.2008","296,08","296,08","296,08","296,08","","-0,45%"
"01.04.2008","297,41","297,41","297,41","297,41","","-0,36%"
"31.03.2008","298,49","298,49","298,49","298,49","","0,81%"
"28.03.2008","296,10","296,10","296,10","296,10","","0,51%"
"27.03.2008","294,58","294,58","294,58","294,58","","-0,38%"
"26.03.2008","295,70","295,70","295,70","295,70","","-1,82%"
"25.03.2008","301,19","301,19","301,19","301,19","","-1,08%"
"24.03.2008","304,48","304,48","304,48","304,48","","-2,39%"
"21.03.2008","311,94","311,94","311,94","311,94","","0,05%"
"20.03.2008","311,79","311,79","311,79","311,79","","2,28%"
"19.03.2008","304,85","304,85","304,85","304,85","","1,85%"
"18.03.2008","299,33","299,33","299,33","299,33","","-0,22%"
"17.03.2008","299,98","299,98","299,98","299,98","","0,76%"
"14.03.2008","297,70","297,70","297,70","297,70","","1,62%"
"13.03.2008","292,97","292,97","292,97","292,97","","-1,19%"
"12.03.2008","296,49","296,49","296,49","296,49","","0,42%"
"11.03.2008","295,25","295,25","295,25","295,25","","-1,24%"
"10.03.2008","298,95","298,95","298,95","298,95","","1,71%"
"07.03.2008","293,91","293,91","293,91","293,91","","0,95%"
"06.03.2008","291,13","291,13","291,13","291,13","","-0,35%"
"05.03.2008","292,16","292,16","292,16","292,16","","-2,59%"
"04.03.2008","299,92","299,92","299,92","299,92","","-0,82%"
"03.03.2008","302,41","302,41","302,41","302,41","","-0,25%"
"29.02.2008","303,16","303,16","303,16","303,16","","2,53%"
"28.02.2008","295,69","295,69","295,69","295,69","","1,00%"
"27.02.2008","292,75","292,75","292,75","292,75","","-1,01%"
"26.02.2008","295,73","295,73","295,73","295,73","","-0,81%"
"25.02.2008","298,14","298,14","298,14","298,14","","-1,35%"
"22.02.2008","302,21","302,21","302,21","302,21","","-0,60%"
"21.02.2008","304,03","304,03","304,03","304,03","","0,83%"
"20.02.2008","301,54","301,54","301,54","301,54","","0,34%"
"19.02.2008","300,52","300,52","300,52","300,52","","-1,38%"
"18.02.2008","304,71","304,71","304,71","304,71","","0,16%"
"15.02.2008","304,24","304,24","304,24","304,24","","0,64%"
"14.02.2008","302,30","302,30","302,30","302,30","","-2,72%"
"13.02.2008","310,76","310,76","310,76","310,76","","-0,70%"
"12.02.2008","312,96","312,96","312,96","312,96","","-1,37%"
"11.02.2008","317,30","317,30","317,30","317,30","","0,41%"
"08.02.2008","316,00","316,00","316,00","316,00","","0,88%"
"07.02.2008","313,25","313,25","313,25","313,25","","-1,07%"
"06.02.2008","316,62","316,62","316,62","316,62","","-0,37%"
"05.02.2008","317,79","317,79","317,79","317,79","","1,80%"
"04.02.2008","312,17","312,17","312,17","312,17","","-1,04%"
"01.02.2008","315,46","315,46","315,46","315,46","","0,97%"
"31.01.2008","312,42","312,42","312,42","312,42","","1,55%"
"30.01.2008","307,66","307,66","307,66","307,66","","-2,28%"
"29.01.2008","314,84","314,84","314,84","314,84","","-0,75%"
"28.01.2008","317,22","317,22","317,22","317,22","","-0,74%"
"25.01.2008","319,58","319,58","319,58","319,58","","1,79%"
"24.01.2008","313,96","313,96","313,96","313,96","","-3,62%"
"23.01.2008","325,75","325,75","325,75","325,75","","0,77%"
"22.01.2008","323,27","323,27","323,27","323,27","","-0,12%"
"21.01.2008","323,65","323,65","323,65","323,65","","1,15%"
"18.01.2008","319,97","319,97","319,97","319,97","","-0,33%"
"17.01.2008","321,05","321,05","321,05","321,05","","1,06%"
"16.01.2008","317,67","317,67","317,67","317,67","","0,57%"
"15.01.2008","315,88","315,88","315,88","315,88","","1,74%"
"14.01.2008","310,46","310,46","310,46","310,46","","-0,26%"
"11.01.2008","311,28","311,28","311,28","311,28","","1,02%"
"10.01.2008","308,12","308,12","308,12","308,12","","-2,93%"
"09.01.2008","317,44","317,44","317,44","317,44","","0,92%"
"08.01.2008","314,55","314,55","314,55","314,55","","-0,44%"
"07.01.2008","315,94","315,94","315,94","315,94","","0,86%"
"04.01.2008","313,25","313,25","313,25","313,25","","0,21%"
"03.01.2008","312,58","312,58","312,58","312,58","","-0,53%"
"02.01.2008","314,25","314,25","314,25","314,25","","0,66%"
"01.01.2008","312,18","312,18","312,18","312,18","","0,03%"
"31.12.2007","312,10","312,10","312,10","312,10","","1,97%"
"28.12.2007","306,06","306,06","306,06","306,06","","0,86%"
"27.12.2007","303,43","303,43","303,43","303,43","","0,28%"
"26.12.2007","302,59","302,59","302,59","302,59","","-1,58%"
"25.12.2007","307,44","307,44","307,44","307,44","","-0,03%"
"24.12.2007","307,53","307,53","307,53","307,53","","-0,92%"
"21.12.2007","310,39","310,39","310,39","310,39","","-2,22%"
"20.12.2007","317,43","317,43","317,43","317,43","","1,04%"
"19.12.2007","314,17","314,17","314,17","314,17","","0,99%"
"18.12.2007","311,09","311,09","311,09","311,09","","1,36%"
"17.12.2007","306,92","306,92","306,92","306,92","","0,69%"
"14.12.2007","304,83","304,83","304,83","304,83","","0,66%"
"13.12.2007","302,82","302,82","302,82","302,82","","-0,68%"
"12.12.2007","304,91","304,91","304,91","304,91","","-1,07%"
"11.12.2007","308,20","308,20","308,20","308,20","","2,49%"
"10.12.2007","300,71","300,71","300,71","300,71","","-0,84%"
"07.12.2007","303,26","303,26","303,26","303,26","","-1,80%"
"06.12.2007","308,83","308,83","308,83","308,83","","-1,59%"
"05.12.2007","313,83","313,83","313,83","313,83","","0,45%"
"04.12.2007","312,41","312,41","312,41","312,41","","-0,50%"
"03.12.2007","313,99","313,99","313,99","313,99","","0,51%"
"30.11.2007","312,40","312,40","312,40","312,40","","-0,07%"
"29.11.2007","312,61","312,61","312,61","312,61","","1,56%"
"28.11.2007","307,81","307,81","307,81","307,81","","-0,84%"
"27.11.2007","310,42","310,42","310,42","310,42","","-0,83%"
"26.11.2007","313,03","313,03","313,03","313,03","","2,27%"
"23.11.2007","306,09","306,09","306,09","306,09","","0,57%"
"22.11.2007","304,36","304,36","304,36","304,36","","0,03%"
"21.11.2007","304,28","304,28","304,28","304,28","","0,09%"
"20.11.2007","303,99","303,99","303,99","303,99","","-1,12%"
"19.11.2007","307,45","307,45","307,45","307,45","","0,70%"
"16.11.2007","305,33","305,33","305,33","305,33","","-0,03%"
"15.11.2007","305,43","305,43","305,43","305,43","","1,33%"
"14.11.2007","301,43","301,43","301,43","301,43","","-0,21%"
"13.11.2007","302,06","302,06","302,06","302,06","","-0,63%"
"12.11.2007","303,97","303,97","303,97","303,97","","0,98%"
"09.11.2007","301,00","301,00","301,00","301,00","","0,91%"
"08.11.2007","298,28","298,28","298,28","298,28","","-0,01%"
"07.11.2007","298,32","298,32","298,32","298,32","","-0,87%"
"06.11.2007","300,95","300,95","300,95","300,95","","-1,20%"
"05.11.2007","304,62","304,62","304,62","304,62","","0,02%"
"02.11.2007","304,57","304,57","304,57","304,57","","0,13%"
"01.11.2007","304,18","304,18","304,18","304,18","","2,12%"
"31.10.2007","297,87","297,87","297,87","297,87","","-1,45%"
"30.10.2007","302,26","302,26","302,26","302,26","","-0,24%"
"29.10.2007","302,99","302,99","302,99","302,99","","0,15%"
"26.10.2007","302,55","302,55","302,55","302,55","","-0,91%"
"25.10.2007","305,32","305,32","305,32","305,32","","-0,55%"
"24.10.2007","307,02","307,02","307,02","307,02","","0,68%"
"23.10.2007","304,93","304,93","304,93","304,93","","-0,78%"
"22.10.2007","307,32","307,32","307,32","307,32","","1,11%"
"19.10.2007","303,96","303,96","303,96","303,96","","1,31%"
"18.10.2007","300,01","300,01","300,01","300,01","","-0,07%"
"17.10.2007","300,22","300,22","300,22","300,22","","1,35%"
"16.10.2007","296,22","296,22","296,22","296,22","","0,20%"
"15.10.2007","295,63","295,63","295,63","295,63","","-0,33%"
"12.10.2007","296,59","296,59","296,59","296,59","","-0,16%"
"11.10.2007","297,08","297,08","297,08","297,08","","-0,62%"
"10.10.2007","298,92","298,92","298,92","298,92","","-0,23%"
"09.10.2007","299,62","299,62","299,62","299,62","","-0,24%"
"08.10.2007","300,35","300,35","300,35","300,35","","0,57%"
"05.10.2007","298,66","298,66","298,66","298,66","","-1,53%"
"04.10.2007","303,29","303,29","303,29","303,29","","0,01%"
"03.10.2007","303,27","303,27","303,27","303,27","","0,28%"
"02.10.2007","302,43","302,43","302,43","302,43","","0,88%"
"01.10.2007","299,80","299,80","299,80","299,80","","0,89%"
"28.09.2007","297,14","297,14","297,14","297,14","","-0,79%"
"27.09.2007","299,50","299,50","299,50","299,50","","0,75%"
"26.09.2007","297,28","297,28","297,28","297,28","","-0,02%"
"25.09.2007","297,33","297,33","297,33","297,33","","-0,55%"
"24.09.2007","298,98","298,98","298,98","298,98","","0,34%"
"21.09.2007","297,98","297,98","297,98","297,98","","0,62%"
"20.09.2007","296,15","296,15","296,15","296,15","","-2,46%"
"19.09.2007","303,61","303,61","303,61","303,61","","-0,96%"
"18.09.2007","306,55","306,55","306,55","306,55","","-1,48%"
"17.09.2007","311,16","311,16","311,16","311,16","","0,24%"
"14.09.2007","310,41","310,41","310,41","310,41","","0,30%"
"13.09.2007","309,49","309,49","309,49","309,49","","-0,59%"
"12.09.2007","311,34","311,34","311,34","311,34","","-1,06%"
"11.09.2007","314,69","314,69","314,69","314,69","","-0,34%"
"10.09.2007","315,77","315,77","315,77","315,77","","0,50%"
"07.09.2007","314,18","314,18","314,18","314,18","","1,04%"
"06.09.2007","310,96","310,96","310,96","310,96","","-0,47%"
"05.09.2007","312,44","312,44","312,44","312,44","","0,67%"
"04.09.2007","310,36","310,36","310,36","310,36","","-0,03%"
"03.09.2007","310,46","310,46","310,46","310,46","","0,07%"
"31.08.2007","310,24","310,24","310,24","310,24","","0,03%"
"30.08.2007","310,15","310,15","310,15","310,15","","1,05%"
"29.08.2007","306,93","306,93","306,93","306,93","","-0,74%"
"28.08.2007","309,21","309,21","309,21","309,21","","0,34%"
"27.08.2007","308,15","308,15","308,15","308,15","","0,75%"
"24.08.2007","305,86","305,86","305,86","305,86","","-0,33%"
"23.08.2007","306,88","306,88","306,88","306,88","","0,37%"
"22.08.2007","305,75","305,75","305,75","305,75","","-0,80%"
"21.08.2007","308,23","308,23","308,23","308,23","","0,51%"
"20.08.2007","306,66","306,66","306,66","306,66","","0,41%"
"17.08.2007","305,43","305,43","305,43","305,43","","-1,45%"
"16.08.2007","309,91","309,91","309,91","309,91","","1,39%"
"15.08.2007","305,67","305,67","305,67","305,67","","0,48%"
"14.08.2007","304,22","304,22","304,22","304,22","","0,86%"
"13.08.2007","301,64","301,64","301,64","301,64","","0,64%"
"10.08.2007","299,73","299,73","299,73","299,73","","0,05%"
"09.08.2007","299,56","299,56","299,56","299,56","","0,82%"
"08.08.2007","297,12","297,12","297,12","297,12","","-2,19%"
"07.08.2007","303,76","303,76","303,76","303,76","","0,45%"
"06.08.2007","302,40","302,40","302,40","302,40","","-0,75%"
"03.08.2007","304,68","304,68","304,68","304,68","","0,05%"
"02.08.2007","304,51","304,51","304,51","304,51","","-0,04%"
"01.08.2007","304,64","304,64","304,64","304,64","","0,16%"
"31.07.2007","304,15","304,15","304,15","304,15","","0,69%"
"30.07.2007","302,07","302,07","302,07","302,07","","-0,57%"
"27.07.2007","303,79","303,79","303,79","303,79","","0,82%"
"26.07.2007","301,31","301,31","301,31","301,31","","1,13%"
"25.07.2007","297,95","297,95","297,95","297,95","","1,32%"
"24.07.2007","294,06","294,06","294,06","294,06","","-0,06%"
"23.07.2007","294,25","294,25","294,25","294,25","","0,10%"
"20.07.2007","293,94","293,94","293,94","293,94","","0,62%"
"19.07.2007","292,14","292,14","292,14","292,14","","-0,14%"
"18.07.2007","292,54","292,54","292,54","292,54","","0,73%"
"17.07.2007","290,43","290,43","290,43","290,43","","-0,57%"
"16.07.2007","292,10","292,10","292,10","292,10","","1,10%"
"13.07.2007","288,91","288,91","288,91","288,91","","0,44%"
"12.07.2007","287,64","287,64","287,64","287,64","","-0,82%"
"11.07.2007","290,03","290,03","290,03","290,03","","-0,74%"
"10.07.2007","292,20","292,20","292,20","292,20","","0,89%"
"09.07.2007","289,61","289,61","289,61","289,61","","0,53%"
"06.07.2007","288,09","288,09","288,09","288,09","","-0,81%"
"05.07.2007","290,45","290,45","290,45","290,45","","-1,24%"
"04.07.2007","294,09","294,09","294,09","294,09","","0,01%"
"03.07.2007","294,07","294,07","294,07","294,07","","-0,58%"
"02.07.2007","295,79","295,79","295,79","295,79","","-0,22%"
"29.06.2007","296,46","296,46","296,46","296,46","","0,72%"
"28.06.2007","294,32","294,32","294,32","294,32","","-0,36%"
"27.06.2007","295,39","295,39","295,39","295,39","","0,53%"
"26.06.2007","293,85","293,85","293,85","293,85","","-0,34%"
"25.06.2007","294,85","294,85","294,85","294,85","","0,98%"
"22.06.2007","291,99","291,99","291,99","291,99","","-0,10%"
"21.06.2007","292,28","292,28","292,28","292,28","","-0,64%"
"20.06.2007","294,17","294,17","294,17","294,17","","-0,37%"
"19.06.2007","295,27","295,27","295,27","295,27","","0,67%"
"18.06.2007","293,31","293,31","293,31","293,31","","0,01%"
"15.06.2007","293,27","293,27","293,27","293,27","","-0,04%"
"14.06.2007","293,40","293,40","293,40","293,40","","-0,25%"
"13.06.2007","294,15","294,15","294,15","294,15","","1,19%"
"12.06.2007","290,69","290,69","290,69","290,69","","-1,31%"
"11.06.2007","294,54","294,54","294,54","294,54","","-0,11%"
"08.06.2007","294,88","294,88","294,88","294,88","","0,15%"
"07.06.2007","294,43","294,43","294,43","294,43","","-1,23%"
"06.06.2007","298,09","298,09","298,09","298,09","","-0,11%"
"05.06.2007","298,41","298,41","298,41","298,41","","-0,96%"
"04.06.2007","301,30","301,30","301,30","301,30","","0,37%"
"01.06.2007","300,18","300,18","300,18","300,18","","-0,69%"
"31.05.2007","302,28","302,28","302,28","302,28","","-0,21%"
"30.05.2007","302,92","302,92","302,92","302,92","","0,21%"
"29.05.2007","302,28","302,28","302,28","302,28","","-0,07%"
"28.05.2007","302,50","302,50","302,50","302,50","","-0,08%"
"25.05.2007","302,72","302,72","302,72","302,72","","-0,02%"
"24.05.2007","302,77","302,77","302,77","302,77","","0,32%"
"23.05.2007","301,82","301,82","301,82","301,82","","-0,56%"
"22.05.2007","303,51","303,51","303,51","303,51","","-0,41%"
"21.05.2007","304,76","304,76","304,76","304,76","","0,52%"
"18.05.2007","303,19","303,19","303,19","303,19","","-0,72%"
"17.05.2007","305,39","305,39","305,39","305,39","","-0,43%"
"16.05.2007","306,72","306,72","306,72","306,72","","0,69%"
"15.05.2007","304,62","304,62","304,62","304,62","","-0,72%"
"14.05.2007","306,83","306,83","306,83","306,83","","-0,25%"
"11.05.2007","307,60","307,60","307,60","307,60","","-0,60%"
"10.05.2007","309,45","309,45","309,45","309,45","","0,49%"
"09.05.2007","307,94","307,94","307,94","307,94","","-0,45%"
"08.05.2007","309,34","309,34","309,34","309,34","","0,31%"
"07.05.2007","308,39","308,39","308,39","308,39","","0,10%"
"04.05.2007","308,07","308,07","308,07","308,07","","0,31%"
"03.05.2007","307,11","307,11","307,11","307,11","","-0,03%"
"02.05.2007","307,19","307,19","307,19","307,19","","0,06%"
"01.05.2007","307,00","307,00","307,00","307,00","","0,36%"
"30.04.2007","305,90","305,90","305,90","305,90","","1,11%"
"27.04.2007","302,54","302,54","302,54","302,54","","-0,63%"
"26.04.2007","304,46","304,46","304,46","304,46","","-0,28%"
"25.04.2007","305,30","305,30","305,30","305,30","","-0,36%"
"24.04.2007","306,39","306,39","306,39","306,39","","-0,10%"
"23.04.2007","306,71","306,71","306,71","306,71","","0,39%"
"20.04.2007","305,52","305,52","305,52","305,52","","0,05%"
"19.04.2007","305,37","305,37","305,37","305,37","","-0,29%"
"18.04.2007","306,27","306,27","306,27","306,27","","0,20%"
"17.04.2007","305,65","305,65","305,65","305,65","","0,40%"
"16.04.2007","304,44","304,44","304,44","304,44","","0,57%"
"13.04.2007","302,70","302,70","302,70","302,70","","-0,55%"
"12.04.2007","304,37","304,37","304,37","304,37","","-0,32%"
"11.04.2007","305,36","305,36","305,36","305,36","","-0,09%"
"10.04.2007","305,64","305,64","305,64","305,64","","-0,43%"
"09.04.2007","306,96","306,96","306,96","306,96","","0,30%"
"06.04.2007","306,05","306,05","306,05","306,05","","-0,46%"
"05.04.2007","307,46","307,46","307,46","307,46","","-0,75%"
"04.04.2007","309,79","309,79","309,79","309,79","","-0,24%"
"03.04.2007","310,53","310,53","310,53","310,53","","0,10%"
"02.04.2007","310,21","310,21","310,21","310,21","","0,12%"
"30.03.2007","309,84","309,84","309,84","309,84","","-0,44%"
"29.03.2007","311,20","311,20","311,20","311,20","","-0,08%"
"28.03.2007","311,46","311,46","311,46","311,46","","-0,06%"
"27.03.2007","311,66","311,66","311,66","311,66","","-0,52%"
"26.03.2007","313,29","313,29","313,29","313,29","","-0,12%"
"23.03.2007","313,66","313,66","313,66","313,66","","0,13%"
"22.03.2007","313,27","313,27","313,27","313,27","","-0,92%"
"21.03.2007","316,18","316,18","316,18","316,18","","-0,36%"
"20.03.2007","317,31","317,31","317,31","317,31","","0,08%"
"19.03.2007","317,06","317,06","317,06","317,06","","-0,27%"
"16.03.2007","317,91","317,91","317,91","317,91","","-0,56%"
"15.03.2007","319,72","319,72","319,72","319,72","","-0,05%"
"14.03.2007","319,86","319,86","319,86","319,86","","-0,78%"
"13.03.2007","322,38","322,38","322,38","322,38","","0,47%"
"12.03.2007","320,88","320,88","320,88","320,88","","-0,02%"
"09.03.2007","320,95","320,95","320,95","320,95","","-1,02%"
"08.03.2007","324,27","324,27","324,27","324,27","","0,19%"
"07.03.2007","323,66","323,66","323,66","323,66","","-0,08%"
"06.03.2007","323,93","323,93","323,93","323,93","","-0,27%"
"05.03.2007","324,81","324,81","324,81","324,81","","0,71%"
"02.03.2007","322,50","322,50","322,50","322,50","","0,42%"
"01.03.2007","321,16","321,16","321,16","321,16","","0,25%"
"28.02.2007","320,35","320,35","320,35","320,35","","-0,56%"
"27.02.2007","322,16","322,16","322,16","322,16","","1,22%"
"26.02.2007","318,29","318,29","318,29","318,29","","0,68%"
"23.02.2007","316,16","316,16","316,16","316,16","","0,48%"
"22.02.2007","314,63","314,63","314,63","314,63","","-0,52%"
"21.02.2007","316,29","316,29","316,29","316,29","","-0,15%"
"20.02.2007","316,77","316,77","316,77","316,77","","0,27%"
"19.02.2007","315,92","315,92","315,92","315,92","","-0,09%"
"16.02.2007","316,22","316,22","316,22","316,22","","0,35%"
"15.02.2007","315,10","315,10","315,10","315,10","","0,20%"
"14.02.2007","314,49","314,49","314,49","314,49","","0,47%"
"13.02.2007","313,00","313,00","313,00","313,00","","-0,79%"
"12.02.2007","315,49","315,49","315,49","315,49","","0,05%"
"09.02.2007","315,33","315,33","315,33","315,33","","-0,52%"
"08.02.2007","316,97","316,97","316,97","316,97","","0,08%"
"07.02.2007","316,72","316,72","316,72","316,72","","-0,01%"
"06.02.2007","316,76","316,76","316,76","316,76","","0,19%"
"05.02.2007","316,16","316,16","316,16","316,16","","0,61%"
"02.02.2007","314,23","314,23","314,23","314,23","","0,54%"
"01.02.2007","312,55","312,55","312,55","312,55","","-0,01%"
"31.01.2007","312,58","312,58","312,58","312,58","","0,37%"
"30.01.2007","311,43","311,43","311,43","311,43","","0,09%"
"29.01.2007","311,14","311,14","311,14","311,14","","-0,49%"
"26.01.2007","312,66","312,66","312,66","312,66","","-0,10%"
"25.01.2007","312,98","312,98","312,98","312,98","","-0,57%"
"24.01.2007","314,76","314,76","314,76","314,76","","0,30%"
"23.01.2007","313,81","313,81","313,81","313,81","","-1,35%"
"22.01.2007","318,10","318,10","318,10","318,10","","0,39%"
"19.01.2007","316,88","316,88","316,88","316,88","","-0,30%"
"18.01.2007","317,82","317,82","317,82","317,82","","0,44%"
"17.01.2007","316,42","316,42","316,42","316,42","","-0,72%"
"16.01.2007","318,70","318,70","318,70","318,70","","0,41%"
"15.01.2007","317,39","317,39","317,39","317,39","","-0,13%"
"12.01.2007","317,82","317,82","317,82","317,82","","-0,71%"
"11.01.2007","320,10","320,10","320,10","320,10","","-0,50%"
"10.01.2007","321,72","321,72","321,72","321,72","","-0,01%"
"09.01.2007","321,77","321,77","321,77","321,77","","0,24%"
"08.01.2007","321,00","321,00","321,00","321,00","","-0,09%"
"05.01.2007","321,28","321,28","321,28","321,28","","0,39%"
"04.01.2007","320,04","320,04","320,04","320,04","","1,24%"
"03.01.2007","316,13","316,13","316,13","316,13","","1,28%"
"02.01.2007","312,12","312,12","312,12","312,12","","-0,19%"
"01.01.2007","312,72","312,72","312,72","312,72","","-0,01%"
"29.12.2006","312,75","312,75","312,75","312,75","","-0,36%"
"28.12.2006","313,87","313,87","313,87","313,87","","-0,69%"
"27.12.2006","316,05","316,05","316,05","316,05","","-0,92%"
"26.12.2006","318,98","318,98","318,98","318,98","","0,73%"
"25.12.2006","316,67","316,67","316,67","316,67","","0,11%"
"22.12.2006","316,32","316,32","316,32","316,32","","-0,86%"
"21.12.2006","319,07","319,07","319,07","319,07","","0,59%"
"20.12.2006","317,19","317,19","317,19","317,19","","0,16%"
"19.12.2006","316,68","316,68","316,68","316,68","","-0,95%"
"18.12.2006","319,71","319,71","319,71","319,71","","-0,01%"
"15.12.2006","319,75","319,75","319,75","319,75","","0,50%"
"14.12.2006","318,16","318,16","318,16","318,16","","0,14%"
"13.12.2006","317,72","317,72","317,72","317,72","","-0,76%"
"12.12.2006","320,16","320,16","320,16","320,16","","-0,05%"
"11.12.2006","320,30","320,30","320,30","320,30","","0,26%"
"08.12.2006","319,47","319,47","319,47","319,47","","-0,18%"
"07.12.2006","320,05","320,05","320,05","320,05","","-0,02%"
"06.12.2006","320,11","320,11","320,11","320,11","","-0,27%"
"05.12.2006","320,98","320,98","320,98","320,98","","-0,31%"
"04.12.2006","321,96","321,96","321,96","321,96","","0,02%"
"01.12.2006","321,91","321,91","321,91","321,91","","-0,37%"
"30.11.2006","323,10","323,10","323,10","323,10","","0,11%"
"29.11.2006","322,73","322,73","322,73","322,73","","0,17%"
"28.11.2006","322,18","322,18","322,18","322,18","","-0,16%"
"27.11.2006","322,69","322,69","322,69","322,69","","-0,14%"
"24.11.2006","323,15","323,15","323,15","323,15","","-0,76%"
"23.11.2006","325,62","325,62","325,62","325,62","","0,02%"
"22.11.2006","325,56","325,56","325,56","325,56","","-0,65%"
"21.11.2006","327,69","327,69","327,69","327,69","","0,06%"
"20.11.2006","327,48","327,48","327,48","327,48","","0,36%"
"17.11.2006","326,30","326,30","326,30","326,30","","0,48%"
"16.11.2006","324,73","324,73","324,73","324,73","","-0,38%"
"15.11.2006","325,96","325,96","325,96","325,96","","-0,69%"
"14.11.2006","328,22","328,22","328,22","328,22","","0,66%"
"13.11.2006","326,07","326,07","326,07","326,07","","0,18%"
"10.11.2006","325,48","325,48","325,48","325,48","","0,55%"
"09.11.2006","323,69","323,69","323,69","323,69","","-0,62%"
"08.11.2006","325,71","325,71","325,71","325,71","","0,56%"
"07.11.2006","323,91","323,91","323,91","323,91","","0,24%"
"06.11.2006","323,12","323,12","323,12","323,12","","0,22%"
"03.11.2006","322,42","322,42","322,42","322,42","","-0,99%"
"02.11.2006","325,64","325,64","325,64","325,64","","-0,76%"
"01.11.2006","328,12","328,12","328,12","328,12","","0,75%"
"31.10.2006","325,68","325,68","325,68","325,68","","0,83%"
"30.10.2006","323,00","323,00","323,00","323,00","","0,21%"
"27.10.2006","322,34","322,34","322,34","322,34","","0,36%"
"26.10.2006","321,18","321,18","321,18","321,18","","0,20%"
"25.10.2006","320,52","320,52","320,52","320,52","","0,36%"
"24.10.2006","319,37","319,37","319,37","319,37","","0,09%"
"23.10.2006","319,09","319,09","319,09","319,09","","-0,22%"
"20.10.2006","319,80","319,80","319,80","319,80","","0,26%"
"19.10.2006","318,98","318,98","318,98","318,98","","-1,04%"
"18.10.2006","322,34","322,34","322,34","322,34","","0,34%"
"17.10.2006","321,24","321,24","321,24","321,24","","0,11%"
"16.10.2006","320,90","320,90","320,90","320,90","","0,18%"
"13.10.2006","320,31","320,31","320,31","320,31","","-0,01%"
"12.10.2006","320,34","320,34","320,34","320,34","","-0,29%"
"11.10.2006","321,27","321,27","321,27","321,27","","-0,36%"
"10.10.2006","322,44","322,44","322,44","322,44","","-0,18%"
"09.10.2006","323,03","323,03","323,03","323,03","","0,04%"
"06.10.2006","322,89","322,89","322,89","322,89","","-0,42%"
"05.10.2006","324,26","324,26","324,26","324,26","","-0,44%"
"04.10.2006","325,70","325,70","325,70","325,70","","0,65%"
"03.10.2006","323,60","323,60","323,60","323,60","","0,19%"
"02.10.2006","322,99","322,99","322,99","322,99","","-0,44%"
"29.09.2006","324,42","324,42","324,42","324,42","","0,32%"
"28.09.2006","323,37","323,37","323,37","323,37","","-0,57%"
"27.09.2006","325,22","325,22","325,22","325,22","","-0,43%"
"26.09.2006","326,64","326,64","326,64","326,64","","0,29%"
"25.09.2006","325,69","325,69","325,69","325,69","","0,89%"
"22.09.2006","322,83","322,83","322,83","322,83","","0,77%"
"21.09.2006","320,36","320,36","320,36","320,36","","0,31%"
"20.09.2006","319,38","319,38","319,38","319,38","","0,11%"
"19.09.2006","319,02","319,02","319,02","319,02","","1,29%"
"18.09.2006","314,96","314,96","314,96","314,96","","-0,54%"
"15.09.2006","316,69","316,69","316,69","316,69","","0,61%"
"14.09.2006","314,77","314,77","314,77","314,77","","-0,50%"
"13.09.2006","316,35","316,35","316,35","316,35","","0,03%"
"12.09.2006","316,24","316,24","316,24","316,24","","0,75%"
"11.09.2006","313,89","313,89","313,89","313,89","","-0,61%"
"08.09.2006","315,83","315,83","315,83","315,83","","0,85%"
"07.09.2006","313,17","313,17","313,17","313,17","","0,75%"
"06.09.2006","310,85","310,85","310,85","310,85","","-0,18%"
"05.09.2006","311,41","311,41","311,41","311,41","","-0,48%"
"04.09.2006","312,91","312,91","312,91","312,91","","-0,27%"
"01.09.2006","313,77","313,77","313,77","313,77","","-0,10%"
"31.08.2006","314,07","314,07","314,07","314,07","","0,78%"
"30.08.2006","311,64","311,64","311,64","311,64","","0,24%"
"29.08.2006","310,90","310,90","310,90","310,90","","-0,30%"
"28.08.2006","311,85","311,85","311,85","311,85","","-0,26%"
"25.08.2006","312,65","312,65","312,65","312,65","","0,28%"
"24.08.2006","311,77","311,77","311,77","311,77","","0,34%"
"23.08.2006","310,72","310,72","310,72","310,72","","0,14%"
"22.08.2006","310,29","310,29","310,29","310,29","","0,91%"
"21.08.2006","307,49","307,49","307,49","307,49","","-0,34%"
"18.08.2006","308,53","308,53","308,53","308,53","","0,49%"
"17.08.2006","307,02","307,02","307,02","307,02","","0,18%"
"16.08.2006","306,46","306,46","306,46","306,46","","0,24%"
"15.08.2006","305,73","305,73","305,73","305,73","","0,61%"
"14.08.2006","303,87","303,87","303,87","303,87","","-0,39%"
"11.08.2006","305,06","305,06","305,06","305,06","","0,21%"
"10.08.2006","304,41","304,41","304,41","304,41","","0,27%"
"09.08.2006","303,60","303,60","303,60","303,60","","-0,59%"
"08.08.2006","305,41","305,41","305,41","305,41","","-0,27%"
"07.08.2006","306,23","306,23","306,23","306,23","","0,15%"
"04.08.2006","305,77","305,77","305,77","305,77","","0,17%"
"03.08.2006","305,26","305,26","305,26","305,26","","0,13%"
"02.08.2006","304,87","304,87","304,87","304,87","","0,60%"
"01.08.2006","303,04","303,04","303,04","303,04","","-0,43%"
"31.07.2006","304,34","304,34","304,34","304,34","","-0,09%"
"28.07.2006","304,61","304,61","304,61","304,61","","0,22%"
"27.07.2006","303,94","303,94","303,94","303,94","","0,00%"
"26.07.2006","303,94","303,94","303,94","303,94","","-0,72%"
"25.07.2006","306,14","306,14","306,14","306,14","","0,14%"
"24.07.2006","305,73","305,73","305,73","305,73","","0,47%"
"21.07.2006","304,29","304,29","304,29","304,29","","-0,80%"
"20.07.2006","306,76","306,76","306,76","306,76","","0,08%"
"19.07.2006","306,51","306,51","306,51","306,51","","0,23%"
"18.07.2006","305,82","305,82","305,82","305,82","","-0,76%"
"17.07.2006","308,17","308,17","308,17","308,17","","1,15%"
"14.07.2006","304,65","304,65","304,65","304,65","","0,43%"
"13.07.2006","303,34","303,34","303,34","303,34","","0,39%"
"12.07.2006","302,17","302,17","302,17","302,17","","0,68%"
"11.07.2006","300,14","300,14","300,14","300,14","","0,20%"
"10.07.2006","299,54","299,54","299,54","299,54","","0,60%"
"07.07.2006","297,74","297,74","297,74","297,74","","0,61%"
"06.07.2006","295,93","295,93","295,93","295,93","","0,23%"
"05.07.2006","295,25","295,25","295,25","295,25","","-0,44%"
"04.07.2006","296,55","296,55","296,55","296,55","","0,03%"
"03.07.2006","296,46","296,46","296,46","296,46","","-0,30%"
"30.06.2006","297,37","297,37","297,37","297,37","","0,04%"
"29.06.2006","297,25","297,25","297,25","297,25","","-0,36%"
"28.06.2006","298,32","298,32","298,32","298,32","","-0,40%"
"27.06.2006","299,53","299,53","299,53","299,53","","0,56%"
"26.06.2006","297,87","297,87","297,87","297,87","","-0,84%"
"23.06.2006","300,39","300,39","300,39","300,39","","0,19%"
"22.06.2006","299,80","299,80","299,80","299,80","","0,08%"
"21.06.2006","299,56","299,56","299,56","299,56","","-0,57%"
"20.06.2006","301,28","301,28","301,28","301,28","","-0,25%"
"19.06.2006","302,02","302,02","302,02","302,02","","0,40%"
"16.06.2006","300,82","300,82","300,82","300,82","","-0,58%"
"15.06.2006","302,57","302,57","302,57","302,57","","-1,01%"
"14.06.2006","305,67","305,67","305,67","305,67","","-1,61%"
"13.06.2006","310,66","310,66","310,66","310,66","","0,69%"
"12.06.2006","308,55","308,55","308,55","308,55","","0,47%"
"09.06.2006","307,09","307,09","307,09","307,09","","0,52%"
"08.06.2006","305,49","305,49","305,49","305,49","","1,71%"
"07.06.2006","300,35","300,35","300,35","300,35","","-0,01%"
"06.06.2006","300,40","300,40","300,40","300,40","","1,14%"
"05.06.2006","297,02","297,02","297,02","297,02","","-0,10%"
"02.06.2006","297,33","297,33","297,33","297,33","","0,84%"
"01.06.2006","294,85","294,85","294,85","294,85","","0,12%"
"31.05.2006","294,48","294,48","294,48","294,48","","0,21%"
"30.05.2006","293,86","293,86","293,86","293,86","","-1,43%"
"29.05.2006","298,11","298,11","298,11","298,11","","-0,14%"
"26.05.2006","298,51","298,51","298,51","298,51","","0,83%"
"25.05.2006","296,05","296,05","296,05","296,05","","-1,01%"
"24.05.2006","299,08","299,08","299,08","299,08","","0,91%"
"23.05.2006","296,39","296,39","296,39","296,39","","0,07%"
"22.05.2006","296,19","296,19","296,19","296,19","","-0,70%"
"19.05.2006","298,29","298,29","298,29","298,29","","1,42%"
"18.05.2006","294,10","294,10","294,10","294,10","","0,48%"
"17.05.2006","292,68","292,68","292,68","292,68","","0,16%"
"16.05.2006","292,23","292,23","292,23","292,23","","0,21%"
"15.05.2006","291,61","291,61","291,61","291,61","","1,57%"
"12.05.2006","287,12","287,12","287,12","287,12","","-1,76%"
"11.05.2006","292,26","292,26","292,26","292,26","","-0,93%"
"10.05.2006","295,00","295,00","295,00","295,00","","-0,04%"
"09.05.2006","295,13","295,13","295,13","295,13","","-0,59%"
"08.05.2006","296,88","296,88","296,88","296,88","","0,29%"
"05.05.2006","296,03","296,03","296,03","296,03","","0,38%"
"04.05.2006","294,90","294,90","294,90","294,90","","-0,38%"
"03.05.2006","296,01","296,01","296,01","296,01","","-0,74%"
"02.05.2006","298,21","298,21","298,21","298,21","","0,17%"
"01.05.2006","297,69","297,69","297,69","297,69","","-0,45%"
"28.04.2006","299,04","299,04","299,04","299,04","","-0,60%"
"27.04.2006","300,85","300,85","300,85","300,85","","-0,72%"
"26.04.2006","303,05","303,05","303,05","303,05","","-0,42%"
"25.04.2006","304,32","304,32","304,32","304,32","","-1,71%"
"24.04.2006","309,62","309,62","309,62","309,62","","0,13%"
"21.04.2006","309,22","309,22","309,22","309,22","","0,45%"
"20.04.2006","307,83","307,83","307,83","307,83","","0,40%"
"19.04.2006","306,61","306,61","306,61","306,61","","-1,23%"
"18.04.2006","310,42","310,42","310,42","310,42","","-0,56%"
"17.04.2006","312,17","312,17","312,17","312,17","","-0,72%"
"14.04.2006","314,44","314,44","314,44","314,44","","0,09%"
"13.04.2006","314,16","314,16","314,16","314,16","","-0,92%"
"12.04.2006","317,06","317,06","317,06","317,06","","-0,42%"
"11.04.2006","318,39","318,39","318,39","318,39","","0,26%"
"10.04.2006","317,55","317,55","317,55","317,55","","-0,18%"
"07.04.2006","318,11","318,11","318,11","318,11","","-0,05%"
"06.04.2006","318,27","318,27","318,27","318,27","","-0,46%"
"05.04.2006","319,75","319,75","319,75","319,75","","-0,01%"
"04.04.2006","319,77","319,77","319,77","319,77","","-1,11%"
"03.04.2006","323,37","323,37","323,37","323,37","","-0,26%"
"31.03.2006","324,21","324,21","324,21","324,21","","0,42%"
"30.03.2006","322,86","322,86","322,86","322,86","","-1,94%"
"29.03.2006","329,25","329,25","329,25","329,25","","-0,94%"
"28.03.2006","332,36","332,36","332,36","332,36","","-0,97%"
"27.03.2006","335,61","335,61","335,61","335,61","","-0,30%"
"24.03.2006","336,63","336,63","336,63","336,63","","0,44%"
"23.03.2006","335,15","335,15","335,15","335,15","","0,44%"
"22.03.2006","333,67","333,67","333,67","333,67","","0,33%"
"21.03.2006","332,57","332,57","332,57","332,57","","0,01%"
"20.03.2006","332,53","332,53","332,53","332,53","","0,50%"
"17.03.2006","330,88","330,88","330,88","330,88","","-0,43%"
"16.03.2006","332,30","332,30","332,30","332,30","","0,03%"
"15.03.2006","332,19","332,19","332,19","332,19","","-1,21%"
"14.03.2006","336,27","336,27","336,27","336,27","","0,59%"
"13.03.2006","334,29","334,29","334,29","334,29","","-0,79%"
"10.03.2006","336,96","336,96","336,96","336,96","","-0,36%"
"09.03.2006","338,16","338,16","338,16","338,16","","0,19%"
"08.03.2006","337,51","337,51","337,51","337,51","","-0,31%"
"07.03.2006","338,57","338,57","338,57","338,57","","1,12%"
"06.03.2006","334,84","334,84","334,84","334,84","","-0,81%"
"03.03.2006","337,59","337,59","337,59","337,59","","-0,65%"
"02.03.2006","339,80","339,80","339,80","339,80","","-1,92%"
"01.03.2006","346,44","346,44","346,44","346,44","","-0,88%"
"28.02.2006","349,52","349,52","349,52","349,52","","0,09%"
"27.02.2006","349,22","349,22","349,22","349,22","","-0,28%"
"24.02.2006","350,19","350,19","350,19","350,19","","0,41%"
"23.02.2006","348,76","348,76","348,76","348,76","","-0,52%"
"22.02.2006","350,59","350,59","350,59","350,59","","0,68%"
"21.02.2006","348,20","348,20","348,20","348,20","","-0,03%"
"20.02.2006","348,32","348,32","348,32","348,32","","-0,03%"
"17.02.2006","348,43","348,43","348,43","348,43","","0,84%"
"16.02.2006","345,53","345,53","345,53","345,53","","-0,13%"
"15.02.2006","345,97","345,97","345,97","345,97","","0,55%"
"14.02.2006","344,08","344,08","344,08","344,08","","-0,64%"
"13.02.2006","346,31","346,31","346,31","346,31","","-0,26%"
"10.02.2006","347,22","347,22","347,22","347,22","","0,20%"
"09.02.2006","346,53","346,53","346,53","346,53","","0,29%"
"08.02.2006","345,52","345,52","345,52","345,52","","-0,16%"
"07.02.2006","346,07","346,07","346,07","346,07","","-0,55%"
"06.02.2006","347,99","347,99","347,99","347,99","","0,72%"
"03.02.2006","345,49","345,49","345,49","345,49","","1,49%"
"02.02.2006","340,43","340,43","340,43","340,43","","-0,09%"
"01.02.2006","340,74","340,74","340,74","340,74","","0,46%"
"31.01.2006","339,17","339,17","339,17","339,17","","-0,24%"
"30.01.2006","339,99","339,99","339,99","339,99","","-0,28%"
"27.01.2006","340,93","340,93","340,93","340,93","","1,31%"
"26.01.2006","336,52","336,52","336,52","336,52","","-0,37%"
"25.01.2006","337,77","337,77","337,77","337,77","","-0,94%"
"24.01.2006","340,96","340,96","340,96","340,96","","-0,24%"
"23.01.2006","341,77","341,77","341,77","341,77","","-1,42%"
"20.01.2006","346,70","346,70","346,70","346,70","","-0,04%"
"19.01.2006","346,85","346,85","346,85","346,85","","-0,38%"
"18.01.2006","348,16","348,16","348,16","348,16","","-0,09%"
"17.01.2006","348,48","348,48","348,48","348,48","","0,34%"
"16.01.2006","347,31","347,31","347,31","347,31","","0,15%"
"13.01.2006","346,78","346,78","346,78","346,78","","0,14%"
"12.01.2006","346,30","346,30","346,30","346,30","","1,45%"
"11.01.2006","341,35","341,35","341,35","341,35","","-0,91%"
"10.01.2006","344,48","344,48","344,48","344,48","","-0,44%"
"09.01.2006","346,00","346,00","346,00","346,00","","0,53%"
"06.01.2006","344,19","344,19","344,19","344,19","","-0,61%"
"05.01.2006","346,29","346,29","346,29","346,29","","0,19%"
"04.01.2006","345,62","345,62","345,62","345,62","","-0,79%"
"03.01.2006","348,37","348,37","348,37","348,37","","-1,68%"
"02.01.2006","354,33","354,33","354,33","354,33","","0,16%"
"30.12.2005","353,75","353,75","353,75","353,75","","-0,18%"
"29.12.2005","354,37","354,37","354,37","354,37","","0,06%"
"28.12.2005","354,16","354,16","354,16","354,16","","-0,51%"
"27.12.2005","355,96","355,96","355,96","355,96","","0,83%"
"26.12.2005","353,03","353,03","353,03","353,03","","0,23%"
"23.12.2005","352,21","352,21","352,21","352,21","","0,88%"
"22.12.2005","349,15","349,15","349,15","349,15","","0,50%"
"21.12.2005","347,43","347,43","347,43","347,43","","0,16%"
"20.12.2005","346,88","346,88","346,88","346,88","","0,91%"
"19.12.2005","343,74","343,74","343,74","343,74","","0,21%"
"16.12.2005","343,01","343,01","343,01","343,01","","0,12%"
"15.12.2005","342,61","342,61","342,61","342,61","","-0,05%"
"14.12.2005","342,79","342,79","342,79","342,79","","0,59%"
"13.12.2005","340,79","340,79","340,79","340,79","","0,19%"
"12.12.2005","340,15","340,15","340,15","340,15","","-1,25%"
"09.12.2005","344,44","344,44","344,44","344,44","","-0,80%"
"08.12.2005","347,21","347,21","347,21","347,21","","-0,17%"
"07.12.2005","347,79","347,79","347,79","347,79","","0,22%"
"06.12.2005","347,04","347,04","347,04","347,04","","0,95%"
"05.12.2005","343,78","343,78","343,78","343,78","","-1,14%"
"02.12.2005","347,75","347,75","347,75","347,75","","0,25%"
"01.12.2005","346,86","346,86","346,86","346,86","","0,17%"
"30.11.2005","346,27","346,27","346,27","346,27","","-0,20%"
"29.11.2005","346,97","346,97","346,97","346,97","","-0,34%"
"28.11.2005","348,16","348,16","348,16","348,16","","-0,49%"
"25.11.2005","349,88","349,88","349,88","349,88","","1,15%"
"24.11.2005","345,91","345,91","345,91","345,91","","0,28%"
"23.11.2005","344,92","344,92","344,92","344,92","","-0,72%"
"22.11.2005","347,41","347,41","347,41","347,41","","-0,67%"
"21.11.2005","349,76","349,76","349,76","349,76","","0,82%"
"18.11.2005","346,91","346,91","346,91","346,91","","-0,71%"
"17.11.2005","349,39","349,39","349,39","349,39","","-0,32%"
"16.11.2005","350,49","350,49","350,49","350,49","","1,38%"
"15.11.2005","345,72","345,72","345,72","345,72","","0,57%"
"14.11.2005","343,75","343,75","343,75","343,75","","-0,45%"
"11.11.2005","345,30","345,30","345,30","345,30","","-0,28%"
"10.11.2005","346,25","346,25","346,25","346,25","","1,82%"
"09.11.2005","340,08","340,08","340,08","340,08","","-0,77%"
"08.11.2005","342,72","342,72","342,72","342,72","","1,25%"
"07.11.2005","338,50","338,50","338,50","338,50","","0,41%"
"04.11.2005","337,10","337,10","337,10","337,10","","0,86%"
"03.11.2005","334,22","334,22","334,22","334,22","","0,58%"
"02.11.2005","332,30","332,30","332,30","332,30","","-0,93%"
"01.11.2005","335,44","335,44","335,44","335,44","","-0,37%"
"31.10.2005","336,68","336,68","336,68","336,68","","0,87%"
"28.10.2005","333,78","333,78","333,78","333,78","","0,64%"
"27.10.2005","331,65","331,65","331,65","331,65","","-0,21%"
"26.10.2005","332,33","332,33","332,33","332,33","","-0,78%"
"25.10.2005","334,95","334,95","334,95","334,95","","-1,75%"
"24.10.2005","340,92","340,92","340,92","340,92","","-1,04%"
"21.10.2005","344,49","344,49","344,49","344,49","","1,62%"
"20.10.2005","339,00","339,00","339,00","339,00","","-0,04%"
"19.10.2005","339,15","339,15","339,15","339,15","","-0,12%"
"18.10.2005","339,54","339,54","339,54","339,54","","0,68%"
"17.10.2005","337,26","337,26","337,26","337,26","","0,47%"
"14.10.2005","335,66","335,66","335,66","335,66","","-0,45%"
"13.10.2005","337,19","337,19","337,19","337,19","","-0,72%"
"12.10.2005","339,64","339,64","339,64","339,64","","-1,17%"
"11.10.2005","343,67","343,67","343,67","343,67","","0,37%"
"10.10.2005","342,42","342,42","342,42","342,42","","0,42%"
"07.10.2005","340,99","340,99","340,99","340,99","","0,84%"
"06.10.2005","338,15","338,15","338,15","338,15","","-1,81%"
"05.10.2005","344,39","344,39","344,39","344,39","","-0,15%"
"04.10.2005","344,89","344,89","344,89","344,89","","0,34%"
"03.10.2005","343,74","343,74","343,74","343,74","","0,14%"
"30.09.2005","343,25","343,25","343,25","343,25","","-0,36%"
"29.09.2005","344,48","344,48","344,48","344,48","","-0,46%"
"28.09.2005","346,07","346,07","346,07","346,07","","0,72%"
"27.09.2005","343,60","343,60","343,60","343,60","","0,39%"
"26.09.2005","342,26","342,26","342,26","342,26","","-1,00%"
"23.09.2005","345,72","345,72","345,72","345,72","","0,31%"
"22.09.2005","344,64","344,64","344,64","344,64","","0,65%"
"21.09.2005","342,41","342,41","342,41","342,41","","-0,03%"
"20.09.2005","342,51","342,51","342,51","342,51","","0,47%"
"19.09.2005","340,90","340,90","340,90","340,90","","1,00%"
"16.09.2005","337,52","337,52","337,52","337,52","","-0,71%"
"15.09.2005","339,93","339,93","339,93","339,93","","-0,31%"
"14.09.2005","341,00","341,00","341,00","341,00","","-0,61%"
"13.09.2005","343,11","343,11","343,11","343,11","","0,47%"
"12.09.2005","341,51","341,51","341,51","341,51","","0,45%"
"09.09.2005","339,98","339,98","339,98","339,98","","0,27%"
"08.09.2005","339,06","339,06","339,06","339,06","","0,10%"
"07.09.2005","338,73","338,73","338,73","338,73","","-0,60%"
"06.09.2005","340,76","340,76","340,76","340,76","","-0,20%"
"05.09.2005","341,43","341,43","341,43","341,43","","-0,10%"
"02.09.2005","341,77","341,77","341,77","341,77","","-0,28%"
"01.09.2005","342,73","342,73","342,73","342,73","","-1,68%"
"31.08.2005","348,60","348,60","348,60","348,60","","-0,27%"
"30.08.2005","349,53","349,53","349,53","349,53","","0,90%"
"29.08.2005","346,42","346,42","346,42","346,42","","0,71%"
"26.08.2005","343,99","343,99","343,99","343,99","","-0,08%"
"25.08.2005","344,24","344,24","344,24","344,24","","0,28%"
"24.08.2005","343,27","343,27","343,27","343,27","","-0,20%"
"23.08.2005","343,96","343,96","343,96","343,96","","0,26%"
"22.08.2005","343,09","343,09","343,09","343,09","","-0,64%"
"19.08.2005","345,31","345,31","345,31","345,31","","0,30%"
"18.08.2005","344,29","344,29","344,29","344,29","","1,55%"
"17.08.2005","339,05","339,05","339,05","339,05","","0,13%"
"16.08.2005","338,60","338,60","338,60","338,60","","0,63%"
"15.08.2005","336,49","336,49","336,49","336,49","","0,09%"
"12.08.2005","336,20","336,20","336,20","336,20","","1,53%"
"11.08.2005","331,12","331,12","331,12","331,12","","0,08%"
"10.08.2005","330,87","330,87","330,87","330,87","","-0,17%"
"09.08.2005","331,44","331,44","331,44","331,44","","0,15%"
"08.08.2005","330,94","330,94","330,94","330,94","","-0,10%"
"05.08.2005","331,27","331,27","331,27","331,27","","-0,60%"
"04.08.2005","333,27","333,27","333,27","333,27","","-0,59%"
"03.08.2005","335,24","335,24","335,24","335,24","","-0,64%"
"02.08.2005","337,40","337,40","337,40","337,40","","-0,62%"
"01.08.2005","339,49","339,49","339,49","339,49","","-0,88%"
"29.07.2005","342,50","342,50","342,50","342,50","","-0,99%"
"28.07.2005","345,94","345,94","345,94","345,94","","0,56%"
"27.07.2005","344,00","344,00","344,00","344,00","","-0,69%"
"26.07.2005","346,40","346,40","346,40","346,40","","0,49%"
"25.07.2005","344,69","344,69","344,69","344,69","","-0,24%"
"22.07.2005","345,52","345,52","345,52","345,52","","1,63%"
"21.07.2005","339,99","339,99","339,99","339,99","","-1,69%"
"20.07.2005","345,81","345,81","345,81","345,81","","-0,30%"
"19.07.2005","346,85","346,85","346,85","346,85","","0,71%"
"18.07.2005","344,42","344,42","344,42","344,42","","-1,07%"
"15.07.2005","348,13","348,13","348,13","348,13","","0,65%"
"14.07.2005","345,89","345,89","345,89","345,89","","-0,17%"
"13.07.2005","346,48","346,48","346,48","346,48","","0,98%"
"12.07.2005","343,10","343,10","343,10","343,10","","-1,91%"
"11.07.2005","349,80","349,80","349,80","349,80","","-0,54%"
"08.07.2005","351,68","351,68","351,68","351,68","","-1,02%"
"07.07.2005","355,29","355,29","355,29","355,29","","0,23%"
"06.07.2005","354,47","354,47","354,47","354,47","","0,31%"
"05.07.2005","353,36","353,36","353,36","353,36","","-0,97%"
"04.07.2005","356,81","356,81","356,81","356,81","","0,47%"
"01.07.2005","355,16","355,16","355,16","355,16","","0,07%"
"30.06.2005","354,91","354,91","354,91","354,91","","0,51%"
"29.06.2005","353,09","353,09","353,09","353,09","","-0,49%"
"28.06.2005","354,82","354,82","354,82","354,82","","0,11%"
"27.06.2005","354,41","354,41","354,41","354,41","","-0,18%"
"24.06.2005","355,06","355,06","355,06","355,06","","0,17%"
"23.06.2005","354,46","354,46","354,46","354,46","","0,64%"
"22.06.2005","352,19","352,19","352,19","352,19","","1,66%"
"21.06.2005","346,44","346,44","346,44","346,44","","0,48%"
"20.06.2005","344,77","344,77","344,77","344,77","","0,90%"
"17.06.2005","341,71","341,71","341,71","341,71","","-1,33%"
"16.06.2005","346,30","346,30","346,30","346,30","","0,84%"
"15.06.2005","343,42","343,42","343,42","343,42","","-0,66%"
"14.06.2005","345,72","345,72","345,72","345,72","","-0,12%"
"13.06.2005","346,15","346,15","346,15","346,15","","-0,63%"
"10.06.2005","348,35","348,35","348,35","348,35","","-0,15%"
"09.06.2005","348,86","348,86","348,86","348,86","","-0,26%"
"08.06.2005","349,75","349,75","349,75","349,75","","-0,03%"
"07.06.2005","349,86","349,86","349,86","349,86","","0,57%"
"06.06.2005","347,88","347,88","347,88","347,88","","0,30%"
"03.06.2005","346,82","346,82","346,82","346,82","","-0,41%"
"02.06.2005","348,24","348,24","348,24","348,24","","-0,20%"
"01.06.2005","348,94","348,94","348,94","348,94","","2,26%"
"31.05.2005","341,23","341,23","341,23","341,23","","2,52%"
"30.05.2005","332,86","332,86","332,86","332,86","","0,81%"
"27.05.2005","330,17","330,17","330,17","330,17","","-0,41%"
"26.05.2005","331,52","331,52","331,52","331,52","","0,53%"
"25.05.2005","329,78","329,78","329,78","329,78","","-0,89%"
"24.05.2005","332,75","332,75","332,75","332,75","","0,34%"
"23.05.2005","331,62","331,62","331,62","331,62","","0,60%"
"20.05.2005","329,66","329,66","329,66","329,66","","0,79%"
"19.05.2005","327,08","327,08","327,08","327,08","","0,07%"
"18.05.2005","326,84","326,84","326,84","326,84","","0,04%"
"17.05.2005","326,72","326,72","326,72","326,72","","0,51%"
"16.05.2005","325,05","325,05","325,05","325,05","","-0,18%"
"13.05.2005","325,65","325,65","325,65","325,65","","1,09%"
"12.05.2005","322,13","322,13","322,13","322,13","","1,35%"
"11.05.2005","317,85","317,85","317,85","317,85","","1,08%"
"10.05.2005","314,45","314,45","314,45","314,45","","0,42%"
"09.05.2005","313,12","313,12","313,12","313,12","","0,01%"
"06.05.2005","313,10","313,10","313,10","313,10","","0,31%"
"05.05.2005","312,14","312,14","312,14","312,14","","-0,08%"
"04.05.2005","312,39","312,39","312,39","312,39","","-1,57%"
"03.05.2005","317,37","317,37","317,37","317,37","","-0,04%"
"02.05.2005","317,50","317,50","317,50","317,50","","0,12%"
"29.04.2005","317,13","317,13","317,13","317,13","","0,06%"
"28.04.2005","316,92","316,92","316,92","316,92","","0,92%"
"27.04.2005","314,02","314,02","314,02","314,02","","0,69%"
"26.04.2005","311,87","311,87","311,87","311,87","","-0,06%"
"25.04.2005","312,06","312,06","312,06","312,06","","0,83%"
"22.04.2005","309,50","309,50","309,50","309,50","","0,79%"
"21.04.2005","307,07","307,07","307,07","307,07","","-0,68%"
"20.04.2005","309,19","309,19","309,19","309,19","","-0,63%"
"19.04.2005","311,14","311,14","311,14","311,14","","0,34%"
"18.04.2005","310,08","310,08","310,08","310,08","","-0,17%"
"15.04.2005","310,62","310,62","310,62","310,62","","0,46%"
"14.04.2005","309,19","309,19","309,19","309,19","","0,48%"
"13.04.2005","307,73","307,73","307,73","307,73","","-0,40%"
"12.04.2005","308,95","308,95","308,95","308,95","","1,56%"
"11.04.2005","304,22","304,22","304,22","304,22","","0,33%"
"08.04.2005","303,22","303,22","303,22","303,22","","-0,50%"
"07.04.2005","304,74","304,74","304,74","304,74","","-0,45%"
"06.04.2005","306,11","306,11","306,11","306,11","","0,03%"
"05.04.2005","306,01","306,01","306,01","306,01","","-0,33%"
"04.04.2005","307,03","307,03","307,03","307,03","","0,42%"
"01.04.2005","305,76","305,76","305,76","305,76","","1,00%"
"31.03.2005","302,73","302,73","302,73","302,73","","0,28%"
"30.03.2005","301,88","301,88","301,88","301,88","","0,67%"
"29.03.2005","299,87","299,87","299,87","299,87","","0,11%"
"28.03.2005","299,55","299,55","299,55","299,55","","0,04%"
"25.03.2005","299,44","299,44","299,44","299,44","","-0,09%"
"24.03.2005","299,71","299,71","299,71","299,71","","0,70%"
"23.03.2005","297,63","297,63","297,63","297,63","","1,14%"
"22.03.2005","294,28","294,28","294,28","294,28","","-0,24%"
"21.03.2005","294,98","294,98","294,98","294,98","","0,90%"
"18.03.2005","292,35","292,35","292,35","292,35","","-0,23%"
"17.03.2005","293,01","293,01","293,01","293,01","","0,81%"
"16.03.2005","290,65","290,65","290,65","290,65","","-0,55%"
"15.03.2005","292,26","292,26","292,26","292,26","","0,01%"
"14.03.2005","292,25","292,25","292,25","292,25","","1,05%"
"11.03.2005","289,20","289,20","289,20","289,20","","-0,95%"
"10.03.2005","291,98","291,98","291,98","291,98","","0,65%"
"09.03.2005","290,09","290,09","290,09","290,09","","-2,13%"
"08.03.2005","296,39","296,39","296,39","296,39","","-2,05%"
"07.03.2005","302,60","302,60","302,60","302,60","","0,76%"
"04.03.2005","300,33","300,33","300,33","300,33","","0,27%"
"03.03.2005","299,53","299,53","299,53","299,53","","0,19%"
"02.03.2005","298,98","298,98","298,98","298,98","","0,17%"
"01.03.2005","298,48","298,48","298,48","298,48","","0,22%"
"28.02.2005","297,83","297,83","297,83","297,83","","-0,83%"
"25.02.2005","300,33","300,33","300,33","300,33","","0,00%"
"24.02.2005","300,33","300,33","300,33","300,33","","0,05%"
"23.02.2005","300,16","300,16","300,16","300,16","","0,63%"
"22.02.2005","298,28","298,28","298,28","298,28","","-1,95%"
"21.02.2005","304,22","304,22","304,22","304,22","","0,10%"
"18.02.2005","303,92","303,92","303,92","303,92","","-1,04%"
"17.02.2005","307,13","307,13","307,13","307,13","","-0,99%"
"16.02.2005","310,22","310,22","310,22","310,22","","-0,70%"
"15.02.2005","312,41","312,41","312,41","312,41","","-0,92%"
"14.02.2005","315,29","315,29","315,29","315,29","","-0,19%"
"11.02.2005","315,89","315,89","315,89","315,89","","-0,14%"
"10.02.2005","316,35","316,35","316,35","316,35","","-1,99%"
"09.02.2005","322,78","322,78","322,78","322,78","","0,10%"
"08.02.2005","322,47","322,47","322,47","322,47","","0,45%"
"07.02.2005","321,01","321,01","321,01","321,01","","1,66%"
"04.02.2005","315,77","315,77","315,77","315,77","","2,28%"
"03.02.2005","308,72","308,72","308,72","308,72","","0,55%"
"02.02.2005","307,04","307,04","307,04","307,04","","0,18%"
"01.02.2005","306,48","306,48","306,48","306,48","","-0,09%"
"31.01.2005","306,75","306,75","306,75","306,75","","0,38%"
"28.01.2005","305,58","305,58","305,58","305,58","","0,86%"
"27.01.2005","302,98","302,98","302,98","302,98","","0,29%"
"26.01.2005","302,09","302,09","302,09","302,09","","-0,70%"
"25.01.2005","304,21","304,21","304,21","304,21","","-0,31%"
"24.01.2005","305,16","305,16","305,16","305,16","","0,48%"
"21.01.2005","303,69","303,69","303,69","303,69","","-0,43%"
"20.01.2005","305,00","305,00","305,00","305,00","","0,51%"
"19.01.2005","303,45","303,45","303,45","303,45","","0,45%"
"18.01.2005","302,09","302,09","302,09","302,09","","0,94%"
"17.01.2005","299,28","299,28","299,28","299,28","","0,33%"
"14.01.2005","298,30","298,30","298,30","298,30","","0,67%"
"13.01.2005","296,33","296,33","296,33","296,33","","1,14%"
"12.01.2005","293,00","293,00","293,00","293,00","","-0,92%"
"11.01.2005","295,72","295,72","295,72","295,72","","0,36%"
"10.01.2005","294,67","294,67","294,67","294,67","","0,17%"
"07.01.2005","294,17","294,17","294,17","294,17","","0,96%"
"06.01.2005","291,39","291,39","291,39","291,39","","0,60%"
"05.01.2005","289,63","289,63","289,63","289,63","","0,50%"
"04.01.2005","288,18","288,18","288,18","288,18","","0,57%"
"03.01.2005","286,55","286,55","286,55","286,55","","0,85%"
"31.12.2004","284,14","284,14","284,14","284,14","","1,46%"
"30.12.2004","280,06","280,06","280,06","280,06","","0,56%"
"29.12.2004","278,50","278,50","278,50","278,50","","-0,27%"
"28.12.2004","279,24","279,24","279,24","279,24","","0,09%"
"27.12.2004","279,00","279,00","279,00","279,00","","-1,62%"
"24.12.2004","283,60","283,60","283,60","283,60","","-0,11%"
"23.12.2004","283,91","283,91","283,91","283,91","","-1,14%"
"22.12.2004","287,17","287,17","287,17","287,17","","-0,54%"
"21.12.2004","288,73","288,73","288,73","288,73","","0,54%"
"20.12.2004","287,17","287,17","287,17","287,17","","-0,43%"
"17.12.2004","288,40","288,40","288,40","288,40","","-0,66%"
"16.12.2004","290,32","290,32","290,32","290,32","","-0,57%"
"15.12.2004","291,98","291,98","291,98","291,98","","0,43%"
"14.12.2004","290,72","290,72","290,72","290,72","","0,47%"
"13.12.2004","289,35","289,35","289,35","289,35","","-0,43%"
"10.12.2004","290,60","290,60","290,60","290,60","","0,87%"
"09.12.2004","288,10","288,10","288,10","288,10","","-0,55%"
"08.12.2004","289,70","289,70","289,70","289,70","","2,35%"
"07.12.2004","283,06","283,06","283,06","283,06","","0,01%"
"06.12.2004","283,04","283,04","283,04","283,04","","0,89%"
"03.12.2004","280,55","280,55","280,55","280,55","","0,18%"
"02.12.2004","280,04","280,04","280,04","280,04","","0,15%"
"01.12.2004","279,63","279,63","279,63","279,63","","-0,49%"
"30.11.2004","281,00","281,00","281,00","281,00","","-0,67%"
"29.11.2004","282,89","282,89","282,89","282,89","","-1,10%"
"26.11.2004","286,05","286,05","286,05","286,05","","-0,91%"
"25.11.2004","288,69","288,69","288,69","288,69","","-0,52%"
"24.11.2004","290,18","290,18","290,18","290,18","","-0,71%"
"23.11.2004","292,27","292,27","292,27","292,27","","-0,47%"
"22.11.2004","293,64","293,64","293,64","293,64","","0,48%"
"19.11.2004","292,23","292,23","292,23","292,23","","-1,31%"
"18.11.2004","296,10","296,10","296,10","296,10","","1,09%"
"17.11.2004","292,91","292,91","292,91","292,91","","0,23%"
"16.11.2004","292,23","292,23","292,23","292,23","","-0,14%"
"15.11.2004","292,65","292,65","292,65","292,65","","0,44%"
"12.11.2004","291,36","291,36","291,36","291,36","","0,29%"
"11.11.2004","290,51","290,51","290,51","290,51","","-0,10%"
"10.11.2004","290,81","290,81","290,81","290,81","","-0,34%"
"09.11.2004","291,80","291,80","291,80","291,80","","0,06%"
"08.11.2004","291,63","291,63","291,63","291,63","","0,06%"
"05.11.2004","291,45","291,45","291,45","291,45","","-2,07%"
"04.11.2004","297,61","297,61","297,61","297,61","","-0,17%"
"03.11.2004","298,12","298,12","298,12","298,12","","-0,54%"
"02.11.2004","299,73","299,73","299,73","299,73","","0,35%"
"01.11.2004","298,69","298,69","298,69","298,69","","-0,52%"
"29.10.2004","300,24","300,24","300,24","300,24","","0,43%"
"28.10.2004","298,96","298,96","298,96","298,96","","-0,25%"
"27.10.2004","299,70","299,70","299,70","299,70","","-0,77%"
"26.10.2004","302,02","302,02","302,02","302,02","","0,26%"
"25.10.2004","301,24","301,24","301,24","301,24","","-0,79%"
"22.10.2004","303,65","303,65","303,65","303,65","","-0,40%"
"21.10.2004","304,85","304,85","304,85","304,85","","-0,07%"
"20.10.2004","305,07","305,07","305,07","305,07","","0,07%"
"19.10.2004","304,84","304,84","304,84","304,84","","0,12%"
"18.10.2004","304,48","304,48","304,48","304,48","","-0,15%"
"15.10.2004","304,94","304,94","304,94","304,94","","-0,98%"
"14.10.2004","307,96","307,96","307,96","307,96","","0,41%"
"13.10.2004","306,71","306,71","306,71","306,71","","-0,04%"
"12.10.2004","306,85","306,85","306,85","306,85","","0,82%"
"11.10.2004","304,37","304,37","304,37","304,37","","0,19%"
"08.10.2004","303,79","303,79","303,79","303,79","","0,42%"
"07.10.2004","302,52","302,52","302,52","302,52","","-0,37%"
"06.10.2004","303,65","303,65","303,65","303,65","","-0,35%"
"05.10.2004","304,70","304,70","304,70","304,70","","-0,12%"
"04.10.2004","305,07","305,07","305,07","305,07","","1,28%"
"01.10.2004","301,21","301,21","301,21","301,21","","-0,66%"
"30.09.2004","303,22","303,22","303,22","303,22","","-1,22%"
"29.09.2004","306,97","306,97","306,97","306,97","","-0,89%"
"28.09.2004","309,72","309,72","309,72","309,72","","-0,57%"
"27.09.2004","311,50","311,50","311,50","311,50","","0,16%"
"24.09.2004","310,99","310,99","310,99","310,99","","-0,13%"
"23.09.2004","311,40","311,40","311,40","311,40","","-0,23%"
"22.09.2004","312,11","312,11","312,11","312,11","","1,45%"
"21.09.2004","307,66","307,66","307,66","307,66","","-0,85%"
"20.09.2004","310,30","310,30","310,30","310,30","","0,93%"
"17.09.2004","307,44","307,44","307,44","307,44","","-0,62%"
"16.09.2004","309,38","309,38","309,38","309,38","","0,97%"
"15.09.2004","306,39","306,39","306,39","306,39","","0,37%"
"14.09.2004","305,26","305,26","305,26","305,26","","0,23%"
"13.09.2004","304,55","304,55","304,55","304,55","","0,45%"
"10.09.2004","303,18","303,18","303,18","303,18","","0,01%"
"09.09.2004","303,16","303,16","303,16","303,16","","-0,85%"
"08.09.2004","305,77","305,77","305,77","305,77","","0,21%"
"07.09.2004","305,12","305,12","305,12","305,12","","0,28%"
"06.09.2004","304,25","304,25","304,25","304,25","","-0,06%"
"03.09.2004","304,44","304,44","304,44","304,44","","0,02%"
"02.09.2004","304,39","304,39","304,39","304,39","","-0,50%"
"01.09.2004","305,93","305,93","305,93","305,93","","-0,09%"
"31.08.2004","306,21","306,21","306,21","306,21","","-0,28%"
"30.08.2004","307,06","307,06","307,06","307,06","","0,01%"
"27.08.2004","307,03","307,03","307,03","307,03","","0,91%"
"26.08.2004","304,25","304,25","304,25","304,25","","0,24%"
"25.08.2004","303,52","303,52","303,52","303,52","","0,31%"
"24.08.2004","302,60","302,60","302,60","302,60","","0,42%"
"23.08.2004","301,33","301,33","301,33","301,33","","0,89%"
"20.08.2004","298,67","298,67","298,67","298,67","","0,38%"
"19.08.2004","297,52","297,52","297,52","297,52","","-0,06%"
"18.08.2004","297,71","297,71","297,71","297,71","","-0,13%"
"17.08.2004","298,11","298,11","298,11","298,11","","0,60%"
"16.08.2004","296,33","296,33","296,33","296,33","","-0,43%"
"13.08.2004","297,60","297,60","297,60","297,60","","-0,47%"
"12.08.2004","299,02","299,02","299,02","299,02","","0,01%"
"11.08.2004","298,99","298,99","298,99","298,99","","0,08%"
"10.08.2004","298,76","298,76","298,76","298,76","","0,12%"
"09.08.2004","298,41","298,41","298,41","298,41","","-0,09%"
"06.08.2004","298,68","298,68","298,68","298,68","","-0,12%"
"05.08.2004","299,05","299,05","299,05","299,05","","0,21%"
"04.08.2004","298,41","298,41","298,41","298,41","","-0,07%"
"03.08.2004","298,61","298,61","298,61","298,61","","0,15%"
"02.08.2004","298,15","298,15","298,15","298,15","","0,16%"
"30.07.2004","297,66","297,66","297,66","297,66","","1,49%"
"29.07.2004","293,28","293,28","293,28","293,28","","0,30%"
"28.07.2004","292,41","292,41","292,41","292,41","","-0,00%"
"27.07.2004","292,41","292,41","292,41","292,41","","-0,72%"
"26.07.2004","294,54","294,54","294,54","294,54","","-0,78%"
"23.07.2004","296,87","296,87","296,87","296,87","","1,67%"
"22.07.2004","292,00","292,00","292,00","292,00","","0,37%"
"21.07.2004","290,93","290,93","290,93","290,93","","0,13%"
"20.07.2004","290,55","290,55","290,55","290,55","","0,00%"
"19.07.2004","290,54","290,54","290,54","290,54","","0,18%"
"16.07.2004","290,01","290,01","290,01","290,01","","0,60%"
"15.07.2004","288,29","288,29","288,29","288,29","","0,24%"
"14.07.2004","287,60","287,60","287,60","287,60","","-0,31%"
"13.07.2004","288,49","288,49","288,49","288,49","","0,25%"
"12.07.2004","287,77","287,77","287,77","287,77","","0,30%"
"09.07.2004","286,91","286,91","286,91","286,91","","-0,06%"
"08.07.2004","287,06","287,06","287,06","287,06","","-0,11%"
"07.07.2004","287,39","287,39","287,39","287,39","","-0,66%"
"06.07.2004","289,30","289,30","289,30","289,30","","-0,23%"
"05.07.2004","289,97","289,97","289,97","289,97","","0,30%"
"02.07.2004","289,11","289,11","289,11","289,11","","-0,08%"
"01.07.2004","289,33","289,33","289,33","289,33","","0,51%"
"30.06.2004","287,86","287,86","287,86","287,86","","-0,01%"
"29.06.2004","287,88","287,88","287,88","287,88","","1,48%"
"28.06.2004","283,70","283,70","283,70","283,70","","-1,15%"
"25.06.2004","287,00","287,00","287,00","287,00","","0,04%"
"24.06.2004","286,89","286,89","286,89","286,89","","-0,00%"
"23.06.2004","286,91","286,91","286,91","286,91","","0,30%"
"22.06.2004","286,06","286,06","286,06","286,06","","-0,21%"
"21.06.2004","286,68","286,68","286,68","286,68","","0,27%"
"18.06.2004","285,91","285,91","285,91","285,91","","-0,97%"
"17.06.2004","288,71","288,71","288,71","288,71","","0,42%"
"16.06.2004","287,51","287,51","287,51","287,51","","0,74%"
"15.06.2004","285,39","285,39","285,39","285,39","","1,36%"
"14.06.2004","281,56","281,56","281,56","281,56","","-1,26%"
"11.06.2004","285,15","285,15","285,15","285,15","","0,88%"
"10.06.2004","282,67","282,67","282,67","282,67","","-0,25%"
"09.06.2004","283,38","283,38","283,38","283,38","","1,39%"
"08.06.2004","279,49","279,49","279,49","279,49","","0,53%"
"07.06.2004","278,01","278,01","278,01","278,01","","-0,36%"
"04.06.2004","279,00","279,00","279,00","279,00","","-1,06%"
"03.06.2004","281,99","281,99","281,99","281,99","","0,03%"
"02.06.2004","281,90","281,90","281,90","281,90","","0,08%"
"01.06.2004","281,68","281,68","281,68","281,68","","-1,18%"
"31.05.2004","285,04","285,04","285,04","285,04","","0,24%"
"28.05.2004","284,35","284,35","284,35","284,35","","-0,01%"
"27.05.2004","284,37","284,37","284,37","284,37","","-0,35%"
"26.05.2004","285,38","285,38","285,38","285,38","","0,37%"
"25.05.2004","284,32","284,32","284,32","284,32","","-0,46%"
"24.05.2004","285,63","285,63","285,63","285,63","","0,35%"
"21.05.2004","284,64","284,64","284,64","284,64","","-0,67%"
"20.05.2004","286,55","286,55","286,55","286,55","","1,37%"
"19.05.2004","282,67","282,67","282,67","282,67","","-1,06%"
"18.05.2004","285,70","285,70","285,70","285,70","","0,31%"
"17.05.2004","284,82","284,82","284,82","284,82","","-0,23%"
"14.05.2004","285,49","285,49","285,49","285,49","","0,27%"
"13.05.2004","284,71","284,71","284,71","284,71","","0,01%"
"12.05.2004","284,69","284,69","284,69","284,69","","-0,79%"
"11.05.2004","286,95","286,95","286,95","286,95","","-0,16%"
"10.05.2004","287,40","287,40","287,40","287,40","","0,24%"
"07.05.2004","286,71","286,71","286,71","286,71","","0,45%"
"06.05.2004","285,42","285,42","285,42","285,42","","0,28%"
"05.05.2004","284,61","284,61","284,61","284,61","","-0,61%"
"04.05.2004","286,36","286,36","286,36","286,36","","-2,19%"
"03.05.2004","292,78","292,78","292,78","292,78","","0,48%"
"30.04.2004","291,39","291,39","291,39","291,39","","0,36%"
"29.04.2004","290,34","290,34","290,34","290,34","","-1,74%"
"28.04.2004","295,47","295,47","295,47","295,47","","0,04%"
"27.04.2004","295,37","295,37","295,37","295,37","","-0,42%"
"26.04.2004","296,60","296,60","296,60","296,60","","0,24%"
"23.04.2004","295,90","295,90","295,90","295,90","","-0,16%"
"22.04.2004","296,39","296,39","296,39","296,39","","-0,01%"
"21.04.2004","296,43","296,43","296,43","296,43","","0,12%"
"20.04.2004","296,08","296,08","296,08","296,08","","0,90%"
"19.04.2004","293,44","293,44","293,44","293,44","","-0,44%"
"16.04.2004","294,74","294,74","294,74","294,74","","0,33%"
"15.04.2004","293,76","293,76","293,76","293,76","","-0,69%"
"14.04.2004","295,79","295,79","295,79","295,79","","-0,44%"
"13.04.2004","297,08","297,08","297,08","297,08","","-0,11%"
"12.04.2004","297,40","297,40","297,40","297,40","","-0,27%"
"09.04.2004","298,20","298,20","298,20","298,20","","0,00%"
"08.04.2004","298,20","298,20","298,20","298,20","","0,43%"
"07.04.2004","296,91","296,91","296,91","296,91","","-0,45%"
"06.04.2004","298,25","298,25","298,25","298,25","","-0,41%"
"05.04.2004","299,47","299,47","299,47","299,47","","0,07%"
"02.04.2004","299,27","299,27","299,27","299,27","","-0,40%"
"01.04.2004","300,46","300,46","300,46","300,46","","-0,98%"
"31.03.2004","303,45","303,45","303,45","303,45","","-0,54%"
"30.03.2004","305,08","305,08","305,08","305,08","","-0,19%"
"29.03.2004","305,66","305,66","305,66","305,66","","-0,78%"
"26.03.2004","308,05","308,05","308,05","308,05","","-1,22%"
"25.03.2004","311,85","311,85","311,85","311,85","","-0,35%"
"24.03.2004","312,95","312,95","312,95","312,95","","1,72%"
"23.03.2004","307,66","307,66","307,66","307,66","","0,13%"
"22.03.2004","307,25","307,25","307,25","307,25","","0,21%"
"19.03.2004","306,59","306,59","306,59","306,59","","0,60%"
"18.03.2004","304,75","304,75","304,75","304,75","","-1,94%"
"17.03.2004","310,79","310,79","310,79","310,79","","0,25%"
"16.03.2004","310,02","310,02","310,02","310,02","","1,04%"
"15.03.2004","306,84","306,84","306,84","306,84","","-0,45%"
"12.03.2004","308,23","308,23","308,23","308,23","","0,87%"
"11.03.2004","305,59","305,59","305,59","305,59","","-1,06%"
"10.03.2004","308,86","308,86","308,86","308,86","","0,58%"
"09.03.2004","307,08","307,08","307,08","307,08","","1,32%"
"08.03.2004","303,06","303,06","303,06","303,06","","0,24%"
"05.03.2004","302,33","302,33","302,33","302,33","","0,58%"
"04.03.2004","300,60","300,60","300,60","300,60","","0,48%"
"03.03.2004","299,18","299,18","299,18","299,18","","0,05%"
"02.03.2004","299,03","299,03","299,03","299,03","","1,17%"
"01.03.2004","295,58","295,58","295,58","295,58","","0,35%"
"27.02.2004","294,56","294,56","294,56","294,56","","0,55%"
"26.02.2004","292,94","292,94","292,94","292,94","","0,10%"
"25.02.2004","292,64","292,64","292,64","292,64","","1,63%"
"24.02.2004","287,94","287,94","287,94","287,94","","-0,75%"
"23.02.2004","290,13","290,13","290,13","290,13","","0,37%"
"20.02.2004","289,04","289,04","289,04","289,04","","0,83%"
"19.02.2004","286,68","286,68","286,68","286,68","","-0,25%"
"18.02.2004","287,41","287,41","287,41","287,41","","1,37%"
"17.02.2004","283,52","283,52","283,52","283,52","","-0,40%"
"16.02.2004","284,64","284,64","284,64","284,64","","-0,28%"
"13.02.2004","285,43","285,43","285,43","285,43","","0,79%"
"12.02.2004","283,20","283,20","283,20","283,20","","-0,34%"
"11.02.2004","284,16","284,16","284,16","284,16","","-0,40%"
"10.02.2004","285,31","285,31","285,31","285,31","","-0,46%"
"09.02.2004","286,62","286,62","286,62","286,62","","0,37%"
"06.02.2004","285,55","285,55","285,55","285,55","","-0,43%"
"05.02.2004","286,79","286,79","286,79","286,79","","-0,36%"
"04.02.2004","287,83","287,83","287,83","287,83","","-0,14%"
"03.02.2004","288,23","288,23","288,23","288,23","","-0,38%"
"02.02.2004","289,32","289,32","289,32","289,32","","0,02%"
"30.01.2004","289,25","289,25","289,25","289,25","","0,31%"
"29.01.2004","288,35","288,35","288,35","288,35","","0,76%"
"28.01.2004","286,18","286,18","286,18","286,18","","0,13%"
"27.01.2004","285,80","285,80","285,80","285,80","","-0,64%"
"26.01.2004","287,65","287,65","287,65","287,65","","0,13%"
"23.01.2004","287,28","287,28","287,28","287,28","","-0,14%"
"22.01.2004","287,69","287,69","287,69","287,69","","0,22%"
"21.01.2004","287,06","287,06","287,06","287,06","","-0,25%"
"20.01.2004","287,79","287,79","287,79","287,79","","-2,41%"
"19.01.2004","294,91","294,91","294,91","294,91","","0,26%"
"16.01.2004","294,15","294,15","294,15","294,15","","1,33%"
"15.01.2004","290,31","290,31","290,31","290,31","","0,86%"
"14.01.2004","287,82","287,82","287,82","287,82","","1,84%"
"13.01.2004","282,61","282,61","282,61","282,61","","0,27%"
"12.01.2004","281,84","281,84","281,84","281,84","","0,63%"
"09.01.2004","280,07","280,07","280,07","280,07","","1,14%"
"08.01.2004","276,92","276,92","276,92","276,92","","-0,91%"
"07.01.2004","279,45","279,45","279,45","279,45","","1,11%"
"06.01.2004","276,39","276,39","276,39","276,39","","0,47%"
"05.01.2004","275,10","275,10","275,10","275,10","","-0,61%"
"02.01.2004","276,79","276,79","276,79","276,79","","-1,68%"
"01.01.2004","281,53","281,53","281,53","281,53","","0,43%"
"31.12.2003","280,33","280,33","280,33","280,33","","-0,20%"
"30.12.2003","280,88","280,88","280,88","280,88","","-1,21%"
"29.12.2003","284,32","284,32","284,32","284,32","","-1,36%"
"26.12.2003","288,24","288,24","288,24","288,24","","0,70%"
"25.12.2003","286,23","286,23","286,23","286,23","","0,04%"
"24.12.2003","286,13","286,13","286,13","286,13","","0,17%"
"23.12.2003","285,64","285,64","285,64","285,64","","-0,91%"
"22.12.2003","288,26","288,26","288,26","288,26","","-0,50%"
"19.12.2003","289,70","289,70","289,70","289,70","","0,54%"
"18.12.2003","288,14","288,14","288,14","288,14","","0,72%"
"17.12.2003","286,09","286,09","286,09","286,09","","0,08%"
"16.12.2003","285,87","285,87","285,87","285,87","","0,23%"
"15.12.2003","285,20","285,20","285,20","285,20","","-0,31%"
"12.12.2003","286,09","286,09","286,09","286,09","","-0,35%"
"11.12.2003","287,09","287,09","287,09","287,09","","0,75%"
"10.12.2003","284,95","284,95","284,95","284,95","","0,60%"
"09.12.2003","283,25","283,25","283,25","283,25","","-1,09%"
"08.12.2003","286,39","286,39","286,39","286,39","","-1,43%"
"05.12.2003","290,53","290,53","290,53","290,53","","0,99%"
"04.12.2003","287,68","287,68","287,68","287,68","","0,48%"
"03.12.2003","286,30","286,30","286,30","286,30","","-0,62%"
"02.12.2003","288,08","288,08","288,08","288,08","","-0,87%"
"01.12.2003","290,61","290,61","290,61","290,61","","-0,17%"
"28.11.2003","291,10","291,10","291,10","291,10","","-1,52%"
"27.11.2003","295,59","295,59","295,59","295,59","","0,32%"
"26.11.2003","294,66","294,66","294,66","294,66","","-1,82%"
"25.11.2003","300,12","300,12","300,12","300,12","","0,35%"
"24.11.2003","299,06","299,06","299,06","299,06","","0,32%"
"21.11.2003","298,10","298,10","298,10","298,10","","0,30%"
"20.11.2003","297,22","297,22","297,22","297,22","","0,65%"
"19.11.2003","295,31","295,31","295,31","295,31","","-0,25%"
"18.11.2003","296,05","296,05","296,05","296,05","","-1,46%"
"17.11.2003","300,45","300,45","300,45","300,45","","0,59%"
"14.11.2003","298,69","298,69","298,69","298,69","","0,30%"
"13.11.2003","297,78","297,78","297,78","297,78","","0,83%"
"12.11.2003","295,32","295,32","295,32","295,32","","-0,28%"
"11.11.2003","296,15","296,15","296,15","296,15","","-0,20%"
"10.11.2003","296,75","296,75","296,75","296,75","","0,24%"
"07.11.2003","296,03","296,03","296,03","296,03","","-1,25%"
"06.11.2003","299,77","299,77","299,77","299,77","","-0,62%"
"05.11.2003","301,65","301,65","301,65","301,65","","-0,11%"
"04.11.2003","301,98","301,98","301,98","301,98","","0,35%"
"03.11.2003","300,92","300,92","300,92","300,92","","0,51%"
"31.10.2003","299,40","299,40","299,40","299,40","","1,15%"
"30.10.2003","295,98","295,98","295,98","295,98","","-0,23%"
"29.10.2003","296,65","296,65","296,65","296,65","","-0,88%"
"28.10.2003","299,30","299,30","299,30","299,30","","1,40%"
"27.10.2003","295,16","295,16","295,16","295,16","","-0,26%"
"24.10.2003","295,94","295,94","295,94","295,94","","1,69%"
"23.10.2003","291,02","291,02","291,02","291,02","","-0,61%"
"22.10.2003","292,82","292,82","292,82","292,82","","-0,23%"
"21.10.2003","293,50","293,50","293,50","293,50","","-0,19%"
"20.10.2003","294,07","294,07","294,07","294,07","","0,71%"
"17.10.2003","291,99","291,99","291,99","291,99","","0,11%"
"16.10.2003","291,66","291,66","291,66","291,66","","0,18%"
"15.10.2003","291,14","291,14","291,14","291,14","","0,44%"
"14.10.2003","289,88","289,88","289,88","289,88","","-1,43%"
"13.10.2003","294,08","294,08","294,08","294,08","","0,78%"
"10.10.2003","291,80","291,80","291,80","291,80","","0,13%"
"09.10.2003","291,43","291,43","291,43","291,43","","-0,10%"
"08.10.2003","291,71","291,71","291,71","291,71","","-0,63%"
"07.10.2003","293,57","293,57","293,57","293,57","","-1,78%"
"06.10.2003","298,88","298,88","298,88","298,88","","-0,50%"
"03.10.2003","300,39","300,39","300,39","300,39","","-1,27%"
"02.10.2003","304,26","304,26","304,26","304,26","","-0,53%"
"01.10.2003","305,89","305,89","305,89","305,89","","-0,48%"
"30.09.2003","307,38","307,38","307,38","307,38","","1,17%"
"29.09.2003","303,82","303,82","303,82","303,82","","-1,77%"
"26.09.2003","309,28","309,28","309,28","309,28","","0,86%"
"25.09.2003","306,66","306,66","306,66","306,66","","0,52%"
"24.09.2003","305,08","305,08","305,08","305,08","","0,61%"
"23.09.2003","303,21","303,21","303,21","303,21","","0,78%"
"22.09.2003","300,87","300,87","300,87","300,87","","-1,84%"
"19.09.2003","306,52","306,52","306,52","306,52","","-0,66%"
"18.09.2003","308,55","308,55","308,55","308,55","","0,62%"
"17.09.2003","306,63","306,63","306,63","306,63","","0,51%"
"16.09.2003","305,07","305,07","305,07","305,07","","0,38%"
"15.09.2003","303,92","303,92","303,92","303,92","","0,04%"
"12.09.2003","303,79","303,79","303,79","303,79","","-0,09%"
"11.09.2003","304,07","304,07","304,07","304,07","","-0,77%"
"10.09.2003","306,43","306,43","306,43","306,43","","1,15%"
"09.09.2003","302,96","302,96","302,96","302,96","","-1,30%"
"08.09.2003","306,96","306,96","306,96","306,96","","-0,06%"
"05.09.2003","307,15","307,15","307,15","307,15","","0,18%"
"04.09.2003","306,61","306,61","306,61","306,61","","-0,41%"
"03.09.2003","307,86","307,86","307,86","307,86","","-0,53%"
"02.09.2003","309,51","309,51","309,51","309,51","","-0,13%"
"01.09.2003","309,91","309,91","309,91","309,91","","0,12%"
"29.08.2003","309,52","309,52","309,52","309,52","","-0,84%"
"28.08.2003","312,16","312,16","312,16","312,16","","1,19%"
"27.08.2003","308,47","308,47","308,47","308,47","","-0,61%"
"26.08.2003","310,38","310,38","310,38","310,38","","0,46%"
"25.08.2003","308,96","308,96","308,96","308,96","","-0,65%"
"22.08.2003","310,98","310,98","310,98","310,98","","1,36%"
"21.08.2003","306,82","306,82","306,82","306,82","","1,48%"
"20.08.2003","302,33","302,33","302,33","302,33","","-0,23%"
"19.08.2003","303,02","303,02","303,02","303,02","","1,59%"
"18.08.2003","298,27","298,27","298,27","298,27","","1,36%"
"15.08.2003","294,26","294,26","294,26","294,26","","0,80%"
"14.08.2003","291,93","291,93","291,93","291,93","","0,62%"
"13.08.2003","290,13","290,13","290,13","290,13","","-2,36%"
"12.08.2003","297,14","297,14","297,14","297,14","","0,65%"
"11.08.2003","295,21","295,21","295,21","295,21","","-1,14%"
"08.08.2003","298,62","298,62","298,62","298,62","","0,46%"
"07.08.2003","297,26","297,26","297,26","297,26","","-0,05%"
"06.08.2003","297,42","297,42","297,42","297,42","","2,53%"
"05.08.2003","290,08","290,08","290,08","290,08","","-1,72%"
"04.08.2003","295,16","295,16","295,16","295,16","","-0,10%"
"01.08.2003","295,46","295,46","295,46","295,46","","0,77%"
"31.07.2003","293,21","293,21","293,21","293,21","","-1,21%"
"30.07.2003","296,80","296,80","296,80","296,80","","1,64%"
"29.07.2003","292,00","292,00","292,00","292,00","","-0,74%"
"28.07.2003","294,18","294,18","294,18","294,18","","-1,19%"
"25.07.2003","297,72","297,72","297,72","297,72","","-0,67%"
"24.07.2003","299,71","299,71","299,71","299,71","","-0,60%"
"23.07.2003","301,52","301,52","301,52","301,52","","-1,16%"
"22.07.2003","305,05","305,05","305,05","305,05","","0,52%"
"21.07.2003","303,49","303,49","303,49","303,49","","-2,97%"
"18.07.2003","312,76","312,76","312,76","312,76","","-0,62%"
"17.07.2003","314,72","314,72","314,72","314,72","","0,12%"
"16.07.2003","314,34","314,34","314,34","314,34","","-0,14%"
"15.07.2003","314,77","314,77","314,77","314,77","","-1,34%"
"14.07.2003","319,06","319,06","319,06","319,06","","-1,04%"
"11.07.2003","322,40","322,40","322,40","322,40","","1,18%"
"10.07.2003","318,64","318,64","318,64","318,64","","-0,21%"
"09.07.2003","319,29","319,29","319,29","319,29","","-0,04%"
"08.07.2003","319,43","319,43","319,43","319,43","","-0,03%"
"07.07.2003","319,51","319,51","319,51","319,51","","0,91%"
"04.07.2003","316,62","316,62","316,62","316,62","","0,08%"
"03.07.2003","316,36","316,36","316,36","316,36","","-1,13%"
"02.07.2003","319,98","319,98","319,98","319,98","","0,44%"
"01.07.2003","318,57","318,57","318,57","318,57","","-0,87%"
"30.06.2003","321,36","321,36","321,36","321,36","","-0,20%"
"27.06.2003","322,00","322,00","322,00","322,00","","-0,62%"
"26.06.2003","324,00","324,00","324,00","324,00","","-0,82%"
"25.06.2003","326,67","326,67","326,67","326,67","","-1,59%"
"24.06.2003","331,94","331,94","331,94","331,94","","1,22%"
"23.06.2003","327,95","327,95","327,95","327,95","","1,42%"
"20.06.2003","323,34","323,34","323,34","323,34","","0,39%"
"19.06.2003","322,09","322,09","322,09","322,09","","-0,65%"
"18.06.2003","324,19","324,19","324,19","324,19","","-0,56%"
"17.06.2003","326,02","326,02","326,02","326,02","","-0,83%"
"16.06.2003","328,75","328,75","328,75","328,75","","-0,51%"
"13.06.2003","330,44","330,44","330,44","330,44","","0,03%"
"12.06.2003","330,34","330,34","330,34","330,34","","0,28%"
"11.06.2003","329,43","329,43","329,43","329,43","","-0,49%"
"10.06.2003","331,06","331,06","331,06","331,06","","1,65%"
"09.06.2003","325,68","325,68","325,68","325,68","","0,51%"
"06.06.2003","324,03","324,03","324,03","324,03","","1,37%"
"05.06.2003","319,64","319,64","319,64","319,64","","-2,23%"
"04.06.2003","326,91","326,91","326,91","326,91","","0,89%"
"03.06.2003","324,02","324,02","324,02","324,02","","1,39%"
"02.06.2003","319,57","319,57","319,57","319,57","","-0,85%"
"30.05.2003","322,31","322,31","322,31","322,31","","0,83%"
"29.05.2003","319,65","319,65","319,65","319,65","","-0,20%"
"28.05.2003","320,29","320,29","320,29","320,29","","-0,35%"
"27.05.2003","321,40","321,40","321,40","321,40","","-1,06%"
"26.05.2003","324,84","324,84","324,84","324,84","","-0,29%"
"23.05.2003","325,79","325,79","325,79","325,79","","-0,60%"
"22.05.2003","327,75","327,75","327,75","327,75","","0,30%"
"21.05.2003","326,78","326,78","326,78","326,78","","1,17%"
"20.05.2003","322,99","322,99","322,99","322,99","","0,82%"
"19.05.2003","320,37","320,37","320,37","320,37","","-0,82%"
"16.05.2003","323,03","323,03","323,03","323,03","","-1,10%"
"15.05.2003","326,63","326,63","326,63","326,63","","1,34%"
"14.05.2003","322,32","322,32","322,32","322,32","","1,99%"
"13.05.2003","316,03","316,03","316,03","316,03","","0,66%"
"12.05.2003","313,96","313,96","313,96","313,96","","-0,17%"
"09.05.2003","314,50","314,50","314,50","314,50","","-0,15%"
"08.05.2003","314,96","314,96","314,96","314,96","","-0,78%"
"07.05.2003","317,45","317,45","317,45","317,45","","1,82%"
"06.05.2003","311,77","311,77","311,77","311,77","","-0,64%"
"05.05.2003","313,79","313,79","313,79","313,79","","-0,20%"
"02.05.2003","314,42","314,42","314,42","314,42","","-0,51%"
"01.05.2003","316,05","316,05","316,05","316,05","","-0,59%"
"30.04.2003","317,94","317,94","317,94","317,94","","-0,05%"
"29.04.2003","318,08","318,08","318,08","318,08","","-1,15%"
"28.04.2003","321,77","321,77","321,77","321,77","","0,49%"
"25.04.2003","320,19","320,19","320,19","320,19","","0,12%"
"24.04.2003","319,81","319,81","319,81","319,81","","0,44%"
"23.04.2003","318,43","318,43","318,43","318,43","","0,16%"
"22.04.2003","317,92","317,92","317,92","317,92","","-0,92%"
"21.04.2003","320,88","320,88","320,88","320,88","","-0,09%"
"18.04.2003","321,19","321,19","321,19","321,19","","0,04%"
"17.04.2003","321,06","321,06","321,06","321,06","","0,58%"
"16.04.2003","319,19","319,19","319,19","319,19","","-0,53%"
"15.04.2003","320,90","320,90","320,90","320,90","","0,40%"
"14.04.2003","319,61","319,61","319,61","319,61","","-0,67%"
"11.04.2003","321,76","321,76","321,76","321,76","","0,17%"
"10.04.2003","321,22","321,22","321,22","321,22","","-0,46%"
"09.04.2003","322,70","322,70","322,70","322,70","","-0,34%"
"08.04.2003","323,81","323,81","323,81","323,81","","0,87%"
"07.04.2003","321,02","321,02","321,02","321,02","","-0,16%"
"04.04.2003","321,53","321,53","321,53","321,53","","-0,05%"
"03.04.2003","321,69","321,69","321,69","321,69","","-0,12%"
"02.04.2003","322,08","322,08","322,08","322,08","","0,15%"
"01.04.2003","321,60","321,60","321,60","321,60","","0,06%"
"31.03.2003","321,40","321,40","321,40","321,40","","-0,17%"
"28.03.2003","321,95","321,95","321,95","321,95","","-0,58%"
"27.03.2003","323,83","323,83","323,83","323,83","","0,07%"
"26.03.2003","323,62","323,62","323,62","323,62","","-0,27%"
"25.03.2003","324,50","324,50","324,50","324,50","","-0,18%"
"24.03.2003","325,11","325,11","325,11","325,11","","0,47%"
"21.03.2003","323,59","323,59","323,59","323,59","","-0,11%"
"20.03.2003","323,94","323,94","323,94","323,94","","-1,41%"
"19.03.2003","328,58","328,58","328,58","328,58","","-0,01%"
"18.03.2003","328,60","328,60","328,60","328,60","","-0,99%"
"17.03.2003","331,90","331,90","331,90","331,90","","-0,15%"
"14.03.2003","332,40","332,40","332,40","332,40","","0,75%"
"13.03.2003","329,92","329,92","329,92","329,92","","0,37%"
"12.03.2003","328,69","328,69","328,69","328,69","","0,83%"
"11.03.2003","325,99","325,99","325,99","325,99","","0,14%"
"10.03.2003","325,55","325,55","325,55","325,55","","-0,13%"
"07.03.2003","325,98","325,98","325,98","325,98","","-0,07%"
"06.03.2003","326,20","326,20","326,20","326,20","","-0,44%"
"05.03.2003","327,66","327,66","327,66","327,66","","-0,46%"
"04.03.2003","329,17","329,17","329,17","329,17","","0,16%"
"03.03.2003","328,64","328,64","328,64","328,64","","-0,99%"
"28.02.2003","331,92","331,92","331,92","331,92","","0,39%"
"27.02.2003","330,64","330,64","330,64","330,64","","0,59%"
"26.02.2003","328,71","328,71","328,71","328,71","","0,35%"
"25.02.2003","327,56","327,56","327,56","327,56","","0,87%"
"24.02.2003","324,74","324,74","324,74","324,74","","0,30%"
"21.02.2003","323,76","323,76","323,76","323,76","","-0,31%"
"20.02.2003","324,77","324,77","324,77","324,77","","-0,39%"
"19.02.2003","326,06","326,06","326,06","326,06","","0,26%"
"18.02.2003","325,21","325,21","325,21","325,21","","0,67%"
"17.02.2003","323,05","323,05","323,05","323,05","","0,56%"
"14.02.2003","321,24","321,24","321,24","321,24","","-0,68%"
"13.02.2003","323,43","323,43","323,43","323,43","","-0,44%"
"12.02.2003","324,88","324,88","324,88","324,88","","0,30%"
"11.02.2003","323,89","323,89","323,89","323,89","","-0,05%"
"10.02.2003","324,06","324,06","324,06","324,06","","0,00%"
"07.02.2003","324,05","324,05","324,05","324,05","","0,24%"
"06.02.2003","323,29","323,29","323,29","323,29","","0,48%"
"05.02.2003","321,73","321,73","321,73","321,73","","-0,16%"
"04.02.2003","322,25","322,25","322,25","322,25","","-0,21%"
"03.02.2003","322,92","322,92","322,92","322,92","","0,03%"
"31.01.2003","322,82","322,82","322,82","322,82","","0,96%"
"30.01.2003","319,75","319,75","319,75","319,75","","0,76%"
"29.01.2003","317,32","317,32","317,32","317,32","","-0,73%"
"28.01.2003","319,66","319,66","319,66","319,66","","0,27%"
"27.01.2003","318,80","318,80","318,80","318,80","","-0,72%"
"24.01.2003","321,12","321,12","321,12","321,12","","0,19%"
"23.01.2003","320,53","320,53","320,53","320,53","","-0,74%"
"22.01.2003","322,91","322,91","322,91","322,91","","0,60%"
"21.01.2003","320,97","320,97","320,97","320,97","","-0,12%"
"20.01.2003","321,36","321,36","321,36","321,36","","-0,09%"
"17.01.2003","321,65","321,65","321,65","321,65","","0,15%"
"16.01.2003","321,18","321,18","321,18","321,18","","-0,46%"
"15.01.2003","322,68","322,68","322,68","322,68","","0,38%"
"14.01.2003","321,46","321,46","321,46","321,46","","0,29%"
"13.01.2003","320,54","320,54","320,54","320,54","","0,79%"
"10.01.2003","318,04","318,04","318,04","318,04","","-0,49%"
"09.01.2003","319,61","319,61","319,61","319,61","","-2,18%"
"08.01.2003","326,72","326,72","326,72","326,72","","-0,19%"
"07.01.2003","327,33","327,33","327,33","327,33","","0,78%"
"06.01.2003","324,79","324,79","324,79","324,79","","-0,71%"
"03.01.2003","327,12","327,12","327,12","327,12","","-0,55%"
"02.01.2003","328,91","328,91","328,91","328,91","","-1,25%"
"01.01.2003","333,07","333,07","333,07","333,07","","0,08%"
"31.12.2002","332,80","332,80","332,80","332,80","","-0,41%"
"30.12.2002","334,19","334,19","334,19","334,19","","-0,19%"
"27.12.2002","334,81","334,81","334,81","334,81","","0,61%"
"26.12.2002","332,78","332,78","332,78","332,78","","-0,39%"
"25.12.2002","334,08","334,08","334,08","334,08","","-0,21%"
"24.12.2002","334,78","334,78","334,78","334,78","","0,20%"
"23.12.2002","334,11","334,11","334,11","334,11","","-0,21%"
"20.12.2002","334,82","334,82","334,82","334,82","","0,23%"
"19.12.2002","334,05","334,05","334,05","334,05","","1,16%"
"18.12.2002","330,21","330,21","330,21","330,21","","0,77%"
"17.12.2002","327,67","327,67","327,67","327,67","","-0,67%"
"16.12.2002","329,87","329,87","329,87","329,87","","-0,99%"
"13.12.2002","333,17","333,17","333,17","333,17","","-1,32%"
"12.12.2002","337,64","337,64","337,64","337,64","","-1,14%"
"11.12.2002","341,53","341,53","341,53","341,53","","0,79%"
"10.12.2002","338,84","338,84","338,84","338,84","","0,65%"
"09.12.2002","336,67","336,67","336,67","336,67","","0,54%"
"06.12.2002","334,84","334,84","334,84","334,84","","-1,06%"
"05.12.2002","338,44","338,44","338,44","338,44","","0,71%"
"04.12.2002","336,07","336,07","336,07","336,07","","0,23%"
"03.12.2002","335,30","335,30","335,30","335,30","","-0,18%"
"02.12.2002","335,91","335,91","335,91","335,91","","-0,22%"
"29.11.2002","336,64","336,64","336,64","336,64","","0,74%"
"28.11.2002","334,15","334,15","334,15","334,15","","-0,35%"
"27.11.2002","335,32","335,32","335,32","335,32","","-1,87%"
"26.11.2002","341,71","341,71","341,71","341,71","","1,00%"
"25.11.2002","338,33","338,33","338,33","338,33","","0,47%"
"22.11.2002","336,75","336,75","336,75","336,75","","0,38%"
"21.11.2002","335,48","335,48","335,48","335,48","","-1,00%"
"20.11.2002","338,88","338,88","338,88","338,88","","-1,04%"
"19.11.2002","342,45","342,45","342,45","342,45","","1,04%"
"18.11.2002","338,93","338,93","338,93","338,93","","0,42%"
"15.11.2002","337,52","337,52","337,52","337,52","","-0,33%"
"14.11.2002","338,63","338,63","338,63","338,63","","-1,62%"
"13.11.2002","344,20","344,20","344,20","344,20","","0,62%"
"12.11.2002","342,07","342,07","342,07","342,07","","-0,30%"
"11.11.2002","343,08","343,08","343,08","343,08","","0,24%"
"08.11.2002","342,25","342,25","342,25","342,25","","1,22%"
"07.11.2002","338,15","338,15","338,15","338,15","","1,97%"
"06.11.2002","331,61","331,61","331,61","331,61","","0,06%"
"05.11.2002","331,39","331,39","331,39","331,39","","-0,58%"
"04.11.2002","333,33","333,33","333,33","333,33","","-0,70%"
"01.11.2002","335,68","335,68","335,68","335,68","","-0,83%"
"31.10.2002","338,50","338,50","338,50","338,50","","-0,36%"
"30.10.2002","339,71","339,71","339,71","339,71","","-0,23%"
"29.10.2002","340,51","340,51","340,51","340,51","","1,60%"
"28.10.2002","335,14","335,14","335,14","335,14","","-1,25%"
"25.10.2002","339,36","339,36","339,36","339,36","","0,65%"
"24.10.2002","337,17","337,17","337,17","337,17","","0,61%"
"23.10.2002","335,11","335,11","335,11","335,11","","0,07%"
"22.10.2002","334,88","334,88","334,88","334,88","","-0,90%"
"21.10.2002","337,90","337,90","337,90","337,90","","-0,76%"
"18.10.2002","340,48","340,48","340,48","340,48","","-0,10%"
"17.10.2002","340,82","340,82","340,82","340,82","","-0,09%"
"16.10.2002","341,13","341,13","341,13","341,13","","-0,48%"
"15.10.2002","342,78","342,78","342,78","342,78","","-1,71%"
"14.10.2002","348,74","348,74","348,74","348,74","","0,01%"
"11.10.2002","348,69","348,69","348,69","348,69","","-1,62%"
"10.10.2002","354,44","354,44","354,44","354,44","","-0,29%"
"09.10.2002","355,47","355,47","355,47","355,47","","-0,28%"
"08.10.2002","356,48","356,48","356,48","356,48","","0,42%"
"07.10.2002","355,00","355,00","355,00","355,00","","-0,11%"
"04.10.2002","355,39","355,39","355,39","355,39","","1,08%"
"03.10.2002","351,59","351,59","351,59","351,59","","-0,35%"
"02.10.2002","352,84","352,84","352,84","352,84","","-0,18%"
"01.10.2002","353,49","353,49","353,49","353,49","","-0,72%"
"30.09.2002","356,04","356,04","356,04","356,04","","-0,15%"
"27.09.2002","356,58","356,58","356,58","356,58","","0,19%"
"26.09.2002","355,91","355,91","355,91","355,91","","-0,08%"
"25.09.2002","356,20","356,20","356,20","356,20","","-0,81%"
"24.09.2002","359,11","359,11","359,11","359,11","","0,30%"
"23.09.2002","358,03","358,03","358,03","358,03","","1,40%"
"20.09.2002","353,10","353,10","353,10","353,10","","-0,02%"
"19.09.2002","353,16","353,16","353,16","353,16","","-0,25%"
"18.09.2002","354,04","354,04","354,04","354,04","","-0,46%"
"17.09.2002","355,67","355,67","355,67","355,67","","-0,61%"
"16.09.2002","357,84","357,84","357,84","357,84","","0,62%"
"13.09.2002","355,63","355,63","355,63","355,63","","1,90%"
"12.09.2002","349,00","349,00","349,00","349,00","","0,65%"
"11.09.2002","346,73","346,73","346,73","346,73","","-1,02%"
"10.09.2002","350,30","350,30","350,30","350,30","","0,85%"
"09.09.2002","347,34","347,34","347,34","347,34","","0,39%"
"06.09.2002","345,99","345,99","345,99","345,99","","-0,47%"
"05.09.2002","347,61","347,61","347,61","347,61","","0,33%"
"04.09.2002","346,48","346,48","346,48","346,48","","1,03%"
"03.09.2002","342,94","342,94","342,94","342,94","","0,53%"
"02.09.2002","341,12","341,12","341,12","341,12","","-0,23%"
"30.08.2002","341,90","341,90","341,90","341,90","","0,77%"
"29.08.2002","339,29","339,29","339,29","339,29","","-0,01%"
"28.08.2002","339,31","339,31","339,31","339,31","","1,29%"
"27.08.2002","334,97","334,97","334,97","334,97","","-1,97%"
"26.08.2002","341,69","341,69","341,69","341,69","","0,36%"
"23.08.2002","340,45","340,45","340,45","340,45","","0,55%"
"22.08.2002","338,58","338,58","338,58","338,58","","-0,02%"
"21.08.2002","338,63","338,63","338,63","338,63","","-0,61%"
"20.08.2002","340,72","340,72","340,72","340,72","","1,10%"
"19.08.2002","337,01","337,01","337,01","337,01","","1,30%"
"16.08.2002","332,69","332,69","332,69","332,69","","-1,94%"
"15.08.2002","339,29","339,29","339,29","339,29","","-1,53%"
"14.08.2002","344,55","344,55","344,55","344,55","","2,17%"
"13.08.2002","337,23","337,23","337,23","337,23","","0,57%"
"12.08.2002","335,33","335,33","335,33","335,33","","-0,11%"
"09.08.2002","335,70","335,70","335,70","335,70","","1,46%"
"08.08.2002","330,87","330,87","330,87","330,87","","0,35%"
"07.08.2002","329,73","329,73","329,73","329,73","","-0,27%"
"06.08.2002","330,62","330,62","330,62","330,62","","0,50%"
"05.08.2002","328,98","328,98","328,98","328,98","","0,93%"
"02.08.2002","325,94","325,94","325,94","325,94","","1,12%"
"01.08.2002","322,34","322,34","322,34","322,34","","-0,45%"
"31.07.2002","323,80","323,80","323,80","323,80","","1,87%"
"30.07.2002","317,85","317,85","317,85","317,85","","-0,00%"
"29.07.2002","317,87","317,87","317,87","317,87","","-0,93%"
"26.07.2002","320,84","320,84","320,84","320,84","","1,84%"
"25.07.2002","315,05","315,05","315,05","315,05","","-0,87%"
"24.07.2002","317,82","317,82","317,82","317,82","","-0,78%"
"23.07.2002","320,33","320,33","320,33","320,33","","1,96%"
"22.07.2002","314,17","314,17","314,17","314,17","","1,26%"
"19.07.2002","310,27","310,27","310,27","310,27","","0,86%"
"18.07.2002","307,62","307,62","307,62","307,62","","-0,15%"
"17.07.2002","308,08","308,08","308,08","308,08","","0,86%"
"16.07.2002","305,44","305,44","305,44","305,44","","-1,99%"
"15.07.2002","311,65","311,65","311,65","311,65","","-1,63%"
"12.07.2002","316,82","316,82","316,82","316,82","","-0,12%"
"11.07.2002","317,21","317,21","317,21","317,21","","0,26%"
"10.07.2002","316,39","316,39","316,39","316,39","","1,34%"
"09.07.2002","312,21","312,21","312,21","312,21","","0,89%"
"08.07.2002","309,46","309,46","309,46","309,46","","-1,50%"
"05.07.2002","314,19","314,19","314,19","314,19","","-0,46%"
"04.07.2002","315,65","315,65","315,65","315,65","","0,19%"
"03.07.2002","315,06","315,06","315,06","315,06","","0,75%"
"02.07.2002","312,70","312,70","312,70","312,70","","1,29%"
"01.07.2002","308,72","308,72","308,72","308,72","","0,23%"
"28.06.2002","308,02","308,02","308,02","308,02","","-0,45%"
"27.06.2002","309,42","309,42","309,42","309,42","","-2,11%"
"26.06.2002","316,10","316,10","316,10","316,10","","0,72%"
"25.06.2002","313,85","313,85","313,85","313,85","","-1,07%"
"24.06.2002","317,24","317,24","317,24","317,24","","-0,85%"
"21.06.2002","319,98","319,98","319,98","319,98","","0,33%"
"20.06.2002","318,93","318,93","318,93","318,93","","-1,65%"
"19.06.2002","324,27","324,27","324,27","324,27","","0,49%"
"18.06.2002","322,69","322,69","322,69","322,69","","-0,68%"
"17.06.2002","324,89","324,89","324,89","324,89","","-0,72%"
"14.06.2002","327,24","327,24","327,24","327,24","","1,01%"
"13.06.2002","323,97","323,97","323,97","323,97","","0,46%"
"12.06.2002","322,49","322,49","322,49","322,49","","0,96%"
"11.06.2002","319,41","319,41","319,41","319,41","","0,37%"
"10.06.2002","318,25","318,25","318,25","318,25","","0,53%"
"07.06.2002","316,58","316,58","316,58","316,58","","0,02%"
"06.06.2002","316,53","316,53","316,53","316,53","","-0,42%"
"05.06.2002","317,88","317,88","317,88","317,88","","-0,57%"
"04.06.2002","319,69","319,69","319,69","319,69","","0,35%"
"03.06.2002","318,59","318,59","318,59","318,59","","-0,87%"
"31.05.2002","321,38","321,38","321,38","321,38","","0,27%"
"30.05.2002","320,51","320,51","320,51","320,51","","0,14%"
"29.05.2002","320,05","320,05","320,05","320,05","","-0,17%"
"28.05.2002","320,61","320,61","320,61","320,61","","-0,71%"
"27.05.2002","322,89","322,89","322,89","322,89","","-0,05%"
"24.05.2002","323,06","323,06","323,06","323,06","","0,04%"
"23.05.2002","322,94","322,94","322,94","322,94","","0,00%"
"22.05.2002","322,93","322,93","322,93","322,93","","-0,07%"
"21.05.2002","323,17","323,17","323,17","323,17","","0,59%"
"20.05.2002","321,26","321,26","321,26","321,26","","0,59%"
"17.05.2002","319,39","319,39","319,39","319,39","","-1,65%"
"16.05.2002","324,77","324,77","324,77","324,77","","0,82%"
"15.05.2002","322,11","322,11","322,11","322,11","","-0,88%"
"14.05.2002","324,95","324,95","324,95","324,95","","-0,02%"
"13.05.2002","325,02","325,02","325,02","325,02","","-0,76%"
"10.05.2002","327,51","327,51","327,51","327,51","","0,03%"
"09.05.2002","327,40","327,40","327,40","327,40","","-0,18%"
"08.05.2002","327,97","327,97","327,97","327,97","","-0,54%"
"07.05.2002","329,75","329,75","329,75","329,75","","0,39%"
"06.05.2002","328,46","328,46","328,46","328,46","","-0,20%"
"03.05.2002","329,12","329,12","329,12","329,12","","-0,73%"
"02.05.2002","331,53","331,53","331,53","331,53","","0,01%"
"01.05.2002","331,50","331,50","331,50","331,50","","-0,25%"
"30.04.2002","332,33","332,33","332,33","332,33","","0,83%"
"29.04.2002","329,61","329,61","329,61","329,61","","-0,75%"
"26.04.2002","332,11","332,11","332,11","332,11","","-0,06%"
"25.04.2002","332,32","332,32","332,32","332,32","","-0,59%"
"24.04.2002","334,31","334,31","334,31","334,31","","0,35%"
"23.04.2002","333,14","333,14","333,14","333,14","","0,20%"
"22.04.2002","332,49","332,49","332,49","332,49","","0,59%"
"19.04.2002","330,55","330,55","330,55","330,55","","0,21%"
"18.04.2002","329,84","329,84","329,84","329,84","","0,16%"
"17.04.2002","329,31","329,31","329,31","329,31","","-1,89%"
"16.04.2002","335,65","335,65","335,65","335,65","","-0,84%"
"15.04.2002","338,50","338,50","338,50","338,50","","0,52%"
"12.04.2002","336,76","336,76","336,76","336,76","","0,61%"
"11.04.2002","334,72","334,72","334,72","334,72","","0,09%"
"10.04.2002","334,41","334,41","334,41","334,41","","-0,19%"
"09.04.2002","335,05","335,05","335,05","335,05","","-0,27%"
"08.04.2002","335,95","335,95","335,95","335,95","","-0,00%"
"05.04.2002","335,96","335,96","335,96","335,96","","0,52%"
"04.04.2002","334,21","334,21","334,21","334,21","","0,52%"
"03.04.2002","332,47","332,47","332,47","332,47","","0,49%"
"02.04.2002","330,84","330,84","330,84","330,84","","0,87%"
"01.04.2002","327,97","327,97","327,97","327,97","","-1,03%"
"29.03.2002","331,38","331,38","331,38","331,38","","-0,13%"
"28.03.2002","331,83","331,83","331,83","331,83","","-0,51%"
"27.03.2002","333,54","333,54","333,54","333,54","","0,39%"
"26.03.2002","332,24","332,24","332,24","332,24","","0,82%"
"25.03.2002","329,53","329,53","329,53","329,53","","0,08%"
"22.03.2002","329,27","329,27","329,27","329,27","","0,46%"
"21.03.2002","327,78","327,78","327,78","327,78","","0,70%"
"20.03.2002","325,49","325,49","325,49","325,49","","-1,08%"
"19.03.2002","329,05","329,05","329,05","329,05","","-0,35%"
"18.03.2002","330,19","330,19","330,19","330,19","","0,49%"
"15.03.2002","328,59","328,59","328,59","328,59","","0,67%"
"14.03.2002","326,42","326,42","326,42","326,42","","-1,99%"
"13.03.2002","333,04","333,04","333,04","333,04","","-0,04%"
"12.03.2002","333,16","333,16","333,16","333,16","","-0,01%"
"11.03.2002","333,19","333,19","333,19","333,19","","-0,23%"
"08.03.2002","333,97","333,97","333,97","333,97","","-0,06%"
"07.03.2002","334,18","334,18","334,18","334,18","","-2,14%"
"06.03.2002","341,49","341,49","341,49","341,49","","-1,12%"
"05.03.2002","345,36","345,36","345,36","345,36","","-0,07%"
"04.03.2002","345,62","345,62","345,62","345,62","","-0,72%"
"01.03.2002","348,11","348,11","348,11","348,11","","-0,71%"
"28.02.2002","350,60","350,60","350,60","350,60","","-0,86%"
"27.02.2002","353,65","353,65","353,65","353,65","","0,43%"
"26.02.2002","352,15","352,15","352,15","352,15","","-0,09%"
"25.02.2002","352,45","352,45","352,45","352,45","","0,42%"
"22.02.2002","350,99","350,99","350,99","350,99","","-0,15%"
"21.02.2002","351,52","351,52","351,52","351,52","","0,14%"
"20.02.2002","351,01","351,01","351,01","351,01","","0,92%"
"19.02.2002","347,82","347,82","347,82","347,82","","-1,04%"
"18.02.2002","351,47","351,47","351,47","351,47","","0,30%"
"15.02.2002","350,41","350,41","350,41","350,41","","0,71%"
"14.02.2002","347,95","347,95","347,95","347,95","","0,46%"
"13.02.2002","346,35","346,35","346,35","346,35","","0,49%"
"12.02.2002","344,67","344,67","344,67","344,67","","-0,73%"
"11.02.2002","347,22","347,22","347,22","347,22","","-0,53%"
"08.02.2002","349,07","349,07","349,07","349,07","","0,15%"
"07.02.2002","348,54","348,54","348,54","348,54","","-0,87%"
"06.02.2002","351,58","351,58","351,58","351,58","","-0,55%"
"05.02.2002","353,53","353,53","353,53","353,53","","0,51%"
"04.02.2002","351,75","351,75","351,75","351,75","","-0,18%"
"01.02.2002","352,40","352,40","352,40","352,40","","-0,02%"
"31.01.2002","352,48","352,48","352,48","352,48","","0,12%"
"30.01.2002","352,06","352,06","352,06","352,06","","0,33%"
"29.01.2002","350,89","350,89","350,89","350,89","","0,73%"
"28.01.2002","348,35","348,35","348,35","348,35","","0,44%"
"25.01.2002","346,84","346,84","346,84","346,84","","1,27%"
"24.01.2002","342,48","342,48","342,48","342,48","","0,20%"
"23.01.2002","341,81","341,81","341,81","341,81","","-0,60%"
"22.01.2002","343,86","343,86","343,86","343,86","","-0,38%"
"21.01.2002","345,17","345,17","345,17","345,17","","0,08%"
"18.01.2002","344,89","344,89","344,89","344,89","","0,19%"
"17.01.2002","344,23","344,23","344,23","344,23","","-0,41%"
"16.01.2002","345,66","345,66","345,66","345,66","","-0,21%"
"15.01.2002","346,38","346,38","346,38","346,38","","1,93%"
"14.01.2002","339,84","339,84","339,84","339,84","","-0,34%"
"11.01.2002","341,01","341,01","341,01","341,01","","0,52%"
"10.01.2002","339,23","339,23","339,23","339,23","","1,42%"
"09.01.2002","334,50","334,50","334,50","334,50","","0,14%"
"08.01.2002","334,03","334,03","334,03","334,03","","-0,08%"
"07.01.2002","334,31","334,31","334,31","334,31","","1,28%"
"04.01.2002","330,07","330,07","330,07","330,07","","0,13%"
"03.01.2002","329,64","329,64","329,64","329,64","","0,83%"
"02.01.2002","326,93","326,93","326,93","326,93","","-2,03%"
"01.01.2002","333,71","333,71","333,71","333,71","","-0,70%"
"31.12.2001","336,06","336,06","336,06","336,06","","0,27%"
"28.12.2001","335,15","335,15","335,15","335,15","","-0,90%"
"27.12.2001","338,18","338,18","338,18","338,18","","0,22%"
"26.12.2001","337,45","337,45","337,45","337,45","","-0,84%"
"25.12.2001","340,30","340,30","340,30","340,30","","0,13%"
"24.12.2001","339,86","339,86","339,86","339,86","","0,73%"
"21.12.2001","337,39","337,39","337,39","337,39","","1,14%"
"20.12.2001","333,57","333,57","333,57","333,57","","0,08%"
"19.12.2001","333,30","333,30","333,30","333,30","","1,47%"
"18.12.2001","328,47","328,47","328,47","328,47","","1,40%"
"17.12.2001","323,95","323,95","323,95","323,95","","-0,59%"
"14.12.2001","325,87","325,87","325,87","325,87","","-1,74%"
"13.12.2001","331,66","331,66","331,66","331,66","","-0,44%"
"12.12.2001","333,14","333,14","333,14","333,14","","0,62%"
"11.12.2001","331,09","331,09","331,09","331,09","","0,31%"
"10.12.2001","330,06","330,06","330,06","330,06","","0,13%"
"07.12.2001","329,64","329,64","329,64","329,64","","-1,19%"
"06.12.2001","333,60","333,60","333,60","333,60","","-2,28%"
"05.12.2001","341,37","341,37","341,37","341,37","","-1,81%"
"04.12.2001","347,67","347,67","347,67","347,67","","0,82%"
"03.12.2001","344,84","344,84","344,84","344,84","","0,65%"
"30.11.2001","342,60","342,60","342,60","342,60","","-1,37%"
"29.11.2001","347,35","347,35","347,35","347,35","","2,01%"
"28.11.2001","340,52","340,52","340,52","340,52","","-0,56%"
"27.11.2001","342,45","342,45","342,45","342,45","","-0,10%"
"26.11.2001","342,79","342,79","342,79","342,79","","-0,23%"
"23.11.2001","343,57","343,57","343,57","343,57","","-0,44%"
"22.11.2001","345,10","345,10","345,10","345,10","","0,19%"
"21.11.2001","344,46","344,46","344,46","344,46","","-0,11%"
"20.11.2001","344,83","344,83","344,83","344,83","","-1,87%"
"19.11.2001","351,39","351,39","351,39","351,39","","1,93%"
"16.11.2001","344,75","344,75","344,75","344,75","","-1,70%"
"15.11.2001","350,69","350,69","350,69","350,69","","-2,50%"
"14.11.2001","359,67","359,67","359,67","359,67","","-1,76%"
"13.11.2001","366,12","366,12","366,12","366,12","","1,01%"
"12.11.2001","362,46","362,46","362,46","362,46","","-0,01%"
"09.11.2001","362,50","362,50","362,50","362,50","","-0,25%"
"08.11.2001","363,39","363,39","363,39","363,39","","-0,52%"
"07.11.2001","365,28","365,28","365,28","365,28","","0,49%"
"06.11.2001","363,49","363,49","363,49","363,49","","0,53%"
"05.11.2001","361,56","361,56","361,56","361,56","","2,09%"
"02.11.2001","354,16","354,16","354,16","354,16","","-2,53%"
"01.11.2001","363,34","363,34","363,34","363,34","","1,14%"
"31.10.2001","359,23","359,23","359,23","359,23","","5,61%"
"30.10.2001","340,16","340,16","340,16","340,16","","0,45%"
"29.10.2001","338,64","338,64","338,64","338,64","","-0,87%"
"26.10.2001","341,60","341,60","341,60","341,60","","0,12%"
"25.10.2001","341,18","341,18","341,18","341,18","","0,69%"
"24.10.2001","338,86","338,86","338,86","338,86","","0,47%"
"23.10.2001","337,28","337,28","337,28","337,28","","-0,09%"
"22.10.2001","337,57","337,57","337,57","337,57","","0,88%"
"19.10.2001","334,62","334,62","334,62","334,62","","-0,23%"
"18.10.2001","335,39","335,39","335,39","335,39","","0,16%"
"17.10.2001","334,84","334,84","334,84","334,84","","1,02%"
"16.10.2001","331,44","331,44","331,44","331,44","","0,52%"
"15.10.2001","329,73","329,73","329,73","329,73","","0,84%"
"12.10.2001","326,99","326,99","326,99","326,99","","-1,09%"
"11.10.2001","330,60","330,60","330,60","330,60","","0,19%"
"10.10.2001","329,96","329,96","329,96","329,96","","0,62%"
"09.10.2001","327,92","327,92","327,92","327,92","","-0,12%"
"08.10.2001","328,30","328,30","328,30","328,30","","-0,28%"
"05.10.2001","329,22","329,22","329,22","329,22","","-0,13%"
"04.10.2001","329,66","329,66","329,66","329,66","","-0,11%"
"03.10.2001","330,03","330,03","330,03","330,03","","0,71%"
"02.10.2001","327,69","327,69","327,69","327,69","","0,47%"
"01.10.2001","326,16","326,16","326,16","326,16","","-0,07%"
"28.09.2001","326,39","326,39","326,39","326,39","","1,17%"
"27.09.2001","322,60","322,60","322,60","322,60","","1,36%"
"26.09.2001","318,27","318,27","318,27","318,27","","1,13%"
"25.09.2001","314,70","314,70","314,70","314,70","","-0,66%"
"24.09.2001","316,79","316,79","316,79","316,79","","-0,10%"
"21.09.2001","317,11","317,11","317,11","317,11","","2,03%"
"20.09.2001","310,81","310,81","310,81","310,81","","-1,24%"
"19.09.2001","314,70","314,70","314,70","314,70","","0,22%"
"18.09.2001","314,02","314,02","314,02","314,02","","-2,43%"
"17.09.2001","321,83","321,83","321,83","321,83","","-1,10%"
"14.09.2001","325,39","325,39","325,39","325,39","","-0,35%"
"13.09.2001","326,55","326,55","326,55","326,55","","0,10%"
"12.09.2001","326,21","326,21","326,21","326,21","","0,81%"
"11.09.2001","323,59","323,59","323,59","323,59","","-1,75%"
"10.09.2001","329,35","329,35","329,35","329,35","","0,31%"
"07.09.2001","328,33","328,33","328,33","328,33","","-0,86%"
"06.09.2001","331,17","331,17","331,17","331,17","","-0,10%"
"05.09.2001","331,51","331,51","331,51","331,51","","0,53%"
"04.09.2001","329,75","329,75","329,75","329,75","","0,24%"
"03.09.2001","328,98","328,98","328,98","328,98","","0,60%"
"31.08.2001","327,02","327,02","327,02","327,02","","0,56%"
"30.08.2001","325,21","325,21","325,21","325,21","","-0,94%"
"29.08.2001","328,28","328,28","328,28","328,28","","1,08%"
"28.08.2001","324,77","324,77","324,77","324,77","","0,77%"
"27.08.2001","322,30","322,30","322,30","322,30","","0,08%"
"24.08.2001","322,05","322,05","322,05","322,05","","-0,50%"
"23.08.2001","323,66","323,66","323,66","323,66","","0,41%"
"22.08.2001","322,35","322,35","322,35","322,35","","0,48%"
"21.08.2001","320,81","320,81","320,81","320,81","","-0,19%"
"20.08.2001","321,41","321,41","321,41","321,41","","-0,09%"
"17.08.2001","321,69","321,69","321,69","321,69","","0,21%"
"16.08.2001","321,00","321,00","321,00","321,00","","0,68%"
"15.08.2001","318,84","318,84","318,84","318,84","","-1,09%"
"14.08.2001","322,37","322,37","322,37","322,37","","-0,76%"
"13.08.2001","324,83","324,83","324,83","324,83","","-0,38%"
"10.08.2001","326,07","326,07","326,07","326,07","","0,24%"
"09.08.2001","325,29","325,29","325,29","325,29","","-1,53%"
"08.08.2001","330,34","330,34","330,34","330,34","","0,77%"
"07.08.2001","327,83","327,83","327,83","327,83","","0,47%"
"06.08.2001","326,29","326,29","326,29","326,29","","0,18%"
"03.08.2001","325,69","325,69","325,69","325,69","","-0,23%"
"02.08.2001","326,45","326,45","326,45","326,45","","-0,88%"
"01.08.2001","329,33","329,33","329,33","329,33","","-0,82%"
"31.07.2001","332,06","332,06","332,06","332,06","","0,01%"
"30.07.2001","332,03","332,03","332,03","332,03","","0,70%"
"27.07.2001","329,72","329,72","329,72","329,72","","0,79%"
"26.07.2001","327,14","327,14","327,14","327,14","","0,17%"
"25.07.2001","326,59","326,59","326,59","326,59","","-1,66%"
"24.07.2001","332,09","332,09","332,09","332,09","","-0,39%"
"23.07.2001","333,38","333,38","333,38","333,38","","0,48%"
"20.07.2001","331,79","331,79","331,79","331,79","","-0,22%"
"19.07.2001","332,52","332,52","332,52","332,52","","0,19%"
"18.07.2001","331,89","331,89","331,89","331,89","","-0,69%"
"17.07.2001","334,18","334,18","334,18","334,18","","-0,69%"
"16.07.2001","336,52","336,52","336,52","336,52","","0,89%"
"13.07.2001","333,55","333,55","333,55","333,55","","0,14%"
"12.07.2001","333,07","333,07","333,07","333,07","","1,35%"
"11.07.2001","328,64","328,64","328,64","328,64","","-0,86%"
"10.07.2001","331,48","331,48","331,48","331,48","","-0,01%"
"09.07.2001","331,50","331,50","331,50","331,50","","0,15%"
"06.07.2001","331,02","331,02","331,02","331,02","","-0,84%"
"05.07.2001","333,82","333,82","333,82","333,82","","0,65%"
"04.07.2001","331,66","331,66","331,66","331,66","","0,24%"
"03.07.2001","330,87","330,87","330,87","330,87","","-0,54%"
"02.07.2001","332,68","332,68","332,68","332,68","","0,96%"
"29.06.2001","329,50","329,50","329,50","329,50","","-1,54%"
"28.06.2001","334,66","334,66","334,66","334,66","","0,81%"
"27.06.2001","331,97","331,97","331,97","331,97","","1,03%"
"26.06.2001","328,58","328,58","328,58","328,58","","-1,23%"
"25.06.2001","332,67","332,67","332,67","332,67","","-0,48%"
"22.06.2001","334,26","334,26","334,26","334,26","","0,58%"
"21.06.2001","332,32","332,32","332,32","332,32","","0,47%"
"20.06.2001","330,77","330,77","330,77","330,77","","0,27%"
"19.06.2001","329,88","329,88","329,88","329,88","","0,90%"
"18.06.2001","326,92","326,92","326,92","326,92","","-0,15%"
"15.06.2001","327,42","327,42","327,42","327,42","","-0,45%"
"14.06.2001","328,89","328,89","328,89","328,89","","-0,52%"
"13.06.2001","330,60","330,60","330,60","330,60","","-0,34%"
"12.06.2001","331,71","331,71","331,71","331,71","","-0,54%"
"11.06.2001","333,50","333,50","333,50","333,50","","1,47%"
"08.06.2001","328,66","328,66","328,66","328,66","","-0,19%"
"07.06.2001","329,28","329,28","329,28","329,28","","-1,19%"
"06.06.2001","333,25","333,25","333,25","333,25","","0,74%"
"05.06.2001","330,80","330,80","330,80","330,80","","-0,46%"
"04.06.2001","332,33","332,33","332,33","332,33","","0,45%"
"01.06.2001","330,83","330,83","330,83","330,83","","0,71%"
"31.05.2001","328,50","328,50","328,50","328,50","","2,50%"
"30.05.2001","320,50","320,50","320,50","320,50","","-0,00%"
"29.05.2001","320,51","320,51","320,51","320,51","","0,52%"
"28.05.2001","318,85","318,85","318,85","318,85","","0,11%"
"25.05.2001","318,50","318,50","318,50","318,50","","-0,28%"
"24.05.2001","319,39","319,39","319,39","319,39","","-1,05%"
"23.05.2001","322,78","322,78","322,78","322,78","","0,71%"
"22.05.2001","320,49","320,49","320,49","320,49","","1,03%"
"21.05.2001","317,24","317,24","317,24","317,24","","0,74%"
"18.05.2001","314,90","314,90","314,90","314,90","","0,61%"
"17.05.2001","312,99","312,99","312,99","312,99","","1,07%"
"16.05.2001","309,69","309,69","309,69","309,69","","0,00%"
"15.05.2001","309,67","309,67","309,67","309,67","","-1,13%"
"14.05.2001","313,23","313,23","313,23","313,23","","0,70%"
"11.05.2001","311,06","311,06","311,06","311,06","","-1,23%"
"10.05.2001","314,92","314,92","314,92","314,92","","-0,65%"
"09.05.2001","316,99","316,99","316,99","316,99","","0,61%"
"08.05.2001","315,07","315,07","315,07","315,07","","0,02%"
"07.05.2001","315,00","315,00","315,00","315,00","","-0,12%"
"04.05.2001","315,39","315,39","315,39","315,39","","-0,50%"
"03.05.2001","316,97","316,97","316,97","316,97","","1,53%"
"02.05.2001","312,19","312,19","312,19","312,19","","0,48%"
"01.05.2001","310,70","310,70","310,70","310,70","","-0,07%"
"30.04.2001","310,91","310,91","310,91","310,91","","0,83%"
"27.04.2001","308,35","308,35","308,35","308,35","","-0,06%"
"26.04.2001","308,53","308,53","308,53","308,53","","0,37%"
"25.04.2001","307,38","307,38","307,38","307,38","","-0,72%"
"24.04.2001","309,60","309,60","309,60","309,60","","-0,05%"
"23.04.2001","309,75","309,75","309,75","309,75","","1,49%"
"20.04.2001","305,20","305,20","305,20","305,20","","-0,53%"
"19.04.2001","306,84","306,84","306,84","306,84","","-3,50%"
"18.04.2001","317,98","317,98","317,98","317,98","","0,20%"
"17.04.2001","317,35","317,35","317,35","317,35","","1,32%"
"16.04.2001","313,23","313,23","313,23","313,23","","-1,41%"
"13.04.2001","317,72","317,72","317,72","317,72","","0,54%"
"12.04.2001","316,01","316,01","316,01","316,01","","-0,54%"
"11.04.2001","317,73","317,73","317,73","317,73","","0,41%"
"10.04.2001","316,42","316,42","316,42","316,42","","-0,95%"
"09.04.2001","319,46","319,46","319,46","319,46","","0,24%"
"06.04.2001","318,69","318,69","318,69","318,69","","0,26%"
"05.04.2001","317,86","317,86","317,86","317,86","","0,00%"
"04.04.2001","317,85","317,85","317,85","317,85","","-0,45%"
"03.04.2001","319,29","319,29","319,29","319,29","","-2,12%"
"02.04.2001","326,21","326,21","326,21","326,21","","-0,48%"
"30.03.2001","327,78","327,78","327,78","327,78","","0,98%"
"29.03.2001","324,62","324,62","324,62","324,62","","0,18%"
"28.03.2001","324,04","324,04","324,04","324,04","","0,45%"
"27.03.2001","322,58","322,58","322,58","322,58","","-0,97%"
"26.03.2001","325,75","325,75","325,75","325,75","","-1,48%"
"23.03.2001","330,65","330,65","330,65","330,65","","-0,97%"
"22.03.2001","333,89","333,89","333,89","333,89","","1,47%"
"21.03.2001","329,05","329,05","329,05","329,05","","1,48%"
"20.03.2001","324,26","324,26","324,26","324,26","","-0,88%"
"19.03.2001","327,14","327,14","327,14","327,14","","-0,60%"
"16.03.2001","329,10","329,10","329,10","329,10","","0,49%"
"15.03.2001","327,48","327,48","327,48","327,48","","1,27%"
"14.03.2001","323,39","323,39","323,39","323,39","","1,31%"
"13.03.2001","319,22","319,22","319,22","319,22","","1,15%"
"12.03.2001","315,59","315,59","315,59","315,59","","0,55%"
"09.03.2001","313,88","313,88","313,88","313,88","","-0,35%"
"08.03.2001","314,98","314,98","314,98","314,98","","0,02%"
"07.03.2001","314,91","314,91","314,91","314,91","","1,52%"
"06.03.2001","310,18","310,18","310,18","310,18","","-0,81%"
"05.03.2001","312,72","312,72","312,72","312,72","","0,61%"
"02.03.2001","310,83","310,83","310,83","310,83","","-1,68%"
"01.03.2001","316,14","316,14","316,14","316,14","","0,16%"
"28.02.2001","315,64","315,64","315,64","315,64","","-0,61%"
"27.02.2001","317,56","317,56","317,56","317,56","","0,78%"
"26.02.2001","315,12","315,12","315,12","315,12","","1,18%"
"23.02.2001","311,46","311,46","311,46","311,46","","-0,51%"
"22.02.2001","313,05","313,05","313,05","313,05","","0,03%"
"21.02.2001","312,94","312,94","312,94","312,94","","-0,24%"
"20.02.2001","313,71","313,71","313,71","313,71","","1,10%"
"19.02.2001","310,30","310,30","310,30","310,30","","-0,95%"
"16.02.2001","313,28","313,28","313,28","313,28","","-0,34%"
"15.02.2001","314,36","314,36","314,36","314,36","","0,65%"
"14.02.2001","312,33","312,33","312,33","312,33","","0,09%"
"13.02.2001","312,04","312,04","312,04","312,04","","1,03%"
"12.02.2001","308,86","308,86","308,86","308,86","","-1,37%"
"09.02.2001","313,15","313,15","313,15","313,15","","0,17%"
"08.02.2001","312,62","312,62","312,62","312,62","","0,78%"
"07.02.2001","310,20","310,20","310,20","310,20","","0,22%"
"06.02.2001","309,53","309,53","309,53","309,53","","0,37%"
"05.02.2001","308,41","308,41","308,41","308,41","","0,14%"
"02.02.2001","307,99","307,99","307,99","307,99","","-0,54%"
"01.02.2001","309,67","309,67","309,67","309,67","","1,08%"
"31.01.2001","306,36","306,36","306,36","306,36","","-0,38%"
"30.01.2001","307,52","307,52","307,52","307,52","","0,25%"
"29.01.2001","306,77","306,77","306,77","306,77","","0,22%"
"26.01.2001","306,11","306,11","306,11","306,11","","-0,17%"
"25.01.2001","306,62","306,62","306,62","306,62","","0,35%"
"24.01.2001","305,54","305,54","305,54","305,54","","1,53%"
"23.01.2001","300,94","300,94","300,94","300,94","","-0,31%"
"22.01.2001","301,89","301,89","301,89","301,89","","-1,43%"
"19.01.2001","306,26","306,26","306,26","306,26","","-0,05%"
"18.01.2001","306,41","306,41","306,41","306,41","","-0,22%"
"17.01.2001","307,10","307,10","307,10","307,10","","1,85%"
"16.01.2001","301,53","301,53","301,53","301,53","","0,48%"
"15.01.2001","300,08","300,08","300,08","300,08","","1,01%"
"12.01.2001","297,07","297,07","297,07","297,07","","-0,91%"
"11.01.2001","299,80","299,80","299,80","299,80","","-2,57%"
"10.01.2001","307,70","307,70","307,70","307,70","","0,16%"
"09.01.2001","307,22","307,22","307,22","307,22","","0,13%"
"08.01.2001","306,82","306,82","306,82","306,82","","0,99%"
"05.01.2001","303,79","303,79","303,79","303,79","","-0,57%"
"04.01.2001","305,54","305,54","305,54","305,54","","-1,57%"
"03.01.2001","310,42","310,42","310,42","310,42","","0,51%"
"02.01.2001","308,85","308,85","308,85","308,85","","1,18%"
"01.01.2001","305,25","305,25","305,25","305,25","","-0,57%"
"29.12.2000","306,99","306,99","306,99","306,99","","-1,45%"
"28.12.2000","311,51","311,51","311,51","311,51","","0,23%"
"27.12.2000","310,79","310,79","310,79","310,79","","-0,47%"
"26.12.2000","312,25","312,25","312,25","312,25","","-0,84%"
"25.12.2000","314,91","314,91","314,91","314,91","","-0,11%"
"22.12.2000","315,24","315,24","315,24","315,24","","-0,57%"
"21.12.2000","317,05","317,05","317,05","317,05","","-0,51%"
"20.12.2000","318,68","318,68","318,68","318,68","","-1,04%"
"19.12.2000","322,04","322,04","322,04","322,04","","-0,47%"
"18.12.2000","323,57","323,57","323,57","323,57","","-0,01%"
"15.12.2000","323,59","323,59","323,59","323,59","","-0,17%"
"14.12.2000","324,15","324,15","324,15","324,15","","-1,08%"
"13.12.2000","327,69","327,69","327,69","327,69","","1,00%"
"12.12.2000","324,44","324,44","324,44","324,44","","-0,18%"
"11.12.2000","325,04","325,04","325,04","325,04","","1,18%"
"08.12.2000","321,25","321,25","321,25","321,25","","-0,10%"
"07.12.2000","321,57","321,57","321,57","321,57","","0,50%"
"06.12.2000","319,96","319,96","319,96","319,96","","-0,31%"
"05.12.2000","320,96","320,96","320,96","320,96","","2,04%"
"04.12.2000","314,53","314,53","314,53","314,53","","-1,43%"
"01.12.2000","319,10","319,10","319,10","319,10","","-1,40%"
"30.11.2000","323,62","323,62","323,62","323,62","","-0,78%"
"29.11.2000","326,15","326,15","326,15","326,15","","0,18%"
"28.11.2000","325,55","325,55","325,55","325,55","","-0,19%"
"27.11.2000","326,16","326,16","326,16","326,16","","-1,93%"
"24.11.2000","332,57","332,57","332,57","332,57","","-0,30%"
"23.11.2000","333,58","333,58","333,58","333,58","","0,73%"
"22.11.2000","331,15","331,15","331,15","331,15","","1,12%"
"21.11.2000","327,48","327,48","327,48","327,48","","1,24%"
"20.11.2000","323,48","323,48","323,48","323,48","","-0,00%"
"17.11.2000","323,48","323,48","323,48","323,48","","-0,05%"
"16.11.2000","323,66","323,66","323,66","323,66","","0,98%"
"15.11.2000","320,51","320,51","320,51","320,51","","0,71%"
"14.11.2000","318,25","318,25","318,25","318,25","","0,54%"
"13.11.2000","316,55","316,55","316,55","316,55","","0,62%"
"10.11.2000","314,59","314,59","314,59","314,59","","0,40%"
"09.11.2000","313,33","313,33","313,33","313,33","","-0,76%"
"08.11.2000","315,72","315,72","315,72","315,72","","0,70%"
"07.11.2000","313,52","313,52","313,52","313,52","","0,09%"
"06.11.2000","313,24","313,24","313,24","313,24","","0,23%"
"03.11.2000","312,53","312,53","312,53","312,53","","-1,79%"
"02.11.2000","318,24","318,24","318,24","318,24","","0,15%"
"01.11.2000","317,75","317,75","317,75","317,75","","-1,32%"
"31.10.2000","322,00","322,00","322,00","322,00","","-1,54%"
"30.10.2000","327,05","327,05","327,05","327,05","","-0,15%"
"27.10.2000","327,53","327,53","327,53","327,53","","-1,23%"
"26.10.2000","331,61","331,61","331,61","331,61","","-0,08%"
"25.10.2000","331,86","331,86","331,86","331,86","","0,51%"
"24.10.2000","330,17","330,17","330,17","330,17","","-0,40%"
"23.10.2000","331,49","331,49","331,49","331,49","","1,45%"
"20.10.2000","326,76","326,76","326,76","326,76","","0,50%"
"19.10.2000","325,13","325,13","325,13","325,13","","-0,24%"
"18.10.2000","325,91","325,91","325,91","325,91","","1,68%"
"17.10.2000","320,52","320,52","320,52","320,52","","0,30%"
"16.10.2000","319,57","319,57","319,57","319,57","","0,54%"
"13.10.2000","317,85","317,85","317,85","317,85","","0,92%"
"12.10.2000","314,96","314,96","314,96","314,96","","0,67%"
"11.10.2000","312,86","312,86","312,86","312,86","","0,70%"
"10.10.2000","310,69","310,69","310,69","310,69","","-0,16%"
"09.10.2000","311,19","311,19","311,19","311,19","","0,04%"
"06.10.2000","311,06","311,06","311,06","311,06","","0,79%"
"05.10.2000","308,61","308,61","308,61","308,61","","1,36%"
"04.10.2000","304,47","304,47","304,47","304,47","","0,02%"
"03.10.2000","304,41","304,41","304,41","304,41","","0,02%"
"02.10.2000","304,36","304,36","304,36","304,36","","0,13%"
"29.09.2000","303,95","303,95","303,95","303,95","","-0,40%"
"28.09.2000","305,16","305,16","305,16","305,16","","0,63%"
"27.09.2000","303,25","303,25","303,25","303,25","","-0,62%"
"26.09.2000","305,14","305,14","305,14","305,14","","-0,39%"
"25.09.2000","306,34","306,34","306,34","306,34","","0,40%"
"22.09.2000","305,10","305,10","305,10","305,10","","-1,34%"
"21.09.2000","309,24","309,24","309,24","309,24","","-1,02%"
"20.09.2000","312,41","312,41","312,41","312,41","","-0,34%"
"19.09.2000","313,47","313,47","313,47","313,47","","0,79%"
"18.09.2000","311,02","311,02","311,02","311,02","","-0,70%"
"15.09.2000","313,20","313,20","313,20","313,20","","0,08%"
"14.09.2000","312,95","312,95","312,95","312,95","","-1,60%"
"13.09.2000","318,05","318,05","318,05","318,05","","0,77%"
"12.09.2000","315,63","315,63","315,63","315,63","","-1,00%"
"11.09.2000","318,84","318,84","318,84","318,84","","0,56%"
"08.09.2000","317,07","317,07","317,07","317,07","","1,00%"
"07.09.2000","313,91","313,91","313,91","313,91","","-0,38%"
"06.09.2000","315,11","315,11","315,11","315,11","","1,74%"
"05.09.2000","309,73","309,73","309,73","309,73","","0,91%"
"04.09.2000","306,95","306,95","306,95","306,95","","0,24%"
"01.09.2000","306,23","306,23","306,23","306,23","","-1,02%"
"31.08.2000","309,40","309,40","309,40","309,40","","1,55%"
"30.08.2000","304,67","304,67","304,67","304,67","","-0,08%"
"29.08.2000","304,91","304,91","304,91","304,91","","0,43%"
"28.08.2000","303,59","303,59","303,59","303,59","","-0,42%"
"25.08.2000","304,88","304,88","304,88","304,88","","-0,07%"
"24.08.2000","305,10","305,10","305,10","305,10","","0,16%"
"23.08.2000","304,63","304,63","304,63","304,63","","-0,03%"
"22.08.2000","304,73","304,73","304,73","304,73","","0,54%"
"21.08.2000","303,10","303,10","303,10","303,10","","0,29%"
"18.08.2000","302,24","302,24","302,24","302,24","","1,46%"
"17.08.2000","297,90","297,90","297,90","297,90","","0,23%"
"16.08.2000","297,22","297,22","297,22","297,22","","-0,58%"
"15.08.2000","298,94","298,94","298,94","298,94","","-0,98%"
"14.08.2000","301,89","301,89","301,89","301,89","","-0,15%"
"11.08.2000","302,34","302,34","302,34","302,34","","0,18%"
"10.08.2000","301,80","301,80","301,80","301,80","","-0,03%"
"09.08.2000","301,88","301,88","301,88","301,88","","0,18%"
"08.08.2000","301,34","301,34","301,34","301,34","","0,91%"
"07.08.2000","298,63","298,63","298,63","298,63","","-0,48%"
"04.08.2000","300,07","300,07","300,07","300,07","","0,23%"
"03.08.2000","299,37","299,37","299,37","299,37","","1,07%"
"02.08.2000","296,20","296,20","296,20","296,20","","-0,20%"
"01.08.2000","296,80","296,80","296,80","296,80","","1,97%"
"31.07.2000","291,06","291,06","291,06","291,06","","-0,41%"
"28.07.2000","292,26","292,26","292,26","292,26","","0,91%"
"27.07.2000","289,64","289,64","289,64","289,64","","1,83%"
"26.07.2000","284,44","284,44","284,44","284,44","","-0,62%"
"25.07.2000","286,22","286,22","286,22","286,22","","-0,40%"
"24.07.2000","287,37","287,37","287,37","287,37","","0,02%"
"21.07.2000","287,31","287,31","287,31","287,31","","-0,12%"
"20.07.2000","287,65","287,65","287,65","287,65","","0,59%"
"19.07.2000","285,98","285,98","285,98","285,98","","-0,03%"
"18.07.2000","286,07","286,07","286,07","286,07","","1,42%"
"17.07.2000","282,07","282,07","282,07","282,07","","-0,39%"
"14.07.2000","283,18","283,18","283,18","283,18","","-0,92%"
"13.07.2000","285,80","285,80","285,80","285,80","","1,57%"
"12.07.2000","281,38","281,38","281,38","281,38","","1,09%"
"11.07.2000","278,36","278,36","278,36","278,36","","0,26%"
"10.07.2000","277,63","277,63","277,63","277,63","","-0,91%"
"07.07.2000","280,18","280,18","280,18","280,18","","0,82%"
"06.07.2000","277,90","277,90","277,90","277,90","","-0,29%"
"05.07.2000","278,71","278,71","278,71","278,71","","-0,13%"
"04.07.2000","279,06","279,06","279,06","279,06","","-0,04%"
"03.07.2000","279,16","279,16","279,16","279,16","","0,56%"
"30.06.2000","277,60","277,60","277,60","277,60","","-0,19%"
"29.06.2000","278,13","278,13","278,13","278,13","","0,10%"
"28.06.2000","277,87","277,87","277,87","277,87","","0,13%"
"27.06.2000","277,50","277,50","277,50","277,50","","-0,37%"
"26.06.2000","278,52","278,52","278,52","278,52","","0,59%"
"23.06.2000","276,87","276,87","276,87","276,87","","-0,70%"
"22.06.2000","278,82","278,82","278,82","278,82","","0,71%"
"21.06.2000","276,85","276,85","276,85","276,85","","0,25%"
"20.06.2000","276,16","276,16","276,16","276,16","","0,12%"
"19.06.2000","275,83","275,83","275,83","275,83","","0,67%"
"16.06.2000","274,01","274,01","274,01","274,01","","-0,44%"
"15.06.2000","275,23","275,23","275,23","275,23","","0,26%"
"14.06.2000","274,50","274,50","274,50","274,50","","0,54%"
"13.06.2000","273,03","273,03","273,03","273,03","","-1,47%"
"12.06.2000","277,11","277,11","277,11","277,11","","0,14%"
"09.06.2000","276,73","276,73","276,73","276,73","","0,21%"
"08.06.2000","276,15","276,15","276,15","276,15","","0,78%"
"07.06.2000","274,01","274,01","274,01","274,01","","-0,41%"
"06.06.2000","275,13","275,13","275,13","275,13","","-0,73%"
"05.06.2000","277,17","277,17","277,17","277,17","","0,26%"
"02.06.2000","276,46","276,46","276,46","276,46","","-1,33%"
"01.06.2000","280,19","280,19","280,19","280,19","","1,65%"
"31.05.2000","275,65","275,65","275,65","275,65","","0,14%"
"30.05.2000","275,26","275,26","275,26","275,26","","-0,83%"
"29.05.2000","277,57","277,57","277,57","277,57","","0,51%"
"26.05.2000","276,15","276,15","276,15","276,15","","-1,31%"
"25.05.2000","279,82","279,82","279,82","279,82","","0,14%"
"24.05.2000","279,44","279,44","279,44","279,44","","0,32%"
"23.05.2000","278,54","278,54","278,54","278,54","","-0,50%"
"22.05.2000","279,95","279,95","279,95","279,95","","0,09%"
"19.05.2000","279,70","279,70","279,70","279,70","","-0,05%"
"18.05.2000","279,83","279,83","279,83","279,83","","-0,80%"
"17.05.2000","282,09","282,09","282,09","282,09","","-0,22%"
"16.05.2000","282,70","282,70","282,70","282,70","","1,96%"
"15.05.2000","277,27","277,27","277,27","277,27","","1,42%"
"12.05.2000","273,38","273,38","273,38","273,38","","-2,60%"
"11.05.2000","280,68","280,68","280,68","280,68","","0,84%"
"10.05.2000","278,36","278,36","278,36","278,36","","0,62%"
"09.05.2000","276,64","276,64","276,64","276,64","","-0,52%"
"08.05.2000","278,08","278,08","278,08","278,08","","-0,80%"
"05.05.2000","280,33","280,33","280,33","280,33","","-0,71%"
"04.05.2000","282,33","282,33","282,33","282,33","","-0,42%"
"03.05.2000","283,53","283,53","283,53","283,53","","0,40%"
"02.05.2000","282,39","282,39","282,39","282,39","","0,04%"
"01.05.2000","282,26","282,26","282,26","282,26","","-0,56%"
"28.04.2000","283,86","283,86","283,86","283,86","","0,18%"
"27.04.2000","283,36","283,36","283,36","283,36","","0,80%"
"26.04.2000","281,10","281,10","281,10","281,10","","-0,35%"
"25.04.2000","282,07","282,07","282,07","282,07","","0,98%"
"24.04.2000","279,35","279,35","279,35","279,35","","-0,55%"
"21.04.2000","280,90","280,90","280,90","280,90","","0,01%"
"20.04.2000","280,88","280,88","280,88","280,88","","0,52%"
"19.04.2000","279,42","279,42","279,42","279,42","","1,59%"
"18.04.2000","275,06","275,06","275,06","275,06","","0,73%"
"17.04.2000","273,05","273,05","273,05","273,05","","-0,70%"
"14.04.2000","274,99","274,99","274,99","274,99","","-0,75%"
"13.04.2000","277,07","277,07","277,07","277,07","","1,23%"
"12.04.2000","273,70","273,70","273,70","273,70","","-0,95%"
"11.04.2000","276,34","276,34","276,34","276,34","","-0,75%"
"10.04.2000","278,44","278,44","278,44","278,44","","-0,50%"
"07.04.2000","279,85","279,85","279,85","279,85","","1,51%"
"06.04.2000","275,68","275,68","275,68","275,68","","0,59%"
"05.04.2000","274,06","274,06","274,06","274,06","","-0,89%"
"04.04.2000","276,53","276,53","276,53","276,53","","0,60%"
"03.04.2000","274,88","274,88","274,88","274,88","","0,26%"
"31.03.2000","274,17","274,17","274,17","274,17","","1,17%"
"30.03.2000","271,00","271,00","271,00","271,00","","0,37%"
"29.03.2000","270,00","270,00","270,00","270,00","","1,04%"
"28.03.2000","267,22","267,22","267,22","267,22","","0,66%"
"27.03.2000","265,46","265,46","265,46","265,46","","1,18%"
"24.03.2000","262,36","262,36","262,36","262,36","","-1,60%"
"23.03.2000","266,62","266,62","266,62","266,62","","-0,32%"
"22.03.2000","267,47","267,47","267,47","267,47","","0,29%"
"21.03.2000","266,71","266,71","266,71","266,71","","1,23%"
"20.03.2000","263,46","263,46","263,46","263,46","","0,09%"
"17.03.2000","263,23","263,23","263,23","263,23","","0,60%"
"16.03.2000","261,65","261,65","261,65","261,65","","-0,11%"
"15.03.2000","261,93","261,93","261,93","261,93","","0,58%"
"14.03.2000","260,42","260,42","260,42","260,42","","0,47%"
"13.03.2000","259,21","259,21","259,21","259,21","","0,05%"
"10.03.2000","259,08","259,08","259,08","259,08","","0,07%"
"09.03.2000","258,89","258,89","258,89","258,89","","-0,45%"
"08.03.2000","260,07","260,07","260,07","260,07","","-0,23%"
"07.03.2000","260,67","260,67","260,67","260,67","","-0,02%"
"06.03.2000","260,73","260,73","260,73","260,73","","-0,39%"
"03.03.2000","261,74","261,74","261,74","261,74","","0,88%"
"02.03.2000","259,45","259,45","259,45","259,45","","1,03%"
"01.03.2000","256,79","256,79","256,79","256,79","","-1,01%"
"29.02.2000","259,40","259,40","259,40","259,40","","1,43%"
"28.02.2000","255,75","255,75","255,75","255,75","","-0,17%"
"25.02.2000","256,19","256,19","256,19","256,19","","1,42%"
"24.02.2000","252,59","252,59","252,59","252,59","","1,27%"
"23.02.2000","249,43","249,43","249,43","249,43","","-0,73%"
"22.02.2000","251,28","251,28","251,28","251,28","","-0,54%"
"21.02.2000","252,64","252,64","252,64","252,64","","-0,08%"
"18.02.2000","252,85","252,85","252,85","252,85","","1,04%"
"17.02.2000","250,25","250,25","250,25","250,25","","0,52%"
"16.02.2000","248,96","248,96","248,96","248,96","","-0,69%"
"15.02.2000","250,69","250,69","250,69","250,69","","-0,70%"
"14.02.2000","252,47","252,47","252,47","252,47","","1,84%"
"11.02.2000","247,91","247,91","247,91","247,91","","0,32%"
"10.02.2000","247,13","247,13","247,13","247,13","","-0,81%"
"09.02.2000","249,15","249,15","249,15","249,15","","-1,93%"
"08.02.2000","254,05","254,05","254,05","254,05","","1,08%"
"07.02.2000","251,33","251,33","251,33","251,33","","-1,28%"
"04.02.2000","254,60","254,60","254,60","254,60","","0,10%"
"03.02.2000","254,33","254,33","254,33","254,33","","0,68%"
"02.02.2000","252,62","252,62","252,62","252,62","","1,12%"
"01.02.2000","249,82","249,82","249,82","249,82","","0,51%"
"31.01.2000","248,54","248,54","248,54","248,54","","0,01%"
"28.01.2000","248,52","248,52","248,52","248,52","","2,46%"
"27.01.2000","242,56","242,56","242,56","242,56","","2,22%"
"26.01.2000","237,29","237,29","237,29","237,29","","0,51%"
"25.01.2000","236,09","236,09","236,09","236,09","","0,87%"
"24.01.2000","234,05","234,05","234,05","234,05","","0,97%"
"21.01.2000","231,81","231,81","231,81","231,81","","1,17%"
"20.01.2000","229,12","229,12","229,12","229,12","","-0,67%"
"19.01.2000","230,66","230,66","230,66","230,66","","0,44%"
"18.01.2000","229,65","229,65","229,65","229,65","","-0,80%"
"17.01.2000","231,50","231,50","231,50","231,50","","0,12%"
"14.01.2000","231,23","231,23","231,23","231,23","","0,68%"
"13.01.2000","229,67","229,67","229,67","229,67","","1,47%"
"12.01.2000","226,35","226,35","226,35","226,35","","-0,13%"
"11.01.2000","226,65","226,65","226,65","226,65","","-1,88%"
"10.01.2000","230,98","230,98","230,98","230,98","","-0,28%"
"07.01.2000","231,62","231,62","231,62","231,62","","0,83%"
"06.01.2000","229,71","229,71","229,71","229,71","","0,65%"
"05.01.2000","228,22","228,22","228,22","228,22","","-1,23%"
"04.01.2000","231,06","231,06","231,06","231,06","","0,40%"
"03.01.2000","230,15","230,15","230,15","230,15","",""
