"Fecha,""Último"",""Apertura"",""Máximo"",""Mínimo"",""% var."""
"31.12.2025,""215,134"",""215,134"",""215,134"",""215,134"",""-0,01%"""
"30.12.2025,""215,146"",""215,146"",""215,146"",""215,146"",""-0,15%"""
"29.12.2025,""215,474"",""215,474"",""215,474"",""215,474"",""0,25%"""
"26.12.2025,""214,941"",""214,941"",""214,941"",""214,941"",""0,01%"""
"24.12.2025,""214,916"",""214,916"",""214,916"",""214,916"",""0,02%"""
"23.12.2025,""214,875"",""214,875"",""214,875"",""214,169"",""0,33%"""
"22.12.2025,""214,169"",""214,169"",""214,169"",""214,169"",""-0,09%"""
"19.12.2025,""214,363"",""214,363"",""214,363"",""214,363"",""-0,26%"""
"18.12.2025,""214,931"",""214,931"",""214,931"",""214,931"",""0,10%"""
"17.12.2025,""214,718"",""214,718"",""214,718"",""214,718"",""-0,09%"""
"16.12.2025,""214,919"",""214,919"",""214,919"",""214,919"",""0,04%"""
"15.12.2025,""214,832"",""214,832"",""214,832"",""214,832"",""0,16%"""
"12.12.2025,""214,484"",""214,484"",""214,772"",""214,484"",""-0,13%"""
"11.12.2025,""214,772"",""214,772"",""214,772"",""214,772"",""0,13%"""
"10.12.2025,""214,502"",""214,502"",""214,502"",""214,502"",""-0,05%"""
"09.12.2025,""214,599"",""214,599"",""214,599"",""214,599"",""0,16%"""
"08.12.2025,""214,266"",""214,266"",""214,266"",""214,266"",""-0,44%"""
"05.12.2025,""215,213"",""215,213"",""215,436"",""215,213"",""-0,10%"""
"04.12.2025,""215,436"",""215,436"",""215,436"",""215,436"",""-0,14%"""
"03.12.2025,""215,734"",""215,734"",""215,734"",""215,734"",""0,07%"""
"02.12.2025,""215,590"",""215,590"",""215,590"",""215,590"",""-0,04%"""
"01.12.2025,""215,672"",""215,672"",""215,672"",""215,672"",""-0,36%"""
"28.11.2025,""216,457"",""216,457"",""216,457"",""216,457"",""-0,03%"""
"27.11.2025,""216,525"",""216,525"",""216,525"",""216,525"",""-0,01%"""
"26.11.2025,""216,552"",""216,552"",""216,552"",""216,552"",""0,00%"""
"25.11.2025,""216,551"",""216,551"",""216,551"",""216,551"",""0,23%"""
"24.11.2025,""216,045"",""216,045"",""216,045"",""216,045"",""0,07%"""
"21.11.2025,""215,898"",""215,898"",""215,898"",""215,736"",""0,08%"""
"20.11.2025,""215,736"",""215,736"",""215,736"",""215,736"",""-0,07%"""
"19.11.2025,""215,882"",""215,882"",""215,882"",""215,882"",""-0,01%"""
"18.11.2025,""215,894"",""215,894"",""215,948"",""215,894"",""-0,03%"""
"17.11.2025,""215,948"",""215,948"",""215,948"",""215,948"",""0,03%"""
"14.11.2025,""215,884"",""215,884"",""215,884"",""215,884"",""-0,19%"""
"13.11.2025,""216,295"",""216,295"",""216,295"",""216,295"",""-0,25%"""
"12.11.2025,""216,847"",""216,847"",""216,847"",""216,847"",""0,13%"""
"11.11.2025,""216,564"",""216,564"",""216,564"",""216,374"",""0,09%"""
"10.11.2025,""216,374"",""216,374"",""216,374"",""216,374"",""0,11%"""
"07.11.2025,""216,133"",""216,133"",""216,318"",""216,133"",""-0,09%"""
"06.11.2025,""216,318"",""216,318"",""216,318"",""216,318"",""0,06%"""
"05.11.2025,""216,188"",""216,188"",""216,188"",""216,188"",""-0,14%"""
"04.11.2025,""216,493"",""216,493"",""216,493"",""216,359"",""0,06%"""
"03.11.2025,""216,359"",""216,359"",""216,359"",""216,359"",""-0,10%"""
"31.10.2025,""216,582"",""216,582"",""216,582"",""216,582"",""-0,02%"""
"30.10.2025,""216,621"",""216,621"",""216,621"",""216,621"",""-0,06%"""
"29.10.2025,""216,749"",""216,749"",""216,749"",""216,749"",""0,05%"""
"28.10.2025,""216,643"",""216,643"",""216,643"",""216,643"",""0,02%"""
"27.10.2025,""216,592"",""216,592"",""216,592"",""216,592"",""0,13%"""
"24.10.2025,""216,310"",""216,310"",""217,039"",""216,310"",""-0,34%"""
"23.10.2025,""217,039"",""217,039"",""217,279"",""217,039"",""-0,11%"""
"22.10.2025,""217,279"",""217,279"",""217,370"",""217,279"",""-0,04%"""
"21.10.2025,""217,370"",""217,370"",""217,370"",""217,008"",""0,17%"""
"20.10.2025,""217,008"",""217,008"",""217,008"",""217,008"",""0,02%"""
"17.10.2025,""216,975"",""216,975"",""217,130"",""216,975"",""-0,07%"""
"16.10.2025,""217,130"",""217,130"",""217,130"",""217,130"",""-0,06%"""
"15.10.2025,""217,255"",""217,255"",""217,255"",""216,496"",""0,35%"""
"14.10.2025,""216,496"",""216,496"",""216,496"",""216,496"",""0,26%"""
"13.10.2025,""215,942"",""215,942"",""215,942"",""215,942"",""0,06%"""
"10.10.2025,""215,822"",""215,822"",""215,822"",""214,988"",""0,39%"""
"09.10.2025,""214,988"",""214,988"",""214,988"",""214,988"",""-0,11%"""
"08.10.2025,""215,230"",""215,230"",""215,230"",""215,230"",""0,31%"""
"07.10.2025,""214,568"",""214,568"",""214,696"",""214,568"",""-0,06%"""
"06.10.2025,""214,696"",""214,696"",""214,696"",""214,696"",""-0,12%"""
"03.10.2025,""214,954"",""214,954"",""214,954"",""214,954"",""0,05%"""
"02.10.2025,""214,842"",""214,842"",""214,842"",""214,842"",""0,02%"""
"01.10.2025,""214,795"",""214,795"",""214,795"",""214,795"",""0,03%"""
"30.09.2025,""214,722"",""214,722"",""214,722"",""214,722"",""0,01%"""
"29.09.2025,""214,695"",""214,695"",""214,695"",""214,695"",""0,25%"""
"26.09.2025,""214,154"",""214,154"",""214,154"",""213,856"",""0,14%"""
"25.09.2025,""213,856"",""213,856"",""213,856"",""213,856"",""-0,10%"""
"24.09.2025,""214,065"",""214,065"",""214,065"",""214,065"",""-0,02%"""
"23.09.2025,""214,112"",""214,112"",""214,209"",""214,112"",""-0,05%"""
"22.09.2025,""214,209"",""214,209"",""214,209"",""214,209"",""0,03%"""
"19.09.2025,""214,155"",""214,155"",""214,513"",""214,155"",""-0,17%"""
"18.09.2025,""214,513"",""214,513"",""215,091"",""214,513"",""-0,27%"""
"17.09.2025,""215,091"",""215,091"",""215,091"",""214,794"",""0,14%"""
"16.09.2025,""214,794"",""214,794"",""214,799"",""214,794"",""-0,00%"""
"15.09.2025,""214,799"",""214,799"",""214,799"",""214,799"",""0,14%"""
"12.09.2025,""214,503"",""214,503"",""215,081"",""214,503"",""-0,27%"""
"11.09.2025,""215,081"",""215,081"",""215,081"",""215,081"",""0,05%"""
"10.09.2025,""214,967"",""214,967"",""214,967"",""214,967"",""0,06%"""
"09.09.2025,""214,847"",""214,847"",""214,847"",""214,847"",""-0,12%"""
"08.09.2025,""215,107"",""215,107"",""215,107"",""215,107"",""0,21%"""
"05.09.2025,""214,646"",""214,646"",""214,646"",""214,646"",""0,36%"""
"04.09.2025,""213,881"",""213,881"",""213,881"",""213,881"",""0,21%"""
"03.09.2025,""213,440"",""213,440"",""213,440"",""212,839"",""0,28%"""
"02.09.2025,""212,839"",""212,839"",""213,425"",""212,839"",""-0,27%"""
"01.09.2025,""213,425"",""213,425"",""213,425"",""213,425"",""-0,20%"""
"29.08.2025,""213,845"",""213,845"",""213,845"",""213,845"",""-0,14%"""
"28.08.2025,""214,140"",""214,140"",""214,140"",""214,140"",""0,07%"""
"27.08.2025,""213,983"",""213,983"",""213,983"",""213,983"",""0,07%"""
"26.08.2025,""213,835"",""213,835"",""213,835"",""213,835"",""0,14%"""
"25.08.2025,""213,533"",""213,533"",""213,533"",""213,533"",""-0,35%"""
"22.08.2025,""214,283"",""214,283"",""214,283"",""213,700"",""0,27%"""
"21.08.2025,""213,700"",""213,700"",""213,700"",""213,700"",""-0,30%"""
"20.08.2025,""214,340"",""214,340"",""214,340"",""214,340"",""0,18%"""
"19.08.2025,""213,948"",""213,948"",""213,948"",""213,948"",""0,13%"""
"18.08.2025,""213,665"",""213,665"",""213,665"",""213,665"",""0,03%"""
"15.08.2025,""213,608"",""213,608"",""213,608"",""213,608"",""-0,48%"""
"14.08.2025,""214,639"",""214,639"",""214,639"",""214,639"",""-0,20%"""
"13.08.2025,""215,072"",""215,072"",""215,072"",""215,072"",""0,48%"""
"12.08.2025,""214,046"",""214,046"",""214,046"",""214,046"",""-0,30%"""
"11.08.2025,""214,699"",""214,699"",""214,699"",""214,699"",""-0,06%"""
"08.08.2025,""214,830"",""214,830"",""214,830"",""214,830"",""-0,29%"""
"07.08.2025,""215,463"",""215,463"",""215,463"",""215,344"",""0,06%"""
"06.08.2025,""215,344"",""215,344"",""215,344"",""215,344"",""-0,11%"""
"05.08.2025,""215,575"",""215,575"",""215,575"",""215,575"",""0,06%"""
"04.08.2025,""215,443"",""215,443"",""215,443"",""215,443"",""0,34%"""
"01.08.2025,""214,712"",""214,712"",""214,712"",""214,712"",""0,03%"""
"31.07.2025,""214,654"",""214,654"",""214,654"",""214,654"",""0,12%"""
"30.07.2025,""214,398"",""214,398"",""214,807"",""214,398"",""-0,19%"""
"29.07.2025,""214,807"",""214,807"",""214,807"",""214,626"",""0,08%"""
"28.07.2025,""214,626"",""214,626"",""214,626"",""214,626"",""0,29%"""
"25.07.2025,""213,999"",""213,999"",""214,292"",""213,999"",""-0,14%"""
"24.07.2025,""214,292"",""214,292"",""215,592"",""214,292"",""-0,60%"""
"23.07.2025,""215,592"",""215,592"",""215,702"",""215,592"",""-0,05%"""
"22.07.2025,""215,702"",""215,702"",""215,702"",""215,378"",""0,15%"""
"21.07.2025,""215,378"",""215,378"",""215,378"",""215,378"",""0,63%"""
"18.07.2025,""214,034"",""214,034"",""214,396"",""214,034"",""-0,17%"""
"17.07.2025,""214,396"",""214,396"",""214,396"",""214,396"",""0,10%"""
"16.07.2025,""214,175"",""214,175"",""214,175"",""214,175"",""0,09%"""
"15.07.2025,""213,992"",""213,992"",""213,992"",""213,548"",""0,21%"""
"14.07.2025,""213,548"",""213,548"",""213,548"",""213,548"",""-0,04%"""
"11.07.2025,""213,639"",""213,639"",""213,952"",""213,639"",""-0,15%"""
"10.07.2025,""213,952"",""213,952"",""213,952"",""213,952"",""-0,22%"""
"09.07.2025,""214,429"",""214,429"",""214,429"",""214,429"",""0,06%"""
"08.07.2025,""214,305"",""214,305"",""214,856"",""214,305"",""-0,26%"""
"07.07.2025,""214,856"",""214,856"",""214,856"",""214,856"",""-0,26%"""
"04.07.2025,""215,426"",""215,426"",""215,426"",""215,426"",""0,08%"""
"03.07.2025,""215,260"",""215,260"",""215,260"",""214,705"",""0,26%"""
"02.07.2025,""214,705"",""214,705"",""215,457"",""214,705"",""-0,35%"""
"01.07.2025,""215,457"",""215,457"",""215,457"",""215,081"",""0,17%"""
"30.06.2025,""215,081"",""215,081"",""215,081"",""215,081"",""0,07%"""
"27.06.2025,""214,932"",""214,932"",""214,932"",""214,932"",""-0,14%"""
"26.06.2025,""215,236"",""215,236"",""215,236"",""215,115"",""0,06%"""
"25.06.2025,""215,115"",""215,115"",""215,517"",""215,115"",""-0,19%"""
"24.06.2025,""215,517"",""215,517"",""215,606"",""215,517"",""-0,04%"""
"23.06.2025,""215,606"",""215,606"",""215,606"",""215,606"",""0,06%"""
"20.06.2025,""215,476"",""215,476"",""215,476"",""215,231"",""0,11%"""
"19.06.2025,""215,231"",""215,231"",""215,231"",""215,231"",""-0,20%"""
"18.06.2025,""215,666"",""215,666"",""215,666"",""215,666"",""0,21%"""
"17.06.2025,""215,219"",""215,219"",""215,434"",""215,219"",""-0,10%"""
"16.06.2025,""215,434"",""215,434"",""215,434"",""215,434"",""0,13%"""
"13.06.2025,""215,161"",""215,161"",""216,064"",""215,161"",""-0,42%"""
"12.06.2025,""216,064"",""216,064"",""216,064"",""215,512"",""0,26%"""
"11.06.2025,""215,512"",""215,512"",""215,512"",""215,512"",""-0,05%"""
"10.06.2025,""215,609"",""215,609"",""215,609"",""215,609"",""0,32%"""
"09.06.2025,""214,930"",""214,930"",""214,930"",""214,930"",""-0,13%"""
"06.06.2025,""215,203"",""215,203"",""215,203"",""214,615"",""0,27%"""
"05.06.2025,""214,615"",""214,615"",""215,415"",""214,615"",""-0,37%"""
"04.06.2025,""215,415"",""215,415"",""215,674"",""215,415"",""-0,12%"""
"03.06.2025,""215,674"",""215,674"",""215,674"",""215,504"",""0,08%"""
"02.06.2025,""215,504"",""215,504"",""215,504"",""215,504"",""-0,02%"""
"30.05.2025,""215,547"",""215,547"",""215,547"",""215,547"",""0,01%"""
"29.05.2025,""215,524"",""215,524"",""215,524"",""214,987"",""0,25%"""
"28.05.2025,""214,987"",""214,987"",""215,068"",""214,987"",""-0,04%"""
"27.05.2025,""215,068"",""215,068"",""215,068"",""214,643"",""0,20%"""
"26.05.2025,""214,643"",""214,643"",""214,643"",""214,643"",""0,16%"""
"23.05.2025,""214,292"",""214,292"",""214,292"",""213,411"",""0,41%"""
"22.05.2025,""213,411"",""213,411"",""213,583"",""213,411"",""-0,08%"""
"21.05.2025,""213,583"",""213,583"",""213,583"",""213,583"",""-0,21%"""
"20.05.2025,""214,042"",""214,042"",""214,042"",""214,042"",""-0,20%"""
"19.05.2025,""214,469"",""214,469"",""214,469"",""214,469"",""0,08%"""
"16.05.2025,""214,308"",""214,308"",""214,308"",""214,308"",""0,31%"""
"15.05.2025,""213,653"",""213,653"",""213,653"",""213,653"",""0,36%"""
"14.05.2025,""212,881"",""212,881"",""212,881"",""212,881"",""-0,08%"""
"13.05.2025,""213,057"",""213,057"",""213,318"",""213,057"",""-0,12%"""
"12.05.2025,""213,318"",""213,318"",""213,318"",""213,318"",""-0,48%"""
"09.05.2025,""214,356"",""214,356"",""214,356"",""214,356"",""-0,22%"""
"08.05.2025,""214,824"",""214,824"",""214,824"",""214,824"",""-0,20%"""
"07.05.2025,""215,254"",""215,254"",""215,254"",""215,254"",""0,39%"""
"06.05.2025,""214,414"",""214,414"",""214,414"",""214,414"",""-0,09%"""
"05.05.2025,""214,602"",""214,602"",""214,602"",""214,602"",""0,02%"""
"02.05.2025,""214,561"",""214,561"",""214,561"",""214,561"",""-0,38%"""
"01.05.2025,""215,387"",""215,387"",""215,387"",""215,387"",""0,01%"""
"30.04.2025,""215,375"",""215,375"",""215,375"",""214,883"",""0,23%"""
"29.04.2025,""214,883"",""214,883"",""214,883"",""214,883"",""0,02%"""
"28.04.2025,""214,846"",""214,846"",""214,846"",""214,846"",""-0,13%"""
"25.04.2025,""215,119"",""215,119"",""215,599"",""215,119"",""-0,22%"""
"24.04.2025,""215,599"",""215,599"",""215,599"",""214,552"",""0,49%"""
"23.04.2025,""214,552"",""214,552"",""214,552"",""214,552"",""-0,28%"""
"22.04.2025,""215,144"",""215,144"",""215,144"",""214,794"",""0,16%"""
"21.04.2025,""214,794"",""214,794"",""214,794"",""214,794"",""0,02%"""
"17.04.2025,""214,746"",""214,746"",""214,746"",""214,746"",""0,28%"""
"16.04.2025,""214,142"",""214,142"",""214,142"",""214,142"",""0,18%"""
"15.04.2025,""213,762"",""213,762"",""213,762"",""213,762"",""-0,18%"""
"14.04.2025,""214,138"",""214,138"",""214,138"",""214,138"",""0,31%"""
"11.04.2025,""213,475"",""213,475"",""213,475"",""212,982"",""0,23%"""
"10.04.2025,""212,982"",""212,982"",""212,982"",""212,777"",""0,10%"""
"09.04.2025,""212,777"",""212,777"",""212,777"",""212,304"",""0,22%"""
"08.04.2025,""212,304"",""212,304"",""212,304"",""212,304"",""-0,14%"""
"07.04.2025,""212,596"",""212,596"",""212,596"",""212,596"",""-0,27%"""
"04.04.2025,""213,163"",""213,163"",""213,163"",""212,552"",""0,29%"""
"03.04.2025,""212,552"",""212,552"",""212,552"",""211,824"",""0,34%"""
"02.04.2025,""211,824"",""211,824"",""212,073"",""211,824"",""-0,12%"""
"01.04.2025,""212,073"",""212,073"",""212,073"",""212,073"",""0,35%"""
"31.03.2025,""211,337"",""211,337"",""211,337"",""211,337"",""-0,04%"""
"28.03.2025,""211,418"",""211,418"",""211,418"",""211,418"",""0,28%"""
"27.03.2025,""210,837"",""210,837"",""210,837"",""210,837"",""0,14%"""
"26.03.2025,""210,542"",""210,542"",""210,542"",""210,542"",""-0,00%"""
"25.03.2025,""210,545"",""210,545"",""210,545"",""210,545"",""-0,06%"""
"24.03.2025,""210,679"",""210,679"",""210,679"",""210,679"",""-0,07%"""
"21.03.2025,""210,816"",""210,816"",""210,816"",""210,816"",""0,15%"""
"20.03.2025,""210,508"",""210,508"",""210,508"",""210,508"",""-0,01%"""
"19.03.2025,""210,524"",""210,524"",""210,524"",""210,524"",""0,16%"""
"18.03.2025,""210,178"",""210,178"",""210,178"",""210,178"",""-0,12%"""
"17.03.2025,""210,435"",""210,435"",""210,435"",""210,435"",""0,54%"""
"14.03.2025,""209,313"",""209,313"",""209,313"",""209,313"",""-0,11%"""
"13.03.2025,""209,537"",""209,537"",""209,537"",""209,537"",""0,10%"""
"12.03.2025,""209,321"",""209,321"",""209,321"",""209,321"",""0,02%"""
"11.03.2025,""209,287"",""209,287"",""209,287"",""209,287"",""-0,33%"""
"10.03.2025,""209,975"",""209,975"",""209,975"",""209,975"",""0,45%"""
"06.03.2025,""209,038"",""209,038"",""209,038"",""209,038"",""-0,59%"""
"05.03.2025,""210,283"",""210,283"",""210,283"",""210,283"",""-1,66%"""
"04.03.2025,""213,841"",""213,841"",""213,841"",""213,841"",""0,05%"""
"03.03.2025,""213,741"",""213,741"",""213,741"",""213,741"",""-0,62%"""
"28.02.2025,""215,073"",""215,073"",""215,073"",""215,073"",""0,13%"""
"27.02.2025,""214,784"",""214,784"",""214,784"",""214,784"",""0,07%"""
"26.02.2025,""214,643"",""214,643"",""214,643"",""214,643"",""0,19%"""
"25.02.2025,""214,244"",""214,244"",""214,244"",""214,244"",""0,12%"""
"24.02.2025,""213,990"",""213,990"",""213,990"",""213,990"",""0,03%"""
"21.02.2025,""213,921"",""213,921"",""213,921"",""213,921"",""0,40%"""
"20.02.2025,""213,066"",""213,066"",""213,066"",""213,066"",""0,05%"""
"19.02.2025,""212,964"",""212,964"",""212,964"",""212,964"",""-0,40%"""
"18.02.2025,""213,814"",""213,814"",""213,814"",""213,814"",""-0,01%"""
"17.02.2025,""213,831"",""213,831"",""213,831"",""213,831"",""-0,28%"""
"14.02.2025,""214,428"",""214,428"",""214,428"",""214,428"",""-0,08%"""
"13.02.2025,""214,604"",""214,604"",""214,604"",""214,604"",""0,52%"""
"12.02.2025,""213,484"",""213,484"",""213,484"",""213,484"",""-0,81%"""
"10.02.2025,""215,234"",""215,234"",""215,234"",""215,234"",""0,15%"""
"07.02.2025,""214,904"",""214,904"",""214,904"",""214,904"",""-0,15%"""
"06.02.2025,""215,227"",""215,227"",""215,227"",""215,227"",""-0,02%"""
"05.02.2025,""215,277"",""215,277"",""215,277"",""215,277"",""0,33%"""
"04.02.2025,""214,573"",""214,573"",""214,573"",""214,573"",""-0,07%"""
"03.02.2025,""214,727"",""214,727"",""214,727"",""214,727"",""0,55%"""
"31.01.2025,""213,558"",""213,558"",""213,558"",""213,558"",""0,40%"""
"30.01.2025,""212,713"",""212,713"",""212,713"",""212,713"",""0,35%"""
"29.01.2025,""211,975"",""211,975"",""211,975"",""211,975"",""-0,08%"""
"28.01.2025,""212,138"",""212,138"",""212,138"",""212,138"",""-0,07%"""
"27.01.2025,""212,286"",""212,286"",""212,286"",""212,286"",""0,21%"""
"24.01.2025,""211,844"",""211,844"",""211,844"",""211,844"",""-0,12%"""
"23.01.2025,""212,097"",""212,097"",""212,097"",""212,097"",""-0,24%"""
"22.01.2025,""212,603"",""212,603"",""212,603"",""212,603"",""0,02%"""
"21.01.2025,""212,566"",""212,566"",""212,566"",""212,566"",""0,01%"""
"20.01.2025,""212,540"",""212,540"",""212,540"",""212,540"",""0,17%"""
"17.01.2025,""212,182"",""212,182"",""212,182"",""212,182"",""0,11%"""
"16.01.2025,""211,939"",""211,939"",""211,939"",""211,939"",""0,16%"""
"15.01.2025,""211,603"",""211,603"",""211,603"",""211,603"",""0,74%"""
"14.01.2025,""210,042"",""210,042"",""210,042"",""210,042"",""-0,17%"""
"13.01.2025,""210,400"",""210,400"",""210,400"",""210,400"",""-0,18%"""
"10.01.2025,""210,783"",""210,783"",""210,783"",""210,783"",""-0,26%"""
"09.01.2025,""211,327"",""211,327"",""211,327"",""211,327"",""-0,22%"""
"08.01.2025,""211,788"",""211,788"",""211,788"",""211,788"",""-0,19%"""
"07.01.2025,""212,197"",""212,197"",""212,197"",""212,197"",""-0,20%"""
"06.01.2025,""212,614"",""212,614"",""212,614"",""212,614"",""-0,48%"""
"02.01.2025,""213,631"",""213,631"",""213,631"",""213,631"",""-0,06%"""
"31.12.2024,""213,756"",""213,756"",""213,756"",""213,756"",""-0,07%"""
"30.12.2024,""213,896"",""213,896"",""213,896"",""213,896"",""0,20%"""
"27.12.2024,""213,473"",""213,473"",""213,473"",""213,473"",""-0,31%"""
"26.12.2024,""214,126"",""214,126"",""214,126"",""214,126"",""0,01%"""
"24.12.2024,""214,102"",""214,102"",""214,102"",""214,102"",""-0,01%"""
"23.12.2024,""214,134"",""214,134"",""214,134"",""214,134"",""-0,26%"""
"20.12.2024,""214,683"",""214,683"",""214,683"",""214,683"",""0,14%"""
"19.12.2024,""214,389"",""214,389"",""214,389"",""214,389"",""-0,36%"""
"18.12.2024,""215,174"",""215,174"",""215,174"",""215,174"",""-0,13%"""
"17.12.2024,""215,445"",""215,445"",""215,445"",""215,445"",""0,05%"""
"16.12.2024,""215,328"",""215,328"",""215,328"",""215,328"",""0,01%"""
"13.12.2024,""215,315"",""215,315"",""215,315"",""215,315"",""-0,43%"""
"12.12.2024,""216,241"",""216,241"",""216,241"",""216,241"",""-0,42%"""
"11.12.2024,""217,146"",""217,146"",""217,146"",""217,146"",""-0,05%"""
"10.12.2024,""217,262"",""217,262"",""217,262"",""217,262"",""-0,03%"""
"09.12.2024,""217,317"",""217,317"",""217,317"",""217,317"",""0,03%"""
"06.12.2024,""217,242"",""217,242"",""217,242"",""217,242"",""0,00%"""
"05.12.2024,""217,236"",""217,236"",""217,236"",""217,236"",""-0,06%"""
"04.12.2024,""217,363"",""217,363"",""217,363"",""217,363"",""0,06%"""
"03.12.2024,""217,234"",""217,234"",""217,234"",""217,234"",""-0,01%"""
"02.12.2024,""217,247"",""217,247"",""217,247"",""217,247"",""0,22%"""
"29.11.2024,""216,763"",""216,763"",""216,763"",""216,763"",""0,32%"""
"28.11.2024,""216,068"",""216,068"",""216,068"",""216,068"",""0,36%"""
"27.11.2024,""215,286"",""215,286"",""215,286"",""215,286"",""0,23%"""
"26.11.2024,""214,783"",""214,783"",""214,783"",""214,783"",""-0,04%"""
"25.11.2024,""214,877"",""214,877"",""214,877"",""214,877"",""0,63%"""
"21.11.2024,""213,539"",""213,539"",""213,539"",""213,539"",""0,14%"""
"20.11.2024,""213,246"",""213,246"",""213,246"",""213,246"",""-0,17%"""
"19.11.2024,""213,607"",""213,607"",""213,607"",""213,607"",""0,20%"""
"18.11.2024,""213,184"",""213,184"",""213,184"",""213,184"",""-0,14%"""
"15.11.2024,""213,485"",""213,485"",""213,485"",""213,485"",""0,09%"""
"14.11.2024,""213,287"",""213,287"",""213,287"",""213,287"",""0,31%"""
"13.11.2024,""212,636"",""212,636"",""212,636"",""212,636"",""-0,15%"""
"12.11.2024,""212,956"",""212,956"",""212,956"",""212,956"",""-0,12%"""
"11.11.2024,""213,210"",""213,210"",""213,210"",""213,210"",""0,35%"""
"08.11.2024,""212,466"",""212,466"",""212,466"",""212,466"",""0,43%"""
"07.11.2024,""211,561"",""211,561"",""211,561"",""211,561"",""-0,15%"""
"06.11.2024,""211,874"",""211,874"",""211,874"",""211,874"",""-0,01%"""
"05.11.2024,""211,888"",""211,888"",""211,888"",""211,888"",""-0,17%"""
"04.11.2024,""212,241"",""212,241"",""212,241"",""212,241"",""0,19%"""
"01.11.2024,""211,848"",""211,848"",""211,848"",""211,848"",""-0,13%"""
"31.10.2024,""212,133"",""212,133"",""212,133"",""212,133"",""0,00%"""
"30.10.2024,""212,126"",""212,126"",""212,126"",""212,126"",""-0,30%"""
"29.10.2024,""212,771"",""212,771"",""212,771"",""212,771"",""-0,30%"""
"28.10.2024,""213,418"",""213,418"",""213,418"",""213,418"",""0,06%"""
"25.10.2024,""213,299"",""213,299"",""213,299"",""213,299"",""-0,39%"""
"24.10.2024,""214,139"",""214,139"",""214,139"",""214,139"",""0,53%"""
"23.10.2024,""213,020"",""213,020"",""213,020"",""213,020"",""0,13%"""
"22.10.2024,""212,752"",""212,752"",""212,752"",""212,752"",""-0,17%"""
"21.10.2024,""213,122"",""213,122"",""213,122"",""213,122"",""-0,73%"""
"18.10.2024,""214,698"",""214,698"",""214,698"",""214,698"",""0,28%"""
"17.10.2024,""214,095"",""214,095"",""214,095"",""214,095"",""-0,14%"""
"16.10.2024,""214,386"",""214,386"",""214,386"",""214,386"",""0,31%"""
"15.10.2024,""213,721"",""213,721"",""213,721"",""213,721"",""0,47%"""
"14.10.2024,""212,723"",""212,723"",""212,723"",""212,723"",""0,08%"""
"11.10.2024,""212,562"",""212,562"",""212,562"",""212,562"",""-0,07%"""
"10.10.2024,""212,717"",""212,717"",""212,717"",""212,717"",""-0,09%"""
"09.10.2024,""212,911"",""212,911"",""212,911"",""212,911"",""0,06%"""
"08.10.2024,""212,773"",""212,773"",""212,773"",""212,773"",""0,04%"""
"07.10.2024,""212,678"",""212,678"",""212,678"",""212,678"",""-0,28%"""
"04.10.2024,""213,276"",""213,276"",""213,276"",""213,276"",""-0,38%"""
"03.10.2024,""214,088"",""214,088"",""214,088"",""214,088"",""-0,22%"""
"02.10.2024,""214,568"",""214,568"",""214,568"",""214,568"",""-0,42%"""
"01.10.2024,""215,471"",""215,471"",""215,471"",""215,471"",""0,62%"""
"30.09.2024,""214,145"",""214,145"",""214,145"",""214,145"",""-0,02%"""
"27.09.2024,""214,183"",""214,183"",""214,183"",""214,183"",""0,32%"""
"26.09.2024,""213,490"",""213,490"",""213,490"",""213,490"",""-0,22%"""
"24.09.2024,""213,954"",""213,954"",""213,954"",""213,954"",""0,31%"""
"23.09.2024,""213,299"",""213,299"",""213,299"",""213,299"",""0,31%"""
"20.09.2024,""212,642"",""212,642"",""212,642"",""212,642"",""-0,19%"""
"19.09.2024,""213,057"",""213,057"",""213,057"",""213,057"",""-0,01%"""
"18.09.2024,""213,087"",""213,087"",""213,087"",""213,087"",""-0,39%"""
"17.09.2024,""213,916"",""213,916"",""213,916"",""213,916"",""-0,12%"""
"16.09.2024,""214,181"",""214,181"",""214,181"",""214,181"",""0,22%"""
"13.09.2024,""213,702"",""213,702"",""213,702"",""213,702"",""0,05%"""
"12.09.2024,""213,605"",""213,605"",""213,605"",""213,605"",""-0,30%"""
"11.09.2024,""214,246"",""214,246"",""214,246"",""214,246"",""0,37%"""
"10.09.2024,""213,463"",""213,463"",""213,463"",""213,463"",""0,11%"""
"09.09.2024,""213,233"",""213,233"",""213,233"",""213,233"",""-0,01%"""
"06.09.2024,""213,261"",""213,261"",""213,261"",""213,261"",""0,29%"""
"05.09.2024,""212,636"",""212,636"",""212,636"",""212,636"",""0,05%"""
"04.09.2024,""212,540"",""212,540"",""212,540"",""212,540"",""0,46%"""
"03.09.2024,""211,562"",""211,562"",""211,562"",""211,562"",""0,33%"""
"02.09.2024,""210,865"",""210,865"",""210,865"",""210,865"",""-0,27%"""
"30.08.2024,""211,445"",""211,445"",""211,445"",""211,445"",""0,02%"""
"29.08.2024,""211,395"",""211,395"",""211,395"",""211,395"",""-0,08%"""
"28.08.2024,""211,561"",""211,561"",""211,561"",""211,561"",""0,15%"""
"27.08.2024,""211,243"",""211,243"",""211,243"",""211,243"",""-0,37%"""
"26.08.2024,""212,029"",""212,029"",""212,029"",""212,029"",""-0,14%"""
"23.08.2024,""212,327"",""212,327"",""212,327"",""212,327"",""0,23%"""
"22.08.2024,""211,831"",""211,831"",""211,831"",""211,831"",""-0,28%"""
"21.08.2024,""212,422"",""212,422"",""212,422"",""212,422"",""0,13%"""
"20.08.2024,""212,143"",""212,143"",""212,143"",""212,143"",""0,30%"""
"19.08.2024,""211,510"",""211,510"",""211,510"",""211,510"",""-0,00%"""
"16.08.2024,""211,514"",""211,514"",""211,514"",""211,514"",""0,08%"""
"15.08.2024,""211,355"",""211,355"",""211,355"",""211,355"",""-0,50%"""
"14.08.2024,""212,415"",""212,415"",""212,415"",""212,415"",""-0,09%"""
"13.08.2024,""212,606"",""212,606"",""212,606"",""212,606"",""0,55%"""
"12.08.2024,""211,442"",""211,442"",""211,442"",""211,442"",""-0,05%"""
"09.08.2024,""211,544"",""211,544"",""211,544"",""211,544"",""0,22%"""
"08.08.2024,""211,076"",""211,076"",""211,076"",""211,076"",""0,08%"""
"07.08.2024,""210,900"",""210,900"",""210,900"",""210,900"",""-0,54%"""
"06.08.2024,""212,038"",""212,038"",""212,038"",""212,038"",""0,14%"""
"05.08.2024,""211,748"",""211,748"",""211,748"",""211,748"",""0,01%"""
"02.08.2024,""211,727"",""211,727"",""211,727"",""211,727"",""0,14%"""
"01.08.2024,""211,437"",""211,437"",""211,437"",""211,437"",""0,41%"""
"31.07.2024,""210,572"",""210,572"",""210,572"",""210,572"",""0,20%"""
"30.07.2024,""210,153"",""210,153"",""210,153"",""210,153"",""0,22%"""
"29.07.2024,""209,690"",""209,690"",""209,690"",""209,690"",""0,32%"""
"26.07.2024,""209,021"",""209,021"",""209,021"",""209,021"",""0,06%"""
"25.07.2024,""208,891"",""208,891"",""208,891"",""208,891"",""0,20%"""
"24.07.2024,""208,479"",""208,479"",""208,479"",""208,479"",""-0,05%"""
"23.07.2024,""208,574"",""208,574"",""208,574"",""208,574"",""0,08%"""
"22.07.2024,""208,411"",""208,411"",""208,411"",""208,411"",""-0,04%"""
"19.07.2024,""208,500"",""208,500"",""208,500"",""208,500"",""-0,35%"""
"18.07.2024,""209,223"",""209,223"",""209,223"",""209,223"",""0,12%"""
"17.07.2024,""208,972"",""208,972"",""208,972"",""208,972"",""0,03%"""
"16.07.2024,""208,917"",""208,917"",""208,917"",""208,917"",""0,22%"""
"15.07.2024,""208,457"",""208,457"",""208,457"",""208,457"",""0,24%"""
"12.07.2024,""207,952"",""207,952"",""207,952"",""207,952"",""-0,18%"""
"11.07.2024,""208,336"",""208,336"",""208,336"",""208,336"",""0,49%"""
"10.07.2024,""207,316"",""207,316"",""207,316"",""207,316"",""0,41%"""
"09.07.2024,""206,474"",""206,474"",""206,474"",""206,474"",""-0,41%"""
"08.07.2024,""207,314"",""207,314"",""207,314"",""207,314"",""0,23%"""
"05.07.2024,""206,840"",""206,840"",""206,840"",""206,840"",""0,41%"""
"04.07.2024,""205,999"",""205,999"",""205,999"",""205,999"",""-0,18%"""
"03.07.2024,""206,372"",""206,372"",""206,372"",""206,372"",""0,46%"""
"02.07.2024,""205,431"",""205,431"",""205,431"",""205,431"",""0,12%"""
"01.07.2024,""205,175"",""205,175"",""205,175"",""205,175"",""-0,40%"""
"28.06.2024,""205,998"",""205,998"",""205,998"",""205,998"",""-0,20%"""
"27.06.2024,""206,405"",""206,405"",""206,405"",""206,405"",""-0,10%"""
"26.06.2024,""206,617"",""206,617"",""206,617"",""206,617"",""-0,35%"""
"25.06.2024,""207,346"",""207,346"",""207,346"",""207,346"",""0,09%"""
"24.06.2024,""207,157"",""207,157"",""207,157"",""207,157"",""0,08%"""
"20.06.2024,""206,985"",""206,985"",""206,985"",""206,985"",""-0,08%"""
"19.06.2024,""207,145"",""207,145"",""207,145"",""207,145"",""-0,15%"""
"18.06.2024,""207,465"",""207,465"",""207,465"",""207,465"",""0,20%"""
"17.06.2024,""207,058"",""207,058"",""207,058"",""207,058"",""-0,22%"""
"14.06.2024,""207,511"",""207,511"",""207,511"",""207,511"",""0,66%"""
"13.06.2024,""206,155"",""206,155"",""206,155"",""206,155"",""-0,08%"""
"12.06.2024,""206,315"",""206,315"",""206,315"",""206,315"",""0,65%"""
"11.06.2024,""204,992"",""204,992"",""204,992"",""204,992"",""0,12%"""
"10.06.2024,""204,737"",""204,737"",""204,737"",""204,737"",""-0,58%"""
"07.06.2024,""205,940"",""205,940"",""205,940"",""205,940"",""-0,45%"""
"06.06.2024,""206,878"",""206,878"",""206,878"",""206,878"",""-0,31%"""
"05.06.2024,""207,522"",""207,522"",""207,522"",""207,522"",""0,25%"""
"04.06.2024,""207,000"",""207,000"",""207,000"",""207,000"",""0,25%"""
"03.06.2024,""206,488"",""206,488"",""206,488"",""206,488"",""0,44%"""
"31.05.2024,""205,577"",""205,577"",""205,577"",""205,577"",""0,15%"""
"30.05.2024,""205,269"",""205,269"",""205,269"",""205,269"",""0,10%"""
"29.05.2024,""205,062"",""205,062"",""205,062"",""205,062"",""-0,59%"""
"28.05.2024,""206,281"",""206,281"",""206,281"",""206,281"",""-0,25%"""
"27.05.2024,""206,789"",""206,789"",""206,789"",""206,789"",""0,27%"""
"24.05.2024,""206,225"",""206,225"",""206,225"",""206,225"",""0,16%"""
"23.05.2024,""205,902"",""205,902"",""205,902"",""205,902"",""-0,45%"""
"22.05.2024,""206,826"",""206,826"",""206,826"",""206,826"",""-0,15%"""
"21.05.2024,""207,144"",""207,144"",""207,144"",""207,144"",""0,17%"""
"20.05.2024,""206,786"",""206,786"",""206,786"",""206,786"",""-0,14%"""
"17.05.2024,""207,075"",""207,075"",""207,075"",""207,075"",""-0,44%"""
"16.05.2024,""207,987"",""207,987"",""207,987"",""207,987"",""-0,06%"""
"15.05.2024,""208,122"",""208,122"",""208,122"",""208,122"",""0,83%"""
"14.05.2024,""206,402"",""206,402"",""206,402"",""206,402"",""-0,23%"""
"13.05.2024,""206,869"",""206,869"",""206,869"",""206,869"",""0,11%"""
"10.05.2024,""206,639"",""206,639"",""206,639"",""206,639"",""-0,17%"""
"09.05.2024,""206,988"",""206,988"",""206,988"",""206,988"",""-0,24%"""
"08.05.2024,""207,496"",""207,496"",""207,496"",""207,496"",""-0,26%"""
"07.05.2024,""208,044"",""208,044"",""208,044"",""208,044"",""0,35%"""
"06.05.2024,""207,318"",""207,318"",""207,318"",""207,318"",""0,21%"""
"03.05.2024,""206,874"",""206,874"",""206,874"",""206,874"",""0,29%"""
"02.05.2024,""206,268"",""206,268"",""206,268"",""206,268"",""0,24%"""
"01.05.2024,""205,775"",""205,775"",""205,775"",""205,775"",""0,01%"""
"30.04.2024,""205,760"",""205,760"",""205,760"",""205,760"",""-0,45%"""
"29.04.2024,""206,692"",""206,692"",""206,692"",""206,692"",""0,46%"""
"26.04.2024,""205,735"",""205,735"",""205,735"",""205,735"",""0,41%"""
"25.04.2024,""204,893"",""204,893"",""204,893"",""204,893"",""-0,24%"""
"24.04.2024,""205,378"",""205,378"",""205,378"",""205,378"",""-0,61%"""
"23.04.2024,""206,640"",""206,640"",""206,640"",""206,640"",""-0,04%"""
"22.04.2024,""206,721"",""206,721"",""206,721"",""206,721"",""0,25%"""
"19.04.2024,""206,211"",""206,211"",""206,211"",""206,211"",""-0,12%"""
"18.04.2024,""206,455"",""206,455"",""206,455"",""206,455"",""-0,10%"""
"17.04.2024,""206,671"",""206,671"",""206,671"",""206,671"",""0,20%"""
"16.04.2024,""206,257"",""206,257"",""206,257"",""206,257"",""-0,41%"""
"15.04.2024,""207,100"",""207,100"",""207,100"",""207,100"",""-0,56%"""
"12.04.2024,""208,268"",""208,268"",""208,268"",""208,268"",""0,82%"""
"11.04.2024,""206,566"",""206,566"",""206,566"",""206,566"",""-0,41%"""
"10.04.2024,""207,419"",""207,419"",""207,419"",""207,419"",""-0,34%"""
"09.04.2024,""208,130"",""208,130"",""208,130"",""208,130"",""0,50%"""
"08.04.2024,""207,085"",""207,085"",""207,085"",""207,085"",""-0,11%"""
"05.04.2024,""207,303"",""207,303"",""207,303"",""207,303"",""-0,37%"""
"04.04.2024,""208,077"",""208,077"",""208,077"",""208,077"",""0,48%"""
"03.04.2024,""207,086"",""207,086"",""207,086"",""207,086"",""-0,03%"""
"02.04.2024,""207,150"",""207,150"",""207,150"",""207,150"",""-0,74%"""
"01.04.2024,""208,704"",""208,704"",""208,704"",""208,704"",""0,02%"""
"28.03.2024,""208,657"",""208,657"",""208,657"",""208,657"",""-0,10%"""
"27.03.2024,""208,874"",""208,874"",""208,874"",""208,874"",""0,24%"""
"26.03.2024,""208,366"",""208,366"",""208,366"",""208,366"",""0,25%"""
"25.03.2024,""207,849"",""207,849"",""207,849"",""207,849"",""-0,33%"""
"22.03.2024,""208,540"",""208,540"",""208,540"",""208,540"",""0,40%"""
"21.03.2024,""207,702"",""207,702"",""207,702"",""207,702"",""0,21%"""
"20.03.2024,""207,266"",""207,266"",""207,266"",""207,266"",""-0,02%"""
"19.03.2024,""207,303"",""207,303"",""207,303"",""207,303"",""0,07%"""
"18.03.2024,""207,157"",""207,157"",""207,157"",""207,157"",""0,02%"""
"15.03.2024,""207,124"",""207,124"",""207,124"",""207,124"",""-0,12%"""
"14.03.2024,""207,370"",""207,370"",""207,370"",""207,370"",""-0,45%"""
"13.03.2024,""208,299"",""208,299"",""208,299"",""208,299"",""-0,13%"""
"12.03.2024,""208,578"",""208,578"",""208,578"",""208,578"",""-0,04%"""
"11.03.2024,""208,669"",""208,669"",""208,669"",""208,669"",""-0,24%"""
"08.03.2024,""209,162"",""209,162"",""209,162"",""209,162"",""0,26%"""
"07.03.2024,""208,629"",""208,629"",""208,629"",""208,629"",""0,26%"""
"06.03.2024,""208,089"",""208,089"",""208,089"",""208,089"",""0,02%"""
"05.03.2024,""208,045"",""208,045"",""208,045"",""208,045"",""0,54%"""
"04.03.2024,""206,928"",""206,928"",""206,928"",""206,928"",""0,18%"""
"01.03.2024,""206,553"",""206,553"",""206,553"",""206,553"",""0,00%"""
"29.02.2024,""206,546"",""206,546"",""206,546"",""206,546"",""0,34%"""
"27.02.2024,""205,856"",""205,856"",""205,856"",""205,856"",""-0,14%"""
"26.02.2024,""206,154"",""206,154"",""206,154"",""206,154"",""-0,40%"""
"23.02.2024,""206,973"",""206,973"",""206,973"",""206,973"",""0,42%"""
"22.02.2024,""206,113"",""206,113"",""206,113"",""206,113"",""0,10%"""
"21.02.2024,""205,915"",""205,915"",""205,915"",""205,915"",""-0,41%"""
"20.02.2024,""206,769"",""206,769"",""206,769"",""206,769"",""0,27%"""
"19.02.2024,""206,219"",""206,219"",""206,219"",""206,219"",""-0,17%"""
"16.02.2024,""206,577"",""206,577"",""206,577"",""206,577"",""-0,17%"""
"15.02.2024,""206,922"",""206,922"",""206,922"",""206,922"",""0,10%"""
"14.02.2024,""206,714"",""206,714"",""206,714"",""206,714"",""0,36%"""
"13.02.2024,""205,979"",""205,979"",""205,979"",""205,979"",""-0,13%"""
"12.02.2024,""206,248"",""206,248"",""206,248"",""206,248"",""0,20%"""
"09.02.2024,""205,844"",""205,844"",""205,844"",""205,844"",""-0,17%"""
"08.02.2024,""206,185"",""206,185"",""206,185"",""206,185"",""-0,37%"""
"07.02.2024,""206,956"",""206,956"",""206,956"",""206,956"",""-0,03%"""
"06.02.2024,""207,015"",""207,015"",""207,015"",""207,015"",""0,19%"""
"05.02.2024,""206,628"",""206,628"",""206,628"",""206,628"",""-0,56%"""
"02.02.2024,""207,782"",""207,782"",""207,782"",""207,782"",""-0,75%"""
"01.02.2024,""209,358"",""209,358"",""209,358"",""209,358"",""0,17%"""
"31.01.2024,""209,000"",""209,000"",""209,000"",""209,000"",""0,75%"""
"30.01.2024,""207,440"",""207,440"",""207,440"",""207,440"",""-0,33%"""
"29.01.2024,""208,127"",""208,127"",""208,127"",""208,127"",""0,47%"""
"26.01.2024,""207,154"",""207,154"",""207,154"",""207,154"",""-0,12%"""
"25.01.2024,""207,398"",""207,398"",""207,398"",""207,398"",""0,45%"""
"24.01.2024,""206,473"",""206,473"",""206,473"",""206,473"",""0,03%"""
"23.01.2024,""206,402"",""206,402"",""206,402"",""206,402"",""-0,39%"""
"22.01.2024,""207,219"",""207,219"",""207,219"",""207,219"",""0,27%"""
"19.01.2024,""206,667"",""206,667"",""206,667"",""206,667"",""0,11%"""
"18.01.2024,""206,446"",""206,446"",""206,446"",""206,446"",""-0,09%"""
"17.01.2024,""206,626"",""206,626"",""206,626"",""206,626"",""-0,45%"""
"16.01.2024,""207,559"",""207,559"",""207,559"",""207,559"",""-0,16%"""
"15.01.2024,""207,897"",""207,897"",""207,897"",""207,897"",""-0,24%"""
"12.01.2024,""208,393"",""208,393"",""208,393"",""208,393"",""0,41%"""
"11.01.2024,""207,539"",""207,539"",""207,539"",""207,539"",""-0,07%"""
"09.01.2024,""207,687"",""207,687"",""207,687"",""207,687"",""-0,34%"""
"08.01.2024,""208,390"",""208,390"",""208,390"",""208,390"",""0,02%"""
"05.01.2024,""208,342"",""208,342"",""208,342"",""208,342"",""-0,13%"""
"04.01.2024,""208,618"",""208,618"",""208,618"",""208,618"",""-0,55%"""
"03.01.2024,""209,771"",""209,771"",""209,771"",""209,771"",""0,08%"""
"02.01.2024,""209,609"",""209,609"",""209,609"",""209,609"",""-0,18%"""
"29.12.2023,""209,982"",""209,982"",""209,982"",""209,982"",""-0,62%"""
"28.12.2023,""211,293"",""211,293"",""211,293"",""211,293"",""-0,31%"""
"27.12.2023,""211,940"",""211,940"",""211,940"",""211,940"",""0,39%"""
"26.12.2023,""211,119"",""211,119"",""211,119"",""211,119"",""0,02%"""
"22.12.2023,""211,077"",""211,077"",""211,077"",""211,077"",""0,03%"""
"21.12.2023,""211,017"",""211,017"",""211,017"",""211,017"",""0,13%"""
"20.12.2023,""210,753"",""210,753"",""210,753"",""210,753"",""0,31%"""
"19.12.2023,""210,093"",""210,093"",""210,093"",""210,093"",""0,53%"""
"18.12.2023,""208,987"",""208,987"",""208,987"",""208,987"",""-0,31%"""
"15.12.2023,""209,639"",""209,639"",""209,639"",""209,639"",""0,64%"""
"14.12.2023,""208,311"",""208,311"",""208,311"",""208,311"",""0,44%"""
"13.12.2023,""207,408"",""207,408"",""207,408"",""207,408"",""0,53%"""
"12.12.2023,""206,310"",""206,310"",""206,310"",""206,310"",""0,28%"""
"11.12.2023,""205,725"",""205,725"",""205,725"",""205,725"",""-0,03%"""
"08.12.2023,""205,796"",""205,796"",""205,796"",""205,796"",""-0,63%"""
"07.12.2023,""207,111"",""207,111"",""207,111"",""207,111"",""0,07%"""
"06.12.2023,""206,966"",""206,966"",""206,966"",""206,966"",""0,39%"""
"05.12.2023,""206,165"",""206,165"",""206,165"",""206,165"",""0,79%"""
"04.12.2023,""204,549"",""204,549"",""204,549"",""204,549"",""0,19%"""
"01.12.2023,""204,171"",""204,171"",""204,171"",""204,171"",""0,69%"""
"30.11.2023,""202,768"",""202,768"",""202,768"",""202,768"",""-0,26%"""
"29.11.2023,""203,289"",""203,289"",""203,289"",""203,289"",""0,51%"""
"28.11.2023,""202,266"",""202,266"",""202,266"",""202,266"",""0,30%"""
"27.11.2023,""201,660"",""201,660"",""201,660"",""201,660"",""0,59%"""
"24.11.2023,""200,470"",""200,470"",""200,470"",""200,470"",""-0,10%"""
"23.11.2023,""200,675"",""200,675"",""200,675"",""200,675"",""-0,36%"""
"22.11.2023,""201,396"",""201,396"",""201,396"",""201,396"",""-0,00%"""
"21.11.2023,""201,398"",""201,398"",""201,398"",""201,398"",""0,32%"""
"20.11.2023,""200,748"",""200,748"",""200,748"",""200,748"",""-0,08%"""
"17.11.2023,""200,914"",""200,914"",""200,914"",""200,914"",""-0,11%"""
"16.11.2023,""201,138"",""201,138"",""201,138"",""201,138"",""0,46%"""
"15.11.2023,""200,211"",""200,211"",""200,211"",""200,211"",""-0,12%"""
"14.11.2023,""200,453"",""200,453"",""200,453"",""200,453"",""0,85%"""
"13.11.2023,""198,771"",""198,771"",""198,771"",""198,771"",""-0,04%"""
"10.11.2023,""198,860"",""198,860"",""198,860"",""198,860"",""-0,33%"""
"09.11.2023,""199,527"",""199,527"",""199,527"",""199,527"",""-0,15%"""
"08.11.2023,""199,835"",""199,835"",""199,835"",""199,835"",""0,32%"""
"07.11.2023,""199,198"",""199,198"",""199,198"",""199,198"",""0,47%"""
"06.11.2023,""198,270"",""198,270"",""198,270"",""198,270"",""-0,54%"""
"03.11.2023,""199,341"",""199,341"",""199,341"",""199,341"",""0,50%"""
"02.11.2023,""198,357"",""198,357"",""198,357"",""198,357"",""0,39%"""
"01.11.2023,""197,580"",""197,580"",""197,580"",""197,580"",""0,29%"""
"31.10.2023,""197,003"",""197,003"",""197,003"",""197,003"",""0,10%"""
"30.10.2023,""196,806"",""196,806"",""196,806"",""196,806"",""0,22%"""
"27.10.2023,""196,374"",""196,374"",""196,374"",""196,374"",""0,14%"""
"26.10.2023,""196,099"",""196,099"",""196,099"",""196,099"",""0,27%"""
"25.10.2023,""195,571"",""195,571"",""195,571"",""195,571"",""-0,32%"""
"24.10.2023,""196,202"",""196,202"",""196,202"",""196,202"",""0,18%"""
"23.10.2023,""195,854"",""195,854"",""195,854"",""195,854"",""0,16%"""
"20.10.2023,""195,550"",""195,550"",""195,550"",""195,550"",""0,29%"""
"19.10.2023,""194,985"",""194,985"",""194,985"",""194,985"",""-0,02%"""
"18.10.2023,""195,023"",""195,023"",""195,023"",""195,023"",""-0,24%"""
"17.10.2023,""195,496"",""195,496"",""195,496"",""195,496"",""-0,59%"""
"16.10.2023,""196,654"",""196,654"",""196,654"",""196,654"",""-0,19%"""
"13.10.2023,""197,025"",""197,025"",""197,025"",""197,025"",""0,11%"""
"12.10.2023,""196,814"",""196,814"",""196,814"",""196,814"",""-0,41%"""
"11.10.2023,""197,626"",""197,626"",""197,626"",""197,626"",""0,47%"""
"10.10.2023,""196,699"",""196,699"",""196,699"",""196,699"",""0,04%"""
"09.10.2023,""196,615"",""196,615"",""196,615"",""196,615"",""0,66%"""
"05.10.2023,""195,319"",""195,319"",""195,319"",""195,319"",""0,33%"""
"04.10.2023,""194,680"",""194,680"",""194,680"",""194,680"",""0,07%"""
"03.10.2023,""194,544"",""194,544"",""194,544"",""194,544"",""-0,40%"""
"02.10.2023,""195,323"",""195,323"",""195,323"",""195,323"",""-0,46%"""
"29.09.2023,""196,217"",""196,217"",""196,217"",""196,217"",""0,96%"""
"28.09.2023,""194,358"",""194,358"",""194,358"",""194,358"",""-0,87%"""
"27.09.2023,""196,067"",""196,067"",""196,067"",""196,067"",""-0,21%"""
"26.09.2023,""196,485"",""196,485"",""196,485"",""196,485"",""-0,12%"""
"25.09.2023,""196,727"",""196,727"",""196,727"",""196,727"",""-0,35%"""
"22.09.2023,""197,426"",""197,426"",""197,426"",""197,426"",""-0,11%"""
"21.09.2023,""197,651"",""197,651"",""197,651"",""197,651"",""-0,29%"""
"20.09.2023,""198,221"",""198,221"",""198,221"",""198,221"",""0,34%"""
"19.09.2023,""197,542"",""197,542"",""197,542"",""197,542"",""-0,05%"""
"18.09.2023,""197,639"",""197,639"",""197,639"",""197,639"",""-0,42%"""
"15.09.2023,""198,479"",""198,479"",""198,479"",""198,479"",""-0,54%"""
"14.09.2023,""199,560"",""199,560"",""199,560"",""199,560"",""0,53%"""
"13.09.2023,""198,505"",""198,505"",""198,505"",""198,505"",""-0,17%"""
"12.09.2023,""198,835"",""198,835"",""198,835"",""198,835"",""-0,02%"""
"11.09.2023,""198,867"",""198,867"",""198,867"",""198,867"",""-0,32%"""
"08.09.2023,""199,499"",""199,499"",""199,499"",""199,499"",""0,15%"""
"07.09.2023,""199,205"",""199,205"",""199,205"",""199,205"",""0,25%"""
"06.09.2023,""198,711"",""198,711"",""198,711"",""198,711"",""-0,32%"""
"05.09.2023,""199,358"",""199,358"",""199,358"",""199,358"",""-0,21%"""
"04.09.2023,""199,778"",""199,778"",""199,778"",""199,778"",""-0,30%"""
"01.09.2023,""200,386"",""200,386"",""200,386"",""200,386"",""-0,48%"""
"31.08.2023,""201,346"",""201,346"",""201,346"",""201,346"",""0,51%"""
"30.08.2023,""200,329"",""200,329"",""200,329"",""200,329"",""-0,08%"""
"29.08.2023,""200,498"",""200,498"",""200,498"",""200,498"",""0,39%"""
"28.08.2023,""199,712"",""199,712"",""199,712"",""199,712"",""-0,09%"""
"25.08.2023,""199,885"",""199,885"",""199,885"",""199,885"",""-0,29%"""
"24.08.2023,""200,473"",""200,473"",""200,473"",""200,473"",""-0,02%"""
"23.08.2023,""200,517"",""200,517"",""200,517"",""200,517"",""0,90%"""
"22.08.2023,""198,737"",""198,737"",""198,737"",""198,737"",""0,43%"""
"21.08.2023,""197,889"",""197,889"",""197,889"",""197,889"",""-0,50%"""
"18.08.2023,""198,882"",""198,882"",""198,882"",""198,882"",""0,41%"""
"17.08.2023,""198,077"",""198,077"",""198,077"",""198,077"",""-0,30%"""
"16.08.2023,""198,666"",""198,666"",""198,666"",""198,666"",""0,16%"""
"15.08.2023,""198,348"",""198,348"",""198,348"",""198,348"",""-0,31%"""
"14.08.2023,""198,966"",""198,966"",""198,966"",""198,966"",""-0,13%"""
"11.08.2023,""199,224"",""199,224"",""199,224"",""199,224"",""-0,62%"""
"10.08.2023,""200,473"",""200,473"",""200,473"",""200,473"",""-0,11%"""
"09.08.2023,""200,701"",""200,701"",""200,701"",""200,701"",""-0,17%"""
"08.08.2023,""201,051"",""201,051"",""201,051"",""201,051"",""0,82%"""
"07.08.2023,""199,421"",""199,421"",""199,421"",""199,421"",""-0,13%"""
"04.08.2023,""199,680"",""199,680"",""199,680"",""199,680"",""0,11%"""
"03.08.2023,""199,463"",""199,463"",""199,463"",""199,463"",""-0,26%"""
"02.08.2023,""199,974"",""199,974"",""199,974"",""199,974"",""0,10%"""
"01.08.2023,""199,771"",""199,771"",""199,771"",""199,771"",""-0,46%"""
"31.07.2023,""200,693"",""200,693"",""200,693"",""200,693"",""0,06%"""
"28.07.2023,""200,583"",""200,583"",""200,583"",""200,583"",""-0,03%"""
"27.07.2023,""200,645"",""200,645"",""200,645"",""200,645"",""0,06%"""
"26.07.2023,""200,524"",""200,524"",""200,524"",""200,524"",""-0,30%"""
"25.07.2023,""201,122"",""201,122"",""201,122"",""201,122"",""-0,15%"""
"24.07.2023,""201,415"",""201,415"",""201,415"",""201,415"",""0,23%"""
"21.07.2023,""200,951"",""200,951"",""200,951"",""200,951"",""0,22%"""
"20.07.2023,""200,504"",""200,504"",""200,504"",""200,504"",""-0,40%"""
"19.07.2023,""201,307"",""201,307"",""201,307"",""201,307"",""-0,30%"""
"18.07.2023,""201,907"",""201,907"",""201,907"",""201,907"",""0,86%"""
"17.07.2023,""200,183"",""200,183"",""200,183"",""200,183"",""0,09%"""
"14.07.2023,""200,013"",""200,013"",""200,013"",""200,013"",""-0,05%"""
"13.07.2023,""200,106"",""200,106"",""200,106"",""200,106"",""0,60%"""
"12.07.2023,""198,918"",""198,918"",""198,918"",""198,918"",""0,63%"""
"11.07.2023,""197,675"",""197,675"",""197,675"",""197,675"",""-0,15%"""
"10.07.2023,""197,967"",""197,967"",""197,967"",""197,967"",""-0,18%"""
"07.07.2023,""198,314"",""198,314"",""198,314"",""198,314"",""-0,00%"""
"06.07.2023,""198,315"",""198,315"",""198,315"",""198,315"",""-0,87%"""
"05.07.2023,""200,054"",""200,054"",""200,054"",""200,054"",""0,00%"""
"04.07.2023,""200,048"",""200,048"",""200,048"",""200,048"",""-0,23%"""
"03.07.2023,""200,509"",""200,509"",""200,509"",""200,509"",""-0,21%"""
"30.06.2023,""200,930"",""200,930"",""200,930"",""200,930"",""0,06%"""
"29.06.2023,""200,806"",""200,806"",""200,806"",""200,806"",""-0,53%"""
"28.06.2023,""201,868"",""201,868"",""201,868"",""201,868"",""0,21%"""
"27.06.2023,""201,452"",""201,452"",""201,452"",""201,452"",""-0,32%"""
"26.06.2023,""202,096"",""202,096"",""202,096"",""202,096"",""0,26%"""
"23.06.2023,""201,577"",""201,577"",""201,577"",""201,577"",""0,84%"""
"22.06.2023,""199,905"",""199,905"",""199,905"",""199,905"",""-0,40%"""
"21.06.2023,""200,704"",""200,704"",""200,704"",""200,704"",""-0,12%"""
"20.06.2023,""200,955"",""200,955"",""200,955"",""200,955"",""0,73%"""
"19.06.2023,""199,499"",""199,499"",""199,499"",""199,499"",""-0,49%"""
"16.06.2023,""200,484"",""200,484"",""200,484"",""200,484"",""0,49%"""
"15.06.2023,""199,512"",""199,512"",""199,512"",""199,512"",""-0,27%"""
"14.06.2023,""200,055"",""200,055"",""200,055"",""200,055"",""-0,24%"""
"13.06.2023,""200,529"",""200,529"",""200,529"",""200,529"",""-0,26%"""
"12.06.2023,""201,054"",""201,054"",""201,054"",""201,054"",""0,09%"""
"09.06.2023,""200,872"",""200,872"",""200,872"",""200,872"",""0,41%"""
"08.06.2023,""200,059"",""200,059"",""200,059"",""200,059"",""0,15%"""
"07.06.2023,""199,768"",""199,768"",""199,768"",""199,768"",""-0,35%"""
"06.06.2023,""200,476"",""200,476"",""200,476"",""200,476"",""-0,06%"""
"05.06.2023,""200,597"",""200,597"",""200,597"",""200,597"",""-0,45%"""
"02.06.2023,""201,496"",""201,496"",""201,496"",""201,496"",""-0,17%"""
"01.06.2023,""201,836"",""201,836"",""201,836"",""201,836"",""0,14%"""
"31.05.2023,""201,552"",""201,552"",""201,552"",""201,552"",""0,48%"""
"30.05.2023,""200,585"",""200,585"",""200,585"",""200,585"",""0,62%"""
"29.05.2023,""199,350"",""199,350"",""199,350"",""199,350"",""0,79%"""
"26.05.2023,""197,779"",""197,779"",""197,779"",""197,779"",""-0,37%"""
"25.05.2023,""198,513"",""198,513"",""198,513"",""198,513"",""-0,21%"""
"24.05.2023,""198,931"",""198,931"",""198,931"",""198,931"",""0,10%"""
"23.05.2023,""198,736"",""198,736"",""198,736"",""198,736"",""-0,07%"""
"22.05.2023,""198,868"",""198,868"",""198,868"",""198,868"",""-0,18%"""
"19.05.2023,""199,221"",""199,221"",""199,221"",""199,221"",""0,23%"""
"18.05.2023,""198,771"",""198,771"",""198,771"",""198,771"",""-0,81%"""
"17.05.2023,""200,394"",""200,394"",""200,394"",""200,394"",""0,09%"""
"16.05.2023,""200,214"",""200,214"",""200,214"",""200,214"",""-0,30%"""
"15.05.2023,""200,811"",""200,811"",""200,811"",""200,811"",""-0,20%"""
"12.05.2023,""201,221"",""201,221"",""201,221"",""201,221"",""-0,29%"""
"11.05.2023,""201,815"",""201,815"",""201,815"",""201,815"",""0,43%"""
"10.05.2023,""200,948"",""200,948"",""200,948"",""200,948"",""0,37%"""
"09.05.2023,""200,213"",""200,213"",""200,213"",""200,213"",""-0,15%"""
"08.05.2023,""200,510"",""200,510"",""200,510"",""200,510"",""-0,21%"""
"05.05.2023,""200,934"",""200,934"",""200,934"",""200,934"",""-0,54%"""
"04.05.2023,""202,033"",""202,033"",""202,033"",""202,033"",""0,30%"""
"03.05.2023,""201,435"",""201,435"",""201,435"",""201,435"",""0,05%"""
"02.05.2023,""201,329"",""201,329"",""201,329"",""201,329"",""0,29%"""
"01.05.2023,""200,741"",""200,741"",""200,741"",""200,741"",""0,01%"""
"28.04.2023,""200,712"",""200,712"",""200,712"",""200,712"",""0,87%"""
"27.04.2023,""198,989"",""198,989"",""198,989"",""198,989"",""-0,47%"""
"26.04.2023,""199,920"",""199,920"",""199,920"",""199,920"",""-0,02%"""
"25.04.2023,""199,958"",""199,958"",""199,958"",""199,958"",""0,73%"""
"24.04.2023,""198,515"",""198,515"",""198,515"",""198,515"",""0,04%"""
"21.04.2023,""198,441"",""198,441"",""198,441"",""198,441"",""-0,26%"""
"20.04.2023,""198,957"",""198,957"",""198,957"",""198,957"",""0,28%"""
"19.04.2023,""198,411"",""198,411"",""198,411"",""198,411"",""-0,32%"""
"18.04.2023,""199,048"",""199,048"",""199,048"",""199,048"",""0,23%"""
"17.04.2023,""198,594"",""198,594"",""198,594"",""198,594"",""-0,33%"""
"14.04.2023,""199,260"",""199,260"",""199,260"",""199,260"",""-0,38%"""
"13.04.2023,""200,022"",""200,022"",""200,022"",""200,022"",""-0,03%"""
"12.04.2023,""200,075"",""200,075"",""200,075"",""200,075"",""-0,38%"""
"11.04.2023,""200,831"",""200,831"",""200,831"",""200,831"",""-0,87%"""
"10.04.2023,""202,594"",""202,594"",""202,594"",""202,594"",""0,02%"""
"06.04.2023,""202,559"",""202,559"",""202,559"",""202,559"",""-0,02%"""
"05.04.2023,""202,607"",""202,607"",""202,607"",""202,607"",""0,60%"""
"04.04.2023,""201,408"",""201,408"",""201,408"",""201,408"",""-0,19%"""
"03.04.2023,""201,792"",""201,792"",""201,792"",""201,792"",""0,46%"""
"31.03.2023,""200,860"",""200,860"",""200,860"",""200,860"",""0,38%"""
"30.03.2023,""200,097"",""200,097"",""200,097"",""200,097"",""-0,39%"""
"29.03.2023,""200,882"",""200,882"",""200,882"",""200,882"",""-0,03%"""
"28.03.2023,""200,941"",""200,941"",""200,941"",""200,941"",""-0,58%"""
"27.03.2023,""202,118"",""202,118"",""202,118"",""202,118"",""-0,50%"""
"24.03.2023,""203,128"",""203,128"",""203,128"",""203,128"",""0,47%"""
"23.03.2023,""202,168"",""202,168"",""202,168"",""202,168"",""0,89%"""
"22.03.2023,""200,376"",""200,376"",""200,376"",""200,376"",""-0,41%"""
"21.03.2023,""201,191"",""201,191"",""201,191"",""201,191"",""-0,96%"""
"20.03.2023,""203,143"",""203,143"",""203,143"",""203,143"",""0,02%"""
"17.03.2023,""203,102"",""203,102"",""203,102"",""203,102"",""0,82%"""
"16.03.2023,""201,441"",""201,441"",""201,441"",""201,441"",""-0,51%"""
"15.03.2023,""202,468"",""202,468"",""202,468"",""202,468"",""2,01%"""
"14.03.2023,""198,487"",""198,487"",""198,487"",""198,487"",""-1,16%"""
"13.03.2023,""200,816"",""200,816"",""200,816"",""200,816"",""1,24%"""
"10.03.2023,""198,365"",""198,365"",""198,365"",""198,365"",""1,08%"""
"09.03.2023,""196,253"",""196,253"",""196,253"",""196,253"",""-0,11%"""
"08.03.2023,""196,476"",""196,476"",""196,476"",""196,476"",""0,48%"""
"07.03.2023,""195,534"",""195,534"",""195,534"",""195,534"",""0,08%"""
"06.03.2023,""195,375"",""195,375"",""195,375"",""195,375"",""0,07%"""
"03.03.2023,""195,230"",""195,230"",""195,230"",""195,230"",""0,16%"""
"02.03.2023,""194,924"",""194,924"",""194,924"",""194,924"",""-0,17%"""
"01.03.2023,""195,254"",""195,254"",""195,254"",""195,254"",""-0,50%"""
"28.02.2023,""196,234"",""196,234"",""196,234"",""196,234"",""-0,62%"""
"24.02.2023,""197,453"",""197,453"",""197,453"",""197,453"",""-0,45%"""
"23.02.2023,""198,342"",""198,342"",""198,342"",""198,342"",""0,32%"""
"22.02.2023,""197,705"",""197,705"",""197,705"",""197,705"",""0,09%"""
"21.02.2023,""197,523"",""197,523"",""197,523"",""197,523"",""-0,64%"""
"20.02.2023,""198,799"",""198,799"",""198,799"",""198,799"",""-0,05%"""
"17.02.2023,""198,893"",""198,893"",""198,893"",""198,893"",""0,22%"""
"16.02.2023,""198,454"",""198,454"",""198,454"",""198,454"",""-0,14%"""
"15.02.2023,""198,737"",""198,737"",""198,737"",""198,737"",""-0,41%"""
"14.02.2023,""199,549"",""199,549"",""199,549"",""199,549"",""-0,34%"""
"13.02.2023,""200,220"",""200,220"",""200,220"",""200,220"",""0,01%"""
"10.02.2023,""200,202"",""200,202"",""200,202"",""200,202"",""-0,46%"""
"09.02.2023,""201,130"",""201,130"",""201,130"",""201,130"",""0,39%"""
"08.02.2023,""200,349"",""200,349"",""200,349"",""200,349"",""-0,38%"""
"07.02.2023,""201,123"",""201,123"",""201,123"",""201,123"",""-0,11%"""
"06.02.2023,""201,337"",""201,337"",""201,337"",""201,337"",""-0,55%"""
"03.02.2023,""202,456"",""202,456"",""202,456"",""202,456"",""-1,05%"""
"02.02.2023,""204,609"",""204,609"",""204,609"",""204,609"",""1,96%"""
"01.02.2023,""200,667"",""200,667"",""200,667"",""200,667"",""-0,08%"""
"31.01.2023,""200,823"",""200,823"",""200,823"",""200,823"",""0,11%"""
"30.01.2023,""200,611"",""200,611"",""200,611"",""200,611"",""-0,42%"""
"27.01.2023,""201,454"",""201,454"",""201,454"",""201,454"",""-0,23%"""
"26.01.2023,""201,910"",""201,910"",""201,910"",""201,910"",""-0,39%"""
"25.01.2023,""202,702"",""202,702"",""202,702"",""202,702"",""-0,07%"""
"24.01.2023,""202,841"",""202,841"",""202,841"",""202,841"",""0,35%"""
"23.01.2023,""202,131"",""202,131"",""202,131"",""202,131"",""-0,23%"""
"20.01.2023,""202,605"",""202,605"",""202,605"",""202,605"",""-0,92%"""
"19.01.2023,""204,493"",""204,493"",""204,493"",""204,493"",""-0,39%"""
"18.01.2023,""205,290"",""205,290"",""205,290"",""205,290"",""0,78%"""
"17.01.2023,""203,706"",""203,706"",""203,706"",""203,706"",""0,68%"""
"16.01.2023,""202,329"",""202,329"",""202,329"",""202,329"",""-0,01%"""
"13.01.2023,""202,355"",""202,355"",""202,355"",""202,355"",""-0,06%"""
"12.01.2023,""202,472"",""202,472"",""202,472"",""202,472"",""0,33%"""
"11.01.2023,""201,814"",""201,814"",""201,814"",""201,814"",""0,85%"""
"10.01.2023,""200,121"",""200,121"",""200,121"",""200,121"",""-0,36%"""
"09.01.2023,""200,843"",""200,843"",""200,843"",""200,843"",""-0,17%"""
"06.01.2023,""201,182"",""201,182"",""201,182"",""201,182"",""0,75%"""
"05.01.2023,""199,675"",""199,675"",""199,675"",""199,675"",""-0,35%"""
"04.01.2023,""200,384"",""200,384"",""200,384"",""200,384"",""0,90%"""
"03.01.2023,""198,599"",""198,599"",""198,599"",""198,599"",""1,25%"""
"30.12.2022,""196,148"",""196,148"",""196,148"",""196,148"",""-0,70%"""
"29.12.2022,""197,539"",""197,539"",""197,539"",""197,539"",""0,30%"""
"28.12.2022,""196,950"",""196,950"",""196,950"",""196,950"",""-0,79%"""
"23.12.2022,""198,509"",""198,509"",""198,509"",""198,509"",""-0,26%"""
"22.12.2022,""199,034"",""199,034"",""199,034"",""199,034"",""-0,29%"""
"21.12.2022,""199,616"",""199,616"",""199,616"",""199,616"",""0,01%"""
"20.12.2022,""199,592"",""199,592"",""199,592"",""199,592"",""-0,74%"""
"19.12.2022,""201,075"",""201,075"",""201,075"",""201,075"",""-0,21%"""
"16.12.2022,""201,508"",""201,508"",""201,508"",""201,508"",""-0,76%"""
"15.12.2022,""203,056"",""203,056"",""203,056"",""203,056"",""-1,23%"""
"14.12.2022,""205,578"",""205,578"",""205,578"",""205,578"",""-0,46%"""
"13.12.2022,""206,535"",""206,535"",""206,535"",""206,535"",""0,28%"""
"12.12.2022,""205,968"",""205,968"",""205,968"",""205,968"",""0,04%"""
"09.12.2022,""205,878"",""205,878"",""205,878"",""205,878"",""-0,77%"""
"08.12.2022,""207,482"",""207,482"",""207,482"",""207,482"",""-0,21%"""
"07.12.2022,""207,916"",""207,916"",""207,916"",""207,916"",""0,18%"""
"06.12.2022,""207,540"",""207,540"",""207,540"",""207,540"",""0,46%"""
"05.12.2022,""206,590"",""206,590"",""206,590"",""206,590"",""0,01%"""
"02.12.2022,""206,563"",""206,563"",""206,563"",""206,563"",""-0,26%"""
"01.12.2022,""207,103"",""207,103"",""207,103"",""207,103"",""0,91%"""
"30.11.2022,""205,227"",""205,227"",""205,227"",""205,227"",""-0,25%"""
"29.11.2022,""205,736"",""205,736"",""205,736"",""205,736"",""0,58%"""
"28.11.2022,""204,540"",""204,540"",""204,540"",""204,540"",""-0,11%"""
"25.11.2022,""204,762"",""204,762"",""204,762"",""204,762"",""-0,93%"""
"24.11.2022,""206,683"",""206,683"",""206,683"",""206,683"",""0,62%"""
"23.11.2022,""205,409"",""205,409"",""205,409"",""205,409"",""0,60%"""
"22.11.2022,""204,181"",""204,181"",""204,181"",""204,181"",""0,04%"""
"21.11.2022,""204,096"",""204,096"",""204,096"",""204,096"",""0,26%"""
"17.11.2022,""203,570"",""203,570"",""203,570"",""203,570"",""-0,01%"""
"16.11.2022,""203,597"",""203,597"",""203,597"",""203,597"",""0,66%"""
"15.11.2022,""202,264"",""202,264"",""202,264"",""202,264"",""0,62%"""
"14.11.2022,""201,017"",""201,017"",""201,017"",""201,017"",""0,02%"""
"11.11.2022,""200,977"",""200,977"",""200,977"",""200,977"",""-1,21%"""
"10.11.2022,""203,440"",""203,440"",""203,440"",""203,440"",""1,34%"""
"09.11.2022,""200,749"",""200,749"",""200,749"",""200,749"",""0,58%"""
"08.11.2022,""199,585"",""199,585"",""199,585"",""199,585"",""0,41%"""
"07.11.2022,""198,775"",""198,775"",""198,775"",""198,775"",""-0,06%"""
"04.11.2022,""198,896"",""198,896"",""198,896"",""198,896"",""-0,29%"""
"03.11.2022,""199,466"",""199,466"",""199,466"",""199,466"",""-0,70%"""
"02.11.2022,""200,874"",""200,874"",""200,874"",""200,874"",""-0,04%"""
"01.11.2022,""200,951"",""200,951"",""200,951"",""200,951"",""0,19%"""
"31.10.2022,""200,564"",""200,564"",""200,564"",""200,564"",""-0,69%"""
"28.10.2022,""201,951"",""201,951"",""201,951"",""201,951"",""-0,47%"""
"27.10.2022,""202,901"",""202,901"",""202,901"",""202,901"",""1,03%"""
"26.10.2022,""200,834"",""200,834"",""200,834"",""200,834"",""0,17%"""
"25.10.2022,""200,488"",""200,488"",""200,488"",""200,488"",""1,31%"""
"24.10.2022,""197,904"",""197,904"",""197,904"",""197,904"",""0,75%"""
"21.10.2022,""196,429"",""196,429"",""196,429"",""196,429"",""-0,25%"""
"20.10.2022,""196,930"",""196,930"",""196,930"",""196,930"",""-0,13%"""
"19.10.2022,""197,188"",""197,188"",""197,188"",""197,188"",""-0,54%"""
"18.10.2022,""198,252"",""198,252"",""198,252"",""198,252"",""0,19%"""
"17.10.2022,""197,879"",""197,879"",""197,879"",""197,879"",""0,46%"""
"14.10.2022,""196,977"",""196,977"",""196,977"",""196,977"",""-0,23%"""
"13.10.2022,""197,437"",""197,437"",""197,437"",""197,437"",""0,25%"""
"12.10.2022,""196,949"",""196,949"",""196,949"",""196,949"",""-0,56%"""
"11.10.2022,""198,068"",""198,068"",""198,068"",""198,068"",""0,14%"""
"10.10.2022,""197,798"",""197,798"",""197,798"",""197,798"",""-0,63%"""
"07.10.2022,""199,043"",""199,043"",""199,043"",""199,043"",""-0,86%"""
"06.10.2022,""200,765"",""200,765"",""200,765"",""200,765"",""-1,32%"""
"03.10.2022,""203,456"",""203,456"",""203,456"",""203,456"",""1,59%"""
"30.09.2022,""200,279"",""200,279"",""200,279"",""200,279"",""0,49%"""
"29.09.2022,""199,293"",""199,293"",""199,293"",""199,293"",""0,08%"""
"27.09.2022,""199,130"",""199,130"",""199,130"",""199,130"",""-1,09%"""
"26.09.2022,""201,327"",""201,327"",""201,327"",""201,327"",""-0,43%"""
"23.09.2022,""202,195"",""202,195"",""202,195"",""202,195"",""-0,35%"""
"22.09.2022,""202,900"",""202,900"",""202,900"",""202,900"",""-0,51%"""
"21.09.2022,""203,936"",""203,936"",""203,936"",""203,936"",""0,33%"""
"20.09.2022,""203,268"",""203,268"",""203,268"",""203,268"",""-1,08%"""
"16.09.2022,""205,486"",""205,486"",""205,486"",""205,486"",""-0,33%"""
"15.09.2022,""206,163"",""206,163"",""206,163"",""206,163"",""-0,17%"""
"14.09.2022,""206,517"",""206,517"",""206,517"",""206,517"",""0,17%"""
"13.09.2022,""206,176"",""206,176"",""206,176"",""206,176"",""-0,51%"""
"12.09.2022,""207,240"",""207,240"",""207,240"",""207,240"",""0,53%"""
"09.09.2022,""206,139"",""206,139"",""206,139"",""206,139"",""-0,27%"""
"08.09.2022,""206,698"",""206,698"",""206,698"",""206,698"",""-0,77%"""
"07.09.2022,""208,311"",""208,311"",""208,311"",""208,311"",""0,33%"""
"06.09.2022,""207,622"",""207,622"",""207,622"",""207,622"",""-0,01%"""
"05.09.2022,""207,651"",""207,651"",""207,651"",""207,651"",""-0,39%"""
"02.09.2022,""208,467"",""208,467"",""208,467"",""208,467"",""0,55%"""
"01.09.2022,""207,320"",""207,320"",""207,320"",""207,320"",""-0,41%"""
"31.08.2022,""208,175"",""208,175"",""208,175"",""208,175"",""-0,20%"""
"30.08.2022,""208,594"",""208,594"",""208,594"",""208,594"",""-0,19%"""
"29.08.2022,""208,987"",""208,987"",""208,987"",""208,987"",""-0,67%"""
"26.08.2022,""210,391"",""210,391"",""210,391"",""210,391"",""-0,61%"""
"25.08.2022,""211,675"",""211,675"",""211,675"",""211,675"",""0,41%"""
"24.08.2022,""210,805"",""210,805"",""210,805"",""210,805"",""-0,34%"""
"23.08.2022,""211,523"",""211,523"",""211,523"",""211,523"",""-0,29%"""
"22.08.2022,""212,147"",""212,147"",""212,147"",""212,147"",""-0,45%"""
"19.08.2022,""213,111"",""213,111"",""213,111"",""213,111"",""-1,04%"""
"18.08.2022,""215,360"",""215,360"",""215,360"",""215,360"",""0,05%"""
"17.08.2022,""215,253"",""215,253"",""215,253"",""215,253"",""-0,80%"""
"16.08.2022,""216,997"",""216,997"",""216,997"",""216,997"",""-0,73%"""
"15.08.2022,""218,597"",""218,597"",""218,597"",""218,597"",""0,69%"""
"12.08.2022,""217,105"",""217,105"",""217,105"",""217,105"",""-0,17%"""
"11.08.2022,""217,482"",""217,482"",""217,482"",""217,482"",""-0,65%"""
"10.08.2022,""218,914"",""218,914"",""218,914"",""218,914"",""0,37%"""
"09.08.2022,""218,099"",""218,099"",""218,099"",""218,099"",""-0,36%"""
"08.08.2022,""218,891"",""218,891"",""218,891"",""218,891"",""0,18%"""
"05.08.2022,""218,500"",""218,500"",""218,500"",""218,500"",""-0,82%"""
"04.08.2022,""220,303"",""220,303"",""220,303"",""220,303"",""0,49%"""
"03.08.2022,""219,231"",""219,231"",""219,231"",""219,231"",""-0,39%"""
"02.08.2022,""220,081"",""220,081"",""220,081"",""220,081"",""-0,24%"""
"01.08.2022,""220,609"",""220,609"",""220,609"",""220,609"",""0,49%"""
"29.07.2022,""219,524"",""219,524"",""219,524"",""219,524"",""0,25%"""
"28.07.2022,""218,969"",""218,969"",""218,969"",""218,969"",""1,01%"""
"27.07.2022,""216,783"",""216,783"",""216,783"",""216,783"",""-0,03%"""
"26.07.2022,""216,840"",""216,840"",""216,840"",""216,840"",""0,55%"""
"25.07.2022,""215,662"",""215,662"",""215,662"",""215,662"",""0,12%"""
"22.07.2022,""215,400"",""215,400"",""215,400"",""215,400"",""1,16%"""
"21.07.2022,""212,939"",""212,939"",""212,939"",""212,939"",""0,12%"""
"20.07.2022,""212,689"",""212,689"",""212,689"",""212,689"",""-0,02%"""
"19.07.2022,""212,724"",""212,724"",""212,724"",""212,724"",""-0,29%"""
"18.07.2022,""213,337"",""213,337"",""213,337"",""213,337"",""-0,47%"""
"15.07.2022,""214,348"",""214,348"",""214,348"",""214,348"",""0,41%"""
"14.07.2022,""213,473"",""213,473"",""213,473"",""213,473"",""-0,47%"""
"13.07.2022,""214,480"",""214,480"",""214,480"",""214,480"",""-0,25%"""
"12.07.2022,""215,019"",""215,019"",""215,019"",""215,019"",""0,95%"""
"11.07.2022,""212,997"",""212,997"",""212,997"",""212,997"",""0,54%"""
"08.07.2022,""211,861"",""211,861"",""211,861"",""211,861"",""-0,19%"""
"07.07.2022,""212,262"",""212,262"",""212,262"",""212,262"",""-0,71%"""
"06.07.2022,""213,788"",""213,788"",""213,788"",""213,788"",""0,28%"""
"05.07.2022,""213,193"",""213,193"",""213,193"",""213,193"",""0,95%"""
"04.07.2022,""211,194"",""211,194"",""211,194"",""211,194"",""-1,03%"""
"01.07.2022,""213,394"",""213,394"",""213,394"",""213,394"",""1,20%"""
"30.06.2022,""210,856"",""210,856"",""210,856"",""210,856"",""0,73%"""
"29.06.2022,""209,338"",""209,338"",""209,338"",""209,338"",""0,96%"""
"28.06.2022,""207,343"",""207,343"",""207,343"",""207,343"",""-0,62%"""
"27.06.2022,""208,628"",""208,628"",""208,628"",""208,628"",""-0,67%"""
"24.06.2022,""210,035"",""210,035"",""210,035"",""210,035"",""-0,12%"""
"23.06.2022,""210,296"",""210,296"",""210,296"",""210,296"",""1,33%"""
"22.06.2022,""207,526"",""207,526"",""207,526"",""207,526"",""1,11%"""
"21.06.2022,""205,249"",""205,249"",""205,249"",""205,249"",""-0,26%"""
"20.06.2022,""205,784"",""205,784"",""205,784"",""205,784"",""-0,51%"""
"17.06.2022,""206,834"",""206,834"",""206,834"",""206,834"",""0,43%"""
"16.06.2022,""205,957"",""205,957"",""205,957"",""205,957"",""-0,22%"""
"15.06.2022,""206,415"",""206,415"",""206,415"",""206,415"",""1,10%"""
"14.06.2022,""204,171"",""204,171"",""204,171"",""204,171"",""-0,74%"""
"13.06.2022,""205,702"",""205,702"",""205,702"",""205,702"",""-1,27%"""
"10.06.2022,""208,352"",""208,352"",""208,352"",""208,352"",""-0,68%"""
"09.06.2022,""209,775"",""209,775"",""209,775"",""209,775"",""-0,83%"""
"08.06.2022,""211,529"",""211,529"",""211,529"",""211,529"",""-0,45%"""
"07.06.2022,""212,485"",""212,485"",""212,485"",""212,485"",""0,48%"""
"06.06.2022,""211,464"",""211,464"",""211,464"",""211,464"",""-0,33%"""
"03.06.2022,""212,163"",""212,163"",""212,163"",""212,163"",""-0,45%"""
"02.06.2022,""213,117"",""213,117"",""213,117"",""213,117"",""-0,50%"""
"01.06.2022,""214,178"",""214,178"",""214,178"",""214,178"",""-0,38%"""
"31.05.2022,""215,000"",""215,000"",""215,000"",""215,000"",""-0,65%"""
"30.05.2022,""216,410"",""216,410"",""216,410"",""216,410"",""-0,54%"""
"27.05.2022,""217,585"",""217,585"",""217,585"",""217,585"",""0,27%"""
"26.05.2022,""217,000"",""217,000"",""217,000"",""217,000"",""-0,31%"""
"25.05.2022,""217,669"",""217,669"",""217,669"",""217,669"",""0,06%"""
"24.05.2022,""217,547"",""217,547"",""217,547"",""217,547"",""0,26%"""
"23.05.2022,""216,985"",""216,985"",""216,985"",""216,985"",""-0,42%"""
"20.05.2022,""217,895"",""217,895"",""217,895"",""217,895"",""-0,30%"""
"19.05.2022,""218,545"",""218,545"",""218,545"",""218,545"",""0,33%"""
"18.05.2022,""217,821"",""217,821"",""217,821"",""217,821"",""0,21%"""
"17.05.2022,""217,369"",""217,369"",""217,369"",""217,369"",""-0,72%"""
"16.05.2022,""218,952"",""218,952"",""218,952"",""218,952"",""0,10%"""
"13.05.2022,""218,736"",""218,736"",""218,736"",""218,736"",""-0,62%"""
"12.05.2022,""220,098"",""220,098"",""220,098"",""220,098"",""1,01%"""
"11.05.2022,""217,893"",""217,893"",""217,893"",""217,893"",""0,22%"""
"10.05.2022,""217,417"",""217,417"",""217,417"",""217,417"",""0,71%"""
"09.05.2022,""215,887"",""215,887"",""215,887"",""215,887"",""0,27%"""
"06.05.2022,""215,298"",""215,298"",""215,298"",""215,298"",""-0,83%"""
"05.05.2022,""217,110"",""217,110"",""217,110"",""217,110"",""-0,34%"""
"04.05.2022,""217,861"",""217,861"",""217,861"",""217,861"",""-0,36%"""
"03.05.2022,""218,655"",""218,655"",""218,655"",""218,655"",""0,13%"""
"02.05.2022,""218,362"",""218,362"",""218,362"",""218,362"",""-0,18%"""
"29.04.2022,""218,756"",""218,756"",""218,756"",""218,756"",""-0,33%"""
"28.04.2022,""219,490"",""219,490"",""219,490"",""219,490"",""-0,81%"""
"27.04.2022,""221,289"",""221,289"",""221,289"",""221,289"",""-0,13%"""
"26.04.2022,""221,570"",""221,570"",""221,570"",""221,570"",""0,31%"""
"25.04.2022,""220,891"",""220,891"",""220,891"",""220,891"",""0,62%"""
"22.04.2022,""219,527"",""219,527"",""219,527"",""219,527"",""-0,34%"""
"21.04.2022,""220,268"",""220,268"",""220,268"",""220,268"",""-0,45%"""
"20.04.2022,""221,266"",""221,266"",""221,266"",""221,266"",""0,48%"""
"19.04.2022,""220,208"",""220,208"",""220,208"",""220,208"",""-0,56%"""
"18.04.2022,""221,445"",""221,445"",""221,445"",""221,445"",""0,01%"""
"14.04.2022,""221,421"",""221,421"",""221,421"",""221,421"",""-0,61%"""
"13.04.2022,""222,786"",""222,786"",""222,786"",""222,786"",""0,24%"""
"12.04.2022,""222,248"",""222,248"",""222,248"",""222,248"",""0,14%"""
"11.04.2022,""221,939"",""221,939"",""221,939"",""221,939"",""-0,61%"""
"08.04.2022,""223,292"",""223,292"",""223,292"",""223,292"",""-0,11%"""
"07.04.2022,""223,530"",""223,530"",""223,530"",""223,530"",""-0,15%"""
"06.04.2022,""223,855"",""223,855"",""223,855"",""223,855"",""-0,36%"""
"05.04.2022,""224,657"",""224,657"",""224,657"",""224,657"",""-0,96%"""
"04.04.2022,""226,832"",""226,832"",""226,832"",""226,832"",""0,26%"""
"01.04.2022,""226,242"",""226,242"",""226,242"",""226,242"",""-0,39%"""
"31.03.2022,""227,135"",""227,135"",""227,135"",""227,135"",""0,71%"""
"30.03.2022,""225,542"",""225,542"",""225,542"",""225,542"",""-0,18%"""
"29.03.2022,""225,947"",""225,947"",""225,947"",""225,947"",""-0,43%"""
"28.03.2022,""226,933"",""226,933"",""226,933"",""226,933"",""-0,12%"""
"25.03.2022,""227,213"",""227,213"",""227,213"",""227,213"",""-0,20%"""
"24.03.2022,""227,676"",""227,676"",""227,676"",""227,676"",""-0,20%"""
"23.03.2022,""228,144"",""228,144"",""228,144"",""228,144"",""0,18%"""
"22.03.2022,""227,732"",""227,732"",""227,732"",""227,732"",""-0,40%"""
"21.03.2022,""228,636"",""228,636"",""228,636"",""228,636"",""-0,56%"""
"18.03.2022,""229,930"",""229,930"",""229,930"",""229,930"",""0,18%"""
"17.03.2022,""229,515"",""229,515"",""229,515"",""229,515"",""0,01%"""
"16.03.2022,""229,502"",""229,502"",""229,502"",""229,502"",""-0,25%"""
"15.03.2022,""230,077"",""230,077"",""230,077"",""230,077"",""0,33%"""
"14.03.2022,""229,330"",""229,330"",""229,330"",""229,330"",""-0,66%"""
"11.03.2022,""230,843"",""230,843"",""230,843"",""230,843"",""-0,01%"""
"10.03.2022,""230,868"",""230,868"",""230,868"",""230,868"",""-0,83%"""
"09.03.2022,""232,794"",""232,794"",""232,794"",""232,794"",""-0,67%"""
"08.03.2022,""234,355"",""234,355"",""234,355"",""234,355"",""-0,70%"""
"07.03.2022,""235,998"",""235,998"",""235,998"",""235,998"",""-0,28%"""
"04.03.2022,""236,657"",""236,657"",""236,657"",""236,657"",""0,67%"""
"03.03.2022,""235,090"",""235,090"",""235,090"",""235,090"",""-0,12%"""
"02.03.2022,""235,374"",""235,374"",""235,374"",""235,374"",""-0,63%"""
"01.03.2022,""236,872"",""236,872"",""236,872"",""236,872"",""1,79%"""
"28.02.2022,""232,708"",""232,708"",""232,708"",""232,708"",""0,41%"""
"25.02.2022,""231,748"",""231,748"",""231,748"",""231,748"",""-0,33%"""
"24.02.2022,""232,508"",""232,508"",""232,508"",""232,508"",""0,52%"""
"23.02.2022,""231,313"",""231,313"",""231,313"",""231,313"",""0,11%"""
"22.02.2022,""231,062"",""231,062"",""231,062"",""231,062"",""-0,21%"""
"21.02.2022,""231,548"",""231,548"",""231,548"",""231,548"",""-0,21%"""
"18.02.2022,""232,028"",""232,028"",""232,028"",""232,028"",""0,12%"""
"17.02.2022,""231,745"",""231,745"",""231,745"",""231,745"",""0,34%"""
"16.02.2022,""230,955"",""230,955"",""230,955"",""230,955"",""0,34%"""
"15.02.2022,""230,164"",""230,164"",""230,164"",""230,164"",""-0,34%"""
"14.02.2022,""230,948"",""230,948"",""230,948"",""230,948"",""0,03%"""
"11.02.2022,""230,882"",""230,882"",""230,882"",""230,882"",""-0,16%"""
"10.02.2022,""231,247"",""231,247"",""231,247"",""231,247"",""-0,54%"""
"09.02.2022,""232,491"",""232,491"",""232,491"",""232,491"",""0,35%"""
"08.02.2022,""231,677"",""231,677"",""231,677"",""231,677"",""-0,27%"""
"07.02.2022,""232,303"",""232,303"",""232,303"",""232,303"",""-0,43%"""
"04.02.2022,""233,301"",""233,301"",""233,301"",""233,301"",""-0,48%"""
"03.02.2022,""234,421"",""234,421"",""234,421"",""234,421"",""-1,00%"""
"02.02.2022,""236,785"",""236,785"",""236,785"",""236,785"",""0,01%"""
"01.02.2022,""236,765"",""236,765"",""236,765"",""236,765"",""-0,26%"""
"31.01.2022,""237,393"",""237,393"",""237,393"",""237,393"",""-0,35%"""
"28.01.2022,""238,229"",""238,229"",""238,229"",""238,229"",""-0,09%"""
"27.01.2022,""238,439"",""238,439"",""238,439"",""238,439"",""0,08%"""
"26.01.2022,""238,249"",""238,249"",""238,249"",""238,249"",""-0,28%"""
"25.01.2022,""238,924"",""238,924"",""238,924"",""238,924"",""-0,11%"""
"24.01.2022,""239,197"",""239,197"",""239,197"",""239,197"",""0,14%"""
"21.01.2022,""238,854"",""238,854"",""238,854"",""238,854"",""0,21%"""
"20.01.2022,""238,346"",""238,346"",""238,346"",""238,346"",""0,22%"""
"19.01.2022,""237,814"",""237,814"",""237,814"",""237,814"",""-0,13%"""
"18.01.2022,""238,130"",""238,130"",""238,130"",""238,130"",""-0,06%"""
"17.01.2022,""238,282"",""238,282"",""238,282"",""238,282"",""-0,21%"""
"14.01.2022,""238,774"",""238,774"",""238,774"",""238,774"",""-0,31%"""
"13.01.2022,""239,514"",""239,514"",""239,514"",""239,514"",""0,28%"""
"12.01.2022,""238,844"",""238,844"",""238,844"",""238,844"",""0,28%"""
"11.01.2022,""238,172"",""238,172"",""238,172"",""238,172"",""-0,12%"""
"10.01.2022,""238,458"",""238,458"",""238,458"",""238,458"",""0,05%"""
"07.01.2022,""238,347"",""238,347"",""238,347"",""238,347"",""-0,15%"""
"06.01.2022,""238,711"",""238,711"",""238,711"",""238,711"",""-0,34%"""
"05.01.2022,""239,514"",""239,514"",""239,514"",""239,514"",""0,04%"""
"04.01.2022,""239,426"",""239,426"",""239,426"",""239,426"",""-0,24%"""
"31.12.2021,""240,012"",""240,012"",""240,012"",""240,012"",""0,02%"""
"30.12.2021,""239,953"",""239,953"",""239,953"",""239,953"",""-0,09%"""
"29.12.2021,""240,167"",""240,167"",""240,167"",""240,167"",""-0,43%"""
"28.12.2021,""241,210"",""241,210"",""241,210"",""241,210"",""-0,05%"""
"24.12.2021,""241,335"",""241,335"",""241,335"",""241,335"",""0,05%"""
"23.12.2021,""241,221"",""241,221"",""241,221"",""241,221"",""-0,43%"""
"22.12.2021,""242,256"",""242,256"",""242,256"",""242,256"",""-0,13%"""
"21.12.2021,""242,575"",""242,575"",""242,575"",""242,575"",""-0,64%"""
"20.12.2021,""244,132"",""244,132"",""244,132"",""244,132"",""-0,07%"""
"17.12.2021,""244,309"",""244,309"",""244,309"",""244,309"",""0,25%"""
"16.12.2021,""243,693"",""243,693"",""243,693"",""243,693"",""-0,27%"""
"15.12.2021,""244,345"",""244,345"",""244,345"",""244,345"",""-0,07%"""
"14.12.2021,""244,517"",""244,517"",""244,517"",""244,517"",""-0,20%"""
"13.12.2021,""245,002"",""245,002"",""245,002"",""245,002"",""0,35%"""
"10.12.2021,""244,142"",""244,142"",""244,142"",""244,142"",""0,10%"""
"09.12.2021,""243,897"",""243,897"",""243,897"",""243,897"",""0,29%"""
"08.12.2021,""243,204"",""243,204"",""243,204"",""243,204"",""-0,55%"""
"07.12.2021,""244,561"",""244,561"",""244,561"",""244,561"",""0,09%"""
"03.12.2021,""244,330"",""244,330"",""244,330"",""244,330"",""0,05%"""
"02.12.2021,""244,206"",""244,206"",""244,206"",""244,206"",""0,37%"""
"01.12.2021,""243,315"",""243,315"",""243,315"",""243,315"",""-0,20%"""
"30.11.2021,""243,806"",""243,806"",""243,806"",""243,806"",""0,30%"""
"29.11.2021,""243,077"",""243,077"",""243,077"",""243,077"",""-0,11%"""
"26.11.2021,""243,344"",""243,344"",""243,344"",""243,344"",""0,63%"""
"25.11.2021,""241,831"",""241,831"",""241,831"",""241,831"",""0,24%"""
"24.11.2021,""241,264"",""241,264"",""241,264"",""241,264"",""-0,22%"""
"23.11.2021,""241,795"",""241,795"",""241,795"",""241,795"",""-0,60%"""
"22.11.2021,""243,265"",""243,265"",""243,265"",""243,265"",""-0,33%"""
"19.11.2021,""244,061"",""244,061"",""244,061"",""244,061"",""0,42%"""
"18.11.2021,""243,037"",""243,037"",""243,037"",""243,037"",""0,32%"""
"17.11.2021,""242,253"",""242,253"",""242,253"",""242,253"",""-0,09%"""
"16.11.2021,""242,461"",""242,461"",""242,461"",""242,461"",""-0,03%"""
"15.11.2021,""242,527"",""242,527"",""242,527"",""242,527"",""-0,10%"""
"12.11.2021,""242,760"",""242,760"",""242,760"",""242,760"",""0,10%"""
"11.11.2021,""242,517"",""242,517"",""242,517"",""242,517"",""-0,20%"""
"10.11.2021,""242,999"",""242,999"",""242,999"",""242,999"",""-0,42%"""
"09.11.2021,""244,027"",""244,027"",""244,027"",""244,027"",""0,41%"""
"08.11.2021,""243,041"",""243,041"",""243,041"",""243,041"",""-0,22%"""
"05.11.2021,""243,585"",""243,585"",""243,585"",""243,585"",""0,48%"""
"04.11.2021,""242,412"",""242,412"",""242,412"",""242,412"",""0,37%"""
"03.11.2021,""241,529"",""241,529"",""241,529"",""241,529"",""0,09%"""
"02.11.2021,""241,317"",""241,317"",""241,317"",""241,317"",""0,66%"""
"01.11.2021,""239,741"",""239,741"",""239,741"",""239,741"",""-0,07%"""
"29.10.2021,""239,907"",""239,907"",""239,907"",""239,907"",""-0,55%"""
"28.10.2021,""241,234"",""241,234"",""241,234"",""241,234"",""-0,29%"""
"27.10.2021,""241,931"",""241,931"",""241,931"",""241,931"",""0,49%"""
"26.10.2021,""240,763"",""240,763"",""240,763"",""240,763"",""-0,03%"""
"25.10.2021,""240,824"",""240,824"",""240,824"",""240,824"",""0,13%"""
"22.10.2021,""240,509"",""240,509"",""240,509"",""240,509"",""0,06%"""
"21.10.2021,""240,359"",""240,359"",""240,359"",""240,359"",""-0,16%"""
"20.10.2021,""240,736"",""240,736"",""240,736"",""240,736"",""0,09%"""
"19.10.2021,""240,520"",""240,520"",""240,520"",""240,520"",""-0,32%"""
"18.10.2021,""241,283"",""241,283"",""241,283"",""241,283"",""-0,10%"""
"15.10.2021,""241,528"",""241,528"",""241,528"",""241,528"",""-0,10%"""
"14.10.2021,""241,770"",""241,770"",""241,770"",""241,770"",""0,37%"""
"13.10.2021,""240,874"",""240,874"",""240,874"",""240,874"",""0,34%"""
"12.10.2021,""240,061"",""240,061"",""240,061"",""240,061"",""-0,10%"""
"11.10.2021,""240,305"",""240,305"",""240,305"",""240,305"",""-0,21%"""
"08.10.2021,""240,813"",""240,813"",""240,813"",""240,813"",""-0,20%"""
"07.10.2021,""241,307"",""241,307"",""241,307"",""241,307"",""0,07%"""
"06.10.2021,""241,147"",""241,147"",""241,147"",""241,147"",""-0,04%"""
"05.10.2021,""241,254"",""241,254"",""241,254"",""241,254"",""-0,20%"""
"04.10.2021,""241,735"",""241,735"",""241,735"",""241,735"",""-0,08%"""
"01.10.2021,""241,941"",""241,941"",""241,941"",""241,941"",""0,21%"""
"30.09.2021,""241,441"",""241,441"",""241,441"",""241,441"",""-0,21%"""
"29.09.2021,""241,946"",""241,946"",""241,946"",""241,946"",""0,14%"""
"28.09.2021,""241,605"",""241,605"",""241,605"",""241,605"",""-0,18%"""
"27.09.2021,""242,048"",""242,048"",""242,048"",""242,048"",""-0,06%"""
"24.09.2021,""242,182"",""242,182"",""242,182"",""242,182"",""-0,28%"""
"23.09.2021,""242,866"",""242,866"",""242,866"",""242,866"",""-0,45%"""
"22.09.2021,""243,974"",""243,974"",""243,974"",""243,974"",""0,05%"""
"21.09.2021,""243,856"",""243,856"",""243,856"",""243,856"",""0,13%"""
"20.09.2021,""243,538"",""243,538"",""243,538"",""243,538"",""0,19%"""
"17.09.2021,""243,075"",""243,075"",""243,075"",""243,075"",""-0,19%"""
"16.09.2021,""243,526"",""243,526"",""243,526"",""243,526"",""-0,06%"""
"15.09.2021,""243,665"",""243,665"",""243,665"",""243,665"",""-0,22%"""
"14.09.2021,""244,194"",""244,194"",""244,194"",""244,194"",""0,12%"""
"13.09.2021,""243,900"",""243,900"",""243,900"",""243,900"",""-0,02%"""
"10.09.2021,""243,958"",""243,958"",""243,958"",""243,958"",""-0,21%"""
"09.09.2021,""244,478"",""244,478"",""244,478"",""244,478"",""0,39%"""
"08.09.2021,""243,521"",""243,521"",""243,521"",""243,521"",""0,07%"""
"07.09.2021,""243,349"",""243,349"",""243,349"",""243,349"",""-0,39%"""
"06.09.2021,""244,302"",""244,302"",""244,302"",""244,302"",""0,07%"""
"03.09.2021,""244,128"",""244,128"",""244,128"",""244,128"",""-0,15%"""
"02.09.2021,""244,493"",""244,493"",""244,493"",""244,493"",""0,13%"""
"01.09.2021,""244,185"",""244,185"",""244,185"",""244,185"",""-0,07%"""
"31.08.2021,""244,363"",""244,363"",""244,363"",""244,363"",""-0,45%"""
"30.08.2021,""245,467"",""245,467"",""245,467"",""245,467"",""0,17%"""
"27.08.2021,""245,059"",""245,059"",""245,059"",""245,059"",""0,03%"""
"26.08.2021,""244,989"",""244,989"",""244,989"",""244,989"",""-0,04%"""
"25.08.2021,""245,084"",""245,084"",""245,084"",""245,084"",""-0,54%"""
"24.08.2021,""246,425"",""246,425"",""246,425"",""246,425"",""-0,02%"""
"23.08.2021,""246,462"",""246,462"",""246,462"",""246,462"",""-0,15%"""
"20.08.2021,""246,842"",""246,842"",""246,842"",""246,842"",""0,07%"""
"19.08.2021,""246,660"",""246,660"",""246,660"",""246,660"",""0,04%"""
"18.08.2021,""246,554"",""246,554"",""246,554"",""246,554"",""0,08%"""
"17.08.2021,""246,350"",""246,350"",""246,350"",""246,350"",""-0,03%"""
"13.08.2021,""246,414"",""246,414"",""246,414"",""246,414"",""0,02%"""
"12.08.2021,""246,366"",""246,366"",""246,366"",""246,366"",""0,06%"""
"11.08.2021,""246,227"",""246,227"",""246,227"",""246,227"",""-0,11%"""
"10.08.2021,""246,495"",""246,495"",""246,495"",""246,495"",""0,10%"""
"09.08.2021,""246,240"",""246,240"",""246,240"",""246,240"",""0,06%"""
"06.08.2021,""246,088"",""246,088"",""246,088"",""246,088"",""-0,38%"""
"05.08.2021,""247,023"",""247,023"",""247,023"",""247,023"",""0,25%"""
"04.08.2021,""246,414"",""246,414"",""246,414"",""246,414"",""-0,02%"""
"03.08.2021,""246,456"",""246,456"",""246,456"",""246,456"",""0,07%"""
"02.08.2021,""246,284"",""246,284"",""246,284"",""246,284"",""0,22%"""
"30.07.2021,""245,755"",""245,755"",""245,755"",""245,755"",""0,06%"""
"29.07.2021,""245,602"",""245,602"",""245,602"",""245,602"",""0,04%"""
"28.07.2021,""245,500"",""245,500"",""245,500"",""245,500"",""-0,01%"""
"27.07.2021,""245,533"",""245,533"",""245,533"",""245,533"",""0,10%"""
"26.07.2021,""245,286"",""245,286"",""245,286"",""245,286"",""-0,02%"""
"23.07.2021,""245,341"",""245,341"",""245,341"",""245,341"",""0,05%"""
"22.07.2021,""245,215"",""245,215"",""245,215"",""245,215"",""0,24%"""
"21.07.2021,""244,627"",""244,627"",""244,627"",""244,627"",""-0,19%"""
"20.07.2021,""245,093"",""245,093"",""245,093"",""245,093"",""0,16%"""
"19.07.2021,""244,705"",""244,705"",""244,705"",""244,705"",""0,24%"""
"16.07.2021,""244,130"",""244,130"",""244,130"",""244,130"",""0,18%"""
"15.07.2021,""243,693"",""243,693"",""243,693"",""243,693"",""0,08%"""
"14.07.2021,""243,503"",""243,503"",""243,503"",""243,503"",""0,09%"""
"13.07.2021,""243,278"",""243,278"",""243,278"",""243,278"",""0,09%"""
"12.07.2021,""243,063"",""243,063"",""243,063"",""243,063"",""0,09%"""
"09.07.2021,""242,837"",""242,837"",""242,837"",""242,837"",""-0,20%"""
"08.07.2021,""243,329"",""243,329"",""243,329"",""243,329"",""0,02%"""
"07.07.2021,""243,279"",""243,279"",""243,279"",""243,279"",""0,19%"""
"06.07.2021,""242,820"",""242,820"",""242,820"",""242,820"",""0,46%"""
"05.07.2021,""241,716"",""241,716"",""241,716"",""241,716"",""-0,17%"""
"02.07.2021,""242,126"",""242,126"",""242,126"",""242,126"",""0,24%"""
"01.07.2021,""241,556"",""241,556"",""241,556"",""241,556"",""0,03%"""
"30.06.2021,""241,495"",""241,495"",""241,495"",""241,495"",""0,30%"""
"29.06.2021,""240,765"",""240,765"",""240,765"",""240,765"",""-0,02%"""
"28.06.2021,""240,823"",""240,823"",""240,823"",""240,823"",""0,27%"""
"25.06.2021,""240,185"",""240,185"",""240,185"",""240,185"",""-0,38%"""
"24.06.2021,""241,098"",""241,098"",""241,098"",""241,098"",""0,07%"""
"23.06.2021,""240,920"",""240,920"",""240,920"",""240,920"",""0,05%"""
"22.06.2021,""240,800"",""240,800"",""240,800"",""240,800"",""-0,09%"""
"21.06.2021,""241,011"",""241,011"",""241,011"",""241,011"",""-0,13%"""
"18.06.2021,""241,333"",""241,333"",""241,333"",""241,333"",""0,02%"""
"17.06.2021,""241,280"",""241,280"",""241,280"",""241,280"",""-0,13%"""
"16.06.2021,""241,606"",""241,606"",""241,606"",""241,606"",""0,05%"""
"15.06.2021,""241,486"",""241,486"",""241,486"",""241,486"",""-0,12%"""
"14.06.2021,""241,765"",""241,765"",""241,765"",""241,765"",""-0,17%"""
"11.06.2021,""242,166"",""242,166"",""242,166"",""242,166"",""0,25%"""
"10.06.2021,""241,565"",""241,565"",""241,565"",""241,565"",""-0,07%"""
"09.06.2021,""241,727"",""241,727"",""241,727"",""241,727"",""0,25%"""
"08.06.2021,""241,127"",""241,127"",""241,127"",""241,127"",""0,20%"""
"07.06.2021,""240,649"",""240,649"",""240,649"",""240,649"",""-0,11%"""
"04.06.2021,""240,926"",""240,926"",""240,926"",""240,926"",""0,15%"""
"03.06.2021,""240,554"",""240,554"",""240,554"",""240,554"",""-0,09%"""
"02.06.2021,""240,781"",""240,781"",""240,781"",""240,781"",""0,13%"""
"01.06.2021,""240,457"",""240,457"",""240,457"",""240,457"",""-0,01%"""
"31.05.2021,""240,472"",""240,472"",""240,472"",""240,472"",""0,03%"""
"28.05.2021,""240,400"",""240,400"",""240,400"",""240,400"",""-0,03%"""
"27.05.2021,""240,466"",""240,466"",""240,466"",""240,466"",""-0,15%"""
"26.05.2021,""240,828"",""240,828"",""240,828"",""240,828"",""0,32%"""
"25.05.2021,""240,063"",""240,063"",""240,063"",""240,063"",""0,27%"""
"24.05.2021,""239,412"",""239,412"",""239,412"",""239,412"",""0,09%"""
"21.05.2021,""239,197"",""239,197"",""239,197"",""239,197"",""0,18%"""
"20.05.2021,""238,758"",""238,758"",""238,758"",""238,758"",""0,18%"""
"19.05.2021,""238,324"",""238,324"",""238,324"",""238,324"",""-0,01%"""
"18.05.2021,""238,352"",""238,352"",""238,352"",""238,352"",""0,03%"""
"17.05.2021,""238,270"",""238,270"",""238,270"",""238,270"",""-0,15%"""
"14.05.2021,""238,622"",""238,622"",""238,622"",""238,622"",""-0,03%"""
"13.05.2021,""238,691"",""238,691"",""238,691"",""238,691"",""-0,09%"""
"12.05.2021,""238,898"",""238,898"",""238,898"",""238,898"",""-0,26%"""
"11.05.2021,""239,528"",""239,528"",""239,528"",""239,528"",""-0,42%"""
"10.05.2021,""240,538"",""240,538"",""240,538"",""240,538"",""0,02%"""
"07.05.2021,""240,500"",""240,500"",""240,500"",""240,500"",""-0,19%"""
"06.05.2021,""240,954"",""240,954"",""240,954"",""240,954"",""-0,04%"""
"05.05.2021,""241,050"",""241,050"",""241,050"",""241,050"",""-0,15%"""
"04.05.2021,""241,401"",""241,401"",""241,401"",""241,401"",""0,20%"""
"03.05.2021,""240,908"",""240,908"",""240,908"",""240,908"",""0,12%"""
"29.04.2021,""240,612"",""240,612"",""240,612"",""240,612"",""-0,35%"""
"28.04.2021,""241,450"",""241,450"",""241,450"",""241,450"",""-0,13%"""
"27.04.2021,""241,773"",""241,773"",""241,773"",""241,773"",""-0,08%"""
"26.04.2021,""241,963"",""241,963"",""241,963"",""241,963"",""-0,01%"""
"23.04.2021,""241,985"",""241,985"",""241,985"",""241,985"",""-0,12%"""
"22.04.2021,""242,272"",""242,272"",""242,272"",""242,272"",""0,03%"""
"21.04.2021,""242,203"",""242,203"",""242,203"",""242,203"",""0,12%"""
"20.04.2021,""241,910"",""241,910"",""241,910"",""241,910"",""0,07%"""
"19.04.2021,""241,734"",""241,734"",""241,734"",""241,734"",""-0,08%"""
"14.04.2021,""241,940"",""241,940"",""241,940"",""241,940"",""-0,16%"""
"13.04.2021,""242,322"",""242,322"",""242,322"",""242,322"",""-0,06%"""
"12.04.2021,""242,466"",""242,466"",""242,466"",""242,466"",""-0,36%"""
"08.04.2021,""243,331"",""243,331"",""243,331"",""243,331"",""0,10%"""
"07.04.2021,""243,077"",""243,077"",""243,077"",""243,077"",""0,00%"""
"06.04.2021,""243,068"",""243,068"",""243,068"",""243,068"",""-0,21%"""
"05.04.2021,""243,573"",""243,573"",""243,573"",""243,573"",""0,01%"""
"01.04.2021,""243,539"",""243,539"",""243,539"",""243,539"",""0,23%"""
"31.03.2021,""242,988"",""242,988"",""242,988"",""242,988"",""0,15%"""
"30.03.2021,""242,626"",""242,626"",""242,626"",""242,626"",""-0,27%"""
"29.03.2021,""243,274"",""243,274"",""243,274"",""243,274"",""-0,27%"""
"26.03.2021,""243,932"",""243,932"",""243,932"",""243,932"",""-0,20%"""
"25.03.2021,""244,421"",""244,421"",""244,421"",""244,421"",""0,16%"""
"24.03.2021,""244,038"",""244,038"",""244,038"",""244,038"",""0,13%"""
"23.03.2021,""243,709"",""243,709"",""243,709"",""243,709"",""0,26%"""
"22.03.2021,""243,089"",""243,089"",""243,089"",""243,089"",""0,09%"""
"19.03.2021,""242,871"",""242,871"",""242,871"",""242,871"",""0,20%"""
"18.03.2021,""242,394"",""242,394"",""242,394"",""242,394"",""-0,13%"""
"17.03.2021,""242,706"",""242,706"",""242,706"",""242,706"",""-0,47%"""
"16.03.2021,""243,858"",""243,858"",""243,858"",""243,858"",""-0,04%"""
"15.03.2021,""243,963"",""243,963"",""243,963"",""243,963"",""0,25%"""
"12.03.2021,""243,359"",""243,359"",""243,359"",""243,359"",""-0,31%"""
"11.03.2021,""244,113"",""244,113"",""244,113"",""244,113"",""0,26%"""
"10.03.2021,""243,468"",""243,468"",""243,468"",""243,468"",""0,05%"""
"09.03.2021,""243,340"",""243,340"",""243,340"",""243,340"",""0,24%"""
"08.03.2021,""242,759"",""242,759"",""242,759"",""242,759"",""-0,03%"""
"05.03.2021,""242,833"",""242,833"",""242,833"",""242,833"",""-0,14%"""
"04.03.2021,""243,182"",""243,182"",""243,182"",""243,182"",""0,07%"""
"03.03.2021,""243,017"",""243,017"",""243,017"",""243,017"",""-0,41%"""
"02.03.2021,""244,010"",""244,010"",""244,010"",""244,010"",""-0,05%"""
"01.03.2021,""244,131"",""244,131"",""244,131"",""244,131"",""0,60%"""
"26.02.2021,""242,686"",""242,686"",""242,686"",""242,686"",""0,37%"""
"25.02.2021,""241,788"",""241,788"",""241,788"",""241,788"",""-0,46%"""
"24.02.2021,""242,900"",""242,900"",""242,900"",""242,900"",""-0,29%"""
"23.02.2021,""243,609"",""243,609"",""243,609"",""243,609"",""-0,25%"""
"22.02.2021,""244,222"",""244,222"",""244,222"",""244,222"",""0,26%"""
"19.02.2021,""243,582"",""243,582"",""243,582"",""243,582"",""-0,13%"""
"18.02.2021,""243,907"",""243,907"",""243,907"",""243,907"",""-0,32%"""
"17.02.2021,""244,685"",""244,685"",""244,685"",""244,685"",""-0,04%"""
"16.02.2021,""244,785"",""244,785"",""244,785"",""244,785"",""-0,20%"""
"15.02.2021,""245,265"",""245,265"",""245,265"",""245,265"",""-0,33%"""
"12.02.2021,""246,070"",""246,070"",""246,070"",""246,070"",""-0,29%"""
"11.02.2021,""246,794"",""246,794"",""246,794"",""246,794"",""0,15%"""
"10.02.2021,""246,418"",""246,418"",""246,418"",""246,418"",""-0,07%"""
"09.02.2021,""246,601"",""246,601"",""246,601"",""246,601"",""0,04%"""
"08.02.2021,""246,510"",""246,510"",""246,510"",""246,510"",""-0,02%"""
"05.02.2021,""246,550"",""246,550"",""246,550"",""246,550"",""-0,04%"""
"04.02.2021,""246,645"",""246,645"",""246,645"",""246,645"",""-0,02%"""
"03.02.2021,""246,692"",""246,692"",""246,692"",""246,692"",""-0,02%"""
"02.02.2021,""246,739"",""246,739"",""246,739"",""246,739"",""-0,23%"""
"01.02.2021,""247,300"",""247,300"",""247,300"",""247,300"",""0,03%"""
"29.01.2021,""247,217"",""247,217"",""247,217"",""247,217"",""-0,23%"""
"28.01.2021,""247,782"",""247,782"",""247,782"",""247,782"",""-0,01%"""
"27.01.2021,""247,797"",""247,797"",""247,797"",""247,797"",""0,04%"""
"26.01.2021,""247,697"",""247,697"",""247,697"",""247,697"",""-0,06%"""
"25.01.2021,""247,846"",""247,846"",""247,846"",""247,846"",""0,36%"""
"22.01.2021,""246,949"",""246,949"",""246,949"",""246,949"",""0,06%"""
"21.01.2021,""246,812"",""246,812"",""246,812"",""246,812"",""-0,43%"""
"20.01.2021,""247,885"",""247,885"",""247,885"",""247,885"",""-0,05%"""
"19.01.2021,""248,010"",""248,010"",""248,010"",""248,010"",""0,11%"""
"18.01.2021,""247,726"",""247,726"",""247,726"",""247,726"",""-0,16%"""
"15.01.2021,""248,129"",""248,129"",""248,129"",""248,129"",""-0,04%"""
"14.01.2021,""248,232"",""248,232"",""248,232"",""248,232"",""0,01%"""
"13.01.2021,""248,197"",""248,197"",""248,197"",""248,197"",""0,49%"""
"12.01.2021,""246,977"",""246,977"",""246,977"",""246,977"",""-0,41%"""
"11.01.2021,""247,990"",""247,990"",""247,990"",""247,990"",""-0,22%"""
"08.01.2021,""248,536"",""248,536"",""248,536"",""248,536"",""0,10%"""
"07.01.2021,""248,277"",""248,277"",""248,277"",""248,277"",""-0,05%"""
"06.01.2021,""248,404"",""248,404"",""248,404"",""248,404"",""-0,17%"""
"05.01.2021,""248,823"",""248,823"",""248,823"",""248,823"",""-0,17%"""
"04.01.2021,""249,250"",""249,250"",""249,250"",""249,250"",""0,23%"""
"31.12.2020,""248,687"",""248,687"",""248,687"",""248,687"",""0,00%"""
"30.12.2020,""248,678"",""248,678"",""248,678"",""248,678"",""-0,04%"""
"29.12.2020,""248,766"",""248,766"",""248,766"",""248,766"",""0,11%"""
"28.12.2020,""248,504"",""248,504"",""248,504"",""248,504"",""0,15%"""
"24.12.2020,""248,140"",""248,140"",""248,140"",""248,140"",""0,07%"""
"23.12.2020,""247,965"",""247,965"",""247,965"",""247,965"",""-0,39%"""
"22.12.2020,""248,927"",""248,927"",""248,927"",""248,927"",""0,07%"""
"21.12.2020,""248,758"",""248,758"",""248,758"",""248,758"",""0,03%"""
"18.12.2020,""248,674"",""248,674"",""248,674"",""248,674"",""-0,07%"""
"17.12.2020,""248,852"",""248,852"",""248,852"",""248,852"",""0,04%"""
"16.12.2020,""248,743"",""248,743"",""248,743"",""248,743"",""-0,30%"""
"15.12.2020,""249,495"",""249,495"",""249,495"",""249,495"",""0,01%"""
"14.12.2020,""249,477"",""249,477"",""249,477"",""249,477"",""-0,08%"""
"11.12.2020,""249,674"",""249,674"",""249,674"",""249,674"",""0,27%"""
"10.12.2020,""248,997"",""248,997"",""248,997"",""248,997"",""-0,02%"""
"09.12.2020,""249,048"",""249,048"",""249,048"",""249,048"",""-0,01%"""
"08.12.2020,""249,067"",""249,067"",""249,067"",""249,067"",""0,21%"""
"07.12.2020,""248,545"",""248,545"",""248,545"",""248,545"",""0,27%"""
"04.12.2020,""247,885"",""247,885"",""247,885"",""247,885"",""-0,10%"""
"03.12.2020,""248,145"",""248,145"",""248,145"",""248,145"",""0,24%"""
"02.12.2020,""247,551"",""247,551"",""247,551"",""247,551"",""0,05%"""
"01.12.2020,""247,438"",""247,438"",""247,438"",""247,438"",""-0,38%"""
"30.11.2020,""248,386"",""248,386"",""248,386"",""248,386"",""-0,12%"""
"27.11.2020,""248,683"",""248,683"",""248,683"",""248,683"",""-0,00%"""
"26.11.2020,""248,694"",""248,694"",""248,694"",""248,694"",""0,09%"""
"25.11.2020,""248,468"",""248,468"",""248,468"",""248,468"",""0,03%"""
"24.11.2020,""248,402"",""248,402"",""248,402"",""248,402"",""-0,00%"""
"23.11.2020,""248,410"",""248,410"",""248,410"",""248,410"",""-0,07%"""
"20.11.2020,""248,589"",""248,589"",""248,589"",""248,589"",""0,05%"""
"19.11.2020,""248,466"",""248,466"",""248,466"",""248,466"",""0,08%"""
"18.11.2020,""248,273"",""248,273"",""248,273"",""248,273"",""-0,02%"""
"17.11.2020,""248,334"",""248,334"",""248,334"",""248,334"",""0,15%"""
"16.11.2020,""247,963"",""247,963"",""247,963"",""247,963"",""0,09%"""
"13.11.2020,""247,738"",""247,738"",""247,738"",""247,738"",""0,14%"""
"12.11.2020,""247,382"",""247,382"",""247,382"",""247,382"",""0,24%"""
"11.11.2020,""246,783"",""246,783"",""246,783"",""246,783"",""0,19%"""
"10.11.2020,""246,311"",""246,311"",""246,311"",""246,311"",""-0,09%"""
"09.11.2020,""246,535"",""246,535"",""246,535"",""246,535"",""-0,77%"""
"06.11.2020,""248,447"",""248,447"",""248,447"",""248,447"",""-0,12%"""
"05.11.2020,""248,756"",""248,756"",""248,756"",""248,756"",""-0,00%"""
"04.11.2020,""248,761"",""248,761"",""248,761"",""248,761"",""0,19%"""
"03.11.2020,""248,281"",""248,281"",""248,281"",""248,281"",""0,02%"""
"02.11.2020,""248,229"",""248,229"",""248,229"",""248,229"",""0,02%"""
"30.10.2020,""248,184"",""248,184"",""248,184"",""248,184"",""-0,03%"""
"29.10.2020,""248,268"",""248,268"",""248,268"",""248,268"",""0,23%"""
"28.10.2020,""247,708"",""247,708"",""247,708"",""247,708"",""-0,09%"""
"27.10.2020,""247,943"",""247,943"",""247,943"",""247,943"",""0,28%"""
"26.10.2020,""247,258"",""247,258"",""247,258"",""247,258"",""0,11%"""
"23.10.2020,""246,975"",""246,975"",""246,975"",""246,975"",""0,11%"""
"22.10.2020,""246,695"",""246,695"",""246,695"",""246,695"",""-0,31%"""
"21.10.2020,""247,454"",""247,454"",""247,454"",""247,454"",""-0,10%"""
"20.10.2020,""247,706"",""247,706"",""247,706"",""247,706"",""-0,13%"""
"19.10.2020,""248,018"",""248,018"",""248,018"",""248,018"",""-0,18%"""
"16.10.2020,""248,476"",""248,476"",""248,476"",""248,476"",""0,15%"""
"15.10.2020,""248,096"",""248,096"",""248,096"",""248,096"",""0,08%"""
"14.10.2020,""247,908"",""247,908"",""247,908"",""247,908"",""0,11%"""
"13.10.2020,""247,646"",""247,646"",""247,646"",""247,646"",""0,11%"""
"12.10.2020,""247,369"",""247,369"",""247,369"",""247,369"",""0,15%"""
"09.10.2020,""246,989"",""246,989"",""246,989"",""246,989"",""0,20%"""
"08.10.2020,""246,492"",""246,492"",""246,492"",""246,492"",""0,19%"""
"07.10.2020,""246,021"",""246,021"",""246,021"",""246,021"",""-0,05%"""
"06.10.2020,""246,155"",""246,155"",""246,155"",""246,155"",""-0,01%"""
"05.10.2020,""246,178"",""246,178"",""246,178"",""246,178"",""-0,09%"""
"02.10.2020,""246,406"",""246,406"",""246,406"",""246,406"",""0,09%"""
"01.10.2020,""246,190"",""246,190"",""246,190"",""246,190"",""0,11%"""
"30.09.2020,""245,926"",""245,926"",""245,926"",""245,926"",""-0,21%"""
"29.09.2020,""246,455"",""246,455"",""246,455"",""246,455"",""0,19%"""
"28.09.2020,""245,995"",""245,995"",""245,995"",""245,995"",""0,02%"""
"25.09.2020,""245,945"",""245,945"",""245,945"",""245,945"",""0,07%"""
"24.09.2020,""245,783"",""245,783"",""245,783"",""245,783"",""0,00%"""
"23.09.2020,""245,781"",""245,781"",""245,781"",""245,781"",""-0,03%"""
"22.09.2020,""245,856"",""245,856"",""245,856"",""245,856"",""0,01%"""
"21.09.2020,""245,837"",""245,837"",""245,837"",""245,837"",""0,29%"""
"18.09.2020,""245,124"",""245,124"",""245,124"",""245,124"",""-0,10%"""
"17.09.2020,""245,381"",""245,381"",""245,381"",""245,381"",""0,16%"""
"16.09.2020,""244,981"",""244,981"",""244,981"",""244,981"",""0,07%"""
"15.09.2020,""244,802"",""244,802"",""244,802"",""244,802"",""0,19%"""
"11.09.2020,""244,333"",""244,333"",""244,333"",""244,333"",""0,36%"""
"10.09.2020,""243,459"",""243,459"",""243,459"",""243,459"",""-0,16%"""
"09.09.2020,""243,845"",""243,845"",""243,845"",""243,845"",""-0,15%"""
"08.09.2020,""244,201"",""244,201"",""244,201"",""244,201"",""0,21%"""
"07.09.2020,""243,680"",""243,680"",""243,680"",""243,680"",""-0,15%"""
"04.09.2020,""244,047"",""244,047"",""244,047"",""244,047"",""-0,23%"""
"03.09.2020,""244,612"",""244,612"",""244,612"",""244,612"",""0,12%"""
"02.09.2020,""244,315"",""244,315"",""244,315"",""244,315"",""0,55%"""
"01.09.2020,""242,972"",""242,972"",""242,972"",""242,972"",""0,16%"""
"31.08.2020,""242,593"",""242,593"",""242,593"",""242,593"",""-0,15%"""
"28.08.2020,""242,953"",""242,953"",""242,953"",""242,953"",""0,00%"""
"27.08.2020,""242,947"",""242,947"",""242,947"",""242,947"",""-0,11%"""
"26.08.2020,""243,210"",""243,210"",""243,210"",""243,210"",""-0,01%"""
"25.08.2020,""243,237"",""243,237"",""243,237"",""243,237"",""-0,58%"""
"24.08.2020,""244,666"",""244,666"",""244,666"",""244,666"",""-0,04%"""
"21.08.2020,""244,756"",""244,756"",""244,756"",""244,756"",""-0,06%"""
"20.08.2020,""244,892"",""244,892"",""244,892"",""244,892"",""0,11%"""
"19.08.2020,""244,619"",""244,619"",""244,619"",""244,619"",""0,12%"""
"18.08.2020,""244,320"",""244,320"",""244,320"",""244,320"",""0,07%"""
"17.08.2020,""244,150"",""244,150"",""244,150"",""244,150"",""0,29%"""
"14.08.2020,""243,435"",""243,435"",""243,435"",""243,435"",""0,07%"""
"13.08.2020,""243,255"",""243,255"",""243,255"",""243,255"",""-0,38%"""
"12.08.2020,""244,190"",""244,190"",""244,190"",""244,190"",""-0,16%"""
"11.08.2020,""244,585"",""244,585"",""244,585"",""244,585"",""-0,32%"""
"10.08.2020,""245,367"",""245,367"",""245,367"",""245,367"",""0,14%"""
"07.08.2020,""245,032"",""245,032"",""245,032"",""245,032"",""-0,06%"""
"06.08.2020,""245,183"",""245,183"",""245,183"",""245,183"",""0,25%"""
"05.08.2020,""244,563"",""244,563"",""244,563"",""244,563"",""-0,28%"""
"04.08.2020,""245,253"",""245,253"",""245,253"",""245,253"",""0,34%"""
"03.08.2020,""244,419"",""244,419"",""244,419"",""244,419"",""-0,03%"""
"31.07.2020,""244,483"",""244,483"",""244,483"",""244,483"",""-0,16%"""
"30.07.2020,""244,877"",""244,877"",""244,877"",""244,877"",""0,30%"""
"29.07.2020,""244,155"",""244,155"",""244,155"",""244,155"",""-0,07%"""
"28.07.2020,""244,319"",""244,319"",""244,319"",""244,319"",""0,03%"""
"27.07.2020,""244,238"",""244,238"",""244,238"",""244,238"",""0,27%"""
"24.07.2020,""243,573"",""243,573"",""243,573"",""243,573"",""-0,28%"""
"23.07.2020,""244,250"",""244,250"",""244,250"",""244,250"",""0,07%"""
"22.07.2020,""244,077"",""244,077"",""244,077"",""244,077"",""0,25%"""
"21.07.2020,""243,471"",""243,471"",""243,471"",""243,471"",""0,00%"""
"20.07.2020,""243,465"",""243,465"",""243,465"",""243,465"",""0,31%"""
"17.07.2020,""242,705"",""242,705"",""242,705"",""242,705"",""-0,10%"""
"16.07.2020,""242,952"",""242,952"",""242,952"",""242,952"",""0,15%"""
"15.07.2020,""242,598"",""242,598"",""242,598"",""242,598"",""-0,01%"""
"14.07.2020,""242,619"",""242,619"",""242,619"",""242,619"",""0,33%"""
"13.07.2020,""241,829"",""241,829"",""241,829"",""241,829"",""-0,40%"""
"10.07.2020,""242,799"",""242,799"",""242,799"",""242,799"",""0,02%"""
"09.07.2020,""242,750"",""242,750"",""242,750"",""242,750"",""0,02%"""
"08.07.2020,""242,703"",""242,703"",""242,703"",""242,703"",""0,24%"""
"07.07.2020,""242,111"",""242,111"",""242,111"",""242,111"",""0,05%"""
"06.07.2020,""242,000"",""242,000"",""242,000"",""242,000"",""0,10%"""
"03.07.2020,""241,747"",""241,747"",""241,747"",""241,747"",""-0,08%"""
"02.07.2020,""241,932"",""241,932"",""241,932"",""241,932"",""0,37%"""
"01.07.2020,""241,046"",""241,046"",""241,046"",""241,046"",""-0,41%"""
"30.06.2020,""242,049"",""242,049"",""242,049"",""242,049"",""-0,01%"""
"29.06.2020,""242,075"",""242,075"",""242,075"",""242,075"",""-0,01%"""
"26.06.2020,""242,098"",""242,098"",""242,098"",""242,098"",""0,04%"""
"25.06.2020,""242,009"",""242,009"",""242,009"",""242,009"",""0,13%"""
"24.06.2020,""241,693"",""241,693"",""241,693"",""241,693"",""0,21%"""
"23.06.2020,""241,179"",""241,179"",""241,179"",""241,179"",""-0,27%"""
"22.06.2020,""241,835"",""241,835"",""241,835"",""241,835"",""0,26%"""
"19.06.2020,""241,208"",""241,208"",""241,208"",""241,208"",""0,11%"""
"18.06.2020,""240,953"",""240,953"",""240,953"",""240,953"",""0,22%"""
"17.06.2020,""240,436"",""240,436"",""240,436"",""240,436"",""0,03%"""
"16.06.2020,""240,373"",""240,373"",""240,373"",""240,373"",""0,09%"""
"15.06.2020,""240,166"",""240,166"",""240,166"",""240,166"",""0,02%"""
"12.06.2020,""240,115"",""240,115"",""240,115"",""240,115"",""0,17%"""
"11.06.2020,""239,714"",""239,714"",""239,714"",""239,714"",""0,57%"""
"10.06.2020,""238,349"",""238,349"",""238,349"",""238,349"",""-0,07%"""
"09.06.2020,""238,511"",""238,511"",""238,511"",""238,511"",""-0,19%"""
"08.06.2020,""238,977"",""238,977"",""238,977"",""238,977"",""0,31%"""
"05.06.2020,""238,229"",""238,229"",""238,229"",""238,229"",""-0,26%"""
"04.06.2020,""238,857"",""238,857"",""238,857"",""238,857"",""0,22%"""
"03.06.2020,""238,333"",""238,333"",""238,333"",""238,333"",""-0,41%"""
"02.06.2020,""239,319"",""239,319"",""239,319"",""239,319"",""0,08%"""
"01.06.2020,""239,129"",""239,129"",""239,129"",""239,129"",""-0,28%"""
"29.05.2020,""239,791"",""239,791"",""239,791"",""239,791"",""0,08%"""
"28.05.2020,""239,589"",""239,589"",""239,589"",""239,589"",""0,21%"""
"27.05.2020,""239,075"",""239,075"",""239,075"",""239,075"",""0,22%"""
"26.05.2020,""238,551"",""238,551"",""238,551"",""238,551"",""-0,18%"""
"25.05.2020,""238,980"",""238,980"",""238,980"",""238,980"",""0,04%"""
"22.05.2020,""238,891"",""238,891"",""238,891"",""238,891"",""-0,02%"""
"21.05.2020,""238,929"",""238,929"",""238,929"",""238,929"",""0,10%"""
"20.05.2020,""238,684"",""238,684"",""238,684"",""238,684"",""0,11%"""
"19.05.2020,""238,428"",""238,428"",""238,428"",""238,428"",""0,25%"""
"18.05.2020,""237,827"",""237,827"",""237,827"",""237,827"",""-0,04%"""
"15.05.2020,""237,915"",""237,915"",""237,915"",""237,915"",""-0,12%"""
"14.05.2020,""238,190"",""238,190"",""238,190"",""238,190"",""-0,08%"""
"13.05.2020,""238,382"",""238,382"",""238,382"",""238,382"",""0,31%"""
"12.05.2020,""237,652"",""237,652"",""237,652"",""237,652"",""0,09%"""
"11.05.2020,""237,429"",""237,429"",""237,429"",""237,429"",""-0,25%"""
"08.05.2020,""238,017"",""238,017"",""238,017"",""238,017"",""0,17%"""
"07.05.2020,""237,615"",""237,615"",""237,615"",""237,615"",""0,25%"""
"06.05.2020,""237,015"",""237,015"",""237,015"",""237,015"",""-0,56%"""
"05.05.2020,""238,351"",""238,351"",""238,351"",""238,351"",""-0,12%"""
"04.05.2020,""238,630"",""238,630"",""238,630"",""238,630"",""-0,25%"""
"01.05.2020,""239,226"",""239,226"",""239,226"",""239,226"",""0,01%"""
"30.04.2020,""239,200"",""239,200"",""239,200"",""239,200"",""0,48%"""
"29.04.2020,""238,066"",""238,066"",""238,066"",""238,066"",""0,15%"""
"28.04.2020,""237,718"",""237,718"",""237,718"",""237,718"",""0,22%"""
"27.04.2020,""237,196"",""237,196"",""237,196"",""237,196"",""0,22%"""
"24.04.2020,""236,672"",""236,672"",""236,672"",""236,672"",""0,48%"""
"23.04.2020,""235,549"",""235,549"",""235,549"",""235,549"",""0,49%"""
"22.04.2020,""234,394"",""234,394"",""234,394"",""234,394"",""-0,35%"""
"21.04.2020,""235,220"",""235,220"",""235,220"",""235,220"",""-0,33%"""
"20.04.2020,""235,988"",""235,988"",""235,988"",""235,988"",""-0,52%"""
"17.04.2020,""237,213"",""237,213"",""237,213"",""237,213"",""0,15%"""
"16.04.2020,""236,869"",""236,869"",""236,869"",""236,869"",""0,21%"""
"15.04.2020,""236,370"",""236,370"",""236,370"",""236,370"",""0,05%"""
"14.04.2020,""236,243"",""236,243"",""236,243"",""236,243"",""-0,14%"""
"13.04.2020,""236,566"",""236,566"",""236,566"",""236,566"",""0,01%"""
"09.04.2020,""236,545"",""236,545"",""236,545"",""236,545"",""0,47%"""
"08.04.2020,""235,442"",""235,442"",""235,442"",""235,442"",""-0,24%"""
"07.04.2020,""236,001"",""236,001"",""236,001"",""236,001"",""-0,61%"""
"06.04.2020,""237,461"",""237,461"",""237,461"",""237,461"",""-0,00%"""
"03.04.2020,""237,471"",""237,471"",""237,471"",""237,471"",""-0,14%"""
"02.04.2020,""237,802"",""237,802"",""237,802"",""237,802"",""0,01%"""
"01.04.2020,""237,767"",""237,767"",""237,767"",""237,767"",""-0,06%"""
"31.03.2020,""237,902"",""237,902"",""237,902"",""237,902"",""-0,63%"""
"30.03.2020,""239,414"",""239,414"",""239,414"",""239,414"",""-0,06%"""
"27.03.2020,""239,555"",""239,555"",""239,555"",""239,555"",""0,50%"""
"26.03.2020,""238,375"",""238,375"",""238,375"",""238,375"",""1,23%"""
"25.03.2020,""235,481"",""235,481"",""235,481"",""235,481"",""-0,24%"""
"24.03.2020,""236,051"",""236,051"",""236,051"",""236,051"",""-0,56%"""
"23.03.2020,""237,370"",""237,370"",""237,370"",""237,370"",""-0,03%"""
"20.03.2020,""237,431"",""237,431"",""237,431"",""237,431"",""1,15%"""
"19.03.2020,""234,739"",""234,739"",""234,739"",""234,739"",""0,86%"""
"18.03.2020,""232,736"",""232,736"",""232,736"",""232,736"",""-0,87%"""
"17.03.2020,""234,771"",""234,771"",""234,771"",""234,771"",""-0,61%"""
"16.03.2020,""236,213"",""236,213"",""236,213"",""236,213"",""-1,40%"""
"13.03.2020,""239,555"",""239,555"",""239,555"",""239,555"",""-1,03%"""
"12.03.2020,""242,052"",""242,052"",""242,052"",""242,052"",""-1,52%"""
"11.03.2020,""245,787"",""245,787"",""245,787"",""245,787"",""0,39%"""
"10.03.2020,""244,843"",""244,843"",""244,843"",""244,843"",""-0,37%"""
"09.03.2020,""245,753"",""245,753"",""245,753"",""245,753"",""-0,07%"""
"06.03.2020,""245,915"",""245,915"",""245,915"",""245,915"",""0,22%"""
"05.03.2020,""245,375"",""245,375"",""245,375"",""245,375"",""-0,06%"""
"04.03.2020,""245,521"",""245,521"",""245,521"",""245,521"",""0,06%"""
"03.03.2020,""245,383"",""245,383"",""245,383"",""245,383"",""0,41%"""
"02.03.2020,""244,380"",""244,380"",""244,380"",""244,380"",""0,06%"""
"28.02.2020,""244,245"",""244,245"",""244,245"",""244,245"",""0,23%"""
"27.02.2020,""243,680"",""243,680"",""243,680"",""243,680"",""-0,05%"""
"26.02.2020,""243,813"",""243,813"",""243,813"",""243,813"",""-0,21%"""
"25.02.2020,""244,331"",""244,331"",""244,331"",""244,331"",""0,11%"""
"24.02.2020,""244,057"",""244,057"",""244,057"",""244,057"",""0,10%"""
"21.02.2020,""243,825"",""243,825"",""243,825"",""243,825"",""0,05%"""
"20.02.2020,""243,692"",""243,692"",""243,692"",""243,692"",""0,24%"""
"19.02.2020,""243,106"",""243,106"",""243,106"",""243,106"",""0,08%"""
"18.02.2020,""242,904"",""242,904"",""242,904"",""242,904"",""-0,01%"""
"17.02.2020,""242,931"",""242,931"",""242,931"",""242,931"",""0,04%"""
"14.02.2020,""242,843"",""242,843"",""242,843"",""242,843"",""0,02%"""
"13.02.2020,""242,802"",""242,802"",""242,802"",""242,802"",""0,16%"""
"12.02.2020,""242,423"",""242,423"",""242,423"",""242,423"",""0,07%"""
"11.02.2020,""242,255"",""242,255"",""242,255"",""242,255"",""-0,17%"""
"10.02.2020,""242,674"",""242,674"",""242,674"",""242,674"",""0,18%"""
"07.02.2020,""242,233"",""242,233"",""242,233"",""242,233"",""0,18%"""
"06.02.2020,""241,809"",""241,809"",""241,809"",""241,809"",""-0,04%"""
"05.02.2020,""241,899"",""241,899"",""241,899"",""241,899"",""-0,23%"""
"04.02.2020,""242,466"",""242,466"",""242,466"",""242,466"",""-0,12%"""
"03.02.2020,""242,767"",""242,767"",""242,767"",""242,767"",""-0,15%"""
"31.01.2020,""243,120"",""243,120"",""243,120"",""243,120"",""0,22%"""
"30.01.2020,""242,584"",""242,584"",""242,584"",""242,584"",""0,21%"""
"29.01.2020,""242,084"",""242,084"",""242,084"",""242,084"",""0,26%"""
"28.01.2020,""241,454"",""241,454"",""241,454"",""241,454"",""-0,15%"""
"27.01.2020,""241,825"",""241,825"",""241,825"",""241,825"",""0,63%"""
"24.01.2020,""240,310"",""240,310"",""240,310"",""240,310"",""0,14%"""
"23.01.2020,""239,969"",""239,969"",""239,969"",""239,969"",""0,39%"""
"22.01.2020,""239,033"",""239,033"",""239,033"",""239,033"",""0,08%"""
"21.01.2020,""238,849"",""238,849"",""238,849"",""238,849"",""0,20%"""
"20.01.2020,""238,368"",""238,368"",""238,368"",""238,368"",""0,07%"""
"17.01.2020,""238,197"",""238,197"",""238,197"",""238,197"",""0,04%"""
"16.01.2020,""238,103"",""238,103"",""238,103"",""238,103"",""-0,06%"""
"15.01.2020,""238,239"",""238,239"",""238,239"",""238,239"",""0,17%"""
"14.01.2020,""237,824"",""237,824"",""237,824"",""237,824"",""0,10%"""
"13.01.2020,""237,593"",""237,593"",""237,593"",""237,593"",""-0,32%"""
"10.01.2020,""238,350"",""238,350"",""238,350"",""238,350"",""0,11%"""
"09.01.2020,""238,095"",""238,095"",""238,095"",""238,095"",""-0,19%"""
"08.01.2020,""238,539"",""238,539"",""238,539"",""238,539"",""-0,14%"""
"07.01.2020,""238,868"",""238,868"",""238,868"",""238,868"",""-0,07%"""
"06.01.2020,""239,029"",""239,029"",""239,029"",""239,029"",""0,00%"""
"03.01.2020,""239,021"",""239,021"",""239,021"",""239,021"",""0,41%"""
"02.01.2020,""238,036"",""238,036"",""238,036"",""238,036"",""0,17%"""
"31.12.2019,""237,622"",""237,622"",""237,622"",""237,622"",""0,02%"""
"30.12.2019,""237,572"",""237,572"",""237,572"",""237,572"",""-0,40%"""
"27.12.2019,""238,531"",""238,531"",""238,531"",""238,531"",""0,13%"""
"26.12.2019,""238,223"",""238,223"",""238,223"",""238,223"",""0,01%"""
"24.12.2019,""238,203"",""238,203"",""238,203"",""238,203"",""-0,00%"""
"23.12.2019,""238,211"",""238,211"",""238,211"",""238,211"",""-0,06%"""
"20.12.2019,""238,353"",""238,353"",""238,353"",""238,353"",""0,05%"""
"19.12.2019,""238,240"",""238,240"",""238,240"",""238,240"",""-0,19%"""
"18.12.2019,""238,689"",""238,689"",""238,689"",""238,689"",""-0,32%"""
"17.12.2019,""239,464"",""239,464"",""239,464"",""239,464"",""0,14%"""
"16.12.2019,""239,137"",""239,137"",""239,137"",""239,137"",""-0,13%"""
"13.12.2019,""239,447"",""239,447"",""239,447"",""239,447"",""0,34%"""
"12.12.2019,""238,626"",""238,626"",""238,626"",""238,626"",""-0,34%"""
"11.12.2019,""239,437"",""239,437"",""239,437"",""239,437"",""0,20%"""
"10.12.2019,""238,954"",""238,954"",""238,954"",""238,954"",""0,01%"""
"09.12.2019,""238,919"",""238,919"",""238,919"",""238,919"",""0,19%"""
"06.12.2019,""238,474"",""238,474"",""238,474"",""238,474"",""-0,00%"""
"05.12.2019,""238,481"",""238,481"",""238,481"",""238,481"",""-0,32%"""
"04.12.2019,""239,257"",""239,257"",""239,257"",""239,257"",""-0,15%"""
"03.12.2019,""239,618"",""239,618"",""239,618"",""239,618"",""0,54%"""
"02.12.2019,""238,320"",""238,320"",""238,320"",""238,320"",""-0,60%"""
"29.11.2019,""239,753"",""239,753"",""239,753"",""239,753"",""-0,03%"""
"28.11.2019,""239,834"",""239,834"",""239,834"",""239,834"",""-0,07%"""
"27.11.2019,""240,007"",""240,007"",""240,007"",""240,007"",""-0,09%"""
"26.11.2019,""240,213"",""240,213"",""240,213"",""240,213"",""0,10%"""
"25.11.2019,""239,977"",""239,977"",""239,977"",""239,977"",""0,01%"""
"22.11.2019,""239,963"",""239,963"",""239,963"",""239,963"",""0,21%"""
"21.11.2019,""239,458"",""239,458"",""239,458"",""239,458"",""-0,15%"""
"20.11.2019,""239,810"",""239,810"",""239,810"",""239,810"",""0,10%"""
"19.11.2019,""239,569"",""239,569"",""239,569"",""239,569"",""-0,06%"""
"18.11.2019,""239,719"",""239,719"",""239,719"",""239,719"",""0,10%"""
"15.11.2019,""239,490"",""239,490"",""239,490"",""239,490"",""0,08%"""
"14.11.2019,""239,306"",""239,306"",""239,306"",""239,306"",""0,04%"""
"13.11.2019,""239,204"",""239,204"",""239,204"",""239,204"",""0,14%"""
"12.11.2019,""238,859"",""238,859"",""238,859"",""238,859"",""0,11%"""
"11.11.2019,""238,585"",""238,585"",""238,585"",""238,585"",""-0,22%"""
"08.11.2019,""239,100"",""239,100"",""239,100"",""239,100"",""-0,02%"""
"07.11.2019,""239,143"",""239,143"",""239,143"",""239,143"",""-0,56%"""
"06.11.2019,""240,490"",""240,490"",""240,490"",""240,490"",""0,05%"""
"05.11.2019,""240,375"",""240,375"",""240,375"",""240,375"",""-0,13%"""
"04.11.2019,""240,676"",""240,676"",""240,676"",""240,676"",""-0,19%"""
"01.11.2019,""241,133"",""241,133"",""241,133"",""241,133"",""-0,29%"""
"31.10.2019,""241,827"",""241,827"",""241,827"",""241,827"",""0,39%"""
"30.10.2019,""240,889"",""240,889"",""240,889"",""240,889"",""0,02%"""
"29.10.2019,""240,840"",""240,840"",""240,840"",""240,840"",""0,14%"""
"28.10.2019,""240,500"",""240,500"",""240,500"",""240,500"",""-0,35%"""
"25.10.2019,""241,333"",""241,333"",""241,333"",""241,333"",""-0,26%"""
"24.10.2019,""241,953"",""241,953"",""241,953"",""241,953"",""0,07%"""
"23.10.2019,""241,773"",""241,773"",""241,773"",""241,773"",""0,14%"""
"22.10.2019,""241,427"",""241,427"",""241,427"",""241,427"",""0,28%"""
"21.10.2019,""240,751"",""240,751"",""240,751"",""240,751"",""-0,33%"""
"18.10.2019,""241,560"",""241,560"",""241,560"",""241,560"",""-0,16%"""
"17.10.2019,""241,949"",""241,949"",""241,949"",""241,949"",""0,09%"""
"16.10.2019,""241,729"",""241,729"",""241,729"",""241,729"",""-0,14%"""
"15.10.2019,""242,059"",""242,059"",""242,059"",""242,059"",""-0,18%"""
"14.10.2019,""242,507"",""242,507"",""242,507"",""242,507"",""0,16%"""
"11.10.2019,""242,126"",""242,126"",""242,126"",""242,126"",""-0,19%"""
"10.10.2019,""242,585"",""242,585"",""242,585"",""242,585"",""-0,49%"""
"09.10.2019,""243,791"",""243,791"",""243,791"",""243,791"",""-0,27%"""
"08.10.2019,""244,449"",""244,449"",""244,449"",""244,449"",""0,11%"""
"07.10.2019,""244,170"",""244,170"",""244,170"",""244,170"",""-0,09%"""
"04.10.2019,""244,394"",""244,394"",""244,394"",""244,394"",""-0,02%"""
"03.10.2019,""244,439"",""244,439"",""244,439"",""244,439"",""0,32%"""
"02.10.2019,""243,669"",""243,669"",""243,669"",""243,669"",""-0,21%"""
"01.10.2019,""244,173"",""244,173"",""244,173"",""244,173"",""-0,12%"""
"30.09.2019,""244,468"",""244,468"",""244,468"",""244,468"",""-0,02%"""
"27.09.2019,""244,520"",""244,520"",""244,520"",""244,520"",""-0,06%"""
"26.09.2019,""244,661"",""244,661"",""244,661"",""244,661"",""0,04%"""
"25.09.2019,""244,565"",""244,565"",""244,565"",""244,565"",""-0,13%"""
"24.09.2019,""244,874"",""244,874"",""244,874"",""244,874"",""0,15%"""
"23.09.2019,""244,496"",""244,496"",""244,496"",""244,496"",""0,60%"""
"20.09.2019,""243,030"",""243,030"",""243,030"",""243,030"",""0,05%"""
"19.09.2019,""242,908"",""242,908"",""242,908"",""242,908"",""-0,07%"""
"18.09.2019,""243,084"",""243,084"",""243,084"",""243,084"",""0,31%"""
"17.09.2019,""242,340"",""242,340"",""242,340"",""242,340"",""-0,11%"""
"16.09.2019,""242,597"",""242,597"",""242,597"",""242,597"",""0,26%"""
"13.09.2019,""241,972"",""241,972"",""241,972"",""241,972"",""-0,65%"""
"12.09.2019,""243,551"",""243,551"",""243,551"",""243,551"",""0,16%"""
"11.09.2019,""243,172"",""243,172"",""243,172"",""243,172"",""0,21%"""
"10.09.2019,""242,674"",""242,674"",""242,674"",""242,674"",""-0,31%"""
"09.09.2019,""243,418"",""243,418"",""243,418"",""243,418"",""-0,54%"""
"06.09.2019,""244,746"",""244,746"",""244,746"",""244,746"",""0,39%"""
"05.09.2019,""243,791"",""243,791"",""243,791"",""243,791"",""-0,75%"""
"04.09.2019,""245,641"",""245,641"",""245,641"",""245,641"",""-0,25%"""
"03.09.2019,""246,256"",""246,256"",""246,256"",""246,256"",""0,32%"""
"02.09.2019,""245,460"",""245,460"",""245,460"",""245,460"",""-0,07%"""
"30.08.2019,""245,641"",""245,641"",""245,641"",""245,641"",""-0,09%"""
"29.08.2019,""245,853"",""245,853"",""245,853"",""245,853"",""-0,13%"""
"28.08.2019,""246,180"",""246,180"",""246,180"",""246,180"",""0,41%"""
"27.08.2019,""245,168"",""245,168"",""245,168"",""245,168"",""0,55%"""
"26.08.2019,""243,817"",""243,817"",""243,817"",""243,817"",""0,03%"""
"23.08.2019,""243,744"",""243,744"",""243,744"",""243,744"",""0,13%"""
"22.08.2019,""243,424"",""243,424"",""243,424"",""243,424"",""-0,29%"""
"21.08.2019,""244,133"",""244,133"",""244,133"",""244,133"",""-0,08%"""
"20.08.2019,""244,331"",""244,331"",""244,331"",""244,331"",""0,35%"""
"19.08.2019,""243,486"",""243,486"",""243,486"",""243,486"",""-0,39%"""
"16.08.2019,""244,450"",""244,450"",""244,450"",""244,450"",""-0,31%"""
"15.08.2019,""245,199"",""245,199"",""245,199"",""245,199"",""0,72%"""
"14.08.2019,""243,451"",""243,451"",""243,451"",""243,451"",""0,44%"""
"13.08.2019,""242,374"",""242,374"",""242,374"",""242,374"",""0,35%"""
"12.08.2019,""241,518"",""241,518"",""241,518"",""241,518"",""0,21%"""
"09.08.2019,""241,002"",""241,002"",""241,002"",""241,002"",""-0,43%"""
"08.08.2019,""242,038"",""242,038"",""242,038"",""242,038"",""-0,59%"""
"07.08.2019,""243,469"",""243,469"",""243,469"",""243,469"",""0,69%"""
"06.08.2019,""241,808"",""241,808"",""241,808"",""241,808"",""0,20%"""
"05.08.2019,""241,321"",""241,321"",""241,321"",""241,321"",""0,14%"""
"02.08.2019,""240,986"",""240,986"",""240,986"",""240,986"",""0,24%"""
"01.08.2019,""240,405"",""240,405"",""240,405"",""240,405"",""0,15%"""
"31.07.2019,""240,036"",""240,036"",""240,036"",""240,036"",""0,35%"""
"30.07.2019,""239,203"",""239,203"",""239,203"",""239,203"",""0,01%"""
"29.07.2019,""239,184"",""239,184"",""239,184"",""239,184"",""0,12%"""
"26.07.2019,""238,896"",""238,896"",""238,896"",""238,896"",""0,02%"""
"25.07.2019,""238,856"",""238,856"",""238,856"",""238,856"",""-0,15%"""
"24.07.2019,""239,224"",""239,224"",""239,224"",""239,224"",""0,31%"""
"23.07.2019,""238,474"",""238,474"",""238,474"",""238,474"",""0,10%"""
"22.07.2019,""238,239"",""238,239"",""238,239"",""238,239"",""0,01%"""
"19.07.2019,""238,214"",""238,214"",""238,214"",""238,214"",""-0,02%"""
"18.07.2019,""238,254"",""238,254"",""238,254"",""238,254"",""0,17%"""
"17.07.2019,""237,853"",""237,853"",""237,853"",""237,853"",""0,25%"""
"16.07.2019,""237,259"",""237,259"",""237,259"",""237,259"",""0,15%"""
"15.07.2019,""236,902"",""236,902"",""236,902"",""236,902"",""0,40%"""
"12.07.2019,""235,950"",""235,950"",""235,950"",""235,950"",""-0,26%"""
"11.07.2019,""236,559"",""236,559"",""236,559"",""236,559"",""-0,30%"""
"10.07.2019,""237,263"",""237,263"",""237,263"",""237,263"",""-0,21%"""
"09.07.2019,""237,756"",""237,756"",""237,756"",""237,756"",""-0,12%"""
"08.07.2019,""238,047"",""238,047"",""238,047"",""238,047"",""-0,02%"""
"05.07.2019,""238,104"",""238,104"",""238,104"",""238,104"",""-0,41%"""
"04.07.2019,""239,077"",""239,077"",""239,077"",""239,077"",""0,03%"""
"03.07.2019,""239,012"",""239,012"",""239,012"",""239,012"",""0,60%"""
"02.07.2019,""237,582"",""237,582"",""237,582"",""237,582"",""0,14%"""
"01.07.2019,""237,252"",""237,252"",""237,252"",""237,252"",""0,41%"""
"28.06.2019,""236,283"",""236,283"",""236,283"",""236,283"",""0,08%"""
"27.06.2019,""236,083"",""236,083"",""236,083"",""236,083"",""0,03%"""
"26.06.2019,""236,010"",""236,010"",""236,010"",""236,010"",""-0,07%"""
"25.06.2019,""236,164"",""236,164"",""236,164"",""236,164"",""0,16%"""
"24.06.2019,""235,776"",""235,776"",""235,776"",""235,776"",""0,20%"""
"21.06.2019,""235,310"",""235,310"",""235,310"",""235,310"",""-0,30%"""
"20.06.2019,""236,015"",""236,015"",""236,015"",""236,015"",""0,26%"""
"19.06.2019,""235,414"",""235,414"",""235,414"",""235,414"",""-0,25%"""
"18.06.2019,""235,994"",""235,994"",""235,994"",""235,994"",""0,86%"""
"17.06.2019,""233,978"",""233,978"",""233,978"",""233,978"",""-0,08%"""
"14.06.2019,""234,166"",""234,166"",""234,166"",""234,166"",""0,27%"""
"13.06.2019,""233,534"",""233,534"",""233,534"",""233,534"",""0,09%"""
"12.06.2019,""233,335"",""233,335"",""233,335"",""233,335"",""-0,11%"""
"11.06.2019,""233,582"",""233,582"",""233,582"",""233,582"",""0,16%"""
"10.06.2019,""233,212"",""233,212"",""233,212"",""233,212"",""-0,34%"""
"07.06.2019,""234,014"",""234,014"",""234,014"",""234,014"",""0,45%"""
"06.06.2019,""232,977"",""232,977"",""232,977"",""232,977"",""0,20%"""
"05.06.2019,""232,503"",""232,503"",""232,503"",""232,503"",""0,12%"""
"04.06.2019,""232,217"",""232,217"",""232,217"",""232,217"",""0,19%"""
"03.06.2019,""231,786"",""231,786"",""231,786"",""231,786"",""0,17%"""
"31.05.2019,""231,386"",""231,386"",""231,386"",""231,386"",""0,22%"""
"30.05.2019,""230,881"",""230,881"",""230,881"",""230,881"",""-0,06%"""
"29.05.2019,""231,028"",""231,028"",""231,028"",""231,028"",""0,24%"""
"28.05.2019,""230,468"",""230,468"",""230,468"",""230,468"",""0,01%"""
"27.05.2019,""230,454"",""230,454"",""230,454"",""230,454"",""0,02%"""
"24.05.2019,""230,404"",""230,404"",""230,404"",""230,404"",""0,16%"""
"23.05.2019,""230,046"",""230,046"",""230,046"",""230,046"",""0,12%"""
"22.05.2019,""229,766"",""229,766"",""229,766"",""229,766"",""0,08%"""
"21.05.2019,""229,579"",""229,579"",""229,579"",""229,579"",""-0,04%"""
"20.05.2019,""229,671"",""229,671"",""229,671"",""229,671"",""-0,25%"""
"17.05.2019,""230,247"",""230,247"",""230,247"",""230,247"",""0,19%"""
"16.05.2019,""229,814"",""229,814"",""229,814"",""229,814"",""0,01%"""
"15.05.2019,""229,790"",""229,790"",""229,790"",""229,790"",""0,13%"""
"14.05.2019,""229,500"",""229,500"",""229,500"",""229,500"",""0,11%"""
"13.05.2019,""229,255"",""229,255"",""229,255"",""229,255"",""0,07%"""
"10.05.2019,""229,084"",""229,084"",""229,084"",""229,084"",""-0,03%"""
"09.05.2019,""229,145"",""229,145"",""229,145"",""229,145"",""-0,25%"""
"08.05.2019,""229,719"",""229,719"",""229,719"",""229,719"",""0,01%"""
"07.05.2019,""229,685"",""229,685"",""229,685"",""229,685"",""0,25%"""
"06.05.2019,""229,112"",""229,112"",""229,112"",""229,112"",""-0,10%"""
"03.05.2019,""229,331"",""229,331"",""229,331"",""229,331"",""0,03%"""
"02.05.2019,""229,257"",""229,257"",""229,257"",""229,257"",""0,10%"""
"01.05.2019,""229,030"",""229,030"",""229,030"",""229,030"",""-0,10%"""
"30.04.2019,""229,250"",""229,250"",""229,250"",""229,250"",""0,14%"""
"29.04.2019,""228,940"",""228,940"",""228,940"",""228,940"",""-0,12%"""
"26.04.2019,""229,216"",""229,216"",""229,216"",""229,216"",""0,23%"""
"25.04.2019,""228,687"",""228,687"",""228,687"",""228,687"",""-0,16%"""
"24.04.2019,""229,046"",""229,046"",""229,046"",""229,046"",""0,45%"""
"23.04.2019,""228,022"",""228,022"",""228,022"",""228,022"",""-0,25%"""
"22.04.2019,""228,588"",""228,588"",""228,588"",""228,588"",""0,01%"""
"18.04.2019,""228,556"",""228,556"",""228,556"",""228,556"",""0,24%"""
"17.04.2019,""228,019"",""228,019"",""228,019"",""228,019"",""-0,12%"""
"16.04.2019,""228,303"",""228,303"",""228,303"",""228,303"",""-0,07%"""
"15.04.2019,""228,454"",""228,454"",""228,454"",""228,454"",""-0,12%"""
"12.04.2019,""228,728"",""228,728"",""228,728"",""228,728"",""-0,35%"""
"11.04.2019,""229,540"",""229,540"",""229,540"",""229,540"",""0,00%"""
"10.04.2019,""229,536"",""229,536"",""229,536"",""229,536"",""0,18%"""
"09.04.2019,""229,113"",""229,113"",""229,113"",""229,113"",""0,11%"""
"08.04.2019,""228,870"",""228,870"",""228,870"",""228,870"",""0,02%"""
"05.04.2019,""228,818"",""228,818"",""228,818"",""228,818"",""0,05%"""
"04.04.2019,""228,696"",""228,696"",""228,696"",""228,696"",""0,26%"""
"03.04.2019,""228,111"",""228,111"",""228,111"",""228,111"",""-0,35%"""
"02.04.2019,""228,920"",""228,920"",""228,920"",""228,920"",""0,13%"""
"01.04.2019,""228,633"",""228,633"",""228,633"",""228,633"",""-0,20%"""
"29.03.2019,""229,081"",""229,081"",""229,081"",""229,081"",""-0,07%"""
"28.03.2019,""229,240"",""229,240"",""229,240"",""229,240"",""-0,17%"""
"27.03.2019,""229,623"",""229,623"",""229,623"",""229,623"",""0,38%"""
"26.03.2019,""228,762"",""228,762"",""228,762"",""228,762"",""-0,07%"""
"25.03.2019,""228,926"",""228,926"",""228,926"",""228,926"",""-0,09%"""
"22.03.2019,""229,131"",""229,131"",""229,131"",""229,131"",""0,34%"""
"21.03.2019,""228,356"",""228,356"",""228,356"",""228,356"",""0,36%"""
"20.03.2019,""227,529"",""227,529"",""227,529"",""227,529"",""0,02%"""
"19.03.2019,""227,484"",""227,484"",""227,484"",""227,484"",""-0,14%"""
"18.03.2019,""227,800"",""227,800"",""227,800"",""227,800"",""0,19%"""
"15.03.2019,""227,359"",""227,359"",""227,359"",""227,359"",""0,03%"""
"14.03.2019,""227,296"",""227,296"",""227,296"",""227,296"",""0,16%"""
"13.03.2019,""226,943"",""226,943"",""226,943"",""226,943"",""-0,16%"""
"12.03.2019,""227,300"",""227,300"",""227,300"",""227,300"",""-0,03%"""
"11.03.2019,""227,373"",""227,373"",""227,373"",""227,373"",""-0,07%"""
"08.03.2019,""227,522"",""227,522"",""227,522"",""227,522"",""0,16%"""
"07.03.2019,""227,168"",""227,168"",""227,168"",""227,168"",""0,35%"""
"06.03.2019,""226,378"",""226,378"",""226,378"",""226,378"",""0,31%"""
"05.03.2019,""225,689"",""225,689"",""225,689"",""225,689"",""0,05%"""
"04.03.2019,""225,571"",""225,571"",""225,571"",""225,571"",""0,14%"""
"01.03.2019,""225,261"",""225,261"",""225,261"",""225,261"",""0,04%"""
"28.02.2019,""225,168"",""225,168"",""225,168"",""225,168"",""-0,15%"""
"27.02.2019,""225,497"",""225,497"",""225,497"",""225,497"",""-0,28%"""
"26.02.2019,""226,139"",""226,139"",""226,139"",""226,139"",""0,04%"""
"25.02.2019,""226,042"",""226,042"",""226,042"",""226,042"",""0,09%"""
"22.02.2019,""225,846"",""225,846"",""225,846"",""225,846"",""0,12%"""
"21.02.2019,""225,576"",""225,576"",""225,576"",""225,576"",""-0,10%"""
"20.02.2019,""225,808"",""225,808"",""225,808"",""225,808"",""-0,03%"""
"19.02.2019,""225,879"",""225,879"",""225,879"",""225,879"",""0,04%"""
"18.02.2019,""225,790"",""225,790"",""225,790"",""225,790"",""0,05%"""
"15.02.2019,""225,687"",""225,687"",""225,687"",""225,687"",""0,07%"""
"14.02.2019,""225,540"",""225,540"",""225,540"",""225,540"",""-0,01%"""
"13.02.2019,""225,572"",""225,572"",""225,572"",""225,572"",""0,12%"""
"12.02.2019,""225,310"",""225,310"",""225,310"",""225,310"",""0,11%"""
"11.02.2019,""225,068"",""225,068"",""225,068"",""225,068"",""-0,10%"""
"08.02.2019,""225,291"",""225,291"",""225,291"",""225,291"",""-0,01%"""
"07.02.2019,""225,308"",""225,308"",""225,308"",""225,308"",""0,04%"""
"06.02.2019,""225,214"",""225,214"",""225,214"",""225,214"",""0,05%"""
"05.02.2019,""225,099"",""225,099"",""225,099"",""225,099"",""-0,03%"""
"04.02.2019,""225,172"",""225,172"",""225,172"",""225,172"",""-0,19%"""
"01.02.2019,""225,595"",""225,595"",""225,595"",""225,595"",""-0,26%"""
"31.01.2019,""226,179"",""226,179"",""226,179"",""226,179"",""0,22%"""
"30.01.2019,""225,690"",""225,690"",""225,690"",""225,690"",""0,05%"""
"29.01.2019,""225,587"",""225,587"",""225,587"",""225,587"",""0,05%"""
"28.01.2019,""225,468"",""225,468"",""225,468"",""225,468"",""-0,07%"""
"25.01.2019,""225,618"",""225,618"",""225,618"",""225,618"",""0,01%"""
"24.01.2019,""225,599"",""225,599"",""225,599"",""225,599"",""0,37%"""
"23.01.2019,""224,774"",""224,774"",""224,774"",""224,774"",""0,16%"""
"22.01.2019,""224,423"",""224,423"",""224,423"",""224,423"",""0,05%"""
"21.01.2019,""224,312"",""224,312"",""224,312"",""224,312"",""-0,05%"""
"18.01.2019,""224,427"",""224,427"",""224,427"",""224,427"",""0,01%"""
"17.01.2019,""224,406"",""224,406"",""224,406"",""224,406"",""-0,05%"""
"16.01.2019,""224,511"",""224,511"",""224,511"",""224,511"",""0,06%"""
"15.01.2019,""224,366"",""224,366"",""224,366"",""224,366"",""0,07%"""
"14.01.2019,""224,218"",""224,218"",""224,218"",""224,218"",""0,25%"""
"11.01.2019,""223,649"",""223,649"",""223,649"",""223,649"",""0,01%"""
"10.01.2019,""223,626"",""223,626"",""223,626"",""223,626"",""0,21%"""
"09.01.2019,""223,166"",""223,166"",""223,166"",""223,166"",""0,07%"""
"08.01.2019,""222,999"",""222,999"",""222,999"",""222,999"",""-0,12%"""
"07.01.2019,""223,266"",""223,266"",""223,266"",""223,266"",""-0,03%"""
"04.01.2019,""223,336"",""223,336"",""223,336"",""223,336"",""-0,33%"""
"03.01.2019,""224,082"",""224,082"",""224,082"",""224,082"",""-0,24%"""
"02.01.2019,""224,617"",""224,617"",""224,617"",""224,617"",""0,41%"""
"31.12.2018,""223,692"",""223,692"",""223,692"",""223,692"",""-0,09%"""
"28.12.2018,""223,900"",""223,900"",""223,900"",""223,900"",""0,02%"""
"27.12.2018,""223,853"",""223,853"",""223,853"",""223,853"",""0,13%"""
"26.12.2018,""223,568"",""223,568"",""223,568"",""223,568"",""0,01%"""
"24.12.2018,""223,549"",""223,549"",""223,549"",""223,549"",""0,01%"""
"21.12.2018,""223,536"",""223,536"",""223,536"",""223,536"",""-0,18%"""
"20.12.2018,""223,949"",""223,949"",""223,949"",""223,949"",""0,18%"""
"19.12.2018,""223,557"",""223,557"",""223,557"",""223,557"",""0,15%"""
"18.12.2018,""223,214"",""223,214"",""223,214"",""223,214"",""0,00%"""
"17.12.2018,""223,203"",""223,203"",""223,203"",""223,203"",""-0,03%"""
"14.12.2018,""223,275"",""223,275"",""223,275"",""223,275"",""0,06%"""
"13.12.2018,""223,133"",""223,133"",""223,133"",""223,133"",""0,09%"""
"12.12.2018,""222,924"",""222,924"",""222,924"",""222,924"",""-0,03%"""
"11.12.2018,""223,001"",""223,001"",""223,001"",""223,001"",""0,09%"""
"10.12.2018,""222,798"",""222,798"",""222,798"",""222,798"",""0,12%"""
"07.12.2018,""222,520"",""222,520"",""222,520"",""222,520"",""-0,17%"""
"06.12.2018,""222,902"",""222,902"",""222,902"",""222,902"",""0,02%"""
"05.12.2018,""222,866"",""222,866"",""222,866"",""222,866"",""0,06%"""
"04.12.2018,""222,725"",""222,725"",""222,725"",""222,725"",""0,27%"""
"03.12.2018,""222,129"",""222,129"",""222,129"",""222,129"",""0,02%"""
"30.11.2018,""222,084"",""222,084"",""222,084"",""222,084"",""0,05%"""
"29.11.2018,""221,966"",""221,966"",""221,966"",""221,966"",""0,36%"""
"28.11.2018,""221,171"",""221,171"",""221,171"",""221,171"",""-0,00%"""
"27.11.2018,""221,179"",""221,179"",""221,179"",""221,179"",""0,03%"""
"26.11.2018,""221,119"",""221,119"",""221,119"",""221,119"",""0,04%"""
"23.11.2018,""221,022"",""221,022"",""221,022"",""221,022"",""0,16%"""
"22.11.2018,""220,666"",""220,666"",""220,666"",""220,666"",""0,10%"""
"21.11.2018,""220,442"",""220,442"",""220,442"",""220,442"",""0,10%"""
"20.11.2018,""220,215"",""220,215"",""220,215"",""220,215"",""0,19%"""
"19.11.2018,""219,807"",""219,807"",""219,807"",""219,807"",""-0,16%"""
"16.11.2018,""220,170"",""220,170"",""220,170"",""220,170"",""-0,17%"""
"15.11.2018,""220,542"",""220,542"",""220,542"",""220,542"",""0,12%"""
"14.11.2018,""220,276"",""220,276"",""220,276"",""220,276"",""-0,08%"""
"13.11.2018,""220,458"",""220,458"",""220,458"",""220,458"",""-0,09%"""
"12.11.2018,""220,657"",""220,657"",""220,657"",""220,657"",""0,11%"""
"09.11.2018,""220,415"",""220,415"",""220,415"",""220,415"",""0,14%"""
"08.11.2018,""220,105"",""220,105"",""220,105"",""220,105"",""-0,22%"""
"07.11.2018,""220,593"",""220,593"",""220,593"",""220,593"",""-0,01%"""
"06.11.2018,""220,623"",""220,623"",""220,623"",""220,623"",""-0,14%"""
"05.11.2018,""220,924"",""220,924"",""220,924"",""220,924"",""0,06%"""
"02.11.2018,""220,794"",""220,794"",""220,794"",""220,794"",""0,06%"""
"01.11.2018,""220,668"",""220,668"",""220,668"",""220,668"",""-0,02%"""
"31.10.2018,""220,706"",""220,706"",""220,706"",""220,706"",""0,07%"""
"30.10.2018,""220,554"",""220,554"",""220,554"",""220,554"",""-0,18%"""
"29.10.2018,""220,959"",""220,959"",""220,959"",""220,959"",""0,11%"""
"26.10.2018,""220,709"",""220,709"",""220,709"",""220,709"",""0,15%"""
"25.10.2018,""220,372"",""220,372"",""220,372"",""220,372"",""0,14%"""
"24.10.2018,""220,067"",""220,067"",""220,067"",""220,067"",""0,05%"""
"23.10.2018,""219,957"",""219,957"",""219,957"",""219,957"",""0,09%"""
"22.10.2018,""219,765"",""219,765"",""219,765"",""219,765"",""0,17%"""
"19.10.2018,""219,391"",""219,391"",""219,391"",""219,391"",""0,05%"""
"18.10.2018,""219,287"",""219,287"",""219,287"",""219,287"",""-0,18%"""
"17.10.2018,""219,689"",""219,689"",""219,689"",""219,689"",""0,02%"""
"16.10.2018,""219,640"",""219,640"",""219,640"",""219,640"",""0,34%"""
"15.10.2018,""218,895"",""218,895"",""218,895"",""218,895"",""0,01%"""
"12.10.2018,""218,875"",""218,875"",""218,875"",""218,875"",""-0,06%"""
"11.10.2018,""219,000"",""219,000"",""219,000"",""219,000"",""0,07%"""
"10.10.2018,""218,836"",""218,836"",""218,836"",""218,836"",""-0,13%"""
"09.10.2018,""219,128"",""219,128"",""219,128"",""219,128"",""0,15%"""
"08.10.2018,""218,790"",""218,790"",""218,790"",""218,790"",""-0,15%"""
"05.10.2018,""219,111"",""219,111"",""219,111"",""219,111"",""-0,37%"""
"04.10.2018,""219,923"",""219,923"",""219,923"",""219,923"",""-0,24%"""
"03.10.2018,""220,454"",""220,454"",""220,454"",""220,454"",""0,00%"""
"02.10.2018,""220,454"",""220,454"",""220,454"",""220,454"",""0,01%"""
"01.10.2018,""220,441"",""220,441"",""220,441"",""220,441"",""-0,14%"""
"28.09.2018,""220,739"",""220,739"",""220,739"",""220,739"",""-0,17%"""
"27.09.2018,""221,108"",""221,108"",""221,108"",""221,108"",""-0,15%"""
"26.09.2018,""221,442"",""221,442"",""221,442"",""221,442"",""0,13%"""
"25.09.2018,""221,145"",""221,145"",""221,145"",""221,145"",""0,05%"""
"24.09.2018,""221,040"",""221,040"",""221,040"",""221,040"",""-0,44%"""
"21.09.2018,""222,017"",""222,017"",""222,017"",""222,017"",""0,17%"""
"20.09.2018,""221,642"",""221,642"",""221,642"",""221,642"",""-0,02%"""
"19.09.2018,""221,680"",""221,680"",""221,680"",""221,680"",""-0,07%"""
"18.09.2018,""221,825"",""221,825"",""221,825"",""221,825"",""-0,08%"""
"17.09.2018,""222,013"",""222,013"",""222,013"",""222,013"",""0,24%"""
"14.09.2018,""221,475"",""221,475"",""221,475"",""221,475"",""-0,17%"""
"13.09.2018,""221,845"",""221,845"",""221,845"",""221,845"",""-0,13%"""
"12.09.2018,""222,127"",""222,127"",""222,127"",""222,127"",""0,04%"""
"11.09.2018,""222,042"",""222,042"",""222,042"",""222,042"",""-0,04%"""
"10.09.2018,""222,128"",""222,128"",""222,128"",""222,128"",""0,04%"""
"07.09.2018,""222,047"",""222,047"",""222,047"",""222,047"",""-0,11%"""
"06.09.2018,""222,281"",""222,281"",""222,281"",""222,281"",""0,20%"""
"05.09.2018,""221,848"",""221,848"",""221,848"",""221,848"",""-0,02%"""
"04.09.2018,""221,899"",""221,899"",""221,899"",""221,899"",""0,28%"""
"03.09.2018,""221,289"",""221,289"",""221,289"",""221,289"",""0,04%"""
"31.08.2018,""221,194"",""221,194"",""221,194"",""221,194"",""-0,13%"""
"30.08.2018,""221,487"",""221,487"",""221,487"",""221,487"",""0,11%"""
"29.08.2018,""221,254"",""221,254"",""221,254"",""221,254"",""-0,05%"""
"28.08.2018,""221,370"",""221,370"",""221,370"",""221,370"",""-0,02%"""
"27.08.2018,""221,411"",""221,411"",""221,411"",""221,411"",""-0,27%"""
"24.08.2018,""222,001"",""222,001"",""222,001"",""222,001"",""0,04%"""
"23.08.2018,""221,916"",""221,916"",""221,916"",""221,916"",""-0,03%"""
"22.08.2018,""221,983"",""221,983"",""221,983"",""221,983"",""-0,28%"""
"21.08.2018,""222,601"",""222,601"",""222,601"",""222,601"",""0,15%"""
"20.08.2018,""222,275"",""222,275"",""222,275"",""222,275"",""0,08%"""
"17.08.2018,""222,101"",""222,101"",""222,101"",""222,101"",""0,12%"""
"16.08.2018,""221,834"",""221,834"",""221,834"",""221,834"",""-0,09%"""
"15.08.2018,""222,044"",""222,044"",""222,044"",""222,044"",""-0,05%"""
"14.08.2018,""222,161"",""222,161"",""222,161"",""222,161"",""0,14%"""
"13.08.2018,""221,842"",""221,842"",""221,842"",""221,842"",""-0,32%"""
"10.08.2018,""222,553"",""222,553"",""222,553"",""222,553"",""0,09%"""
"09.08.2018,""222,361"",""222,361"",""222,361"",""222,361"",""0,16%"""
"08.08.2018,""222,000"",""222,000"",""222,000"",""222,000"",""-0,08%"""
"07.08.2018,""222,178"",""222,178"",""222,178"",""222,178"",""-0,07%"""
"06.08.2018,""222,338"",""222,338"",""222,338"",""222,338"",""0,20%"""
"03.08.2018,""221,890"",""221,890"",""221,890"",""221,890"",""0,16%"""
"02.08.2018,""221,537"",""221,537"",""221,537"",""221,537"",""-0,11%"""
"01.08.2018,""221,785"",""221,785"",""221,785"",""221,785"",""-0,21%"""
"31.07.2018,""222,244"",""222,244"",""222,244"",""222,244"",""0,05%"""
"30.07.2018,""222,124"",""222,124"",""222,124"",""222,124"",""-0,28%"""
"27.07.2018,""222,743"",""222,743"",""222,743"",""222,743"",""-0,08%"""
"26.07.2018,""222,928"",""222,928"",""222,928"",""222,928"",""-0,10%"""
"25.07.2018,""223,150"",""223,150"",""223,150"",""223,150"",""0,17%"""
"24.07.2018,""222,779"",""222,779"",""222,779"",""222,779"",""-0,06%"""
"23.07.2018,""222,906"",""222,906"",""222,906"",""222,906"",""-0,18%"""
"20.07.2018,""223,311"",""223,311"",""223,311"",""223,311"",""-0,28%"""
"19.07.2018,""223,945"",""223,945"",""223,945"",""223,945"",""0,03%"""
"18.07.2018,""223,885"",""223,885"",""223,885"",""223,885"",""-0,05%"""
"17.07.2018,""224,007"",""224,007"",""224,007"",""224,007"",""0,26%"""
"16.07.2018,""223,428"",""223,428"",""223,428"",""223,428"",""-0,15%"""
"13.07.2018,""223,771"",""223,771"",""223,771"",""223,771"",""0,16%"""
"12.07.2018,""223,411"",""223,411"",""223,411"",""223,411"",""0,19%"""
"11.07.2018,""222,995"",""222,995"",""222,995"",""222,995"",""-0,11%"""
"10.07.2018,""223,233"",""223,233"",""223,233"",""223,233"",""-0,04%"""
"09.07.2018,""223,321"",""223,321"",""223,321"",""223,321"",""-0,00%"""
"06.07.2018,""223,323"",""223,323"",""223,323"",""223,323"",""-0,02%"""
"05.07.2018,""223,363"",""223,363"",""223,363"",""223,363"",""-0,11%"""
"04.07.2018,""223,603"",""223,603"",""223,603"",""223,603"",""-0,04%"""
"03.07.2018,""223,695"",""223,695"",""223,695"",""223,695"",""0,06%"""
"02.07.2018,""223,572"",""223,572"",""223,572"",""223,572"",""0,27%"""
"29.06.2018,""222,960"",""222,960"",""222,960"",""222,960"",""0,23%"""
"28.06.2018,""222,442"",""222,442"",""222,442"",""222,442"",""0,12%"""
"27.06.2018,""222,170"",""222,170"",""222,170"",""222,170"",""0,25%"""
"26.06.2018,""221,605"",""221,605"",""221,605"",""221,605"",""-0,20%"""
"25.06.2018,""222,053"",""222,053"",""222,053"",""222,053"",""-0,11%"""
"22.06.2018,""222,294"",""222,294"",""222,294"",""222,294"",""-0,02%"""
"21.06.2018,""222,349"",""222,349"",""222,349"",""222,349"",""-0,15%"""
"20.06.2018,""222,684"",""222,684"",""222,684"",""222,684"",""-0,11%"""
"19.06.2018,""222,937"",""222,937"",""222,937"",""222,937"",""0,23%"""
"18.06.2018,""222,431"",""222,431"",""222,431"",""222,431"",""-0,01%"""
"15.06.2018,""222,454"",""222,454"",""222,454"",""222,454"",""0,46%"""
"14.06.2018,""221,442"",""221,442"",""221,442"",""221,442"",""0,34%"""
"13.06.2018,""220,696"",""220,696"",""220,696"",""220,696"",""0,12%"""
"12.06.2018,""220,441"",""220,441"",""220,441"",""220,441"",""0,11%"""
"11.06.2018,""220,204"",""220,204"",""220,204"",""220,204"",""0,14%"""
"08.06.2018,""219,889"",""219,889"",""219,889"",""219,889"",""-0,07%"""
"07.06.2018,""220,044"",""220,044"",""220,044"",""220,044"",""-0,18%"""
"06.06.2018,""220,435"",""220,435"",""220,435"",""220,435"",""-0,74%"""
"05.06.2018,""222,076"",""222,076"",""222,076"",""222,076"",""-0,13%"""
"04.06.2018,""222,368"",""222,368"",""222,368"",""222,368"",""0,23%"""
"01.06.2018,""221,850"",""221,850"",""221,850"",""221,850"",""0,18%"""
"31.05.2018,""221,459"",""221,459"",""221,459"",""221,459"",""0,44%"""
"30.05.2018,""220,483"",""220,483"",""220,483"",""220,483"",""0,05%"""
"29.05.2018,""220,375"",""220,375"",""220,375"",""220,375"",""-0,65%"""
"28.05.2018,""221,808"",""221,808"",""221,808"",""221,808"",""-0,25%"""
"25.05.2018,""222,370"",""222,370"",""222,370"",""222,370"",""-0,01%"""
"24.05.2018,""222,400"",""222,400"",""222,400"",""222,400"",""0,26%"""
"23.05.2018,""221,821"",""221,821"",""221,821"",""221,821"",""0,05%"""
"22.05.2018,""221,701"",""221,701"",""221,701"",""221,701"",""0,14%"""
"21.05.2018,""221,397"",""221,397"",""221,397"",""221,397"",""-0,29%"""
"18.05.2018,""222,045"",""222,045"",""222,045"",""222,045"",""0,03%"""
"17.05.2018,""221,988"",""221,988"",""221,988"",""221,988"",""-0,14%"""
"16.05.2018,""222,301"",""222,301"",""222,301"",""222,301"",""-0,20%"""
"15.05.2018,""222,741"",""222,741"",""222,741"",""222,741"",""-0,19%"""
"14.05.2018,""223,169"",""223,169"",""223,169"",""223,169"",""-0,24%"""
"11.05.2018,""223,709"",""223,709"",""223,709"",""223,709"",""0,04%"""
"10.05.2018,""223,627"",""223,627"",""223,627"",""223,627"",""-0,03%"""
"09.05.2018,""223,687"",""223,687"",""223,687"",""223,687"",""0,13%"""
"08.05.2018,""223,407"",""223,407"",""223,407"",""223,407"",""-0,44%"""
"07.05.2018,""224,404"",""224,404"",""224,404"",""224,404"",""0,15%"""
"04.05.2018,""224,065"",""224,065"",""224,065"",""224,065"",""-0,18%"""
"03.05.2018,""224,472"",""224,472"",""224,472"",""224,472"",""0,22%"""
"02.05.2018,""223,982"",""223,982"",""223,982"",""223,982"",""0,03%"""
"01.05.2018,""223,907"",""223,907"",""223,907"",""223,907"",""0,01%"""
"30.04.2018,""223,883"",""223,883"",""223,883"",""223,883"",""-0,16%"""
"27.04.2018,""224,250"",""224,250"",""224,250"",""224,250"",""0,11%"""
"26.04.2018,""224,008"",""224,008"",""224,008"",""224,008"",""0,23%"""
"25.04.2018,""223,504"",""223,504"",""223,504"",""223,504"",""0,07%"""
"24.04.2018,""223,345"",""223,345"",""223,345"",""223,345"",""-0,08%"""
"23.04.2018,""223,534"",""223,534"",""223,534"",""223,534"",""-0,13%"""
"20.04.2018,""223,826"",""223,826"",""223,826"",""223,826"",""-0,02%"""
"19.04.2018,""223,879"",""223,879"",""223,879"",""223,879"",""-0,36%"""
"18.04.2018,""224,690"",""224,690"",""224,690"",""224,690"",""-0,02%"""
"17.04.2018,""224,726"",""224,726"",""224,726"",""224,726"",""0,16%"""
"16.04.2018,""224,371"",""224,371"",""224,371"",""224,371"",""0,05%"""
"13.04.2018,""224,261"",""224,261"",""224,261"",""224,261"",""0,05%"""
"12.04.2018,""224,158"",""224,158"",""224,158"",""224,158"",""-0,12%"""
"11.04.2018,""224,424"",""224,424"",""224,424"",""224,424"",""0,15%"""
"10.04.2018,""224,088"",""224,088"",""224,088"",""224,088"",""-0,24%"""
"09.04.2018,""224,633"",""224,633"",""224,633"",""224,633"",""-0,02%"""
"06.04.2018,""224,679"",""224,679"",""224,679"",""224,679"",""0,17%"""
"05.04.2018,""224,294"",""224,294"",""224,294"",""224,294"",""-0,32%"""
"04.04.2018,""225,025"",""225,025"",""225,025"",""225,025"",""0,13%"""
"03.04.2018,""224,741"",""224,741"",""224,741"",""224,741"",""0,02%"""
"02.04.2018,""224,700"",""224,700"",""224,700"",""224,700"",""0,02%"""
"29.03.2018,""224,649"",""224,649"",""224,649"",""224,649"",""0,13%"""
"28.03.2018,""224,349"",""224,349"",""224,349"",""224,349"",""-0,04%"""
"27.03.2018,""224,438"",""224,438"",""224,438"",""224,438"",""0,18%"""
"26.03.2018,""224,024"",""224,024"",""224,024"",""224,024"",""-0,04%"""
"23.03.2018,""224,108"",""224,108"",""224,108"",""224,108"",""0,13%"""
"22.03.2018,""223,825"",""223,825"",""223,825"",""223,825"",""0,37%"""
"21.03.2018,""222,990"",""222,990"",""222,990"",""222,990"",""-0,22%"""
"20.03.2018,""223,474"",""223,474"",""223,474"",""223,474"",""0,09%"""
"19.03.2018,""223,270"",""223,270"",""223,270"",""223,270"",""0,19%"""
"16.03.2018,""222,851"",""222,851"",""222,851"",""222,851"",""0,04%"""
"15.03.2018,""222,751"",""222,751"",""222,751"",""222,751"",""0,03%"""
"14.03.2018,""222,692"",""222,692"",""222,692"",""222,692"",""0,08%"""
"13.03.2018,""222,516"",""222,516"",""222,516"",""222,516"",""0,05%"""
"12.03.2018,""222,397"",""222,397"",""222,397"",""222,397"",""0,13%"""
"09.03.2018,""222,109"",""222,109"",""222,109"",""222,109"",""-0,16%"""
"08.03.2018,""222,468"",""222,468"",""222,468"",""222,468"",""0,22%"""
"07.03.2018,""221,972"",""221,972"",""221,972"",""221,972"",""0,17%"""
"06.03.2018,""221,592"",""221,592"",""221,592"",""221,592"",""-0,04%"""
"05.03.2018,""221,678"",""221,678"",""221,678"",""221,678"",""0,03%"""
"02.03.2018,""221,622"",""221,622"",""221,622"",""221,622"",""-0,04%"""
"01.03.2018,""221,711"",""221,711"",""221,711"",""221,711"",""0,03%"""
"28.02.2018,""221,653"",""221,653"",""221,653"",""221,653"",""0,25%"""
"27.02.2018,""221,104"",""221,104"",""221,104"",""221,104"",""-0,08%"""
"26.02.2018,""221,276"",""221,276"",""221,276"",""221,276"",""0,03%"""
"23.02.2018,""221,212"",""221,212"",""221,212"",""221,212"",""0,32%"""
"22.02.2018,""220,497"",""220,497"",""220,497"",""220,497"",""-0,10%"""
"21.02.2018,""220,725"",""220,725"",""220,725"",""220,725"",""0,08%"""
"20.02.2018,""220,557"",""220,557"",""220,557"",""220,557"",""0,06%"""
"19.02.2018,""220,423"",""220,423"",""220,423"",""220,423"",""-0,24%"""
"16.02.2018,""220,954"",""220,954"",""220,954"",""220,954"",""0,29%"""
"15.02.2018,""220,322"",""220,322"",""220,322"",""220,322"",""-0,04%"""
"14.02.2018,""220,411"",""220,411"",""220,411"",""220,411"",""-0,00%"""
"13.02.2018,""220,412"",""220,412"",""220,412"",""220,412"",""-0,18%"""
"12.02.2018,""220,820"",""220,820"",""220,820"",""220,820"",""0,02%"""
"09.02.2018,""220,778"",""220,778"",""220,778"",""220,778"",""0,02%"""
"08.02.2018,""220,740"",""220,740"",""220,740"",""220,740"",""-0,33%"""
"07.02.2018,""221,466"",""221,466"",""221,466"",""221,466"",""0,09%"""
"06.02.2018,""221,266"",""221,266"",""221,266"",""221,266"",""0,26%"""
"05.02.2018,""220,695"",""220,695"",""220,695"",""220,695"",""-0,07%"""
"02.02.2018,""220,849"",""220,849"",""220,849"",""220,849"",""-0,27%"""
"01.02.2018,""221,448"",""221,448"",""221,448"",""221,448"",""0,06%"""
"31.01.2018,""221,315"",""221,315"",""221,315"",""221,315"",""0,06%"""
"30.01.2018,""221,173"",""221,173"",""221,173"",""221,173"",""0,11%"""
"29.01.2018,""220,934"",""220,934"",""220,934"",""220,934"",""-0,35%"""
"26.01.2018,""221,712"",""221,712"",""221,712"",""221,712"",""-0,07%"""
"25.01.2018,""221,878"",""221,878"",""221,878"",""221,878"",""-0,15%"""
"24.01.2018,""222,209"",""222,209"",""222,209"",""222,209"",""-0,04%"""
"23.01.2018,""222,302"",""222,302"",""222,302"",""222,302"",""-0,02%"""
"22.01.2018,""222,343"",""222,343"",""222,343"",""222,343"",""0,10%"""
"19.01.2018,""222,111"",""222,111"",""222,111"",""222,111"",""0,09%"""
"18.01.2018,""221,904"",""221,904"",""221,904"",""221,904"",""-0,08%"""
"17.01.2018,""222,091"",""222,091"",""222,091"",""222,091"",""0,01%"""
"16.01.2018,""222,072"",""222,072"",""222,072"",""222,072"",""0,20%"""
"15.01.2018,""221,626"",""221,626"",""221,626"",""221,626"",""-0,04%"""
"12.01.2018,""221,713"",""221,713"",""221,713"",""221,713"",""0,16%"""
"11.01.2018,""221,355"",""221,355"",""221,355"",""221,355"",""-0,22%"""
"10.01.2018,""221,837"",""221,837"",""221,837"",""221,837"",""0,01%"""
"09.01.2018,""221,809"",""221,809"",""221,809"",""221,809"",""-0,34%"""
"08.01.2018,""222,570"",""222,570"",""222,570"",""222,570"",""0,12%"""
"05.01.2018,""222,301"",""222,301"",""222,301"",""222,301"",""0,04%"""
"04.01.2018,""222,202"",""222,202"",""222,202"",""222,202"",""0,12%"""
"03.01.2018,""221,935"",""221,935"",""221,935"",""221,935"",""0,17%"""
"02.01.2018,""221,569"",""221,569"",""221,569"",""221,569"",""-0,19%"""
"29.12.2017,""221,993"",""221,993"",""221,993"",""221,993"",""-0,29%"""
"28.12.2017,""222,648"",""222,648"",""222,648"",""222,648"",""-0,28%"""
"27.12.2017,""223,271"",""223,271"",""223,271"",""223,271"",""0,18%"""
"26.12.2017,""222,861"",""222,861"",""222,861"",""222,861"",""0,02%"""
"22.12.2017,""222,814"",""222,814"",""222,814"",""222,814"",""-0,10%"""
"21.12.2017,""223,027"",""223,027"",""223,027"",""223,027"",""0,03%"""
"20.12.2017,""222,968"",""222,968"",""222,968"",""222,968"",""-0,27%"""
"19.12.2017,""223,574"",""223,574"",""223,574"",""223,574"",""-0,45%"""
"18.12.2017,""224,576"",""224,576"",""224,576"",""224,576"",""0,14%"""
"15.12.2017,""224,268"",""224,268"",""224,268"",""224,268"",""0,07%"""
"14.12.2017,""224,113"",""224,113"",""224,113"",""224,113"",""-0,08%"""
"13.12.2017,""224,284"",""224,284"",""224,284"",""224,284"",""-0,16%"""
"12.12.2017,""224,638"",""224,638"",""224,638"",""224,638"",""-0,11%"""
"11.12.2017,""224,893"",""224,893"",""224,893"",""224,893"",""0,01%"""
"08.12.2017,""224,871"",""224,871"",""224,871"",""224,871"",""-0,10%"""
"07.12.2017,""225,106"",""225,106"",""225,106"",""225,106"",""0,16%"""
"06.12.2017,""224,743"",""224,743"",""224,743"",""224,743"",""0,01%"""
"05.12.2017,""224,729"",""224,729"",""224,729"",""224,729"",""0,19%"""
"04.12.2017,""224,314"",""224,314"",""224,314"",""224,314"",""-0,23%"""
"01.12.2017,""224,822"",""224,822"",""224,822"",""224,822"",""0,37%"""
"30.11.2017,""223,991"",""223,991"",""223,991"",""223,991"",""0,19%"""
"29.11.2017,""223,557"",""223,557"",""223,557"",""223,557"",""-0,22%"""
"28.11.2017,""224,057"",""224,057"",""224,057"",""224,057"",""0,12%"""
"27.11.2017,""223,787"",""223,787"",""223,787"",""223,787"",""0,05%"""
"24.11.2017,""223,678"",""223,678"",""223,678"",""223,678"",""-0,06%"""
"23.11.2017,""223,805"",""223,805"",""223,805"",""223,805"",""-0,14%"""
"22.11.2017,""224,126"",""224,126"",""224,126"",""224,126"",""0,13%"""
"21.11.2017,""223,839"",""223,839"",""223,839"",""223,839"",""0,11%"""
"20.11.2017,""223,599"",""223,599"",""223,599"",""223,599"",""0,11%"""
"17.11.2017,""223,343"",""223,343"",""223,343"",""223,343"",""0,16%"""
"16.11.2017,""222,980"",""222,980"",""222,980"",""222,980"",""-0,12%"""
"15.11.2017,""223,240"",""223,240"",""223,240"",""223,240"",""0,17%"""
"14.11.2017,""222,852"",""222,852"",""222,852"",""222,852"",""0,02%"""
"13.11.2017,""222,806"",""222,806"",""222,806"",""222,806"",""0,14%"""
"10.11.2017,""222,501"",""222,501"",""222,501"",""222,501"",""-0,16%"""
"09.11.2017,""222,857"",""222,857"",""222,857"",""222,857"",""-0,56%"""
"08.11.2017,""224,108"",""224,108"",""224,108"",""224,108"",""-0,08%"""
"07.11.2017,""224,283"",""224,283"",""224,283"",""224,283"",""0,33%"""
"06.11.2017,""223,540"",""223,540"",""223,540"",""223,540"",""0,13%"""
"03.11.2017,""223,246"",""223,246"",""223,246"",""223,246"",""-0,06%"""
"02.11.2017,""223,373"",""223,373"",""223,373"",""223,373"",""0,09%"""
"01.11.2017,""223,169"",""223,169"",""223,169"",""223,169"",""-0,09%"""
"31.10.2017,""223,362"",""223,362"",""223,362"",""223,362"",""0,09%"""
"30.10.2017,""223,156"",""223,156"",""223,156"",""223,156"",""0,41%"""
"27.10.2017,""222,255"",""222,255"",""222,255"",""222,255"",""0,20%"""
"26.10.2017,""221,822"",""221,822"",""221,822"",""221,822"",""0,27%"""
"25.10.2017,""221,228"",""221,228"",""221,228"",""221,228"",""-0,09%"""
"24.10.2017,""221,430"",""221,430"",""221,430"",""221,430"",""-0,22%"""
"23.10.2017,""221,928"",""221,928"",""221,928"",""221,928"",""0,17%"""
"20.10.2017,""221,552"",""221,552"",""221,552"",""221,552"",""-0,29%"""
"19.10.2017,""222,188"",""222,188"",""222,188"",""222,188"",""0,11%"""
"18.10.2017,""221,938"",""221,938"",""221,938"",""221,938"",""-0,31%"""
"17.10.2017,""222,626"",""222,626"",""222,626"",""222,626"",""0,21%"""
"16.10.2017,""222,165"",""222,165"",""222,165"",""222,165"",""0,18%"""
"13.10.2017,""221,767"",""221,767"",""221,767"",""221,767"",""0,17%"""
"12.10.2017,""221,396"",""221,396"",""221,396"",""221,396"",""0,21%"""
"11.10.2017,""220,941"",""220,941"",""220,941"",""220,941"",""-0,10%"""
"10.10.2017,""221,158"",""221,158"",""221,158"",""221,158"",""-0,04%"""
"09.10.2017,""221,249"",""221,249"",""221,249"",""221,249"",""0,27%"""
"06.10.2017,""220,655"",""220,655"",""220,655"",""220,655"",""-0,14%"""
"05.10.2017,""220,972"",""220,972"",""220,972"",""220,972"",""0,10%"""
"04.10.2017,""220,754"",""220,754"",""220,754"",""220,754"",""-0,05%"""
"03.10.2017,""220,872"",""220,872"",""220,872"",""220,872"",""-0,00%"""
"02.10.2017,""220,873"",""220,873"",""220,873"",""220,873"",""-0,02%"""
"29.09.2017,""220,924"",""220,924"",""220,924"",""220,924"",""0,12%"""
"28.09.2017,""220,652"",""220,652"",""220,652"",""220,652"",""-0,02%"""
"27.09.2017,""220,703"",""220,703"",""220,703"",""220,703"",""-0,26%"""
"26.09.2017,""221,271"",""221,271"",""221,271"",""221,271"",""-0,09%"""
"25.09.2017,""221,471"",""221,471"",""221,471"",""221,471"",""0,19%"""
"22.09.2017,""221,062"",""221,062"",""221,062"",""221,062"",""-0,00%"""
"21.09.2017,""221,069"",""221,069"",""221,069"",""221,069"",""-0,12%"""
"20.09.2017,""221,335"",""221,335"",""221,335"",""221,335"",""0,02%"""
"19.09.2017,""221,286"",""221,286"",""221,286"",""221,286"",""0,11%"""
"18.09.2017,""221,047"",""221,047"",""221,047"",""221,047"",""-0,06%"""
"15.09.2017,""221,183"",""221,183"",""221,183"",""221,183"",""-0,07%"""
"14.09.2017,""221,327"",""221,327"",""221,327"",""221,327"",""-0,08%"""
"13.09.2017,""221,498"",""221,498"",""221,498"",""221,498"",""-0,05%"""
"12.09.2017,""221,601"",""221,601"",""221,601"",""221,601"",""-0,35%"""
"11.09.2017,""222,381"",""222,381"",""222,381"",""222,381"",""-0,07%"""
"08.09.2017,""222,543"",""222,543"",""222,543"",""222,543"",""-0,17%"""
"07.09.2017,""222,933"",""222,933"",""222,933"",""222,933"",""0,30%"""
"06.09.2017,""222,265"",""222,265"",""222,265"",""222,265"",""-0,09%"""
"05.09.2017,""222,457"",""222,457"",""222,457"",""222,457"",""0,23%"""
"04.09.2017,""221,946"",""221,946"",""221,946"",""221,946"",""0,11%"""
"01.09.2017,""221,702"",""221,702"",""221,702"",""221,702"",""-0,16%"""
"31.08.2017,""222,062"",""222,062"",""222,062"",""222,062"",""0,06%"""
"30.08.2017,""221,928"",""221,928"",""221,928"",""221,928"",""-0,10%"""
"29.08.2017,""222,148"",""222,148"",""222,148"",""222,148"",""0,18%"""
"28.08.2017,""221,751"",""221,751"",""221,751"",""221,751"",""0,09%"""
"25.08.2017,""221,542"",""221,542"",""221,542"",""221,542"",""-0,04%"""
"24.08.2017,""221,628"",""221,628"",""221,628"",""221,628"",""-0,04%"""
"23.08.2017,""221,722"",""221,722"",""221,722"",""221,722"",""0,07%"""
"22.08.2017,""221,558"",""221,558"",""221,558"",""221,558"",""-0,15%"""
"21.08.2017,""221,880"",""221,880"",""221,880"",""221,880"",""0,04%"""
"18.08.2017,""221,788"",""221,788"",""221,788"",""221,788"",""0,12%"""
"17.08.2017,""221,530"",""221,530"",""221,530"",""221,530"",""0,05%"""
"16.08.2017,""221,426"",""221,426"",""221,426"",""221,426"",""-0,02%"""
"15.08.2017,""221,480"",""221,480"",""221,480"",""221,480"",""-0,19%"""
"14.08.2017,""221,902"",""221,902"",""221,902"",""221,902"",""-0,06%"""
"11.08.2017,""222,046"",""222,046"",""222,046"",""222,046"",""0,11%"""
"10.08.2017,""221,792"",""221,792"",""221,792"",""221,792"",""0,01%"""
"09.08.2017,""221,761"",""221,761"",""221,761"",""221,761"",""0,23%"""
"08.08.2017,""221,258"",""221,258"",""221,258"",""221,258"",""-0,08%"""
"07.08.2017,""221,442"",""221,442"",""221,442"",""221,442"",""0,08%"""
"04.08.2017,""221,261"",""221,261"",""221,261"",""221,261"",""-0,12%"""
"03.08.2017,""221,524"",""221,524"",""221,524"",""221,524"",""0,13%"""
"02.08.2017,""221,238"",""221,238"",""221,238"",""221,238"",""0,02%"""
"01.08.2017,""221,189"",""221,189"",""221,189"",""221,189"",""0,39%"""
"31.07.2017,""220,323"",""220,323"",""220,323"",""220,323"",""0,13%"""
"28.07.2017,""220,029"",""220,029"",""220,029"",""220,029"",""-0,13%"""
"27.07.2017,""220,308"",""220,308"",""220,308"",""220,308"",""0,13%"""
"26.07.2017,""220,020"",""220,020"",""220,020"",""220,020"",""0,06%"""
"25.07.2017,""219,880"",""219,880"",""219,880"",""219,880"",""-0,41%"""
"24.07.2017,""220,791"",""220,791"",""220,791"",""220,791"",""0,07%"""
"21.07.2017,""220,645"",""220,645"",""220,645"",""220,645"",""0,19%"""
"20.07.2017,""220,227"",""220,227"",""220,227"",""220,227"",""0,10%"""
"19.07.2017,""220,006"",""220,006"",""220,006"",""220,006"",""0,13%"""
"18.07.2017,""219,718"",""219,718"",""219,718"",""219,718"",""0,16%"""
"17.07.2017,""219,358"",""219,358"",""219,358"",""219,358"",""0,19%"""
"14.07.2017,""218,951"",""218,951"",""218,951"",""218,951"",""0,09%"""
"13.07.2017,""218,758"",""218,758"",""218,758"",""218,758"",""-0,18%"""
"12.07.2017,""219,161"",""219,161"",""219,161"",""219,161"",""0,34%"""
"11.07.2017,""218,414"",""218,414"",""218,414"",""218,414"",""-0,15%"""
"10.07.2017,""218,743"",""218,743"",""218,743"",""218,743"",""0,24%"""
"07.07.2017,""218,218"",""218,218"",""218,218"",""218,218"",""-0,11%"""
"06.07.2017,""218,460"",""218,460"",""218,460"",""218,460"",""-0,65%"""
"05.07.2017,""219,894"",""219,894"",""219,894"",""219,894"",""0,00%"""
"04.07.2017,""219,894"",""219,894"",""219,894"",""219,894"",""0,04%"""
"03.07.2017,""219,802"",""219,802"",""219,802"",""219,802"",""-0,04%"""
"30.06.2017,""219,883"",""219,883"",""219,883"",""219,883"",""-0,11%"""
"29.06.2017,""220,128"",""220,128"",""220,128"",""220,128"",""-0,62%"""
"28.06.2017,""221,500"",""221,500"",""221,500"",""221,500"",""-0,01%"""
"27.06.2017,""221,519"",""221,519"",""221,519"",""221,519"",""-0,62%"""
"26.06.2017,""222,898"",""222,898"",""222,898"",""222,898"",""0,03%"""
"23.06.2017,""222,841"",""222,841"",""222,841"",""222,841"",""-0,09%"""
"22.06.2017,""223,048"",""223,048"",""223,048"",""223,048"",""0,03%"""
"21.06.2017,""222,982"",""222,982"",""222,982"",""222,982"",""0,10%"""
"20.06.2017,""222,764"",""222,764"",""222,764"",""222,764"",""0,19%"""
"19.06.2017,""222,344"",""222,344"",""222,344"",""222,344"",""0,08%"""
"16.06.2017,""222,173"",""222,173"",""222,173"",""222,173"",""-0,02%"""
"15.06.2017,""222,214"",""222,214"",""222,214"",""222,214"",""-0,32%"""
"14.06.2017,""222,926"",""222,926"",""222,926"",""222,926"",""0,23%"""
"13.06.2017,""222,410"",""222,410"",""222,410"",""222,410"",""0,05%"""
"12.06.2017,""222,307"",""222,307"",""222,307"",""222,307"",""0,24%"""
"09.06.2017,""221,775"",""221,775"",""221,775"",""221,775"",""0,12%"""
"08.06.2017,""221,516"",""221,516"",""221,516"",""221,516"",""0,21%"""
"07.06.2017,""221,042"",""221,042"",""221,042"",""221,042"",""-0,09%"""
"06.06.2017,""221,244"",""221,244"",""221,244"",""221,244"",""0,24%"""
"05.06.2017,""220,707"",""220,707"",""220,707"",""220,707"",""-0,09%"""
"02.06.2017,""220,903"",""220,903"",""220,903"",""220,903"",""0,06%"""
"01.06.2017,""220,775"",""220,775"",""220,775"",""220,775"",""-0,14%"""
"31.05.2017,""221,094"",""221,094"",""221,094"",""221,094"",""0,02%"""
"30.05.2017,""221,060"",""221,060"",""221,060"",""221,060"",""-0,02%"""
"29.05.2017,""221,105"",""221,105"",""221,105"",""221,105"",""0,04%"""
"26.05.2017,""221,023"",""221,023"",""221,023"",""221,023"",""0,22%"""
"25.05.2017,""220,534"",""220,534"",""220,534"",""220,534"",""0,19%"""
"24.05.2017,""220,110"",""220,110"",""220,110"",""220,110"",""-0,02%"""
"23.05.2017,""220,154"",""220,154"",""220,154"",""220,154"",""0,04%"""
"22.05.2017,""220,055"",""220,055"",""220,055"",""220,055"",""-0,14%"""
"19.05.2017,""220,374"",""220,374"",""220,374"",""220,374"",""-0,00%"""
"18.05.2017,""220,378"",""220,378"",""220,378"",""220,378"",""0,13%"""
"17.05.2017,""220,085"",""220,085"",""220,085"",""220,085"",""0,28%"""
"16.05.2017,""219,478"",""219,478"",""219,478"",""219,478"",""0,09%"""
"15.05.2017,""219,275"",""219,275"",""219,275"",""219,275"",""-0,17%"""
"12.05.2017,""219,659"",""219,659"",""219,659"",""219,659"",""0,24%"""
"11.05.2017,""219,137"",""219,137"",""219,137"",""219,137"",""-0,22%"""
"10.05.2017,""219,619"",""219,619"",""219,619"",""219,619"",""0,14%"""
"09.05.2017,""219,312"",""219,312"",""219,312"",""219,312"",""-0,14%"""
"08.05.2017,""219,619"",""219,619"",""219,619"",""219,619"",""-0,09%"""
"05.05.2017,""219,823"",""219,823"",""219,823"",""219,823"",""0,00%"""
"04.05.2017,""219,816"",""219,816"",""219,816"",""219,816"",""-0,13%"""
"03.05.2017,""220,096"",""220,096"",""220,096"",""220,096"",""0,10%"""
"02.05.2017,""219,887"",""219,887"",""219,887"",""219,887"",""-0,03%"""
"01.05.2017,""219,946"",""219,946"",""219,946"",""219,946"",""-0,01%"""
"28.04.2017,""219,964"",""219,964"",""219,964"",""219,964"",""-0,06%"""
"27.04.2017,""220,092"",""220,092"",""220,092"",""220,092"",""0,31%"""
"26.04.2017,""219,406"",""219,406"",""219,406"",""219,406"",""-0,06%"""
"25.04.2017,""219,540"",""219,540"",""219,540"",""219,540"",""-0,31%"""
"24.04.2017,""220,230"",""220,230"",""220,230"",""220,230"",""0,21%"""
"21.04.2017,""219,762"",""219,762"",""219,762"",""219,762"",""-0,11%"""
"20.04.2017,""220,008"",""220,008"",""220,008"",""220,008"",""-0,06%"""
"19.04.2017,""220,134"",""220,134"",""220,134"",""220,134"",""-0,07%"""
"18.04.2017,""220,278"",""220,278"",""220,278"",""220,278"",""0,12%"""
"17.04.2017,""220,020"",""220,020"",""220,020"",""220,020"",""-0,01%"""
"13.04.2017,""220,048"",""220,048"",""220,048"",""220,048"",""0,05%"""
"12.04.2017,""219,931"",""219,931"",""219,931"",""219,931"",""0,01%"""
"11.04.2017,""219,906"",""219,906"",""219,906"",""219,906"",""-0,06%"""
"10.04.2017,""220,028"",""220,028"",""220,028"",""220,028"",""-0,08%"""
"07.04.2017,""220,209"",""220,209"",""220,209"",""220,209"",""0,17%"""
"06.04.2017,""219,829"",""219,829"",""219,829"",""219,829"",""0,06%"""
"05.04.2017,""219,699"",""219,699"",""219,699"",""219,699"",""-0,02%"""
"04.04.2017,""219,740"",""219,740"",""219,740"",""219,740"",""0,22%"""
"03.04.2017,""219,260"",""219,260"",""219,260"",""219,260"",""0,16%"""
"31.03.2017,""218,917"",""218,917"",""218,917"",""218,917"",""-0,07%"""
"30.03.2017,""219,067"",""219,067"",""219,067"",""219,067"",""-0,04%"""
"29.03.2017,""219,163"",""219,163"",""219,163"",""219,163"",""0,16%"""
"28.03.2017,""218,803"",""218,803"",""218,803"",""218,803"",""0,18%"""
"27.03.2017,""218,415"",""218,415"",""218,415"",""218,415"",""0,07%"""
"24.03.2017,""218,265"",""218,265"",""218,265"",""218,265"",""0,20%"""
"23.03.2017,""217,823"",""217,823"",""217,823"",""217,823"",""-0,04%"""
"22.03.2017,""217,919"",""217,919"",""217,919"",""217,919"",""0,34%"""
"21.03.2017,""217,178"",""217,178"",""217,178"",""217,178"",""0,08%"""
"20.03.2017,""217,000"",""217,000"",""217,000"",""217,000"",""-0,00%"""
"17.03.2017,""217,010"",""217,010"",""217,010"",""217,010"",""0,00%"""
"16.03.2017,""217,004"",""217,004"",""217,004"",""217,004"",""-0,31%"""
"15.03.2017,""217,685"",""217,685"",""217,685"",""217,685"",""0,35%"""
"14.03.2017,""216,917"",""216,917"",""216,917"",""216,917"",""0,09%"""
"13.03.2017,""216,725"",""216,725"",""216,725"",""216,725"",""0,12%"""
"10.03.2017,""216,467"",""216,467"",""216,467"",""216,467"",""-0,40%"""
"09.03.2017,""217,335"",""217,335"",""217,335"",""217,335"",""-0,21%"""
"08.03.2017,""217,801"",""217,801"",""217,801"",""217,801"",""-0,43%"""
"07.03.2017,""218,734"",""218,734"",""218,734"",""218,734"",""-0,05%"""
"06.03.2017,""218,852"",""218,852"",""218,852"",""218,852"",""-0,05%"""
"03.03.2017,""218,955"",""218,955"",""218,955"",""218,955"",""-0,10%"""
"02.03.2017,""219,167"",""219,167"",""219,167"",""219,167"",""-0,07%"""
"01.03.2017,""219,330"",""219,330"",""219,330"",""219,330"",""-0,38%"""
"28.02.2017,""220,160"",""220,160"",""220,160"",""220,160"",""0,09%"""
"27.02.2017,""219,956"",""219,956"",""219,956"",""219,956"",""0,11%"""
"24.02.2017,""219,704"",""219,704"",""219,704"",""219,704"",""0,40%"""
"23.02.2017,""218,819"",""218,819"",""218,819"",""218,819"",""0,22%"""
"22.02.2017,""218,344"",""218,344"",""218,344"",""218,344"",""0,17%"""
"21.02.2017,""217,975"",""217,975"",""217,975"",""217,975"",""-0,21%"""
"20.02.2017,""218,427"",""218,427"",""218,427"",""218,427"",""-0,01%"""
"17.02.2017,""218,454"",""218,454"",""218,454"",""218,454"",""0,01%"""
"16.02.2017,""218,423"",""218,423"",""218,423"",""218,423"",""0,38%"""
"15.02.2017,""217,598"",""217,598"",""217,598"",""217,598"",""-0,10%"""
"14.02.2017,""217,820"",""217,820"",""217,820"",""217,820"",""-0,12%"""
"13.02.2017,""218,088"",""218,088"",""218,088"",""218,088"",""0,07%"""
"10.02.2017,""217,934"",""217,934"",""217,934"",""217,934"",""-0,35%"""
"09.02.2017,""218,710"",""218,710"",""218,710"",""218,710"",""0,22%"""
"08.02.2017,""218,222"",""218,222"",""218,222"",""218,222"",""0,43%"""
"07.02.2017,""217,288"",""217,288"",""217,288"",""217,288"",""0,12%"""
"06.02.2017,""217,021"",""217,021"",""217,021"",""217,021"",""-0,28%"""
"03.02.2017,""217,622"",""217,622"",""217,622"",""217,622"",""-0,11%"""
"02.02.2017,""217,867"",""217,867"",""217,867"",""217,867"",""0,34%"""
"01.02.2017,""217,122"",""217,122"",""217,122"",""217,122"",""-0,32%"""
"31.01.2017,""217,815"",""217,815"",""217,815"",""217,815"",""0,14%"""
"30.01.2017,""217,503"",""217,503"",""217,503"",""217,503"",""-0,12%"""
"27.01.2017,""217,775"",""217,775"",""217,775"",""217,775"",""0,07%"""
"26.01.2017,""217,627"",""217,627"",""217,627"",""217,627"",""-0,37%"""
"25.01.2017,""218,425"",""218,425"",""218,425"",""218,425"",""-0,47%"""
"24.01.2017,""219,452"",""219,452"",""219,452"",""219,452"",""-0,11%"""
"23.01.2017,""219,685"",""219,685"",""219,685"",""219,685"",""0,32%"""
"20.01.2017,""218,986"",""218,986"",""218,986"",""218,986"",""-0,35%"""
"19.01.2017,""219,754"",""219,754"",""219,754"",""219,754"",""-0,24%"""
"18.01.2017,""220,282"",""220,282"",""220,282"",""220,282"",""-0,20%"""
"17.01.2017,""220,729"",""220,729"",""220,729"",""220,729"",""0,12%"""
"16.01.2017,""220,469"",""220,469"",""220,469"",""220,469"",""0,06%"""
"13.01.2017,""220,333"",""220,333"",""220,333"",""220,333"",""-0,24%"""
"12.01.2017,""220,866"",""220,866"",""220,866"",""220,866"",""-0,01%"""
"11.01.2017,""220,879"",""220,879"",""220,879"",""220,879"",""0,17%"""
"10.01.2017,""220,503"",""220,503"",""220,503"",""220,503"",""0,06%"""
"09.01.2017,""220,365"",""220,365"",""220,365"",""220,365"",""0,14%"""
"06.01.2017,""220,065"",""220,065"",""220,065"",""220,065"",""-0,23%"""
"05.01.2017,""220,565"",""220,565"",""220,565"",""220,565"",""-0,08%"""
"04.01.2017,""220,752"",""220,752"",""220,752"",""220,752"",""-0,08%"""
"03.01.2017,""220,937"",""220,937"",""220,937"",""220,937"",""-0,56%"""
"30.12.2016,""222,172"",""222,172"",""222,172"",""222,172"",""-0,23%"""
"29.12.2016,""222,678"",""222,678"",""222,678"",""222,678"",""0,15%"""
"28.12.2016,""222,355"",""222,355"",""222,355"",""222,355"",""-0,06%"""
"27.12.2016,""222,486"",""222,486"",""222,486"",""222,486"",""0,17%"""
"23.12.2016,""222,103"",""222,103"",""222,103"",""222,103"",""0,19%"""
"22.12.2016,""221,674"",""221,674"",""221,674"",""221,674"",""-0,16%"""
"21.12.2016,""222,037"",""222,037"",""222,037"",""222,037"",""0,11%"""
"20.12.2016,""221,799"",""221,799"",""221,799"",""221,799"",""0,02%"""
"19.12.2016,""221,757"",""221,757"",""221,757"",""221,757"",""0,48%"""
"16.12.2016,""220,694"",""220,694"",""220,694"",""220,694"",""0,16%"""
"15.12.2016,""220,350"",""220,350"",""220,350"",""220,350"",""-0,38%"""
"14.12.2016,""221,195"",""221,195"",""221,195"",""221,195"",""0,42%"""
"13.12.2016,""220,264"",""220,264"",""220,264"",""220,264"",""0,52%"""
"12.12.2016,""219,115"",""219,115"",""219,115"",""219,115"",""-0,27%"""
"09.12.2016,""219,713"",""219,713"",""219,713"",""219,713"",""0,01%"""
"08.12.2016,""219,694"",""219,694"",""219,694"",""219,694"",""-0,44%"""
"07.12.2016,""220,671"",""220,671"",""220,671"",""220,671"",""0,25%"""
"06.12.2016,""220,113"",""220,113"",""220,113"",""220,113"",""0,04%"""
"05.12.2016,""220,027"",""220,027"",""220,027"",""220,027"",""-0,34%"""
"02.12.2016,""220,771"",""220,771"",""220,771"",""220,771"",""0,40%"""
"01.12.2016,""219,900"",""219,900"",""219,900"",""219,900"",""-0,37%"""
"30.11.2016,""220,722"",""220,722"",""220,722"",""220,722"",""-0,17%"""
"29.11.2016,""221,087"",""221,087"",""221,087"",""221,087"",""0,17%"""
"28.11.2016,""220,710"",""220,710"",""220,710"",""220,710"",""0,21%"""
"25.11.2016,""220,251"",""220,251"",""220,251"",""220,251"",""-0,02%"""
"24.11.2016,""220,303"",""220,303"",""220,303"",""220,303"",""0,14%"""
"23.11.2016,""219,990"",""219,990"",""219,990"",""219,990"",""-0,42%"""
"22.11.2016,""220,926"",""220,926"",""220,926"",""220,926"",""0,21%"""
"21.11.2016,""220,454"",""220,454"",""220,454"",""220,454"",""0,01%"""
"18.11.2016,""220,427"",""220,427"",""220,427"",""220,427"",""0,05%"""
"17.11.2016,""220,317"",""220,317"",""220,317"",""220,317"",""-0,04%"""
"16.11.2016,""220,409"",""220,409"",""220,409"",""220,409"",""-0,22%"""
"15.11.2016,""220,903"",""220,903"",""220,903"",""220,903"",""0,67%"""
"14.11.2016,""219,435"",""219,435"",""219,435"",""219,435"",""-0,46%"""
"11.11.2016,""220,453"",""220,453"",""220,453"",""220,453"",""-0,43%"""
"10.11.2016,""221,402"",""221,402"",""221,402"",""221,402"",""-1,02%"""
"09.11.2016,""223,684"",""223,684"",""223,684"",""223,684"",""-0,10%"""
"08.11.2016,""223,903"",""223,903"",""223,903"",""223,903"",""-0,12%"""
"07.11.2016,""224,166"",""224,166"",""224,166"",""224,166"",""0,03%"""
"04.11.2016,""224,103"",""224,103"",""224,103"",""224,103"",""0,06%"""
"03.11.2016,""223,961"",""223,961"",""223,961"",""223,961"",""-0,18%"""
"02.11.2016,""224,360"",""224,360"",""224,360"",""224,360"",""0,36%"""
"01.11.2016,""223,565"",""223,565"",""223,565"",""223,565"",""-0,21%"""
"31.10.2016,""224,040"",""224,040"",""224,040"",""224,040"",""0,04%"""
"28.10.2016,""223,958"",""223,958"",""223,958"",""223,958"",""-0,03%"""
"27.10.2016,""224,026"",""224,026"",""224,026"",""224,026"",""-0,59%"""
"26.10.2016,""225,354"",""225,354"",""225,354"",""225,354"",""-0,48%"""
"25.10.2016,""226,444"",""226,444"",""226,444"",""226,444"",""0,02%"""
"24.10.2016,""226,403"",""226,403"",""226,403"",""226,403"",""-0,12%"""
"21.10.2016,""226,679"",""226,679"",""226,679"",""226,679"",""-0,02%"""
"20.10.2016,""226,719"",""226,719"",""226,719"",""226,719"",""0,16%"""
"19.10.2016,""226,351"",""226,351"",""226,351"",""226,351"",""0,03%"""
"18.10.2016,""226,280"",""226,280"",""226,280"",""226,280"",""0,15%"""
"17.10.2016,""225,952"",""225,952"",""225,952"",""225,952"",""-0,04%"""
"14.10.2016,""226,042"",""226,042"",""226,042"",""226,042"",""-0,11%"""
"13.10.2016,""226,280"",""226,280"",""226,280"",""226,280"",""0,19%"""
"12.10.2016,""225,852"",""225,852"",""225,852"",""225,852"",""-0,20%"""
"11.10.2016,""226,301"",""226,301"",""226,301"",""226,301"",""0,10%"""
"10.10.2016,""226,064"",""226,064"",""226,064"",""226,064"",""-0,17%"""
"07.10.2016,""226,446"",""226,446"",""226,446"",""226,446"",""-0,08%"""
"06.10.2016,""226,627"",""226,627"",""226,627"",""226,627"",""-0,02%"""
"05.10.2016,""226,669"",""226,669"",""226,669"",""226,669"",""-0,59%"""
"04.10.2016,""228,018"",""228,018"",""228,018"",""228,018"",""-0,12%"""
"03.10.2016,""228,302"",""228,302"",""228,302"",""228,302"",""-0,17%"""
"30.09.2016,""228,681"",""228,681"",""228,681"",""228,681"",""0,04%"""
"29.09.2016,""228,579"",""228,579"",""228,579"",""228,579"",""-0,17%"""
"28.09.2016,""228,976"",""228,976"",""228,976"",""228,976"",""0,08%"""
"27.09.2016,""228,799"",""228,799"",""228,799"",""228,799"",""0,10%"""
"26.09.2016,""228,575"",""228,575"",""228,575"",""228,575"",""0,17%"""
"23.09.2016,""228,186"",""228,186"",""228,186"",""228,186"",""-0,09%"""
"22.09.2016,""228,396"",""228,396"",""228,396"",""228,396"",""0,59%"""
"21.09.2016,""227,058"",""227,058"",""227,058"",""227,058"",""-0,10%"""
"20.09.2016,""227,275"",""227,275"",""227,275"",""227,275"",""0,35%"""
"19.09.2016,""226,484"",""226,484"",""226,484"",""226,484"",""-0,00%"""
"16.09.2016,""226,488"",""226,488"",""226,488"",""226,488"",""0,10%"""
"15.09.2016,""226,257"",""226,257"",""226,257"",""226,257"",""-0,14%"""
"14.09.2016,""226,574"",""226,574"",""226,574"",""226,574"",""0,04%"""
"13.09.2016,""226,491"",""226,491"",""226,491"",""226,491"",""-0,02%"""
"12.09.2016,""226,539"",""226,539"",""226,539"",""226,539"",""-0,12%"""
"09.09.2016,""226,819"",""226,819"",""226,819"",""226,819"",""-0,61%"""
"08.09.2016,""228,220"",""228,220"",""228,220"",""228,220"",""-0,45%"""
"07.09.2016,""229,246"",""229,246"",""229,246"",""229,246"",""0,18%"""
"06.09.2016,""228,840"",""228,840"",""228,840"",""228,840"",""0,41%"""
"05.09.2016,""227,911"",""227,911"",""227,911"",""227,911"",""0,17%"""
"02.09.2016,""227,520"",""227,520"",""227,520"",""227,520"",""-0,11%"""
"01.09.2016,""227,767"",""227,767"",""227,767"",""227,767"",""-0,24%"""
"31.08.2016,""228,325"",""228,325"",""228,325"",""228,325"",""-0,17%"""
"30.08.2016,""228,714"",""228,714"",""228,714"",""228,714"",""0,06%"""
"29.08.2016,""228,585"",""228,585"",""228,585"",""228,585"",""-0,08%"""
"26.08.2016,""228,770"",""228,770"",""228,770"",""228,770"",""0,08%"""
"25.08.2016,""228,586"",""228,586"",""228,586"",""228,586"",""-0,05%"""
"24.08.2016,""228,693"",""228,693"",""228,693"",""228,693"",""-0,06%"""
"23.08.2016,""228,838"",""228,838"",""228,838"",""228,838"",""-0,00%"""
"22.08.2016,""228,847"",""228,847"",""228,847"",""228,847"",""0,19%"""
"19.08.2016,""228,405"",""228,405"",""228,405"",""228,405"",""-0,23%"""
"18.08.2016,""228,940"",""228,940"",""228,940"",""228,940"",""0,24%"""
"17.08.2016,""228,398"",""228,398"",""228,398"",""228,398"",""0,11%"""
"16.08.2016,""228,141"",""228,141"",""228,141"",""228,141"",""-0,29%"""
"15.08.2016,""228,816"",""228,816"",""228,816"",""228,816"",""-0,16%"""
"12.08.2016,""229,190"",""229,190"",""229,190"",""229,190"",""0,00%"""
"11.08.2016,""229,182"",""229,182"",""229,182"",""229,182"",""-0,04%"""
"10.08.2016,""229,268"",""229,268"",""229,268"",""229,268"",""0,20%"""
"09.08.2016,""228,814"",""228,814"",""228,814"",""228,814"",""0,13%"""
"08.08.2016,""228,510"",""228,510"",""228,510"",""228,510"",""0,06%"""
"05.08.2016,""228,383"",""228,383"",""228,383"",""228,383"",""-0,15%"""
"04.08.2016,""228,729"",""228,729"",""228,729"",""228,729"",""0,38%"""
"03.08.2016,""227,854"",""227,854"",""227,854"",""227,854"",""-0,04%"""
"02.08.2016,""227,938"",""227,938"",""227,938"",""227,938"",""-0,33%"""
"01.08.2016,""228,704"",""228,704"",""228,704"",""228,704"",""-0,06%"""
"29.07.2016,""228,848"",""228,848"",""228,848"",""228,848"",""0,24%"""
"28.07.2016,""228,308"",""228,308"",""228,308"",""228,308"",""0,05%"""
"27.07.2016,""228,198"",""228,198"",""228,198"",""228,198"",""0,31%"""
"26.07.2016,""227,491"",""227,491"",""227,491"",""227,491"",""-0,05%"""
"25.07.2016,""227,595"",""227,595"",""227,595"",""227,595"",""0,17%"""
"22.07.2016,""227,207"",""227,207"",""227,207"",""227,207"",""0,06%"""
"21.07.2016,""227,069"",""227,069"",""227,069"",""227,069"",""-0,01%"""
"20.07.2016,""227,088"",""227,088"",""227,088"",""227,088"",""-0,01%"""
"19.07.2016,""227,108"",""227,108"",""227,108"",""227,108"",""0,05%"""
"18.07.2016,""226,996"",""226,996"",""226,996"",""226,996"",""0,08%"""
"15.07.2016,""226,808"",""226,808"",""226,808"",""226,808"",""-0,29%"""
"14.07.2016,""227,469"",""227,469"",""227,469"",""227,469"",""-0,22%"""
"13.07.2016,""227,978"",""227,978"",""227,978"",""227,978"",""0,21%"""
"12.07.2016,""227,490"",""227,490"",""227,490"",""227,490"",""-0,31%"""
"11.07.2016,""228,204"",""228,204"",""228,204"",""228,204"",""-0,09%"""
"08.07.2016,""228,401"",""228,401"",""228,401"",""228,401"",""0,25%"""
"07.07.2016,""227,823"",""227,823"",""227,823"",""227,823"",""-0,14%"""
"06.07.2016,""228,140"",""228,140"",""228,140"",""228,140"",""0,07%"""
"05.07.2016,""227,985"",""227,985"",""227,985"",""227,985"",""0,20%"""
"04.07.2016,""227,540"",""227,540"",""227,540"",""227,540"",""-0,02%"""
"01.07.2016,""227,581"",""227,581"",""227,581"",""227,581"",""0,22%"""
"30.06.2016,""227,086"",""227,086"",""227,086"",""227,086"",""0,16%"""
"29.06.2016,""226,727"",""226,727"",""226,727"",""226,727"",""0,16%"""
"28.06.2016,""226,358"",""226,358"",""226,358"",""226,358"",""0,32%"""
"27.06.2016,""225,630"",""225,630"",""225,630"",""225,630"",""0,55%"""
"24.06.2016,""224,386"",""224,386"",""224,386"",""224,386"",""0,28%"""
"23.06.2016,""223,761"",""223,761"",""223,761"",""223,761"",""-0,04%"""
"22.06.2016,""223,850"",""223,850"",""223,850"",""223,850"",""-0,03%"""
"21.06.2016,""223,920"",""223,920"",""223,920"",""223,920"",""0,01%"""
"20.06.2016,""223,906"",""223,906"",""223,906"",""223,906"",""0,07%"""
"17.06.2016,""223,739"",""223,739"",""223,739"",""223,739"",""-0,06%"""
"16.06.2016,""223,875"",""223,875"",""223,875"",""223,875"",""-0,04%"""
"15.06.2016,""223,965"",""223,965"",""223,965"",""223,965"",""0,04%"""
"14.06.2016,""223,865"",""223,865"",""223,865"",""223,865"",""0,04%"""
"13.06.2016,""223,776"",""223,776"",""223,776"",""223,776"",""-0,31%"""
"10.06.2016,""224,475"",""224,475"",""224,475"",""224,475"",""0,07%"""
"09.06.2016,""224,327"",""224,327"",""224,327"",""224,327"",""0,24%"""
"08.06.2016,""223,781"",""223,781"",""223,781"",""223,781"",""0,08%"""
"07.06.2016,""223,595"",""223,595"",""223,595"",""223,595"",""0,25%"""
"06.06.2016,""223,030"",""223,030"",""223,030"",""223,030"",""-0,14%"""
"03.06.2016,""223,337"",""223,337"",""223,337"",""223,337"",""0,29%"""
"02.06.2016,""222,685"",""222,685"",""222,685"",""222,685"",""0,07%"""
"01.06.2016,""222,534"",""222,534"",""222,534"",""222,534"",""0,05%"""
"31.05.2016,""222,424"",""222,424"",""222,424"",""222,424"",""0,10%"""
"30.05.2016,""222,209"",""222,209"",""222,209"",""222,209"",""-0,13%"""
"27.05.2016,""222,503"",""222,503"",""222,503"",""222,503"",""0,02%"""
"26.05.2016,""222,464"",""222,464"",""222,464"",""222,464"",""-0,01%"""
"25.05.2016,""222,476"",""222,476"",""222,476"",""222,476"",""0,29%"""
"24.05.2016,""221,836"",""221,836"",""221,836"",""221,836"",""0,14%"""
"23.05.2016,""221,524"",""221,524"",""221,524"",""221,524"",""-0,03%"""
"20.05.2016,""221,595"",""221,595"",""221,595"",""221,595"",""0,02%"""
"19.05.2016,""221,560"",""221,560"",""221,560"",""221,560"",""-0,01%"""
"18.05.2016,""221,580"",""221,580"",""221,580"",""221,580"",""-0,21%"""
"17.05.2016,""222,055"",""222,055"",""222,055"",""222,055"",""0,13%"""
"16.05.2016,""221,761"",""221,761"",""221,761"",""221,761"",""-0,06%"""
"13.05.2016,""221,903"",""221,903"",""221,903"",""221,903"",""0,17%"""
"12.05.2016,""221,537"",""221,537"",""221,537"",""221,537"",""-0,19%"""
"11.05.2016,""221,957"",""221,957"",""221,957"",""221,957"",""-0,04%"""
"10.05.2016,""222,043"",""222,043"",""222,043"",""222,043"",""0,09%"""
"09.05.2016,""221,839"",""221,839"",""221,839"",""221,839"",""0,09%"""
"06.05.2016,""221,639"",""221,639"",""221,639"",""221,639"",""0,12%"""
"05.05.2016,""221,366"",""221,366"",""221,366"",""221,366"",""0,05%"""
"04.05.2016,""221,245"",""221,245"",""221,245"",""221,245"",""-0,08%"""
"03.05.2016,""221,413"",""221,413"",""221,413"",""221,413"",""0,38%"""
"02.05.2016,""220,569"",""220,569"",""220,569"",""220,569"",""0,14%"""
"29.04.2016,""220,268"",""220,268"",""220,268"",""220,268"",""-0,15%"""
"28.04.2016,""220,607"",""220,607"",""220,607"",""220,607"",""0,17%"""
"27.04.2016,""220,223"",""220,223"",""220,223"",""220,223"",""-0,01%"""
"26.04.2016,""220,248"",""220,248"",""220,248"",""220,248"",""-0,12%"""
"25.04.2016,""220,506"",""220,506"",""220,506"",""220,506"",""-0,20%"""
"22.04.2016,""220,938"",""220,938"",""220,938"",""220,938"",""-0,08%"""
"21.04.2016,""221,110"",""221,110"",""221,110"",""221,110"",""-0,41%"""
"20.04.2016,""222,021"",""222,021"",""222,021"",""222,021"",""0,14%"""
"19.04.2016,""221,707"",""221,707"",""221,707"",""221,707"",""-0,24%"""
"18.04.2016,""222,247"",""222,247"",""222,247"",""222,247"",""-0,07%"""
"15.04.2016,""222,406"",""222,406"",""222,406"",""222,406"",""0,15%"""
"14.04.2016,""222,082"",""222,082"",""222,082"",""222,082"",""-0,13%"""
"13.04.2016,""222,370"",""222,370"",""222,370"",""222,370"",""0,20%"""
"12.04.2016,""221,917"",""221,917"",""221,917"",""221,917"",""-0,24%"""
"11.04.2016,""222,444"",""222,444"",""222,444"",""222,444"",""-0,14%"""
"08.04.2016,""222,756"",""222,756"",""222,756"",""222,756"",""0,10%"""
"07.04.2016,""222,537"",""222,537"",""222,537"",""222,537"",""-0,11%"""
"06.04.2016,""222,790"",""222,790"",""222,790"",""222,790"",""-0,14%"""
"05.04.2016,""223,098"",""223,098"",""223,098"",""223,098"",""0,09%"""
"04.04.2016,""222,901"",""222,901"",""222,901"",""222,901"",""0,03%"""
"01.04.2016,""222,841"",""222,841"",""222,841"",""222,841"",""0,11%"""
"31.03.2016,""222,594"",""222,594"",""222,594"",""222,594"",""0,01%"""
"30.03.2016,""222,582"",""222,582"",""222,582"",""222,582"",""-0,05%"""
"29.03.2016,""222,683"",""222,683"",""222,683"",""222,683"",""0,33%"""
"28.03.2016,""221,944"",""221,944"",""221,944"",""221,944"",""0,02%"""
"24.03.2016,""221,891"",""221,891"",""221,891"",""221,891"",""0,09%"""
"23.03.2016,""221,681"",""221,681"",""221,681"",""221,681"",""-0,05%"""
"22.03.2016,""221,793"",""221,793"",""221,793"",""221,793"",""0,04%"""
"21.03.2016,""221,704"",""221,704"",""221,704"",""221,704"",""0,02%"""
"18.03.2016,""221,649"",""221,649"",""221,649"",""221,649"",""0,10%"""
"17.03.2016,""221,435"",""221,435"",""221,435"",""221,435"",""0,35%"""
"16.03.2016,""220,673"",""220,673"",""220,673"",""220,673"",""0,18%"""
"15.03.2016,""220,284"",""220,284"",""220,284"",""220,284"",""-0,28%"""
"14.03.2016,""220,892"",""220,892"",""220,892"",""220,892"",""0,09%"""
"11.03.2016,""220,688"",""220,688"",""220,688"",""220,688"",""0,39%"""
"10.03.2016,""219,839"",""219,839"",""219,839"",""219,839"",""-0,27%"""
"09.03.2016,""220,438"",""220,438"",""220,438"",""220,438"",""-0,21%"""
"08.03.2016,""220,896"",""220,896"",""220,896"",""220,896"",""0,21%"""
"07.03.2016,""220,432"",""220,432"",""220,432"",""220,432"",""0,06%"""
"04.03.2016,""220,291"",""220,291"",""220,291"",""220,291"",""-0,18%"""
"03.03.2016,""220,680"",""220,680"",""220,680"",""220,680"",""0,06%"""
"02.03.2016,""220,555"",""220,555"",""220,555"",""220,555"",""-0,30%"""
"01.03.2016,""221,213"",""221,213"",""221,213"",""221,213"",""-0,20%"""
"29.02.2016,""221,651"",""221,651"",""221,651"",""221,651"",""0,33%"""
"26.02.2016,""220,927"",""220,927"",""220,927"",""220,927"",""0,02%"""
"25.02.2016,""220,876"",""220,876"",""220,876"",""220,876"",""0,04%"""
"24.02.2016,""220,786"",""220,786"",""220,786"",""220,786"",""0,15%"""
"23.02.2016,""220,456"",""220,456"",""220,456"",""220,456"",""-0,02%"""
"22.02.2016,""220,499"",""220,499"",""220,499"",""220,499"",""0,24%"""
"19.02.2016,""219,974"",""219,974"",""219,974"",""219,974"",""0,04%"""
"18.02.2016,""219,894"",""219,894"",""219,894"",""219,894"",""0,38%"""
"17.02.2016,""219,071"",""219,071"",""219,071"",""219,071"",""0,06%"""
"16.02.2016,""218,948"",""218,948"",""218,948"",""218,948"",""-0,21%"""
"15.02.2016,""219,409"",""219,409"",""219,409"",""219,409"",""0,20%"""
"12.02.2016,""218,961"",""218,961"",""218,961"",""218,961"",""-0,20%"""
"11.02.2016,""219,399"",""219,399"",""219,399"",""219,399"",""0,10%"""
"10.02.2016,""219,172"",""219,172"",""219,172"",""219,172"",""0,04%"""
"09.02.2016,""219,076"",""219,076"",""219,076"",""219,076"",""-0,11%"""
"08.02.2016,""219,319"",""219,319"",""219,319"",""219,319"",""0,00%"""
"05.02.2016,""219,313"",""219,313"",""219,313"",""219,313"",""-0,03%"""
"04.02.2016,""219,381"",""219,381"",""219,381"",""219,381"",""-0,21%"""
"03.02.2016,""219,852"",""219,852"",""219,852"",""219,852"",""0,24%"""
"02.02.2016,""219,325"",""219,325"",""219,325"",""219,325"",""0,05%"""
"01.02.2016,""219,214"",""219,214"",""219,214"",""219,214"",""-0,20%"""
"29.01.2016,""219,647"",""219,647"",""219,647"",""219,647"",""0,48%"""
"28.01.2016,""218,605"",""218,605"",""218,605"",""218,605"",""0,11%"""
"27.01.2016,""218,356"",""218,356"",""218,356"",""218,356"",""0,05%"""
"26.01.2016,""218,248"",""218,248"",""218,248"",""218,248"",""0,25%"""
"25.01.2016,""217,700"",""217,700"",""217,700"",""217,700"",""0,09%"""
"22.01.2016,""217,502"",""217,502"",""217,502"",""217,502"",""-0,10%"""
"21.01.2016,""217,714"",""217,714"",""217,714"",""217,714"",""0,30%"""
"20.01.2016,""217,072"",""217,072"",""217,072"",""217,072"",""0,06%"""
"19.01.2016,""216,946"",""216,946"",""216,946"",""216,946"",""0,01%"""
"18.01.2016,""216,927"",""216,927"",""216,927"",""216,927"",""-0,06%"""
"15.01.2016,""217,049"",""217,049"",""217,049"",""217,049"",""0,24%"""
"14.01.2016,""216,539"",""216,539"",""216,539"",""216,539"",""-0,10%"""
"13.01.2016,""216,764"",""216,764"",""216,764"",""216,764"",""0,21%"""
"12.01.2016,""216,316"",""216,316"",""216,316"",""216,316"",""-0,01%"""
"11.01.2016,""216,334"",""216,334"",""216,334"",""216,334"",""-0,17%"""
"08.01.2016,""216,702"",""216,702"",""216,702"",""216,702"",""0,20%"""
"07.01.2016,""216,274"",""216,274"",""216,274"",""216,274"",""-0,33%"""
"06.01.2016,""216,999"",""216,999"",""216,999"",""216,999"",""0,19%"""
"05.01.2016,""216,578"",""216,578"",""216,578"",""216,578"",""0,13%"""
"04.01.2016,""216,307"",""216,307"",""216,307"",""216,307"",""0,27%"""
"31.12.2015,""215,715"",""215,715"",""215,715"",""215,715"",""0,01%"""
"30.12.2015,""215,701"",""215,701"",""215,701"",""215,701"",""0,10%"""
"29.12.2015,""215,496"",""215,496"",""215,496"",""215,496"",""0,02%"""
"28.12.2015,""215,455"",""215,455"",""215,455"",""215,455"",""0,03%"""
"24.12.2015,""215,399"",""215,399"",""215,399"",""215,399"",""0,01%"""
"23.12.2015,""215,385"",""215,385"",""215,385"",""215,385"",""-0,25%"""
"22.12.2015,""215,921"",""215,921"",""215,921"",""215,921"",""-0,31%"""
"21.12.2015,""216,589"",""216,589"",""216,589"",""216,589"",""-0,07%"""
"18.12.2015,""216,744"",""216,744"",""216,744"",""216,744"",""0,28%"""
"17.12.2015,""216,138"",""216,138"",""216,138"",""216,138"",""0,37%"""
"16.12.2015,""215,345"",""215,345"",""215,345"",""215,345"",""-0,03%"""
"15.12.2015,""215,402"",""215,402"",""215,402"",""215,402"",""-0,45%"""
"14.12.2015,""216,378"",""216,378"",""216,378"",""216,378"",""-0,28%"""
"11.12.2015,""216,982"",""216,982"",""216,982"",""216,982"",""0,12%"""
"10.12.2015,""216,713"",""216,713"",""216,713"",""216,713"",""0,13%"""
"09.12.2015,""216,428"",""216,428"",""216,428"",""216,428"",""-0,18%"""
"08.12.2015,""216,808"",""216,808"",""216,808"",""216,808"",""0,17%"""
"07.12.2015,""216,436"",""216,436"",""216,436"",""216,436"",""0,53%"""
"04.12.2015,""215,291"",""215,291"",""215,291"",""215,291"",""-0,08%"""
"03.12.2015,""215,453"",""215,453"",""215,453"",""215,453"",""-1,20%"""
"02.12.2015,""218,066"",""218,066"",""218,066"",""218,066"",""0,07%"""
"01.12.2015,""217,918"",""217,918"",""217,918"",""217,918"",""0,03%"""
"30.11.2015,""217,863"",""217,863"",""217,863"",""217,863"",""-0,15%"""
"27.11.2015,""218,193"",""218,193"",""218,193"",""218,193"",""0,14%"""
"26.11.2015,""217,898"",""217,898"",""217,898"",""217,898"",""-0,01%"""
"25.11.2015,""217,925"",""217,925"",""217,925"",""217,925"",""0,23%"""
"24.11.2015,""217,423"",""217,423"",""217,423"",""217,423"",""0,15%"""
"23.11.2015,""217,108"",""217,108"",""217,108"",""217,108"",""-0,25%"""
"20.11.2015,""217,644"",""217,644"",""217,644"",""217,644"",""0,13%"""
"19.11.2015,""217,370"",""217,370"",""217,370"",""217,370"",""0,17%"""
"18.11.2015,""217,007"",""217,007"",""217,007"",""217,007"",""0,22%"""
"17.11.2015,""216,539"",""216,539"",""216,539"",""216,539"",""0,05%"""
"16.11.2015,""216,424"",""216,424"",""216,424"",""216,424"",""0,10%"""
"13.11.2015,""216,218"",""216,218"",""216,218"",""216,218"",""0,26%"""
"12.11.2015,""215,654"",""215,654"",""215,654"",""215,654"",""0,08%"""
"11.11.2015,""215,489"",""215,489"",""215,489"",""215,489"",""0,22%"""
"10.11.2015,""215,024"",""215,024"",""215,024"",""215,024"",""0,38%"""
"09.11.2015,""214,207"",""214,207"",""214,207"",""214,207"",""-0,12%"""
"06.11.2015,""214,462"",""214,462"",""214,462"",""214,462"",""-0,50%"""
"05.11.2015,""215,533"",""215,533"",""215,533"",""215,533"",""-0,17%"""
"04.11.2015,""215,891"",""215,891"",""215,891"",""215,891"",""-0,09%"""
"03.11.2015,""216,081"",""216,081"",""216,081"",""216,081"",""-0,01%"""
"02.11.2015,""216,113"",""216,113"",""216,113"",""216,113"",""-0,37%"""
"30.10.2015,""216,908"",""216,908"",""216,908"",""216,908"",""-0,00%"""
"29.10.2015,""216,914"",""216,914"",""216,914"",""216,914"",""-0,52%"""
"28.10.2015,""218,051"",""218,051"",""218,051"",""218,051"",""0,12%"""
"27.10.2015,""217,782"",""217,782"",""217,782"",""217,782"",""0,31%"""
"26.10.2015,""217,099"",""217,099"",""217,099"",""217,099"",""0,08%"""
"23.10.2015,""216,915"",""216,915"",""216,915"",""216,915"",""-0,01%"""
"22.10.2015,""216,936"",""216,936"",""216,936"",""216,936"",""0,57%"""
"21.10.2015,""215,709"",""215,709"",""215,709"",""215,709"",""0,33%"""
"20.10.2015,""215,007"",""215,007"",""215,007"",""215,007"",""-0,31%"""
"19.10.2015,""215,682"",""215,682"",""215,682"",""215,682"",""-0,06%"""
"16.10.2015,""215,806"",""215,806"",""215,806"",""215,806"",""0,13%"""
"15.10.2015,""215,534"",""215,534"",""215,534"",""215,534"",""-0,09%"""
"14.10.2015,""215,733"",""215,733"",""215,733"",""215,733"",""0,25%"""
"13.10.2015,""215,198"",""215,198"",""215,198"",""215,198"",""-0,07%"""
"12.10.2015,""215,348"",""215,348"",""215,348"",""215,348"",""0,20%"""
"09.10.2015,""214,927"",""214,927"",""214,927"",""214,927"",""-0,10%"""
"08.10.2015,""215,150"",""215,150"",""215,150"",""215,150"",""0,10%"""
"07.10.2015,""214,926"",""214,926"",""214,926"",""214,926"",""-0,02%"""
"06.10.2015,""214,959"",""214,959"",""214,959"",""214,959"",""-0,18%"""
"05.10.2015,""215,338"",""215,338"",""215,338"",""215,338"",""-0,26%"""
"02.10.2015,""215,899"",""215,899"",""215,899"",""215,899"",""0,27%"""
"01.10.2015,""215,323"",""215,323"",""215,323"",""215,323"",""0,23%"""
"30.09.2015,""214,828"",""214,828"",""214,828"",""214,828"",""0,04%"""
"29.09.2015,""214,745"",""214,745"",""214,745"",""214,745"",""0,10%"""
"28.09.2015,""214,521"",""214,521"",""214,521"",""214,521"",""0,24%"""
"25.09.2015,""214,018"",""214,018"",""214,018"",""214,018"",""-0,33%"""
"24.09.2015,""214,735"",""214,735"",""214,735"",""214,735"",""0,07%"""
"23.09.2015,""214,578"",""214,578"",""214,578"",""214,578"",""-0,02%"""
"22.09.2015,""214,630"",""214,630"",""214,630"",""214,630"",""0,42%"""
"21.09.2015,""213,725"",""213,725"",""213,725"",""213,725"",""-0,16%"""
"18.09.2015,""214,071"",""214,071"",""214,071"",""214,071"",""0,74%"""
"17.09.2015,""212,509"",""212,509"",""212,509"",""212,509"",""0,00%"""
"16.09.2015,""212,507"",""212,507"",""212,507"",""212,507"",""-0,15%"""
"15.09.2015,""212,817"",""212,817"",""212,817"",""212,817"",""-0,32%"""
"14.09.2015,""213,500"",""213,500"",""213,500"",""213,500"",""-0,01%"""
"11.09.2015,""213,524"",""213,524"",""213,524"",""213,524"",""0,09%"""
"10.09.2015,""213,337"",""213,337"",""213,337"",""213,337"",""0,03%"""
"09.09.2015,""213,272"",""213,272"",""213,272"",""213,272"",""-0,03%"""
"08.09.2015,""213,335"",""213,335"",""213,335"",""213,335"",""0,09%"""
"07.09.2015,""213,153"",""213,153"",""213,153"",""213,153"",""-0,17%"""
"04.09.2015,""213,516"",""213,516"",""213,516"",""213,516"",""0,34%"""
"03.09.2015,""212,783"",""212,783"",""212,783"",""212,783"",""0,36%"""
"02.09.2015,""212,024"",""212,024"",""212,024"",""212,024"",""0,05%"""
"01.09.2015,""211,916"",""211,916"",""211,916"",""211,916"",""-0,17%"""
"31.08.2015,""212,281"",""212,281"",""212,281"",""212,281"",""-0,25%"""
"28.08.2015,""212,807"",""212,807"",""212,807"",""212,807"",""0,06%"""
"27.08.2015,""212,687"",""212,687"",""212,687"",""212,687"",""-0,07%"""
"26.08.2015,""212,846"",""212,846"",""212,846"",""212,846"",""0,18%"""
"25.08.2015,""212,466"",""212,466"",""212,466"",""212,466"",""-0,80%"""
"24.08.2015,""214,180"",""214,180"",""214,180"",""214,180"",""-0,10%"""
"21.08.2015,""214,386"",""214,386"",""214,386"",""214,386"",""-0,06%"""
"20.08.2015,""214,521"",""214,521"",""214,521"",""214,521"",""0,15%"""
"19.08.2015,""214,208"",""214,208"",""214,208"",""214,208"",""-0,02%"""
"18.08.2015,""214,252"",""214,252"",""214,252"",""214,252"",""-0,19%"""
"17.08.2015,""214,652"",""214,652"",""214,652"",""214,652"",""0,21%"""
"14.08.2015,""214,209"",""214,209"",""214,209"",""214,209"",""-0,11%"""
"13.08.2015,""214,448"",""214,448"",""214,448"",""214,448"",""-0,15%"""
"12.08.2015,""214,768"",""214,768"",""214,768"",""214,768"",""-0,01%"""
"11.08.2015,""214,781"",""214,781"",""214,781"",""214,781"",""0,50%"""
"10.08.2015,""213,714"",""213,714"",""213,714"",""213,714"",""-0,09%"""
"07.08.2015,""213,911"",""213,911"",""213,911"",""213,911"",""0,25%"""
"06.08.2015,""213,377"",""213,377"",""213,377"",""213,377"",""0,16%"""
"05.08.2015,""213,038"",""213,038"",""213,038"",""213,038"",""-0,60%"""
"04.08.2015,""214,327"",""214,327"",""214,327"",""214,327"",""-0,04%"""
"03.08.2015,""214,413"",""214,413"",""214,413"",""214,413"",""-0,01%"""
"31.07.2015,""214,438"",""214,438"",""214,438"",""214,438"",""0,15%"""
"30.07.2015,""214,107"",""214,107"",""214,107"",""214,107"",""0,36%"""
"29.07.2015,""213,348"",""213,348"",""213,348"",""213,348"",""-0,11%"""
"28.07.2015,""213,573"",""213,573"",""213,573"",""213,573"",""0,00%"""
"27.07.2015,""213,563"",""213,563"",""213,563"",""213,563"",""-0,02%"""
"24.07.2015,""213,598"",""213,598"",""213,598"",""213,598"",""0,35%"""
"23.07.2015,""212,854"",""212,854"",""212,854"",""212,854"",""0,06%"""
"22.07.2015,""212,726"",""212,726"",""212,726"",""212,726"",""0,20%"""
"21.07.2015,""212,299"",""212,299"",""212,299"",""212,299"",""-0,23%"""
"20.07.2015,""212,785"",""212,785"",""212,785"",""212,785"",""0,21%"""
"17.07.2015,""212,344"",""212,344"",""212,344"",""212,344"",""0,37%"""
"16.07.2015,""211,567"",""211,567"",""211,567"",""211,567"",""0,05%"""
"15.07.2015,""211,451"",""211,451"",""211,451"",""211,451"",""0,43%"""
"14.07.2015,""210,548"",""210,548"",""210,548"",""210,548"",""0,15%"""
"13.07.2015,""210,224"",""210,224"",""210,224"",""210,224"",""0,11%"""
"10.07.2015,""209,999"",""209,999"",""209,999"",""209,999"",""-0,45%"""
"09.07.2015,""210,953"",""210,953"",""210,953"",""210,953"",""-0,08%"""
"08.07.2015,""211,121"",""211,121"",""211,121"",""211,121"",""0,10%"""
"07.07.2015,""210,909"",""210,909"",""210,909"",""210,909"",""0,66%"""
"06.07.2015,""209,518"",""209,518"",""209,518"",""209,518"",""-0,13%"""
"03.07.2015,""209,797"",""209,797"",""209,797"",""209,797"",""0,38%"""
"02.07.2015,""209,009"",""209,009"",""209,009"",""209,009"",""-0,34%"""
"01.07.2015,""209,715"",""209,715"",""209,715"",""209,715"",""-0,12%"""
"30.06.2015,""209,966"",""209,966"",""209,966"",""209,966"",""0,21%"""
"29.06.2015,""209,519"",""209,519"",""209,519"",""209,519"",""-0,10%"""
"26.06.2015,""209,736"",""209,736"",""209,736"",""209,736"",""-0,21%"""
"25.06.2015,""210,181"",""210,181"",""210,181"",""210,181"",""-0,06%"""
"24.06.2015,""210,303"",""210,303"",""210,303"",""210,303"",""-0,02%"""
"23.06.2015,""210,339"",""210,339"",""210,339"",""210,339"",""0,10%"""
"22.06.2015,""210,126"",""210,126"",""210,126"",""210,126"",""-0,06%"""
"19.06.2015,""210,251"",""210,251"",""210,251"",""210,251"",""0,12%"""
"18.06.2015,""210,008"",""210,008"",""210,008"",""210,008"",""0,12%"""
"17.06.2015,""209,748"",""209,748"",""209,748"",""209,748"",""0,12%"""
"16.06.2015,""209,500"",""209,500"",""209,500"",""209,500"",""0,12%"""
"15.06.2015,""209,255"",""209,255"",""209,255"",""209,255"",""-0,31%"""
"12.06.2015,""209,900"",""209,900"",""209,900"",""209,900"",""-0,15%"""
"11.06.2015,""210,219"",""210,219"",""210,219"",""210,219"",""0,64%"""
"10.06.2015,""208,875"",""208,875"",""208,875"",""208,875"",""-0,24%"""
"09.06.2015,""209,380"",""209,380"",""209,380"",""209,380"",""-0,40%"""
"08.06.2015,""210,229"",""210,229"",""210,229"",""210,229"",""-0,24%"""
"05.06.2015,""210,725"",""210,725"",""210,725"",""210,725"",""-0,32%"""
"04.06.2015,""211,391"",""211,391"",""211,391"",""211,391"",""0,06%"""
"03.06.2015,""211,265"",""211,265"",""211,265"",""211,265"",""-0,73%"""
"02.06.2015,""212,819"",""212,819"",""212,819"",""212,819"",""-0,92%"""
"01.06.2015,""214,790"",""214,790"",""214,790"",""214,790"",""-0,18%"""
"29.05.2015,""215,185"",""215,185"",""215,185"",""215,185"",""0,18%"""
"28.05.2015,""214,806"",""214,806"",""214,806"",""214,806"",""-0,01%"""
"27.05.2015,""214,825"",""214,825"",""214,825"",""214,825"",""0,15%"""
"26.05.2015,""214,508"",""214,508"",""214,508"",""214,508"",""0,02%"""
"25.05.2015,""214,455"",""214,455"",""214,455"",""214,455"",""0,02%"""
"22.05.2015,""214,413"",""214,413"",""214,413"",""214,413"",""0,13%"""
"21.05.2015,""214,143"",""214,143"",""214,143"",""214,143"",""-0,05%"""
"20.05.2015,""214,260"",""214,260"",""214,260"",""214,260"",""-0,07%"""
"19.05.2015,""214,412"",""214,412"",""214,412"",""214,412"",""0,37%"""
"18.05.2015,""213,632"",""213,632"",""213,632"",""213,632"",""-0,26%"""
"15.05.2015,""214,184"",""214,184"",""214,184"",""214,184"",""0,46%"""
"14.05.2015,""213,193"",""213,193"",""213,193"",""213,193"",""0,01%"""
"13.05.2015,""213,181"",""213,181"",""213,181"",""213,181"",""-0,21%"""
"12.05.2015,""213,629"",""213,629"",""213,629"",""213,629"",""-0,58%"""
"11.05.2015,""214,885"",""214,885"",""214,885"",""214,885"",""-0,32%"""
"08.05.2015,""215,571"",""215,571"",""215,571"",""215,571"",""0,41%"""
"07.05.2015,""214,700"",""214,700"",""214,700"",""214,700"",""0,35%"""
"06.05.2015,""213,952"",""213,952"",""213,952"",""213,952"",""-0,61%"""
"05.05.2015,""215,268"",""215,268"",""215,268"",""215,268"",""-1,42%"""
"04.05.2015,""218,368"",""218,368"",""218,368"",""218,368"",""0,02%"""
"01.05.2015,""218,324"",""218,324"",""218,324"",""218,324"",""0,01%"""
"30.04.2015,""218,313"",""218,313"",""218,313"",""218,313"",""-0,29%"""
"29.04.2015,""218,941"",""218,941"",""218,941"",""218,941"",""-0,87%"""
"28.04.2015,""220,868"",""220,868"",""220,868"",""220,868"",""0,01%"""
"27.04.2015,""220,838"",""220,838"",""220,838"",""220,838"",""0,08%"""
"24.04.2015,""220,657"",""220,657"",""220,657"",""220,657"",""-0,08%"""
"23.04.2015,""220,837"",""220,837"",""220,837"",""220,837"",""0,03%"""
"22.04.2015,""220,773"",""220,773"",""220,773"",""220,773"",""-0,07%"""
"21.04.2015,""220,934"",""220,934"",""220,934"",""220,934"",""-0,13%"""
"20.04.2015,""221,216"",""221,216"",""221,216"",""221,216"",""0,02%"""
"17.04.2015,""221,173"",""221,173"",""221,173"",""221,173"",""-0,18%"""
"16.04.2015,""221,564"",""221,564"",""221,564"",""221,564"",""-0,15%"""
"15.04.2015,""221,900"",""221,900"",""221,900"",""221,900"",""0,25%"""
"14.04.2015,""221,344"",""221,344"",""221,344"",""221,344"",""0,02%"""
"13.04.2015,""221,299"",""221,299"",""221,299"",""221,299"",""-0,00%"""
"10.04.2015,""221,301"",""221,301"",""221,301"",""221,301"",""0,10%"""
"09.04.2015,""221,090"",""221,090"",""221,090"",""221,090"",""-0,09%"""
"08.04.2015,""221,296"",""221,296"",""221,296"",""221,296"",""0,03%"""
"07.04.2015,""221,228"",""221,228"",""221,228"",""221,228"",""0,07%"""
"06.04.2015,""221,069"",""221,069"",""221,069"",""221,069"",""0,03%"""
"02.04.2015,""221,010"",""221,010"",""221,010"",""221,010"",""-0,14%"""
"01.04.2015,""221,328"",""221,328"",""221,328"",""221,328"",""0,04%"""
"31.03.2015,""221,244"",""221,244"",""221,244"",""221,244"",""0,26%"""
"30.03.2015,""220,680"",""220,680"",""220,680"",""220,680"",""0,06%"""
"27.03.2015,""220,549"",""220,549"",""220,549"",""220,549"",""-0,01%"""
"26.03.2015,""220,574"",""220,574"",""220,574"",""220,574"",""0,04%"""
"25.03.2015,""220,479"",""220,479"",""220,479"",""220,479"",""0,04%"""
"24.03.2015,""220,382"",""220,382"",""220,382"",""220,382"",""-0,13%"""
"23.03.2015,""220,669"",""220,669"",""220,669"",""220,669"",""-0,32%"""
"20.03.2015,""221,371"",""221,371"",""221,371"",""221,371"",""0,12%"""
"19.03.2015,""221,110"",""221,110"",""221,110"",""221,110"",""0,15%"""
"18.03.2015,""220,777"",""220,777"",""220,777"",""220,777"",""0,04%"""
"17.03.2015,""220,699"",""220,699"",""220,699"",""220,699"",""-0,33%"""
"16.03.2015,""221,423"",""221,423"",""221,423"",""221,423"",""0,03%"""
"13.03.2015,""221,365"",""221,365"",""221,365"",""221,365"",""-0,05%"""
"12.03.2015,""221,471"",""221,471"",""221,471"",""221,471"",""-0,14%"""
"11.03.2015,""221,771"",""221,771"",""221,771"",""221,771"",""0,48%"""
"10.03.2015,""220,712"",""220,712"",""220,712"",""220,712"",""0,60%"""
"09.03.2015,""219,399"",""219,399"",""219,399"",""219,399"",""0,41%"""
"06.03.2015,""218,495"",""218,495"",""218,495"",""218,495"",""-0,05%"""
"05.03.2015,""218,611"",""218,611"",""218,611"",""218,611"",""0,24%"""
"04.03.2015,""218,081"",""218,081"",""218,081"",""218,081"",""-0,04%"""
"03.03.2015,""218,160"",""218,160"",""218,160"",""218,160"",""-0,18%"""
"02.03.2015,""218,549"",""218,549"",""218,549"",""218,549"",""-0,08%"""
"27.02.2015,""218,731"",""218,731"",""218,731"",""218,731"",""-0,11%"""
"26.02.2015,""218,981"",""218,981"",""218,981"",""218,981"",""0,41%"""
"25.02.2015,""218,089"",""218,089"",""218,089"",""218,089"",""0,19%"""
"24.02.2015,""217,671"",""217,671"",""217,671"",""217,671"",""0,09%"""
"23.02.2015,""217,470"",""217,470"",""217,470"",""217,470"",""0,17%"""
"20.02.2015,""217,091"",""217,091"",""217,091"",""217,091"",""0,11%"""
"19.02.2015,""216,862"",""216,862"",""216,862"",""216,862"",""0,01%"""
"18.02.2015,""216,831"",""216,831"",""216,831"",""216,831"",""-0,06%"""
"17.02.2015,""216,951"",""216,951"",""216,951"",""216,951"",""-0,13%"""
"16.02.2015,""217,226"",""217,226"",""217,226"",""217,226"",""-0,06%"""
"13.02.2015,""217,364"",""217,364"",""217,364"",""217,364"",""0,04%"""
"12.02.2015,""217,278"",""217,278"",""217,278"",""217,278"",""0,18%"""
"11.02.2015,""216,881"",""216,881"",""216,881"",""216,881"",""0,10%"""
"10.02.2015,""216,655"",""216,655"",""216,655"",""216,655"",""-0,15%"""
"09.02.2015,""216,970"",""216,970"",""216,970"",""216,970"",""-0,11%"""
"06.02.2015,""217,200"",""217,200"",""217,200"",""217,200"",""-0,12%"""
"05.02.2015,""217,453"",""217,453"",""217,453"",""217,453"",""-0,02%"""
"04.02.2015,""217,492"",""217,492"",""217,492"",""217,492"",""0,06%"""
"03.02.2015,""217,362"",""217,362"",""217,362"",""217,362"",""-0,08%"""
"02.02.2015,""217,526"",""217,526"",""217,526"",""217,526"",""0,05%"""
"30.01.2015,""217,416"",""217,416"",""217,416"",""217,416"",""0,30%"""
"29.01.2015,""216,768"",""216,768"",""216,768"",""216,768"",""-0,07%"""
"28.01.2015,""216,912"",""216,912"",""216,912"",""216,912"",""-0,08%"""
"27.01.2015,""217,078"",""217,078"",""217,078"",""217,078"",""-0,05%"""
"26.01.2015,""217,191"",""217,191"",""217,191"",""217,191"",""0,04%"""
"23.01.2015,""217,113"",""217,113"",""217,113"",""217,113"",""0,50%"""
"22.01.2015,""216,023"",""216,023"",""216,023"",""216,023"",""0,56%"""
"21.01.2015,""214,822"",""214,822"",""214,822"",""214,822"",""-0,26%"""
"20.01.2015,""215,376"",""215,376"",""215,376"",""215,376"",""-0,08%"""
"19.01.2015,""215,538"",""215,538"",""215,538"",""215,538"",""0,11%"""
"16.01.2015,""215,302"",""215,302"",""215,302"",""215,302"",""0,22%"""
"15.01.2015,""214,834"",""214,834"",""214,834"",""214,834"",""-0,03%"""
"14.01.2015,""214,900"",""214,900"",""214,900"",""214,900"",""0,33%"""
"13.01.2015,""214,199"",""214,199"",""214,199"",""214,199"",""0,08%"""
"12.01.2015,""214,028"",""214,028"",""214,028"",""214,028"",""0,25%"""
"09.01.2015,""213,486"",""213,486"",""213,486"",""213,486"",""0,00%"""
"08.01.2015,""213,484"",""213,484"",""213,484"",""213,484"",""-0,06%"""
"07.01.2015,""213,622"",""213,622"",""213,622"",""213,622"",""-0,27%"""
"06.01.2015,""214,198"",""214,198"",""214,198"",""214,198"",""0,33%"""
"05.01.2015,""213,492"",""213,492"",""213,492"",""213,492"",""-0,15%"""
"02.01.2015,""213,814"",""213,814"",""213,814"",""213,814"",""0,41%"""
"31.12.2014,""212,944"",""212,944"",""212,944"",""212,944"",""0,01%"""
"30.12.2014,""212,929"",""212,929"",""212,929"",""212,929"",""0,13%"""
"29.12.2014,""212,642"",""212,642"",""212,642"",""212,642"",""0,15%"""
"26.12.2014,""212,319"",""212,319"",""212,319"",""212,319"",""0,01%"""
"24.12.2014,""212,289"",""212,289"",""212,289"",""212,289"",""0,01%"""
"23.12.2014,""212,274"",""212,274"",""212,274"",""212,274"",""0,03%"""
"22.12.2014,""212,211"",""212,211"",""212,211"",""212,211"",""0,10%"""
"19.12.2014,""212,000"",""212,000"",""212,000"",""212,000"",""0,06%"""
"18.12.2014,""211,879"",""211,879"",""211,879"",""211,879"",""-0,07%"""
"17.12.2014,""212,017"",""212,017"",""212,017"",""212,017"",""0,06%"""
"16.12.2014,""211,883"",""211,883"",""211,883"",""211,883"",""0,12%"""
"15.12.2014,""211,635"",""211,635"",""211,635"",""211,635"",""0,11%"""
"12.12.2014,""211,409"",""211,409"",""211,409"",""211,409"",""0,17%"""
"11.12.2014,""211,054"",""211,054"",""211,054"",""211,054"",""0,01%"""
"10.12.2014,""211,043"",""211,043"",""211,043"",""211,043"",""-0,05%"""
"09.12.2014,""211,146"",""211,146"",""211,146"",""211,146"",""-0,02%"""
"08.12.2014,""211,192"",""211,192"",""211,192"",""211,192"",""0,20%"""
"05.12.2014,""210,779"",""210,779"",""210,779"",""210,779"",""0,14%"""
"04.12.2014,""210,474"",""210,474"",""210,474"",""210,474"",""-0,13%"""
"03.12.2014,""210,749"",""210,749"",""210,749"",""210,749"",""0,07%"""
"02.12.2014,""210,609"",""210,609"",""210,609"",""210,609"",""-0,09%"""
"01.12.2014,""210,797"",""210,797"",""210,797"",""210,797"",""0,01%"""
"28.11.2014,""210,785"",""210,785"",""210,785"",""210,785"",""0,07%"""
"27.11.2014,""210,634"",""210,634"",""210,634"",""210,634"",""0,30%"""
"26.11.2014,""210,001"",""210,001"",""210,001"",""210,001"",""0,04%"""
"25.11.2014,""209,911"",""209,911"",""209,911"",""209,911"",""0,22%"""
"24.11.2014,""209,457"",""209,457"",""209,457"",""209,457"",""0,06%"""
"21.11.2014,""209,322"",""209,322"",""209,322"",""209,322"",""0,28%"""
"20.11.2014,""208,745"",""208,745"",""208,745"",""208,745"",""0,17%"""
"19.11.2014,""208,387"",""208,387"",""208,387"",""208,387"",""-0,18%"""
"18.11.2014,""208,755"",""208,755"",""208,755"",""208,755"",""-0,08%"""
"17.11.2014,""208,928"",""208,928"",""208,928"",""208,928"",""0,08%"""
"14.11.2014,""208,762"",""208,762"",""208,762"",""208,762"",""0,08%"""
"13.11.2014,""208,600"",""208,600"",""208,600"",""208,600"",""0,01%"""
"12.11.2014,""208,581"",""208,581"",""208,581"",""208,581"",""0,02%"""
"11.11.2014,""208,547"",""208,547"",""208,547"",""208,547"",""0,08%"""
"10.11.2014,""208,388"",""208,388"",""208,388"",""208,388"",""0,12%"""
"07.11.2014,""208,139"",""208,139"",""208,139"",""208,139"",""0,00%"""
"06.11.2014,""208,136"",""208,136"",""208,136"",""208,136"",""0,06%"""
"05.11.2014,""208,003"",""208,003"",""208,003"",""208,003"",""-0,13%"""
"04.11.2014,""208,278"",""208,278"",""208,278"",""208,278"",""0,18%"""
"03.11.2014,""207,911"",""207,911"",""207,911"",""207,911"",""-0,13%"""
"31.10.2014,""208,188"",""208,188"",""208,188"",""208,188"",""0,20%"""
"30.10.2014,""207,775"",""207,775"",""207,775"",""207,775"",""0,17%"""
"29.10.2014,""207,427"",""207,427"",""207,427"",""207,427"",""0,02%"""
"28.10.2014,""207,380"",""207,380"",""207,380"",""207,380"",""0,01%"""
"27.10.2014,""207,355"",""207,355"",""207,355"",""207,355"",""0,10%"""
"24.10.2014,""207,155"",""207,155"",""207,155"",""207,155"",""0,00%"""
"23.10.2014,""207,155"",""207,155"",""207,155"",""207,155"",""-0,09%"""
"22.10.2014,""207,341"",""207,341"",""207,341"",""207,341"",""0,07%"""
"21.10.2014,""207,200"",""207,200"",""207,200"",""207,200"",""0,06%"""
"20.10.2014,""207,083"",""207,083"",""207,083"",""207,083"",""-0,15%"""
"17.10.2014,""207,386"",""207,386"",""207,386"",""207,386"",""-0,01%"""
"16.10.2014,""207,413"",""207,413"",""207,413"",""207,413"",""-0,69%"""
"15.10.2014,""208,862"",""208,862"",""208,862"",""208,862"",""0,16%"""
"14.10.2014,""208,519"",""208,519"",""208,519"",""208,519"",""0,24%"""
"13.10.2014,""208,024"",""208,024"",""208,024"",""208,024"",""-0,08%"""
"10.10.2014,""208,181"",""208,181"",""208,181"",""208,181"",""0,01%"""
"09.10.2014,""208,155"",""208,155"",""208,155"",""208,155"",""0,09%"""
"08.10.2014,""207,969"",""207,969"",""207,969"",""207,969"",""0,06%"""
"07.10.2014,""207,848"",""207,848"",""207,848"",""207,848"",""-0,08%"""
"06.10.2014,""208,023"",""208,023"",""208,023"",""208,023"",""0,04%"""
"03.10.2014,""207,940"",""207,940"",""207,940"",""207,940"",""-0,03%"""
"02.10.2014,""207,994"",""207,994"",""207,994"",""207,994"",""-0,13%"""
"01.10.2014,""208,264"",""208,264"",""208,264"",""208,264"",""0,27%"""
"30.09.2014,""207,698"",""207,698"",""207,698"",""207,698"",""0,16%"""
"29.09.2014,""207,358"",""207,358"",""207,358"",""207,358"",""-0,03%"""
"26.09.2014,""207,411"",""207,411"",""207,411"",""207,411"",""0,00%"""
"25.09.2014,""207,406"",""207,406"",""207,406"",""207,406"",""0,11%"""
"24.09.2014,""207,175"",""207,175"",""207,175"",""207,175"",""0,08%"""
"23.09.2014,""207,014"",""207,014"",""207,014"",""207,014"",""0,05%"""
"22.09.2014,""206,901"",""206,901"",""206,901"",""206,901"",""0,10%"""
"19.09.2014,""206,699"",""206,699"",""206,699"",""206,699"",""0,38%"""
"18.09.2014,""205,925"",""205,925"",""205,925"",""205,925"",""-0,19%"""
"17.09.2014,""206,310"",""206,310"",""206,310"",""206,310"",""0,18%"""
"16.09.2014,""205,930"",""205,930"",""205,930"",""205,930"",""-0,08%"""
"15.09.2014,""206,091"",""206,091"",""206,091"",""206,091"",""0,09%"""
"12.09.2014,""205,903"",""205,903"",""205,903"",""205,903"",""-0,19%"""
"11.09.2014,""206,285"",""206,285"",""206,285"",""206,285"",""-0,08%"""
"10.09.2014,""206,448"",""206,448"",""206,448"",""206,448"",""-0,16%"""
"09.09.2014,""206,783"",""206,783"",""206,783"",""206,783"",""-0,39%"""
"08.09.2014,""207,586"",""207,586"",""207,586"",""207,586"",""-0,09%"""
"05.09.2014,""207,772"",""207,772"",""207,772"",""207,772"",""0,32%"""
"04.09.2014,""207,114"",""207,114"",""207,114"",""207,114"",""0,23%"""
"03.09.2014,""206,646"",""206,646"",""206,646"",""206,646"",""-0,14%"""
"02.09.2014,""206,942"",""206,942"",""206,942"",""206,942"",""-0,23%"""
"01.09.2014,""207,424"",""207,424"",""207,424"",""207,424"",""-0,04%"""
"29.08.2014,""207,501"",""207,501"",""207,501"",""207,501"",""-0,04%"""
"28.08.2014,""207,580"",""207,580"",""207,580"",""207,580"",""-0,08%"""
"27.08.2014,""207,753"",""207,753"",""207,753"",""207,753"",""0,21%"""
"26.08.2014,""207,319"",""207,319"",""207,319"",""207,319"",""0,18%"""
"25.08.2014,""206,951"",""206,951"",""206,951"",""206,951"",""0,37%"""
"22.08.2014,""206,179"",""206,179"",""206,179"",""206,179"",""0,04%"""
"21.08.2014,""206,097"",""206,097"",""206,097"",""206,097"",""0,03%"""
"20.08.2014,""206,044"",""206,044"",""206,044"",""206,044"",""0,10%"""
"19.08.2014,""205,829"",""205,829"",""205,829"",""205,829"",""0,17%"""
"18.08.2014,""205,486"",""205,486"",""205,486"",""205,486"",""-0,25%"""
"15.08.2014,""206,009"",""206,009"",""206,009"",""206,009"",""0,30%"""
"14.08.2014,""205,388"",""205,388"",""205,388"",""205,388"",""0,24%"""
"13.08.2014,""204,905"",""204,905"",""204,905"",""204,905"",""0,06%"""
"12.08.2014,""204,775"",""204,775"",""204,775"",""204,775"",""0,11%"""
"11.08.2014,""204,558"",""204,558"",""204,558"",""204,558"",""0,05%"""
"08.08.2014,""204,453"",""204,453"",""204,453"",""204,453"",""0,15%"""
"07.08.2014,""204,148"",""204,148"",""204,148"",""204,148"",""0,08%"""
"06.08.2014,""203,994"",""203,994"",""203,994"",""203,994"",""0,13%"""
"05.08.2014,""203,726"",""203,726"",""203,726"",""203,726"",""-0,23%"""
"04.08.2014,""204,196"",""204,196"",""204,196"",""204,196"",""0,16%"""
"01.08.2014,""203,870"",""203,870"",""203,870"",""203,870"",""-0,02%"""
"31.07.2014,""203,909"",""203,909"",""203,909"",""203,909"",""-0,05%"""
"30.07.2014,""204,014"",""204,014"",""204,014"",""204,014"",""-0,21%"""
"29.07.2014,""204,438"",""204,438"",""204,438"",""204,438"",""0,19%"""
"28.07.2014,""204,054"",""204,054"",""204,054"",""204,054"",""0,13%"""
"25.07.2014,""203,791"",""203,791"",""203,791"",""203,791"",""0,16%"""
"24.07.2014,""203,471"",""203,471"",""203,471"",""203,471"",""-0,11%"""
"23.07.2014,""203,693"",""203,693"",""203,693"",""203,693"",""0,15%"""
"22.07.2014,""203,386"",""203,386"",""203,386"",""203,386"",""-0,10%"""
"21.07.2014,""203,597"",""203,597"",""203,597"",""203,597"",""0,15%"""
"18.07.2014,""203,299"",""203,299"",""203,299"",""203,299"",""0,02%"""
"17.07.2014,""203,264"",""203,264"",""203,264"",""203,264"",""0,17%"""
"16.07.2014,""202,912"",""202,912"",""202,912"",""202,912"",""0,18%"""
"15.07.2014,""202,552"",""202,552"",""202,552"",""202,552"",""0,07%"""
"14.07.2014,""202,412"",""202,412"",""202,412"",""202,412"",""0,01%"""
"11.07.2014,""202,399"",""202,399"",""202,399"",""202,399"",""0,08%"""
"10.07.2014,""202,232"",""202,232"",""202,232"",""202,232"",""-0,03%"""
"09.07.2014,""202,291"",""202,291"",""202,291"",""202,291"",""-0,09%"""
"08.07.2014,""202,479"",""202,479"",""202,479"",""202,479"",""0,08%"""
"07.07.2014,""202,320"",""202,320"",""202,320"",""202,320"",""0,05%"""
"04.07.2014,""202,224"",""202,224"",""202,224"",""202,224"",""0,16%"""
"03.07.2014,""201,908"",""201,908"",""201,908"",""201,908"",""0,07%"""
"02.07.2014,""201,767"",""201,767"",""201,767"",""201,767"",""-0,26%"""
"01.07.2014,""202,290"",""202,290"",""202,290"",""202,290"",""0,03%"""
"30.06.2014,""202,220"",""202,220"",""202,220"",""202,220"",""0,03%"""
"27.06.2014,""202,160"",""202,160"",""202,160"",""202,160"",""-0,06%"""
"26.06.2014,""202,286"",""202,286"",""202,286"",""202,286"",""0,11%"""
"25.06.2014,""202,063"",""202,063"",""202,063"",""202,063"",""0,27%"""
"24.06.2014,""201,524"",""201,524"",""201,524"",""201,524"",""0,08%"""
"23.06.2014,""201,358"",""201,358"",""201,358"",""201,358"",""0,17%"""
"20.06.2014,""201,024"",""201,024"",""201,024"",""201,024"",""-0,16%"""
"19.06.2014,""201,339"",""201,339"",""201,339"",""201,339"",""0,29%"""
"18.06.2014,""200,751"",""200,751"",""200,751"",""200,751"",""0,04%"""
"17.06.2014,""200,661"",""200,661"",""200,661"",""200,661"",""-0,29%"""
"16.06.2014,""201,246"",""201,246"",""201,246"",""201,246"",""0,10%"""
"13.06.2014,""201,043"",""201,043"",""201,043"",""201,043"",""0,12%"""
"12.06.2014,""200,811"",""200,811"",""200,811"",""200,811"",""-0,09%"""
"11.06.2014,""200,995"",""200,995"",""200,995"",""200,995"",""-0,02%"""
"10.06.2014,""201,039"",""201,039"",""201,039"",""201,039"",""-0,25%"""
"09.06.2014,""201,545"",""201,545"",""201,545"",""201,545"",""0,13%"""
"06.06.2014,""201,284"",""201,284"",""201,284"",""201,284"",""0,57%"""
"05.06.2014,""200,138"",""200,138"",""200,138"",""200,138"",""0,27%"""
"04.06.2014,""199,597"",""199,597"",""199,597"",""199,597"",""-0,11%"""
"03.06.2014,""199,822"",""199,822"",""199,822"",""199,822"",""-0,20%"""
"02.06.2014,""200,219"",""200,219"",""200,219"",""200,219"",""0,01%"""
"30.05.2014,""200,189"",""200,189"",""200,189"",""200,189"",""-0,06%"""
"29.05.2014,""200,316"",""200,316"",""200,316"",""200,316"",""-0,10%"""
"28.05.2014,""200,525"",""200,525"",""200,525"",""200,525"",""0,30%"""
"27.05.2014,""199,916"",""199,916"",""199,916"",""199,916"",""0,16%"""
"26.05.2014,""199,590"",""199,590"",""199,590"",""199,590"",""0,20%"""
"23.05.2014,""199,187"",""199,187"",""199,187"",""199,187"",""0,17%"""
"22.05.2014,""198,858"",""198,858"",""198,858"",""198,858"",""0,05%"""
"21.05.2014,""198,753"",""198,753"",""198,753"",""198,753"",""0,05%"""
"20.05.2014,""198,644"",""198,644"",""198,644"",""198,644"",""-0,31%"""
"19.05.2014,""199,267"",""199,267"",""199,267"",""199,267"",""-0,16%"""
"16.05.2014,""199,594"",""199,594"",""199,594"",""199,594"",""-0,03%"""
"15.05.2014,""199,662"",""199,662"",""199,662"",""199,662"",""-0,07%"""
"14.05.2014,""199,809"",""199,809"",""199,809"",""199,809"",""0,26%"""
"13.05.2014,""199,285"",""199,285"",""199,285"",""199,285"",""0,21%"""
"12.05.2014,""198,860"",""198,860"",""198,860"",""198,860"",""-0,09%"""
"09.05.2014,""199,049"",""199,049"",""199,049"",""199,049"",""-0,06%"""
"08.05.2014,""199,166"",""199,166"",""199,166"",""199,166"",""0,28%"""
"07.05.2014,""198,610"",""198,610"",""198,610"",""198,610"",""-0,09%"""
"06.05.2014,""198,798"",""198,798"",""198,798"",""198,798"",""0,11%"""
"05.05.2014,""198,574"",""198,574"",""198,574"",""198,574"",""-0,03%"""
"02.05.2014,""198,631"",""198,631"",""198,631"",""198,631"",""0,16%"""
"01.05.2014,""198,308"",""198,308"",""198,308"",""198,308"",""0,01%"""
"30.04.2014,""198,292"",""198,292"",""198,292"",""198,292"",""0,22%"""
"29.04.2014,""197,858"",""197,858"",""197,858"",""197,858"",""0,00%"""
"28.04.2014,""197,857"",""197,857"",""197,857"",""197,857"",""-0,10%"""
"25.04.2014,""198,049"",""198,049"",""198,049"",""198,049"",""0,17%"""
"24.04.2014,""197,711"",""197,711"",""197,711"",""197,711"",""-0,07%"""
"23.04.2014,""197,843"",""197,843"",""197,843"",""197,843"",""0,09%"""
"22.04.2014,""197,669"",""197,669"",""197,669"",""197,669"",""-0,06%"""
"21.04.2014,""197,796"",""197,796"",""197,796"",""197,796"",""0,03%"""
"17.04.2014,""197,732"",""197,732"",""197,732"",""197,732"",""-0,13%"""
"16.04.2014,""197,996"",""197,996"",""197,996"",""197,996"",""0,01%"""
"15.04.2014,""197,981"",""197,981"",""197,981"",""197,981"",""0,32%"""
"14.04.2014,""197,352"",""197,352"",""197,352"",""197,352"",""0,05%"""
"11.04.2014,""197,256"",""197,256"",""197,256"",""197,256"",""-0,03%"""
"10.04.2014,""197,307"",""197,307"",""197,307"",""197,307"",""0,25%"""
"09.04.2014,""196,806"",""196,806"",""196,806"",""196,806"",""-0,03%"""
"08.04.2014,""196,859"",""196,859"",""196,859"",""196,859"",""-0,09%"""
"07.04.2014,""197,027"",""197,027"",""197,027"",""197,027"",""-0,07%"""
"04.04.2014,""197,165"",""197,165"",""197,165"",""197,165"",""0,38%"""
"03.04.2014,""196,411"",""196,411"",""196,411"",""196,411"",""0,16%"""
"02.04.2014,""196,105"",""196,105"",""196,105"",""196,105"",""-0,15%"""
"01.04.2014,""196,403"",""196,403"",""196,403"",""196,403"",""-0,08%"""
"31.03.2014,""196,556"",""196,556"",""196,556"",""196,556"",""-0,02%"""
"28.03.2014,""196,593"",""196,593"",""196,593"",""196,593"",""-0,06%"""
"27.03.2014,""196,719"",""196,719"",""196,719"",""196,719"",""0,23%"""
"26.03.2014,""196,276"",""196,276"",""196,276"",""196,276"",""0,16%"""
"25.03.2014,""195,962"",""195,962"",""195,962"",""195,962"",""0,10%"""
"24.03.2014,""195,775"",""195,775"",""195,775"",""195,775"",""0,15%"""
"21.03.2014,""195,478"",""195,478"",""195,478"",""195,478"",""0,14%"""
"20.03.2014,""195,204"",""195,204"",""195,204"",""195,204"",""-0,23%"""
"19.03.2014,""195,647"",""195,647"",""195,647"",""195,647"",""-0,14%"""
"18.03.2014,""195,928"",""195,928"",""195,928"",""195,928"",""0,05%"""
"17.03.2014,""195,837"",""195,837"",""195,837"",""195,837"",""0,01%"""
"14.03.2014,""195,812"",""195,812"",""195,812"",""195,812"",""0,03%"""
"13.03.2014,""195,757"",""195,757"",""195,757"",""195,757"",""0,18%"""
"12.03.2014,""195,410"",""195,410"",""195,410"",""195,410"",""0,10%"""
"11.03.2014,""195,220"",""195,220"",""195,220"",""195,220"",""-0,11%"""
"10.03.2014,""195,430"",""195,430"",""195,430"",""195,430"",""0,14%"""
"07.03.2014,""195,150"",""195,150"",""195,150"",""195,150"",""0,11%"""
"06.03.2014,""194,945"",""194,945"",""194,945"",""194,945"",""-0,36%"""
"05.03.2014,""195,655"",""195,655"",""195,655"",""195,655"",""0,10%"""
"04.03.2014,""195,462"",""195,462"",""195,462"",""195,462"",""0,04%"""
"03.03.2014,""195,379"",""195,379"",""195,379"",""195,379"",""0,25%"""
"28.02.2014,""194,898"",""194,898"",""194,898"",""194,898"",""-0,22%"""
"27.02.2014,""195,327"",""195,327"",""195,327"",""195,327"",""0,28%"""
"26.02.2014,""194,781"",""194,781"",""194,781"",""194,781"",""0,23%"""
"25.02.2014,""194,337"",""194,337"",""194,337"",""194,337"",""0,14%"""
"24.02.2014,""194,066"",""194,066"",""194,066"",""194,066"",""-0,05%"""
"21.02.2014,""194,164"",""194,164"",""194,164"",""194,164"",""0,20%"""
"20.02.2014,""193,772"",""193,772"",""193,772"",""193,772"",""-0,24%"""
"19.02.2014,""194,243"",""194,243"",""194,243"",""194,243"",""-0,01%"""
"18.02.2014,""194,269"",""194,269"",""194,269"",""194,269"",""0,14%"""
"17.02.2014,""194,004"",""194,004"",""194,004"",""194,004"",""0,09%"""
"14.02.2014,""193,825"",""193,825"",""193,825"",""193,825"",""0,03%"""
"13.02.2014,""193,763"",""193,763"",""193,763"",""193,763"",""0,17%"""
"12.02.2014,""193,430"",""193,430"",""193,430"",""193,430"",""-0,17%"""
"11.02.2014,""193,765"",""193,765"",""193,765"",""193,765"",""-0,02%"""
"10.02.2014,""193,804"",""193,804"",""193,804"",""193,804"",""-0,07%"""
"07.02.2014,""193,946"",""193,946"",""193,946"",""193,946"",""0,25%"""
"06.02.2014,""193,470"",""193,470"",""193,470"",""193,470"",""-0,21%"""
"05.02.2014,""193,879"",""193,879"",""193,879"",""193,879"",""0,06%"""
"04.02.2014,""193,756"",""193,756"",""193,756"",""193,756"",""-0,04%"""
"03.02.2014,""193,825"",""193,825"",""193,825"",""193,825"",""0,05%"""
"31.01.2014,""193,737"",""193,737"",""193,737"",""193,737"",""0,34%"""
"30.01.2014,""193,076"",""193,076"",""193,076"",""193,076"",""0,16%"""
"29.01.2014,""192,770"",""192,770"",""192,770"",""192,770"",""0,09%"""
"28.01.2014,""192,601"",""192,601"",""192,601"",""192,601"",""0,10%"""
"27.01.2014,""192,405"",""192,405"",""192,405"",""192,405"",""0,01%"""
"24.01.2014,""192,384"",""192,384"",""192,384"",""192,384"",""0,12%"""
"23.01.2014,""192,157"",""192,157"",""192,157"",""192,157"",""0,04%"""
"22.01.2014,""192,082"",""192,082"",""192,082"",""192,082"",""-0,09%"""
"21.01.2014,""192,250"",""192,250"",""192,250"",""192,250"",""-0,07%"""
"20.01.2014,""192,383"",""192,383"",""192,383"",""192,383"",""0,15%"""
"17.01.2014,""192,101"",""192,101"",""192,101"",""192,101"",""0,17%"""
"16.01.2014,""191,779"",""191,779"",""191,779"",""191,779"",""0,20%"""
"15.01.2014,""191,400"",""191,400"",""191,400"",""191,400"",""-0,01%"""
"14.01.2014,""191,421"",""191,421"",""191,421"",""191,421"",""0,07%"""
"13.01.2014,""191,291"",""191,291"",""191,291"",""191,291"",""0,13%"""
"10.01.2014,""191,036"",""191,036"",""191,036"",""191,036"",""0,14%"""
"09.01.2014,""190,771"",""190,771"",""190,771"",""190,771"",""-0,06%"""
"08.01.2014,""190,879"",""190,879"",""190,879"",""190,879"",""-0,06%"""
"07.01.2014,""190,996"",""190,996"",""190,996"",""190,996"",""0,21%"""
"06.01.2014,""190,598"",""190,598"",""190,598"",""190,598"",""0,10%"""
"03.01.2014,""190,402"",""190,402"",""190,402"",""190,402"",""0,10%"""
"02.01.2014,""190,220"",""190,220"",""190,220"",""190,220"",""0,21%"""
"31.12.2013,""189,821"",""189,821"",""189,821"",""189,821"",""0,01%"""
"30.12.2013,""189,803"",""189,803"",""189,803"",""189,803"",""0,24%"""
"27.12.2013,""189,357"",""189,357"",""189,357"",""189,357"",""-0,28%"""
"26.12.2013,""189,880"",""189,880"",""189,880"",""189,880"",""0,02%"""
"24.12.2013,""189,846"",""189,846"",""189,846"",""189,846"",""0,01%"""
"23.12.2013,""189,830"",""189,830"",""189,830"",""189,830"",""-0,17%"""
"20.12.2013,""190,157"",""190,157"",""190,157"",""190,157"",""-0,04%"""
"19.12.2013,""190,231"",""190,231"",""190,231"",""190,231"",""-0,03%"""
"18.12.2013,""190,284"",""190,284"",""190,284"",""190,284"",""-0,10%"""
"17.12.2013,""190,467"",""190,467"",""190,467"",""190,467"",""0,00%"""
"16.12.2013,""190,458"",""190,458"",""190,458"",""190,458"",""0,06%"""
"13.12.2013,""190,353"",""190,353"",""190,353"",""190,353"",""0,05%"""
"12.12.2013,""190,252"",""190,252"",""190,252"",""190,252"",""-0,15%"""
"11.12.2013,""190,543"",""190,543"",""190,543"",""190,543"",""0,06%"""
"10.12.2013,""190,435"",""190,435"",""190,435"",""190,435"",""0,18%"""
"09.12.2013,""190,099"",""190,099"",""190,099"",""190,099"",""0,12%"""
"06.12.2013,""189,876"",""189,876"",""189,876"",""189,876"",""0,13%"""
"05.12.2013,""189,632"",""189,632"",""189,632"",""189,632"",""-0,29%"""
"04.12.2013,""190,190"",""190,190"",""190,190"",""190,190"",""-0,36%"""
"03.12.2013,""190,872"",""190,872"",""190,872"",""190,872"",""0,09%"""
"02.12.2013,""190,695"",""190,695"",""190,695"",""190,695"",""-0,13%"""
"29.11.2013,""190,946"",""190,946"",""190,946"",""190,946"",""0,05%"""
"28.11.2013,""190,852"",""190,852"",""190,852"",""190,852"",""-0,01%"""
"27.11.2013,""190,867"",""190,867"",""190,867"",""190,867"",""-0,07%"""
"26.11.2013,""190,996"",""190,996"",""190,996"",""190,996"",""0,13%"""
"25.11.2013,""190,739"",""190,739"",""190,739"",""190,739"",""0,09%"""
"22.11.2013,""190,571"",""190,571"",""190,571"",""190,571"",""0,03%"""
"21.11.2013,""190,508"",""190,508"",""190,508"",""190,508"",""-0,05%"""
"20.11.2013,""190,596"",""190,596"",""190,596"",""190,596"",""0,02%"""
"19.11.2013,""190,562"",""190,562"",""190,562"",""190,562"",""-0,12%"""
"18.11.2013,""190,788"",""190,788"",""190,788"",""190,788"",""0,13%"""
"15.11.2013,""190,548"",""190,548"",""190,548"",""190,548"",""-0,04%"""
"14.11.2013,""190,624"",""190,624"",""190,624"",""190,624"",""0,21%"""
"13.11.2013,""190,219"",""190,219"",""190,219"",""190,219"",""0,20%"""
"12.11.2013,""189,846"",""189,846"",""189,846"",""189,846"",""-0,15%"""
"11.11.2013,""190,131"",""190,131"",""190,131"",""190,131"",""0,04%"""
"08.11.2013,""190,056"",""190,056"",""190,056"",""190,056"",""-0,24%"""
"07.11.2013,""190,510"",""190,510"",""190,510"",""190,510"",""0,38%"""
"06.11.2013,""189,780"",""189,780"",""189,780"",""189,780"",""-0,05%"""
"05.11.2013,""189,877"",""189,877"",""189,877"",""189,877"",""-0,37%"""
"04.11.2013,""190,578"",""190,578"",""190,578"",""190,578"",""0,06%"""
"01.11.2013,""190,472"",""190,472"",""190,472"",""190,472"",""0,06%"""
"31.10.2013,""190,362"",""190,362"",""190,362"",""190,362"",""0,22%"""
"30.10.2013,""189,947"",""189,947"",""189,947"",""189,947"",""0,08%"""
"29.10.2013,""189,800"",""189,800"",""189,800"",""189,800"",""0,13%"""
"28.10.2013,""189,563"",""189,563"",""189,563"",""189,563"",""0,08%"""
"25.10.2013,""189,405"",""189,405"",""189,405"",""189,405"",""-0,04%"""
"24.10.2013,""189,483"",""189,483"",""189,483"",""189,483"",""-0,04%"""
"23.10.2013,""189,556"",""189,556"",""189,556"",""189,556"",""0,14%"""
"22.10.2013,""189,298"",""189,298"",""189,298"",""189,298"",""0,37%"""
"21.10.2013,""188,603"",""188,603"",""188,603"",""188,603"",""-0,02%"""
"18.10.2013,""188,645"",""188,645"",""188,645"",""188,645"",""0,19%"""
"17.10.2013,""188,279"",""188,279"",""188,279"",""188,279"",""0,24%"""
"16.10.2013,""187,833"",""187,833"",""187,833"",""187,833"",""-0,07%"""
"15.10.2013,""187,967"",""187,967"",""187,967"",""187,967"",""-0,14%"""
"14.10.2013,""188,238"",""188,238"",""188,238"",""188,238"",""0,06%"""
"11.10.2013,""188,133"",""188,133"",""188,133"",""188,133"",""0,12%"""
"10.10.2013,""187,900"",""187,900"",""187,900"",""187,900"",""-0,10%"""
"09.10.2013,""188,083"",""188,083"",""188,083"",""188,083"",""-0,01%"""
"08.10.2013,""188,110"",""188,110"",""188,110"",""188,110"",""-0,13%"""
"07.10.2013,""188,356"",""188,356"",""188,356"",""188,356"",""0,16%"""
"04.10.2013,""188,052"",""188,052"",""188,052"",""188,052"",""0,00%"""
"03.10.2013,""188,047"",""188,047"",""188,047"",""188,047"",""-0,09%"""
"02.10.2013,""188,221"",""188,221"",""188,221"",""188,221"",""0,04%"""
"01.10.2013,""188,144"",""188,144"",""188,144"",""188,144"",""0,24%"""
"30.09.2013,""187,699"",""187,699"",""187,699"",""187,699"",""0,01%"""
"27.09.2013,""187,681"",""187,681"",""187,681"",""187,681"",""0,05%"""
"26.09.2013,""187,595"",""187,595"",""187,595"",""187,595"",""-0,18%"""
"25.09.2013,""187,929"",""187,929"",""187,929"",""187,929"",""0,09%"""
"24.09.2013,""187,760"",""187,760"",""187,760"",""187,760"",""0,25%"""
"23.09.2013,""187,292"",""187,292"",""187,292"",""187,292"",""0,19%"""
"20.09.2013,""186,935"",""186,935"",""186,935"",""186,935"",""-0,06%"""
"19.09.2013,""187,050"",""187,050"",""187,050"",""187,050"",""0,35%"""
"18.09.2013,""186,404"",""186,404"",""186,404"",""186,404"",""-0,05%"""
"17.09.2013,""186,498"",""186,498"",""186,498"",""186,498"",""0,03%"""
"16.09.2013,""186,445"",""186,445"",""186,445"",""186,445"",""0,28%"""
"13.09.2013,""185,916"",""185,916"",""185,916"",""185,916"",""0,04%"""
"12.09.2013,""185,850"",""185,850"",""185,850"",""185,850"",""0,15%"""
"11.09.2013,""185,577"",""185,577"",""185,577"",""185,577"",""0,19%"""
"10.09.2013,""185,217"",""185,217"",""185,217"",""185,217"",""-0,27%"""
"09.09.2013,""185,719"",""185,719"",""185,719"",""185,719"",""-0,07%"""
"06.09.2013,""185,852"",""185,852"",""185,852"",""185,852"",""0,35%"""
"05.09.2013,""185,203"",""185,203"",""185,203"",""185,203"",""-0,48%"""
"04.09.2013,""186,089"",""186,089"",""186,089"",""186,089"",""-0,05%"""
"03.09.2013,""186,181"",""186,181"",""186,181"",""186,181"",""-0,14%"""
"02.09.2013,""186,439"",""186,439"",""186,439"",""186,439"",""-0,02%"""
"30.08.2013,""186,477"",""186,477"",""186,477"",""186,477"",""0,00%"""
"29.08.2013,""186,469"",""186,469"",""186,469"",""186,469"",""0,04%"""
"28.08.2013,""186,394"",""186,394"",""186,394"",""186,394"",""-0,05%"""
"27.08.2013,""186,479"",""186,479"",""186,479"",""186,479"",""0,08%"""
"26.08.2013,""186,336"",""186,336"",""186,336"",""186,336"",""0,00%"""
"23.08.2013,""186,336"",""186,336"",""186,336"",""186,336"",""-0,05%"""
"22.08.2013,""186,428"",""186,428"",""186,428"",""186,428"",""-0,04%"""
"21.08.2013,""186,504"",""186,504"",""186,504"",""186,504"",""-0,22%"""
"20.08.2013,""186,906"",""186,906"",""186,906"",""186,906"",""0,08%"""
"19.08.2013,""186,758"",""186,758"",""186,758"",""186,758"",""-0,23%"""
"16.08.2013,""187,195"",""187,195"",""187,195"",""187,195"",""0,19%"""
"15.08.2013,""186,836"",""186,836"",""186,836"",""186,836"",""-0,39%"""
"14.08.2013,""187,574"",""187,574"",""187,574"",""187,574"",""0,09%"""
"13.08.2013,""187,408"",""187,408"",""187,408"",""187,408"",""-0,44%"""
"12.08.2013,""188,239"",""188,239"",""188,239"",""188,239"",""0,04%"""
"09.08.2013,""188,167"",""188,167"",""188,167"",""188,167"",""0,03%"""
"08.08.2013,""188,115"",""188,115"",""188,115"",""188,115"",""0,11%"""
"07.08.2013,""187,908"",""187,908"",""187,908"",""187,908"",""0,06%"""
"06.08.2013,""187,793"",""187,793"",""187,793"",""187,793"",""0,04%"""
"05.08.2013,""187,727"",""187,727"",""187,727"",""187,727"",""-0,15%"""
"02.08.2013,""188,017"",""188,017"",""188,017"",""188,017"",""0,15%"""
"01.08.2013,""187,728"",""187,728"",""187,728"",""187,728"",""0,12%"""
"31.07.2013,""187,507"",""187,507"",""187,507"",""187,507"",""0,06%"""
"30.07.2013,""187,386"",""187,386"",""187,386"",""187,386"",""0,05%"""
"29.07.2013,""187,296"",""187,296"",""187,296"",""187,296"",""-0,05%"""
"26.07.2013,""187,385"",""187,385"",""187,385"",""187,385"",""-0,01%"""
"25.07.2013,""187,398"",""187,398"",""187,398"",""187,398"",""-0,08%"""
"24.07.2013,""187,552"",""187,552"",""187,552"",""187,552"",""-0,20%"""
"23.07.2013,""187,923"",""187,923"",""187,923"",""187,923"",""-0,10%"""
"22.07.2013,""188,118"",""188,118"",""188,118"",""188,118"",""0,12%"""
"19.07.2013,""187,901"",""187,901"",""187,901"",""187,901"",""-0,00%"""
"18.07.2013,""187,907"",""187,907"",""187,907"",""187,907"",""0,17%"""
"17.07.2013,""187,589"",""187,589"",""187,589"",""187,589"",""0,00%"""
"16.07.2013,""187,586"",""187,586"",""187,586"",""187,586"",""0,08%"""
"15.07.2013,""187,444"",""187,444"",""187,444"",""187,444"",""-0,01%"""
"12.07.2013,""187,461"",""187,461"",""187,461"",""187,461"",""0,20%"""
"11.07.2013,""187,078"",""187,078"",""187,078"",""187,078"",""-0,03%"""
"10.07.2013,""187,133"",""187,133"",""187,133"",""187,133"",""-0,16%"""
"09.07.2013,""187,431"",""187,431"",""187,431"",""187,431"",""0,09%"""
"08.07.2013,""187,259"",""187,259"",""187,259"",""187,259"",""0,16%"""
"05.07.2013,""186,965"",""186,965"",""186,965"",""186,965"",""-0,08%"""
"04.07.2013,""187,117"",""187,117"",""187,117"",""187,117"",""0,24%"""
"03.07.2013,""186,661"",""186,661"",""186,661"",""186,661"",""-0,12%"""
"02.07.2013,""186,886"",""186,886"",""186,886"",""186,886"",""0,17%"""
"01.07.2013,""186,562"",""186,562"",""186,562"",""186,562"",""0,22%"""
"28.06.2013,""186,145"",""186,145"",""186,145"",""186,145"",""0,05%"""
"27.06.2013,""186,054"",""186,054"",""186,054"",""186,054"",""0,36%"""
"26.06.2013,""185,388"",""185,388"",""185,388"",""185,388"",""0,55%"""
"25.06.2013,""184,377"",""184,377"",""184,377"",""184,377"",""-0,00%"""
"24.06.2013,""184,383"",""184,383"",""184,383"",""184,383"",""-0,74%"""
"21.06.2013,""185,761"",""185,761"",""185,761"",""185,761"",""-0,24%"""
"20.06.2013,""186,200"",""186,200"",""186,200"",""186,200"",""-1,01%"""
"19.06.2013,""188,102"",""188,102"",""188,102"",""188,102"",""0,13%"""
"18.06.2013,""187,855"",""187,855"",""187,855"",""187,855"",""-0,17%"""
"17.06.2013,""188,174"",""188,174"",""188,174"",""188,174"",""0,01%"""
"14.06.2013,""188,161"",""188,161"",""188,161"",""188,161"",""0,32%"""
"13.06.2013,""187,561"",""187,561"",""187,561"",""187,561"",""0,12%"""
"12.06.2013,""187,338"",""187,338"",""187,338"",""187,338"",""0,03%"""
"11.06.2013,""187,276"",""187,276"",""187,276"",""187,276"",""-0,22%"""
"10.06.2013,""187,698"",""187,698"",""187,698"",""187,698"",""-0,25%"""
"07.06.2013,""188,162"",""188,162"",""188,162"",""188,162"",""0,14%"""
"06.06.2013,""187,908"",""187,908"",""187,908"",""187,908"",""-0,52%"""
"05.06.2013,""188,898"",""188,898"",""188,898"",""188,898"",""0,06%"""
"04.06.2013,""188,783"",""188,783"",""188,783"",""188,783"",""0,00%"""
"03.06.2013,""188,782"",""188,782"",""188,782"",""188,782"",""-0,09%"""
"31.05.2013,""188,960"",""188,960"",""188,960"",""188,960"",""-0,06%"""
"30.05.2013,""189,072"",""189,072"",""189,072"",""189,072"",""0,07%"""
"29.05.2013,""188,947"",""188,947"",""188,947"",""188,947"",""-0,35%"""
"28.05.2013,""189,618"",""189,618"",""189,618"",""189,618"",""-0,03%"""
"27.05.2013,""189,668"",""189,668"",""189,668"",""189,668"",""0,06%"""
"24.05.2013,""189,545"",""189,545"",""189,545"",""189,545"",""-0,23%"""
"23.05.2013,""189,979"",""189,979"",""189,979"",""189,979"",""-0,31%"""
"22.05.2013,""190,564"",""190,564"",""190,564"",""190,564"",""0,11%"""
"21.05.2013,""190,357"",""190,357"",""190,357"",""190,357"",""-0,24%"""
"20.05.2013,""190,813"",""190,813"",""190,813"",""190,813"",""-0,10%"""
"17.05.2013,""190,997"",""190,997"",""190,997"",""190,997"",""0,24%"""
"16.05.2013,""190,536"",""190,536"",""190,536"",""190,536"",""0,35%"""
"15.05.2013,""189,868"",""189,868"",""189,868"",""189,868"",""-0,14%"""
"14.05.2013,""190,135"",""190,135"",""190,135"",""190,135"",""-0,10%"""
"13.05.2013,""190,323"",""190,323"",""190,323"",""190,323"",""-0,03%"""
"10.05.2013,""190,384"",""190,384"",""190,384"",""190,384"",""-0,42%"""
"09.05.2013,""191,189"",""191,189"",""191,189"",""191,189"",""-0,13%"""
"08.05.2013,""191,441"",""191,441"",""191,441"",""191,441"",""0,13%"""
"07.05.2013,""191,200"",""191,200"",""191,200"",""191,200"",""-0,06%"""
"06.05.2013,""191,317"",""191,317"",""191,317"",""191,317"",""-0,11%"""
"03.05.2013,""191,519"",""191,519"",""191,519"",""191,519"",""-0,24%"""
"02.05.2013,""191,984"",""191,984"",""191,984"",""191,984"",""0,37%"""
"01.05.2013,""191,284"",""191,284"",""191,284"",""191,284"",""0,01%"""
"30.04.2013,""191,264"",""191,264"",""191,264"",""191,264"",""0,12%"""
"29.04.2013,""191,031"",""191,031"",""191,031"",""191,031"",""0,29%"""
"26.04.2013,""190,474"",""190,474"",""190,474"",""190,474"",""0,09%"""
"25.04.2013,""190,301"",""190,301"",""190,301"",""190,301"",""-0,09%"""
"24.04.2013,""190,480"",""190,480"",""190,480"",""190,480"",""-0,05%"""
"23.04.2013,""190,570"",""190,570"",""190,570"",""190,570"",""0,30%"""
"22.04.2013,""190,007"",""190,007"",""190,007"",""190,007"",""0,38%"""
"19.04.2013,""189,285"",""189,285"",""189,285"",""189,285"",""0,00%"""
"18.04.2013,""189,281"",""189,281"",""189,281"",""189,281"",""0,02%"""
"17.04.2013,""189,240"",""189,240"",""189,240"",""189,240"",""0,20%"""
"16.04.2013,""188,861"",""188,861"",""188,861"",""188,861"",""-0,02%"""
"15.04.2013,""188,908"",""188,908"",""188,908"",""188,908"",""0,06%"""
"12.04.2013,""188,793"",""188,793"",""188,793"",""188,793"",""0,10%"""
"11.04.2013,""188,600"",""188,600"",""188,600"",""188,600"",""-0,04%"""
"10.04.2013,""188,684"",""188,684"",""188,684"",""188,684"",""-0,15%"""
"09.04.2013,""188,969"",""188,969"",""188,969"",""188,969"",""-0,16%"""
"08.04.2013,""189,276"",""189,276"",""189,276"",""189,276"",""0,14%"""
"05.04.2013,""189,008"",""189,008"",""189,008"",""189,008"",""0,61%"""
"04.04.2013,""187,853"",""187,853"",""187,853"",""187,853"",""0,27%"""
"03.04.2013,""187,343"",""187,343"",""187,343"",""187,343"",""0,15%"""
"02.04.2013,""187,067"",""187,067"",""187,067"",""187,067"",""0,11%"""
"01.04.2013,""186,857"",""186,857"",""186,857"",""186,857"",""0,04%"""
"28.03.2013,""186,787"",""186,787"",""186,787"",""186,787"",""0,02%"""
"27.03.2013,""186,745"",""186,745"",""186,745"",""186,745"",""-0,10%"""
"26.03.2013,""186,934"",""186,934"",""186,934"",""186,934"",""-0,07%"""
"25.03.2013,""187,070"",""187,070"",""187,070"",""187,070"",""-0,05%"""
"22.03.2013,""187,161"",""187,161"",""187,161"",""187,161"",""0,01%"""
"21.03.2013,""187,149"",""187,149"",""187,149"",""187,149"",""0,21%"""
"20.03.2013,""186,759"",""186,759"",""186,759"",""186,759"",""-0,01%"""
"19.03.2013,""186,772"",""186,772"",""186,772"",""186,772"",""0,07%"""
"18.03.2013,""186,642"",""186,642"",""186,642"",""186,642"",""0,12%"""
"15.03.2013,""186,414"",""186,414"",""186,414"",""186,414"",""0,08%"""
"14.03.2013,""186,266"",""186,266"",""186,266"",""186,266"",""0,03%"""
"13.03.2013,""186,219"",""186,219"",""186,219"",""186,219"",""-0,08%"""
"12.03.2013,""186,374"",""186,374"",""186,374"",""186,374"",""0,10%"""
"11.03.2013,""186,184"",""186,184"",""186,184"",""186,184"",""0,01%"""
"08.03.2013,""186,174"",""186,174"",""186,174"",""186,174"",""0,04%"""
"07.03.2013,""186,107"",""186,107"",""186,107"",""186,107"",""0,01%"""
"06.03.2013,""186,083"",""186,083"",""186,083"",""186,083"",""0,09%"""
"05.03.2013,""185,909"",""185,909"",""185,909"",""185,909"",""-0,01%"""
"04.03.2013,""185,930"",""185,930"",""185,930"",""185,930"",""-0,03%"""
"01.03.2013,""185,978"",""185,978"",""185,978"",""185,978"",""0,17%"""
"28.02.2013,""185,665"",""185,665"",""185,665"",""185,665"",""0,20%"""
"27.02.2013,""185,289"",""185,289"",""185,289"",""185,289"",""0,16%"""
"26.02.2013,""184,990"",""184,990"",""184,990"",""184,990"",""-0,32%"""
"25.02.2013,""185,591"",""185,591"",""185,591"",""185,591"",""0,08%"""
"22.02.2013,""185,436"",""185,436"",""185,436"",""185,436"",""0,13%"""
"21.02.2013,""185,202"",""185,202"",""185,202"",""185,202"",""0,12%"""
"20.02.2013,""184,979"",""184,979"",""184,979"",""184,979"",""-0,15%"""
"19.02.2013,""185,256"",""185,256"",""185,256"",""185,256"",""0,05%"""
"18.02.2013,""185,158"",""185,158"",""185,158"",""185,158"",""0,03%"""
"15.02.2013,""185,098"",""185,098"",""185,098"",""185,098"",""-0,05%"""
"14.02.2013,""185,184"",""185,184"",""185,184"",""185,184"",""0,15%"""
"13.02.2013,""184,913"",""184,913"",""184,913"",""184,913"",""0,07%"""
"12.02.2013,""184,780"",""184,780"",""184,780"",""184,780"",""0,09%"""
"11.02.2013,""184,606"",""184,606"",""184,606"",""184,606"",""-0,14%"""
"08.02.2013,""184,856"",""184,856"",""184,856"",""184,856"",""0,08%"""
"07.02.2013,""184,714"",""184,714"",""184,714"",""184,714"",""0,14%"""
"06.02.2013,""184,461"",""184,461"",""184,461"",""184,461"",""-0,11%"""
"05.02.2013,""184,659"",""184,659"",""184,659"",""184,659"",""-0,06%"""
"04.02.2013,""184,776"",""184,776"",""184,776"",""184,776"",""-0,17%"""
"01.02.2013,""185,088"",""185,088"",""185,088"",""185,088"",""-0,01%"""
"31.01.2013,""185,105"",""185,105"",""185,105"",""185,105"",""0,16%"""
"30.01.2013,""184,802"",""184,802"",""184,802"",""184,802"",""-0,23%"""
"29.01.2013,""185,229"",""185,229"",""185,229"",""185,229"",""0,15%"""
"28.01.2013,""184,946"",""184,946"",""184,946"",""184,946"",""-0,27%"""
"25.01.2013,""185,440"",""185,440"",""185,440"",""185,440"",""-0,17%"""
"24.01.2013,""185,764"",""185,764"",""185,764"",""185,764"",""-0,08%"""
"23.01.2013,""185,918"",""185,918"",""185,918"",""185,918"",""0,12%"""
"22.01.2013,""185,703"",""185,703"",""185,703"",""185,703"",""0,08%"""
"21.01.2013,""185,555"",""185,555"",""185,555"",""185,555"",""-0,20%"""
"18.01.2013,""185,936"",""185,936"",""185,936"",""185,936"",""0,28%"""
"17.01.2013,""185,411"",""185,411"",""185,411"",""185,411"",""-0,23%"""
"16.01.2013,""185,843"",""185,843"",""185,843"",""185,843"",""-0,03%"""
"15.01.2013,""185,901"",""185,901"",""185,901"",""185,901"",""0,11%"""
"14.01.2013,""185,699"",""185,699"",""185,699"",""185,699"",""-0,03%"""
"11.01.2013,""185,749"",""185,749"",""185,749"",""185,749"",""-0,04%"""
"10.01.2013,""185,818"",""185,818"",""185,818"",""185,818"",""0,04%"""
"09.01.2013,""185,746"",""185,746"",""185,746"",""185,746"",""0,04%"""
"08.01.2013,""185,670"",""185,670"",""185,670"",""185,670"",""0,18%"""
"07.01.2013,""185,341"",""185,341"",""185,341"",""185,341"",""0,02%"""
"04.01.2013,""185,309"",""185,309"",""185,309"",""185,309"",""-0,23%"""
"03.01.2013,""185,732"",""185,732"",""185,732"",""185,732"",""-0,19%"""
"02.01.2013,""186,087"",""186,087"",""186,087"",""186,087"",""-0,06%"""
"31.12.2012,""186,193"",""186,193"",""186,193"",""186,193"",""0,03%"""
"28.12.2012,""186,142"",""186,142"",""186,142"",""186,142"",""0,09%"""
"24.12.2012,""185,970"",""185,970"",""185,970"",""185,970"",""0,03%"""
"21.12.2012,""185,919"",""185,919"",""185,919"",""185,919"",""0,00%"""
"20.12.2012,""185,918"",""185,918"",""185,918"",""185,918"",""0,12%"""
"19.12.2012,""185,692"",""185,692"",""185,692"",""185,692"",""0,13%"""
"18.12.2012,""185,450"",""185,450"",""185,450"",""185,450"",""0,08%"""
"17.12.2012,""185,303"",""185,303"",""185,303"",""185,303"",""-0,04%"""
"14.12.2012,""185,383"",""185,383"",""185,383"",""185,383"",""0,08%"""
"13.12.2012,""185,231"",""185,231"",""185,231"",""185,231"",""0,03%"""
"12.12.2012,""185,172"",""185,172"",""185,172"",""185,172"",""0,16%"""
"11.12.2012,""184,868"",""184,868"",""184,868"",""184,868"",""0,12%"""
"10.12.2012,""184,638"",""184,638"",""184,638"",""184,638"",""-0,33%"""
"07.12.2012,""185,255"",""185,255"",""185,255"",""185,255"",""0,06%"""
"06.12.2012,""185,139"",""185,139"",""185,139"",""185,139"",""-0,03%"""
"05.12.2012,""185,187"",""185,187"",""185,187"",""185,187"",""0,05%"""
"04.12.2012,""185,102"",""185,102"",""185,102"",""185,102"",""0,11%"""
"03.12.2012,""184,903"",""184,903"",""184,903"",""184,903"",""0,03%"""
"30.11.2012,""184,846"",""184,846"",""184,846"",""184,846"",""0,07%"""
"29.11.2012,""184,712"",""184,712"",""184,712"",""184,712"",""-0,00%"""
"28.11.2012,""184,713"",""184,713"",""184,713"",""184,713"",""0,51%"""
"27.11.2012,""183,781"",""183,781"",""183,781"",""183,781"",""0,13%"""
"26.11.2012,""183,534"",""183,534"",""183,534"",""183,534"",""0,10%"""
"23.11.2012,""183,354"",""183,354"",""183,354"",""183,354"",""0,16%"""
"21.11.2012,""183,070"",""183,070"",""183,070"",""183,070"",""0,01%"""
"20.11.2012,""183,055"",""183,055"",""183,055"",""183,055"",""-0,17%"""
"19.11.2012,""183,365"",""183,365"",""183,365"",""183,365"",""-0,06%"""
"16.11.2012,""183,473"",""183,473"",""183,473"",""183,473"",""0,06%"""
"15.11.2012,""183,355"",""183,355"",""183,355"",""183,355"",""0,05%"""
"14.11.2012,""183,270"",""183,270"",""183,270"",""183,270"",""-0,11%"""
"13.11.2012,""183,466"",""183,466"",""183,466"",""183,466"",""0,11%"""
"12.11.2012,""183,263"",""183,263"",""183,263"",""183,263"",""-0,00%"""
"09.11.2012,""183,265"",""183,265"",""183,265"",""183,265"",""0,14%"""
"08.11.2012,""183,015"",""183,015"",""183,015"",""183,015"",""-0,07%"""
"07.11.2012,""183,146"",""183,146"",""183,146"",""183,146"",""0,11%"""
"06.11.2012,""182,939"",""182,939"",""182,939"",""182,939"",""0,20%"""
"05.11.2012,""182,575"",""182,575"",""182,575"",""182,575"",""-0,01%"""
"02.11.2012,""182,596"",""182,596"",""182,596"",""182,596"",""-0,00%"""
"01.11.2012,""182,597"",""182,597"",""182,597"",""182,597"",""0,12%"""
"31.10.2012,""182,381"",""182,381"",""182,381"",""182,381"",""0,10%"""
"30.10.2012,""182,195"",""182,195"",""182,195"",""182,195"",""0,06%"""
"26.10.2012,""182,084"",""182,084"",""182,084"",""182,084"",""0,09%"""
"25.10.2012,""181,927"",""181,927"",""181,927"",""181,927"",""-0,07%"""
"24.10.2012,""182,055"",""182,055"",""182,055"",""182,055"",""0,05%"""
"23.10.2012,""181,972"",""181,972"",""181,972"",""181,972"",""-0,13%"""
"22.10.2012,""182,211"",""182,211"",""182,211"",""182,211"",""-0,12%"""
"19.10.2012,""182,428"",""182,428"",""182,428"",""182,428"",""0,11%"""
"18.10.2012,""182,233"",""182,233"",""182,233"",""182,233"",""0,05%"""
"17.10.2012,""182,134"",""182,134"",""182,134"",""182,134"",""0,05%"""
"16.10.2012,""182,038"",""182,038"",""182,038"",""182,038"",""-0,15%"""
"15.10.2012,""182,311"",""182,311"",""182,311"",""182,311"",""-0,05%"""
"12.10.2012,""182,401"",""182,401"",""182,401"",""182,401"",""0,28%"""
"11.10.2012,""181,884"",""181,884"",""181,884"",""181,884"",""0,11%"""
"10.10.2012,""181,693"",""181,693"",""181,693"",""181,693"",""0,04%"""
"09.10.2012,""181,621"",""181,621"",""181,621"",""181,621"",""-0,00%"""
"08.10.2012,""181,624"",""181,624"",""181,624"",""181,624"",""0,09%"""
"05.10.2012,""181,452"",""181,452"",""181,452"",""181,452"",""0,09%"""
"04.10.2012,""181,285"",""181,285"",""181,285"",""181,285"",""-0,03%"""
"03.10.2012,""181,339"",""181,339"",""181,339"",""181,339"",""0,00%"""
"02.10.2012,""181,339"",""181,339"",""181,339"",""181,339"",""0,12%"""
"01.10.2012,""181,121"",""181,121"",""181,121"",""181,121"",""-0,00%"""
"28.09.2012,""181,129"",""181,129"",""181,129"",""181,129"",""0,13%"""
"27.09.2012,""180,897"",""180,897"",""180,897"",""180,897"",""0,12%"""
"26.09.2012,""180,685"",""180,685"",""180,685"",""180,685"",""0,08%"""
"25.09.2012,""180,543"",""180,543"",""180,543"",""180,543"",""-0,19%"""
"24.09.2012,""180,878"",""180,878"",""180,878"",""180,878"",""0,15%"""
"21.09.2012,""180,613"",""180,613"",""180,613"",""180,613"",""-0,05%"""
"20.09.2012,""180,703"",""180,703"",""180,703"",""180,703"",""0,04%"""
"19.09.2012,""180,631"",""180,631"",""180,631"",""180,631"",""0,25%"""
"18.09.2012,""180,189"",""180,189"",""180,189"",""180,189"",""0,22%"""
"17.09.2012,""179,797"",""179,797"",""179,797"",""179,797"",""-0,12%"""
"14.09.2012,""180,012"",""180,012"",""180,012"",""180,012"",""-0,44%"""
"13.09.2012,""180,801"",""180,801"",""180,801"",""180,801"",""0,13%"""
"12.09.2012,""180,565"",""180,565"",""180,565"",""180,565"",""-0,02%"""
"11.09.2012,""180,607"",""180,607"",""180,607"",""180,607"",""0,24%"""
"10.09.2012,""180,176"",""180,176"",""180,176"",""180,176"",""-0,30%"""
"07.09.2012,""180,715"",""180,715"",""180,715"",""180,715"",""0,52%"""
"06.09.2012,""179,788"",""179,788"",""179,788"",""179,788"",""0,06%"""
"05.09.2012,""179,680"",""179,680"",""179,680"",""179,680"",""0,05%"""
"04.09.2012,""179,582"",""179,582"",""179,582"",""179,582"",""0,26%"""
"31.08.2012,""179,115"",""179,115"",""179,115"",""179,115"",""-0,14%"""
"30.08.2012,""179,375"",""179,375"",""179,375"",""179,375"",""-0,02%"""
"29.08.2012,""179,417"",""179,417"",""179,417"",""179,417"",""-0,11%"""
"28.08.2012,""179,608"",""179,608"",""179,608"",""179,608"",""0,07%"""
"27.08.2012,""179,480"",""179,480"",""179,480"",""179,480"",""-0,06%"""
"24.08.2012,""179,587"",""179,587"",""179,587"",""179,587"",""0,03%"""
"23.08.2012,""179,538"",""179,538"",""179,538"",""179,538"",""0,17%"""
"22.08.2012,""179,230"",""179,230"",""179,230"",""179,230"",""0,23%"""
"21.08.2012,""178,818"",""178,818"",""178,818"",""178,818"",""-0,03%"""
"20.08.2012,""178,875"",""178,875"",""178,875"",""178,875"",""0,12%"""
"17.08.2012,""178,668"",""178,668"",""178,668"",""178,668"",""0,17%"""
"16.08.2012,""178,358"",""178,358"",""178,358"",""178,358"",""0,14%"""
"15.08.2012,""178,115"",""178,115"",""178,115"",""178,115"",""-0,13%"""
"14.08.2012,""178,344"",""178,344"",""178,344"",""178,344"",""-0,04%"""
"13.08.2012,""178,415"",""178,415"",""178,415"",""178,415"",""-0,10%"""
"10.08.2012,""178,597"",""178,597"",""178,597"",""178,597"",""0,08%"""
"09.08.2012,""178,449"",""178,449"",""178,449"",""178,449"",""0,04%"""
"08.08.2012,""178,372"",""178,372"",""178,372"",""178,372"",""0,17%"""
"07.08.2012,""178,072"",""178,072"",""178,072"",""178,072"",""-0,01%"""
"03.08.2012,""178,084"",""178,084"",""178,084"",""178,084"",""0,14%"""
"02.08.2012,""177,840"",""177,840"",""177,840"",""177,840"",""-0,03%"""
"01.08.2012,""177,890"",""177,890"",""177,890"",""177,890"",""-0,01%"""
"31.07.2012,""177,912"",""177,912"",""177,912"",""177,912"",""0,19%"""
"30.07.2012,""177,571"",""177,571"",""177,571"",""177,571"",""0,26%"""
"27.07.2012,""177,113"",""177,113"",""177,113"",""177,113"",""0,12%"""
"26.07.2012,""176,901"",""176,901"",""176,901"",""176,901"",""0,79%"""
"25.07.2012,""175,517"",""175,517"",""175,517"",""175,517"",""0,10%"""
"24.07.2012,""175,336"",""175,336"",""175,336"",""175,336"",""-0,64%"""
"23.07.2012,""176,460"",""176,460"",""176,460"",""176,460"",""-0,62%"""
"20.07.2012,""177,569"",""177,569"",""177,569"",""177,569"",""-0,20%"""
"19.07.2012,""177,927"",""177,927"",""177,927"",""177,927"",""0,09%"""
"18.07.2012,""177,762"",""177,762"",""177,762"",""177,762"",""-0,12%"""
"17.07.2012,""177,983"",""177,983"",""177,983"",""177,983"",""0,21%"""
"16.07.2012,""177,611"",""177,611"",""177,611"",""177,611"",""0,08%"""
"13.07.2012,""177,476"",""177,476"",""177,476"",""177,476"",""-0,03%"""
"12.07.2012,""177,526"",""177,526"",""177,526"",""177,526"",""0,07%"""
"11.07.2012,""177,399"",""177,399"",""177,399"",""177,399"",""0,45%"""
"10.07.2012,""176,603"",""176,603"",""176,603"",""176,603"",""0,38%"""
"09.07.2012,""175,939"",""175,939"",""175,939"",""175,939"",""-0,25%"""
"06.07.2012,""176,384"",""176,384"",""176,384"",""176,384"",""0,34%"""
"05.07.2012,""175,791"",""175,791"",""175,791"",""175,791"",""-0,18%"""
"03.07.2012,""176,116"",""176,116"",""176,116"",""176,116"",""0,22%"""
"02.07.2012,""175,728"",""175,728"",""175,728"",""175,728"",""0,39%"""
"29.06.2012,""175,037"",""175,037"",""175,037"",""175,037"",""0,77%"""
"28.06.2012,""173,693"",""173,693"",""173,693"",""173,693"",""0,03%"""
"27.06.2012,""173,645"",""173,645"",""173,645"",""173,645"",""-0,13%"""
"26.06.2012,""173,867"",""173,867"",""173,867"",""173,867"",""-0,51%"""
"25.06.2012,""174,762"",""174,762"",""174,762"",""174,762"",""-0,18%"""
"22.06.2012,""175,080"",""175,080"",""175,080"",""175,080"",""0,08%"""
"21.06.2012,""174,935"",""174,935"",""174,935"",""174,935"",""0,39%"""
"20.06.2012,""174,248"",""174,248"",""174,248"",""174,248"",""0,13%"""
"19.06.2012,""174,016"",""174,016"",""174,016"",""174,016"",""-0,13%"""
"18.06.2012,""174,234"",""174,234"",""174,234"",""174,234"",""-0,24%"""
"15.06.2012,""174,650"",""174,650"",""174,650"",""174,650"",""0,57%"""
"14.06.2012,""173,666"",""173,666"",""173,666"",""173,666"",""0,10%"""
"13.06.2012,""173,492"",""173,492"",""173,492"",""173,492"",""-0,37%"""
"12.06.2012,""174,135"",""174,135"",""174,135"",""174,135"",""-0,79%"""
"11.06.2012,""175,514"",""175,514"",""175,514"",""175,514"",""-0,44%"""
"08.06.2012,""176,291"",""176,291"",""176,291"",""176,291"",""-0,06%"""
"07.06.2012,""176,395"",""176,395"",""176,395"",""176,395"",""-0,34%"""
"06.06.2012,""176,988"",""176,988"",""176,988"",""176,988"",""-0,17%"""
"05.06.2012,""177,289"",""177,289"",""177,289"",""177,289"",""-0,02%"""
"01.06.2012,""177,317"",""177,317"",""177,317"",""177,317"",""0,50%"""
"31.05.2012,""176,440"",""176,440"",""176,440"",""176,440"",""0,47%"""
"30.05.2012,""175,623"",""175,623"",""175,623"",""175,623"",""-0,12%"""
"29.05.2012,""175,842"",""175,842"",""175,842"",""175,842"",""-0,20%"""
"25.05.2012,""176,193"",""176,193"",""176,193"",""176,193"",""-0,06%"""
"24.05.2012,""176,293"",""176,293"",""176,293"",""176,293"",""0,49%"""
"23.05.2012,""175,432"",""175,432"",""175,432"",""175,432"",""0,08%"""
"22.05.2012,""175,293"",""175,293"",""175,293"",""175,293"",""0,34%"""
"21.05.2012,""174,698"",""174,698"",""174,698"",""174,698"",""0,03%"""
"18.05.2012,""174,640"",""174,640"",""174,640"",""174,640"",""0,09%"""
"17.05.2012,""174,483"",""174,483"",""174,483"",""174,483"",""0,07%"""
"16.05.2012,""174,357"",""174,357"",""174,357"",""174,357"",""0,03%"""
"15.05.2012,""174,308"",""174,308"",""174,308"",""174,308"",""-0,35%"""
"14.05.2012,""174,924"",""174,924"",""174,924"",""174,924"",""-0,25%"""
"11.05.2012,""175,368"",""175,368"",""175,368"",""175,368"",""0,07%"""
"10.05.2012,""175,251"",""175,251"",""175,251"",""175,251"",""0,30%"""
"09.05.2012,""174,725"",""174,725"",""174,725"",""174,725"",""-0,45%"""
"08.05.2012,""175,511"",""175,511"",""175,511"",""175,511"",""0,22%"""
"04.05.2012,""175,134"",""175,134"",""175,134"",""175,134"",""0,24%"""
"03.05.2012,""174,718"",""174,718"",""174,718"",""174,718"",""0,19%"""
"02.05.2012,""174,392"",""174,392"",""174,392"",""174,392"",""0,03%"""
"01.05.2012,""174,347"",""174,347"",""174,347"",""174,347"",""0,01%"""
"30.04.2012,""174,328"",""174,328"",""174,328"",""174,328"",""0,36%"""
"27.04.2012,""173,709"",""173,709"",""173,709"",""173,709"",""-0,05%"""
"26.04.2012,""173,796"",""173,796"",""173,796"",""173,796"",""0,14%"""
"25.04.2012,""173,553"",""173,553"",""173,553"",""173,553"",""0,14%"""
"24.04.2012,""173,303"",""173,303"",""173,303"",""173,303"",""0,20%"""
"23.04.2012,""172,962"",""172,962"",""172,962"",""172,962"",""-0,05%"""
"20.04.2012,""173,040"",""173,040"",""173,040"",""173,040"",""-0,13%"""
"19.04.2012,""173,269"",""173,269"",""173,269"",""173,269"",""-0,24%"""
"18.04.2012,""173,686"",""173,686"",""173,686"",""173,686"",""0,11%"""
"17.04.2012,""173,495"",""173,495"",""173,495"",""173,495"",""0,15%"""
"16.04.2012,""173,239"",""173,239"",""173,239"",""173,239"",""-0,17%"""
"13.04.2012,""173,529"",""173,529"",""173,529"",""173,529"",""-0,19%"""
"12.04.2012,""173,863"",""173,863"",""173,863"",""173,863"",""0,26%"""
"11.04.2012,""173,410"",""173,410"",""173,410"",""173,410"",""0,22%"""
"10.04.2012,""173,031"",""173,031"",""173,031"",""173,031"",""-0,26%"""
"05.04.2012,""173,480"",""173,480"",""173,480"",""173,480"",""-0,11%"""
"04.04.2012,""173,674"",""173,674"",""173,674"",""173,674"",""-0,39%"""
"03.04.2012,""174,358"",""174,358"",""174,358"",""174,358"",""-0,17%"""
"02.04.2012,""174,657"",""174,657"",""174,657"",""174,657"",""0,06%"""
"30.03.2012,""174,558"",""174,558"",""174,558"",""174,558"",""0,37%"""
"29.03.2012,""173,917"",""173,917"",""173,917"",""173,917"",""-0,23%"""
"28.03.2012,""174,324"",""174,324"",""174,324"",""174,324"",""0,06%"""
"27.03.2012,""174,217"",""174,217"",""174,217"",""174,217"",""-0,07%"""
"26.03.2012,""174,336"",""174,336"",""174,336"",""174,336"",""0,07%"""
"23.03.2012,""174,221"",""174,221"",""174,221"",""174,221"",""0,14%"""
"22.03.2012,""173,974"",""173,974"",""173,974"",""173,974"",""-0,04%"""
"21.03.2012,""174,048"",""174,048"",""174,048"",""174,048"",""-0,03%"""
"20.03.2012,""174,097"",""174,097"",""174,097"",""174,097"",""0,08%"""
"16.03.2012,""173,954"",""173,954"",""173,954"",""173,954"",""-0,23%"""
"15.03.2012,""174,363"",""174,363"",""174,363"",""174,363"",""-0,10%"""
"14.03.2012,""174,544"",""174,544"",""174,544"",""174,544"",""-0,30%"""
"13.03.2012,""175,073"",""175,073"",""175,073"",""175,073"",""-0,11%"""
"12.03.2012,""175,263"",""175,263"",""175,263"",""175,263"",""-0,07%"""
"09.03.2012,""175,384"",""175,384"",""175,384"",""175,384"",""0,05%"""
"08.03.2012,""175,288"",""175,288"",""175,288"",""175,288"",""0,21%"""
"07.03.2012,""174,924"",""174,924"",""174,924"",""174,924"",""0,16%"""
"06.03.2012,""174,640"",""174,640"",""174,640"",""174,640"",""-0,29%"""
"05.03.2012,""175,142"",""175,142"",""175,142"",""175,142"",""-0,21%"""
"02.03.2012,""175,512"",""175,512"",""175,512"",""175,512"",""0,21%"""
"01.03.2012,""175,140"",""175,140"",""175,140"",""175,140"",""0,42%"""
"29.02.2012,""174,408"",""174,408"",""174,408"",""174,408"",""0,29%"""
"28.02.2012,""173,912"",""173,912"",""173,912"",""173,912"",""0,16%"""
"27.02.2012,""173,637"",""173,637"",""173,637"",""173,637"",""0,22%"""
"24.02.2012,""173,257"",""173,257"",""173,257"",""173,257"",""0,09%"""
"23.02.2012,""173,095"",""173,095"",""173,095"",""173,095"",""0,07%"""
"22.02.2012,""172,971"",""172,971"",""172,971"",""172,971"",""0,03%"""
"21.02.2012,""172,923"",""172,923"",""172,923"",""172,923"",""0,26%"""
"17.02.2012,""172,478"",""172,478"",""172,478"",""172,478"",""0,00%"""
"16.02.2012,""172,476"",""172,476"",""172,476"",""172,476"",""0,03%"""
"15.02.2012,""172,427"",""172,427"",""172,427"",""172,427"",""-0,17%"""
"14.02.2012,""172,722"",""172,722"",""172,722"",""172,722"",""0,02%"""
"13.02.2012,""172,696"",""172,696"",""172,696"",""172,696"",""0,15%"""
"10.02.2012,""172,432"",""172,432"",""172,432"",""172,432"",""-0,04%"""
"09.02.2012,""172,498"",""172,498"",""172,498"",""172,498"",""0,04%"""
"08.02.2012,""172,433"",""172,433"",""172,433"",""172,433"",""-0,02%"""
"07.02.2012,""172,473"",""172,473"",""172,473"",""172,473"",""-0,15%"""
"06.02.2012,""172,740"",""172,740"",""172,740"",""172,740"",""0,14%"""
"03.02.2012,""172,497"",""172,497"",""172,497"",""172,497"",""-0,14%"""
"02.02.2012,""172,740"",""172,740"",""172,740"",""172,740"",""0,24%"""
"01.02.2012,""172,318"",""172,318"",""172,318"",""172,318"",""0,44%"""
"31.01.2012,""171,562"",""171,562"",""171,562"",""171,562"",""0,20%"""
"30.01.2012,""171,222"",""171,222"",""171,222"",""171,222"",""-0,03%"""
"27.01.2012,""171,276"",""171,276"",""171,276"",""171,276"",""0,46%"""
"26.01.2012,""170,499"",""170,499"",""170,499"",""170,499"",""0,49%"""
"25.01.2012,""169,675"",""169,675"",""169,675"",""169,675"",""0,09%"""
"24.01.2012,""169,521"",""169,521"",""169,521"",""169,521"",""-0,10%"""
"23.01.2012,""169,687"",""169,687"",""169,687"",""169,687"",""0,13%"""
"20.01.2012,""169,459"",""169,459"",""169,459"",""169,459"",""0,12%"""
"19.01.2012,""169,251"",""169,251"",""169,251"",""169,251"",""-0,10%"""
"18.01.2012,""169,423"",""169,423"",""169,423"",""169,423"",""-0,03%"""
"17.01.2012,""169,473"",""169,473"",""169,473"",""169,473"",""0,09%"""
"13.01.2012,""169,327"",""169,327"",""169,327"",""169,327"",""-0,06%"""
"12.01.2012,""169,421"",""169,421"",""169,421"",""169,421"",""0,73%"""
"11.01.2012,""168,195"",""168,195"",""168,195"",""168,195"",""0,52%"""
"10.01.2012,""167,331"",""167,331"",""167,331"",""167,331"",""0,12%"""
"09.01.2012,""167,136"",""167,136"",""167,136"",""167,136"",""0,22%"""
"06.01.2012,""166,773"",""166,773"",""166,773"",""166,773"",""-0,26%"""
"05.01.2012,""167,212"",""167,212"",""167,212"",""167,212"",""-0,27%"""
"04.01.2012,""167,669"",""167,669"",""167,669"",""167,669"",""-0,28%"""
"03.01.2012,""168,140"",""168,140"",""168,140"",""168,140"",""-0,27%"""
"30.12.2011,""168,596"",""168,596"",""168,596"",""168,596"",""-0,11%"""
"29.12.2011,""168,778"",""168,778"",""168,778"",""168,778"",""0,39%"""
"23.12.2011,""168,118"",""168,118"",""168,118"",""168,118"",""0,18%"""
"22.12.2011,""167,820"",""167,820"",""167,820"",""167,820"",""-0,05%"""
"21.12.2011,""167,897"",""167,897"",""167,897"",""167,897"",""-0,24%"""
"20.12.2011,""168,293"",""168,293"",""168,293"",""168,293"",""0,13%"""
"19.12.2011,""168,070"",""168,070"",""168,070"",""168,070"",""0,09%"""
"16.12.2011,""167,917"",""167,917"",""167,917"",""167,917"",""0,33%"""
"15.12.2011,""167,371"",""167,371"",""167,371"",""167,371"",""0,54%"""
"14.12.2011,""166,464"",""166,464"",""166,464"",""166,464"",""0,31%"""
"13.12.2011,""165,950"",""165,950"",""165,950"",""165,950"",""0,11%"""
"12.12.2011,""165,762"",""165,762"",""165,762"",""165,762"",""0,19%"""
"09.12.2011,""165,449"",""165,449"",""165,449"",""165,449"",""0,13%"""
"08.12.2011,""165,239"",""165,239"",""165,239"",""165,239"",""-0,69%"""
"07.12.2011,""166,384"",""166,384"",""166,384"",""166,384"",""-0,08%"""
"06.12.2011,""166,515"",""166,515"",""166,515"",""166,515"",""-0,17%"""
"05.12.2011,""166,801"",""166,801"",""166,801"",""166,801"",""1,55%"""
"02.12.2011,""164,263"",""164,263"",""164,263"",""164,263"",""-0,32%"""
"01.12.2011,""164,791"",""164,791"",""164,791"",""164,791"",""1,25%"""
"30.11.2011,""162,749"",""162,749"",""162,749"",""162,749"",""0,68%"""
"29.11.2011,""161,651"",""161,651"",""161,651"",""161,651"",""0,21%"""
"28.11.2011,""161,314"",""161,314"",""161,314"",""161,314"",""0,51%"""
"25.11.2011,""160,489"",""160,489"",""160,489"",""160,489"",""-0,92%"""
"23.11.2011,""161,980"",""161,980"",""161,980"",""161,980"",""-0,81%"""
"22.11.2011,""163,308"",""163,308"",""163,308"",""163,308"",""-0,05%"""
"21.11.2011,""163,388"",""163,388"",""163,388"",""163,388"",""-0,27%"""
"18.11.2011,""163,827"",""163,827"",""163,827"",""163,827"",""0,38%"""
"17.11.2011,""163,214"",""163,214"",""163,214"",""163,214"",""0,01%"""
"16.11.2011,""163,195"",""163,195"",""163,195"",""163,195"",""-0,04%"""
"15.11.2011,""163,256"",""163,256"",""163,256"",""163,256"",""-0,95%"""
"14.11.2011,""164,817"",""164,817"",""164,817"",""164,817"",""-0,33%"""
"11.11.2011,""165,361"",""165,361"",""165,361"",""165,361"",""0,17%"""
"10.11.2011,""165,076"",""165,076"",""165,076"",""165,076"",""0,03%"""
"09.11.2011,""165,034"",""165,034"",""165,034"",""165,034"",""-0,64%"""
"08.11.2011,""166,099"",""166,099"",""166,099"",""166,099"",""0,02%"""
"07.11.2011,""166,068"",""166,068"",""166,068"",""166,068"",""-0,38%"""
"04.11.2011,""166,699"",""166,699"",""166,699"",""166,699"",""-0,10%"""
"03.11.2011,""166,865"",""166,865"",""166,865"",""166,865"",""-0,11%"""
"02.11.2011,""167,047"",""167,047"",""167,047"",""167,047"",""-0,21%"""
"01.11.2011,""167,406"",""167,406"",""167,406"",""167,406"",""0,73%"""
"28.10.2011,""166,198"",""166,198"",""166,198"",""166,198"",""-0,34%"""
"27.10.2011,""166,765"",""166,765"",""166,765"",""166,765"",""-0,31%"""
"26.10.2011,""167,279"",""167,279"",""167,279"",""167,279"",""0,36%"""
"25.10.2011,""166,673"",""166,673"",""166,673"",""166,673"",""0,35%"""
"24.10.2011,""166,095"",""166,095"",""166,095"",""166,095"",""-0,10%"""
"21.10.2011,""166,257"",""166,257"",""166,257"",""166,257"",""-0,02%"""
"20.10.2011,""166,295"",""166,295"",""166,295"",""166,295"",""-0,09%"""
"19.10.2011,""166,437"",""166,437"",""166,437"",""166,437"",""-0,26%"""
"18.10.2011,""166,863"",""166,863"",""166,863"",""166,863"",""-0,11%"""
"17.10.2011,""167,054"",""167,054"",""167,054"",""167,054"",""0,31%"""
"14.10.2011,""166,540"",""166,540"",""166,540"",""166,540"",""-0,43%"""
"13.10.2011,""167,263"",""167,263"",""167,263"",""167,263"",""0,02%"""
"12.10.2011,""167,224"",""167,224"",""167,224"",""167,224"",""-0,51%"""
"11.10.2011,""168,077"",""168,077"",""168,077"",""168,077"",""-0,16%"""
"10.10.2011,""168,342"",""168,342"",""168,342"",""168,342"",""-0,22%"""
"07.10.2011,""168,720"",""168,720"",""168,720"",""168,720"",""-0,04%"""
"06.10.2011,""168,780"",""168,780"",""168,780"",""168,780"",""-0,32%"""
"05.10.2011,""169,322"",""169,322"",""169,322"",""169,322"",""-0,41%"""
"04.10.2011,""170,020"",""170,020"",""170,020"",""170,020"",""0,06%"""
"03.10.2011,""169,910"",""169,910"",""169,910"",""169,910"",""0,28%"""
"30.09.2011,""169,443"",""169,443"",""169,443"",""169,443"",""0,38%"""
"29.09.2011,""168,803"",""168,803"",""168,803"",""168,803"",""-0,00%"""
"28.09.2011,""168,804"",""168,804"",""168,804"",""168,804"",""-0,13%"""
"27.09.2011,""169,017"",""169,017"",""169,017"",""169,017"",""-0,25%"""
"26.09.2011,""169,448"",""169,448"",""169,448"",""169,448"",""-0,14%"""
"23.09.2011,""169,688"",""169,688"",""169,688"",""169,688"",""0,01%"""
"22.09.2011,""169,663"",""169,663"",""169,663"",""169,663"",""0,41%"""
"21.09.2011,""168,962"",""168,962"",""168,962"",""168,962"",""0,02%"""
"20.09.2011,""168,926"",""168,926"",""168,926"",""168,926"",""-0,15%"""
"19.09.2011,""169,185"",""169,185"",""169,185"",""169,185"",""-0,03%"""
"16.09.2011,""169,231"",""169,231"",""169,231"",""169,231"",""0,69%"""
"15.09.2011,""168,066"",""168,066"",""168,066"",""168,066"",""-0,17%"""
"14.09.2011,""168,351"",""168,351"",""168,351"",""168,351"",""-0,18%"""
"13.09.2011,""168,656"",""168,656"",""168,656"",""168,656"",""-0,29%"""
"12.09.2011,""169,144"",""169,144"",""169,144"",""169,144"",""-0,35%"""
"09.09.2011,""169,738"",""169,738"",""169,738"",""169,738"",""0,20%"""
"08.09.2011,""169,394"",""169,394"",""169,394"",""169,394"",""0,17%"""
"07.09.2011,""169,099"",""169,099"",""169,099"",""169,099"",""0,29%"""
"06.09.2011,""168,611"",""168,611"",""168,611"",""168,611"",""0,01%"""
"02.09.2011,""168,587"",""168,587"",""168,587"",""168,587"",""0,13%"""
"01.09.2011,""168,376"",""168,376"",""168,376"",""168,376"",""0,13%"""
"31.08.2011,""168,153"",""168,153"",""168,153"",""168,153"",""-0,35%"""
"30.08.2011,""168,751"",""168,751"",""168,751"",""168,751"",""0,44%"""
"29.08.2011,""168,004"",""168,004"",""168,004"",""168,004"",""-0,51%"""
"26.08.2011,""168,857"",""168,857"",""168,857"",""168,857"",""0,11%"""
"25.08.2011,""168,679"",""168,679"",""168,679"",""168,679"",""0,11%"""
"24.08.2011,""168,494"",""168,494"",""168,494"",""168,494"",""-0,41%"""
"23.08.2011,""169,185"",""169,185"",""169,185"",""169,185"",""-0,03%"""
"22.08.2011,""169,242"",""169,242"",""169,242"",""169,242"",""-0,09%"""
"19.08.2011,""169,388"",""169,388"",""169,388"",""169,388"",""-0,04%"""
"18.08.2011,""169,463"",""169,463"",""169,463"",""169,463"",""0,52%"""
"17.08.2011,""168,587"",""168,587"",""168,587"",""168,587"",""0,41%"""
"16.08.2011,""167,893"",""167,893"",""167,893"",""167,893"",""0,07%"""
"15.08.2011,""167,769"",""167,769"",""167,769"",""167,769"",""0,03%"""
"12.08.2011,""167,724"",""167,724"",""167,724"",""167,724"",""0,04%"""
"11.08.2011,""167,665"",""167,665"",""167,665"",""167,665"",""-0,19%"""
"10.08.2011,""167,987"",""167,987"",""167,987"",""167,987"",""0,57%"""
"09.08.2011,""167,029"",""167,029"",""167,029"",""167,029"",""-0,05%"""
"08.08.2011,""167,106"",""167,106"",""167,106"",""167,106"",""1,50%"""
"05.08.2011,""164,632"",""164,632"",""164,632"",""164,632"",""0,36%"""
"04.08.2011,""164,036"",""164,036"",""164,036"",""164,036"",""0,27%"""
"03.08.2011,""163,595"",""163,595"",""163,595"",""163,595"",""-0,03%"""
"02.08.2011,""163,636"",""163,636"",""163,636"",""163,636"",""-0,03%"""
"29.07.2011,""163,680"",""163,680"",""163,680"",""163,680"",""0,17%"""
"28.07.2011,""163,402"",""163,402"",""163,402"",""163,402"",""-0,11%"""
"27.07.2011,""163,576"",""163,576"",""163,576"",""163,576"",""0,28%"""
"26.07.2011,""163,119"",""163,119"",""163,119"",""163,119"",""0,16%"""
"25.07.2011,""162,863"",""162,863"",""162,863"",""162,863"",""-0,36%"""
"22.07.2011,""163,457"",""163,457"",""163,457"",""163,457"",""0,30%"""
"21.07.2011,""162,975"",""162,975"",""162,975"",""162,975"",""0,22%"""
"20.07.2011,""162,625"",""162,625"",""162,625"",""162,625"",""0,01%"""
"19.07.2011,""162,608"",""162,608"",""162,608"",""162,608"",""0,36%"""
"18.07.2011,""162,024"",""162,024"",""162,024"",""162,024"",""-0,28%"""
"15.07.2011,""162,472"",""162,472"",""162,472"",""162,472"",""-0,03%"""
"14.07.2011,""162,524"",""162,524"",""162,524"",""162,524"",""-0,11%"""
"13.07.2011,""162,705"",""162,705"",""162,705"",""162,705"",""-0,21%"""
"12.07.2011,""163,054"",""163,054"",""163,054"",""163,054"",""0,16%"""
"11.07.2011,""162,794"",""162,794"",""162,794"",""162,794"",""-0,31%"""
"08.07.2011,""163,305"",""163,305"",""163,305"",""163,305"",""0,28%"""
"07.07.2011,""162,851"",""162,851"",""162,851"",""162,851"",""-0,19%"""
"06.07.2011,""163,168"",""163,168"",""163,168"",""163,168"",""-0,16%"""
"05.07.2011,""163,435"",""163,435"",""163,435"",""163,435"",""-0,06%"""
"01.07.2011,""163,533"",""163,533"",""163,533"",""163,533"",""0,12%"""
"30.06.2011,""163,343"",""163,343"",""163,343"",""163,343"",""0,08%"""
"29.06.2011,""163,215"",""163,215"",""163,215"",""163,215"",""-0,13%"""
"28.06.2011,""163,430"",""163,430"",""163,430"",""163,430"",""-0,03%"""
"27.06.2011,""163,474"",""163,474"",""163,474"",""163,474"",""-0,19%"""
"24.06.2011,""163,781"",""163,781"",""163,781"",""163,781"",""-0,10%"""
"23.06.2011,""163,952"",""163,952"",""163,952"",""163,952"",""0,20%"""
"22.06.2011,""163,618"",""163,618"",""163,618"",""163,618"",""-0,03%"""
"21.06.2011,""163,660"",""163,660"",""163,660"",""163,660"",""-0,01%"""
"20.06.2011,""163,670"",""163,670"",""163,670"",""163,670"",""-0,10%"""
"17.06.2011,""163,840"",""163,840"",""163,840"",""163,840"",""-0,05%"""
"16.06.2011,""163,926"",""163,926"",""163,926"",""163,926"",""-0,01%"""
"15.06.2011,""163,944"",""163,944"",""163,944"",""163,944"",""0,00%"""
"14.06.2011,""163,936"",""163,936"",""163,936"",""163,936"",""-0,16%"""
"13.06.2011,""164,205"",""164,205"",""164,205"",""164,205"",""-0,01%"""
"10.06.2011,""164,215"",""164,215"",""164,215"",""164,215"",""0,22%"""
"09.06.2011,""163,861"",""163,861"",""163,861"",""163,861"",""0,03%"""
"08.06.2011,""163,816"",""163,816"",""163,816"",""163,816"",""0,02%"""
"07.06.2011,""163,782"",""163,782"",""163,782"",""163,782"",""-0,31%"""
"03.06.2011,""164,290"",""164,290"",""164,290"",""164,290"",""-0,03%"""
"02.06.2011,""164,335"",""164,335"",""164,335"",""164,335"",""0,10%"""
"01.06.2011,""164,179"",""164,179"",""164,179"",""164,179"",""0,18%"""
"31.05.2011,""163,883"",""163,883"",""163,883"",""163,883"",""-0,15%"""
"27.05.2011,""164,128"",""164,128"",""164,128"",""164,128"",""0,01%"""
"26.05.2011,""164,113"",""164,113"",""164,113"",""164,113"",""0,27%"""
"25.05.2011,""163,674"",""163,674"",""163,674"",""163,674"",""0,27%"""
"24.05.2011,""163,228"",""163,228"",""163,228"",""163,228"",""-0,09%"""
"23.05.2011,""163,376"",""163,376"",""163,376"",""163,376"",""0,07%"""
"20.05.2011,""163,267"",""163,267"",""163,267"",""163,267"",""0,10%"""
"19.05.2011,""163,102"",""163,102"",""163,102"",""163,102"",""-0,11%"""
"18.05.2011,""163,277"",""163,277"",""163,277"",""163,277"",""-0,11%"""
"17.05.2011,""163,454"",""163,454"",""163,454"",""163,454"",""0,06%"""
"16.05.2011,""163,348"",""163,348"",""163,348"",""163,348"",""-0,03%"""
"13.05.2011,""163,405"",""163,405"",""163,405"",""163,405"",""-0,02%"""
"12.05.2011,""163,440"",""163,440"",""163,440"",""163,440"",""0,26%"""
"11.05.2011,""163,014"",""163,014"",""163,014"",""163,014"",""-0,00%"""
"10.05.2011,""163,019"",""163,019"",""163,019"",""163,019"",""0,00%"""
"09.05.2011,""163,019"",""163,019"",""163,019"",""163,019"",""0,20%"""
"06.05.2011,""162,688"",""162,688"",""162,688"",""162,688"",""0,14%"""
"05.05.2011,""162,463"",""162,463"",""162,463"",""162,463"",""0,31%"""
"04.05.2011,""161,964"",""161,964"",""161,964"",""161,964"",""-0,10%"""
"03.05.2011,""162,127"",""162,127"",""162,127"",""162,127"",""-0,12%"""
"29.04.2011,""162,325"",""162,325"",""162,325"",""162,325"",""0,25%"""
"28.04.2011,""161,917"",""161,917"",""161,917"",""161,917"",""0,34%"""
"27.04.2011,""161,364"",""161,364"",""161,364"",""161,364"",""-0,21%"""
"26.04.2011,""161,704"",""161,704"",""161,704"",""161,704"",""-0,00%"""
"21.04.2011,""161,712"",""161,712"",""161,712"",""161,712"",""0,07%"""
"20.04.2011,""161,598"",""161,598"",""161,598"",""161,598"",""-0,10%"""
"19.04.2011,""161,755"",""161,755"",""161,755"",""161,755"",""-0,06%"""
"18.04.2011,""161,857"",""161,857"",""161,857"",""161,857"",""0,27%"""
"15.04.2011,""161,424"",""161,424"",""161,424"",""161,424"",""0,00%"""
"14.04.2011,""161,422"",""161,422"",""161,422"",""161,422"",""-0,05%"""
"13.04.2011,""161,500"",""161,500"",""161,500"",""161,500"",""-0,09%"""
"12.04.2011,""161,642"",""161,642"",""161,642"",""161,642"",""0,32%"""
"11.04.2011,""161,126"",""161,126"",""161,126"",""161,126"",""0,09%"""
"08.04.2011,""160,982"",""160,982"",""160,982"",""160,982"",""-0,28%"""
"07.04.2011,""161,429"",""161,429"",""161,429"",""161,429"",""-0,00%"""
"06.04.2011,""161,433"",""161,433"",""161,433"",""161,433"",""0,04%"""
"05.04.2011,""161,375"",""161,375"",""161,375"",""161,375"",""-0,10%"""
"04.04.2011,""161,541"",""161,541"",""161,541"",""161,541"",""0,21%"""
"01.04.2011,""161,207"",""161,207"",""161,207"",""161,207"",""-0,08%"""
"31.03.2011,""161,337"",""161,337"",""161,337"",""161,337"",""-0,21%"""
"30.03.2011,""161,679"",""161,679"",""161,679"",""161,679"",""-0,00%"""
"29.03.2011,""161,683"",""161,683"",""161,683"",""161,683"",""-0,09%"""
"28.03.2011,""161,827"",""161,827"",""161,827"",""161,827"",""-0,18%"""
"25.03.2011,""162,114"",""162,114"",""162,114"",""162,114"",""-0,06%"""
"24.03.2011,""162,219"",""162,219"",""162,219"",""162,219"",""-0,09%"""
"23.03.2011,""162,368"",""162,368"",""162,368"",""162,368"",""0,07%"""
"22.03.2011,""162,249"",""162,249"",""162,249"",""162,249"",""-0,15%"""
"21.03.2011,""162,500"",""162,500"",""162,500"",""162,500"",""-0,22%"""
"18.03.2011,""162,853"",""162,853"",""162,853"",""162,853"",""-0,50%"""
"16.03.2011,""163,676"",""163,676"",""163,676"",""163,676"",""0,26%"""
"15.03.2011,""163,252"",""163,252"",""163,252"",""163,252"",""0,45%"""
"14.03.2011,""162,518"",""162,518"",""162,518"",""162,518"",""0,24%"""
"11.03.2011,""162,133"",""162,133"",""162,133"",""162,133"",""0,37%"""
"10.03.2011,""161,533"",""161,533"",""161,533"",""161,533"",""0,23%"""
"09.03.2011,""161,160"",""161,160"",""161,160"",""161,160"",""0,01%"""
"08.03.2011,""161,148"",""161,148"",""161,148"",""161,148"",""-0,22%"""
"07.03.2011,""161,506"",""161,506"",""161,506"",""161,506"",""-0,03%"""
"04.03.2011,""161,550"",""161,550"",""161,550"",""161,550"",""0,10%"""
"03.03.2011,""161,395"",""161,395"",""161,395"",""161,395"",""-0,55%"""
"02.03.2011,""162,290"",""162,290"",""162,290"",""162,290"",""-0,07%"""
"01.03.2011,""162,400"",""162,400"",""162,400"",""162,400"",""0,02%"""
"28.02.2011,""162,373"",""162,373"",""162,373"",""162,373"",""-0,03%"""
"25.02.2011,""162,418"",""162,418"",""162,418"",""162,418"",""-0,05%"""
"24.02.2011,""162,505"",""162,505"",""162,505"",""162,505"",""-0,01%"""
"23.02.2011,""162,524"",""162,524"",""162,524"",""162,524"",""-0,02%"""
"22.02.2011,""162,564"",""162,564"",""162,564"",""162,564"",""0,30%"""
"18.02.2011,""162,071"",""162,071"",""162,071"",""162,071"",""-0,30%"""
"17.02.2011,""162,556"",""162,556"",""162,556"",""162,556"",""0,25%"""
"16.02.2011,""162,148"",""162,148"",""162,148"",""162,148"",""0,26%"""
"15.02.2011,""161,728"",""161,728"",""161,728"",""161,728"",""0,05%"""
"14.02.2011,""161,655"",""161,655"",""161,655"",""161,655"",""-0,15%"""
"11.02.2011,""161,902"",""161,902"",""161,902"",""161,902"",""0,15%"""
"10.02.2011,""161,660"",""161,660"",""161,660"",""161,660"",""0,01%"""
"09.02.2011,""161,638"",""161,638"",""161,638"",""161,638"",""-0,23%"""
"08.02.2011,""162,014"",""162,014"",""162,014"",""162,014"",""-0,23%"""
"07.02.2011,""162,394"",""162,394"",""162,394"",""162,394"",""-0,04%"""
"04.02.2011,""162,454"",""162,454"",""162,454"",""162,454"",""-0,20%"""
"03.02.2011,""162,784"",""162,784"",""162,784"",""162,784"",""0,01%"""
"02.02.2011,""162,761"",""162,761"",""162,761"",""162,761"",""0,20%"""
"01.02.2011,""162,429"",""162,429"",""162,429"",""162,429"",""0,02%"""
"31.01.2011,""162,401"",""162,401"",""162,401"",""162,401"",""0,17%"""
"28.01.2011,""162,125"",""162,125"",""162,125"",""162,125"",""0,17%"""
"27.01.2011,""161,850"",""161,850"",""161,850"",""161,850"",""-0,25%"""
"26.01.2011,""162,250"",""162,250"",""162,250"",""162,250"",""-0,29%"""
"25.01.2011,""162,714"",""162,714"",""162,714"",""162,714"",""-0,20%"""
"24.01.2011,""163,038"",""163,038"",""163,038"",""163,038"",""0,12%"""
"21.01.2011,""162,848"",""162,848"",""162,848"",""162,848"",""0,21%"""
"20.01.2011,""162,499"",""162,499"",""162,499"",""162,499"",""-0,26%"""
"19.01.2011,""162,929"",""162,929"",""162,929"",""162,929"",""0,28%"""
"18.01.2011,""162,466"",""162,466"",""162,466"",""162,466"",""-0,44%"""
"14.01.2011,""163,185"",""163,185"",""163,185"",""163,185"",""0,08%"""
"13.01.2011,""163,048"",""163,048"",""163,048"",""163,048"",""0,19%"""
"12.01.2011,""162,743"",""162,743"",""162,743"",""162,743"",""-0,22%"""
"11.01.2011,""163,106"",""163,106"",""163,106"",""163,106"",""-0,03%"""
"10.01.2011,""163,159"",""163,159"",""163,159"",""163,159"",""-0,03%"""
"07.01.2011,""163,209"",""163,209"",""163,209"",""163,209"",""0,03%"""
"06.01.2011,""163,158"",""163,158"",""163,158"",""163,158"",""-0,26%"""
"05.01.2011,""163,579"",""163,579"",""163,579"",""163,579"",""-0,31%"""
"04.01.2011,""164,080"",""164,080"",""164,080"",""164,080"",""0,56%"""
"31.12.2010,""163,172"",""163,172"",""163,172"",""163,172"",""0,01%"""
"30.12.2010,""163,153"",""163,153"",""163,153"",""163,153"",""0,03%"""
"23.12.2010,""163,106"",""163,106"",""163,106"",""163,106"",""-0,10%"""
"22.12.2010,""163,262"",""163,262"",""163,262"",""163,262"",""0,16%"""
"21.12.2010,""162,998"",""162,998"",""162,998"",""162,998"",""-0,13%"""
"20.12.2010,""163,204"",""163,204"",""163,204"",""163,204"",""0,35%"""
"17.12.2010,""162,642"",""162,642"",""162,642"",""162,642"",""0,07%"""
"16.12.2010,""162,530"",""162,530"",""162,530"",""162,530"",""-0,23%"""
"15.12.2010,""162,906"",""162,906"",""162,906"",""162,906"",""0,14%"""
"14.12.2010,""162,676"",""162,676"",""162,676"",""162,676"",""-0,29%"""
"13.12.2010,""163,151"",""163,151"",""163,151"",""163,151"",""-0,14%"""
"10.12.2010,""163,373"",""163,373"",""163,373"",""163,373"",""-0,12%"""
"09.12.2010,""163,568"",""163,568"",""163,568"",""163,568"",""0,20%"""
"08.12.2010,""163,235"",""163,235"",""163,235"",""163,235"",""-0,28%"""
"07.12.2010,""163,695"",""163,695"",""163,695"",""163,695"",""-0,37%"""
"06.12.2010,""164,304"",""164,304"",""164,304"",""164,304"",""-0,02%"""
"03.12.2010,""164,345"",""164,345"",""164,345"",""164,345"",""-0,04%"""
"02.12.2010,""164,403"",""164,403"",""164,403"",""164,403"",""0,29%"""
"01.12.2010,""163,928"",""163,928"",""163,928"",""163,928"",""-0,03%"""
"30.11.2010,""163,971"",""163,971"",""163,971"",""163,971"",""0,17%"""
"29.11.2010,""163,699"",""163,699"",""163,699"",""163,699"",""-0,57%"""
"26.11.2010,""164,644"",""164,644"",""164,644"",""164,644"",""-0,24%"""
"24.11.2010,""165,043"",""165,043"",""165,043"",""165,043"",""-0,57%"""
"23.11.2010,""165,996"",""165,996"",""165,996"",""165,996"",""0,25%"""
"22.11.2010,""165,588"",""165,588"",""165,588"",""165,588"",""0,18%"""
"19.11.2010,""165,292"",""165,292"",""165,292"",""165,292"",""0,05%"""
"18.11.2010,""165,208"",""165,208"",""165,208"",""165,208"",""-0,47%"""
"17.11.2010,""165,988"",""165,988"",""165,988"",""165,988"",""0,15%"""
"16.11.2010,""165,745"",""165,745"",""165,745"",""165,745"",""-0,44%"""
"15.11.2010,""166,471"",""166,471"",""166,471"",""166,471"",""-0,11%"""
"12.11.2010,""166,659"",""166,659"",""166,659"",""166,659"",""0,01%"""
"11.11.2010,""166,639"",""166,639"",""166,639"",""166,639"",""-0,30%"""
"10.11.2010,""167,138"",""167,138"",""167,138"",""167,138"",""-0,25%"""
"09.11.2010,""167,558"",""167,558"",""167,558"",""167,558"",""-0,05%"""
"08.11.2010,""167,643"",""167,643"",""167,643"",""167,643"",""-0,14%"""
"05.11.2010,""167,885"",""167,885"",""167,885"",""167,885"",""-0,10%"""
"04.11.2010,""168,048"",""168,048"",""168,048"",""168,048"",""-0,16%"""
"03.11.2010,""168,313"",""168,313"",""168,313"",""168,313"",""0,22%"""
"02.11.2010,""167,944"",""167,944"",""167,944"",""167,944"",""-0,07%"""
"01.11.2010,""168,068"",""168,068"",""168,068"",""168,068"",""0,15%"""
"29.10.2010,""167,818"",""167,818"",""167,818"",""167,818"",""0,08%"""
"28.10.2010,""167,686"",""167,686"",""167,686"",""167,686"",""-0,03%"""
"27.10.2010,""167,731"",""167,731"",""167,731"",""167,731"",""-0,43%"""
"26.10.2010,""168,451"",""168,451"",""168,451"",""168,451"",""0,10%"""
"22.10.2010,""168,278"",""168,278"",""168,278"",""168,278"",""0,05%"""
"21.10.2010,""168,191"",""168,191"",""168,191"",""168,191"",""-0,26%"""
"20.10.2010,""168,632"",""168,632"",""168,632"",""168,632"",""-0,11%"""
"19.10.2010,""168,818"",""168,818"",""168,818"",""168,818"",""-0,20%"""
"18.10.2010,""169,148"",""169,148"",""169,148"",""169,148"",""-0,05%"""
"15.10.2010,""169,225"",""169,225"",""169,225"",""169,225"",""-0,16%"""
"14.10.2010,""169,495"",""169,495"",""169,495"",""169,495"",""0,01%"""
"13.10.2010,""169,471"",""169,471"",""169,471"",""169,471"",""-0,17%"""
"12.10.2010,""169,755"",""169,755"",""169,755"",""169,755"",""0,14%"""
"11.10.2010,""169,520"",""169,520"",""169,520"",""169,520"",""0,01%"""
"08.10.2010,""169,506"",""169,506"",""169,506"",""169,506"",""0,20%"""
"07.10.2010,""169,163"",""169,163"",""169,163"",""169,163"",""-0,23%"""
"06.10.2010,""169,545"",""169,545"",""169,545"",""169,545"",""0,28%"""
"05.10.2010,""169,075"",""169,075"",""169,075"",""169,075"",""-0,07%"""
"04.10.2010,""169,187"",""169,187"",""169,187"",""169,187"",""0,22%"""
"01.10.2010,""168,815"",""168,815"",""168,815"",""168,815"",""0,07%"""
"30.09.2010,""168,703"",""168,703"",""168,703"",""168,703"",""0,05%"""
"29.09.2010,""168,614"",""168,614"",""168,614"",""168,614"",""-0,08%"""
"28.09.2010,""168,748"",""168,748"",""168,748"",""168,748"",""-0,03%"""
"27.09.2010,""168,806"",""168,806"",""168,806"",""168,806"",""0,27%"""
"24.09.2010,""168,351"",""168,351"",""168,351"",""168,351"",""-0,28%"""
"23.09.2010,""168,816"",""168,816"",""168,816"",""168,816"",""0,20%"""
"22.09.2010,""168,487"",""168,487"",""168,487"",""168,487"",""0,45%"""
"21.09.2010,""167,730"",""167,730"",""167,730"",""167,730"",""0,18%"""
"20.09.2010,""167,424"",""167,424"",""167,424"",""167,424"",""-0,21%"""
"17.09.2010,""167,770"",""167,770"",""167,770"",""167,770"",""0,09%"""
"16.09.2010,""167,623"",""167,623"",""167,623"",""167,623"",""-0,38%"""
"15.09.2010,""168,263"",""168,263"",""168,263"",""168,263"",""-0,21%"""
"14.09.2010,""168,616"",""168,616"",""168,616"",""168,616"",""0,15%"""
"13.09.2010,""168,364"",""168,364"",""168,364"",""168,364"",""-0,13%"""
"10.09.2010,""168,591"",""168,591"",""168,591"",""168,591"",""-0,39%"""
"09.09.2010,""169,253"",""169,253"",""169,253"",""169,253"",""-0,13%"""
"08.09.2010,""169,480"",""169,480"",""169,480"",""169,480"",""-0,15%"""
"07.09.2010,""169,733"",""169,733"",""169,733"",""169,733"",""0,26%"""
"03.09.2010,""169,290"",""169,290"",""169,290"",""169,290"",""-0,34%"""
"02.09.2010,""169,860"",""169,860"",""169,860"",""169,860"",""-0,15%"""
"01.09.2010,""170,111"",""170,111"",""170,111"",""170,111"",""-0,34%"""
"31.08.2010,""170,693"",""170,693"",""170,693"",""170,693"",""0,19%"""
"30.08.2010,""170,372"",""170,372"",""170,372"",""170,372"",""0,06%"""
"27.08.2010,""170,266"",""170,266"",""170,266"",""170,266"",""-0,19%"""
"26.08.2010,""170,593"",""170,593"",""170,593"",""170,593"",""-0,02%"""
"25.08.2010,""170,631"",""170,631"",""170,631"",""170,631"",""0,08%"""
"24.08.2010,""170,492"",""170,492"",""170,492"",""170,492"",""0,43%"""
"23.08.2010,""169,770"",""169,770"",""169,770"",""169,770"",""0,00%"""
"20.08.2010,""169,762"",""169,762"",""169,762"",""169,762"",""0,22%"""
"19.08.2010,""169,382"",""169,382"",""169,382"",""169,382"",""-0,01%"""
"18.08.2010,""169,400"",""169,400"",""169,400"",""169,400"",""0,29%"""
"17.08.2010,""168,913"",""168,913"",""168,913"",""168,913"",""0,06%"""
"16.08.2010,""168,805"",""168,805"",""168,805"",""168,805"",""0,28%"""
"13.08.2010,""168,335"",""168,335"",""168,335"",""168,335"",""-0,03%"""
"12.08.2010,""168,389"",""168,389"",""168,389"",""168,389"",""-0,03%"""
"11.08.2010,""168,443"",""168,443"",""168,443"",""168,443"",""0,45%"""
"10.08.2010,""167,685"",""167,685"",""167,685"",""167,685"",""-0,24%"""
"09.08.2010,""168,096"",""168,096"",""168,096"",""168,096"",""-0,01%"""
"06.08.2010,""168,118"",""168,118"",""168,118"",""168,118"",""0,28%"""
"05.08.2010,""167,642"",""167,642"",""167,642"",""167,642"",""0,18%"""
"04.08.2010,""167,338"",""167,338"",""167,338"",""167,338"",""0,14%"""
"03.08.2010,""167,107"",""167,107"",""167,107"",""167,107"",""0,37%"""
"30.07.2010,""166,484"",""166,484"",""166,484"",""166,484"",""0,22%"""
"29.07.2010,""166,121"",""166,121"",""166,121"",""166,121"",""0,07%"""
"28.07.2010,""166,004"",""166,004"",""166,004"",""166,004"",""-0,00%"""
"27.07.2010,""166,010"",""166,010"",""166,010"",""166,010"",""0,19%"""
"26.07.2010,""165,692"",""165,692"",""165,692"",""165,692"",""-0,10%"""
"23.07.2010,""165,850"",""165,850"",""165,850"",""165,850"",""-0,08%"""
"22.07.2010,""165,977"",""165,977"",""165,977"",""165,977"",""-0,07%"""
"21.07.2010,""166,097"",""166,097"",""166,097"",""166,097"",""0,02%"""
"20.07.2010,""166,056"",""166,056"",""166,056"",""166,056"",""0,19%"""
"19.07.2010,""165,746"",""165,746"",""165,746"",""165,746"",""-0,07%"""
"16.07.2010,""165,869"",""165,869"",""165,869"",""165,869"",""0,25%"""
"15.07.2010,""165,452"",""165,452"",""165,452"",""165,452"",""0,20%"""
"14.07.2010,""165,117"",""165,117"",""165,117"",""165,117"",""-0,43%"""
"13.07.2010,""165,831"",""165,831"",""165,831"",""165,831"",""-0,13%"""
"12.07.2010,""166,053"",""166,053"",""166,053"",""166,053"",""0,19%"""
"09.07.2010,""165,741"",""165,741"",""165,741"",""165,741"",""0,07%"""
"08.07.2010,""165,623"",""165,623"",""165,623"",""165,623"",""0,06%"""
"07.07.2010,""165,518"",""165,518"",""165,518"",""165,518"",""-0,06%"""
"06.07.2010,""165,617"",""165,617"",""165,617"",""165,617"",""0,06%"""
"02.07.2010,""165,515"",""165,515"",""165,515"",""165,515"",""0,12%"""
"01.07.2010,""165,321"",""165,321"",""165,321"",""165,321"",""0,08%"""
"30.06.2010,""165,193"",""165,193"",""165,193"",""165,193"",""0,14%"""
"29.06.2010,""164,969"",""164,969"",""164,969"",""164,969"",""0,09%"""
"28.06.2010,""164,818"",""164,818"",""164,818"",""164,818"",""-0,04%"""
"25.06.2010,""164,884"",""164,884"",""164,884"",""164,884"",""-0,22%"""
"24.06.2010,""165,243"",""165,243"",""165,243"",""165,243"",""0,21%"""
"23.06.2010,""164,889"",""164,889"",""164,889"",""164,889"",""-0,10%"""
"22.06.2010,""165,052"",""165,052"",""165,052"",""165,052"",""0,06%"""
"21.06.2010,""164,948"",""164,948"",""164,948"",""164,948"",""0,01%"""
"18.06.2010,""164,927"",""164,927"",""164,927"",""164,927"",""0,02%"""
"17.06.2010,""164,899"",""164,899"",""164,899"",""164,899"",""0,17%"""
"16.06.2010,""164,620"",""164,620"",""164,620"",""164,620"",""-0,22%"""
"15.06.2010,""164,986"",""164,986"",""164,986"",""164,986"",""-0,16%"""
"14.06.2010,""165,256"",""165,256"",""165,256"",""165,256"",""-0,53%"""
"11.06.2010,""166,129"",""166,129"",""166,129"",""166,129"",""0,27%"""
"10.06.2010,""165,678"",""165,678"",""165,678"",""165,678"",""0,23%"""
"09.06.2010,""165,304"",""165,304"",""165,304"",""165,304"",""0,15%"""
"08.06.2010,""165,053"",""165,053"",""165,053"",""165,053"",""-0,02%"""
"07.06.2010,""165,088"",""165,088"",""165,088"",""165,088"",""-0,14%"""
"04.06.2010,""165,321"",""165,321"",""165,321"",""165,321"",""0,14%"""
"03.06.2010,""165,088"",""165,088"",""165,088"",""165,088"",""-0,30%"""
"02.06.2010,""165,585"",""165,585"",""165,585"",""165,585"",""-0,28%"""
"01.06.2010,""166,052"",""166,052"",""166,052"",""166,052"",""-0,08%"""
"28.05.2010,""166,193"",""166,193"",""166,193"",""166,193"",""0,06%"""
"27.05.2010,""166,094"",""166,094"",""166,094"",""166,094"",""-0,22%"""
"26.05.2010,""166,467"",""166,467"",""166,467"",""166,467"",""-0,32%"""
"25.05.2010,""167,004"",""167,004"",""167,004"",""167,004"",""0,09%"""
"24.05.2010,""166,850"",""166,850"",""166,850"",""166,850"",""0,06%"""
"21.05.2010,""166,749"",""166,749"",""166,749"",""166,749"",""0,10%"""
"20.05.2010,""166,589"",""166,589"",""166,589"",""166,589"",""0,16%"""
"19.05.2010,""166,328"",""166,328"",""166,328"",""166,328"",""0,10%"""
"18.05.2010,""166,158"",""166,158"",""166,158"",""166,158"",""0,25%"""
"17.05.2010,""165,736"",""165,736"",""165,736"",""165,736"",""0,00%"""
"14.05.2010,""165,728"",""165,728"",""165,728"",""165,728"",""0,09%"""
"13.05.2010,""165,579"",""165,579"",""165,579"",""165,579"",""0,17%"""
"12.05.2010,""165,302"",""165,302"",""165,302"",""165,302"",""0,11%"""
"11.05.2010,""165,120"",""165,120"",""165,120"",""165,120"",""0,01%"""
"10.05.2010,""165,111"",""165,111"",""165,111"",""165,111"",""1,53%"""
"07.05.2010,""162,615"",""162,615"",""162,615"",""162,615"",""-0,19%"""
"06.05.2010,""162,930"",""162,930"",""162,930"",""162,930"",""-0,57%"""
"05.05.2010,""163,859"",""163,859"",""163,859"",""163,859"",""-0,06%"""
"04.05.2010,""163,964"",""163,964"",""163,964"",""163,964"",""0,02%"""
"30.04.2010,""163,939"",""163,939"",""163,939"",""163,939"",""0,16%"""
"29.04.2010,""163,674"",""163,674"",""163,674"",""163,674"",""0,32%"""
"28.04.2010,""163,159"",""163,159"",""163,159"",""163,159"",""-0,08%"""
"27.04.2010,""163,292"",""163,292"",""163,292"",""163,292"",""-0,09%"""
"26.04.2010,""163,436"",""163,436"",""163,436"",""163,436"",""-0,27%"""
"23.04.2010,""163,874"",""163,874"",""163,874"",""163,874"",""-0,07%"""
"22.04.2010,""163,993"",""163,993"",""163,993"",""163,993"",""-0,24%"""
"21.04.2010,""164,381"",""164,381"",""164,381"",""164,381"",""-0,05%"""
"20.04.2010,""164,471"",""164,471"",""164,471"",""164,471"",""-0,17%"""
"19.04.2010,""164,757"",""164,757"",""164,757"",""164,757"",""-0,01%"""
"16.04.2010,""164,767"",""164,767"",""164,767"",""164,767"",""0,12%"""
"15.04.2010,""164,569"",""164,569"",""164,569"",""164,569"",""0,06%"""
"14.04.2010,""164,469"",""164,469"",""164,469"",""164,469"",""0,02%"""
"13.04.2010,""164,430"",""164,430"",""164,430"",""164,430"",""0,01%"""
"12.04.2010,""164,410"",""164,410"",""164,410"",""164,410"",""0,10%"""
"09.04.2010,""164,253"",""164,253"",""164,253"",""164,253"",""-0,18%"""
"08.04.2010,""164,541"",""164,541"",""164,541"",""164,541"",""0,09%"""
"07.04.2010,""164,397"",""164,397"",""164,397"",""164,397"",""0,04%"""
"06.04.2010,""164,335"",""164,335"",""164,335"",""164,335"",""-0,39%"""
"01.04.2010,""164,975"",""164,975"",""164,975"",""164,975"",""0,11%"""
"31.03.2010,""164,789"",""164,789"",""164,789"",""164,789"",""0,11%"""
"30.03.2010,""164,610"",""164,610"",""164,610"",""164,610"",""0,03%"""
"29.03.2010,""164,557"",""164,557"",""164,557"",""164,557"",""0,12%"""
"26.03.2010,""164,354"",""164,354"",""164,354"",""164,354"",""0,02%"""
"25.03.2010,""164,320"",""164,320"",""164,320"",""164,320"",""-0,14%"""
"24.03.2010,""164,553"",""164,553"",""164,553"",""164,553"",""-0,05%"""
"23.03.2010,""164,632"",""164,632"",""164,632"",""164,632"",""0,13%"""
"22.03.2010,""164,418"",""164,418"",""164,418"",""164,418"",""0,16%"""
"19.03.2010,""164,158"",""164,158"",""164,158"",""164,158"",""-0,03%"""
"18.03.2010,""164,212"",""164,212"",""164,212"",""164,212"",""-0,02%"""
"16.03.2010,""164,244"",""164,244"",""164,244"",""164,244"",""0,12%"""
"15.03.2010,""164,049"",""164,049"",""164,049"",""164,049"",""0,09%"""
"12.03.2010,""163,904"",""163,904"",""163,904"",""163,904"",""0,09%"""
"11.03.2010,""163,759"",""163,759"",""163,759"",""163,759"",""-0,11%"""
"10.03.2010,""163,947"",""163,947"",""163,947"",""163,947"",""-0,06%"""
"09.03.2010,""164,042"",""164,042"",""164,042"",""164,042"",""0,10%"""
"08.03.2010,""163,882"",""163,882"",""163,882"",""163,882"",""0,05%"""
"05.03.2010,""163,804"",""163,804"",""163,804"",""163,804"",""-0,07%"""
"04.03.2010,""163,918"",""163,918"",""163,918"",""163,918"",""0,03%"""
"03.03.2010,""163,865"",""163,865"",""163,865"",""163,865"",""-0,03%"""
"02.03.2010,""163,914"",""163,914"",""163,914"",""163,914"",""0,12%"""
"01.03.2010,""163,723"",""163,723"",""163,723"",""163,723"",""-0,06%"""
"26.02.2010,""163,820"",""163,820"",""163,820"",""163,820"",""0,18%"""
"25.02.2010,""163,526"",""163,526"",""163,526"",""163,526"",""-0,05%"""
"24.02.2010,""163,602"",""163,602"",""163,602"",""163,602"",""0,11%"""
"23.02.2010,""163,421"",""163,421"",""163,421"",""163,421"",""0,41%"""
"22.02.2010,""162,750"",""162,750"",""162,750"",""162,750"",""0,15%"""
"19.02.2010,""162,500"",""162,500"",""162,500"",""162,500"",""-0,09%"""
"18.02.2010,""162,639"",""162,639"",""162,639"",""162,639"",""-0,18%"""
"17.02.2010,""162,938"",""162,938"",""162,938"",""162,938"",""0,11%"""
"16.02.2010,""162,752"",""162,752"",""162,752"",""162,752"",""-0,15%"""
"12.02.2010,""162,992"",""162,992"",""162,992"",""162,992"",""0,08%"""
"11.02.2010,""162,869"",""162,869"",""162,869"",""162,869"",""0,01%"""
"10.02.2010,""162,857"",""162,857"",""162,857"",""162,857"",""0,08%"""
"09.02.2010,""162,720"",""162,720"",""162,720"",""162,720"",""0,33%"""
"08.02.2010,""162,190"",""162,190"",""162,190"",""162,190"",""-0,22%"""
"05.02.2010,""162,555"",""162,555"",""162,555"",""162,555"",""0,23%"""
"04.02.2010,""162,185"",""162,185"",""162,185"",""162,185"",""0,12%"""
"03.02.2010,""161,996"",""161,996"",""161,996"",""161,996"",""-0,14%"""
"02.02.2010,""162,218"",""162,218"",""162,218"",""162,218"",""-0,07%"""
"01.02.2010,""162,338"",""162,338"",""162,338"",""162,338"",""0,23%"""
"29.01.2010,""161,960"",""161,960"",""161,960"",""161,960"",""0,16%"""
"28.01.2010,""161,700"",""161,700"",""161,700"",""161,700"",""-0,25%"""
"27.01.2010,""162,107"",""162,107"",""162,107"",""162,107"",""-0,23%"""
"26.01.2010,""162,475"",""162,475"",""162,475"",""162,475"",""0,12%"""
"25.01.2010,""162,277"",""162,277"",""162,277"",""162,277"",""0,20%"""
"22.01.2010,""161,961"",""161,961"",""161,961"",""161,961"",""0,04%"""
"21.01.2010,""161,895"",""161,895"",""161,895"",""161,895"",""-0,01%"""
"20.01.2010,""161,918"",""161,918"",""161,918"",""161,918"",""-0,01%"""
"19.01.2010,""161,932"",""161,932"",""161,932"",""161,932"",""-0,03%"""
"15.01.2010,""161,985"",""161,985"",""161,985"",""161,985"",""0,16%"""
"14.01.2010,""161,722"",""161,722"",""161,722"",""161,722"",""-0,07%"""
"13.01.2010,""161,837"",""161,837"",""161,837"",""161,837"",""-0,12%"""
"12.01.2010,""162,027"",""162,027"",""162,027"",""162,027"",""0,10%"""
"11.01.2010,""161,864"",""161,864"",""161,864"",""161,864"",""0,12%"""
"08.01.2010,""161,666"",""161,666"",""161,666"",""161,666"",""0,09%"""
"07.01.2010,""161,519"",""161,519"",""161,519"",""161,519"",""0,17%"""
"06.01.2010,""161,251"",""161,251"",""161,251"",""161,251"",""-0,14%"""
"05.01.2010,""161,470"",""161,470"",""161,470"",""161,470"",""0,06%"""
"04.01.2010,""161,370"",""161,370"",""161,370"",""161,370"",""0,19%"""
"31.12.2009,""161,066"",""161,066"",""161,066"",""161,066"",""0,01%"""
"30.12.2009,""161,054"",""161,054"",""161,054"",""161,054"",""-0,38%"""
"24.12.2009,""161,675"",""161,675"",""161,675"",""161,675"",""0,01%"""
"23.12.2009,""161,663"",""161,663"",""161,663"",""161,663"",""-0,16%"""
"22.12.2009,""161,922"",""161,922"",""161,922"",""161,922"",""-0,11%"""
"21.12.2009,""162,101"",""162,101"",""162,101"",""162,101"",""-0,29%"""
"18.12.2009,""162,573"",""162,573"",""162,573"",""162,573"",""-0,04%"""
"17.12.2009,""162,639"",""162,639"",""162,639"",""162,639"",""0,25%"""
"16.12.2009,""162,235"",""162,235"",""162,235"",""162,235"",""0,34%"""
"15.12.2009,""161,678"",""161,678"",""161,678"",""161,678"",""-0,26%"""
"14.12.2009,""162,101"",""162,101"",""162,101"",""162,101"",""0,17%"""
"11.12.2009,""161,828"",""161,828"",""161,828"",""161,828"",""0,01%"""
"10.12.2009,""161,807"",""161,807"",""161,807"",""161,807"",""-0,20%"""
"09.12.2009,""162,124"",""162,124"",""162,124"",""162,124"",""-0,20%"""
"08.12.2009,""162,454"",""162,454"",""162,454"",""162,454"",""0,12%"""
"07.12.2009,""162,257"",""162,257"",""162,257"",""162,257"",""0,21%"""
"04.12.2009,""161,921"",""161,921"",""161,921"",""161,921"",""-0,24%"""
"03.12.2009,""162,304"",""162,304"",""162,304"",""162,304"",""-0,13%"""
"02.12.2009,""162,509"",""162,509"",""162,509"",""162,509"",""-0,02%"""
"01.12.2009,""162,536"",""162,536"",""162,536"",""162,536"",""0,10%"""
"30.11.2009,""162,374"",""162,374"",""162,374"",""162,374"",""0,25%"""
"27.11.2009,""161,964"",""161,964"",""161,964"",""161,964"",""0,22%"""
"25.11.2009,""161,603"",""161,603"",""161,603"",""161,603"",""-0,13%"""
"24.11.2009,""161,811"",""161,811"",""161,811"",""161,811"",""0,12%"""
"23.11.2009,""161,621"",""161,621"",""161,621"",""161,621"",""-0,05%"""
"20.11.2009,""161,694"",""161,694"",""161,694"",""161,694"",""-0,11%"""
"19.11.2009,""161,869"",""161,869"",""161,869"",""161,869"",""0,03%"""
"18.11.2009,""161,814"",""161,814"",""161,814"",""161,814"",""-0,06%"""
"17.11.2009,""161,907"",""161,907"",""161,907"",""161,907"",""0,32%"""
"16.11.2009,""161,397"",""161,397"",""161,397"",""161,397"",""0,17%"""
"13.11.2009,""161,124"",""161,124"",""161,124"",""161,124"",""-0,19%"""
"12.11.2009,""161,431"",""161,431"",""161,431"",""161,431"",""-0,05%"""
"11.11.2009,""161,510"",""161,510"",""161,510"",""161,510"",""0,04%"""
"10.11.2009,""161,452"",""161,452"",""161,452"",""161,452"",""0,23%"""
"09.11.2009,""161,083"",""161,083"",""161,083"",""161,083"",""0,29%"""
"06.11.2009,""160,613"",""160,613"",""160,613"",""160,613"",""0,01%"""
"05.11.2009,""160,592"",""160,592"",""160,592"",""160,592"",""-0,07%"""
"04.11.2009,""160,700"",""160,700"",""160,700"",""160,700"",""-0,26%"""
"03.11.2009,""161,119"",""161,119"",""161,119"",""161,119"",""-0,09%"""
"02.11.2009,""161,268"",""161,268"",""161,268"",""161,268"",""-0,00%"""
"30.10.2009,""161,276"",""161,276"",""161,276"",""161,276"",""0,37%"""
"29.10.2009,""160,675"",""160,675"",""160,675"",""160,675"",""-0,31%"""
"28.10.2009,""161,174"",""161,174"",""161,174"",""161,174"",""0,10%"""
"27.10.2009,""161,015"",""161,015"",""161,015"",""161,015"",""0,47%"""
"23.10.2009,""160,256"",""160,256"",""160,256"",""160,256"",""-0,20%"""
"22.10.2009,""160,580"",""160,580"",""160,580"",""160,580"",""0,07%"""
"21.10.2009,""160,462"",""160,462"",""160,462"",""160,462"",""-0,29%"""
"20.10.2009,""160,935"",""160,935"",""160,935"",""160,935"",""0,32%"""
"19.10.2009,""160,429"",""160,429"",""160,429"",""160,429"",""0,03%"""
"16.10.2009,""160,376"",""160,376"",""160,376"",""160,376"",""0,05%"""
"15.10.2009,""160,295"",""160,295"",""160,295"",""160,295"",""-0,33%"""
"14.10.2009,""160,827"",""160,827"",""160,827"",""160,827"",""-0,27%"""
"13.10.2009,""161,263"",""161,263"",""161,263"",""161,263"",""0,07%"""
"12.10.2009,""161,151"",""161,151"",""161,151"",""161,151"",""0,04%"""
"09.10.2009,""161,081"",""161,081"",""161,081"",""161,081"",""-0,40%"""
"08.10.2009,""161,730"",""161,730"",""161,730"",""161,730"",""0,04%"""
"07.10.2009,""161,673"",""161,673"",""161,673"",""161,673"",""0,18%"""
"06.10.2009,""161,386"",""161,386"",""161,386"",""161,386"",""-0,12%"""
"05.10.2009,""161,573"",""161,573"",""161,573"",""161,573"",""0,11%"""
"02.10.2009,""161,403"",""161,403"",""161,403"",""161,403"",""0,19%"""
"01.10.2009,""161,094"",""161,094"",""161,094"",""161,094"",""-0,00%"""
"30.09.2009,""161,095"",""161,095"",""161,095"",""161,095"",""-0,06%"""
"29.09.2009,""161,196"",""161,196"",""161,196"",""161,196"",""0,08%"""
"28.09.2009,""161,069"",""161,069"",""161,069"",""161,069"",""0,08%"""
"25.09.2009,""160,938"",""160,938"",""160,938"",""160,938"",""0,19%"""
"24.09.2009,""160,638"",""160,638"",""160,638"",""160,638"",""0,34%"""
"23.09.2009,""160,094"",""160,094"",""160,094"",""160,094"",""0,15%"""
"22.09.2009,""159,855"",""159,855"",""159,855"",""159,855"",""0,01%"""
"21.09.2009,""159,840"",""159,840"",""159,840"",""159,840"",""-0,02%"""
"18.09.2009,""159,875"",""159,875"",""159,875"",""159,875"",""-0,04%"""
"17.09.2009,""159,934"",""159,934"",""159,934"",""159,934"",""-0,14%"""
"16.09.2009,""160,160"",""160,160"",""160,160"",""160,160"",""-0,04%"""
"15.09.2009,""160,225"",""160,225"",""160,225"",""160,225"",""-0,06%"""
"14.09.2009,""160,324"",""160,324"",""160,324"",""160,324"",""-0,13%"""
"11.09.2009,""160,537"",""160,537"",""160,537"",""160,537"",""0,43%"""
"10.09.2009,""159,855"",""159,855"",""159,855"",""159,855"",""0,29%"""
"09.09.2009,""159,392"",""159,392"",""159,392"",""159,392"",""-0,19%"""
"08.09.2009,""159,702"",""159,702"",""159,702"",""159,702"",""-0,15%"""
"04.09.2009,""159,940"",""159,940"",""159,940"",""159,940"",""0,14%"""
"03.09.2009,""159,722"",""159,722"",""159,722"",""159,722"",""-0,18%"""
"02.09.2009,""160,011"",""160,011"",""160,011"",""160,011"",""0,01%"""
"01.09.2009,""159,991"",""159,991"",""159,991"",""159,991"",""-0,09%"""
"31.08.2009,""160,142"",""160,142"",""160,142"",""160,142"",""0,06%"""
"28.08.2009,""160,043"",""160,043"",""160,043"",""160,043"",""-0,08%"""
"27.08.2009,""160,178"",""160,178"",""160,178"",""160,178"",""-0,04%"""
"26.08.2009,""160,247"",""160,247"",""160,247"",""160,247"",""0,15%"""
"25.08.2009,""160,001"",""160,001"",""160,001"",""160,001"",""0,24%"""
"24.08.2009,""159,619"",""159,619"",""159,619"",""159,619"",""-0,01%"""
"21.08.2009,""159,633"",""159,633"",""159,633"",""159,633"",""-0,19%"""
"20.08.2009,""159,937"",""159,937"",""159,937"",""159,937"",""-0,01%"""
"19.08.2009,""159,956"",""159,956"",""159,956"",""159,956"",""0,18%"""
"18.08.2009,""159,675"",""159,675"",""159,675"",""159,675"",""-0,01%"""
"17.08.2009,""159,688"",""159,688"",""159,688"",""159,688"",""0,13%"""
"14.08.2009,""159,488"",""159,488"",""159,488"",""159,488"",""0,46%"""
"13.08.2009,""158,760"",""158,760"",""158,760"",""158,760"",""0,19%"""
"12.08.2009,""158,461"",""158,461"",""158,461"",""158,461"",""-0,06%"""
"11.08.2009,""158,551"",""158,551"",""158,551"",""158,551"",""0,11%"""
"10.08.2009,""158,376"",""158,376"",""158,376"",""158,376"",""0,25%"""
"07.08.2009,""157,984"",""157,984"",""157,984"",""157,984"",""-0,54%"""
"06.08.2009,""158,841"",""158,841"",""158,841"",""158,841"",""-0,07%"""
"05.08.2009,""158,947"",""158,947"",""158,947"",""158,947"",""0,07%"""
"04.08.2009,""158,835"",""158,835"",""158,835"",""158,835"",""-0,30%"""
"31.07.2009,""159,318"",""159,318"",""159,318"",""159,318"",""0,66%"""
"30.07.2009,""158,266"",""158,266"",""158,266"",""158,266"",""0,10%"""
"29.07.2009,""158,101"",""158,101"",""158,101"",""158,101"",""0,10%"""
"28.07.2009,""157,942"",""157,942"",""157,942"",""157,942"",""0,35%"""
"27.07.2009,""157,393"",""157,393"",""157,393"",""157,393"",""0,05%"""
"24.07.2009,""157,311"",""157,311"",""157,311"",""157,311"",""-0,04%"""
"23.07.2009,""157,376"",""157,376"",""157,376"",""157,376"",""-0,20%"""
"22.07.2009,""157,684"",""157,684"",""157,684"",""157,684"",""0,04%"""
"21.07.2009,""157,622"",""157,622"",""157,622"",""157,622"",""0,22%"""
"20.07.2009,""157,275"",""157,275"",""157,275"",""157,275"",""0,05%"""
"17.07.2009,""157,195"",""157,195"",""157,195"",""157,195"",""-0,12%"""
"16.07.2009,""157,382"",""157,382"",""157,382"",""157,382"",""0,11%"""
"15.07.2009,""157,208"",""157,208"",""157,208"",""157,208"",""-0,12%"""
"14.07.2009,""157,403"",""157,403"",""157,403"",""157,403"",""-0,14%"""
"13.07.2009,""157,626"",""157,626"",""157,626"",""157,626"",""0,02%"""
"10.07.2009,""157,602"",""157,602"",""157,602"",""157,602"",""0,17%"""
"09.07.2009,""157,329"",""157,329"",""157,329"",""157,329"",""-0,08%"""
"08.07.2009,""157,453"",""157,453"",""157,453"",""157,453"",""0,07%"""
"07.07.2009,""157,342"",""157,342"",""157,342"",""157,342"",""-0,16%"""
"06.07.2009,""157,589"",""157,589"",""157,589"",""157,589"",""0,21%"""
"02.07.2009,""157,251"",""157,251"",""157,251"",""157,251"",""0,44%"""
"01.07.2009,""156,561"",""156,561"",""156,561"",""156,561"",""-0,05%"""
"30.06.2009,""156,634"",""156,634"",""156,634"",""156,634"",""0,10%"""
"29.06.2009,""156,472"",""156,472"",""156,472"",""156,472"",""0,09%"""
"26.06.2009,""156,337"",""156,337"",""156,337"",""156,337"",""0,19%"""
"25.06.2009,""156,042"",""156,042"",""156,042"",""156,042"",""0,20%"""
"24.06.2009,""155,724"",""155,724"",""155,724"",""155,724"",""0,16%"""
"23.06.2009,""155,477"",""155,477"",""155,477"",""155,477"",""-0,08%"""
"22.06.2009,""155,602"",""155,602"",""155,602"",""155,602"",""0,18%"""
"19.06.2009,""155,319"",""155,319"",""155,319"",""155,319"",""0,25%"""
"18.06.2009,""154,930"",""154,930"",""154,930"",""154,930"",""-0,17%"""
"17.06.2009,""155,196"",""155,196"",""155,196"",""155,196"",""0,18%"""
"16.06.2009,""154,923"",""154,923"",""154,923"",""154,923"",""-0,07%"""
"15.06.2009,""155,039"",""155,039"",""155,039"",""155,039"",""0,44%"""
"12.06.2009,""154,367"",""154,367"",""154,367"",""154,367"",""0,24%"""
"11.06.2009,""153,999"",""153,999"",""153,999"",""153,999"",""-0,11%"""
"10.06.2009,""154,172"",""154,172"",""154,172"",""154,172"",""-0,13%"""
"09.06.2009,""154,372"",""154,372"",""154,372"",""154,372"",""0,16%"""
"08.06.2009,""154,122"",""154,122"",""154,122"",""154,122"",""0,26%"""
"05.06.2009,""153,729"",""153,729"",""153,729"",""153,729"",""-0,42%"""
"04.06.2009,""154,370"",""154,370"",""154,370"",""154,370"",""-0,57%"""
"03.06.2009,""155,252"",""155,252"",""155,252"",""155,252"",""0,44%"""
"02.06.2009,""154,577"",""154,577"",""154,577"",""154,577"",""-0,20%"""
"29.05.2009,""154,887"",""154,887"",""154,887"",""154,887"",""0,21%"""
"28.05.2009,""154,555"",""154,555"",""154,555"",""154,555"",""-0,16%"""
"27.05.2009,""154,808"",""154,808"",""154,808"",""154,808"",""-0,09%"""
"26.05.2009,""154,953"",""154,953"",""154,953"",""154,953"",""-0,30%"""
"22.05.2009,""155,415"",""155,415"",""155,415"",""155,415"",""-0,38%"""
"21.05.2009,""156,001"",""156,001"",""156,001"",""156,001"",""0,15%"""
"20.05.2009,""155,762"",""155,762"",""155,762"",""155,762"",""-0,04%"""
"19.05.2009,""155,817"",""155,817"",""155,817"",""155,817"",""-0,34%"""
"18.05.2009,""156,345"",""156,345"",""156,345"",""156,345"",""0,20%"""
"15.05.2009,""156,037"",""156,037"",""156,037"",""156,037"",""-0,12%"""
"14.05.2009,""156,219"",""156,219"",""156,219"",""156,219"",""-0,00%"""
"13.05.2009,""156,225"",""156,225"",""156,225"",""156,225"",""0,21%"""
"12.05.2009,""155,896"",""155,896"",""155,896"",""155,896"",""-0,29%"""
"11.05.2009,""156,343"",""156,343"",""156,343"",""156,343"",""0,23%"""
"08.05.2009,""155,978"",""155,978"",""155,978"",""155,978"",""-0,10%"""
"07.05.2009,""156,139"",""156,139"",""156,139"",""156,139"",""-0,35%"""
"06.05.2009,""156,694"",""156,694"",""156,694"",""156,694"",""-0,05%"""
"05.05.2009,""156,772"",""156,772"",""156,772"",""156,772"",""0,14%"""
"01.05.2009,""156,557"",""156,557"",""156,557"",""156,557"",""-0,00%"""
"30.04.2009,""156,563"",""156,563"",""156,563"",""156,563"",""-0,18%"""
"29.04.2009,""156,846"",""156,846"",""156,846"",""156,846"",""0,19%"""
"28.04.2009,""156,548"",""156,548"",""156,548"",""156,548"",""0,21%"""
"27.04.2009,""156,222"",""156,222"",""156,222"",""156,222"",""0,10%"""
"24.04.2009,""156,069"",""156,069"",""156,069"",""156,069"",""0,16%"""
"23.04.2009,""155,827"",""155,827"",""155,827"",""155,827"",""0,21%"""
"22.04.2009,""155,499"",""155,499"",""155,499"",""155,499"",""-0,27%"""
"21.04.2009,""155,921"",""155,921"",""155,921"",""155,921"",""0,03%"""
"20.04.2009,""155,879"",""155,879"",""155,879"",""155,879"",""0,70%"""
"17.04.2009,""154,798"",""154,798"",""154,798"",""154,798"",""-0,46%"""
"16.04.2009,""155,506"",""155,506"",""155,506"",""155,506"",""-0,06%"""
"15.04.2009,""155,595"",""155,595"",""155,595"",""155,595"",""0,38%"""
"14.04.2009,""155,009"",""155,009"",""155,009"",""155,009"",""0,26%"""
"09.04.2009,""154,612"",""154,612"",""154,612"",""154,612"",""-0,03%"""
"08.04.2009,""154,665"",""154,665"",""154,665"",""154,665"",""0,12%"""
"07.04.2009,""154,475"",""154,475"",""154,475"",""154,475"",""-0,14%"""
"06.04.2009,""154,693"",""154,693"",""154,693"",""154,693"",""0,11%"""
"03.04.2009,""154,519"",""154,519"",""154,519"",""154,519"",""-0,14%"""
"02.04.2009,""154,739"",""154,739"",""154,739"",""154,739"",""-0,49%"""
"01.04.2009,""155,497"",""155,497"",""155,497"",""155,497"",""-0,12%"""
"31.03.2009,""155,683"",""155,683"",""155,683"",""155,683"",""0,18%"""
"30.03.2009,""155,405"",""155,405"",""155,405"",""155,405"",""-0,01%"""
"27.03.2009,""155,423"",""155,423"",""155,423"",""155,423"",""0,44%"""
"26.03.2009,""154,745"",""154,745"",""154,745"",""154,745"",""0,09%"""
"25.03.2009,""154,608"",""154,608"",""154,608"",""154,608"",""0,09%"""
"24.03.2009,""154,474"",""154,474"",""154,474"",""154,474"",""-0,53%"""
"23.03.2009,""155,303"",""155,303"",""155,303"",""155,303"",""-0,15%"""
"20.03.2009,""155,533"",""155,533"",""155,533"",""155,533"",""0,47%"""
"19.03.2009,""154,804"",""154,804"",""154,804"",""154,804"",""0,86%"""
"18.03.2009,""153,485"",""153,485"",""153,485"",""153,485"",""-0,19%"""
"16.03.2009,""153,782"",""153,782"",""153,782"",""153,782"",""-0,35%"""
"13.03.2009,""154,319"",""154,319"",""154,319"",""154,319"",""-0,14%"""
"12.03.2009,""154,533"",""154,533"",""154,533"",""154,533"",""0,36%"""
"11.03.2009,""153,975"",""153,975"",""153,975"",""153,975"",""-0,24%"""
"10.03.2009,""154,340"",""154,340"",""154,340"",""154,340"",""-0,29%"""
"09.03.2009,""154,792"",""154,792"",""154,792"",""154,792"",""-0,30%"""
"06.03.2009,""155,254"",""155,254"",""155,254"",""155,254"",""0,35%"""
"05.03.2009,""154,710"",""154,710"",""154,710"",""154,710"",""0,55%"""
"04.03.2009,""153,859"",""153,859"",""153,859"",""153,859"",""-0,48%"""
"03.03.2009,""154,596"",""154,596"",""154,596"",""154,596"",""-0,04%"""
"02.03.2009,""154,665"",""154,665"",""154,665"",""154,665"",""0,41%"""
"27.02.2009,""154,034"",""154,034"",""154,034"",""154,034"",""0,06%"""
"26.02.2009,""153,935"",""153,935"",""153,935"",""153,935"",""-0,70%"""
"25.02.2009,""155,015"",""155,015"",""155,015"",""155,015"",""0,10%"""
"24.02.2009,""154,856"",""154,856"",""154,856"",""154,856"",""0,19%"""
"23.02.2009,""154,556"",""154,556"",""154,556"",""154,556"",""-0,01%"""
"20.02.2009,""154,571"",""154,571"",""154,571"",""154,571"",""0,42%"""
"19.02.2009,""153,927"",""153,927"",""153,927"",""153,927"",""-0,57%"""
"18.02.2009,""154,809"",""154,809"",""154,809"",""154,809"",""-0,09%"""
"17.02.2009,""154,941"",""154,941"",""154,941"",""154,941"",""0,29%"""
"13.02.2009,""154,488"",""154,488"",""154,488"",""154,488"",""-0,20%"""
"12.02.2009,""154,794"",""154,794"",""154,794"",""154,794"",""0,28%"""
"11.02.2009,""154,362"",""154,362"",""154,362"",""154,362"",""0,54%"""
"10.02.2009,""153,534"",""153,534"",""153,534"",""153,534"",""0,01%"""
"09.02.2009,""153,517"",""153,517"",""153,517"",""153,517"",""0,01%"""
"06.02.2009,""153,504"",""153,504"",""153,504"",""153,504"",""0,05%"""
"05.02.2009,""153,431"",""153,431"",""153,431"",""153,431"",""0,06%"""
"04.02.2009,""153,339"",""153,339"",""153,339"",""153,339"",""0,12%"""
"03.02.2009,""153,159"",""153,159"",""153,159"",""153,159"",""-0,10%"""
"02.02.2009,""153,313"",""153,313"",""153,313"",""153,313"",""0,22%"""
"30.01.2009,""152,971"",""152,971"",""152,971"",""152,971"",""-0,21%"""
"29.01.2009,""153,289"",""153,289"",""153,289"",""153,289"",""0,44%"""
"28.01.2009,""152,616"",""152,616"",""152,616"",""152,616"",""0,53%"""
"27.01.2009,""151,818"",""151,818"",""151,818"",""151,818"",""0,61%"""
"26.01.2009,""150,905"",""150,905"",""150,905"",""150,905"",""-0,30%"""
"23.01.2009,""151,354"",""151,354"",""151,354"",""151,354"",""-0,67%"""
"22.01.2009,""152,373"",""152,373"",""152,373"",""152,373"",""-0,53%"""
"21.01.2009,""153,178"",""153,178"",""153,178"",""153,178"",""-0,10%"""
"20.01.2009,""153,335"",""153,335"",""153,335"",""153,335"",""-0,28%"""
"16.01.2009,""153,768"",""153,768"",""153,768"",""153,768"",""-0,15%"""
"15.01.2009,""154,005"",""154,005"",""154,005"",""154,005"",""-0,06%"""
"14.01.2009,""154,100"",""154,100"",""154,100"",""154,100"",""0,14%"""
"13.01.2009,""153,885"",""153,885"",""153,885"",""153,885"",""-0,26%"""
"12.01.2009,""154,287"",""154,287"",""154,287"",""154,287"",""-0,07%"""
"09.01.2009,""154,393"",""154,393"",""154,393"",""154,393"",""0,41%"""
"08.01.2009,""153,770"",""153,770"",""153,770"",""153,770"",""0,46%"""
"07.01.2009,""153,073"",""153,073"",""153,073"",""153,073"",""-0,19%"""
"06.01.2009,""153,369"",""153,369"",""153,369"",""153,369"",""-0,77%"""
"05.01.2009,""154,555"",""154,555"",""154,555"",""154,555"",""-0,14%"""
"02.01.2009,""154,778"",""154,778"",""154,778"",""154,778"",""0,21%"""
"31.12.2008,""154,457"",""154,457"",""154,457"",""154,457"",""0,01%"""
"30.12.2008,""154,439"",""154,439"",""154,439"",""154,439"",""0,03%"""
"24.12.2008,""154,391"",""154,391"",""154,391"",""154,391"",""0,01%"""
"23.12.2008,""154,373"",""154,373"",""154,373"",""154,373"",""-0,04%"""
"22.12.2008,""154,432"",""154,432"",""154,432"",""154,432"",""0,44%"""
"19.12.2008,""153,763"",""153,763"",""153,763"",""153,763"",""-0,22%"""
"18.12.2008,""154,098"",""154,098"",""154,098"",""154,098"",""0,09%"""
"17.12.2008,""153,961"",""153,961"",""153,961"",""153,961"",""0,99%"""
"16.12.2008,""152,449"",""152,449"",""152,449"",""152,449"",""0,35%"""
"15.12.2008,""151,924"",""151,924"",""151,924"",""151,924"",""0,27%"""
"12.12.2008,""151,520"",""151,520"",""151,520"",""151,520"",""-0,64%"""
"11.12.2008,""152,500"",""152,500"",""152,500"",""152,500"",""-0,04%"""
"10.12.2008,""152,567"",""152,567"",""152,567"",""152,567"",""0,20%"""
"09.12.2008,""152,259"",""152,259"",""152,259"",""152,259"",""-0,35%"""
"08.12.2008,""152,791"",""152,791"",""152,791"",""152,791"",""-0,79%"""
"05.12.2008,""154,005"",""154,005"",""154,005"",""154,005"",""-0,03%"""
"04.12.2008,""154,056"",""154,056"",""154,056"",""154,056"",""-0,44%"""
"03.12.2008,""154,741"",""154,741"",""154,741"",""154,741"",""0,31%"""
"02.12.2008,""154,259"",""154,259"",""154,259"",""154,259"",""0,54%"""
"01.12.2008,""153,423"",""153,423"",""153,423"",""153,423"",""0,59%"""
"28.11.2008,""152,528"",""152,528"",""152,528"",""152,528"",""-0,20%"""
"26.11.2008,""152,836"",""152,836"",""152,836"",""152,836"",""0,40%"""
"25.11.2008,""152,234"",""152,234"",""152,234"",""152,234"",""0,36%"""
"24.11.2008,""151,682"",""151,682"",""151,682"",""151,682"",""-0,05%"""
"21.11.2008,""151,765"",""151,765"",""151,765"",""151,765"",""-0,19%"""
"20.11.2008,""152,049"",""152,049"",""152,049"",""152,049"",""0,78%"""
"19.11.2008,""150,867"",""150,867"",""150,867"",""150,867"",""0,44%"""
"18.11.2008,""150,211"",""150,211"",""150,211"",""150,211"",""0,00%"""
"17.11.2008,""150,209"",""150,209"",""150,209"",""150,209"",""0,01%"""
"14.11.2008,""150,201"",""150,201"",""150,201"",""150,201"",""0,25%"""
"13.11.2008,""149,821"",""149,821"",""149,821"",""149,821"",""-0,21%"""
"12.11.2008,""150,138"",""150,138"",""150,138"",""150,138"",""0,08%"""
"11.11.2008,""150,020"",""150,020"",""150,020"",""150,020"",""-0,07%"""
"10.11.2008,""150,123"",""150,123"",""150,123"",""150,123"",""0,31%"""
"07.11.2008,""149,654"",""149,654"",""149,654"",""149,654"",""0,21%"""
"06.11.2008,""149,347"",""149,347"",""149,347"",""149,347"",""0,60%"""
"05.11.2008,""148,451"",""148,451"",""148,451"",""148,451"",""0,19%"""
"04.11.2008,""148,171"",""148,171"",""148,171"",""148,171"",""0,17%"""
"03.11.2008,""147,917"",""147,917"",""147,917"",""147,917"",""0,47%"""
"31.10.2008,""147,232"",""147,232"",""147,232"",""147,232"",""-1,00%"""
"30.10.2008,""148,725"",""148,725"",""148,725"",""148,725"",""0,17%"""
"29.10.2008,""148,472"",""148,472"",""148,472"",""148,472"",""-0,40%"""
"28.10.2008,""149,070"",""149,070"",""149,070"",""149,070"",""-0,03%"""
"24.10.2008,""149,118"",""149,118"",""149,118"",""149,118"",""0,16%"""
"23.10.2008,""148,878"",""148,878"",""148,878"",""148,878"",""0,06%"""
"22.10.2008,""148,786"",""148,786"",""148,786"",""148,786"",""0,67%"""
"21.10.2008,""147,794"",""147,794"",""147,794"",""147,794"",""0,24%"""
"20.10.2008,""147,444"",""147,444"",""147,444"",""147,444"",""0,15%"""
"17.10.2008,""147,220"",""147,220"",""147,220"",""147,220"",""0,15%"""
"16.10.2008,""146,998"",""146,998"",""146,998"",""146,998"",""0,49%"""
"15.10.2008,""146,287"",""146,287"",""146,287"",""146,287"",""0,14%"""
"14.10.2008,""146,078"",""146,078"",""146,078"",""146,078"",""-0,21%"""
"13.10.2008,""146,382"",""146,382"",""146,382"",""146,382"",""-0,57%"""
"10.10.2008,""147,226"",""147,226"",""147,226"",""147,226"",""-0,61%"""
"09.10.2008,""148,130"",""148,130"",""148,130"",""148,130"",""-0,51%"""
"08.10.2008,""148,887"",""148,887"",""148,887"",""148,887"",""-0,03%"""
"07.10.2008,""148,934"",""148,934"",""148,934"",""148,934"",""-0,01%"""
"06.10.2008,""148,947"",""148,947"",""148,947"",""148,947"",""1,04%"""
"03.10.2008,""147,412"",""147,412"",""147,412"",""147,412"",""0,21%"""
"02.10.2008,""147,100"",""147,100"",""147,100"",""147,100"",""0,49%"""
"01.10.2008,""146,383"",""146,383"",""146,383"",""146,383"",""0,45%"""
"30.09.2008,""145,732"",""145,732"",""145,732"",""145,732"",""-0,29%"""
"29.09.2008,""146,154"",""146,154"",""146,154"",""146,154"",""0,81%"""
"26.09.2008,""144,974"",""144,974"",""144,974"",""144,974"",""0,38%"""
"25.09.2008,""144,431"",""144,431"",""144,431"",""144,431"",""-0,28%"""
"24.09.2008,""144,830"",""144,830"",""144,830"",""144,830"",""0,59%"""
"23.09.2008,""143,984"",""143,984"",""143,984"",""143,984"",""0,14%"""
"22.09.2008,""143,776"",""143,776"",""143,776"",""143,776"",""-0,18%"""
"19.09.2008,""144,035"",""144,035"",""144,035"",""144,035"",""-0,88%"""
"18.09.2008,""145,308"",""145,308"",""145,308"",""145,308"",""-0,33%"""
"17.09.2008,""145,794"",""145,794"",""145,794"",""145,794"",""-0,18%"""
"16.09.2008,""146,055"",""146,055"",""146,055"",""146,055"",""0,27%"""
"15.09.2008,""145,667"",""145,667"",""145,667"",""145,667"",""0,44%"""
"12.09.2008,""145,034"",""145,034"",""145,034"",""145,034"",""-0,48%"""
"11.09.2008,""145,732"",""145,732"",""145,732"",""145,732"",""-0,21%"""
"10.09.2008,""146,045"",""146,045"",""146,045"",""146,045"",""-0,07%"""
"09.09.2008,""146,146"",""146,146"",""146,146"",""146,146"",""0,16%"""
"08.09.2008,""145,912"",""145,912"",""145,912"",""145,912"",""-0,35%"""
"05.09.2008,""146,426"",""146,426"",""146,426"",""146,426"",""0,30%"""
"04.09.2008,""145,988"",""145,988"",""145,988"",""145,988"",""0,32%"""
"03.09.2008,""145,520"",""145,520"",""145,520"",""145,520"",""0,04%"""
"02.09.2008,""145,455"",""145,455"",""145,455"",""145,455"",""0,15%"""
"29.08.2008,""145,235"",""145,235"",""145,235"",""145,235"",""0,07%"""
"28.08.2008,""145,139"",""145,139"",""145,139"",""145,139"",""0,05%"""
"27.08.2008,""145,072"",""145,072"",""145,072"",""145,072"",""-0,34%"""
"26.08.2008,""145,565"",""145,565"",""145,565"",""145,565"",""0,46%"""
"25.08.2008,""144,894"",""144,894"",""144,894"",""144,894"",""0,04%"""
"22.08.2008,""144,842"",""144,842"",""144,842"",""144,842"",""-0,19%"""
"21.08.2008,""145,122"",""145,122"",""145,122"",""145,122"",""-0,27%"""
"20.08.2008,""145,513"",""145,513"",""145,513"",""145,513"",""0,13%"""
"19.08.2008,""145,324"",""145,324"",""145,324"",""145,324"",""-0,10%"""
"18.08.2008,""145,473"",""145,473"",""145,473"",""145,473"",""0,17%"""
"15.08.2008,""145,220"",""145,220"",""145,220"",""145,220"",""0,14%"""
"14.08.2008,""145,014"",""145,014"",""145,014"",""145,014"",""-0,03%"""
"13.08.2008,""145,058"",""145,058"",""145,058"",""145,058"",""0,13%"""
"12.08.2008,""144,874"",""144,874"",""144,874"",""144,874"",""0,24%"""
"11.08.2008,""144,533"",""144,533"",""144,533"",""144,533"",""-0,06%"""
"08.08.2008,""144,613"",""144,613"",""144,613"",""144,613"",""0,07%"""
"07.08.2008,""144,516"",""144,516"",""144,516"",""144,516"",""0,50%"""
"06.08.2008,""143,804"",""143,804"",""143,804"",""143,804"",""-0,09%"""
"05.08.2008,""143,935"",""143,935"",""143,935"",""143,935"",""0,26%"""
"01.08.2008,""143,559"",""143,559"",""143,559"",""143,559"",""-0,05%"""
"31.07.2008,""143,624"",""143,624"",""143,624"",""143,624"",""0,33%"""
"30.07.2008,""143,148"",""143,148"",""143,148"",""143,148"",""0,30%"""
"29.07.2008,""142,714"",""142,714"",""142,714"",""142,714"",""0,24%"""
"28.07.2008,""142,370"",""142,370"",""142,370"",""142,370"",""0,40%"""
"25.07.2008,""141,800"",""141,800"",""141,800"",""141,800"",""-0,10%"""
"24.07.2008,""141,948"",""141,948"",""141,948"",""141,948"",""0,54%"""
"23.07.2008,""141,188"",""141,188"",""141,188"",""141,188"",""-0,05%"""
"22.07.2008,""141,262"",""141,262"",""141,262"",""141,262"",""0,07%"""
"21.07.2008,""141,160"",""141,160"",""141,160"",""141,160"",""-0,25%"""
"18.07.2008,""141,510"",""141,510"",""141,510"",""141,510"",""-0,65%"""
"17.07.2008,""142,430"",""142,430"",""142,430"",""142,430"",""-0,18%"""
"16.07.2008,""142,685"",""142,685"",""142,685"",""142,685"",""-0,05%"""
"15.07.2008,""142,757"",""142,757"",""142,757"",""142,757"",""0,05%"""
"14.07.2008,""142,687"",""142,687"",""142,687"",""142,687"",""0,17%"""
"11.07.2008,""142,447"",""142,447"",""142,447"",""142,447"",""-0,12%"""
"10.07.2008,""142,618"",""142,618"",""142,618"",""142,618"",""0,07%"""
"09.07.2008,""142,524"",""142,524"",""142,524"",""142,524"",""0,07%"""
"08.07.2008,""142,424"",""142,424"",""142,424"",""142,424"",""0,13%"""
"07.07.2008,""142,244"",""142,244"",""142,244"",""142,244"",""0,61%"""
"03.07.2008,""141,381"",""141,381"",""141,381"",""141,381"",""0,46%"""
"02.07.2008,""140,740"",""140,740"",""140,740"",""140,740"",""-0,11%"""
"01.07.2008,""140,899"",""140,899"",""140,899"",""140,899"",""-0,06%"""
"30.06.2008,""140,977"",""140,977"",""140,977"",""140,977"",""-0,37%"""
"27.06.2008,""141,495"",""141,495"",""141,495"",""141,495"",""-0,20%"""
"26.06.2008,""141,776"",""141,776"",""141,776"",""141,776"",""0,42%"""
"25.06.2008,""141,178"",""141,178"",""141,178"",""141,178"",""-0,05%"""
"24.06.2008,""141,244"",""141,244"",""141,244"",""141,244"",""-0,03%"""
"23.06.2008,""141,286"",""141,286"",""141,286"",""141,286"",""0,07%"""
"20.06.2008,""141,190"",""141,190"",""141,190"",""141,190"",""0,30%"""
"19.06.2008,""140,761"",""140,761"",""140,761"",""140,761"",""-0,29%"""
"18.06.2008,""141,164"",""141,164"",""141,164"",""141,164"",""0,19%"""
"17.06.2008,""140,902"",""140,902"",""140,902"",""140,902"",""0,13%"""
"16.06.2008,""140,714"",""140,714"",""140,714"",""140,714"",""0,19%"""
"13.06.2008,""140,454"",""140,454"",""140,454"",""140,454"",""-0,33%"""
"12.06.2008,""140,916"",""140,916"",""140,916"",""140,916"",""-0,21%"""
"11.06.2008,""141,214"",""141,214"",""141,214"",""141,214"",""-0,16%"""
"10.06.2008,""141,440"",""141,440"",""141,440"",""141,440"",""-0,05%"""
"09.06.2008,""141,506"",""141,506"",""141,506"",""141,506"",""-0,52%"""
"06.06.2008,""142,251"",""142,251"",""142,251"",""142,251"",""0,23%"""
"05.06.2008,""141,931"",""141,931"",""141,931"",""141,931"",""-0,52%"""
"04.06.2008,""142,668"",""142,668"",""142,668"",""142,668"",""0,30%"""
"03.06.2008,""142,239"",""142,239"",""142,239"",""142,239"",""-0,18%"""
"30.05.2008,""142,501"",""142,501"",""142,501"",""142,501"",""0,22%"""
"29.05.2008,""142,188"",""142,188"",""142,188"",""142,188"",""-0,45%"""
"28.05.2008,""142,824"",""142,824"",""142,824"",""142,824"",""-0,20%"""
"27.05.2008,""143,105"",""143,105"",""143,105"",""143,105"",""-0,22%"""
"23.05.2008,""143,420"",""143,420"",""143,420"",""143,420"",""0,18%"""
"22.05.2008,""143,166"",""143,166"",""143,166"",""143,166"",""-0,21%"""
"21.05.2008,""143,461"",""143,461"",""143,461"",""143,461"",""-0,37%"""
"20.05.2008,""143,996"",""143,996"",""143,996"",""143,996"",""0,19%"""
"19.05.2008,""143,729"",""143,729"",""143,729"",""143,729"",""-0,20%"""
"16.05.2008,""144,017"",""144,017"",""144,017"",""144,017"",""0,40%"""
"15.05.2008,""143,447"",""143,447"",""143,447"",""143,447"",""-0,31%"""
"14.05.2008,""143,894"",""143,894"",""143,894"",""143,894"",""-0,39%"""
"13.05.2008,""144,460"",""144,460"",""144,460"",""144,460"",""-0,43%"""
"12.05.2008,""145,086"",""145,086"",""145,086"",""145,086"",""-0,18%"""
"09.05.2008,""145,341"",""145,341"",""145,341"",""145,341"",""0,28%"""
"08.05.2008,""144,936"",""144,936"",""144,936"",""144,936"",""0,49%"""
"07.05.2008,""144,226"",""144,226"",""144,226"",""144,226"",""-0,14%"""
"06.05.2008,""144,431"",""144,431"",""144,431"",""144,431"",""0,41%"""
"02.05.2008,""143,840"",""143,840"",""143,840"",""143,840"",""-0,34%"""
"01.05.2008,""144,334"",""144,334"",""144,334"",""144,334"",""0,00%"""
"30.04.2008,""144,334"",""144,334"",""144,334"",""144,334"",""0,16%"""
"29.04.2008,""144,109"",""144,109"",""144,109"",""144,109"",""0,39%"""
"28.04.2008,""143,545"",""143,545"",""143,545"",""143,545"",""0,01%"""
"25.04.2008,""143,532"",""143,532"",""143,532"",""143,532"",""0,12%"""
"24.04.2008,""143,363"",""143,363"",""143,363"",""143,363"",""-0,25%"""
"23.04.2008,""143,720"",""143,720"",""143,720"",""143,720"",""0,08%"""
"22.04.2008,""143,607"",""143,607"",""143,607"",""143,607"",""-0,17%"""
"21.04.2008,""143,852"",""143,852"",""143,852"",""143,852"",""0,22%"""
"18.04.2008,""143,542"",""143,542"",""143,542"",""143,542"",""-0,30%"""
"17.04.2008,""143,971"",""143,971"",""143,971"",""143,971"",""-0,30%"""
"16.04.2008,""144,400"",""144,400"",""144,400"",""144,400"",""-0,47%"""
"15.04.2008,""145,087"",""145,087"",""145,087"",""145,087"",""-0,30%"""
"14.04.2008,""145,524"",""145,524"",""145,524"",""145,524"",""0,02%"""
"11.04.2008,""145,490"",""145,490"",""145,490"",""145,490"",""0,28%"""
"10.04.2008,""145,090"",""145,090"",""145,090"",""145,090"",""0,26%"""
"09.04.2008,""144,710"",""144,710"",""144,710"",""144,710"",""0,00%"""
"08.04.2008,""144,703"",""144,703"",""144,703"",""144,703"",""-0,09%"""
"07.04.2008,""144,836"",""144,836"",""144,836"",""144,836"",""-0,19%"""
"04.04.2008,""145,117"",""145,117"",""145,117"",""145,117"",""0,21%"""
"03.04.2008,""144,806"",""144,806"",""144,806"",""144,806"",""0,02%"""
"02.04.2008,""144,778"",""144,778"",""144,778"",""144,778"",""-0,04%"""
"01.04.2008,""144,840"",""144,840"",""144,840"",""144,840"",""-0,22%"""
"31.03.2008,""145,159"",""145,159"",""145,159"",""145,159"",""0,20%"""
"28.03.2008,""144,867"",""144,867"",""144,867"",""144,867"",""0,06%"""
"27.03.2008,""144,783"",""144,783"",""144,783"",""144,783"",""-0,17%"""
"26.03.2008,""145,029"",""145,029"",""145,029"",""145,029"",""-0,12%"""
"25.03.2008,""145,197"",""145,197"",""145,197"",""145,197"",""-0,52%"""
"20.03.2008,""145,960"",""145,960"",""145,960"",""145,960"",""0,04%"""
"19.03.2008,""145,896"",""145,896"",""145,896"",""145,896"",""0,15%"""
"18.03.2008,""145,680"",""145,680"",""145,680"",""145,680"",""-0,20%"""
"14.03.2008,""145,970"",""145,970"",""145,970"",""145,970"",""0,05%"""
"13.03.2008,""145,892"",""145,892"",""145,892"",""145,892"",""0,03%"""
"12.03.2008,""145,850"",""145,850"",""145,850"",""145,850"",""0,06%"""
"11.03.2008,""145,757"",""145,757"",""145,757"",""145,757"",""-0,21%"""
"10.03.2008,""146,060"",""146,060"",""146,060"",""146,060"",""0,33%"""
"07.03.2008,""145,582"",""145,582"",""145,582"",""145,582"",""-0,02%"""
"06.03.2008,""145,609"",""145,609"",""145,609"",""145,609"",""0,11%"""
"05.03.2008,""145,451"",""145,451"",""145,451"",""145,451"",""-0,47%"""
"04.03.2008,""146,135"",""146,135"",""146,135"",""146,135"",""-0,01%"""
"03.03.2008,""146,143"",""146,143"",""146,143"",""146,143"",""0,06%"""
"29.02.2008,""146,057"",""146,057"",""146,057"",""146,057"",""0,56%"""
"28.02.2008,""145,249"",""145,249"",""145,249"",""145,249"",""0,55%"""
"27.02.2008,""144,460"",""144,460"",""144,460"",""144,460"",""-0,05%"""
"26.02.2008,""144,535"",""144,535"",""144,535"",""144,535"",""-0,13%"""
"25.02.2008,""144,728"",""144,728"",""144,728"",""144,728"",""-0,27%"""
"22.02.2008,""145,121"",""145,121"",""145,121"",""145,121"",""0,04%"""
"21.02.2008,""145,056"",""145,056"",""145,056"",""145,056"",""-0,05%"""
"20.02.2008,""145,135"",""145,135"",""145,135"",""145,135"",""-0,21%"""
"19.02.2008,""145,439"",""145,439"",""145,439"",""145,439"",""-0,09%"""
"15.02.2008,""145,567"",""145,567"",""145,567"",""145,567"",""0,21%"""
"14.02.2008,""145,266"",""145,266"",""145,266"",""145,266"",""-0,19%"""
"13.02.2008,""145,539"",""145,539"",""145,539"",""145,539"",""0,02%"""
"12.02.2008,""145,511"",""145,511"",""145,511"",""145,511"",""-0,61%"""
"11.02.2008,""146,409"",""146,409"",""146,409"",""146,409"",""0,13%"""
"08.02.2008,""146,224"",""146,224"",""146,224"",""146,224"",""0,05%"""
"07.02.2008,""146,151"",""146,151"",""146,151"",""146,151"",""0,30%"""
"06.02.2008,""145,720"",""145,720"",""145,720"",""145,720"",""-0,32%"""
"05.02.2008,""146,191"",""146,191"",""146,191"",""146,191"",""0,57%"""
"04.02.2008,""145,356"",""145,356"",""145,356"",""145,356"",""-0,09%"""
"01.02.2008,""145,492"",""145,492"",""145,492"",""145,492"",""0,11%"""
"31.01.2008,""145,338"",""145,338"",""145,338"",""145,338"",""0,61%"""
"30.01.2008,""144,463"",""144,463"",""144,463"",""144,463"",""-0,09%"""
"29.01.2008,""144,587"",""144,587"",""144,587"",""144,587"",""-0,26%"""
"28.01.2008,""144,960"",""144,960"",""144,960"",""144,960"",""0,18%"""
"25.01.2008,""144,699"",""144,699"",""144,699"",""144,699"",""0,18%"""
"24.01.2008,""144,433"",""144,433"",""144,433"",""144,433"",""-0,68%"""
"23.01.2008,""145,415"",""145,415"",""145,415"",""145,415"",""0,57%"""
"22.01.2008,""144,589"",""144,589"",""144,589"",""144,589"",""-0,17%"""
"18.01.2008,""144,837"",""144,837"",""144,837"",""144,837"",""0,09%"""
"17.01.2008,""144,707"",""144,707"",""144,707"",""144,707"",""0,08%"""
"16.01.2008,""144,586"",""144,586"",""144,586"",""144,586"",""0,24%"""
"15.01.2008,""144,247"",""144,247"",""144,247"",""144,247"",""0,21%"""
"14.01.2008,""143,941"",""143,941"",""143,941"",""143,941"",""0,24%"""
"11.01.2008,""143,601"",""143,601"",""143,601"",""143,601"",""0,05%"""
"10.01.2008,""143,530"",""143,530"",""143,530"",""143,530"",""-0,09%"""
"09.01.2008,""143,665"",""143,665"",""143,665"",""143,665"",""0,34%"""
"08.01.2008,""143,173"",""143,173"",""143,173"",""143,173"",""-0,16%"""
"07.01.2008,""143,401"",""143,401"",""143,401"",""143,401"",""0,01%"""
"04.01.2008,""143,380"",""143,380"",""143,380"",""143,380"",""0,20%"""
"03.01.2008,""143,089"",""143,089"",""143,089"",""143,089"",""0,14%"""
"02.01.2008,""142,892"",""142,892"",""142,892"",""142,892"",""0,66%"""
"31.12.2007,""141,952"",""141,952"",""141,952"",""141,952"",""0,05%"""
"28.12.2007,""141,886"",""141,886"",""141,886"",""141,886"",""0,09%"""
"24.12.2007,""141,759"",""141,759"",""141,759"",""141,759"",""0,03%"""
"21.12.2007,""141,716"",""141,716"",""141,716"",""141,716"",""-0,36%"""
"20.12.2007,""142,227"",""142,227"",""142,227"",""142,227"",""0,25%"""
"19.12.2007,""141,872"",""141,872"",""141,872"",""141,872"",""-0,02%"""
"18.12.2007,""141,900"",""141,900"",""141,900"",""141,900"",""0,11%"""
"17.12.2007,""141,749"",""141,749"",""141,749"",""141,749"",""0,15%"""
"14.12.2007,""141,541"",""141,541"",""141,541"",""141,541"",""-0,16%"""
"13.12.2007,""141,762"",""141,762"",""141,762"",""141,762"",""0,16%"""
"12.12.2007,""141,534"",""141,534"",""141,534"",""141,534"",""-0,37%"""
"11.12.2007,""142,053"",""142,053"",""142,053"",""142,053"",""0,18%"""
"10.12.2007,""141,793"",""141,793"",""141,793"",""141,793"",""-0,26%"""
"07.12.2007,""142,161"",""142,161"",""142,161"",""142,161"",""-0,59%"""
"06.12.2007,""143,004"",""143,004"",""143,004"",""143,004"",""-0,15%"""
"05.12.2007,""143,214"",""143,214"",""143,214"",""143,214"",""-0,04%"""
"04.12.2007,""143,267"",""143,267"",""143,267"",""143,267"",""0,25%"""
"03.12.2007,""142,914"",""142,914"",""142,914"",""142,914"",""0,31%"""
"30.11.2007,""142,467"",""142,467"",""142,467"",""142,467"",""-0,26%"""
"29.11.2007,""142,839"",""142,839"",""142,839"",""142,839"",""0,28%"""
"28.11.2007,""142,446"",""142,446"",""142,446"",""142,446"",""-0,40%"""
"27.11.2007,""143,020"",""143,020"",""143,020"",""143,020"",""-0,12%"""
"26.11.2007,""143,185"",""143,185"",""143,185"",""143,185"",""0,09%"""
"23.11.2007,""143,050"",""143,050"",""143,050"",""143,050"",""-0,07%"""
"21.11.2007,""143,151"",""143,151"",""143,151"",""143,151"",""0,19%"""
"20.11.2007,""142,873"",""142,873"",""142,873"",""142,873"",""-0,22%"""
"19.11.2007,""143,193"",""143,193"",""143,193"",""143,193"",""0,32%"""
"16.11.2007,""142,733"",""142,733"",""142,733"",""142,733"",""0,10%"""
"15.11.2007,""142,595"",""142,595"",""142,595"",""142,595"",""0,10%"""
"14.11.2007,""142,454"",""142,454"",""142,454"",""142,454"",""-0,11%"""
"13.11.2007,""142,612"",""142,612"",""142,612"",""142,612"",""-0,09%"""
"12.11.2007,""142,735"",""142,735"",""142,735"",""142,735"",""-0,04%"""
"09.11.2007,""142,798"",""142,798"",""142,798"",""142,798"",""0,25%"""
"08.11.2007,""142,438"",""142,438"",""142,438"",""142,438"",""0,09%"""
"07.11.2007,""142,305"",""142,305"",""142,305"",""142,305"",""0,17%"""
"06.11.2007,""142,058"",""142,058"",""142,058"",""142,058"",""-0,07%"""
"05.11.2007,""142,155"",""142,155"",""142,155"",""142,155"",""0,10%"""
"02.11.2007,""142,010"",""142,010"",""142,010"",""142,010"",""0,17%"""
"01.11.2007,""141,763"",""141,763"",""141,763"",""141,763"",""0,13%"""
"31.10.2007,""141,575"",""141,575"",""141,575"",""141,575"",""-0,29%"""
"30.10.2007,""141,986"",""141,986"",""141,986"",""141,986"",""0,01%"""
"26.10.2007,""141,970"",""141,970"",""141,970"",""141,970"",""-0,15%"""
"25.10.2007,""142,183"",""142,183"",""142,183"",""142,183"",""-0,10%"""
"24.10.2007,""142,327"",""142,327"",""142,327"",""142,327"",""0,31%"""
"23.10.2007,""141,892"",""141,892"",""141,892"",""141,892"",""-0,04%"""
"22.10.2007,""141,946"",""141,946"",""141,946"",""141,946"",""0,26%"""
"19.10.2007,""141,571"",""141,571"",""141,571"",""141,571"",""0,52%"""
"18.10.2007,""140,834"",""140,834"",""140,834"",""140,834"",""0,36%"""
"17.10.2007,""140,325"",""140,325"",""140,325"",""140,325"",""0,23%"""
"16.10.2007,""140,000"",""140,000"",""140,000"",""140,000"",""-0,08%"""
"15.10.2007,""140,119"",""140,119"",""140,119"",""140,119"",""0,04%"""
"12.10.2007,""140,058"",""140,058"",""140,058"",""140,058"",""-0,26%"""
"11.10.2007,""140,430"",""140,430"",""140,430"",""140,430"",""-0,14%"""
"10.10.2007,""140,626"",""140,626"",""140,626"",""140,626"",""-0,20%"""
"09.10.2007,""140,912"",""140,912"",""140,912"",""140,912"",""0,20%"""
"08.10.2007,""140,625"",""140,625"",""140,625"",""140,625"",""-0,00%"""
"05.10.2007,""140,626"",""140,626"",""140,626"",""140,626"",""-0,26%"""
"04.10.2007,""140,995"",""140,995"",""140,995"",""140,995"",""0,29%"""
"03.10.2007,""140,594"",""140,594"",""140,594"",""140,594"",""-0,05%"""
"02.10.2007,""140,668"",""140,668"",""140,668"",""140,668"",""0,04%"""
"01.10.2007,""140,610"",""140,610"",""140,610"",""140,610"",""0,08%"""
"28.09.2007,""140,500"",""140,500"",""140,500"",""140,500"",""0,30%"""
"27.09.2007,""140,076"",""140,076"",""140,076"",""140,076"",""0,09%"""
"26.09.2007,""139,954"",""139,954"",""139,954"",""139,954"",""-0,28%"""
"25.09.2007,""140,351"",""140,351"",""140,351"",""140,351"",""0,25%"""
"24.09.2007,""140,002"",""140,002"",""140,002"",""140,002"",""-0,06%"""
"21.09.2007,""140,093"",""140,093"",""140,093"",""140,093"",""-0,08%"""
"20.09.2007,""140,212"",""140,212"",""140,212"",""140,212"",""-0,20%"""
"19.09.2007,""140,497"",""140,497"",""140,497"",""140,497"",""-0,29%"""
"18.09.2007,""140,904"",""140,904"",""140,904"",""140,904"",""-0,31%"""
"17.09.2007,""141,341"",""141,341"",""141,341"",""141,341"",""0,10%"""
"14.09.2007,""141,195"",""141,195"",""141,195"",""141,195"",""0,02%"""
"13.09.2007,""141,161"",""141,161"",""141,161"",""141,161"",""-0,17%"""
"12.09.2007,""141,398"",""141,398"",""141,398"",""141,398"",""-0,16%"""
"11.09.2007,""141,631"",""141,631"",""141,631"",""141,631"",""-0,16%"""
"10.09.2007,""141,863"",""141,863"",""141,863"",""141,863"",""0,38%"""
"07.09.2007,""141,330"",""141,330"",""141,330"",""141,330"",""0,38%"""
"06.09.2007,""140,794"",""140,794"",""140,794"",""140,794"",""0,02%"""
"05.09.2007,""140,765"",""140,765"",""140,765"",""140,765"",""0,38%"""
"04.09.2007,""140,226"",""140,226"",""140,226"",""140,226"",""-0,22%"""
"31.08.2007,""140,532"",""140,532"",""140,532"",""140,532"",""-0,00%"""
"30.08.2007,""140,534"",""140,534"",""140,534"",""140,534"",""-0,05%"""
"29.08.2007,""140,609"",""140,609"",""140,609"",""140,609"",""-0,05%"""
"28.08.2007,""140,685"",""140,685"",""140,685"",""140,685"",""0,11%"""
"27.08.2007,""140,529"",""140,529"",""140,529"",""140,529"",""0,12%"""
"24.08.2007,""140,361"",""140,361"",""140,361"",""140,361"",""0,07%"""
"23.08.2007,""140,256"",""140,256"",""140,256"",""140,256"",""0,10%"""
"22.08.2007,""140,110"",""140,110"",""140,110"",""140,110"",""-0,32%"""
"21.08.2007,""140,564"",""140,564"",""140,564"",""140,564"",""0,23%"""
"20.08.2007,""140,236"",""140,236"",""140,236"",""140,236"",""0,05%"""
"17.08.2007,""140,163"",""140,163"",""140,163"",""140,163"",""-0,10%"""
"16.08.2007,""140,305"",""140,305"",""140,305"",""140,305"",""0,44%"""
"15.08.2007,""139,692"",""139,692"",""139,692"",""139,692"",""0,08%"""
"14.08.2007,""139,581"",""139,581"",""139,581"",""139,581"",""0,15%"""
"13.08.2007,""139,378"",""139,378"",""139,378"",""139,378"",""-0,11%"""
"10.08.2007,""139,533"",""139,533"",""139,533"",""139,533"",""0,25%"""
"09.08.2007,""139,179"",""139,179"",""139,179"",""139,179"",""0,21%"""
"08.08.2007,""138,884"",""138,884"",""138,884"",""138,884"",""-0,36%"""
"07.08.2007,""139,390"",""139,390"",""139,390"",""139,390"",""-0,10%"""
"03.08.2007,""139,536"",""139,536"",""139,536"",""139,536"",""0,28%"""
"02.08.2007,""139,143"",""139,143"",""139,143"",""139,143"",""-0,11%"""
"01.08.2007,""139,293"",""139,293"",""139,293"",""139,293"",""-0,01%"""
"31.07.2007,""139,302"",""139,302"",""139,302"",""139,302"",""-0,12%"""
"30.07.2007,""139,471"",""139,471"",""139,471"",""139,471"",""0,11%"""
"27.07.2007,""139,319"",""139,319"",""139,319"",""139,319"",""-0,07%"""
"26.07.2007,""139,416"",""139,416"",""139,416"",""139,416"",""0,44%"""
"25.07.2007,""138,811"",""138,811"",""138,811"",""138,811"",""0,11%"""
"24.07.2007,""138,664"",""138,664"",""138,664"",""138,664"",""0,05%"""
"23.07.2007,""138,594"",""138,594"",""138,594"",""138,594"",""0,03%"""
"20.07.2007,""138,554"",""138,554"",""138,554"",""138,554"",""0,53%"""
"19.07.2007,""137,822"",""137,822"",""137,822"",""137,822"",""0,08%"""
"18.07.2007,""137,709"",""137,709"",""137,709"",""137,709"",""0,28%"""
"17.07.2007,""137,328"",""137,328"",""137,328"",""137,328"",""-0,12%"""
"16.07.2007,""137,498"",""137,498"",""137,498"",""137,498"",""0,26%"""
"13.07.2007,""137,141"",""137,141"",""137,141"",""137,141"",""-0,05%"""
"12.07.2007,""137,212"",""137,212"",""137,212"",""137,212"",""-0,19%"""
"11.07.2007,""137,468"",""137,468"",""137,468"",""137,468"",""-0,01%"""
"10.07.2007,""137,482"",""137,482"",""137,482"",""137,482"",""0,42%"""
"09.07.2007,""136,910"",""136,910"",""136,910"",""136,910"",""0,09%"""
"06.07.2007,""136,792"",""136,792"",""136,792"",""136,792"",""-0,16%"""
"05.07.2007,""137,013"",""137,013"",""137,013"",""137,013"",""-0,38%"""
"03.07.2007,""137,530"",""137,530"",""137,530"",""137,530"",""-0,28%"""
"02.07.2007,""137,917"",""137,917"",""137,917"",""137,917"",""0,38%"""
"29.06.2007,""137,389"",""137,389"",""137,389"",""137,389"",""-0,11%"""
"28.06.2007,""137,534"",""137,534"",""137,534"",""137,534"",""-0,05%"""
"27.06.2007,""137,607"",""137,607"",""137,607"",""137,607"",""0,25%"""
"26.06.2007,""137,270"",""137,270"",""137,270"",""137,270"",""0,13%"""
"25.06.2007,""137,098"",""137,098"",""137,098"",""137,098"",""0,23%"""
"22.06.2007,""136,782"",""136,782"",""136,782"",""136,782"",""-0,04%"""
"21.06.2007,""136,833"",""136,833"",""136,833"",""136,833"",""-0,00%"""
"20.06.2007,""136,836"",""136,836"",""136,836"",""136,836"",""-0,07%"""
"19.06.2007,""136,926"",""136,926"",""136,926"",""136,926"",""0,25%"""
"18.06.2007,""136,584"",""136,584"",""136,584"",""136,584"",""-0,05%"""
"15.06.2007,""136,656"",""136,656"",""136,656"",""136,656"",""-0,03%"""
"14.06.2007,""136,692"",""136,692"",""136,692"",""136,692"",""-0,02%"""
"13.06.2007,""136,720"",""136,720"",""136,720"",""136,720"",""-0,17%"""
"12.06.2007,""136,947"",""136,947"",""136,947"",""136,947"",""-0,23%"""
"11.06.2007,""137,268"",""137,268"",""137,268"",""137,268"",""0,06%"""
"08.06.2007,""137,189"",""137,189"",""137,189"",""137,189"",""-0,18%"""
"07.06.2007,""137,431"",""137,431"",""137,431"",""137,431"",""-0,43%"""
"06.06.2007,""138,027"",""138,027"",""138,027"",""138,027"",""0,19%"""
"05.06.2007,""137,767"",""137,767"",""137,767"",""137,767"",""-0,09%"""
"01.06.2007,""137,886"",""137,886"",""137,886"",""137,886"",""-0,24%"""
"31.05.2007,""138,224"",""138,224"",""138,224"",""138,224"",""-0,11%"""
"30.05.2007,""138,372"",""138,372"",""138,372"",""138,372"",""0,06%"""
"29.05.2007,""138,291"",""138,291"",""138,291"",""138,291"",""-0,03%"""
"25.05.2007,""138,339"",""138,339"",""138,339"",""138,339"",""-0,11%"""
"24.05.2007,""138,497"",""138,497"",""138,497"",""138,497"",""0,05%"""
"23.05.2007,""138,422"",""138,422"",""138,422"",""138,422"",""-0,17%"""
"22.05.2007,""138,653"",""138,653"",""138,653"",""138,653"",""-0,03%"""
"21.05.2007,""138,701"",""138,701"",""138,701"",""138,701"",""-0,08%"""
"18.05.2007,""138,815"",""138,815"",""138,815"",""138,815"",""0,05%"""
"17.05.2007,""138,739"",""138,739"",""138,739"",""138,739"",""-0,06%"""
"16.05.2007,""138,824"",""138,824"",""138,824"",""138,824"",""0,02%"""
"15.05.2007,""138,796"",""138,796"",""138,796"",""138,796"",""-0,19%"""
"14.05.2007,""139,057"",""139,057"",""139,057"",""139,057"",""-0,29%"""
"11.05.2007,""139,455"",""139,455"",""139,455"",""139,455"",""0,08%"""
"10.05.2007,""139,338"",""139,338"",""139,338"",""139,338"",""-0,05%"""
"09.05.2007,""139,408"",""139,408"",""139,408"",""139,408"",""-0,05%"""
"08.05.2007,""139,476"",""139,476"",""139,476"",""139,476"",""0,04%"""
"04.05.2007,""139,418"",""139,418"",""139,418"",""139,418"",""0,21%"""
"03.05.2007,""139,121"",""139,121"",""139,121"",""139,121"",""-0,09%"""
"02.05.2007,""139,251"",""139,251"",""139,251"",""139,251"",""-0,41%"""
"01.05.2007,""139,825"",""139,825"",""139,825"",""139,825"",""0,06%"""
"30.04.2007,""139,738"",""139,738"",""139,738"",""139,738"",""0,43%"""
"27.04.2007,""139,145"",""139,145"",""139,145"",""139,145"",""-0,02%"""
"26.04.2007,""139,172"",""139,172"",""139,172"",""139,172"",""-0,16%"""
"25.04.2007,""139,395"",""139,395"",""139,395"",""139,395"",""-0,09%"""
"24.04.2007,""139,527"",""139,527"",""139,527"",""139,527"",""0,08%"""
"23.04.2007,""139,411"",""139,411"",""139,411"",""139,411"",""0,20%"""
"20.04.2007,""139,132"",""139,132"",""139,132"",""139,132"",""-0,03%"""
"19.04.2007,""139,168"",""139,168"",""139,168"",""139,168"",""-0,21%"""
"18.04.2007,""139,457"",""139,457"",""139,457"",""139,457"",""0,17%"""
"17.04.2007,""139,227"",""139,227"",""139,227"",""139,227"",""0,17%"""
"16.04.2007,""138,994"",""138,994"",""138,994"",""138,994"",""0,19%"""
"13.04.2007,""138,724"",""138,724"",""138,724"",""138,724"",""-0,31%"""
"12.04.2007,""139,158"",""139,158"",""139,158"",""139,158"",""-0,21%"""
"11.04.2007,""139,453"",""139,453"",""139,453"",""139,453"",""-0,09%"""
"10.04.2007,""139,576"",""139,576"",""139,576"",""139,576"",""-0,12%"""
"05.04.2007,""139,748"",""139,748"",""139,748"",""139,748"",""-0,13%"""
"04.04.2007,""139,925"",""139,925"",""139,925"",""139,925"",""0,18%"""
"03.04.2007,""139,673"",""139,673"",""139,673"",""139,673"",""-0,17%"""
"02.04.2007,""139,909"",""139,909"",""139,909"",""139,909"",""0,01%"""
"30.03.2007,""139,890"",""139,890"",""139,890"",""139,890"",""-0,06%"""
"29.03.2007,""139,969"",""139,969"",""139,969"",""139,969"",""-0,15%"""
"28.03.2007,""140,173"",""140,173"",""140,173"",""140,173"",""-0,01%"""
"27.03.2007,""140,190"",""140,190"",""140,190"",""140,190"",""-0,12%"""
"26.03.2007,""140,357"",""140,357"",""140,357"",""140,357"",""0,03%"""
"23.03.2007,""140,317"",""140,317"",""140,317"",""140,317"",""-0,25%"""
"22.03.2007,""140,665"",""140,665"",""140,665"",""140,665"",""-0,13%"""
"21.03.2007,""140,854"",""140,854"",""140,854"",""140,854"",""-0,10%"""
"20.03.2007,""140,990"",""140,990"",""140,990"",""140,990"",""-0,01%"""
"16.03.2007,""141,004"",""141,004"",""141,004"",""141,004"",""0,04%"""
"15.03.2007,""140,946"",""140,946"",""140,946"",""140,946"",""-0,17%"""
"14.03.2007,""141,191"",""141,191"",""141,191"",""141,191"",""0,14%"""
"13.03.2007,""140,988"",""140,988"",""140,988"",""140,988"",""0,16%"""
"12.03.2007,""140,762"",""140,762"",""140,762"",""140,762"",""0,12%"""
"09.03.2007,""140,594"",""140,594"",""140,594"",""140,594"",""-0,15%"""
"08.03.2007,""140,800"",""140,800"",""140,800"",""140,800"",""-0,07%"""
"07.03.2007,""140,896"",""140,896"",""140,896"",""140,896"",""-0,03%"""
"06.03.2007,""140,932"",""140,932"",""140,932"",""140,932"",""-0,01%"""
"05.03.2007,""140,942"",""140,942"",""140,942"",""140,942"",""0,16%"""
"02.03.2007,""140,719"",""140,719"",""140,719"",""140,719"",""0,05%"""
"01.03.2007,""140,649"",""140,649"",""140,649"",""140,649"",""0,08%"""
"28.02.2007,""140,543"",""140,543"",""140,543"",""140,543"",""0,04%"""
"27.02.2007,""140,491"",""140,491"",""140,491"",""140,491"",""0,17%"""
"26.02.2007,""140,247"",""140,247"",""140,247"",""140,247"",""0,30%"""
"23.02.2007,""139,825"",""139,825"",""139,825"",""139,825"",""0,26%"""
"22.02.2007,""139,464"",""139,464"",""139,464"",""139,464"",""-0,20%"""
"21.02.2007,""139,747"",""139,747"",""139,747"",""139,747"",""0,08%"""
"20.02.2007,""139,633"",""139,633"",""139,633"",""139,633"",""-0,02%"""
"16.02.2007,""139,660"",""139,660"",""139,660"",""139,660"",""-0,03%"""
"15.02.2007,""139,706"",""139,706"",""139,706"",""139,706"",""0,30%"""
"14.02.2007,""139,291"",""139,291"",""139,291"",""139,291"",""0,14%"""
"13.02.2007,""139,099"",""139,099"",""139,099"",""139,099"",""-0,08%"""
"12.02.2007,""139,216"",""139,216"",""139,216"",""139,216"",""-0,06%"""
"09.02.2007,""139,299"",""139,299"",""139,299"",""139,299"",""-0,24%"""
"08.02.2007,""139,628"",""139,628"",""139,628"",""139,628"",""-0,08%"""
"07.02.2007,""139,734"",""139,734"",""139,734"",""139,734"",""0,04%"""
"06.02.2007,""139,684"",""139,684"",""139,684"",""139,684"",""0,02%"""
"05.02.2007,""139,657"",""139,657"",""139,657"",""139,657"",""0,17%"""
"02.02.2007,""139,420"",""139,420"",""139,420"",""139,420"",""0,17%"""
"01.02.2007,""139,185"",""139,185"",""139,185"",""139,185"",""0,09%"""
"31.01.2007,""139,065"",""139,065"",""139,065"",""139,065"",""0,09%"""
"30.01.2007,""138,946"",""138,946"",""138,946"",""138,946"",""0,04%"""
"29.01.2007,""138,891"",""138,891"",""138,891"",""138,891"",""-0,15%"""
"26.01.2007,""139,099"",""139,099"",""139,099"",""139,099"",""-0,05%"""
"25.01.2007,""139,166"",""139,166"",""139,166"",""139,166"",""-0,18%"""
"24.01.2007,""139,410"",""139,410"",""139,410"",""139,410"",""-0,14%"""
"23.01.2007,""139,604"",""139,604"",""139,604"",""139,604"",""0,02%"""
"22.01.2007,""139,574"",""139,574"",""139,574"",""139,574"",""0,23%"""
"19.01.2007,""139,252"",""139,252"",""139,252"",""139,252"",""0,12%"""
"18.01.2007,""139,087"",""139,087"",""139,087"",""139,087"",""-0,17%"""
"17.01.2007,""139,320"",""139,320"",""139,320"",""139,320"",""0,03%"""
"16.01.2007,""139,278"",""139,278"",""139,278"",""139,278"",""0,18%"""
"12.01.2007,""139,025"",""139,025"",""139,025"",""139,025"",""-0,26%"""
"11.01.2007,""139,387"",""139,387"",""139,387"",""139,387"",""0,05%"""
"10.01.2007,""139,316"",""139,316"",""139,316"",""139,316"",""-0,03%"""
"09.01.2007,""139,355"",""139,355"",""139,355"",""139,355"",""-0,17%"""
"08.01.2007,""139,595"",""139,595"",""139,595"",""139,595"",""0,06%"""
"05.01.2007,""139,511"",""139,511"",""139,511"",""139,511"",""-0,28%"""
"04.01.2007,""139,901"",""139,901"",""139,901"",""139,901"",""0,14%"""
"03.01.2007,""139,711"",""139,711"",""139,711"",""139,711"",""0,16%"""
"29.12.2006,""139,481"",""139,481"",""139,481"",""139,481"",""-0,00%"""
"28.12.2006,""139,487"",""139,487"",""139,487"",""139,487"",""-0,26%"""
"22.12.2006,""139,845"",""139,845"",""139,845"",""139,845"",""-0,11%"""
"21.12.2006,""139,994"",""139,994"",""139,994"",""139,994"",""-0,11%"""
"20.12.2006,""140,153"",""140,153"",""140,153"",""140,153"",""0,05%"""
"19.12.2006,""140,076"",""140,076"",""140,076"",""140,076"",""-0,22%"""
"18.12.2006,""140,382"",""140,382"",""140,382"",""140,382"",""-0,10%"""
"15.12.2006,""140,525"",""140,525"",""140,525"",""140,525"",""-0,08%"""
"14.12.2006,""140,635"",""140,635"",""140,635"",""140,635"",""-0,17%"""
"13.12.2006,""140,875"",""140,875"",""140,875"",""140,875"",""-0,08%"""
"12.12.2006,""140,986"",""140,986"",""140,986"",""140,986"",""0,01%"""
"11.12.2006,""140,967"",""140,967"",""140,967"",""140,967"",""-0,09%"""
"08.12.2006,""141,093"",""141,093"",""141,093"",""141,093"",""-0,08%"""
"07.12.2006,""141,203"",""141,203"",""141,203"",""141,203"",""-0,13%"""
"06.12.2006,""141,393"",""141,393"",""141,393"",""141,393"",""-0,05%"""
"05.12.2006,""141,467"",""141,467"",""141,467"",""141,467"",""-0,07%"""
"04.12.2006,""141,573"",""141,573"",""141,573"",""141,573"",""-0,02%"""
"01.12.2006,""141,608"",""141,608"",""141,608"",""141,608"",""0,21%"""
"30.11.2006,""141,318"",""141,318"",""141,318"",""141,318"",""0,18%"""
"29.11.2006,""141,069"",""141,069"",""141,069"",""141,069"",""-0,14%"""
"28.11.2006,""141,272"",""141,272"",""141,272"",""141,272"",""0,15%"""
"27.11.2006,""141,067"",""141,067"",""141,067"",""141,067"",""-0,10%"""
"24.11.2006,""141,202"",""141,202"",""141,202"",""141,202"",""0,07%"""
"22.11.2006,""141,108"",""141,108"",""141,108"",""141,108"",""0,00%"""
"21.11.2006,""141,101"",""141,101"",""141,101"",""141,101"",""0,04%"""
"20.11.2006,""141,050"",""141,050"",""141,050"",""141,050"",""0,07%"""
"17.11.2006,""140,954"",""140,954"",""140,954"",""140,954"",""0,21%"""
"16.11.2006,""140,665"",""140,665"",""140,665"",""140,665"",""-0,01%"""
"15.11.2006,""140,679"",""140,679"",""140,679"",""140,679"",""-0,17%"""
"14.11.2006,""140,923"",""140,923"",""140,923"",""140,923"",""0,14%"""
"13.11.2006,""140,732"",""140,732"",""140,732"",""140,732"",""-0,11%"""
"10.11.2006,""140,893"",""140,893"",""140,893"",""140,893"",""0,20%"""
"09.11.2006,""140,617"",""140,617"",""140,617"",""140,617"",""0,10%"""
"08.11.2006,""140,474"",""140,474"",""140,474"",""140,474"",""-0,13%"""
"07.11.2006,""140,659"",""140,659"",""140,659"",""140,659"",""0,28%"""
"06.11.2006,""140,262"",""140,262"",""140,262"",""140,262"",""-0,07%"""
"03.11.2006,""140,355"",""140,355"",""140,355"",""140,355"",""-0,22%"""
"02.11.2006,""140,660"",""140,660"",""140,660"",""140,660"",""-0,22%"""
"01.11.2006,""140,970"",""140,970"",""140,970"",""140,970"",""0,24%"""
"31.10.2006,""140,634"",""140,634"",""140,634"",""140,634"",""0,48%"""
"27.10.2006,""139,958"",""139,958"",""139,958"",""139,958"",""0,31%"""
"26.10.2006,""139,528"",""139,528"",""139,528"",""139,528"",""0,14%"""
"25.10.2006,""139,338"",""139,338"",""139,338"",""139,338"",""-0,01%"""
"24.10.2006,""139,358"",""139,358"",""139,358"",""139,358"",""0,02%"""
"23.10.2006,""139,336"",""139,336"",""139,336"",""139,336"",""-0,20%"""
"20.10.2006,""139,613"",""139,613"",""139,613"",""139,613"",""0,06%"""
"19.10.2006,""139,524"",""139,524"",""139,524"",""139,524"",""-0,15%"""
"18.10.2006,""139,737"",""139,737"",""139,737"",""139,737"",""-0,12%"""
"17.10.2006,""139,900"",""139,900"",""139,900"",""139,900"",""0,19%"""
"16.10.2006,""139,630"",""139,630"",""139,630"",""139,630"",""0,04%"""
"13.10.2006,""139,581"",""139,581"",""139,581"",""139,581"",""-0,11%"""
"12.10.2006,""139,741"",""139,741"",""139,741"",""139,741"",""0,04%"""
"11.10.2006,""139,691"",""139,691"",""139,691"",""139,691"",""0,05%"""
"10.10.2006,""139,620"",""139,620"",""139,620"",""139,620"",""-0,30%"""
"09.10.2006,""140,038"",""140,038"",""140,038"",""140,038"",""0,04%"""
"06.10.2006,""139,980"",""139,980"",""139,980"",""139,980"",""-0,21%"""
"05.10.2006,""140,278"",""140,278"",""140,278"",""140,278"",""-0,09%"""
"04.10.2006,""140,401"",""140,401"",""140,401"",""140,401"",""0,24%"""
"03.10.2006,""140,069"",""140,069"",""140,069"",""140,069"",""-0,28%"""
"02.10.2006,""140,465"",""140,465"",""140,465"",""140,465"",""0,18%"""
"29.09.2006,""140,216"",""140,216"",""140,216"",""140,216"",""-0,11%"""
"28.09.2006,""140,365"",""140,365"",""140,365"",""140,365"",""-0,12%"""
"27.09.2006,""140,528"",""140,528"",""140,528"",""140,528"",""-0,09%"""
"26.09.2006,""140,654"",""140,654"",""140,654"",""140,654"",""0,02%"""
"25.09.2006,""140,628"",""140,628"",""140,628"",""140,628"",""0,21%"""
"22.09.2006,""140,339"",""140,339"",""140,339"",""140,339"",""0,48%"""
"21.09.2006,""139,675"",""139,675"",""139,675"",""139,675"",""0,04%"""
"20.09.2006,""139,616"",""139,616"",""139,616"",""139,616"",""0,05%"""
"19.09.2006,""139,545"",""139,545"",""139,545"",""139,545"",""0,30%"""
"18.09.2006,""139,133"",""139,133"",""139,133"",""139,133"",""-0,27%"""
"15.09.2006,""139,508"",""139,508"",""139,508"",""139,508"",""0,09%"""
"14.09.2006,""139,376"",""139,376"",""139,376"",""139,376"",""0,01%"""
"13.09.2006,""139,363"",""139,363"",""139,363"",""139,363"",""0,26%"""
"12.09.2006,""139,008"",""139,008"",""139,008"",""139,008"",""-0,19%"""
"11.09.2006,""139,278"",""139,278"",""139,278"",""139,278"",""-0,04%"""
"08.09.2006,""139,332"",""139,332"",""139,332"",""139,332"",""0,16%"""
"07.09.2006,""139,111"",""139,111"",""139,111"",""139,111"",""0,13%"""
"06.09.2006,""138,935"",""138,935"",""138,935"",""138,935"",""-0,23%"""
"05.09.2006,""139,255"",""139,255"",""139,255"",""139,255"",""-0,24%"""
"01.09.2006,""139,588"",""139,588"",""139,588"",""139,588"",""0,11%"""
"31.08.2006,""139,440"",""139,440"",""139,440"",""139,440"",""0,22%"""
"30.08.2006,""139,128"",""139,128"",""139,128"",""139,128"",""0,17%"""
"29.08.2006,""138,895"",""138,895"",""138,895"",""138,895"",""-0,23%"""
"28.08.2006,""139,222"",""139,222"",""139,222"",""139,222"",""0,03%"""
"25.08.2006,""139,187"",""139,187"",""139,187"",""139,187"",""0,11%"""
"24.08.2006,""139,028"",""139,028"",""139,028"",""139,028"",""0,09%"""
"23.08.2006,""138,901"",""138,901"",""138,901"",""138,901"",""-0,09%"""
"22.08.2006,""139,023"",""139,023"",""139,023"",""139,023"",""0,36%"""
"21.08.2006,""138,524"",""138,524"",""138,524"",""138,524"",""0,24%"""
"18.08.2006,""138,193"",""138,193"",""138,193"",""138,193"",""0,10%"""
"17.08.2006,""138,054"",""138,054"",""138,054"",""138,054"",""0,07%"""
"16.08.2006,""137,961"",""137,961"",""137,961"",""137,961"",""0,23%"""
"15.08.2006,""137,642"",""137,642"",""137,642"",""137,642"",""0,18%"""
"14.08.2006,""137,394"",""137,394"",""137,394"",""137,394"",""-0,12%"""
"11.08.2006,""137,563"",""137,563"",""137,563"",""137,563"",""-0,23%"""
"10.08.2006,""137,882"",""137,882"",""137,882"",""137,882"",""0,01%"""
"09.08.2006,""137,872"",""137,872"",""137,872"",""137,872"",""-0,16%"""
"08.08.2006,""138,092"",""138,092"",""138,092"",""138,092"",""0,06%"""
"04.08.2006,""138,008"",""138,008"",""138,008"",""138,008"",""0,42%"""
"03.08.2006,""137,430"",""137,430"",""137,430"",""137,430"",""-0,25%"""
"02.08.2006,""137,771"",""137,771"",""137,771"",""137,771"",""-0,03%"""
"01.08.2006,""137,813"",""137,813"",""137,813"",""137,813"",""-0,04%"""
"31.07.2006,""137,862"",""137,862"",""137,862"",""137,862"",""0,05%"""
"28.07.2006,""137,790"",""137,790"",""137,790"",""137,790"",""0,16%"""
"27.07.2006,""137,565"",""137,565"",""137,565"",""137,565"",""0,19%"""
"26.07.2006,""137,303"",""137,303"",""137,303"",""137,303"",""-0,12%"""
"25.07.2006,""137,466"",""137,466"",""137,466"",""137,466"",""-0,03%"""
"24.07.2006,""137,508"",""137,508"",""137,508"",""137,508"",""0,00%"""
"21.07.2006,""137,503"",""137,503"",""137,503"",""137,503"",""0,20%"""
"20.07.2006,""137,227"",""137,227"",""137,227"",""137,227"",""0,01%"""
"19.07.2006,""137,220"",""137,220"",""137,220"",""137,220"",""0,18%"""
"18.07.2006,""136,976"",""136,976"",""136,976"",""136,976"",""-0,10%"""
"17.07.2006,""137,111"",""137,111"",""137,111"",""137,111"",""-0,06%"""
"14.07.2006,""137,190"",""137,190"",""137,190"",""137,190"",""0,32%"""
"13.07.2006,""136,758"",""136,758"",""136,758"",""136,758"",""0,29%"""
"12.07.2006,""136,364"",""136,364"",""136,364"",""136,364"",""-0,23%"""
"11.07.2006,""136,675"",""136,675"",""136,675"",""136,675"",""0,21%"""
"10.07.2006,""136,382"",""136,382"",""136,382"",""136,382"",""-0,08%"""
"07.07.2006,""136,493"",""136,493"",""136,493"",""136,493"",""0,25%"""
"06.07.2006,""136,156"",""136,156"",""136,156"",""136,156"",""0,11%"""
"05.07.2006,""136,000"",""136,000"",""136,000"",""136,000"",""-0,25%"""
"03.07.2006,""136,344"",""136,344"",""136,344"",""136,344"",""-0,04%"""
"30.06.2006,""136,404"",""136,404"",""136,404"",""136,404"",""-0,01%"""
"29.06.2006,""136,420"",""136,420"",""136,420"",""136,420"",""0,21%"""
"28.06.2006,""136,139"",""136,139"",""136,139"",""136,139"",""-0,02%"""
"27.06.2006,""136,164"",""136,164"",""136,164"",""136,164"",""0,03%"""
"26.06.2006,""136,119"",""136,119"",""136,119"",""136,119"",""-0,05%"""
"23.06.2006,""136,185"",""136,185"",""136,185"",""136,185"",""-0,10%"""
"22.06.2006,""136,322"",""136,322"",""136,322"",""136,322"",""-0,23%"""
"21.06.2006,""136,630"",""136,630"",""136,630"",""136,630"",""-0,10%"""
"20.06.2006,""136,762"",""136,762"",""136,762"",""136,762"",""-0,16%"""
"19.06.2006,""136,984"",""136,984"",""136,984"",""136,984"",""-0,17%"""
"16.06.2006,""137,215"",""137,215"",""137,215"",""137,215"",""0,11%"""
"15.06.2006,""137,065"",""137,065"",""137,065"",""137,065"",""-0,30%"""
"14.06.2006,""137,478"",""137,478"",""137,478"",""137,478"",""-0,19%"""
"13.06.2006,""137,735"",""137,735"",""137,735"",""137,735"",""0,26%"""
"12.06.2006,""137,382"",""137,382"",""137,382"",""137,382"",""0,15%"""
"09.06.2006,""137,171"",""137,171"",""137,171"",""137,171"",""0,01%"""
"08.06.2006,""137,164"",""137,164"",""137,164"",""137,164"",""0,46%"""
"07.06.2006,""136,540"",""136,540"",""136,540"",""136,540"",""-0,01%"""
"06.06.2006,""136,552"",""136,552"",""136,552"",""136,552"",""-0,39%"""
"02.06.2006,""137,087"",""137,087"",""137,087"",""137,087"",""0,36%"""
"01.06.2006,""136,599"",""136,599"",""136,599"",""136,599"",""-0,06%"""
"31.05.2006,""136,681"",""136,681"",""136,681"",""136,681"",""-0,24%"""
"30.05.2006,""137,003"",""137,003"",""137,003"",""137,003"",""-0,25%"""
"26.05.2006,""137,347"",""137,347"",""137,347"",""137,347"",""-0,02%"""
"25.05.2006,""137,369"",""137,369"",""137,369"",""137,369"",""-0,00%"""
"24.05.2006,""137,374"",""137,374"",""137,374"",""137,374"",""0,25%"""
"23.05.2006,""137,038"",""137,038"",""137,038"",""137,038"",""-0,06%"""
"22.05.2006,""137,126"",""137,126"",""137,126"",""137,126"",""0,46%"""
"19.05.2006,""136,497"",""136,497"",""136,497"",""136,497"",""0,10%"""
"18.05.2006,""136,358"",""136,358"",""136,358"",""136,358"",""0,27%"""
"17.05.2006,""135,990"",""135,990"",""135,990"",""135,990"",""-0,42%"""
"16.05.2006,""136,564"",""136,564"",""136,564"",""136,564"",""0,23%"""
"15.05.2006,""136,250"",""136,250"",""136,250"",""136,250"",""0,37%"""
"12.05.2006,""135,754"",""135,754"",""135,754"",""135,754"",""-0,05%"""
"11.05.2006,""135,820"",""135,820"",""135,820"",""135,820"",""-0,29%"""
"10.05.2006,""136,214"",""136,214"",""136,214"",""136,214"",""0,15%"""
"09.05.2006,""136,010"",""136,010"",""136,010"",""136,010"",""-0,06%"""
"08.05.2006,""136,098"",""136,098"",""136,098"",""136,098"",""-0,05%"""
"05.05.2006,""136,167"",""136,167"",""136,167"",""136,167"",""0,17%"""
"04.05.2006,""135,941"",""135,941"",""135,941"",""135,941"",""-0,13%"""
"03.05.2006,""136,119"",""136,119"",""136,119"",""136,119"",""-0,11%"""
"02.05.2006,""136,266"",""136,266"",""136,266"",""136,266"",""-0,10%"""
"28.04.2006,""136,400"",""136,400"",""136,400"",""136,400"",""0,15%"""
"27.04.2006,""136,200"",""136,200"",""136,200"",""136,200"",""0,17%"""
"26.04.2006,""135,971"",""135,971"",""135,971"",""135,971"",""-0,01%"""
"25.04.2006,""135,987"",""135,987"",""135,987"",""135,987"",""-0,27%"""
"24.04.2006,""136,360"",""136,360"",""136,360"",""136,360"",""0,07%"""
"21.04.2006,""136,264"",""136,264"",""136,264"",""136,264"",""-0,10%"""
"20.04.2006,""136,400"",""136,400"",""136,400"",""136,400"",""0,16%"""
"19.04.2006,""136,188"",""136,188"",""136,188"",""136,188"",""-0,05%"""
"18.04.2006,""136,260"",""136,260"",""136,260"",""136,260"",""0,07%"""
"13.04.2006,""136,169"",""136,169"",""136,169"",""136,169"",""-0,43%"""
"12.04.2006,""136,754"",""136,754"",""136,754"",""136,754"",""0,02%"""
"11.04.2006,""136,724"",""136,724"",""136,724"",""136,724"",""0,12%"""
"10.04.2006,""136,563"",""136,563"",""136,563"",""136,563"",""0,02%"""
"07.04.2006,""136,537"",""136,537"",""136,537"",""136,537"",""-0,02%"""
"06.04.2006,""136,563"",""136,563"",""136,563"",""136,563"",""-0,18%"""
"05.04.2006,""136,803"",""136,803"",""136,803"",""136,803"",""-0,11%"""
"04.04.2006,""136,949"",""136,949"",""136,949"",""136,949"",""-0,11%"""
"03.04.2006,""137,094"",""137,094"",""137,094"",""137,094"",""-0,29%"""
"31.03.2006,""137,496"",""137,496"",""137,496"",""137,496"",""0,00%"""
"30.03.2006,""137,491"",""137,491"",""137,491"",""137,491"",""-0,06%"""
"29.03.2006,""137,574"",""137,574"",""137,574"",""137,574"",""-0,16%"""
"28.03.2006,""137,798"",""137,798"",""137,798"",""137,798"",""-0,53%"""
"27.03.2006,""138,538"",""138,538"",""138,538"",""138,538"",""0,01%"""
"24.03.2006,""138,518"",""138,518"",""138,518"",""138,518"",""0,24%"""
"23.03.2006,""138,192"",""138,192"",""138,192"",""138,192"",""-0,17%"""
"22.03.2006,""138,429"",""138,429"",""138,429"",""138,429"",""0,15%"""
"21.03.2006,""138,222"",""138,222"",""138,222"",""138,222"",""-0,01%"""
"20.03.2006,""138,238"",""138,238"",""138,238"",""138,238"",""-0,01%"""
"16.03.2006,""138,245"",""138,245"",""138,245"",""138,245"",""0,18%"""
"15.03.2006,""138,003"",""138,003"",""138,003"",""138,003"",""-0,15%"""
"14.03.2006,""138,205"",""138,205"",""138,205"",""138,205"",""0,23%"""
"13.03.2006,""137,883"",""137,883"",""137,883"",""137,883"",""-0,03%"""
"10.03.2006,""137,919"",""137,919"",""137,919"",""137,919"",""-0,25%"""
"09.03.2006,""138,262"",""138,262"",""138,262"",""138,262"",""-0,02%"""
"08.03.2006,""138,294"",""138,294"",""138,294"",""138,294"",""-0,28%"""
"07.03.2006,""138,681"",""138,681"",""138,681"",""138,681"",""-0,07%"""
"06.03.2006,""138,781"",""138,781"",""138,781"",""138,781"",""0,11%"""
"03.03.2006,""138,627"",""138,627"",""138,627"",""138,627"",""-0,12%"""
"02.03.2006,""138,796"",""138,796"",""138,796"",""138,796"",""-0,31%"""
"01.03.2006,""139,229"",""139,229"",""139,229"",""139,229"",""-0,15%"""
"28.02.2006,""139,435"",""139,435"",""139,435"",""139,435"",""0,23%"""
"27.02.2006,""139,113"",""139,113"",""139,113"",""139,113"",""-0,17%"""
"24.02.2006,""139,343"",""139,343"",""139,343"",""139,343"",""-0,04%"""
"23.02.2006,""139,401"",""139,401"",""139,401"",""139,401"",""-0,34%"""
"22.02.2006,""139,881"",""139,881"",""139,881"",""139,881"",""0,12%"""
"21.02.2006,""139,714"",""139,714"",""139,714"",""139,714"",""0,05%"""
"17.02.2006,""139,645"",""139,645"",""139,645"",""139,645"",""0,35%"""
"16.02.2006,""139,154"",""139,154"",""139,154"",""139,154"",""-0,07%"""
"15.02.2006,""139,250"",""139,250"",""139,250"",""139,250"",""-0,04%"""
"14.02.2006,""139,301"",""139,301"",""139,301"",""139,301"",""0,02%"""
"13.02.2006,""139,279"",""139,279"",""139,279"",""139,279"",""-0,15%"""
"10.02.2006,""139,488"",""139,488"",""139,488"",""139,488"",""0,10%"""
"09.02.2006,""139,343"",""139,343"",""139,343"",""139,343"",""0,12%"""
"08.02.2006,""139,175"",""139,175"",""139,175"",""139,175"",""0,08%"""
"07.02.2006,""139,059"",""139,059"",""139,059"",""139,059"",""-0,16%"""
"06.02.2006,""139,279"",""139,279"",""139,279"",""139,279"",""0,05%"""
"03.02.2006,""139,212"",""139,212"",""139,212"",""139,212"",""0,16%"""
"02.02.2006,""138,990"",""138,990"",""138,990"",""138,990"",""0,11%"""
"01.02.2006,""138,841"",""138,841"",""138,841"",""138,841"",""-0,29%"""
"31.01.2006,""139,249"",""139,249"",""139,249"",""139,249"",""0,05%"""
"30.01.2006,""139,175"",""139,175"",""139,175"",""139,175"",""0,04%"""
"27.01.2006,""139,119"",""139,119"",""139,119"",""139,119"",""0,03%"""
"26.01.2006,""139,084"",""139,084"",""139,084"",""139,084"",""-0,32%"""
"25.01.2006,""139,535"",""139,535"",""139,535"",""139,535"",""-0,30%"""
"24.01.2006,""139,961"",""139,961"",""139,961"",""139,961"",""0,10%"""
"23.01.2006,""139,815"",""139,815"",""139,815"",""139,815"",""-0,13%"""
"20.01.2006,""140,001"",""140,001"",""140,001"",""140,001"",""-0,13%"""
"19.01.2006,""140,186"",""140,186"",""140,186"",""140,186"",""-0,36%"""
"18.01.2006,""140,689"",""140,689"",""140,689"",""140,689"",""-0,10%"""
"17.01.2006,""140,827"",""140,827"",""140,827"",""140,827"",""0,06%"""
"13.01.2006,""140,737"",""140,737"",""140,737"",""140,737"",""0,05%"""
"12.01.2006,""140,661"",""140,661"",""140,661"",""140,661"",""0,15%"""
"11.01.2006,""140,455"",""140,455"",""140,455"",""140,455"",""-0,08%"""
"10.01.2006,""140,562"",""140,562"",""140,562"",""140,562"",""-0,15%"""
"09.01.2006,""140,775"",""140,775"",""140,775"",""140,775"",""0,04%"""
"06.01.2006,""140,722"",""140,722"",""140,722"",""140,722"",""0,07%"""
"05.01.2006,""140,619"",""140,619"",""140,619"",""140,619"",""0,08%"""
"04.01.2006,""140,508"",""140,508"",""140,508"",""140,508"",""0,29%"""
"03.01.2006,""140,098"",""140,098"",""140,098"",""140,098"",""-0,07%"""
"30.12.2005,""140,190"",""140,190"",""140,190"",""140,190"",""0,11%"""
"29.12.2005,""140,029"",""140,029"",""140,029"",""140,029"",""0,06%"""
"23.12.2005,""139,949"",""139,949"",""139,949"",""139,949"",""0,23%"""
"22.12.2005,""139,633"",""139,633"",""139,633"",""139,633"",""0,09%"""
"21.12.2005,""139,512"",""139,512"",""139,512"",""139,512"",""-0,25%"""
"20.12.2005,""139,861"",""139,861"",""139,861"",""139,861"",""-0,02%"""
"19.12.2005,""139,883"",""139,883"",""139,883"",""139,883"",""0,08%"""
"16.12.2005,""139,770"",""139,770"",""139,770"",""139,770"",""0,17%"""
"15.12.2005,""139,538"",""139,538"",""139,538"",""139,538"",""-0,07%"""
"14.12.2005,""139,634"",""139,634"",""139,634"",""139,634"",""0,18%"""
"13.12.2005,""139,380"",""139,380"",""139,380"",""139,380"",""0,06%"""
"12.12.2005,""139,303"",""139,303"",""139,303"",""139,303"",""0,18%"""
"09.12.2005,""139,058"",""139,058"",""139,058"",""139,058"",""-0,36%"""
"08.12.2005,""139,561"",""139,561"",""139,561"",""139,561"",""0,14%"""
"07.12.2005,""139,362"",""139,362"",""139,362"",""139,362"",""-0,20%"""
"06.12.2005,""139,642"",""139,642"",""139,642"",""139,642"",""0,22%"""
"05.12.2005,""139,340"",""139,340"",""139,340"",""139,340"",""-0,06%"""
"02.12.2005,""139,422"",""139,422"",""139,422"",""139,422"",""0,12%"""
"01.12.2005,""139,255"",""139,255"",""139,255"",""139,255"",""0,27%"""
"30.11.2005,""138,879"",""138,879"",""138,879"",""138,879"",""0,05%"""
"29.11.2005,""138,807"",""138,807"",""138,807"",""138,807"",""-0,26%"""
"28.11.2005,""139,168"",""139,168"",""139,168"",""139,168"",""-0,00%"""
"25.11.2005,""139,172"",""139,172"",""139,172"",""139,172"",""0,38%"""
"23.11.2005,""138,650"",""138,650"",""138,650"",""138,650"",""0,08%"""
"22.11.2005,""138,535"",""138,535"",""138,535"",""138,535"",""-0,00%"""
"21.11.2005,""138,541"",""138,541"",""138,541"",""138,541"",""0,44%"""
"18.11.2005,""137,930"",""137,930"",""137,930"",""137,930"",""-0,61%"""
"17.11.2005,""138,774"",""138,774"",""138,774"",""138,774"",""-0,14%"""
"16.11.2005,""138,968"",""138,968"",""138,968"",""138,968"",""0,45%"""
"15.11.2005,""138,345"",""138,345"",""138,345"",""138,345"",""0,15%"""
"14.11.2005,""138,137"",""138,137"",""138,137"",""138,137"",""-0,07%"""
"11.11.2005,""138,231"",""138,231"",""138,231"",""138,231"",""0,09%"""
"10.11.2005,""138,102"",""138,102"",""138,102"",""138,102"",""0,05%"""
"09.11.2005,""138,035"",""138,035"",""138,035"",""138,035"",""-0,37%"""
"08.11.2005,""138,553"",""138,553"",""138,553"",""138,553"",""0,23%"""
"07.11.2005,""138,236"",""138,236"",""138,236"",""138,236"",""-0,01%"""
"04.11.2005,""138,255"",""138,255"",""138,255"",""138,255"",""-0,13%"""
"03.11.2005,""138,439"",""138,439"",""138,439"",""138,439"",""-0,08%"""
"02.11.2005,""138,545"",""138,545"",""138,545"",""138,545"",""-0,16%"""
"01.11.2005,""138,771"",""138,771"",""138,771"",""138,771"",""-0,02%"""
"28.10.2005,""138,800"",""138,800"",""138,800"",""138,800"",""-0,03%"""
"27.10.2005,""138,841"",""138,841"",""138,841"",""138,841"",""-0,22%"""
"26.10.2005,""139,147"",""139,147"",""139,147"",""139,147"",""-0,36%"""
"25.10.2005,""139,647"",""139,647"",""139,647"",""139,647"",""-0,36%"""
"24.10.2005,""140,145"",""140,145"",""140,145"",""140,145"",""-0,01%"""
"21.10.2005,""140,166"",""140,166"",""140,166"",""140,166"",""0,36%"""
"20.10.2005,""139,661"",""139,661"",""139,661"",""139,661"",""-0,22%"""
"19.10.2005,""139,972"",""139,972"",""139,972"",""139,972"",""0,19%"""
"18.10.2005,""139,713"",""139,713"",""139,713"",""139,713"",""0,05%"""
"17.10.2005,""139,641"",""139,641"",""139,641"",""139,641"",""0,01%"""
"14.10.2005,""139,629"",""139,629"",""139,629"",""139,629"",""-0,05%"""
"13.10.2005,""139,701"",""139,701"",""139,701"",""139,701"",""-0,28%"""
"12.10.2005,""140,090"",""140,090"",""140,090"",""140,090"",""-0,15%"""
"11.10.2005,""140,307"",""140,307"",""140,307"",""140,307"",""-0,18%"""
"10.10.2005,""140,555"",""140,555"",""140,555"",""140,555"",""0,12%"""
"07.10.2005,""140,385"",""140,385"",""140,385"",""140,385"",""0,02%"""
"06.10.2005,""140,360"",""140,360"",""140,360"",""140,360"",""-0,10%"""
"05.10.2005,""140,500"",""140,500"",""140,500"",""140,500"",""0,06%"""
"04.10.2005,""140,412"",""140,412"",""140,412"",""140,412"",""0,09%"""
"03.10.2005,""140,280"",""140,280"",""140,280"",""140,280"",""-0,24%"""
"30.09.2005,""140,621"",""140,621"",""140,621"",""140,621"",""0,07%"""
"29.09.2005,""140,523"",""140,523"",""140,523"",""140,523"",""-0,11%"""
"28.09.2005,""140,678"",""140,678"",""140,678"",""140,678"",""0,02%"""
"27.09.2005,""140,648"",""140,648"",""140,648"",""140,648"",""-0,05%"""
"26.09.2005,""140,717"",""140,717"",""140,717"",""140,717"",""-0,37%"""
"23.09.2005,""141,245"",""141,245"",""141,245"",""141,245"",""-0,20%"""
"22.09.2005,""141,526"",""141,526"",""141,526"",""141,526"",""0,02%"""
"21.09.2005,""141,503"",""141,503"",""141,503"",""141,503"",""0,34%"""
"20.09.2005,""141,026"",""141,026"",""141,026"",""141,026"",""0,07%"""
"19.09.2005,""140,924"",""140,924"",""140,924"",""140,924"",""0,29%"""
"16.09.2005,""140,520"",""140,520"",""140,520"",""140,520"",""-0,17%"""
"15.09.2005,""140,765"",""140,765"",""140,765"",""140,765"",""-0,10%"""
"14.09.2005,""140,912"",""140,912"",""140,912"",""140,912"",""0,01%"""
"13.09.2005,""140,900"",""140,900"",""140,900"",""140,900"",""0,15%"""
"12.09.2005,""140,692"",""140,692"",""140,692"",""140,692"",""-0,44%"""
"09.09.2005,""141,320"",""141,320"",""141,320"",""141,320"",""0,13%"""
"08.09.2005,""141,135"",""141,135"",""141,135"",""141,135"",""0,15%"""
"07.09.2005,""140,926"",""140,926"",""140,926"",""140,926"",""-0,07%"""
"06.09.2005,""141,028"",""141,028"",""141,028"",""141,028"",""-0,07%"""
"02.09.2005,""141,130"",""141,130"",""141,130"",""141,130"",""0,01%"""
"01.09.2005,""141,113"",""141,113"",""141,113"",""141,113"",""0,26%"""
"31.08.2005,""140,745"",""140,745"",""140,745"",""140,745"",""0,26%"""
"30.08.2005,""140,377"",""140,377"",""140,377"",""140,377"",""0,01%"""
"29.08.2005,""140,359"",""140,359"",""140,359"",""140,359"",""0,04%"""
"26.08.2005,""140,297"",""140,297"",""140,297"",""140,297"",""-0,03%"""
"25.08.2005,""140,339"",""140,339"",""140,339"",""140,339"",""0,13%"""
"24.08.2005,""140,150"",""140,150"",""140,150"",""140,150"",""-0,00%"""
"23.08.2005,""140,157"",""140,157"",""140,157"",""140,157"",""0,09%"""
"22.08.2005,""140,034"",""140,034"",""140,034"",""140,034"",""0,06%"""
"19.08.2005,""139,944"",""139,944"",""139,944"",""139,944"",""0,02%"""
"18.08.2005,""139,918"",""139,918"",""139,918"",""139,918"",""0,19%"""
"17.08.2005,""139,649"",""139,649"",""139,649"",""139,649"",""-0,03%"""
"16.08.2005,""139,695"",""139,695"",""139,695"",""139,695"",""0,26%"""
"15.08.2005,""139,333"",""139,333"",""139,333"",""139,333"",""0,15%"""
"12.08.2005,""139,123"",""139,123"",""139,123"",""139,123"",""0,27%"""
"11.08.2005,""138,755"",""138,755"",""138,755"",""138,755"",""0,06%"""
"10.08.2005,""138,671"",""138,671"",""138,671"",""138,671"",""0,13%"""
"09.08.2005,""138,488"",""138,488"",""138,488"",""138,488"",""-0,02%"""
"08.08.2005,""138,519"",""138,519"",""138,519"",""138,519"",""0,07%"""
"05.08.2005,""138,419"",""138,419"",""138,419"",""138,419"",""-0,25%"""
"04.08.2005,""138,767"",""138,767"",""138,767"",""138,767"",""-0,02%"""
"03.08.2005,""138,789"",""138,789"",""138,789"",""138,789"",""0,05%"""
"02.08.2005,""138,722"",""138,722"",""138,722"",""138,722"",""-0,41%"""
"29.07.2005,""139,297"",""139,297"",""139,297"",""139,297"",""-0,07%"""
"28.07.2005,""139,393"",""139,393"",""139,393"",""139,393"",""-0,06%"""
"27.07.2005,""139,476"",""139,476"",""139,476"",""139,476"",""0,10%"""
"26.07.2005,""139,334"",""139,334"",""139,334"",""139,334"",""-0,16%"""
"25.07.2005,""139,562"",""139,562"",""139,562"",""139,562"",""0,16%"""
"22.07.2005,""139,345"",""139,345"",""139,345"",""139,345"",""0,39%"""
"21.07.2005,""138,805"",""138,805"",""138,805"",""138,805"",""0,03%"""
"20.07.2005,""138,769"",""138,769"",""138,769"",""138,769"",""-0,08%"""
"19.07.2005,""138,886"",""138,886"",""138,886"",""138,886"",""-0,13%"""
"18.07.2005,""139,062"",""139,062"",""139,062"",""139,062"",""0,18%"""
"15.07.2005,""138,807"",""138,807"",""138,807"",""138,807"",""0,01%"""
"14.07.2005,""138,792"",""138,792"",""138,792"",""138,792"",""-0,16%"""
"13.07.2005,""139,020"",""139,020"",""139,020"",""139,020"",""-0,16%"""
"12.07.2005,""139,236"",""139,236"",""139,236"",""139,236"",""0,02%"""
"11.07.2005,""139,206"",""139,206"",""139,206"",""139,206"",""-0,24%"""
"08.07.2005,""139,542"",""139,542"",""139,542"",""139,542"",""-0,02%"""
"07.07.2005,""139,568"",""139,568"",""139,568"",""139,568"",""0,23%"""
"06.07.2005,""139,245"",""139,245"",""139,245"",""139,245"",""-0,06%"""
"05.07.2005,""139,335"",""139,335"",""139,335"",""139,335"",""-0,32%"""
"01.07.2005,""139,783"",""139,783"",""139,783"",""139,783"",""-0,14%"""
"30.06.2005,""139,983"",""139,983"",""139,983"",""139,983"",""0,30%"""
"29.06.2005,""139,564"",""139,564"",""139,564"",""139,564"",""-0,13%"""
"28.06.2005,""139,745"",""139,745"",""139,745"",""139,745"",""-0,29%"""
"27.06.2005,""140,152"",""140,152"",""140,152"",""140,152"",""0,13%"""
"24.06.2005,""139,977"",""139,977"",""139,977"",""139,977"",""0,15%"""
"23.06.2005,""139,764"",""139,764"",""139,764"",""139,764"",""-0,10%"""
"22.06.2005,""139,903"",""139,903"",""139,903"",""139,903"",""0,44%"""
"21.06.2005,""139,285"",""139,285"",""139,285"",""139,285"",""0,43%"""
"20.06.2005,""138,692"",""138,692"",""138,692"",""138,692"",""0,05%"""
"17.06.2005,""138,624"",""138,624"",""138,624"",""138,624"",""0,17%"""
"16.06.2005,""138,391"",""138,391"",""138,391"",""138,391"",""-0,09%"""
"15.06.2005,""138,521"",""138,521"",""138,521"",""138,521"",""-0,49%"""
"14.06.2005,""139,204"",""139,204"",""139,204"",""139,204"",""-0,07%"""
"13.06.2005,""139,295"",""139,295"",""139,295"",""139,295"",""-0,28%"""
"10.06.2005,""139,693"",""139,693"",""139,693"",""139,693"",""-0,10%"""
"09.06.2005,""139,827"",""139,827"",""139,827"",""139,827"",""0,02%"""
"08.06.2005,""139,803"",""139,803"",""139,803"",""139,803"",""0,20%"""
"07.06.2005,""139,517"",""139,517"",""139,517"",""139,517"",""0,51%"""
"03.06.2005,""138,804"",""138,804"",""138,804"",""138,804"",""-0,08%"""
"02.06.2005,""138,913"",""138,913"",""138,913"",""138,913"",""0,12%"""
"01.06.2005,""138,749"",""138,749"",""138,749"",""138,749"",""0,22%"""
"31.05.2005,""138,447"",""138,447"",""138,447"",""138,447"",""0,34%"""
"27.05.2005,""137,973"",""137,973"",""137,973"",""137,973"",""-0,08%"""
"26.05.2005,""138,090"",""138,090"",""138,090"",""138,090"",""-0,10%"""
"25.05.2005,""138,233"",""138,233"",""138,233"",""138,233"",""-0,06%"""
"24.05.2005,""138,321"",""138,321"",""138,321"",""138,321"",""0,21%"""
"23.05.2005,""138,028"",""138,028"",""138,028"",""138,028"",""0,26%"""
"20.05.2005,""137,667"",""137,667"",""137,667"",""137,667"",""-0,17%"""
"19.05.2005,""137,903"",""137,903"",""137,903"",""137,903"",""-0,08%"""
"18.05.2005,""138,010"",""138,010"",""138,010"",""138,010"",""0,12%"""
"17.05.2005,""137,843"",""137,843"",""137,843"",""137,843"",""0,01%"""
"16.05.2005,""137,830"",""137,830"",""137,830"",""137,830"",""-0,04%"""
"13.05.2005,""137,881"",""137,881"",""137,881"",""137,881"",""0,15%"""
"12.05.2005,""137,672"",""137,672"",""137,672"",""137,672"",""-0,02%"""
"11.05.2005,""137,705"",""137,705"",""137,705"",""137,705"",""0,21%"""
"10.05.2005,""137,414"",""137,414"",""137,414"",""137,414"",""0,31%"""
"09.05.2005,""136,986"",""136,986"",""136,986"",""136,986"",""0,27%"""
"06.05.2005,""136,617"",""136,617"",""136,617"",""136,617"",""-0,27%"""
"05.05.2005,""136,983"",""136,983"",""136,983"",""136,983"",""-0,09%"""
"04.05.2005,""137,107"",""137,107"",""137,107"",""137,107"",""-0,03%"""
"03.05.2005,""137,153"",""137,153"",""137,153"",""137,153"",""0,12%"""
"29.04.2005,""136,990"",""136,990"",""136,990"",""136,990"",""0,04%"""
"28.04.2005,""136,939"",""136,939"",""136,939"",""136,939"",""0,08%"""
"27.04.2005,""136,831"",""136,831"",""136,831"",""136,831"",""0,19%"""
"26.04.2005,""136,575"",""136,575"",""136,575"",""136,575"",""-0,03%"""
"25.04.2005,""136,616"",""136,616"",""136,616"",""136,616"",""0,17%"""
"22.04.2005,""136,389"",""136,389"",""136,389"",""136,389"",""-0,01%"""
"21.04.2005,""136,398"",""136,398"",""136,398"",""136,398"",""-0,05%"""
"20.04.2005,""136,471"",""136,471"",""136,471"",""136,471"",""-0,00%"""
"19.04.2005,""136,473"",""136,473"",""136,473"",""136,473"",""0,12%"""
"18.04.2005,""136,314"",""136,314"",""136,314"",""136,314"",""0,18%"""
"15.04.2005,""136,065"",""136,065"",""136,065"",""136,065"",""0,22%"""
"14.04.2005,""135,762"",""135,762"",""135,762"",""135,762"",""-0,09%"""
"13.04.2005,""135,880"",""135,880"",""135,880"",""135,880"",""0,15%"""
"12.04.2005,""135,671"",""135,671"",""135,671"",""135,671"",""0,06%"""
"11.04.2005,""135,592"",""135,592"",""135,592"",""135,592"",""0,16%"""
"08.04.2005,""135,376"",""135,376"",""135,376"",""135,376"",""-0,19%"""
"07.04.2005,""135,637"",""135,637"",""135,637"",""135,637"",""0,22%"""
"06.04.2005,""135,340"",""135,340"",""135,340"",""135,340"",""0,01%"""
"05.04.2005,""135,332"",""135,332"",""135,332"",""135,332"",""-0,04%"""
"04.04.2005,""135,391"",""135,391"",""135,391"",""135,391"",""0,19%"""
"01.04.2005,""135,134"",""135,134"",""135,134"",""135,134"",""0,03%"""
"31.03.2005,""135,090"",""135,090"",""135,090"",""135,090"",""0,29%"""
"30.03.2005,""134,705"",""134,705"",""134,705"",""134,705"",""0,18%"""
"29.03.2005,""134,468"",""134,468"",""134,468"",""134,468"",""0,06%"""
"24.03.2005,""134,391"",""134,391"",""134,391"",""134,391"",""0,16%"""
"23.03.2005,""134,172"",""134,172"",""134,172"",""134,172"",""-0,25%"""
"22.03.2005,""134,510"",""134,510"",""134,510"",""134,510"",""0,23%"""
"21.03.2005,""134,195"",""134,195"",""134,195"",""134,195"",""-0,14%"""
"18.03.2005,""134,388"",""134,388"",""134,388"",""134,388"",""-0,21%"""
"16.03.2005,""134,665"",""134,665"",""134,665"",""134,665"",""0,21%"""
"15.03.2005,""134,389"",""134,389"",""134,389"",""134,389"",""0,30%"""
"14.03.2005,""133,984"",""133,984"",""133,984"",""133,984"",""-0,06%"""
"11.03.2005,""134,063"",""134,063"",""134,063"",""134,063"",""0,14%"""
"10.03.2005,""133,878"",""133,878"",""133,878"",""133,878"",""-0,11%"""
"09.03.2005,""134,025"",""134,025"",""134,025"",""134,025"",""-0,28%"""
"08.03.2005,""134,396"",""134,396"",""134,396"",""134,396"",""-0,24%"""
"07.03.2005,""134,724"",""134,724"",""134,724"",""134,724"",""0,25%"""
"04.03.2005,""134,392"",""134,392"",""134,392"",""134,392"",""0,35%"""
"03.03.2005,""133,925"",""133,925"",""133,925"",""133,925"",""0,13%"""
"02.03.2005,""133,751"",""133,751"",""133,751"",""133,751"",""-0,24%"""
"01.03.2005,""134,077"",""134,077"",""134,077"",""134,077"",""-0,16%"""
"28.02.2005,""134,289"",""134,289"",""134,289"",""134,289"",""0,09%"""
"25.02.2005,""134,171"",""134,171"",""134,171"",""134,171"",""0,09%"""
"24.02.2005,""134,047"",""134,047"",""134,047"",""134,047"",""-0,13%"""
"23.02.2005,""134,218"",""134,218"",""134,218"",""134,218"",""0,01%"""
"22.02.2005,""134,201"",""134,201"",""134,201"",""134,201"",""-0,11%"""
"18.02.2005,""134,344"",""134,344"",""134,344"",""134,344"",""-0,53%"""
"17.02.2005,""135,060"",""135,060"",""135,060"",""135,060"",""-0,09%"""
"16.02.2005,""135,186"",""135,186"",""135,186"",""135,186"",""-0,21%"""
"15.02.2005,""135,464"",""135,464"",""135,464"",""135,464"",""-0,17%"""
"14.02.2005,""135,696"",""135,696"",""135,696"",""135,696"",""-0,10%"""
"11.02.2005,""135,836"",""135,836"",""135,836"",""135,836"",""-0,10%"""
"10.02.2005,""135,972"",""135,972"",""135,972"",""135,972"",""0,00%"""
"09.02.2005,""135,971"",""135,971"",""135,971"",""135,971"",""0,16%"""
"08.02.2005,""135,750"",""135,750"",""135,750"",""135,750"",""0,07%"""
"07.02.2005,""135,653"",""135,653"",""135,653"",""135,653"",""0,12%"""
"04.02.2005,""135,490"",""135,490"",""135,490"",""135,490"",""0,41%"""
"03.02.2005,""134,934"",""134,934"",""134,934"",""134,934"",""-0,05%"""
"02.02.2005,""135,006"",""135,006"",""135,006"",""135,006"",""-0,08%"""
"01.02.2005,""135,119"",""135,119"",""135,119"",""135,119"",""0,04%"""
"31.01.2005,""135,060"",""135,060"",""135,060"",""135,060"",""0,11%"""
"28.01.2005,""134,913"",""134,913"",""134,913"",""134,913"",""0,20%"""
"27.01.2005,""134,644"",""134,644"",""134,644"",""134,644"",""-0,13%"""
"26.01.2005,""134,826"",""134,826"",""134,826"",""134,826"",""-0,08%"""
"25.01.2005,""134,934"",""134,934"",""134,934"",""134,934"",""0,06%"""
"24.01.2005,""134,850"",""134,850"",""134,850"",""134,850"",""0,14%"""
"21.01.2005,""134,659"",""134,659"",""134,659"",""134,659"",""0,08%"""
"20.01.2005,""134,550"",""134,550"",""134,550"",""134,550"",""-0,32%"""
"19.01.2005,""134,982"",""134,982"",""134,982"",""134,982"",""0,15%"""
"18.01.2005,""134,785"",""134,785"",""134,785"",""134,785"",""0,14%"""
"14.01.2005,""134,594"",""134,594"",""134,594"",""134,594"",""0,05%"""
"13.01.2005,""134,521"",""134,521"",""134,521"",""134,521"",""0,22%"""
"12.01.2005,""134,222"",""134,222"",""134,222"",""134,222"",""-0,01%"""
"11.01.2005,""134,241"",""134,241"",""134,241"",""134,241"",""-0,04%"""
"10.01.2005,""134,290"",""134,290"",""134,290"",""134,290"",""0,11%"""
"07.01.2005,""134,138"",""134,138"",""134,138"",""134,138"",""0,10%"""
"06.01.2005,""134,004"",""134,004"",""134,004"",""134,004"",""0,22%"""
"05.01.2005,""133,708"",""133,708"",""133,708"",""133,708"",""0,05%"""
"04.01.2005,""133,644"",""133,644"",""133,644"",""133,644"",""0,12%"""
"31.12.2004,""133,490"",""133,490"",""133,490"",""133,490"",""0,01%"""
"30.12.2004,""133,478"",""133,478"",""133,478"",""133,478"",""0,15%"""
"29.12.2004,""133,274"",""133,274"",""133,274"",""133,274"",""-0,35%"""
"22.12.2004,""133,747"",""133,747"",""133,747"",""133,747"",""-0,07%"""
"21.12.2004,""133,835"",""133,835"",""133,835"",""133,835"",""-0,22%"""
"20.12.2004,""134,133"",""134,133"",""134,133"",""134,133"",""0,15%"""
"17.12.2004,""133,931"",""133,931"",""133,931"",""133,931"",""-0,23%"""
"16.12.2004,""134,234"",""134,234"",""134,234"",""134,234"",""-0,17%"""
"15.12.2004,""134,464"",""134,464"",""134,464"",""134,464"",""0,30%"""
"14.12.2004,""134,060"",""134,060"",""134,060"",""134,060"",""-0,00%"""
"13.12.2004,""134,064"",""134,064"",""134,064"",""134,064"",""0,11%"""
"10.12.2004,""133,923"",""133,923"",""133,923"",""133,923"",""0,07%"""
"09.12.2004,""133,836"",""133,836"",""133,836"",""133,836"",""0,18%"""
"08.12.2004,""133,601"",""133,601"",""133,601"",""133,601"",""0,15%"""
"07.12.2004,""133,404"",""133,404"",""133,404"",""133,404"",""0,13%"""
"06.12.2004,""133,228"",""133,228"",""133,228"",""133,228"",""0,30%"""
"03.12.2004,""132,833"",""132,833"",""132,833"",""132,833"",""0,43%"""
"02.12.2004,""132,270"",""132,270"",""132,270"",""132,270"",""-0,24%"""
"01.12.2004,""132,593"",""132,593"",""132,593"",""132,593"",""0,03%"""
"30.11.2004,""132,557"",""132,557"",""132,557"",""132,557"",""0,07%"""
"29.11.2004,""132,460"",""132,460"",""132,460"",""132,460"",""-0,17%"""
"26.11.2004,""132,681"",""132,681"",""132,681"",""132,681"",""0,22%"""
"24.11.2004,""132,392"",""132,392"",""132,392"",""132,392"",""0,02%"""
"23.11.2004,""132,364"",""132,364"",""132,364"",""132,364"",""0,10%"""
"22.11.2004,""132,237"",""132,237"",""132,237"",""132,237"",""0,20%"""
"19.11.2004,""131,970"",""131,970"",""131,970"",""131,970"",""0,10%"""
"18.11.2004,""131,836"",""131,836"",""131,836"",""131,836"",""-0,19%"""
"17.11.2004,""132,090"",""132,090"",""132,090"",""132,090"",""-0,14%"""
"16.11.2004,""132,272"",""132,272"",""132,272"",""132,272"",""0,13%"""
"15.11.2004,""132,102"",""132,102"",""132,102"",""132,102"",""0,06%"""
"12.11.2004,""132,023"",""132,023"",""132,023"",""132,023"",""0,22%"""
"11.11.2004,""131,728"",""131,728"",""131,728"",""131,728"",""0,28%"""
"10.11.2004,""131,364"",""131,364"",""131,364"",""131,364"",""0,04%"""
"09.11.2004,""131,312"",""131,312"",""131,312"",""131,312"",""0,16%"""
"08.11.2004,""131,101"",""131,101"",""131,101"",""131,101"",""0,05%"""
"05.11.2004,""131,030"",""131,030"",""131,030"",""131,030"",""-0,28%"""
"04.11.2004,""131,393"",""131,393"",""131,393"",""131,393"",""0,31%"""
"03.11.2004,""130,986"",""130,986"",""130,986"",""130,986"",""0,08%"""
"02.11.2004,""130,885"",""130,885"",""130,885"",""130,885"",""-0,23%"""
"01.11.2004,""131,184"",""131,184"",""131,184"",""131,184"",""0,11%"""
"29.10.2004,""131,039"",""131,039"",""131,039"",""131,039"",""0,06%"""
"28.10.2004,""130,956"",""130,956"",""130,956"",""130,956"",""-0,27%"""
"27.10.2004,""131,304"",""131,304"",""131,304"",""131,304"",""-0,04%"""
"26.10.2004,""131,353"",""131,353"",""131,353"",""131,353"",""0,21%"""
"22.10.2004,""131,081"",""131,081"",""131,081"",""131,081"",""0,03%"""
"21.10.2004,""131,041"",""131,041"",""131,041"",""131,041"",""-0,04%"""
"20.10.2004,""131,090"",""131,090"",""131,090"",""131,090"",""0,28%"""
"19.10.2004,""130,722"",""130,722"",""130,722"",""130,722"",""-0,12%"""
"18.10.2004,""130,877"",""130,877"",""130,877"",""130,877"",""0,07%"""
"15.10.2004,""130,786"",""130,786"",""130,786"",""130,786"",""0,00%"""
"14.10.2004,""130,786"",""130,786"",""130,786"",""130,786"",""0,14%"""
"13.10.2004,""130,603"",""130,603"",""130,603"",""130,603"",""0,01%"""
"12.10.2004,""130,587"",""130,587"",""130,587"",""130,587"",""0,23%"""
"11.10.2004,""130,291"",""130,291"",""130,291"",""130,291"",""-0,04%"""
"08.10.2004,""130,337"",""130,337"",""130,337"",""130,337"",""0,40%"""
"07.10.2004,""129,821"",""129,821"",""129,821"",""129,821"",""-0,11%"""
"06.10.2004,""129,959"",""129,959"",""129,959"",""129,959"",""0,03%"""
"05.10.2004,""129,923"",""129,923"",""129,923"",""129,923"",""0,24%"""
"04.10.2004,""129,612"",""129,612"",""129,612"",""129,612"",""-0,07%"""
"01.10.2004,""129,707"",""129,707"",""129,707"",""129,707"",""-0,13%"""
"30.09.2004,""129,882"",""129,882"",""129,882"",""129,882"",""0,07%"""
"29.09.2004,""129,793"",""129,793"",""129,793"",""129,793"",""-0,28%"""
"28.09.2004,""130,153"",""130,153"",""130,153"",""130,153"",""-0,02%"""
"27.09.2004,""130,181"",""130,181"",""130,181"",""130,181"",""0,21%"""
"24.09.2004,""129,903"",""129,903"",""129,903"",""129,903"",""-0,14%"""
"23.09.2004,""130,085"",""130,085"",""130,085"",""130,085"",""0,20%"""
"22.09.2004,""129,822"",""129,822"",""129,822"",""129,822"",""0,18%"""
"21.09.2004,""129,594"",""129,594"",""129,594"",""129,594"",""0,02%"""
"20.09.2004,""129,572"",""129,572"",""129,572"",""129,572"",""0,11%"""
"17.09.2004,""129,426"",""129,426"",""129,426"",""129,426"",""0,21%"""
"16.09.2004,""129,151"",""129,151"",""129,151"",""129,151"",""-0,01%"""
"15.09.2004,""129,161"",""129,161"",""129,161"",""129,161"",""-0,04%"""
"14.09.2004,""129,215"",""129,215"",""129,215"",""129,215"",""0,10%"""
"13.09.2004,""129,084"",""129,084"",""129,084"",""129,084"",""-0,10%"""
"10.09.2004,""129,218"",""129,218"",""129,218"",""129,218"",""0,21%"""
"09.09.2004,""128,942"",""128,942"",""128,942"",""128,942"",""0,29%"""
"08.09.2004,""128,573"",""128,573"",""128,573"",""128,573"",""0,05%"""
"07.09.2004,""128,508"",""128,508"",""128,508"",""128,508"",""0,07%"""
"03.09.2004,""128,414"",""128,414"",""128,414"",""128,414"",""-0,48%"""
"02.09.2004,""129,032"",""129,032"",""129,032"",""129,032"",""-0,15%"""
"01.09.2004,""129,220"",""129,220"",""129,220"",""129,220"",""-0,09%"""
"31.08.2004,""129,331"",""129,331"",""129,331"",""129,331"",""0,27%"""
"30.08.2004,""128,986"",""128,986"",""128,986"",""128,986"",""0,04%"""
"27.08.2004,""128,939"",""128,939"",""128,939"",""128,939"",""-0,00%"""
"26.08.2004,""128,945"",""128,945"",""128,945"",""128,945"",""0,07%"""
"25.08.2004,""128,859"",""128,859"",""128,859"",""128,859"",""0,21%"""
"24.08.2004,""128,586"",""128,586"",""128,586"",""128,586"",""0,05%"""
"23.08.2004,""128,518"",""128,518"",""128,518"",""128,518"",""-0,30%"""
"20.08.2004,""128,910"",""128,910"",""128,910"",""128,910"",""0,10%"""
"19.08.2004,""128,784"",""128,784"",""128,784"",""128,784"",""0,08%"""
"18.08.2004,""128,675"",""128,675"",""128,675"",""128,675"",""-0,09%"""
"17.08.2004,""128,788"",""128,788"",""128,788"",""128,788"",""0,12%"""
"16.08.2004,""128,635"",""128,635"",""128,635"",""128,635"",""-0,17%"""
"13.08.2004,""128,849"",""128,849"",""128,849"",""128,849"",""0,11%"""
"12.08.2004,""128,705"",""128,705"",""128,705"",""128,705"",""0,15%"""
"11.08.2004,""128,518"",""128,518"",""128,518"",""128,518"",""-0,21%"""
"10.08.2004,""128,783"",""128,783"",""128,783"",""128,783"",""0,08%"""
"09.08.2004,""128,683"",""128,683"",""128,683"",""128,683"",""-0,01%"""
"06.08.2004,""128,695"",""128,695"",""128,695"",""128,695"",""0,45%"""
"05.08.2004,""128,117"",""128,117"",""128,117"",""128,117"",""0,17%"""
"04.08.2004,""127,901"",""127,901"",""127,901"",""127,901"",""0,09%"""
"03.08.2004,""127,787"",""127,787"",""127,787"",""127,787"",""0,17%"""
"30.07.2004,""127,568"",""127,568"",""127,568"",""127,568"",""0,33%"""
"29.07.2004,""127,153"",""127,153"",""127,153"",""127,153"",""0,17%"""
"28.07.2004,""126,939"",""126,939"",""126,939"",""126,939"",""-0,09%"""
"27.07.2004,""127,059"",""127,059"",""127,059"",""127,059"",""-0,07%"""
"26.07.2004,""127,151"",""127,151"",""127,151"",""127,151"",""-0,08%"""
"23.07.2004,""127,249"",""127,249"",""127,249"",""127,249"",""-0,00%"""
"22.07.2004,""127,252"",""127,252"",""127,252"",""127,252"",""0,26%"""
"21.07.2004,""126,923"",""126,923"",""126,923"",""126,923"",""-0,38%"""
"20.07.2004,""127,411"",""127,411"",""127,411"",""127,411"",""-0,05%"""
"19.07.2004,""127,472"",""127,472"",""127,472"",""127,472"",""-0,01%"""
"16.07.2004,""127,491"",""127,491"",""127,491"",""127,491"",""0,34%"""
"15.07.2004,""127,058"",""127,058"",""127,058"",""127,058"",""0,02%"""
"14.07.2004,""127,027"",""127,027"",""127,027"",""127,027"",""0,04%"""
"13.07.2004,""126,971"",""126,971"",""126,971"",""126,971"",""-0,25%"""
"12.07.2004,""127,286"",""127,286"",""127,286"",""127,286"",""0,14%"""
"09.07.2004,""127,106"",""127,106"",""127,106"",""127,106"",""-0,02%"""
"08.07.2004,""127,137"",""127,137"",""127,137"",""127,137"",""0,03%"""
"07.07.2004,""127,099"",""127,099"",""127,099"",""127,099"",""0,09%"""
"06.07.2004,""126,981"",""126,981"",""126,981"",""126,981"",""0,01%"""
"02.07.2004,""126,963"",""126,963"",""126,963"",""126,963"",""0,36%"""
"01.07.2004,""126,504"",""126,504"",""126,504"",""126,504"",""0,01%"""
"30.06.2004,""126,496"",""126,496"",""126,496"",""126,496"",""0,29%"""
"29.06.2004,""126,133"",""126,133"",""126,133"",""126,133"",""0,00%"""
"28.06.2004,""126,130"",""126,130"",""126,130"",""126,130"",""-0,21%"""
"25.06.2004,""126,398"",""126,398"",""126,398"",""126,398"",""-0,14%"""
"24.06.2004,""126,581"",""126,581"",""126,581"",""126,581"",""0,40%"""
"23.06.2004,""126,071"",""126,071"",""126,071"",""126,071"",""0,02%"""
"22.06.2004,""126,041"",""126,041"",""126,041"",""126,041"",""-0,12%"""
"21.06.2004,""126,193"",""126,193"",""126,193"",""126,193"",""0,04%"""
"18.06.2004,""126,144"",""126,144"",""126,144"",""126,144"",""0,26%"""
"17.06.2004,""125,820"",""125,820"",""125,820"",""125,820"",""-0,03%"""
"16.06.2004,""125,860"",""125,860"",""125,860"",""125,860"",""-0,12%"""
"15.06.2004,""126,008"",""126,008"",""126,008"",""126,008"",""0,37%"""
"14.06.2004,""125,540"",""125,540"",""125,540"",""125,540"",""-0,12%"""
"10.06.2004,""125,688"",""125,688"",""125,688"",""125,688"",""-0,02%"""
"09.06.2004,""125,719"",""125,719"",""125,719"",""125,719"",""-0,17%"""
"08.06.2004,""125,937"",""125,937"",""125,937"",""125,937"",""0,23%"""
"04.06.2004,""125,642"",""125,642"",""125,642"",""125,642"",""-0,08%"""
"03.06.2004,""125,746"",""125,746"",""125,746"",""125,746"",""0,03%"""
"02.06.2004,""125,704"",""125,704"",""125,704"",""125,704"",""-0,06%"""
"01.06.2004,""125,784"",""125,784"",""125,784"",""125,784"",""-0,20%"""
"28.05.2004,""126,032"",""126,032"",""126,032"",""126,032"",""-0,21%"""
"27.05.2004,""126,300"",""126,300"",""126,300"",""126,300"",""0,24%"""
"26.05.2004,""126,002"",""126,002"",""126,002"",""126,002"",""0,17%"""
"25.05.2004,""125,794"",""125,794"",""125,794"",""125,794"",""0,11%"""
"24.05.2004,""125,654"",""125,654"",""125,654"",""125,654"",""-0,11%"""
"21.05.2004,""125,798"",""125,798"",""125,798"",""125,798"",""0,09%"""
"20.05.2004,""125,680"",""125,680"",""125,680"",""125,680"",""0,10%"""
"19.05.2004,""125,557"",""125,557"",""125,557"",""125,557"",""-0,19%"""
"18.05.2004,""125,802"",""125,802"",""125,802"",""125,802"",""-0,15%"""
"17.05.2004,""125,989"",""125,989"",""125,989"",""125,989"",""0,27%"""
"14.05.2004,""125,645"",""125,645"",""125,645"",""125,645"",""0,20%"""
"13.05.2004,""125,392"",""125,392"",""125,392"",""125,392"",""-0,13%"""
"12.05.2004,""125,560"",""125,560"",""125,560"",""125,560"",""-0,17%"""
"11.05.2004,""125,771"",""125,771"",""125,771"",""125,771"",""0,02%"""
"10.05.2004,""125,749"",""125,749"",""125,749"",""125,749"",""0,07%"""
"07.05.2004,""125,666"",""125,666"",""125,666"",""125,666"",""-0,44%"""
"06.05.2004,""126,222"",""126,222"",""126,222"",""126,222"",""-0,26%"""
"05.05.2004,""126,547"",""126,547"",""126,547"",""126,547"",""-0,01%"""
"04.05.2004,""126,558"",""126,558"",""126,558"",""126,558"",""0,09%"""
"30.04.2004,""126,450"",""126,450"",""126,450"",""126,450"",""0,09%"""
"29.04.2004,""126,336"",""126,336"",""126,336"",""126,336"",""0,04%"""
"28.04.2004,""126,285"",""126,285"",""126,285"",""126,285"",""-0,01%"""
"27.04.2004,""126,299"",""126,299"",""126,299"",""126,299"",""-0,02%"""
"26.04.2004,""126,322"",""126,322"",""126,322"",""126,322"",""-0,04%"""
"23.04.2004,""126,372"",""126,372"",""126,372"",""126,372"",""-0,07%"""
"22.04.2004,""126,459"",""126,459"",""126,459"",""126,459"",""0,04%"""
"21.04.2004,""126,405"",""126,405"",""126,405"",""126,405"",""-0,06%"""
"20.04.2004,""126,475"",""126,475"",""126,475"",""126,475"",""-0,22%"""
"19.04.2004,""126,748"",""126,748"",""126,748"",""126,748"",""0,01%"""
"16.04.2004,""126,730"",""126,730"",""126,730"",""126,730"",""0,28%"""
"15.04.2004,""126,373"",""126,373"",""126,373"",""126,373"",""0,10%"""
"14.04.2004,""126,245"",""126,245"",""126,245"",""126,245"",""-0,14%"""
"13.04.2004,""126,425"",""126,425"",""126,425"",""126,425"",""-0,35%"""
"08.04.2004,""126,873"",""126,873"",""126,873"",""126,873"",""-0,05%"""
"07.04.2004,""126,932"",""126,932"",""126,932"",""126,932"",""0,16%"""
"06.04.2004,""126,723"",""126,723"",""126,723"",""126,723"",""0,11%"""
"05.04.2004,""126,578"",""126,578"",""126,578"",""126,578"",""-0,08%"""
"02.04.2004,""126,680"",""126,680"",""126,680"",""126,680"",""-0,60%"""
"01.04.2004,""127,445"",""127,445"",""127,445"",""127,445"",""-0,24%"""
"31.03.2004,""127,751"",""127,751"",""127,751"",""127,751"",""0,12%"""
"30.03.2004,""127,595"",""127,595"",""127,595"",""127,595"",""0,07%"""
"29.03.2004,""127,511"",""127,511"",""127,511"",""127,511"",""-0,40%"""
"26.03.2004,""128,024"",""128,024"",""128,024"",""128,024"",""-0,10%"""
"25.03.2004,""128,153"",""128,153"",""128,153"",""128,153"",""0,06%"""
"24.03.2004,""128,076"",""128,076"",""128,076"",""128,076"",""0,16%"""
"23.03.2004,""127,873"",""127,873"",""127,873"",""127,873"",""-0,05%"""
"22.03.2004,""127,942"",""127,942"",""127,942"",""127,942"",""0,11%"""
"19.03.2004,""127,799"",""127,799"",""127,799"",""127,799"",""0,02%"""
"18.03.2004,""127,770"",""127,770"",""127,770"",""127,770"",""0,29%"""
"16.03.2004,""127,396"",""127,396"",""127,396"",""127,396"",""-0,26%"""
"15.03.2004,""127,729"",""127,729"",""127,729"",""127,729"",""0,10%"""
"12.03.2004,""127,607"",""127,607"",""127,607"",""127,607"",""0,00%"""
"11.03.2004,""127,605"",""127,605"",""127,605"",""127,605"",""0,15%"""
"10.03.2004,""127,415"",""127,415"",""127,415"",""127,415"",""-0,13%"""
"09.03.2004,""127,578"",""127,578"",""127,578"",""127,578"",""0,09%"""
"08.03.2004,""127,462"",""127,462"",""127,462"",""127,462"",""0,35%"""
"05.03.2004,""127,013"",""127,013"",""127,013"",""127,013"",""0,60%"""
"04.03.2004,""126,252"",""126,252"",""126,252"",""126,252"",""0,18%"""
"03.03.2004,""126,028"",""126,028"",""126,028"",""126,028"",""-0,28%"""
"02.03.2004,""126,385"",""126,385"",""126,385"",""126,385"",""-0,07%"""
"01.03.2004,""126,468"",""126,468"",""126,468"",""126,468"",""-0,06%"""
"27.02.2004,""126,543"",""126,543"",""126,543"",""126,543"",""0,22%"""
"26.02.2004,""126,265"",""126,265"",""126,265"",""126,265"",""0,03%"""
"25.02.2004,""126,225"",""126,225"",""126,225"",""126,225"",""0,02%"""
"24.02.2004,""126,206"",""126,206"",""126,206"",""126,206"",""0,29%"""
"23.02.2004,""125,844"",""125,844"",""125,844"",""125,844"",""0,04%"""
"20.02.2004,""125,798"",""125,798"",""125,798"",""125,798"",""-0,02%"""
"19.02.2004,""125,821"",""125,821"",""125,821"",""125,821"",""-0,24%"""
"18.02.2004,""126,119"",""126,119"",""126,119"",""126,119"",""-0,02%"""
"17.02.2004,""126,138"",""126,138"",""126,138"",""126,138"",""0,20%"""
"13.02.2004,""125,892"",""125,892"",""125,892"",""125,892"",""0,06%"""
"12.02.2004,""125,817"",""125,817"",""125,817"",""125,817"",""0,08%"""
"11.02.2004,""125,719"",""125,719"",""125,719"",""125,719"",""0,05%"""
"10.02.2004,""125,650"",""125,650"",""125,650"",""125,650"",""0,02%"""
"09.02.2004,""125,627"",""125,627"",""125,627"",""125,627"",""0,05%"""
"06.02.2004,""125,570"",""125,570"",""125,570"",""125,570"",""0,18%"""
"05.02.2004,""125,340"",""125,340"",""125,340"",""125,340"",""0,11%"""
"04.02.2004,""125,200"",""125,200"",""125,200"",""125,200"",""0,07%"""
"03.02.2004,""125,110"",""125,110"",""125,110"",""125,110"",""0,10%"""
"02.02.2004,""124,988"",""124,988"",""124,988"",""124,988"",""0,08%"""
"30.01.2004,""124,890"",""124,890"",""124,890"",""124,890"",""0,19%"""
"29.01.2004,""124,647"",""124,647"",""124,647"",""124,647"",""-0,58%"""
"28.01.2004,""125,371"",""125,371"",""125,371"",""125,371"",""-0,02%"""
"27.01.2004,""125,391"",""125,391"",""125,391"",""125,391"",""0,16%"""
"26.01.2004,""125,196"",""125,196"",""125,196"",""125,196"",""-0,42%"""
"23.01.2004,""125,727"",""125,727"",""125,727"",""125,727"",""0,30%"""
"22.01.2004,""125,352"",""125,352"",""125,352"",""125,352"",""0,13%"""
"21.01.2004,""125,193"",""125,193"",""125,193"",""125,193"",""-0,13%"""
"20.01.2004,""125,350"",""125,350"",""125,350"",""125,350"",""0,18%"""
"16.01.2004,""125,124"",""125,124"",""125,124"",""125,124"",""-0,08%"""
"15.01.2004,""125,227"",""125,227"",""125,227"",""125,227"",""0,11%"""
"14.01.2004,""125,087"",""125,087"",""125,087"",""125,087"",""-0,10%"""
"13.01.2004,""125,206"",""125,206"",""125,206"",""125,206"",""-0,13%"""
"12.01.2004,""125,365"",""125,365"",""125,365"",""125,365"",""0,14%"""
"09.01.2004,""125,189"",""125,189"",""125,189"",""125,189"",""0,45%"""
"08.01.2004,""124,630"",""124,630"",""124,630"",""124,630"",""0,06%"""
"07.01.2004,""124,555"",""124,555"",""124,555"",""124,555"",""0,11%"""
"06.01.2004,""124,415"",""124,415"",""124,415"",""124,415"",""0,34%"""
"05.01.2004,""123,998"",""123,998"",""123,998"",""123,998"",""0,07%"""
"02.01.2004,""123,912"",""123,912"",""123,912"",""123,912"",""-0,17%"""
"31.12.2003,""124,129"",""124,129"",""124,129"",""124,129"",""0,01%"""
"30.12.2003,""124,116"",""124,116"",""124,116"",""124,116"",""-0,15%"""
"24.12.2003,""124,297"",""124,297"",""124,297"",""124,297"",""0,01%"""
"23.12.2003,""124,285"",""124,285"",""124,285"",""124,285"",""0,09%"""
"22.12.2003,""124,168"",""124,168"",""124,168"",""124,168"",""0,20%"""
"19.12.2003,""123,921"",""123,921"",""123,921"",""123,921"",""-0,21%"""
"18.12.2003,""124,176"",""124,176"",""124,176"",""124,176"",""0,09%"""
"17.12.2003,""124,069"",""124,069"",""124,069"",""124,069"",""0,21%"""
"16.12.2003,""123,804"",""123,804"",""123,804"",""123,804"",""0,11%"""
"15.12.2003,""123,664"",""123,664"",""123,664"",""123,664"",""0,01%"""
"12.12.2003,""123,650"",""123,650"",""123,650"",""123,650"",""0,39%"""
"11.12.2003,""123,171"",""123,171"",""123,171"",""123,171"",""-0,09%"""
"10.12.2003,""123,282"",""123,282"",""123,282"",""123,282"",""0,14%"""
"09.12.2003,""123,109"",""123,109"",""123,109"",""123,109"",""-0,12%"""
"08.12.2003,""123,257"",""123,257"",""123,257"",""123,257"",""0,00%"""
"05.12.2003,""123,255"",""123,255"",""123,255"",""123,255"",""0,54%"""
"04.12.2003,""122,589"",""122,589"",""122,589"",""122,589"",""-0,06%"""
"03.12.2003,""122,659"",""122,659"",""122,659"",""122,659"",""0,13%"""
"02.12.2003,""122,504"",""122,504"",""122,504"",""122,504"",""0,18%"""
"01.12.2003,""122,281"",""122,281"",""122,281"",""122,281"",""-0,28%"""
"28.11.2003,""122,622"",""122,622"",""122,622"",""122,622"",""-0,21%"""
"26.11.2003,""122,874"",""122,874"",""122,874"",""122,874"",""0,11%"""
"25.11.2003,""122,736"",""122,736"",""122,736"",""122,736"",""-0,09%"""
"24.11.2003,""122,843"",""122,843"",""122,843"",""122,843"",""-0,39%"""
"21.11.2003,""123,319"",""123,319"",""123,319"",""123,319"",""0,18%"""
"20.11.2003,""123,103"",""123,103"",""123,103"",""123,103"",""0,05%"""
"19.11.2003,""123,039"",""123,039"",""123,039"",""123,039"",""-0,22%"""
"18.11.2003,""123,314"",""123,314"",""123,314"",""123,314"",""0,07%"""
"17.11.2003,""123,231"",""123,231"",""123,231"",""123,231"",""0,19%"""
"14.11.2003,""123,001"",""123,001"",""123,001"",""123,001"",""0,36%"""
"13.11.2003,""122,558"",""122,558"",""122,558"",""122,558"",""0,29%"""
"12.11.2003,""122,209"",""122,209"",""122,209"",""122,209"",""-0,01%"""
"11.11.2003,""122,222"",""122,222"",""122,222"",""122,222"",""0,03%"""
"10.11.2003,""122,189"",""122,189"",""122,189"",""122,189"",""0,10%"""
"07.11.2003,""122,064"",""122,064"",""122,064"",""122,064"",""-0,20%"""
"06.11.2003,""122,303"",""122,303"",""122,303"",""122,303"",""-0,38%"""
"05.11.2003,""122,775"",""122,775"",""122,775"",""122,775"",""-0,03%"""
"04.11.2003,""122,809"",""122,809"",""122,809"",""122,809"",""0,24%"""
"03.11.2003,""122,515"",""122,515"",""122,515"",""122,515"",""-0,36%"""
"31.10.2003,""122,963"",""122,963"",""122,963"",""122,963"",""0,27%"""
"30.10.2003,""122,636"",""122,636"",""122,636"",""122,636"",""-0,22%"""
"29.10.2003,""122,909"",""122,909"",""122,909"",""122,909"",""0,01%"""
"28.10.2003,""122,901"",""122,901"",""122,901"",""122,901"",""-0,13%"""
"27.10.2003,""123,065"",""123,065"",""123,065"",""123,065"",""0,02%"""
"23.10.2003,""123,036"",""123,036"",""123,036"",""123,036"",""-0,09%"""
"22.10.2003,""123,149"",""123,149"",""123,149"",""123,149"",""0,00%"""
"21.10.2003,""123,145"",""123,145"",""123,145"",""123,145"",""0,25%"""
"20.10.2003,""122,844"",""122,844"",""122,844"",""122,844"",""0,07%"""
"17.10.2003,""122,755"",""122,755"",""122,755"",""122,755"",""-0,08%"""
"16.10.2003,""122,855"",""122,855"",""122,855"",""122,855"",""0,21%"""
"15.10.2003,""122,593"",""122,593"",""122,593"",""122,593"",""-0,28%"""
"14.10.2003,""122,932"",""122,932"",""122,932"",""122,932"",""-0,37%"""
"10.10.2003,""123,392"",""123,392"",""123,392"",""123,392"",""0,24%"""
"09.10.2003,""123,094"",""123,094"",""123,094"",""123,094"",""-0,23%"""
"08.10.2003,""123,376"",""123,376"",""123,376"",""123,376"",""0,06%"""
"07.10.2003,""123,299"",""123,299"",""123,299"",""123,299"",""-0,15%"""
"06.10.2003,""123,485"",""123,485"",""123,485"",""123,485"",""0,24%"""
"03.10.2003,""123,191"",""123,191"",""123,191"",""123,191"",""-0,53%"""
"02.10.2003,""123,852"",""123,852"",""123,852"",""123,852"",""-0,60%"""
"01.10.2003,""124,603"",""124,603"",""124,603"",""124,603"",""-0,00%"""
"30.09.2003,""124,604"",""124,604"",""124,604"",""124,604"",""0,24%"""
"29.09.2003,""124,305"",""124,305"",""124,305"",""124,305"",""0,06%"""
"26.09.2003,""124,231"",""124,231"",""124,231"",""124,231"",""0,22%"""
"25.09.2003,""123,956"",""123,956"",""123,956"",""123,956"",""0,19%"""
"24.09.2003,""123,725"",""123,725"",""123,725"",""123,725"",""-0,12%"""
"23.09.2003,""123,871"",""123,871"",""123,871"",""123,871"",""0,13%"""
"22.09.2003,""123,706"",""123,706"",""123,706"",""123,706"",""0,23%"""
"19.09.2003,""123,426"",""123,426"",""123,426"",""123,426"",""0,20%"""
"18.09.2003,""123,184"",""123,184"",""123,184"",""123,184"",""-0,02%"""
"17.09.2003,""123,212"",""123,212"",""123,212"",""123,212"",""0,13%"""
"16.09.2003,""123,051"",""123,051"",""123,051"",""123,051"",""-0,21%"""
"12.09.2003,""123,313"",""123,313"",""123,313"",""123,313"",""0,62%"""
"11.09.2003,""122,551"",""122,551"",""122,551"",""122,551"",""-0,14%"""
"10.09.2003,""122,724"",""122,724"",""122,724"",""122,724"",""0,29%"""
"09.09.2003,""122,368"",""122,368"",""122,368"",""122,368"",""-0,17%"""
"08.09.2003,""122,580"",""122,580"",""122,580"",""122,580"",""0,27%"""
"05.09.2003,""122,250"",""122,250"",""122,250"",""122,250"",""0,29%"""
"04.09.2003,""121,899"",""121,899"",""121,899"",""121,899"",""0,11%"""
"03.09.2003,""121,761"",""121,761"",""121,761"",""121,761"",""-0,13%"""
"02.09.2003,""121,919"",""121,919"",""121,919"",""121,919"",""-0,69%"""
"29.08.2003,""122,768"",""122,768"",""122,768"",""122,768"",""-0,03%"""
"28.08.2003,""122,806"",""122,806"",""122,806"",""122,806"",""0,13%"""
"27.08.2003,""122,645"",""122,645"",""122,645"",""122,645"",""-0,14%"""
"25.08.2003,""122,820"",""122,820"",""122,820"",""122,820"",""0,11%"""
"21.08.2003,""122,691"",""122,691"",""122,691"",""122,691"",""-0,08%"""
"20.08.2003,""122,787"",""122,787"",""122,787"",""122,787"",""-0,06%"""
"19.08.2003,""122,859"",""122,859"",""122,859"",""122,859"",""0,01%"""
"18.08.2003,""122,844"",""122,844"",""122,844"",""122,844"",""-0,01%"""
"15.08.2003,""122,852"",""122,852"",""122,852"",""122,852"",""0,12%"""
"13.08.2003,""122,710"",""122,710"",""122,710"",""122,710"",""-0,49%"""
"12.08.2003,""123,310"",""123,310"",""123,310"",""123,310"",""0,06%"""
"11.08.2003,""123,230"",""123,230"",""123,230"",""123,230"",""-0,35%"""
"08.08.2003,""123,660"",""123,660"",""123,660"",""123,660"",""0,50%"""
"07.08.2003,""123,040"",""123,040"",""123,040"",""123,040"",""0,29%"""
"06.08.2003,""122,690"",""122,690"",""122,690"",""122,690"",""0,13%"""
"05.08.2003,""122,530"",""122,530"",""122,530"",""122,530"",""0,21%"""
"01.08.2003,""122,270"",""122,270"",""122,270"",""122,270"",""-0,18%"""
"31.07.2003,""122,488"",""122,488"",""122,488"",""122,488"",""-0,42%"""
"30.07.2003,""123,010"",""123,010"",""123,010"",""123,010"",""-0,17%"""
"29.07.2003,""123,220"",""123,220"",""123,220"",""123,220"",""0,15%"""
"28.07.2003,""123,030"",""123,030"",""123,030"",""123,030"",""-0,56%"""
"25.07.2003,""123,720"",""123,720"",""123,720"",""123,720"",""0,43%"""
"24.07.2003,""123,190"",""123,190"",""123,190"",""123,190"",""-0,25%"""
"23.07.2003,""123,500"",""123,500"",""123,500"",""123,500"",""0,26%"""
"22.07.2003,""123,180"",""123,180"",""123,180"",""123,180"",""-0,01%"""
"21.07.2003,""123,190"",""123,190"",""123,190"",""123,190"",""0,02%"""
"17.07.2003,""123,160"",""123,160"",""123,160"",""123,160"",""-0,27%"""
"16.07.2003,""123,490"",""123,490"",""123,490"",""123,490"",""-0,15%"""
"15.07.2003,""123,680"",""123,680"",""123,680"",""123,680"",""-0,62%"""
"11.07.2003,""124,450"",""124,450"",""124,450"",""124,450"",""0,14%"""
"10.07.2003,""124,280"",""124,280"",""124,280"",""124,280"",""0,24%"""
"09.07.2003,""123,986"",""123,986"",""123,986"",""123,986"",""0,05%"""
"08.07.2003,""123,929"",""123,929"",""123,929"",""123,929"",""0,00%"""
"07.07.2003,""123,924"",""123,924"",""123,924"",""123,924"",""0,04%"""
"03.07.2003,""123,872"",""123,872"",""123,872"",""123,872"",""-0,25%"""
"02.07.2003,""124,180"",""124,180"",""124,180"",""124,180"",""-0,34%"""
"01.07.2003,""124,601"",""124,601"",""124,601"",""124,601"",""0,06%"""
"30.06.2003,""124,529"",""124,529"",""124,529"",""124,529"",""0,28%"""
"27.06.2003,""124,182"",""124,182"",""124,182"",""124,182"",""-0,25%"""
"26.06.2003,""124,489"",""124,489"",""124,489"",""124,489"",""-0,78%"""
"25.06.2003,""125,465"",""125,465"",""125,465"",""125,465"",""0,21%"""
"24.06.2003,""125,200"",""125,200"",""125,200"",""125,200"",""-0,04%"""
"23.06.2003,""125,245"",""125,245"",""125,245"",""125,245"",""0,15%"""
"20.06.2003,""125,054"",""125,054"",""125,054"",""125,054"",""0,00%"""
"19.06.2003,""125,051"",""125,051"",""125,051"",""125,051"",""-0,00%"""
"18.06.2003,""125,055"",""125,055"",""125,055"",""125,055"",""-0,73%"""
"17.06.2003,""125,974"",""125,974"",""125,974"",""125,974"",""-0,38%"""
"16.06.2003,""126,449"",""126,449"",""126,449"",""126,449"",""-0,09%"""
"13.06.2003,""126,568"",""126,568"",""126,568"",""126,568"",""0,34%"""
"12.06.2003,""126,138"",""126,138"",""126,138"",""126,138"",""-0,01%"""
"11.06.2003,""126,153"",""126,153"",""126,153"",""126,153"",""0,28%"""
"10.06.2003,""125,803"",""125,803"",""125,803"",""125,803"",""0,09%"""
"09.06.2003,""125,691"",""125,691"",""125,691"",""125,691"",""0,53%"""
"06.06.2003,""125,031"",""125,031"",""125,031"",""125,031"",""-0,34%"""
"05.06.2003,""125,452"",""125,452"",""125,452"",""125,452"",""0,21%"""
"03.06.2003,""125,188"",""125,188"",""125,188"",""125,188"",""0,48%"""
"30.05.2003,""124,591"",""124,591"",""124,591"",""124,591"",""-0,07%"""
"29.05.2003,""124,678"",""124,678"",""124,678"",""124,678"",""0,35%"""
"28.05.2003,""124,248"",""124,248"",""124,248"",""124,248"",""-0,55%"""
"27.05.2003,""124,938"",""124,938"",""124,938"",""124,938"",""-0,10%"""
"23.05.2003,""125,066"",""125,066"",""125,066"",""125,066"",""0,38%"""
"22.05.2003,""124,594"",""124,594"",""124,594"",""124,594"",""-0,03%"""
"21.05.2003,""124,634"",""124,634"",""124,634"",""124,634"",""0,19%"""
"20.05.2003,""124,397"",""124,397"",""124,397"",""124,397"",""0,06%"""
"19.05.2003,""124,328"",""124,328"",""124,328"",""124,328"",""0,36%"""
"16.05.2003,""123,887"",""123,887"",""123,887"",""123,887"",""0,33%"""
"15.05.2003,""123,483"",""123,483"",""123,483"",""123,483"",""0,15%"""
"14.05.2003,""123,296"",""123,296"",""123,296"",""123,296"",""0,09%"""
"13.05.2003,""123,183"",""123,183"",""123,183"",""123,183"",""0,08%"""
"12.05.2003,""123,089"",""123,089"",""123,089"",""123,089"",""0,10%"""
"09.05.2003,""122,966"",""122,966"",""122,966"",""122,966"",""0,12%"""
"08.05.2003,""122,814"",""122,814"",""122,814"",""122,814"",""0,10%"""
"07.05.2003,""122,695"",""122,695"",""122,695"",""122,695"",""0,52%"""
"06.05.2003,""122,059"",""122,059"",""122,059"",""122,059"",""0,10%"""
"05.05.2003,""121,932"",""121,932"",""121,932"",""121,932"",""0,06%"""
"01.05.2003,""121,857"",""121,857"",""121,857"",""121,857"",""0,03%"""
"30.04.2003,""121,824"",""121,824"",""121,824"",""121,824"",""0,24%"""
"29.04.2003,""121,532"",""121,532"",""121,532"",""121,532"",""-0,10%"""
"28.04.2003,""121,650"",""121,650"",""121,650"",""121,650"",""-0,10%"""
"25.04.2003,""121,776"",""121,776"",""121,776"",""121,776"",""0,10%"""
"24.04.2003,""121,656"",""121,656"",""121,656"",""121,656"",""0,23%"""
"23.04.2003,""121,374"",""121,374"",""121,374"",""121,374"",""0,05%"""
"22.04.2003,""121,313"",""121,313"",""121,313"",""121,313"",""0,00%"""
"21.04.2003,""121,313"",""121,313"",""121,313"",""121,313"",""0,16%"""
"16.04.2003,""121,115"",""121,115"",""121,115"",""121,115"",""0,17%"""
"15.04.2003,""120,915"",""120,915"",""120,915"",""120,915"",""0,07%"""
"14.04.2003,""120,825"",""120,825"",""120,825"",""120,825"",""-0,10%"""
"11.04.2003,""120,942"",""120,942"",""120,942"",""120,942"",""-0,36%"""
"10.04.2003,""121,374"",""121,374"",""121,374"",""121,374"",""0,41%"""
"09.04.2003,""120,884"",""120,884"",""120,884"",""120,884"",""0,05%"""
"08.04.2003,""120,826"",""120,826"",""120,826"",""120,826"",""0,18%"""
"07.04.2003,""120,609"",""120,609"",""120,609"",""120,609"",""-0,29%"""
"04.04.2003,""120,964"",""120,964"",""120,964"",""120,964"",""0,04%"""
"03.04.2003,""120,910"",""120,910"",""120,910"",""120,910"",""-0,31%"""
"02.04.2003,""121,281"",""121,281"",""121,281"",""121,281"",""-0,33%"""
"01.04.2003,""121,685"",""121,685"",""121,685"",""121,685"",""-0,03%"""
"31.03.2003,""121,726"",""121,726"",""121,726"",""121,726"",""0,58%"""
"28.03.2003,""121,019"",""121,019"",""121,019"",""121,019"",""0,10%"""
"27.03.2003,""120,904"",""120,904"",""120,904"",""120,904"",""0,28%"""
"26.03.2003,""120,572"",""120,572"",""120,572"",""120,572"",""-0,03%"""
"25.03.2003,""120,606"",""120,606"",""120,606"",""120,606"",""0,01%"""
"24.03.2003,""120,588"",""120,588"",""120,588"",""120,588"",""0,35%"""
"21.03.2003,""120,172"",""120,172"",""120,172"",""120,172"",""-0,30%"""
"20.03.2003,""120,538"",""120,538"",""120,538"",""120,538"",""0,09%"""
"19.03.2003,""120,435"",""120,435"",""120,435"",""120,435"",""-0,44%"""
"18.03.2003,""120,973"",""120,973"",""120,973"",""120,973"",""-0,48%"""
"17.03.2003,""121,557"",""121,557"",""121,557"",""121,557"",""-0,29%"""
"13.03.2003,""121,909"",""121,909"",""121,909"",""121,909"",""-0,86%"""
"11.03.2003,""122,968"",""122,968"",""122,968"",""122,968"",""-0,02%"""
"10.03.2003,""122,992"",""122,992"",""122,992"",""122,992"",""0,15%"""
"07.03.2003,""122,807"",""122,807"",""122,807"",""122,807"",""0,26%"""
"06.03.2003,""122,493"",""122,493"",""122,493"",""122,493"",""0,04%"""
"05.03.2003,""122,446"",""122,446"",""122,446"",""122,446"",""0,08%"""
"04.03.2003,""122,349"",""122,349"",""122,349"",""122,349"",""-0,01%"""
"03.03.2003,""122,358"",""122,358"",""122,358"",""122,358"",""0,19%"""
"28.02.2003,""122,128"",""122,128"",""122,128"",""122,128"",""0,28%"""
"27.02.2003,""121,783"",""121,783"",""121,783"",""121,783"",""0,00%"""
"26.02.2003,""121,783"",""121,783"",""121,783"",""121,783"",""-0,34%"""
"25.02.2003,""122,201"",""122,201"",""122,201"",""122,201"",""0,04%"""
"24.02.2003,""122,155"",""122,155"",""122,155"",""122,155"",""0,15%"""
"20.02.2003,""121,974"",""121,974"",""121,974"",""121,974"",""0,06%"""
"19.02.2003,""121,898"",""121,898"",""121,898"",""121,898"",""0,34%"""
"18.02.2003,""121,490"",""121,490"",""121,490"",""121,490"",""-0,01%"""
"17.02.2003,""121,504"",""121,504"",""121,504"",""121,504"",""0,00%"""
"14.02.2003,""121,504"",""121,504"",""121,504"",""121,504"",""-0,13%"""
"13.02.2003,""121,665"",""121,665"",""121,665"",""121,665"",""0,07%"""
"12.02.2003,""121,576"",""121,576"",""121,576"",""121,576"",""0,30%"""
"11.02.2003,""121,215"",""121,215"",""121,215"",""121,215"",""-0,02%"""
"10.02.2003,""121,245"",""121,245"",""121,245"",""121,245"",""0,03%"""
"07.02.2003,""121,212"",""121,212"",""121,212"",""121,212"",""0,13%"""
"06.02.2003,""121,049"",""121,049"",""121,049"",""121,049"",""-0,02%"""
"05.02.2003,""121,079"",""121,079"",""121,079"",""121,079"",""-0,03%"""
"04.02.2003,""121,114"",""121,114"",""121,114"",""121,114"",""0,28%"""
"03.02.2003,""120,778"",""120,778"",""120,778"",""120,778"",""-0,04%"""
"31.01.2003,""120,827"",""120,827"",""120,827"",""120,827"",""0,09%"""
"30.01.2003,""120,714"",""120,714"",""120,714"",""120,714"",""-0,21%"""
"29.01.2003,""120,970"",""120,970"",""120,970"",""120,970"",""0,06%"""
"28.01.2003,""120,900"",""120,900"",""120,900"",""120,900"",""-0,15%"""
"27.01.2003,""121,084"",""121,084"",""121,084"",""121,084"",""0,09%"""
"24.01.2003,""120,978"",""120,978"",""120,978"",""120,978"",""0,33%"""
"23.01.2003,""120,578"",""120,578"",""120,578"",""120,578"",""0,11%"""
"22.01.2003,""120,448"",""120,448"",""120,448"",""120,448"",""0,07%"""
"21.01.2003,""120,358"",""120,358"",""120,358"",""120,358"",""0,27%"""
"17.01.2003,""120,038"",""120,038"",""120,038"",""120,038"",""0,40%"""
"15.01.2003,""119,558"",""119,558"",""119,558"",""119,558"",""-0,01%"""
"14.01.2003,""119,573"",""119,573"",""119,573"",""119,573"",""0,11%"""
"13.01.2003,""119,441"",""119,441"",""119,441"",""119,441"",""-0,04%"""
"10.01.2003,""119,492"",""119,492"",""119,492"",""119,492"",""0,15%"""
"09.01.2003,""119,315"",""119,315"",""119,315"",""119,315"",""-0,09%"""
"08.01.2003,""119,418"",""119,418"",""119,418"",""119,418"",""0,28%"""
"07.01.2003,""119,087"",""119,087"",""119,087"",""119,087"",""0,16%"""
"06.01.2003,""118,901"",""118,901"",""118,901"",""118,901"",""0,14%"""
"03.01.2003,""118,730"",""118,730"",""118,730"",""118,730"",""-0,12%"""
"02.01.2003,""118,874"",""118,874"",""118,874"",""118,874"",""-0,53%"""
"31.12.2002,""119,511"",""119,511"",""119,511"",""119,511"",""0,00%"""
"30.12.2002,""119,509"",""119,509"",""119,509"",""119,509"",""0,51%"""
"24.12.2002,""118,901"",""118,901"",""118,901"",""118,901"",""0,00%"""
"23.12.2002,""118,899"",""118,899"",""118,899"",""118,899"",""0,11%"""
"20.12.2002,""118,774"",""118,774"",""118,774"",""118,774"",""-0,01%"""
"19.12.2002,""118,781"",""118,781"",""118,781"",""118,781"",""0,22%"""
"17.12.2002,""118,523"",""118,523"",""118,523"",""118,523"",""0,16%"""
"16.12.2002,""118,338"",""118,338"",""118,338"",""118,338"",""-0,09%"""
"13.12.2002,""118,443"",""118,443"",""118,443"",""118,443"",""0,05%"""
"12.12.2002,""118,387"",""118,387"",""118,387"",""118,387"",""0,22%"""
"11.12.2002,""118,128"",""118,128"",""118,128"",""118,128"",""0,13%"""
"10.12.2002,""117,979"",""117,979"",""117,979"",""117,979"",""0,06%"""
"09.12.2002,""117,909"",""117,909"",""117,909"",""117,909"",""0,21%"""
"06.12.2002,""117,666"",""117,666"",""117,666"",""117,666"",""0,16%"""
"05.12.2002,""117,476"",""117,476"",""117,476"",""117,476"",""0,17%"""
"04.12.2002,""117,275"",""117,275"",""117,275"",""117,275"",""0,05%"""
"03.12.2002,""117,221"",""117,221"",""117,221"",""117,221"",""0,22%"""
"02.12.2002,""116,967"",""116,967"",""116,967"",""116,967"",""-0,14%"""
"29.11.2002,""117,126"",""117,126"",""117,126"",""117,126"",""0,27%"""
"28.11.2002,""116,807"",""116,807"",""116,807"",""116,807"",""0,00%"""
"27.11.2002,""116,807"",""116,807"",""116,807"",""116,807"",""-0,28%"""
"26.11.2002,""117,134"",""117,134"",""117,134"",""117,134"",""0,32%"""
"25.11.2002,""116,757"",""116,757"",""116,757"",""116,757"",""-0,07%"""
"22.11.2002,""116,841"",""116,841"",""116,841"",""116,841"",""-0,01%"""
"21.11.2002,""116,858"",""116,858"",""116,858"",""116,858"",""-0,41%"""
"20.11.2002,""117,344"",""117,344"",""117,344"",""117,344"",""0,15%"""
"19.11.2002,""117,172"",""117,172"",""117,172"",""117,172"",""0,16%"""
"18.11.2002,""116,984"",""116,984"",""116,984"",""116,984"",""-0,02%"""
"15.11.2002,""117,002"",""117,002"",""117,002"",""117,002"",""0,06%"""
"14.11.2002,""116,935"",""116,935"",""116,935"",""116,935"",""-0,26%"""
"13.11.2002,""117,242"",""117,242"",""117,242"",""117,242"",""-0,04%"""
"12.11.2002,""117,288"",""117,288"",""117,288"",""117,288"",""0,22%"""
"11.11.2002,""117,030"",""117,030"",""117,030"",""117,030"",""0,13%"""
"08.11.2002,""116,874"",""116,874"",""116,874"",""116,874"",""0,46%"""
"07.11.2002,""116,340"",""116,340"",""116,340"",""116,340"",""0,29%"""
"06.11.2002,""116,000"",""116,000"",""116,000"",""116,000"",""-0,03%"""
"05.11.2002,""116,032"",""116,032"",""116,032"",""116,032"",""-0,19%"""
"04.11.2002,""116,249"",""116,249"",""116,249"",""116,249"",""0,04%"""
"01.11.2002,""116,197"",""116,197"",""116,197"",""116,197"",""-0,24%"""
"31.10.2002,""116,473"",""116,473"",""116,473"",""116,473"",""0,27%"""
"30.10.2002,""116,159"",""116,159"",""116,159"",""116,159"",""-0,27%"""
"29.10.2002,""116,473"",""116,473"",""116,473"",""116,473"",""0,59%"""
"25.10.2002,""115,787"",""115,787"",""115,787"",""115,787"",""0,20%"""
"24.10.2002,""115,555"",""115,555"",""115,555"",""115,555"",""-0,22%"""
"23.10.2002,""115,804"",""115,804"",""115,804"",""115,804"",""0,28%"""
"22.10.2002,""115,480"",""115,480"",""115,480"",""115,480"",""-0,21%"""
"21.10.2002,""115,724"",""115,724"",""115,724"",""115,724"",""0,12%"""
"18.10.2002,""115,581"",""115,581"",""115,581"",""115,581"",""-0,11%"""
"17.10.2002,""115,706"",""115,706"",""115,706"",""115,706"",""0,18%"""
"16.10.2002,""115,502"",""115,502"",""115,502"",""115,502"",""-0,20%"""
"15.10.2002,""115,733"",""115,733"",""115,733"",""115,733"",""-0,53%"""
"14.10.2002,""116,345"",""116,345"",""116,345"",""116,345"",""-0,14%"""
"11.10.2002,""116,511"",""116,511"",""116,511"",""116,511"",""-0,32%"""
"10.10.2002,""116,890"",""116,890"",""116,890"",""116,890"",""-0,30%"""
"09.10.2002,""117,236"",""117,236"",""117,236"",""117,236"",""-0,03%"""
"08.10.2002,""117,266"",""117,266"",""117,266"",""117,266"",""0,09%"""
"07.10.2002,""117,162"",""117,162"",""117,162"",""117,162"",""0,23%"""
"04.10.2002,""116,897"",""116,897"",""116,897"",""116,897"",""0,25%"""
"03.10.2002,""116,602"",""116,602"",""116,602"",""116,602"",""-0,06%"""
"02.10.2002,""116,673"",""116,673"",""116,673"",""116,673"",""-0,32%"""
"01.10.2002,""117,046"",""117,046"",""117,046"",""117,046"",""-0,12%"""
"30.09.2002,""117,185"",""117,185"",""117,185"",""117,185"",""0,48%"""
"27.09.2002,""116,621"",""116,621"",""116,621"",""116,621"",""0,01%"""
"26.09.2002,""116,614"",""116,614"",""116,614"",""116,614"",""-0,19%"""
"25.09.2002,""116,841"",""116,841"",""116,841"",""116,841"",""-0,17%"""
"24.09.2002,""117,035"",""117,035"",""117,035"",""117,035"",""0,14%"""
"23.09.2002,""116,868"",""116,868"",""116,868"",""116,868"",""0,23%"""
"20.09.2002,""116,595"",""116,595"",""116,595"",""116,595"",""-0,23%"""
"19.09.2002,""116,858"",""116,858"",""116,858"",""116,858"",""0,21%"""
"18.09.2002,""116,613"",""116,613"",""116,613"",""116,613"",""0,32%"""
"17.09.2002,""116,241"",""116,241"",""116,241"",""116,241"",""-0,22%"""
"16.09.2002,""116,501"",""116,501"",""116,501"",""116,501"",""0,37%"""
"13.09.2002,""116,076"",""116,076"",""116,076"",""116,076"",""0,22%"""
"12.09.2002,""115,825"",""115,825"",""115,825"",""115,825"",""0,41%"""
"11.09.2002,""115,347"",""115,347"",""115,347"",""115,347"",""-0,26%"""
"10.09.2002,""115,648"",""115,648"",""115,648"",""115,648"",""-0,31%"""
"09.09.2002,""116,002"",""116,002"",""116,002"",""116,002"",""-0,06%"""
"06.09.2002,""116,066"",""116,066"",""116,066"",""116,066"",""0,11%"""
"05.09.2002,""115,942"",""115,942"",""115,942"",""115,942"",""0,12%"""
"04.09.2002,""115,807"",""115,807"",""115,807"",""115,807"",""0,02%"""
"03.09.2002,""115,779"",""115,779"",""115,779"",""115,779"",""0,70%"""
"30.08.2002,""114,969"",""114,969"",""114,969"",""114,969"",""-0,00%"""
"29.08.2002,""114,970"",""114,970"",""114,970"",""114,970"",""0,13%"""
"28.08.2002,""114,817"",""114,817"",""114,817"",""114,817"",""0,45%"""
"27.08.2002,""114,303"",""114,303"",""114,303"",""114,303"",""-0,03%"""
"26.08.2002,""114,335"",""114,335"",""114,335"",""114,335"",""0,06%"""
"23.08.2002,""114,268"",""114,268"",""114,268"",""114,268"",""0,19%"""
"22.08.2002,""114,051"",""114,051"",""114,051"",""114,051"",""-0,21%"""
"21.08.2002,""114,288"",""114,288"",""114,288"",""114,288"",""-0,33%"""
"20.08.2002,""114,669"",""114,669"",""114,669"",""114,669"",""0,25%"""
"19.08.2002,""114,388"",""114,388"",""114,388"",""114,388"",""-0,00%"""
"16.08.2002,""114,391"",""114,391"",""114,391"",""114,391"",""-0,04%"""
"15.08.2002,""114,433"",""114,433"",""114,433"",""114,433"",""-0,78%"""
"14.08.2002,""115,336"",""115,336"",""115,336"",""115,336"",""0,31%"""
"13.08.2002,""114,980"",""114,980"",""114,980"",""114,980"",""0,19%"""
"12.08.2002,""114,760"",""114,760"",""114,760"",""114,760"",""0,16%"""
"09.08.2002,""114,571"",""114,571"",""114,571"",""114,571"",""-0,12%"""
"07.08.2002,""114,706"",""114,706"",""114,706"",""114,706"",""0,36%"""
"06.08.2002,""114,294"",""114,294"",""114,294"",""114,294"",""0,16%"""
"05.08.2002,""114,115"",""114,115"",""114,115"",""114,115"",""0,32%"""
"01.08.2002,""113,755"",""113,755"",""113,755"",""113,755"",""0,32%"""
"31.07.2002,""113,395"",""113,395"",""113,395"",""113,395"",""0,28%"""
"30.07.2002,""113,078"",""113,078"",""113,078"",""113,078"",""-0,02%"""
"29.07.2002,""113,104"",""113,104"",""113,104"",""113,104"",""-0,28%"""
"26.07.2002,""113,427"",""113,427"",""113,427"",""113,427"",""0,06%"""
"25.07.2002,""113,354"",""113,354"",""113,354"",""113,354"",""-0,03%"""
"24.07.2002,""113,389"",""113,389"",""113,389"",""113,389"",""0,36%"""
"23.07.2002,""112,987"",""112,987"",""112,987"",""112,987"",""0,07%"""
"22.07.2002,""112,913"",""112,913"",""112,913"",""112,913"",""0,20%"""
"19.07.2002,""112,690"",""112,690"",""112,690"",""112,690"",""0,25%"""
"18.07.2002,""112,408"",""112,408"",""112,408"",""112,408"",""0,10%"""
"17.07.2002,""112,298"",""112,298"",""112,298"",""112,298"",""-0,22%"""
"16.07.2002,""112,549"",""112,549"",""112,549"",""112,549"",""-0,22%"""
"15.07.2002,""112,792"",""112,792"",""112,792"",""112,792"",""0,32%"""
"12.07.2002,""112,429"",""112,429"",""112,429"",""112,429"",""0,12%"""
"11.07.2002,""112,296"",""112,296"",""112,296"",""112,296"",""0,29%"""
"10.07.2002,""111,975"",""111,975"",""111,975"",""111,975"",""0,37%"""
"09.07.2002,""111,558"",""111,558"",""111,558"",""111,558"",""0,03%"""
"08.07.2002,""111,521"",""111,521"",""111,521"",""111,521"",""0,10%"""
"05.07.2002,""111,409"",""111,409"",""111,409"",""111,409"",""-0,42%"""
"04.07.2002,""111,883"",""111,883"",""111,883"",""111,883"",""-0,01%"""
"02.07.2002,""111,898"",""111,898"",""111,898"",""111,898"",""0,18%"""
"01.07.2002,""111,697"",""111,697"",""111,697"",""111,697"",""-0,07%"""
"28.06.2002,""111,779"",""111,779"",""111,779"",""111,779"",""-0,15%"""
"27.06.2002,""111,949"",""111,949"",""111,949"",""111,949"",""-0,08%"""
"26.06.2002,""112,034"",""112,034"",""112,034"",""112,034"",""0,49%"""
"25.06.2002,""111,489"",""111,489"",""111,489"",""111,489"",""0,09%"""
"24.06.2002,""111,391"",""111,391"",""111,391"",""111,391"",""-0,03%"""
"21.06.2002,""111,428"",""111,428"",""111,428"",""111,428"",""-0,00%"""
"19.06.2002,""111,431"",""111,431"",""111,431"",""111,431"",""0,14%"""
"18.06.2002,""111,278"",""111,278"",""111,278"",""111,278"",""0,15%"""
"17.06.2002,""111,116"",""111,116"",""111,116"",""111,116"",""-0,14%"""
"14.06.2002,""111,270"",""111,270"",""111,270"",""111,270"",""0,24%"""
"13.06.2002,""111,001"",""111,001"",""111,001"",""111,001"",""0,40%"""
"12.06.2002,""110,557"",""110,557"",""110,557"",""110,557"",""0,20%"""
"11.06.2002,""110,336"",""110,336"",""110,336"",""110,336"",""-0,10%"""
"10.06.2002,""110,449"",""110,449"",""110,449"",""110,449"",""0,16%"""
"07.06.2002,""110,273"",""110,273"",""110,273"",""110,273"",""0,04%"""
"06.06.2002,""110,232"",""110,232"",""110,232"",""110,232"",""-0,01%"""
"05.06.2002,""110,244"",""110,244"",""110,244"",""110,244"",""0,07%"""
"04.06.2002,""110,172"",""110,172"",""110,172"",""110,172"",""0,25%"""
"31.05.2002,""109,901"",""109,901"",""109,901"",""109,901"",""-0,12%"""
"30.05.2002,""110,029"",""110,029"",""110,029"",""110,029"",""0,06%"""
"29.05.2002,""109,967"",""109,967"",""109,967"",""109,967"",""0,07%"""
"28.05.2002,""109,891"",""109,891"",""109,891"",""109,891"",""0,00%"""
"27.05.2002,""109,887"",""109,887"",""109,887"",""109,887"",""0,06%"""
"22.05.2002,""109,817"",""109,817"",""109,817"",""109,817"",""0,09%"""
"21.05.2002,""109,720"",""109,720"",""109,720"",""109,720"",""0,02%"""
"20.05.2002,""109,695"",""109,695"",""109,695"",""109,695"",""0,44%"""
"17.05.2002,""109,213"",""109,213"",""109,213"",""109,213"",""-0,08%"""
"16.05.2002,""109,302"",""109,302"",""109,302"",""109,302"",""0,10%"""
"15.05.2002,""109,191"",""109,191"",""109,191"",""109,191"",""0,05%"""
"14.05.2002,""109,141"",""109,141"",""109,141"",""109,141"",""-0,32%"""
"13.05.2002,""109,487"",""109,487"",""109,487"",""109,487"",""0,06%"""
"09.05.2002,""109,425"",""109,425"",""109,425"",""109,425"",""-0,18%"""
"08.05.2002,""109,620"",""109,620"",""109,620"",""109,620"",""-0,17%"""
"03.05.2002,""109,811"",""109,811"",""109,811"",""109,811"",""0,34%"""
"02.05.2002,""109,441"",""109,441"",""109,441"",""109,441"",""-0,27%"""
"01.05.2002,""109,736"",""109,736"",""109,736"",""109,736"",""0,01%"""
"30.04.2002,""109,725"",""109,725"",""109,725"",""109,725"",""0,09%"""
"29.04.2002,""109,621"",""109,621"",""109,621"",""109,621"",""-0,08%"""
"25.04.2002,""109,704"",""109,704"",""109,704"",""109,704"",""0,23%"""
"24.04.2002,""109,450"",""109,450"",""109,450"",""109,450"",""0,23%"""
"23.04.2002,""109,203"",""109,203"",""109,203"",""109,203"",""-0,15%"""
"22.04.2002,""109,366"",""109,366"",""109,366"",""109,366"",""0,26%"""
"19.04.2002,""109,081"",""109,081"",""109,081"",""109,081"",""0,08%"""
"18.04.2002,""108,996"",""108,996"",""108,996"",""108,996"",""-0,10%"""
"17.04.2002,""109,106"",""109,106"",""109,106"",""109,106"",""0,03%"""
"16.04.2002,""109,071"",""109,071"",""109,071"",""109,071"",""-0,37%"""
"15.04.2002,""109,475"",""109,475"",""109,475"",""109,475"",""0,19%"""
"12.04.2002,""109,263"",""109,263"",""109,263"",""109,263"",""0,08%"""
"11.04.2002,""109,180"",""109,180"",""109,180"",""109,180"",""0,19%"""
"10.04.2002,""108,978"",""108,978"",""108,978"",""108,978"",""-0,06%"""
"09.04.2002,""109,039"",""109,039"",""109,039"",""109,039"",""-0,03%"""
"08.04.2002,""109,067"",""109,067"",""109,067"",""109,067"",""-0,09%"""
"05.04.2002,""109,167"",""109,167"",""109,167"",""109,167"",""0,05%"""
"04.04.2002,""109,117"",""109,117"",""109,117"",""109,117"",""0,60%"""
"02.04.2002,""108,469"",""108,469"",""108,469"",""108,469"",""-0,08%"""
"29.03.2002,""108,555"",""108,555"",""108,555"",""108,555"",""0,04%"""
"28.03.2002,""108,512"",""108,512"",""108,512"",""108,512"",""-0,10%"""
"27.03.2002,""108,620"",""108,620"",""108,620"",""108,620"",""0,10%"""
"26.03.2002,""108,515"",""108,515"",""108,515"",""108,515"",""0,16%"""
"25.03.2002,""108,338"",""108,338"",""108,338"",""108,338"",""-0,09%"""
"22.03.2002,""108,438"",""108,438"",""108,438"",""108,438"",""-0,05%"""
"21.03.2002,""108,494"",""108,494"",""108,494"",""108,494"",""-0,14%"""
"20.03.2002,""108,647"",""108,647"",""108,647"",""108,647"",""-0,05%"""
"19.03.2002,""108,705"",""108,705"",""108,705"",""108,705"",""0,17%"""
"14.03.2002,""108,525"",""108,525"",""108,525"",""108,525"",""-0,16%"""
"13.03.2002,""108,695"",""108,695"",""108,695"",""108,695"",""-0,09%"""
"12.03.2002,""108,791"",""108,791"",""108,791"",""108,791"",""0,11%"""
"08.03.2002,""108,670"",""108,670"",""108,670"",""108,670"",""0,01%"""
"07.03.2002,""108,659"",""108,659"",""108,659"",""108,659"",""-0,23%"""
"06.03.2002,""108,909"",""108,909"",""108,909"",""108,909"",""-0,22%"""
"05.03.2002,""109,147"",""109,147"",""109,147"",""109,147"",""-0,27%"""
"04.03.2002,""109,441"",""109,441"",""109,441"",""109,441"",""-0,08%"""
"01.03.2002,""109,528"",""109,528"",""109,528"",""109,528"",""-0,15%"""
"28.02.2002,""109,688"",""109,688"",""109,688"",""109,688"",""0,04%"""
"27.02.2002,""109,642"",""109,642"",""109,642"",""109,642"",""0,04%"""
"26.02.2002,""109,602"",""109,602"",""109,602"",""109,602"",""0,07%"""
"21.02.2002,""109,526"",""109,526"",""109,526"",""109,526"",""-0,07%"""
"20.02.2002,""109,598"",""109,598"",""109,598"",""109,598"",""-0,11%"""
"19.02.2002,""109,716"",""109,716"",""109,716"",""109,716"",""-0,01%"""
"18.02.2002,""109,724"",""109,724"",""109,724"",""109,724"",""0,11%"""
"15.02.2002,""109,601"",""109,601"",""109,601"",""109,601"",""0,27%"""
"13.02.2002,""109,311"",""109,311"",""109,311"",""109,311"",""-0,10%"""
"12.02.2002,""109,419"",""109,419"",""109,419"",""109,419"",""-0,21%"""
"11.02.2002,""109,646"",""109,646"",""109,646"",""109,646"",""0,15%"""
"07.02.2002,""109,480"",""109,480"",""109,480"",""109,480"",""-0,59%"""
"06.02.2002,""110,131"",""110,131"",""110,131"",""110,131"",""-0,07%"""
"05.02.2002,""110,213"",""110,213"",""110,213"",""110,213"",""0,13%"""
"04.02.2002,""110,068"",""110,068"",""110,068"",""110,068"",""0,26%"""
"01.02.2002,""109,785"",""109,785"",""109,785"",""109,785"",""0,19%"""
"31.01.2002,""109,578"",""109,578"",""109,578"",""109,578"",""0,11%"""
"30.01.2002,""109,455"",""109,455"",""109,455"",""109,455"",""0,12%"""
"29.01.2002,""109,322"",""109,322"",""109,322"",""109,322"",""0,13%"""
"28.01.2002,""109,175"",""109,175"",""109,175"",""109,175"",""0,04%"""
"25.01.2002,""109,133"",""109,133"",""109,133"",""109,133"",""-0,36%"""
"24.01.2002,""109,532"",""109,532"",""109,532"",""109,532"",""-0,43%"""
"23.01.2002,""110,010"",""110,010"",""110,010"",""110,010"",""0,16%"""
"22.01.2002,""109,835"",""109,835"",""109,835"",""109,835"",""-0,10%"""
"21.01.2002,""109,940"",""109,940"",""109,940"",""109,940"",""0,00%"""
"18.01.2002,""109,940"",""109,940"",""109,940"",""109,940"",""-0,16%"""
"17.01.2002,""110,119"",""110,119"",""110,119"",""110,119"",""-0,09%"""
"16.01.2002,""110,217"",""110,217"",""110,217"",""110,217"",""0,07%"""
"15.01.2002,""110,135"",""110,135"",""110,135"",""110,135"",""-0,15%"""
"14.01.2002,""110,303"",""110,303"",""110,303"",""110,303"",""0,44%"""
"11.01.2002,""109,817"",""109,817"",""109,817"",""109,817"",""0,10%"""
"10.01.2002,""109,710"",""109,710"",""109,710"",""109,710"",""0,13%"""
"09.01.2002,""109,570"",""109,570"",""109,570"",""109,570"",""-0,26%"""
"08.01.2002,""109,852"",""109,852"",""109,852"",""109,852"",""-0,03%"""
"07.01.2002,""109,881"",""109,881"",""109,881"",""109,881"",""0,57%"""
"04.01.2002,""109,253"",""109,253"",""109,253"",""109,253"",""-0,19%"""
"03.01.2002,""109,459"",""109,459"",""109,459"",""109,459"",""0,19%"""
"02.01.2002,""109,252"",""109,252"",""109,252"",""109,252"",""-0,05%"""
"31.12.2001,""109,306"",""109,306"",""109,306"",""109,306"",""0,04%"""
"28.12.2001,""109,262"",""109,262"",""109,262"",""109,262"",""-0,27%"""
"24.12.2001,""109,553"",""109,553"",""109,553"",""109,553"",""0,04%"""
"21.12.2001,""109,512"",""109,512"",""109,512"",""109,512"",""-0,23%"""
"20.12.2001,""109,767"",""109,767"",""109,767"",""109,767"",""-0,09%"""
"19.12.2001,""109,870"",""109,870"",""109,870"",""109,870"",""0,17%"""
"18.12.2001,""109,687"",""109,687"",""109,687"",""109,687"",""0,19%"""
"17.12.2001,""109,478"",""109,478"",""109,478"",""109,478"",""-0,44%"""
"14.12.2001,""109,958"",""109,958"",""109,958"",""109,958"",""0,03%"""
"13.12.2001,""109,922"",""109,922"",""109,922"",""109,922"",""-0,11%"""
"12.12.2001,""110,046"",""110,046"",""110,046"",""110,046"",""0,39%"""
"11.12.2001,""109,615"",""109,615"",""109,615"",""109,615"",""0,32%"""
"10.12.2001,""109,267"",""109,267"",""109,267"",""109,267"",""0,24%"""
"07.12.2001,""109,007"",""109,007"",""109,007"",""109,007"",""-0,53%"""
"06.12.2001,""109,593"",""109,593"",""109,593"",""109,593"",""-0,26%"""
"05.12.2001,""109,883"",""109,883"",""109,883"",""109,883"",""-0,87%"""
"04.12.2001,""110,844"",""110,844"",""110,844"",""110,844"",""0,09%"""
"03.12.2001,""110,749"",""110,749"",""110,749"",""110,749"",""0,28%"""
"30.11.2001,""110,439"",""110,439"",""110,439"",""110,439"",""0,31%"""
"29.11.2001,""110,099"",""110,099"",""110,099"",""110,099"",""0,28%"""
"28.11.2001,""109,791"",""109,791"",""109,791"",""109,791"",""0,34%"""
"27.11.2001,""109,419"",""109,419"",""109,419"",""109,419"",""-0,72%"""
"26.11.2001,""110,217"",""110,217"",""110,217"",""110,217"",""0,21%"""
"23.11.2001,""109,983"",""109,983"",""109,983"",""109,983"",""0,09%"""
"21.11.2001,""109,887"",""109,887"",""109,887"",""109,887"",""-0,42%"""
"20.11.2001,""110,354"",""110,354"",""110,354"",""110,354"",""0,02%"""
"19.11.2001,""110,332"",""110,332"",""110,332"",""110,332"",""0,11%"""
"16.11.2001,""110,215"",""110,215"",""110,215"",""110,215"",""-0,16%"""
"15.11.2001,""110,396"",""110,396"",""110,396"",""110,396"",""-0,45%"""
"14.11.2001,""110,894"",""110,894"",""110,894"",""110,894"",""-0,31%"""
"13.11.2001,""111,241"",""111,241"",""111,241"",""111,241"",""-0,46%"""
"12.11.2001,""111,760"",""111,760"",""111,760"",""111,760"",""0,10%"""
"09.11.2001,""111,652"",""111,652"",""111,652"",""111,652"",""-0,05%"""
"08.11.2001,""111,708"",""111,708"",""111,708"",""111,708"",""-0,17%"""
"07.11.2001,""111,895"",""111,895"",""111,895"",""111,895"",""0,30%"""
"06.11.2001,""111,563"",""111,563"",""111,563"",""111,563"",""-0,04%"""
"05.11.2001,""111,612"",""111,612"",""111,612"",""111,612"",""0,14%"""
"02.11.2001,""111,452"",""111,452"",""111,452"",""111,452"",""-0,23%"""
"01.11.2001,""111,705"",""111,705"",""111,705"",""111,705"",""0,54%"""
"31.10.2001,""111,103"",""111,103"",""111,103"",""111,103"",""0,13%"""
"30.10.2001,""110,962"",""110,962"",""110,962"",""110,962"",""0,63%"""
"29.10.2001,""110,262"",""110,262"",""110,262"",""110,262"",""0,00%"""
"26.10.2001,""110,262"",""110,262"",""110,262"",""110,262"",""0,03%"""
"25.10.2001,""110,233"",""110,233"",""110,233"",""110,233"",""0,31%"""
"24.10.2001,""109,894"",""109,894"",""109,894"",""109,894"",""0,25%"""
"23.10.2001,""109,622"",""109,622"",""109,622"",""109,622"",""-0,04%"""
"22.10.2001,""109,663"",""109,663"",""109,663"",""109,663"",""0,18%"""
"19.10.2001,""109,462"",""109,462"",""109,462"",""109,462"",""0,04%"""
"18.10.2001,""109,418"",""109,418"",""109,418"",""109,418"",""0,13%"""
"17.10.2001,""109,280"",""109,280"",""109,280"",""109,280"",""-0,06%"""
"16.10.2001,""109,346"",""109,346"",""109,346"",""109,346"",""0,08%"""
"15.10.2001,""109,258"",""109,258"",""109,258"",""109,258"",""0,26%"""
"12.10.2001,""108,975"",""108,975"",""108,975"",""108,975"",""0,11%"""
"11.10.2001,""108,853"",""108,853"",""108,853"",""108,853"",""-0,06%"""
"10.10.2001,""108,923"",""108,923"",""108,923"",""108,923"",""0,04%"""
"09.10.2001,""108,879"",""108,879"",""108,879"",""108,879"",""-0,16%"""
"08.10.2001,""109,058"",""109,058"",""109,058"",""109,058"",""-0,06%"""
"05.10.2001,""109,123"",""109,123"",""109,123"",""109,123"",""0,13%"""
"04.10.2001,""108,981"",""108,981"",""108,981"",""108,981"",""-0,08%"""
"03.10.2001,""109,072"",""109,072"",""109,072"",""109,072"",""0,25%"""
"02.10.2001,""108,796"",""108,796"",""108,796"",""108,796"",""0,34%"""
"01.10.2001,""108,424"",""108,424"",""108,424"",""108,424"",""0,20%"""
"28.09.2001,""108,206"",""108,206"",""108,206"",""108,206"",""-0,10%"""
"27.09.2001,""108,311"",""108,311"",""108,311"",""108,311"",""0,26%"""
"26.09.2001,""108,025"",""108,025"",""108,025"",""108,025"",""0,13%"""
"25.09.2001,""107,886"",""107,886"",""107,886"",""107,886"",""0,29%"""
"24.09.2001,""107,575"",""107,575"",""107,575"",""107,575"",""0,06%"""
"21.09.2001,""107,514"",""107,514"",""107,514"",""107,514"",""-0,14%"""
"20.09.2001,""107,668"",""107,668"",""107,668"",""107,668"",""-0,09%"""
"19.09.2001,""107,760"",""107,760"",""107,760"",""107,760"",""0,01%"""
"18.09.2001,""107,748"",""107,748"",""107,748"",""107,748"",""0,06%"""
"17.09.2001,""107,684"",""107,684"",""107,684"",""107,684"",""0,18%"""
"14.09.2001,""107,494"",""107,494"",""107,494"",""107,494"",""0,00%"""
"13.09.2001,""107,494"",""107,494"",""107,494"",""107,494"",""-0,13%"""
"12.09.2001,""107,638"",""107,638"",""107,638"",""107,638"",""0,19%"""
"11.09.2001,""107,430"",""107,430"",""107,430"",""107,430"",""0,00%"""
"10.09.2001,""107,430"",""107,430"",""107,430"",""107,430"",""-0,03%"""
"07.09.2001,""107,459"",""107,459"",""107,459"",""107,459"",""0,26%"""
"06.09.2001,""107,179"",""107,179"",""107,179"",""107,179"",""0,26%"""
"05.09.2001,""106,906"",""106,906"",""106,906"",""106,906"",""-0,14%"""
"04.09.2001,""107,051"",""107,051"",""107,051"",""107,051"",""-0,50%"""
"31.08.2001,""107,593"",""107,593"",""107,593"",""107,593"",""-0,06%"""
"30.08.2001,""107,661"",""107,661"",""107,661"",""107,661"",""0,22%"""
"29.08.2001,""107,430"",""107,430"",""107,430"",""107,430"",""0,04%"""
"28.08.2001,""107,386"",""107,386"",""107,386"",""107,386"",""0,37%"""
"27.08.2001,""106,993"",""106,993"",""106,993"",""106,993"",""0,07%"""
"24.08.2001,""106,923"",""106,923"",""106,923"",""106,923"",""-0,19%"""
"23.08.2001,""107,128"",""107,128"",""107,128"",""107,128"",""-0,02%"""
"22.08.2001,""107,147"",""107,147"",""107,147"",""107,147"",""-0,06%"""
"21.08.2001,""107,211"",""107,211"",""107,211"",""107,211"",""-0,18%"""
"20.08.2001,""107,400"",""107,400"",""107,400"",""107,400"",""-0,05%"""
"17.08.2001,""107,458"",""107,458"",""107,458"",""107,458"",""0,31%"""
"16.08.2001,""107,128"",""107,128"",""107,128"",""107,128"",""0,05%"""
"15.08.2001,""107,074"",""107,074"",""107,074"",""107,074"",""0,03%"""
"14.08.2001,""107,047"",""107,047"",""107,047"",""107,047"",""-0,15%"""
"13.08.2001,""107,204"",""107,204"",""107,204"",""107,204"",""0,05%"""
"10.08.2001,""107,153"",""107,153"",""107,153"",""107,153"",""0,22%"""
"09.08.2001,""106,923"",""106,923"",""106,923"",""106,923"",""0,38%"""
"08.08.2001,""106,513"",""106,513"",""106,513"",""106,513"",""-0,02%"""
"07.08.2001,""106,537"",""106,537"",""106,537"",""106,537"",""0,08%"""
"03.08.2001,""106,450"",""106,450"",""106,450"",""106,450"",""0,10%"""
"02.08.2001,""106,346"",""106,346"",""106,346"",""106,346"",""-0,08%"""
"01.08.2001,""106,430"",""106,430"",""106,430"",""106,430"",""-0,12%"""
"31.07.2001,""106,555"",""106,555"",""106,555"",""106,555"",""0,15%"""
"30.07.2001,""106,397"",""106,397"",""106,397"",""106,397"",""0,05%"""
"27.07.2001,""106,346"",""106,346"",""106,346"",""106,346"",""0,26%"""
"26.07.2001,""106,070"",""106,070"",""106,070"",""106,070"",""0,11%"""
"25.07.2001,""105,956"",""105,956"",""105,956"",""105,956"",""-0,08%"""
"24.07.2001,""106,040"",""106,040"",""106,040"",""106,040"",""0,02%"""
"23.07.2001,""106,020"",""106,020"",""106,020"",""106,020"",""0,04%"""
"20.07.2001,""105,978"",""105,978"",""105,978"",""105,978"",""0,23%"""
"19.07.2001,""105,736"",""105,736"",""105,736"",""105,736"",""0,05%"""
"18.07.2001,""105,684"",""105,684"",""105,684"",""105,684"",""0,13%"""
"17.07.2001,""105,551"",""105,551"",""105,551"",""105,551"",""0,10%"""
"16.07.2001,""105,443"",""105,443"",""105,443"",""105,443"",""0,14%"""
"13.07.2001,""105,292"",""105,292"",""105,292"",""105,292"",""-0,05%"""
"12.07.2001,""105,345"",""105,345"",""105,345"",""105,345"",""-0,05%"""
"11.07.2001,""105,401"",""105,401"",""105,401"",""105,401"",""0,23%"""
"10.07.2001,""105,163"",""105,163"",""105,163"",""105,163"",""0,10%"""
"09.07.2001,""105,054"",""105,054"",""105,054"",""105,054"",""-0,09%"""
"06.07.2001,""105,149"",""105,149"",""105,149"",""105,149"",""0,21%"""
"05.07.2001,""104,926"",""104,926"",""104,926"",""104,926"",""0,05%"""
"04.07.2001,""104,872"",""104,872"",""104,872"",""104,872"",""0,00%"""
"03.07.2001,""104,872"",""104,872"",""104,872"",""104,872"",""-0,16%"""
"02.07.2001,""105,045"",""105,045"",""105,045"",""105,045"",""0,05%"""
"29.06.2001,""104,993"",""104,993"",""104,993"",""104,993"",""-0,38%"""
"28.06.2001,""105,391"",""105,391"",""105,391"",""105,391"",""-0,14%"""
"27.06.2001,""105,534"",""105,534"",""105,534"",""105,534"",""0,03%"""
"26.06.2001,""105,499"",""105,499"",""105,499"",""105,499"",""-0,09%"""
"25.06.2001,""105,591"",""105,591"",""105,591"",""105,591"",""0,01%"""
"22.06.2001,""105,579"",""105,579"",""105,579"",""105,579"",""0,10%"""
"21.06.2001,""105,478"",""105,478"",""105,478"",""105,478"",""0,21%"""
"20.06.2001,""105,256"",""105,256"",""105,256"",""105,256"",""0,08%"""
"19.06.2001,""105,172"",""105,172"",""105,172"",""105,172"",""-0,05%"""
"18.06.2001,""105,226"",""105,226"",""105,226"",""105,226"",""0,13%"""
"15.06.2001,""105,087"",""105,087"",""105,087"",""105,087"",""-0,00%"""
"14.06.2001,""105,092"",""105,092"",""105,092"",""105,092"",""0,35%"""
"13.06.2001,""104,729"",""104,729"",""104,729"",""104,729"",""-0,06%"""
"12.06.2001,""104,792"",""104,792"",""104,792"",""104,792"",""-0,10%"""
"11.06.2001,""104,898"",""104,898"",""104,898"",""104,898"",""0,12%"""
"08.06.2001,""104,776"",""104,776"",""104,776"",""104,776"",""0,01%"""
"07.06.2001,""104,764"",""104,764"",""104,764"",""104,764"",""-0,29%"""
"06.06.2001,""105,073"",""105,073"",""105,073"",""105,073"",""0,38%"""
"05.06.2001,""104,674"",""104,674"",""104,674"",""104,674"",""0,00%"""
"04.06.2001,""104,674"",""104,674"",""104,674"",""104,674"",""0,00%"""
"01.06.2001,""104,674"",""104,674"",""104,674"",""104,674"",""0,48%"""
"31.05.2001,""104,177"",""104,177"",""104,177"",""104,177"",""-0,11%"""
"30.05.2001,""104,293"",""104,293"",""104,293"",""104,293"",""0,02%"""
"29.05.2001,""104,267"",""104,267"",""104,267"",""104,267"",""0,30%"""
"28.05.2001,""103,953"",""103,953"",""103,953"",""103,953"",""0,00%"""
"25.05.2001,""103,953"",""103,953"",""103,953"",""103,953"",""-0,06%"""
"24.05.2001,""104,019"",""104,019"",""104,019"",""104,019"",""-0,12%"""
"23.05.2001,""104,140"",""104,140"",""104,140"",""104,140"",""-0,09%"""
"22.05.2001,""104,234"",""104,234"",""104,234"",""104,234"",""-0,20%"""
"21.05.2001,""104,443"",""104,443"",""104,443"",""104,443"",""0,08%"""
"18.05.2001,""104,359"",""104,359"",""104,359"",""104,359"",""-0,01%"""
"17.05.2001,""104,371"",""104,371"",""104,371"",""104,371"",""0,11%"""
"16.05.2001,""104,257"",""104,257"",""104,257"",""104,257"",""0,09%"""
"15.05.2001,""104,162"",""104,162"",""104,162"",""104,162"",""-0,01%"""
"14.05.2001,""104,176"",""104,176"",""104,176"",""104,176"",""-0,30%"""
"11.05.2001,""104,485"",""104,485"",""104,485"",""104,485"",""-0,32%"""
"10.05.2001,""104,822"",""104,822"",""104,822"",""104,822"",""0,12%"""
"09.05.2001,""104,695"",""104,695"",""104,695"",""104,695"",""0,14%"""
"08.05.2001,""104,552"",""104,552"",""104,552"",""104,552"",""0,10%"""
"04.05.2001,""104,452"",""104,452"",""104,452"",""104,452"",""0,16%"""
"03.05.2001,""104,287"",""104,287"",""104,287"",""104,287"",""0,23%"""
"02.05.2001,""104,045"",""104,045"",""104,045"",""104,045"",""0,13%"""
"01.05.2001,""103,909"",""103,909"",""103,909"",""103,909"",""0,01%"""
"30.04.2001,""103,895"",""103,895"",""103,895"",""103,895"",""-0,38%"""
"27.04.2001,""104,288"",""104,288"",""104,288"",""104,288"",""-0,34%"""
"26.04.2001,""104,640"",""104,640"",""104,640"",""104,640"",""0,31%"""
"25.04.2001,""104,319"",""104,319"",""104,319"",""104,319"",""0,05%"""
"24.04.2001,""104,266"",""104,266"",""104,266"",""104,266"",""-0,18%"""
"23.04.2001,""104,458"",""104,458"",""104,458"",""104,458"",""0,15%"""
"20.04.2001,""104,301"",""104,301"",""104,301"",""104,301"",""0,13%"""
"19.04.2001,""104,170"",""104,170"",""104,170"",""104,170"",""-0,20%"""
"18.04.2001,""104,378"",""104,378"",""104,378"",""104,378"",""-0,12%"""
"17.04.2001,""104,504"",""104,504"",""104,504"",""104,504"",""-0,10%"""
"12.04.2001,""104,608"",""104,608"",""104,608"",""104,608"",""-0,05%"""
"11.04.2001,""104,662"",""104,662"",""104,662"",""104,662"",""-0,44%"""
"10.04.2001,""105,128"",""105,128"",""105,128"",""105,128"",""-0,19%"""
"09.04.2001,""105,323"",""105,323"",""105,323"",""105,323"",""0,02%"""
"06.04.2001,""105,307"",""105,307"",""105,307"",""105,307"",""0,23%"""
"05.04.2001,""105,062"",""105,062"",""105,062"",""105,062"",""0,04%"""
"04.04.2001,""105,024"",""105,024"",""105,024"",""105,024"",""-0,21%"""
"03.04.2001,""105,248"",""105,248"",""105,248"",""105,248"",""0,01%"""
"02.04.2001,""105,238"",""105,238"",""105,238"",""105,238"",""-0,08%"""
"30.03.2001,""105,322"",""105,322"",""105,322"",""105,322"",""0,09%"""
"29.03.2001,""105,231"",""105,231"",""105,231"",""105,231"",""-0,13%"""
"28.03.2001,""105,371"",""105,371"",""105,371"",""105,371"",""0,04%"""
"27.03.2001,""105,333"",""105,333"",""105,333"",""105,333"",""-0,14%"""
"26.03.2001,""105,485"",""105,485"",""105,485"",""105,485"",""-0,01%"""
"23.03.2001,""105,496"",""105,496"",""105,496"",""105,496"",""-0,07%"""
"22.03.2001,""105,572"",""105,572"",""105,572"",""105,572"",""0,33%"""
"21.03.2001,""105,229"",""105,229"",""105,229"",""105,229"",""0,26%"""
"20.03.2001,""104,957"",""104,957"",""104,957"",""104,957"",""-0,15%"""
"16.03.2001,""105,112"",""105,112"",""105,112"",""105,112"",""0,21%"""
"15.03.2001,""104,894"",""104,894"",""104,894"",""104,894"",""0,04%"""
"14.03.2001,""104,850"",""104,850"",""104,850"",""104,850"",""0,15%"""
"13.03.2001,""104,693"",""104,693"",""104,693"",""104,693"",""-0,13%"""
"12.03.2001,""104,832"",""104,832"",""104,832"",""104,832"",""0,10%"""
"09.03.2001,""104,729"",""104,729"",""104,729"",""104,729"",""-0,04%"""
"08.03.2001,""104,769"",""104,769"",""104,769"",""104,769"",""0,25%"""
"07.03.2001,""104,506"",""104,506"",""104,506"",""104,506"",""0,01%"""
"06.03.2001,""104,491"",""104,491"",""104,491"",""104,491"",""0,06%"""
"05.03.2001,""104,433"",""104,433"",""104,433"",""104,433"",""-0,08%"""
"02.03.2001,""104,519"",""104,519"",""104,519"",""104,519"",""0,01%"""
"01.03.2001,""104,506"",""104,506"",""104,506"",""104,506"",""-0,00%"""
"28.02.2001,""104,510"",""104,510"",""104,510"",""104,510"",""0,05%"""
"27.02.2001,""104,455"",""104,455"",""104,455"",""104,455"",""0,36%"""
"26.02.2001,""104,078"",""104,078"",""104,078"",""104,078"",""0,10%"""
"23.02.2001,""103,975"",""103,975"",""103,975"",""103,975"",""0,11%"""
"22.02.2001,""103,864"",""103,864"",""103,864"",""103,864"",""-0,10%"""
"21.02.2001,""103,971"",""103,971"",""103,971"",""103,971"",""-0,05%"""
"20.02.2001,""104,022"",""104,022"",""104,022"",""104,022"",""0,02%"""
"16.02.2001,""103,997"",""103,997"",""103,997"",""103,997"",""0,12%"""
"15.02.2001,""103,875"",""103,875"",""103,875"",""103,875"",""-0,33%"""
"14.02.2001,""104,220"",""104,220"",""104,220"",""104,220"",""-0,13%"""
"13.02.2001,""104,360"",""104,360"",""104,360"",""104,360"",""0,06%"""
"12.02.2001,""104,295"",""104,295"",""104,295"",""104,295"",""0,04%"""
"09.02.2001,""104,249"",""104,249"",""104,249"",""104,249"",""0,13%"""
"08.02.2001,""104,117"",""104,117"",""104,117"",""104,117"",""-0,17%"""
"07.02.2001,""104,296"",""104,296"",""104,296"",""104,296"",""0,10%"""
"06.02.2001,""104,195"",""104,195"",""104,195"",""104,195"",""-0,03%"""
"05.02.2001,""104,229"",""104,229"",""104,229"",""104,229"",""0,12%"""
"02.02.2001,""104,100"",""104,100"",""104,100"",""104,100"",""0,03%"""
"01.02.2001,""104,066"",""104,066"",""104,066"",""104,066"",""0,08%"""
"31.01.2001,""103,986"",""103,986"",""103,986"",""103,986"",""0,16%"""
"30.01.2001,""103,815"",""103,815"",""103,815"",""103,815"",""0,16%"""
"29.01.2001,""103,651"",""103,651"",""103,651"",""103,651"",""0,09%"""
"26.01.2001,""103,553"",""103,553"",""103,553"",""103,553"",""0,15%"""
"25.01.2001,""103,399"",""103,399"",""103,399"",""103,399"",""-0,07%"""
"24.01.2001,""103,469"",""103,469"",""103,469"",""103,469"",""-0,24%"""
"23.01.2001,""103,718"",""103,718"",""103,718"",""103,718"",""0,18%"""
"22.01.2001,""103,536"",""103,536"",""103,536"",""103,536"",""-0,08%"""
"19.01.2001,""103,616"",""103,616"",""103,616"",""103,616"",""-0,12%"""
"18.01.2001,""103,738"",""103,738"",""103,738"",""103,738"",""0,17%"""
"17.01.2001,""103,557"",""103,557"",""103,557"",""103,557"",""0,06%"""
"16.01.2001,""103,496"",""103,496"",""103,496"",""103,496"",""0,05%"""
"12.01.2001,""103,440"",""103,440"",""103,440"",""103,440"",""-0,39%"""
"11.01.2001,""103,847"",""103,847"",""103,847"",""103,847"",""0,13%"""
"10.01.2001,""103,710"",""103,710"",""103,710"",""103,710"",""-0,20%"""
"09.01.2001,""103,914"",""103,914"",""103,914"",""103,914"",""-0,28%"""
"08.01.2001,""104,208"",""104,208"",""104,208"",""104,208"",""0,01%"""
"05.01.2001,""104,200"",""104,200"",""104,200"",""104,200"",""0,22%"""
"04.01.2001,""103,975"",""103,975"",""103,975"",""103,975"",""0,03%"""
"03.01.2001,""103,939"",""103,939"",""103,939"",""103,939"",""0,04%"""
"02.01.2001,""103,901"",""103,901"",""103,901"",""103,901"",""0,59%"""
"29.12.2000,""103,294"",""103,294"",""103,294"",""103,294"",""0,35%"""
"28.12.2000,""102,934"",""102,934"",""102,934"",""102,934"",""0,01%"""
"22.12.2000,""102,924"",""102,924"",""102,924"",""102,924"",""-0,03%"""
"21.12.2000,""102,959"",""102,959"",""102,959"",""102,959"",""0,00%"""
"20.12.2000,""102,954"",""102,954"",""102,954"",""102,954"",""0,11%"""
"19.12.2000,""102,836"",""102,836"",""102,836"",""102,836"",""-0,18%"""
"18.12.2000,""103,026"",""103,026"",""103,026"",""103,026"",""0,15%"""
"15.12.2000,""102,875"",""102,875"",""102,875"",""102,875"",""0,23%"""
"14.12.2000,""102,638"",""102,638"",""102,638"",""102,638"",""0,13%"""
"13.12.2000,""102,504"",""102,504"",""102,504"",""102,504"",""0,31%"""
"12.12.2000,""102,184"",""102,184"",""102,184"",""102,184"",""-0,01%"""
"11.12.2000,""102,192"",""102,192"",""102,192"",""102,192"",""-0,03%"""
"08.12.2000,""102,224"",""102,224"",""102,224"",""102,224"",""-0,05%"""
"07.12.2000,""102,280"",""102,280"",""102,280"",""102,280"",""0,02%"""
"06.12.2000,""102,256"",""102,256"",""102,256"",""102,256"",""0,07%"""
"05.12.2000,""102,189"",""102,189"",""102,189"",""102,189"",""-0,02%"""
"04.12.2000,""102,206"",""102,206"",""102,206"",""102,206"",""0,30%"""
"01.12.2000,""101,897"",""101,897"",""101,897"",""101,897"",""0,02%"""
"30.11.2000,""101,881"",""101,881"",""101,881"",""101,881"",""0,33%"""
"29.11.2000,""101,547"",""101,547"",""101,547"",""101,547"",""0,07%"""
"28.11.2000,""101,481"",""101,481"",""101,481"",""101,481"",""0,21%"""
"27.11.2000,""101,264"",""101,264"",""101,264"",""101,264"",""0,03%"""
"24.11.2000,""101,229"",""101,229"",""101,229"",""101,229"",""0,13%"""
"22.11.2000,""101,095"",""101,095"",""101,095"",""101,095"",""0,18%"""
"21.11.2000,""100,913"",""100,913"",""100,913"",""100,913"",""-0,06%"""
"20.11.2000,""100,974"",""100,974"",""100,974"",""100,974"",""0,11%"""
"17.11.2000,""100,866"",""100,866"",""100,866"",""100,866"",""-0,01%"""
"16.11.2000,""100,873"",""100,873"",""100,873"",""100,873"",""0,11%"""
"15.11.2000,""100,761"",""100,761"",""100,761"",""100,761"",""0,03%"""
"14.11.2000,""100,733"",""100,733"",""100,733"",""100,733"",""0,03%"""
"13.11.2000,""100,701"",""100,701"",""100,701"",""100,701"",""0,18%"""
"10.11.2000,""100,525"",""100,525"",""100,525"",""100,525"",""0,06%"""
"09.11.2000,""100,464"",""100,464"",""100,464"",""100,464"",""0,10%"""
"08.11.2000,""100,363"",""100,363"",""100,363"",""100,363"",""-0,08%"""
"07.11.2000,""100,444"",""100,444"",""100,444"",""100,444"",""-0,05%"""
"06.11.2000,""100,495"",""100,495"",""100,495"",""100,495"",""-0,03%"""
"03.11.2000,""100,524"",""100,524"",""100,524"",""100,524"",""-0,00%"""
"02.11.2000,""100,525"",""100,525"",""100,525"",""100,525"",""0,01%"""
"01.11.2000,""100,517"",""100,517"",""100,517"",""100,517"",""0,08%"""
"31.10.2000,""100,439"",""100,439"",""100,439"",""100,439"",""0,00%"""
"27.10.2000,""100,436"",""100,436"",""100,436"",""100,436"",""0,12%"""
"26.10.2000,""100,313"",""100,313"",""100,313"",""100,313"",""0,07%"""
"25.10.2000,""100,247"",""100,247"",""100,247"",""100,247"",""-0,14%"""
"24.10.2000,""100,389"",""100,389"",""100,389"",""100,389"",""0,01%"""
"23.10.2000,""100,378"",""100,378"",""100,378"",""100,378"",""0,05%"""
"20.10.2000,""100,326"",""100,326"",""100,326"",""100,326"",""0,01%"""
"19.10.2000,""100,319"",""100,319"",""100,319"",""100,319"",""-0,05%"""
"18.10.2000,""100,365"",""100,365"",""100,365"",""100,365"",""0,07%"""
"17.10.2000,""100,293"",""100,293"",""100,293"",""100,293"",""-0,01%"""
"16.10.2000,""100,302"",""100,302"",""100,302"",""100,302"",""-0,10%"""
"13.10.2000,""100,407"",""100,407"",""100,407"",""100,407"",""-0,01%"""
"12.10.2000,""100,422"",""100,422"",""100,422"",""100,422"",""0,02%"""
"11.10.2000,""100,406"",""100,406"",""100,406"",""100,406"",""0,21%"""
"10.10.2000,""100,197"",""100,197"",""100,197"",""100,197"",""0,02%"""
"09.10.2000,""100,175"",""100,175"",""100,175"",""100,175"",""0,18%"""
"06.10.2000,""99,994"",""99,994"",""99,994"",""99,994"",""0,15%"""
"05.10.2000,""99,845"",""99,845"",""99,845"",""99,845"",""-0,10%"""
"04.10.2000,""99,942"",""99,942"",""99,942"",""99,942"",""-0,06%"""
"03.10.2000,""99,999"",""99,999"",""99,999"",""99,999"",""0,00%"""
"02.10.2000,""99,997"",""99,997"",""99,997"",""99,997"",""-0,00%"""
