"Fecha","Último","Apertura","Máximo","Mínimo","Vol.","% var."
"31.12.2025","414,82","417,19","417,21","414,32","35,64K","-1,31%"
"30.12.2025","420,34","420,75","423,92","419,00","129,50K","0,69%"
"29.12.2025","417,46","430,99","431,45","414,18","171,38K","-3,49%"
"24.12.2025","432,55","431,42","433,22","431,30","4,44K","0,75%"
"23.12.2025","429,34","431,77","432,88","426,47","80,06K","0,55%"
"22.12.2025","426,99","424,75","427,39","424,26","63,43K","2,03%"
"19.12.2025","418,50","416,20","419,22","416,00","64,59K","-0,44%"
"18.12.2025","420,37","416,99","421,03","414,80","143,16K","0,95%"
"17.12.2025","416,42","415,67","418,62","414,67","178,17K","0,61%"
"16.12.2025","413,90","412,70","417,26","411,56","185,24K","0,16%"
"15.12.2025","413,25","417,84","418,82","413,25","162,07K","0,29%"
"12.12.2025","412,05","412,78","419,11","411,50","264,06K","0,53%"
"11.12.2025","409,87","405,96","410,22","404,92","243,99K","1,36%"
"10.12.2025","404,37","404,55","404,92","403,40","61,81K","-0,35%"
"09.12.2025","405,79","402,76","406,10","402,70","69,03K","0,46%"
"08.12.2025","403,93","405,12","405,81","402,16","45,27K","-0,44%"
"05.12.2025","405,73","406,74","410,00","404,29","75,31K","0,01%"
"04.12.2025","405,69","403,81","406,16","402,78","52,00K","-0,23%"
"03.12.2025","406,62","405,00","408,26","404,03","71,60K","0,95%"
"02.12.2025","402,78","405,72","407,25","401,00","67,66K","-1,18%"
"01.12.2025","407,59","408,73","410,52","406,28","151,20K","0,56%"
"28.11.2025","405,31","402,06","405,31","399,30","48,30K","1,34%"
"27.11.2025","399,96","400,56","401,19","399,49","49,88K","-0,24%"
"26.11.2025","400,92","400,40","401,95","398,54","80,85K","0,66%"
"25.11.2025","398,30","398,02","399,51","395,70","112,24K","0,98%"
"24.11.2025","394,42","391,08","394,42","390,97","54,66K","0,52%"
"21.11.2025","392,39","388,12","392,91","387,38","90,64K","0,20%"
"20.11.2025","391,60","391,22","395,10","389,03","115,91K","-0,25%"
"19.11.2025","392,57","393,39","397,51","392,00","62,55K","0,37%"
"18.11.2025","391,11","386,44","392,85","386,17","79,40K","-0,26%"
"17.11.2025","392,13","393,58","394,30","390,26","70,46K","-0,60%"
"14.11.2025","394,48","402,59","402,96","388,28","149,40K","-2,65%"
"13.11.2025","405,20","406,23","408,73","403,05","110,95K","0,32%"
"12.11.2025","403,89","396,44","403,89","395,94","39,58K","2,08%"
"11.11.2025","395,67","397,61","399,23","394,50","35,00K","0,33%"
"10.11.2025","394,36","392,50","395,32","392,11","174,69K","1,99%"
"07.11.2025","386,67","385,93","386,67","383,75","30,24K","0,97%"
"06.11.2025","382,95","385,62","386,87","382,91","45,36K","-0,08%"
"05.11.2025","383,24","382,71","383,92","381,00","41,91K","0,24%"
"04.11.2025","382,32","384,58","385,08","378,41","98,60K","-0,68%"
"03.11.2025","384,95","387,61","388,08","384,50","52,88K","0,34%"
"31.10.2025","383,64","387,11","388,56","382,93","41,77K","-0,36%"
"30.10.2025","385,03","381,39","386,30","381,29","51,80K","0,03%"
"29.10.2025","384,91","385,26","388,05","384,13","72,72K","0,97%"
"28.10.2025","381,21","378,76","382,11","374,31","126,27K","-0,76%"
"27.10.2025","384,12","391,62","391,81","382,54","64,65K","-3,36%"
"24.10.2025","397,47","394,17","398,06","389,60","88,35K","-0,38%"
"23.10.2025","398,98","396,20","400,00","394,17","70,39K","2,81%"
"22.10.2025","388,07","400,14","400,14","386,36","163,38K","-2,36%"
"21.10.2025","397,43","417,96","418,13","393,00","134,64K","-5,09%"
"20.10.2025","418,73","408,05","419,39","407,71","234,96K","2,16%"
"17.10.2025","409,88","419,57","419,92","405,98","140,59K","-0,32%"
"16.10.2025","411,21","406,61","411,44","406,59","131,99K","1,96%"
"15.10.2025","403,32","404,24","406,01","401,37","75,88K","1,17%"
"14.10.2025","398,67","395,68","399,10","394,80","90,61K","1,11%"
"13.10.2025","394,30","391,80","395,10","391,58","43,52K","1,96%"
"10.10.2025","386,71","382,05","387,02","380,75","56,33K","0,09%"
"09.10.2025","386,36","387,74","390,70","385,51","59,50K","-0,75%"
"08.10.2025","389,29","388,02","389,90","387,79","78,58K","1,44%"
"07.10.2025","383,75","380,72","384,30","379,51","148,34K","0,83%"
"06.10.2025","380,60","378,69","381,18","378,12","43,94K","1,70%"
"03.10.2025","374,25","371,63","374,32","371,32","26,30K","1,49%"
"02.10.2025","368,76","372,17","375,23","368,68","49,98K","-0,84%"
"01.10.2025","371,88","371,60","375,06","371,60","39,76K","0,59%"
"30.09.2025","369,69","371,44","371,67","365,50","95,33K","0,33%"
"29.09.2025","368,49","367,56","369,00","366,46","37,46K","1,26%"
"26.09.2025","363,91","360,41","364,35","360,15","53,38K","1,21%"
"25.09.2025","359,57","360,34","362,16","358,59","35,04K","-0,31%"
"24.09.2025","360,70","363,26","363,93","360,70","28,97K","-0,91%"
"23.09.2025","364,03","361,38","365,00","361,07","70,24K","1,30%"
"22.09.2025","359,35","357,62","359,35","357,28","24,53K","1,68%"
"19.09.2025","353,43","351,32","353,70","350,94","23,74K","0,83%"
"18.09.2025","350,51","350,32","353,63","349,52","37,74K","-1,26%"
"17.09.2025","355,00","354,17","355,09","352,51","84,08K","0,18%"
"16.09.2025","354,37","355,62","356,36","354,37","43,31K","0,34%"
"15.09.2025","353,16","350,23","353,16","349,93","27,04K","0,56%"
"12.09.2025","351,20","351,54","351,90","350,33","22,20K","0,29%"
"11.09.2025","350,19","349,91","350,50","348,00","32,01K","-0,26%"
"10.09.2025","351,11","350,90","352,23","350,47","78,66K","0,18%"
"09.09.2025","350,47","351,25","353,54","349,38","22,39K","0,11%"
"08.09.2025","350,07","346,41","351,07","346,41","32,93K","1,23%"
"05.09.2025","345,81","342,19","346,43","341,38","18,29K","1,27%"
"04.09.2025","341,49","340,56","343,98","340,19","48,39K","-0,60%"
"03.09.2025","343,54","340,43","343,54","340,07","107,50K","1,49%"
"02.09.2025","338,48","335,80","338,69","334,24","51,75K","1,07%"
"01.09.2025","334,90","335,24","335,27","333,97","50,06K","0,90%"
"29.08.2025","331,90","328,47","331,90","327,90","41,17K","1,12%"
"28.08.2025","328,24","326,87","328,65","326,81","33,53K","0,60%"
"27.08.2025","326,29","325,32","326,52","324,98","31,94K","0,11%"
"26.08.2025","325,93","325,20","325,93","324,27","53,72K","0,16%"
"22.08.2025","325,41","320,70","325,41","319,94","20,14K","1,03%"
"21.08.2025","322,08","321,33","322,41","320,41","15,19K","0,08%"
"20.08.2025","321,82","320,12","322,52","319,89","8,90K","0,45%"
"19.08.2025","320,39","321,31","322,05","319,88","12,92K","-0,24%"
"18.08.2025","321,16","322,72","323,02","320,99","11,73K","-0,29%"
"15.08.2025","322,08","321,75","322,26","321,00","21,25K","0,10%"
"14.08.2025","321,76","324,04","324,08","321,27","27,59K","-0,47%"
"13.08.2025","323,28","323,24","324,61","322,94","13,00K","0,16%"
"12.08.2025","322,77","322,15","323,49","320,92","11,36K","-0,04%"
"11.08.2025","322,89","324,25","324,25","321,89","21,05K","-1,20%"
"08.08.2025","326,81","327,05","327,81","325,67","27,41K","0,14%"
"07.08.2025","326,35","326,29","327,01","324,90","42,28K","0,38%"
"06.08.2025","325,12","325,08","325,52","323,65","9,31K","-0,23%"
"05.08.2025","325,87","324,42","326,30","322,80","12,02K","0,34%"
"04.08.2025","324,77","323,87","325,91","322,91","12,41K","0,60%"
"01.08.2025","322,82","317,03","322,89","316,50","12,19K","1,63%"
"31.07.2025","317,63","317,81","319,13","317,04","17,88K","0,18%"
"30.07.2025","317,06","320,31","321,09","316,97","35,50K","-1,01%"
"29.07.2025","320,30","319,47","321,02","319,00","42,57K","0,27%"
"28.07.2025","319,45","321,72","321,79","318,10","13,80K","-0,40%"
"25.07.2025","320,74","323,51","323,53","320,74","13,53K","-1,29%"
"24.07.2025","324,94","325,17","325,32","322,89","17,08K","-1,15%"
"23.07.2025","328,71","329,91","330,63","328,22","17,11K","-0,37%"
"22.07.2025","329,93","326,11","330,41","325,85","36,39K","0,73%"
"21.07.2025","327,54","324,47","327,59","323,93","40,71K","1,41%"
"18.07.2025","322,97","321,94","323,72","321,81","24,98K","0,47%"
"17.07.2025","321,46","321,30","321,46","318,89","15,88K","-1,07%"
"16.07.2025","324,93","321,60","324,93","319,90","18,68K","1,42%"
"15.07.2025","320,37","323,51","324,22","320,37","16,91K","-0,69%"
"14.07.2025","322,61","324,50","325,05","321,77","15,49K","-0,45%"
"11.07.2025","324,06","320,82","324,40","320,82","12,59K","1,35%"
"10.07.2025","319,73","320,41","320,72","319,00","12,21K","0,32%"
"09.07.2025","318,72","317,14","319,06","316,46","14,22K","0,39%"
"08.07.2025","317,47","321,37","321,56","316,80","13,03K","-0,73%"
"07.07.2025","319,82","318,84","319,83","317,50","22,36K","-0,36%"
"04.07.2025","320,96","321,89","322,08","320,90","7,09K","0,09%"
"03.07.2025","320,67","323,92","323,94","319,10","28,73K","-0,39%"
"02.07.2025","321,94","321,05","322,64","320,62","17,97K","0,02%"
"01.07.2025","321,88","320,86","323,43","320,83","24,09K","1,61%"
"30.06.2025","316,78","317,05","317,54","315,47","58,06K","0,51%"
"27.06.2025","315,16","317,37","317,37","313,64","45,50K","-1,51%"
"26.06.2025","320,00","321,71","322,46","319,00","18,45K","-0,06%"
"25.06.2025","320,18","321,02","321,23","319,13","143,32K","0,29%"
"24.06.2025","319,26","320,19","320,84","317,37","58,33K","-2,19%"
"23.06.2025","326,41","323,40","326,41","322,86","21,59K","0,63%"
"20.06.2025","324,36","322,19","324,81","322,00","13,49K","0,00%"
"19.06.2025","324,36","323,48","325,31","322,83","13,05K","-0,64%"
"18.06.2025","326,46","325,92","327,17","325,20","20,76K","0,19%"
"17.06.2025","325,84","326,04","327,31","324,38","34,10K","-0,66%"
"16.06.2025","328,02","329,29","329,68","325,81","19,91K","-0,54%"
"13.06.2025","329,79","329,19","331,80","328,57","18,85K","1,00%"
"12.06.2025","326,54","325,06","327,22","321,70","14,89K","1,50%"
"11.06.2025","321,70","321,46","323,34","320,56","11,25K","0,37%"
"10.06.2025","320,53","320,41","322,54","320,15","69,55K","-0,10%"
"09.06.2025","320,84","320,13","320,84","318,92","69,34K","-0,03%"
"06.06.2025","320,95","323,76","324,35","320,00","20,66K","-0,71%"
"05.06.2025","323,25","324,14","327,80","323,25","24,48K","-0,51%"
"04.06.2025","324,90","323,34","325,88","322,24","16,12K","0,67%"
"03.06.2025","322,74","323,71","324,07","321,20","22,60K","-0,65%"
"02.06.2025","324,86","322,32","325,49","322,12","18,06K","2,50%"
"30.05.2025","316,95","317,95","318,33","315,51","6,90K","-0,76%"
"29.05.2025","319,38","315,31","319,69","315,20","147,03K","0,61%"
"28.05.2025","317,43","318,77","320,36","317,43","14,21K","0,04%"
"27.05.2025","317,30","318,89","319,07","316,75","28,03K","-1,93%"
"23.05.2025","323,55","320,94","324,00","320,20","25,34K","1,95%"
"22.05.2025","317,35","320,44","320,84","316,35","74,46K","-0,50%"
"21.05.2025","318,93","319,61","319,71","317,38","19,06K","0,99%"
"20.05.2025","315,80","309,22","316,44","309,22","18,02K","1,39%"
"19.05.2025","311,48","310,77","312,82","310,00","21,42K","1,62%"
"16.05.2025","306,51","309,65","309,87","304,00","26,20K","-1,01%"
"15.05.2025","309,63","303,49","309,91","301,73","30,83K","0,92%"
"14.05.2025","306,81","310,96","312,35","306,00","34,60K","-1,98%"
"13.05.2025","313,02","314,33","314,55","310,92","24,92K","0,39%"
"12.05.2025","311,79","315,40","315,43","309,17","48,70K","-3,12%"
"09.05.2025","321,82","320,31","321,97","319,89","20,91K","-0,08%"
"08.05.2025","322,08","320,82","324,50","320,64","16,46K","-1,25%"
"07.05.2025","326,16","326,79","327,36","324,92","40,42K","-0,40%"
"06.05.2025","327,48","324,32","327,48","324,18","22,31K","4,89%"
"02.05.2025","312,22","313,41","315,00","312,22","27,70K","0,81%"
"01.05.2025","309,70","311,81","311,81","308,50","36,80K","-2,75%"
"30.04.2025","318,46","318,54","319,47","314,84","33,32K","-0,20%"
"29.04.2025","319,10","319,59","320,12","316,58","27,74K","-0,45%"
"28.04.2025","320,55","316,43","321,27","315,59","41,48K","1,59%"
"25.04.2025","315,54","318,42","319,23","314,85","24,80K","-1,63%"
"24.04.2025","320,77","320,42","322,02","318,09","91,23K","1,73%"
"23.04.2025","315,31","319,15","321,60","313,72","42,50K","-4,28%"
"22.04.2025","329,40","334,73","335,20","328,51","86,58K","3,73%"
"17.04.2025","317,57","320,66","321,59","316,89","25,25K","-0,56%"
"16.04.2025","319,35","317,20","319,66","317,12","121,14K","2,86%"
"15.04.2025","310,47","310,87","311,27","309,57","15,13K","0,47%"
"14.04.2025","309,02","311,39","311,50","307,95","22,51K","-1,01%"
"11.04.2025","312,16","307,99","312,24","307,95","104,09K","2,30%"
"10.04.2025","305,14","300,91","305,56","298,98","14,51K","2,58%"
"09.04.2025","297,47","292,85","297,56","292,59","70,55K","2,64%"
"08.04.2025","289,83","290,19","291,00","288,54","17,68K","0,96%"
"07.04.2025","287,06","291,71","293,32","287,06","36,02K","-1,53%"
"04.04.2025","291,52","298,86","302,05","291,37","27,53K","-2,68%"
"03.04.2025","299,54","301,24","302,00","294,01","56,62K","-0,58%"
"02.04.2025","301,28","300,34","301,93","299,80","73,77K","-0,01%"
"01.04.2025","301,31","301,94","302,49","301,00","42,70K","0,25%"
"31.03.2025","300,57","300,57","301,23","298,97","22,47K","1,18%"
"28.03.2025","297,05","296,66","297,45","295,59","35,29K","0,99%"
"27.03.2025","294,14","292,37","294,79","292,28","34,10K","1,10%"
"26.03.2025","290,93","292,03","292,03","290,31","16,11K","-0,16%"
"25.03.2025","291,40","290,15","292,40","290,13","15,52K","0,49%"
"24.03.2025","289,98","291,32","292,21","289,65","26,39K","-0,17%"
"21.03.2025","290,47","292,17","292,67","289,02","45,68K","-0,69%"
"20.03.2025","292,48","293,17","293,46","291,61","17,66K","0,01%"
"19.03.2025","292,44","292,50","292,92","291,51","25,19K","0,00%"
"18.03.2025","292,44","290,71","292,61","290,70","23,95K","1,28%"
"17.03.2025","288,75","287,80","289,20","287,49","12,10K","0,32%"
"14.03.2025","287,82","287,79","289,58","287,00","40,34K","0,19%"
"13.03.2025","287,27","282,85","288,32","282,84","31,95K","1,50%"
"12.03.2025","283,02","280,85","283,02","280,24","17,27K","0,73%"
"11.03.2025","280,98","279,53","281,43","279,52","10,27K","0,45%"
"10.03.2025","279,71","280,18","280,91","279,19","14,93K","-0,44%"
"07.03.2025","280,96","281,11","282,32","280,00","33,53K","-0,01%"
"06.03.2025","280,98","280,46","281,22","278,68","16,11K","-0,34%"
"05.03.2025","281,94","281,14","282,45","279,00","16,17K","0,62%"
"04.03.2025","280,21","279,43","282,04","279,23","16,84K","0,63%"
"03.03.2025","278,45","275,89","278,50","275,63","25,59K","1,46%"
"28.02.2025","274,45","275,53","276,04","273,05","30,18K","-0,87%"
"27.02.2025","276,87","278,63","278,89","276,39","20,80K","-1,33%"
"26.02.2025","280,60","280,85","281,20","278,56","16,89K","0,52%"
"25.02.2025","279,14","282,46","283,57","278,60","15,38K","-1,53%"
"24.02.2025","283,48","283,69","284,84","282,47","21,92K","0,14%"
"21.02.2025","283,08","282,32","283,12","281,34","31,26K","-0,24%"
"20.02.2025","283,76","284,15","284,77","281,80","15,19K","0,69%"
"19.02.2025","281,81","282,83","283,95","281,71","13,72K","-0,17%"
"18.02.2025","282,29","280,56","282,30","280,32","29,57K","1,11%"
"17.02.2025","279,19","279,72","280,08","279,07","21,49K","0,11%"
"14.02.2025","278,89","282,52","283,32","278,84","14,84K","-0,81%"
"13.02.2025","281,17","280,88","281,51","280,22","10,29K","0,81%"
"12.02.2025","278,92","278,84","279,25","276,24","21,10K","-0,40%"
"11.02.2025","280,04","280,70","280,94","277,88","15,10K","0,03%"
"10.02.2025","279,95","278,98","280,63","278,86","18,63K","1,34%"
"07.02.2025","276,24","276,03","278,09","273,50","81,77K","0,55%"
"06.02.2025","274,74","275,27","276,55","273,20","27,20K","-0,70%"
"05.02.2025","276,67","276,01","277,60","275,50","16,26K","1,03%"
"04.02.2025","273,86","271,17","274,13","270,97","19,43K","0,70%"
"03.02.2025","271,95","268,98","272,99","268,51","28,12K","0,51%"
"31.01.2025","270,58","269,65","271,37","269,00","26,13K","0,58%"
"30.01.2025","269,02","266,82","269,58","266,78","17,02K","1,39%"
"29.01.2025","265,33","265,95","266,47","265,00","46,70K","-0,12%"
"28.01.2025","265,66","264,06","265,84","263,66","11,17K","0,60%"
"27.01.2025","264,08","265,10","266,97","263,97","17,73K","-1,33%"
"24.01.2025","267,63","267,15","268,42","265,48","23,17K","0,87%"
"23.01.2025","265,33","265,32","265,46","263,83","7,87K","-0,23%"
"22.01.2025","265,93","264,85","266,39","264,83","10,84K","0,69%"
"21.01.2025","264,11","263,13","264,46","261,90","20,81K","1,33%"
"20.01.2025","260,65","260,73","261,70","260,50","10,98K","-0,41%"
"17.01.2025","261,71","261,24","261,84","260,52","11,92K","-0,19%"
"16.01.2025","262,22","260,09","262,22","259,95","46,53K","1,41%"
"15.01.2025","258,58","258,55","259,61","258,00","9,88K","0,43%"
"14.01.2025","257,48","257,37","257,78","256,47","7,22K","0,16%"
"13.01.2025","257,08","258,89","259,29","256,45","49,00K","-0,89%"
"10.01.2025","259,39","257,95","260,03","256,88","13,31K","0,84%"
"09.01.2025","257,22","256,66","258,13","256,43","9,74K","0,13%"
"08.01.2025","256,88","255,62","257,09","255,18","12,28K","0,52%"
"07.01.2025","255,55","254,43","256,69","254,43","6,98K","0,48%"
"06.01.2025","254,34","253,16","255,35","252,00","9,02K","-0,12%"
"03.01.2025","254,64","255,89","256,29","254,60","6,96K","-0,52%"
"02.01.2025","255,97","255,19","256,14","253,74","27,51K","1,74%"
"31.12.2024","251,60","251,90","252,19","251,49","2,67K","0,46%"
"30.12.2024","250,45","252,28","252,75","250,23","3,84K","-0,78%"
"27.12.2024","252,43","253,63","257,24","251,91","5,18K","0,29%"
"24.12.2024","251,71","252,38","252,46","251,71","1,94K","-0,09%"
"23.12.2024","251,93","253,41","253,59","251,55","9,19K","-0,33%"
"20.12.2024","252,77","251,07","253,57","250,72","12,80K","1,16%"
"19.12.2024","249,86","252,05","252,99","249,40","16,23K","-1,72%"
"18.12.2024","254,24","254,90","255,37","253,90","12,85K","-0,02%"
"17.12.2024","254,30","255,63","255,76","253,96","15,56K","-0,45%"
"16.12.2024","255,44","255,75","256,84","255,44","15,15K","-0,39%"
"13.12.2024","256,45","258,57","258,80","256,00","25,43K","-0,78%"
"12.12.2024","258,46","261,64","262,11","257,86","20,00K","-1,10%"
"11.12.2024","261,34","259,24","261,83","258,83","12,13K","0,86%"
"10.12.2024","259,10","256,85","259,44","256,52","19,12K","0,81%"
"09.12.2024","257,03","255,48","257,86","255,08","41,97K","0,97%"
"06.12.2024","254,57","254,42","254,95","252,96","17,19K","0,12%"
"05.12.2024","254,26","255,37","255,63","253,76","17,99K","-0,58%"
"04.12.2024","255,75","254,63","255,96","254,00","20,83K","0,39%"
"03.12.2024","254,76","254,84","255,88","254,13","74,42K","0,12%"
"02.12.2024","254,46","253,44","256,00","253,26","65,30K","-0,81%"
"29.11.2024","256,54","256,53","256,92","255,52","16,43K","0,75%"
"28.11.2024","254,64","254,17","255,30","254,17","11,49K","0,02%"
"27.11.2024","254,59","255,19","256,17","254,14","54,00K","0,52%"
"26.11.2024","253,27","251,93","254,61","251,51","17,04K","-0,33%"
"25.11.2024","254,11","257,24","259,13","253,25","27,83K","-2,47%"
"22.11.2024","260,55","259,97","265,00","258,85","110,27K","1,37%"
"21.11.2024","257,04","256,81","257,70","256,53","224,35K","0,64%"
"20.11.2024","255,40","252,69","255,47","252,50","17,07K","1,00%"
"19.11.2024","252,86","252,49","254,44","252,40","29,41K","0,46%"
"18.11.2024","251,69","248,96","252,02","248,67","21,63K","1,82%"
"15.11.2024","247,18","247,18","248,28","246,89","23,74K","-0,49%"
"14.11.2024","248,39","246,42","248,39","244,72","21,59K","-0,43%"
"13.11.2024","249,46","251,16","252,13","249,46","3,17M","-0,49%"
"12.11.2024","250,68","250,43","252,22","249,64","52,76K","-0,65%"
"11.11.2024","252,33","257,34","257,87","251,90","33,69K","-2,56%"
"08.11.2024","258,97","259,13","260,49","258,55","13,40K","-0,32%"
"07.11.2024","259,79","256,73","260,28","256,14","19,93K","0,91%"
"06.11.2024","257,45","262,79","263,52","255,83","49,79K","-2,48%"
"05.11.2024","264,01","263,76","265,03","263,42","11,05K","0,07%"
"04.11.2024","263,83","263,76","264,90","263,43","35,65K","-0,27%"
"01.11.2024","264,55","265,07","266,14","264,24","58,90K","0,09%"
"31.10.2024","264,30","268,26","268,40","263,44","93,94K","-1,59%"
"30.10.2024","268,56","268,22","268,65","267,17","19,55K","0,74%"
"29.10.2024","266,59","265,30","267,20","264,75","78,57K","0,77%"
"28.10.2024","264,55","263,99","264,66","263,00","22,95K","0,20%"
"25.10.2024","264,03","263,34","264,28","261,96","36,40K","0,27%"
"24.10.2024","263,31","263,63","264,27","262,50","57,90K","0,53%"
"23.10.2024","261,93","265,16","265,89","261,21","118,83K","-0,86%"
"22.10.2024","264,20","263,66","264,52","263,15","45,52K","0,63%"
"21.10.2024","262,54","263,21","264,15","261,91","21,40K","0,24%"
"18.10.2024","261,91","260,99","264,50","260,56","13,35K","0,87%"
"17.10.2024","259,64","258,51","259,99","257,69","98,94K","0,72%"
"16.10.2024","257,79","258,05","258,72","257,20","10,49K","0,38%"
"15.10.2024","256,82","255,36","256,82","255,16","31,10K","0,60%"
"14.10.2024","255,30","256,79","257,02","255,01","24,95K","-0,41%"
"11.10.2024","256,34","254,47","256,58","254,22","9,37K","1,40%"
"10.10.2024","252,80","251,83","253,30","251,00","4,12K","0,29%"
"09.10.2024","252,06","251,85","252,96","251,17","35,41K","0,35%"
"08.10.2024","251,17","254,14","255,70","251,17","9,07K","-1,64%"
"07.10.2024","255,35","254,81","256,40","254,36","11,96K","-0,32%"
"04.10.2024","256,16","256,48","257,27","253,85","17,51K","0,14%"
"03.10.2024","255,81","256,02","256,11","254,74","19,81K","0,16%"
"02.10.2024","255,40","255,51","256,50","254,12","46,91K","-0,59%"
"01.10.2024","256,91","255,01","258,50","254,75","16,18K","1,20%"
"30.09.2024","253,87","256,26","256,46","253,42","21,95K","-0,73%"
"27.09.2024","255,73","257,15","258,38","255,06","14,60K","-0,73%"
"26.09.2024","257,62","256,65","258,91","255,99","15,29K","0,58%"
"25.09.2024","256,13","255,85","256,98","255,69","11,73K","0,51%"
"24.09.2024","254,84","253,31","255,29","253,00","68,40K","0,45%"
"23.09.2024","253,69","252,97","254,69","252,08","17,93K","0,56%"
"20.09.2024","252,28","251,30","252,44","250,92","8,67K","1,29%"
"19.09.2024","249,07","248,35","250,14","248,04","23,75K","0,40%"
"18.09.2024","248,09","247,74","248,68","247,59","9,48K","0,31%"
"17.09.2024","247,33","249,22","249,47","247,33","153,24K","-0,63%"
"16.09.2024","248,90","249,27","249,64","248,27","20,42K","0,08%"
"13.09.2024","248,69","247,45","248,85","247,21","14,06K","1,01%"
"12.09.2024","246,20","242,66","246,50","242,30","18,57K","1,58%"
"11.09.2024","242,37","243,56","243,67","241,47","18,02K","-0,05%"
"10.09.2024","242,50","241,53","242,52","241,09","50,45K","0,71%"
"09.09.2024","240,80","240,13","242,14","239,99","10,12K","-0,64%"
"06.09.2024","242,36","242,82","243,83","241,52","9,91K","0,20%"
"05.09.2024","241,88","241,44","243,07","241,26","11,23K","0,55%"
"04.09.2024","240,56","239,52","240,94","238,42","10,54K","0,46%"
"03.09.2024","239,46","240,86","241,52","238,43","37,07K","-0,73%"
"02.09.2024","241,21","240,85","241,70","240,71","18,37K","-0,12%"
"30.08.2024","241,51","242,78","243,53","241,43","41,66K","-0,60%"
"29.08.2024","242,98","242,62","243,42","241,46","9,80K","0,51%"
"28.08.2024","241,75","241,86","242,15","240,48","22,41K","-0,32%"
"27.08.2024","242,52","242,54","242,98","241,54","13,72K","-0,07%"
"23.08.2024","242,69","240,39","242,79","240,26","81,19K","1,62%"
"22.08.2024","238,83","241,78","241,93","238,42","18,50K","-1,29%"
"21.08.2024","241,95","242,44","242,62","240,65","17,71K","-0,12%"
"20.08.2024","242,23","241,35","244,06","241,01","18,43K","0,36%"
"19.08.2024","241,37","241,38","242,77","239,59","10,89K","0,69%"
"16.08.2024","239,71","236,77","241,00","236,45","19,24K","1,22%"
"15.08.2024","236,83","236,77","237,74","234,87","14,50K","0,44%"
"14.08.2024","235,80","237,91","238,86","235,80","14,44K","-0,91%"
"13.08.2024","237,96","237,54","238,60","237,10","71,40K","0,32%"
"12.08.2024","237,21","234,97","237,21","234,90","8,86K","1,26%"
"09.08.2024","234,26","233,45","234,80","233,34","10,81K","0,48%"
"08.08.2024","233,14","231,28","233,53","230,73","78,51K","0,83%"
"07.08.2024","231,22","230,96","231,93","230,34","67,63K","0,55%"
"06.08.2024","229,96","231,70","232,96","229,75","48,12K","-0,85%"
"05.08.2024","231,92","234,21","235,70","228,08","46,28K","-0,85%"
"02.08.2024","233,90","237,80","238,74","232,49","44,53K","-0,96%"
"01.08.2024","236,16","235,69","237,25","234,42","56,59K","1,06%"
"31.07.2024","233,69","233,46","234,26","233,06","24,84K","1,49%"
"30.07.2024","230,25","230,56","230,89","230,00","14,83K","0,53%"
"29.07.2024","229,03","230,68","230,92","228,86","30,13K","-0,39%"
"26.07.2024","229,93","228,60","230,56","228,39","36,13K","0,85%"
"25.07.2024","228,00","228,74","229,83","227,74","14,81K","-2,64%"
"24.07.2024","234,18","233,14","234,44","232,47","79,68K","0,97%"
"23.07.2024","231,92","230,55","232,47","230,44","10,79K","0,83%"
"22.07.2024","230,02","231,70","232,14","230,00","5,62K","-0,82%"
"19.07.2024","231,93","233,38","234,60","230,94","171,89K","-2,41%"
"18.07.2024","237,65","238,35","238,69","237,00","376,67K","-0,01%"
"17.07.2024","237,68","237,89","239,45","237,18","17,34K","0,11%"
"16.07.2024","237,41","234,77","238,56","234,33","37,04K","1,11%"
"15.07.2024","234,80","231,74","235,03","231,55","17,38K","1,02%"
"12.07.2024","232,44","231,89","232,76","230,67","38,23K","-0,54%"
"11.07.2024","233,70","229,63","233,70","229,46","53,41K","1,82%"
"10.07.2024","229,52","228,82","230,11","228,71","22,44K","1,14%"
"09.07.2024","226,94","227,95","228,31","226,61","62,75K","-0,60%"
"08.07.2024","228,30","229,25","229,65","228,30","15,23K","-0,81%"
"05.07.2024","230,17","228,00","230,17","226,88","17,06K","1,13%"
"04.07.2024","227,59","227,26","227,76","227,04","13,47K","-0,10%"
"03.07.2024","227,81","225,79","228,12","210,13","61,93K","1,56%"
"02.07.2024","224,31","224,70","225,22","223,87","10,27K","-0,10%"
"01.07.2024","224,53","224,33","225,46","223,80","66,85K","-0,02%"
"28.06.2024","224,57","224,49","225,47","224,17","11,66K","0,07%"
"27.06.2024","224,41","221,89","224,70","221,82","9,25K","1,19%"
"26.06.2024","221,77","223,44","223,62","221,28","27,10K","-0,82%"
"25.06.2024","223,61","224,39","225,36","223,61","17,65K","-0,45%"
"24.06.2024","224,62","224,06","225,07","223,93","17,51K","0,04%"
"21.06.2024","224,53","227,44","228,44","224,23","17,23K","-1,02%"
"20.06.2024","226,84","225,97","227,98","225,05","7,23K","1,05%"
"19.06.2024","224,49","224,77","225,91","224,28","13,74K","0,10%"
"18.06.2024","224,27","223,78","224,59","222,49","36,53K","0,59%"
"17.06.2024","222,95","223,53","224,86","222,95","11,52K","-0,69%"
"14.06.2024","224,49","223,13","225,15","222,71","8,02K","0,84%"
"13.06.2024","222,63","223,34","224,76","222,37","19,67K","-0,94%"
"12.06.2024","224,74","223,27","225,74","222,87","21,91K","0,81%"
"11.06.2024","222,94","222,06","223,69","222,00","11,15K","0,31%"
"10.06.2024","222,26","221,03","222,60","221,00","8,38K","-0,15%"
"07.06.2024","222,60","229,06","229,39","222,55","23,38K","-2,84%"
"06.06.2024","229,12","228,33","229,49","227,26","6,84K","0,94%"
"05.06.2024","226,98","224,94","226,98","224,62","16,38K","1,21%"
"04.06.2024","224,26","226,14","226,59","223,45","18,25K","-0,74%"
"03.06.2024","225,93","223,94","226,06","223,85","29,88K","0,62%"
"31.05.2024","224,55","226,27","227,47","224,55","62,54K","-0,71%"
"30.05.2024","226,15","225,04","226,70","224,76","11,21K","0,28%"
"29.05.2024","225,51","227,15","227,43","225,45","14,02K","-0,84%"
"28.05.2024","227,43","225,92","227,77","225,69","53,04K","1,08%"
"24.05.2024","225,00","225,61","226,00","225,00","11,92K","-0,48%"
"23.05.2024","226,08","228,00","228,50","225,81","42,15K","-1,86%"
"22.05.2024","230,37","233,13","233,23","229,94","12,95K","-1,69%"
"21.05.2024","234,32","232,28","234,65","232,28","25,15K","0,21%"
"20.05.2024","233,84","235,20","235,95","232,53","14,82K","0,66%"
"17.05.2024","232,31","230,07","233,15","229,77","17,30K","1,09%"
"16.05.2024","229,81","230,16","230,57","228,78","11,97K","0,00%"
"15.05.2024","229,80","227,53","230,10","226,99","26,87K","1,24%"
"14.05.2024","226,99","225,49","227,93","225,37","13,64K","0,86%"
"13.05.2024","225,06","226,49","226,74","225,06","11,31K","-1,32%"
"10.05.2024","228,06","228,55","229,28","227,43","21,28K","1,31%"
"09.05.2024","225,12","223,26","225,47","222,63","14,35K","0,68%"
"08.05.2024","223,59","223,21","223,62","222,29","71,03K","0,14%"
"07.05.2024","223,27","223,82","224,18","222,82","50,97K","7,34%"
"06.05.2024","208,00","208,00","208,00","208,00","90,34K","-6,02%"
"03.05.2024","221,32","221,69","223,31","218,56","36,06K","-0,32%"
"02.05.2024","222,02","223,13","223,31","220,75","12,00K","-0,34%"
"01.05.2024","222,78","220,65","222,78","220,26","7,32K","0,56%"
"30.04.2024","221,55","223,95","223,95","221,16","240,63K","-1,73%"
"29.04.2024","225,45","224,75","226,10","224,56","18,92K","0,22%"
"26.04.2024","224,95","225,82","226,81","224,90","13,48K","-0,04%"
"25.04.2024","225,05","224,09","225,61","223,64","181,95K","0,19%"
"24.04.2024","224,63","224,33","225,31","223,02","41,15K","0,34%"
"23.04.2024","223,87","222,07","224,90","221,22","24,74K","-0,72%"
"22.04.2024","225,50","227,26","227,89","224,83","15,56K","-2,17%"
"19.04.2024","230,51","230,52","231,01","228,95","12,20K","0,24%"
"18.04.2024","229,95","229,61","230,77","228,73","14,96K","-0,02%"
"17.04.2024","230,00","229,65","231,08","229,39","12,99K","0,04%"
"16.04.2024","229,91","228,90","230,38","228,00","59,28K","1,47%"
"15.04.2024","226,59","227,13","227,78","224,11","46,59K","-1,89%"
"12.04.2024","230,95","230,91","234,41","230,79","93,16K","2,33%"
"11.04.2024","225,69","225,22","226,34","224,46","43,29K","0,08%"
"10.04.2024","225,51","227,23","227,47","224,00","24,11K","-0,32%"
"09.04.2024","226,24","226,18","228,08","226,12","35,86K","0,62%"
"08.04.2024","224,85","225,43","226,00","223,95","10,70K","0,29%"
"05.04.2024","224,20","219,89","224,38","219,89","108,95K","1,37%"
"04.04.2024","221,16","221,41","221,66","220,31","17,92K","0,26%"
"03.04.2024","220,59","220,18","220,64","218,81","17,73K","1,52%"
"02.04.2024","217,28","217,63","219,66","215,80","38,94K","1,44%"
"28.03.2024","214,19","211,65","214,19","211,40","44,92K","1,24%"
"27.03.2024","211,56","210,27","211,79","210,00","12,23K","0,73%"
"26.03.2024","210,03","209,59","211,93","209,59","22,07K","0,01%"
"25.03.2024","210,00","208,92","210,31","208,78","15,92K","0,53%"
"22.03.2024","208,90","209,27","210,19","208,85","13,96K","-0,54%"
"21.03.2024","210,04","212,84","213,37","209,11","16,13K","0,86%"
"20.03.2024","208,24","208,13","208,86","207,46","4,66K","0,20%"
"19.03.2024","207,83","207,94","208,24","207,17","12,32K","-0,19%"
"18.03.2024","208,23","207,61","208,65","207,49","11,56K","-0,20%"
"15.03.2024","208,64","209,15","209,56","207,69","24,45K","0,14%"
"14.03.2024","208,34","209,20","209,55","207,70","29,00K","-0,56%"
"13.03.2024","209,51","208,39","209,69","208,18","12,67K","0,34%"
"12.03.2024","208,80","210,04","210,31","207,93","15,58K","-0,78%"
"11.03.2024","210,45","210,61","210,94","209,85","34,00K","0,21%"
"08.03.2024","210,00","208,52","210,50","208,50","14,08K","0,94%"
"07.03.2024","208,05","208,01","208,74","207,27","39,57K","0,62%"
"06.03.2024","206,76","205,31","207,20","204,95","35,76K","0,75%"
"05.03.2024","205,23","204,06","206,60","204,06","24,65K","0,50%"
"04.03.2024","204,20","201,37","204,20","200,84","12,17K","1,98%"
"01.03.2024","200,24","197,33","200,47","196,86","10,46K","1,47%"
"29.02.2024","197,33","196,56","197,87","195,75","17,86K","0,58%"
"28.02.2024","196,20","195,69","196,57","195,35","15,83K","-0,01%"
"27.02.2024","196,21","196,40","196,75","196,07","30,36K","0,32%"
"26.02.2024","195,59","196,36","196,40","195,41","14,95K","-0,48%"
"23.02.2024","196,54","195,09","196,54","194,56","60,67K","0,74%"
"22.02.2024","195,09","196,07","196,36","195,00","12,74K","-0,11%"
"21.02.2024","195,30","195,72","195,96","195,20","9,54K","-0,20%"
"20.02.2024","195,69","195,10","195,88","195,00","13,99K","0,58%"
"19.02.2024","194,56","195,03","195,09","194,36","10,05K","0,34%"
"16.02.2024","193,91","193,48","193,91","192,56","6,99K","0,52%"
"15.02.2024","192,90","192,35","193,44","192,27","14,21K","0,33%"
"14.02.2024","192,26","191,97","192,30","191,56","146,15K","-0,18%"
"13.02.2024","192,61","195,35","195,77","192,00","175,28K","-0,93%"
"12.02.2024","194,42","195,40","195,60","194,18","9,84K","-0,36%"
"09.02.2024","195,12","196,23","196,50","194,99","168,80K","-0,32%"
"08.02.2024","195,75","196,12","196,65","195,06","12,30K","-0,51%"
"07.02.2024","196,75","196,34","197,20","196,06","12,95K","0,12%"
"06.02.2024","196,51","195,51","196,67","195,21","28,84K","0,80%"
"05.02.2024","194,96","195,64","195,70","194,30","13,50K","-0,65%"
"02.02.2024","196,24","198,24","198,39","195,80","35,81K","-1,29%"
"01.02.2024","198,81","197,06","198,81","195,86","38,81K","0,51%"
"31.01.2024","197,80","196,56","198,25","196,45","81,95K","0,88%"
"30.01.2024","196,07","196,60","197,58","195,96","11,08K","0,20%"
"29.01.2024","195,67","196,01","196,49","195,05","6,17K","0,46%"
"26.01.2024","194,77","194,98","195,33","194,55","26,68K","0,10%"
"25.01.2024","194,57","194,44","195,32","194,00","31,23K","0,08%"
"24.01.2024","194,42","195,90","196,48","194,12","39,19K","-0,46%"
"23.01.2024","195,32","196,05","196,05","195,07","15,97K","0,05%"
"22.01.2024","195,22","195,06","195,83","194,56","19,35K","-0,09%"
"19.01.2024","195,39","195,68","196,50","195,21","22,06K","0,46%"
"18.01.2024","194,50","194,16","194,67","193,88","8,67K","0,25%"
"17.01.2024","194,01","195,50","195,66","193,64","11,50K","-1,27%"
"16.01.2024","196,51","197,76","197,76","196,00","12,65K","-0,86%"
"15.01.2024","198,21","198,20","198,61","197,77","5,53K","0,02%"
"12.01.2024","198,17","196,74","198,93","196,57","10,49K","1,82%"
"11.01.2024","194,63","196,31","197,03","194,63","21,45K","-0,38%"
"10.01.2024","195,37","195,93","196,75","195,33","9,95K","-0,26%"
"09.01.2024","195,87","196,39","196,86","195,52","8,71K","-0,17%"
"08.01.2024","196,21","196,06","196,60","194,78","14,90K","-0,92%"
"05.01.2024","198,03","197,18","199,00","195,44","13,45K","0,34%"
"04.01.2024","197,36","197,57","197,85","196,73","33,35K","0,43%"
"03.01.2024","196,52","199,07","199,20","196,07","20,36K","-1,38%"
"02.01.2024","199,28","199,82","200,55","198,60","7,89K","-0,02%"
"29.12.2023","199,32","199,96","200,10","199,00","2,23K","-0,46%"
"28.12.2023","200,24","201,00","201,52","199,99","9,17K","-0,24%"
"27.12.2023","200,73","197,77","200,94","197,77","12,40K","0,78%"
"22.12.2023","199,17","197,80","199,17","197,67","9,56K","1,08%"
"21.12.2023","197,05","196,45","197,41","196,17","9,05K","0,35%"
"20.12.2023","196,37","197,09","197,12","195,99","26,62K","-0,55%"
"19.12.2023","197,46","195,37","197,46","195,23","14,73K","1,11%"
"18.12.2023","195,29","195,22","195,51","194,87","6,13K","-0,58%"
"15.12.2023","196,43","196,61","197,30","195,69","20,21K","-0,17%"
"14.12.2023","196,76","196,08","197,54","195,89","23,04K","2,87%"
"13.12.2023","191,27","190,96","191,55","190,96","182,79K","0,12%"
"12.12.2023","191,05","191,86","192,36","191,05","194,23K","-0,15%"
"11.12.2023","191,34","192,35","192,70","191,14","15,35K","-1,14%"
"08.12.2023","193,55","195,90","195,99","193,40","13,88K","-1,12%"
"07.12.2023","195,75","195,89","196,77","195,47","29,57K","0,22%"
"06.12.2023","195,33","196,29","196,30","195,00","45,25K","0,64%"
"05.12.2023","194,08","196,15","197,59","194,00","15,51K","-0,71%"
"04.12.2023","195,47","199,00","200,18","195,00","69,20K","-1,54%"
"01.12.2023","198,53","196,86","198,50","196,28","16,37K","0,93%"
"30.11.2023","196,70","197,26","197,39","196,19","57,37K","-0,13%"
"29.11.2023","196,96","197,09","197,40","196,51","33,94K","0,22%"
"28.11.2023","196,52","194,35","196,69","194,31","27,04K","1,43%"
"27.11.2023","193,74","194,02","194,53","193,74","28,83K","0,37%"
"24.11.2023","193,02","192,45","193,22","192,30","23,35K","0,33%"
"23.11.2023","192,40","192,67","192,67","192,04","9,55K","-0,01%"
"22.11.2023","192,41","193,33","193,59","192,10","23,36K","-0,27%"
"21.11.2023","192,93","192,26","193,65","191,53","55,34K","1,31%"
"20.11.2023","190,44","190,94","191,10","189,74","34,65K","-0,43%"
"17.11.2023","191,27","191,89","192,37","191,14","9,16K","-0,15%"
"16.11.2023","191,55","189,80","191,84","189,44","17,23K","1,24%"
"15.11.2023","189,20","190,14","190,51","188,78","14,34K","-0,17%"
"14.11.2023","189,53","187,74","190,04","187,66","17,72K","1,07%"
"13.11.2023","187,51","187,19","187,50","186,54","12,08K","0,22%"
"10.11.2023","187,10","188,69","188,87","187,08","27,08K","-1,19%"
"09.11.2023","189,36","188,14","189,65","187,66","9,32K","0,24%"
"08.11.2023","188,90","189,95","189,99","188,47","10,80K","-0,43%"
"07.11.2023","189,72","190,11","190,15","188,93","57,04K","-0,82%"
"06.11.2023","191,28","191,42","191,90","191,08","29,86K","-0,43%"
"03.11.2023","192,10","191,69","193,40","191,69","26,65K","0,43%"
"02.11.2023","191,28","191,56","192,11","191,00","51,11K","0,27%"
"01.11.2023","190,77","190,87","192,16","190,77","16,06K","-0,73%"
"31.10.2023","192,17","192,72","193,67","191,92","63,20K","-0,40%"
"30.10.2023","192,94","192,46","193,21","192,24","6,20K","0,94%"
"27.10.2023","191,14","191,81","191,91","191,00","18,49K","0,13%"
"26.10.2023","190,90","191,60","192,34","190,49","257,78K","0,00%"
"25.10.2023","190,90","190,24","191,69","189,53","267,44K","0,69%"
"24.10.2023","189,60","190,85","190,98","188,99","9,20K","-0,68%"
"23.10.2023","190,90","190,76","191,37","190,31","17,90K","-0,77%"
"20.10.2023","192,39","191,07","192,69","190,86","27,08K","2,07%"
"19.10.2023","188,48","187,98","188,82","187,98","16,20K","0,42%"
"18.10.2023","187,70","186,83","189,42","186,81","44,17K","0,96%"
"17.10.2023","185,91","185,03","186,36","185,03","11,47K","0,25%"
"16.10.2023","185,45","184,30","185,72","184,18","8,65K","0,01%"
"13.10.2023","185,43","181,15","185,57","181,15","10,11K","2,59%"
"12.10.2023","180,74","181,63","181,88","180,57","9,33K","0,03%"
"11.10.2023","180,68","179,75","180,95","179,75","33,97K","0,64%"
"10.10.2023","179,53","179,15","179,53","178,86","12,13K","0,37%"
"09.10.2023","178,87","178,54","178,99","178,02","11,72K","1,13%"
"06.10.2023","176,87","175,62","177,07","174,77","26,61K","0,90%"
"05.10.2023","175,29","175,84","176,00","175,10","17,92K","-0,37%"
"04.10.2023","175,95","175,59","176,65","175,40","12,74K","0,02%"
"03.10.2023","175,92","176,11","176,68","175,66","18,69K","-0,65%"
"02.10.2023","177,07","178,08","178,26","176,38","11,87K","-1,08%"
"29.09.2023","179,01","180,45","181,16","179,01","14,69K","-0,35%"
"28.09.2023","179,64","181,01","181,32","179,44","9,25K","-1,04%"
"27.09.2023","181,53","183,19","183,21","181,49","15,88K","-1,23%"
"26.09.2023","183,79","184,43","184,90","183,73","21,15K","-0,75%"
"25.09.2023","185,17","185,79","185,96","184,86","46,21K","-0,51%"
"22.09.2023","186,11","185,87","186,22","185,74","11,51K","0,53%"
"21.09.2023","185,12","186,17","186,17","184,86","47,87K","-1,37%"
"20.09.2023","187,69","186,35","187,74","186,14","23,76K","0,58%"
"19.09.2023","186,60","186,34","186,95","186,34","33,45K","0,32%"
"18.09.2023","186,00","186,13","186,21","185,72","8,04K","-0,01%"
"15.09.2023","186,02","185,20","186,25","185,00","12,93K","0,94%"
"14.09.2023","184,30","184,10","184,42","183,53","12,09K","-0,10%"
"13.09.2023","184,48","184,33","184,83","184,18","7,06K","-0,08%"
"12.09.2023","184,63","185,36","185,43","184,17","12,40K","-0,56%"
"11.09.2023","185,67","186,04","186,35","185,54","5,92K","0,11%"
"08.09.2023","185,46","185,88","186,22","185,42","5,99K","0,07%"
"07.09.2023","185,33","185,22","185,63","185,01","23,64K","0,19%"
"06.09.2023","184,97","185,90","186,21","184,92","12,29K","-0,57%"
"05.09.2023","186,03","187,01","187,07","185,90","11,02K","-0,61%"
"04.09.2023","187,17","187,76","187,76","186,96","4,78K","0,13%"
"01.09.2023","186,92","187,26","188,30","186,77","24,70K","-0,22%"
"31.08.2023","187,34","187,64","187,94","187,34","144,24K","-0,24%"
"30.08.2023","187,79","186,93","188,11","186,81","10,26K","0,48%"
"29.08.2023","186,90","185,58","186,90","184,89","17,94K","1,44%"
"25.08.2023","184,25","184,65","185,52","183,81","32,15K","-0,62%"
"24.08.2023","185,40","185,50","185,64","184,73","6,00K","0,20%"
"23.08.2023","185,02","183,70","185,12","183,58","6,77K","0,99%"
"22.08.2023","183,22","183,29","183,74","182,35","7,03K","0,44%"
"21.08.2023","182,41","182,31","183,13","182,05","17,00K","-0,13%"
"18.08.2023","182,65","182,65","183,03","182,42","20,57K","-0,07%"
"17.08.2023","182,78","183,14","183,67","182,78","15,84K","-0,51%"
"16.08.2023","183,72","183,99","184,12","183,40","11,04K","-0,19%"
"15.08.2023","184,07","183,86","184,43","183,22","12,14K","-0,17%"
"14.08.2023","184,38","184,64","184,93","183,75","27,90K","-0,31%"
"11.08.2023","184,96","185,07","185,43","184,92","19,86K","-0,16%"
"10.08.2023","185,25","185,24","186,20","184,78","29,32K","0,12%"
"09.08.2023","185,02","186,35","186,41","185,00","19,37K","-0,54%"
"08.08.2023","186,03","186,55","186,84","185,86","23,41K","-0,34%"
"07.08.2023","186,66","186,95","187,34","186,55","7,26K","-0,39%"
"04.08.2023","187,39","186,60","187,93","186,09","31,00K","0,20%"
"03.08.2023","187,01","186,57","187,17","186,35","20,39K","0,12%"
"02.08.2023","186,79","188,20","188,70","186,68","20,05K","-0,53%"
"01.08.2023","187,78","189,00","189,00","187,56","18,73K","-1,27%"
"31.07.2023","190,19","188,68","190,28","188,32","27,72K","0,37%"
"28.07.2023","189,48","188,32","189,52","188,11","11,68K","0,88%"
"27.07.2023","187,82","190,58","191,36","187,47","21,18K","-1,38%"
"26.07.2023","190,45","190,17","190,61","189,74","9,05K","0,46%"
"25.07.2023","189,57","187,78","189,72","187,78","11,94K","0,15%"
"24.07.2023","189,30","189,48","189,91","188,98","5,35K","-0,05%"
"21.07.2023","189,39","190,29","190,29","189,09","9,76K","-0,38%"
"20.07.2023","190,11","191,29","191,51","189,88","44,36K","-0,31%"
"19.07.2023","190,71","190,82","191,20","190,20","29,56K","-0,23%"
"18.07.2023","191,15","189,34","191,56","189,29","61,13K","1,33%"
"17.07.2023","188,65","188,53","189,21","187,92","10,38K","-0,25%"
"14.07.2023","189,13","188,93","189,27","188,40","95,50K","-0,10%"
"13.07.2023","189,32","189,48","189,57","188,66","36,34K","0,29%"
"12.07.2023","188,78","186,85","188,98","186,63","39,00K","1,17%"
"11.07.2023","186,60","186,93","187,11","186,31","12,19K","0,47%"
"10.07.2023","185,72","185,75","185,86","185,19","73,83K","-0,41%"
"07.07.2023","186,48","184,75","186,77","184,64","7,04K","1,11%"
"06.07.2023","184,44","185,40","186,04","183,72","20,08K","-0,76%"
"05.07.2023","185,86","185,56","186,81","185,36","17,30K","-0,15%"
"04.07.2023","186,14","186,07","186,39","185,95","6,95K","0,04%"
"03.07.2023","186,07","184,90","186,38","184,44","17,20K","0,52%"
"30.06.2023","185,11","184,06","185,18","183,59","36,94K","0,33%"
"29.06.2023","184,50","183,87","184,62","182,82","20,92K","-0,03%"
"28.06.2023","184,55","184,60","184,72","183,76","23,34K","-0,15%"
"27.06.2023","184,83","186,05","186,40","184,83","15,91K","-0,64%"
"26.06.2023","186,02","185,60","186,65","185,59","67,86K","0,23%"
"23.06.2023","185,60","184,72","186,88","184,72","88,25K","0,45%"
"22.06.2023","184,77","186,25","186,51","184,77","14,94K","-0,93%"
"21.06.2023","186,50","186,77","187,05","185,34","33,48K","-0,17%"
"20.06.2023","186,81","188,36","188,84","186,39","19,98K","-0,92%"
"19.06.2023","188,55","188,69","189,14","188,25","26,59K","-0,36%"
"16.06.2023","189,24","189,36","189,97","188,64","15,60K","0,20%"
"15.06.2023","188,87","186,65","189,16","186,08","19,97K","-0,12%"
"14.06.2023","189,09","187,89","189,11","187,83","9,24K","0,74%"
"13.06.2023","187,71","189,57","189,82","187,71","20,00K","-0,74%"
"12.06.2023","189,10","189,29","189,87","188,30","12,30K","-0,23%"
"09.06.2023","189,54","189,76","190,34","189,00","21,63K","-0,20%"
"08.06.2023","189,92","187,80","190,19","187,80","8,09K","0,65%"
"07.06.2023","188,69","189,01","190,03","188,69","6,00K","-0,37%"
"06.06.2023","189,39","189,17","189,82","188,81","9,74K","0,18%"
"05.06.2023","189,05","187,62","189,23","187,20","10,90K","-0,25%"
"02.06.2023","189,53","191,04","191,33","189,45","29,34K","-0,91%"
"01.06.2023","191,28","189,35","191,28","188,72","11,88K","0,43%"
"31.05.2023","190,46","189,27","190,54","188,85","15,47K","0,54%"
"30.05.2023","189,44","187,17","189,44","186,88","29,57K","1,02%"
"26.05.2023","187,53","188,46","188,77","187,25","15,82K","-0,15%"
"25.05.2023","187,81","189,17","189,52","187,33","16,84K","-1,25%"
"24.05.2023","190,18","190,39","191,70","189,98","15,14K","0,20%"
"23.05.2023","189,80","189,56","190,52","188,77","10,27K","-0,46%"
"22.05.2023","190,68","190,89","191,41","190,15","7,28K","-0,39%"
"19.05.2023","191,42","189,71","191,42","189,00","57,75K","1,40%"
"18.05.2023","188,78","190,91","191,09","188,52","9,11K","-1,30%"
"17.05.2023","191,27","192,14","192,17","190,79","7,90K","-0,98%"
"16.05.2023","193,16","193,80","194,35","193,00","14,72K","-0,83%"
"15.05.2023","194,78","194,75","195,15","194,29","14,39K","0,28%"
"12.05.2023","194,24","194,05","195,24","193,30","12,54K","-0,27%"
"11.05.2023","194,76","195,77","196,87","194,29","14,66K","-0,40%"
"10.05.2023","195,55","196,23","197,68","195,29","33,16K","-0,04%"
"09.05.2023","195,63","195,45","196,27","195,24","17,39K","0,62%"
"05.05.2023","194,43","197,73","197,76","193,42","9,45K","-1,76%"
"04.05.2023","197,92","196,84","198,84","196,17","12,78K","1,22%"
"03.05.2023","195,54","194,92","195,67","194,30","27,45K","0,63%"
"02.05.2023","194,32","191,72","194,32","191,12","44,89K","1,11%"
"28.04.2023","192,18","191,69","192,56","191,24","436,96K","0,25%"
"27.04.2023","191,71","193,36","193,38","190,84","12,47K","-0,59%"
"26.04.2023","192,84","192,86","193,92","192,54","16,95K","0,41%"
"25.04.2023","192,05","192,55","192,83","190,92","20,40K","0,23%"
"24.04.2023","191,61","191,15","191,89","190,00","12,53K","0,35%"
"21.04.2023","190,95","191,91","192,83","190,60","10,94K","-1,32%"
"20.04.2023","193,50","193,05","194,18","192,48","13,14K","0,56%"
"19.04.2023","192,43","192,30","192,79","190,16","15,32K","-1,02%"
"18.04.2023","194,42","193,11","194,42","192,59","115,40K","1,10%"
"17.04.2023","192,30","194,27","194,58","191,41","17,06K","-0,35%"
"14.04.2023","192,97","197,11","197,19","192,90","15,97K","-2,08%"
"13.04.2023","197,07","195,25","197,74","194,11","13,03K","1,60%"
"12.04.2023","193,97","194,67","195,88","193,26","11,89K","0,26%"
"11.04.2023","193,47","192,98","193,80","192,00","15,51K","-0,33%"
"06.04.2023","194,11","194,46","195,14","193,28","9,65K","-0,44%"
"05.04.2023","194,97","195,47","196,18","194,35","24,47K","-0,04%"
"04.04.2023","195,04","191,34","195,41","191,11","23,26K","1,51%"
"03.04.2023","192,13","188,85","192,13","188,74","20,57K","0,54%"
"31.03.2023","191,10","191,51","191,81","190,59","414,79K","0,29%"
"30.03.2023","190,54","190,11","190,72","189,66","20,71K","0,25%"
"29.03.2023","190,06","189,45","190,37","189,24","38,87K","0,03%"
"28.03.2023","190,01","188,75","190,30","187,97","131,94K","0,64%"
"27.03.2023","188,80","190,28","190,46","188,00","73,89K","-1,57%"
"24.03.2023","191,81","192,17","193,43","191,63","38,70K","-0,43%"
"23.03.2023","192,63","190,95","192,63","190,20","23,75K","2,40%"
"22.03.2023","188,12","187,40","188,48","187,26","22,97K","0,24%"
"21.03.2023","187,67","190,22","190,37","187,67","52,84K","-1,70%"
"20.03.2023","190,92","193,46","194,39","190,09","36,39K","0,90%"
"17.03.2023","189,21","186,45","189,76","186,19","30,21K","2,02%"
"16.03.2023","185,46","185,10","186,68","184,44","27,05K","-0,70%"
"15.03.2023","186,76","183,17","186,84","182,09","107,25K","1,48%"
"14.03.2023","184,04","184,64","184,93","183,37","110,15K","-0,04%"
"13.03.2023","184,11","181,20","184,77","181,18","147,89K","2,76%"
"10.03.2023","179,17","177,12","180,26","176,97","30,73K","1,32%"
"09.03.2023","176,83","175,18","177,09","175,16","10,38K","0,59%"
"08.03.2023","175,80","175,27","175,96","175,07","38,96K","0,07%"
"07.03.2023","175,67","178,62","178,68","175,46","16,26K","-1,71%"
"06.03.2023","178,72","179,29","179,39","178,48","6,07K","0,26%"
"03.03.2023","178,26","177,97","178,60","177,79","12,67K","0,45%"
"02.03.2023","177,46","176,94","177,63","176,76","20,52K","-0,03%"
"01.03.2023","177,51","177,25","178,03","176,89","10,63K","0,57%"
"28.02.2023","176,51","174,84","176,51","174,36","80,44K","0,78%"
"27.02.2023","175,14","174,98","175,72","174,68","24,95K","-0,02%"
"24.02.2023","175,17","176,01","176,36","174,84","77,42K","-0,48%"
"23.02.2023","176,01","176,68","176,68","175,56","9,63K","-0,68%"
"22.02.2023","177,22","177,74","178,03","177,05","14,49K","-0,10%"
"21.02.2023","177,39","177,22","177,89","176,89","14,72K","-0,35%"
"20.02.2023","178,02","179,11","179,11","177,96","39,16K","0,41%"
"17.02.2023","177,30","176,11","177,56","175,72","53,32K","-0,07%"
"16.02.2023","177,43","177,81","178,17","176,61","27,05K","0,27%"
"15.02.2023","176,96","177,27","177,62","176,90","13,52K","-0,89%"
"14.02.2023","178,55","179,38","180,47","178,05","23,99K","-0,25%"
"13.02.2023","178,99","180,04","180,14","178,96","17,69K","-0,32%"
"10.02.2023","179,56","180,33","180,77","179,47","15,71K","-0,80%"
"09.02.2023","181,01","181,59","182,33","180,49","12,91K","0,01%"
"08.02.2023","180,99","182,10","182,19","180,70","21,87K","-0,19%"
"07.02.2023","181,33","181,16","181,39","180,38","585,09K","0,42%"
"06.02.2023","180,57","181,19","181,69","179,95","10,29K","0,11%"
"03.02.2023","180,38","184,79","185,11","180,25","97,16K","-2,74%"
"02.02.2023","185,46","188,83","189,26","185,39","130,11K","-0,48%"
"01.02.2023","186,36","185,95","186,73","185,43","153,65K","0,10%"
"31.01.2023","186,17","184,93","186,27","183,66","42,23K","0,19%"
"30.01.2023","185,82","185,92","186,43","185,65","147,44K","-0,41%"
"27.01.2023","186,58","185,85","186,94","185,28","16,42K","0,31%"
"26.01.2023","186,01","187,67","187,88","185,60","506,27K","-0,42%"
"25.01.2023","186,79","186,40","187,25","185,80","9,83K","-0,09%"
"24.01.2023","186,95","187,45","187,60","185,19","63,92K","0,68%"
"23.01.2023","185,69","185,50","186,32","184,72","45,64K","-0,21%"
"20.01.2023","186,08","186,81","187,04","185,66","19,56K","0,37%"
"19.01.2023","185,40","184,61","185,79","184,25","12,80K","0,57%"
"18.01.2023","184,35","184,36","186,00","184,26","571,13K","-0,22%"
"17.01.2023","184,75","184,57","185,10","184,00","16,34K","-0,14%"
"16.01.2023","185,00","185,16","185,29","184,63","12,59K","0,18%"
"13.01.2023","184,67","183,47","185,00","183,00","55,59K","1,02%"
"12.01.2023","182,81","181,86","183,69","181,78","12,86K","1,08%"
"11.01.2023","180,86","181,74","182,17","180,38","12,60K","-0,14%"
"10.01.2023","181,12","180,92","181,59","180,81","14,23K","-0,07%"
"09.01.2023","181,24","181,09","181,62","180,78","39,45K","0,78%"
"06.01.2023","179,84","177,56","180,03","177,26","62,23K","1,67%"
"05.01.2023","176,88","178,71","178,80","176,46","47,68K","-1,49%"
"04.01.2023","179,56","179,38","180,11","178,74","24,33K","1,61%"
"03.01.2023","176,72","178,53","178,58","176,61","57,76K","0,51%"
"30.12.2022","175,82","175,53","175,89","175,34","1,77K","0,37%"
"29.12.2022","175,17","174,78","175,60","174,34","5,05K","0,68%"
"28.12.2022","173,99","174,90","175,82","173,76","29,98K","0,17%"
"23.12.2022","173,69","172,31","173,85","172,31","10,11K","0,09%"
"22.12.2022","173,53","175,43","176,49","173,42","12,57K","-1,12%"
"21.12.2022","175,49","175,43","176,10","175,02","28,49K","0,10%"
"20.12.2022","175,32","173,39","175,85","173,39","443,35K","1,46%"
"19.12.2022","172,80","173,21","173,76","172,37","9,68K","-0,05%"
"16.12.2022","172,88","171,78","173,27","171,49","15,69K","0,65%"
"15.12.2022","171,76","172,93","173,02","171,37","42,88K","-1,89%"
"14.12.2022","175,07","174,71","175,08","174,42","8,21K","-0,15%"
"13.12.2022","175,33","172,73","176,25","172,25","18,20K","1,77%"
"12.12.2022","172,28","173,08","173,46","172,18","20,74K","-1,13%"
"09.12.2022","174,25","173,10","174,25","172,82","10,07K","0,90%"
"08.12.2022","172,69","172,51","173,40","172,15","15,37K","0,52%"
"07.12.2022","171,79","171,24","172,60","171,14","8,42K","0,16%"
"06.12.2022","171,52","171,13","172,14","170,96","8,14K","0,03%"
"05.12.2022","171,46","173,91","173,92","171,34","12,99K","-0,90%"
"02.12.2022","173,02","174,02","174,14","171,95","8,30K","-0,47%"
"01.12.2022","173,84","171,49","174,21","171,49","27,24K","2,56%"
"30.11.2022","169,49","169,59","170,36","169,13","15,74K","0,18%"
"29.11.2022","169,18","169,52","169,94","169,07","13,97K","0,42%"
"28.11.2022","168,47","169,11","170,40","168,33","18,56K","-0,37%"
"25.11.2022","169,10","169,21","169,52","168,77","15,09K","-0,39%"
"24.11.2022","169,76","169,52","169,94","169,33","12,39K","0,79%"
"23.11.2022","168,43","168,60","168,60","167,00","109,75K","0,19%"
"22.11.2022","168,11","168,33","169,00","168,11","42,54K","0,34%"
"21.11.2022","167,54","168,35","168,70","167,52","17,17K","-1,29%"
"18.11.2022","169,73","170,63","170,77","169,28","21,54K","-0,15%"
"17.11.2022","169,99","170,79","171,02","169,73","11,33K","-0,98%"
"16.11.2022","171,66","171,70","172,32","171,22","28,86K","0,39%"
"15.11.2022","170,99","172,26","172,26","170,92","10,29K","-0,10%"
"14.11.2022","171,16","170,33","171,19","168,71","72,70K","0,63%"
"11.11.2022","170,09","170,07","170,63","169,66","25,91K","0,61%"
"10.11.2022","169,06","164,77","169,36","164,62","78,81K","2,11%"
"09.11.2022","165,56","165,33","166,31","163,86","73,17K","-0,12%"
"08.11.2022","165,76","161,36","165,81","160,91","38,59K","2,20%"
"07.11.2022","162,19","161,15","162,51","161,14","31,13K","0,33%"
"04.11.2022","161,65","158,95","161,83","158,92","44,52K","2,87%"
"03.11.2022","157,15","157,48","157,55","156,31","97,14K","-1,26%"
"02.11.2022","159,15","159,76","160,09","159,04","12,64K","0,17%"
"01.11.2022","158,87","159,01","160,00","158,81","59,94K","0,39%"
"31.10.2022","158,25","158,59","158,64","156,88","28,74K","-0,21%"
"28.10.2022","158,59","160,07","160,07","158,39","10,45K","-1,39%"
"27.10.2022","160,82","160,43","160,94","160,17","19,14K","-0,43%"
"26.10.2022","161,52","160,87","161,85","160,51","11,47K","0,85%"
"25.10.2022","160,16","159,45","160,48","158,07","22,50K","0,51%"
"24.10.2022","159,34","160,05","160,05","158,90","51,23K","0,36%"
"21.10.2022","158,77","156,61","159,10","156,34","6,04K","0,12%"
"20.10.2022","158,59","157,47","158,97","157,33","9,12K","0,54%"
"19.10.2022","157,74","158,55","158,79","157,50","53,10K","-0,94%"
"18.10.2022","159,24","159,94","160,10","159,17","5,34K","-0,83%"
"17.10.2022","160,56","159,42","161,15","159,42","9,19K","0,92%"
"14.10.2022","159,10","161,25","161,39","158,96","18,64K","-0,78%"
"13.10.2022","160,35","161,09","162,23","158,80","43,46K","-0,66%"
"12.10.2022","161,41","161,57","161,61","161,10","5,16K","-0,43%"
"11.10.2022","162,12","161,10","162,12","160,54","12,50K","0,53%"
"10.10.2022","161,26","162,80","163,13","160,95","21,26K","-1,90%"
"07.10.2022","164,38","165,20","165,65","163,56","36,19K","-0,68%"
"06.10.2022","165,51","166,24","166,72","165,20","63,10K","0,30%"
"05.10.2022","165,01","166,66","166,72","164,61","66,59K","-1,22%"
"04.10.2022","167,04","164,82","167,04","164,41","42,75K","2,32%"
"03.10.2022","163,26","160,60","163,65","159,54","18,22K","1,00%"
"30.09.2022","161,65","161,45","161,77","160,65","98,18K","0,95%"
"29.09.2022","160,13","159,11","160,43","158,63","165,76K","0,21%"
"28.09.2022","159,80","156,80","160,00","156,03","34,04K","1,25%"
"27.09.2022","157,83","158,10","158,68","157,71","16,40K","-0,35%"
"26.09.2022","158,38","158,24","159,28","158,21","5,28K","-0,59%"
"23.09.2022","159,32","161,40","161,40","157,76","40,30K","-1,42%"
"22.09.2022","161,61","160,26","162,78","160,13","52,56K","0,30%"
"21.09.2022","161,13","161,49","162,26","161,01","24,76K","0,14%"
"20.09.2022","160,90","161,72","161,93","160,46","213,46K","-0,68%"
"16.09.2022","162,00","160,44","162,31","159,82","19,27K","0,31%"
"15.09.2022","161,50","163,14","163,53","160,82","45,26K","-1,87%"
"14.09.2022","164,58","164,46","164,91","164,29","14,29K","-0,11%"
"13.09.2022","164,76","166,46","167,36","164,07","12,14K","-1,55%"
"12.09.2022","167,35","166,31","167,50","166,31","5,31K","0,91%"
"09.09.2022","165,84","166,44","167,07","165,44","13,41K","0,46%"
"08.09.2022","165,07","166,28","166,73","164,69","12,21K","-0,20%"
"07.09.2022","165,40","164,17","165,57","164,00","28,89K","0,47%"
"06.09.2022","164,63","166,18","166,21","164,49","9,07K","-0,43%"
"05.09.2022","165,33","165,51","165,77","165,16","6,05K","-0,19%"
"02.09.2022","165,65","164,44","165,93","164,40","68,58K","1,17%"
"01.09.2022","163,73","164,92","165,01","163,12","38,51K","-1,52%"
"31.08.2022","166,26","166,41","166,51","165,29","20,83K","-0,34%"
"30.08.2022","166,83","167,45","167,77","166,30","12,48K","-0,56%"
"26.08.2022","167,77","169,67","169,67","167,72","8,63K","-1,18%"
"25.08.2022","169,77","170,09","170,64","169,38","8,68K","0,21%"
"24.08.2022","169,42","168,87","169,56","168,36","9,35K","0,14%"
"23.08.2022","169,19","167,77","169,56","167,31","7,60K","0,85%"
"22.08.2022","167,76","168,45","168,45","167,00","17,57K","-0,82%"
"19.08.2022","169,15","169,73","169,93","168,80","5,71K","-0,62%"
"18.08.2022","170,20","170,20","171,24","170,18","45,77K","-0,14%"
"17.08.2022","170,43","171,77","171,77","170,33","78,17K","-0,64%"
"16.08.2022","171,54","172,06","172,06","171,22","9,29K","-0,28%"
"15.08.2022","172,02","173,20","173,20","171,47","5,51K","-0,89%"
"12.08.2022","173,56","173,35","173,84","172,49","50,61K","0,35%"
"11.08.2022","172,95","172,74","173,86","172,47","42,69K","-0,57%"
"10.08.2022","173,95","173,02","174,62","172,85","9,52K","0,40%"
"09.08.2022","173,25","172,66","173,82","172,50","8,58K","0,15%"
"08.08.2022","172,99","171,60","173,11","171,36","7,13K","0,83%"
"05.08.2022","171,56","173,05","173,20","170,62","11,96K","-0,68%"
"04.08.2022","172,74","171,25","173,00","171,22","4,97K","1,63%"
"03.08.2022","169,98","170,92","171,18","169,70","45,70K","-1,19%"
"02.08.2022","172,02","171,48","172,72","171,06","51,41K","0,64%"
"01.08.2022","170,93","170,39","171,42","170,39","11,58K","0,28%"
"29.07.2022","170,46","170,84","170,84","169,45","186,31K","0,46%"
"28.07.2022","169,68","168,19","169,78","167,88","13,07K","2,08%"
"27.07.2022","166,22","166,27","166,72","165,41","18,32K","0,08%"
"26.07.2022","166,08","166,70","166,94","165,74","12,77K","0,01%"
"25.07.2022","166,07","166,80","167,41","165,71","10,75K","-0,82%"
"22.07.2022","167,45","166,09","168,10","165,83","6,53K","1,23%"
"21.07.2022","165,41","163,33","166,04","162,54","11,79K","0,25%"
"20.07.2022","165,00","165,00","165,65","164,96","31,44K","-0,44%"
"19.07.2022","165,73","165,18","166,05","165,02","22,39K","0,25%"
"18.07.2022","165,30","165,61","166,56","165,18","62,59K","0,26%"
"15.07.2022","164,88","164,91","165,52","164,28","10,01K","-0,08%"
"14.07.2022","165,02","166,33","166,36","164,16","283,42K","-1,83%"
"13.07.2022","168,10","166,76","168,66","165,13","353,58K","0,35%"
"12.07.2022","167,52","167,67","168,00","166,99","7,28K","-0,33%"
"11.07.2022","168,08","168,13","168,29","167,59","141,28K","-0,35%"
"08.07.2022","168,67","168,41","169,20","167,57","21,39K","0,24%"
"07.07.2022","168,27","168,53","169,09","168,08","12,30K","0,11%"
"06.07.2022","168,08","171,03","172,16","167,78","167,63K","-1,58%"
"05.07.2022","170,78","174,88","174,88","170,68","21,15K","-2,25%"
"04.07.2022","174,71","175,06","175,12","174,33","8,47K","0,08%"
"01.07.2022","174,56","173,74","174,72","172,54","279,20K","-0,11%"
"30.06.2022","174,76","175,62","176,25","174,26","77,78K","-0,52%"
"29.06.2022","175,68","175,80","176,96","175,29","9,85K","-0,16%"
"28.06.2022","175,96","176,68","176,73","175,74","7,09K","-0,10%"
"27.06.2022","176,13","177,81","177,88","176,09","12,90K","-0,44%"
"24.06.2022","176,90","176,31","177,10","175,73","11,09K","-0,36%"
"23.06.2022","177,54","177,35","178,41","176,41","27,52K","-0,24%"
"22.06.2022","177,98","176,61","178,59","176,31","17,03K","0,08%"
"21.06.2022","177,82","177,36","178,19","177,06","78,08K","0,09%"
"20.06.2022","177,66","178,16","178,27","177,53","13,97K","-0,35%"
"17.06.2022","178,28","178,21","179,18","177,66","56,23K","0,07%"
"16.06.2022","178,15","176,91","178,04","175,71","24,13K","1,26%"
"15.06.2022","175,94","175,97","177,45","175,73","26,09K","0,35%"
"14.06.2022","175,34","176,91","176,98","175,22","32,89K","-0,67%"
"13.06.2022","176,52","180,06","180,21","176,40","14,80K","-2,03%"
"10.06.2022","180,18","178,28","180,18","176,53","25,01K","1,12%"
"09.06.2022","178,18","178,93","178,98","177,91","16,64K","-0,81%"
"08.06.2022","179,63","178,78","179,74","178,44","7,35K","0,41%"
"07.06.2022","178,91","178,11","179,14","178,08","9,29K","0,37%"
"06.06.2022","178,25","179,26","179,66","178,04","26,28K","0,14%"
"01.06.2022","178,00","177,21","178,77","176,83","51,74K","0,04%"
"31.05.2022","177,93","179,28","179,54","177,93","1,25M","-0,91%"
"30.05.2022","179,56","179,98","180,12","179,25","8,60K","0,16%"
"27.05.2022","179,27","179,30","180,09","178,86","26,31K","0,40%"
"26.05.2022","178,55","178,68","179,11","178,08","12,66K","-0,16%"
"25.05.2022","178,84","179,59","180,15","178,63","11,95K","-0,95%"
"24.05.2022","180,55","179,02","180,67","179,02","21,74K","0,75%"
"23.05.2022","179,21","179,22","180,31","179,15","11,43K","0,48%"
"20.05.2022","178,35","178,66","178,69","177,32","25,70K","-0,17%"
"19.05.2022","178,66","175,23","178,74","175,17","16,10K","1,68%"
"18.05.2022","175,71","174,99","175,94","174,79","14,27K","-0,20%"
"17.05.2022","176,07","176,92","177,58","175,92","31,02K","0,51%"
"16.05.2022","175,17","174,71","175,58","172,91","28,28K","-0,03%"
"13.05.2022","175,22","176,26","176,77","174,00","27,49K","-1,33%"
"12.05.2022","177,58","178,95","179,10","177,58","38,40K","-0,90%"
"11.05.2022","179,20","178,27","179,49","177,50","25,95K","0,49%"
"10.05.2022","178,32","179,85","180,27","178,32","16,23K","-0,74%"
"09.05.2022","179,65","180,96","181,04","179,50","38,63K","-1,66%"
"06.05.2022","182,67","181,17","182,97","181,07","26,50K","0,35%"
"05.05.2022","182,03","183,55","184,59","181,67","31,24K","0,83%"
"04.05.2022","180,53","180,48","181,01","180,09","18,71K","-0,32%"
"03.05.2022","181,11","179,77","181,56","178,97","37,10K","-1,77%"
"29.04.2022","184,38","184,80","185,54","184,10","121,69K","0,94%"
"28.04.2022","182,66","181,98","183,11","181,98","28,01K","0,20%"
"27.04.2022","182,30","183,48","184,08","181,81","167,22K","-0,89%"
"26.04.2022","183,93","183,91","184,78","183,31","40,18K","0,38%"
"25.04.2022","183,24","185,52","185,68","182,96","101,53K","-1,87%"
"22.04.2022","186,72","188,97","188,97","186,32","27,43K","-0,62%"
"21.04.2022","187,89","188,73","189,96","187,32","15,87K","-0,50%"
"20.04.2022","188,84","187,76","189,05","187,64","20,45K","-0,12%"
"19.04.2022","189,07","191,03","191,55","188,62","29,18K","-0,43%"
"14.04.2022","189,88","190,81","191,75","189,60","24,69K","-0,74%"
"13.04.2022","191,29","190,31","191,50","190,10","46,89K","0,23%"
"12.04.2022","190,85","189,41","191,30","188,58","99,74K","1,08%"
"11.04.2022","188,81","187,88","190,41","187,66","98,47K","0,42%"
"08.04.2022","188,02","186,60","188,37","186,58","84,46K","0,70%"
"07.04.2022","186,72","186,18","187,38","186,08","24,35K","0,20%"
"06.04.2022","186,35","185,63","186,82","185,20","46,08K","0,02%"
"05.04.2022","186,32","186,79","187,97","186,12","31,64K","-0,21%"
"04.04.2022","186,71","186,58","187,21","186,14","28,38K","0,18%"
"01.04.2022","186,38","186,88","187,19","185,47","49,95K","-0,84%"
"31.03.2022","187,96","186,21","187,96","185,97","158,81K","0,44%"
"30.03.2022","187,13","186,19","187,44","185,44","310,73K","1,13%"
"29.03.2022","185,03","186,12","186,12","182,89","461,18K","-1,18%"
"28.03.2022","187,24","187,09","188,02","186,21","98,18K","-1,03%"
"25.03.2022","189,18","189,13","189,57","187,98","35,52K","-0,39%"
"24.03.2022","189,93","187,90","190,05","187,42","421,48K","1,59%"
"23.03.2022","186,96","185,67","187,49","185,67","158,40K","0,59%"
"22.03.2022","185,86","186,94","187,00","184,92","862,87K","-0,61%"
"21.03.2022","187,01","186,25","187,34","185,54","851,12K","0,33%"
"18.03.2022","186,39","187,18","187,65","186,13","782,90K","-0,82%"
"17.03.2022","187,93","187,09","188,58","187,03","84,25K","1,80%"
"16.03.2022","184,61","185,33","186,30","183,68","20,10K","-0,82%"
"15.03.2022","186,13","186,69","187,09","184,45","495,48K","-1,69%"
"14.03.2022","189,33","190,85","190,85","188,68","113,45K","-1,34%"
"11.03.2022","191,90","192,63","192,85","188,33","109,18K","-0,60%"
"10.03.2022","193,05","191,10","194,21","190,91","85,80K","-0,20%"
"09.03.2022","193,43","197,69","198,16","191,30","76,97K","-2,91%"
"08.03.2022","199,23","195,02","200,00","193,35","174,96K","4,17%"
"07.03.2022","191,26","192,56","193,53","189,78","75,71K","0,94%"
"04.03.2022","189,48","187,24","189,90","186,07","374,96K","1,63%"
"03.03.2022","186,44","186,85","187,49","186,05","89,61K","0,46%"
"02.03.2022","185,58","188,06","188,06","185,37","443,98K","-0,63%"
"01.03.2022","186,76","184,53","186,76","184,52","71,84K","1,53%"
"28.02.2022","183,94","183,33","185,48","183,33","302,80K","0,85%"
"25.02.2022","182,39","185,05","185,20","182,21","86,14K","-1,88%"
"24.02.2022","185,88","188,00","190,87","185,36","219,37K","0,75%"
"23.02.2022","184,49","183,29","184,59","182,95","28,01K","0,32%"
"22.02.2022","183,90","184,55","184,85","182,98","250,15K","0,27%"
"21.02.2022","183,40","183,00","183,61","182,98","28,15K","0,16%"
"18.02.2022","183,11","182,96","183,75","182,49","39,08K","-0,11%"
"17.02.2022","183,32","181,46","183,52","181,44","63,08K","1,59%"
"16.02.2022","180,45","179,44","180,45","179,09","11,87K","0,82%"
"15.02.2022","178,99","181,35","181,49","177,88","37,70K","-0,54%"
"14.02.2022","179,96","179,35","180,93","179,08","42,48K","1,43%"
"11.02.2022","177,42","176,69","177,64","176,52","18,33K","-0,28%"
"10.02.2022","177,92","177,46","178,02","176,28","44,98K","0,49%"
"09.02.2022","177,05","176,62","177,20","176,50","28,10K","0,27%"
"08.02.2022","176,57","175,82","176,81","175,79","13,51K","0,43%"
"07.02.2022","175,82","175,44","175,82","175,13","11,31K","0,68%"
"04.02.2022","174,64","174,78","175,47","173,47","58,43K","-0,06%"
"03.02.2022","174,75","174,54","174,75","173,00","13,02K","-0,08%"
"02.02.2022","174,89","173,85","175,06","173,76","28,21K","0,02%"
"01.02.2022","174,85","174,52","174,89","173,97","26,88K","0,67%"
"31.01.2022","173,68","172,74","174,03","172,74","32,37K","0,57%"
"28.01.2022","172,70","173,67","173,70","172,28","49,29K","-0,45%"
"27.01.2022","173,48","175,19","175,68","173,39","105,35K","-2,17%"
"26.01.2022","177,32","178,42","178,68","177,14","60,65K","-0,74%"
"25.01.2022","178,65","178,09","179,21","177,60","99,36K","0,72%"
"24.01.2022","177,37","177,83","178,28","177,05","30,35K","-0,06%"
"21.01.2022","177,48","177,78","178,20","177,00","184,82K","-0,29%"
"20.01.2022","177,99","177,83","178,63","177,60","116,32K","0,04%"
"19.01.2022","177,91","175,28","177,99","175,23","121,06K","1,48%"
"18.01.2022","175,32","175,73","176,80","174,69","21,60K","-0,35%"
"17.01.2022","175,94","176,28","176,32","175,82","8,73K","-0,03%"
"14.01.2022","175,99","176,72","176,88","175,86","13,03K","0,15%"
"13.01.2022","175,72","176,71","176,73","175,31","8,10K","-0,28%"
"12.01.2022","176,21","175,77","176,47","175,56","11,51K","0,35%"
"11.01.2022","175,59","175,03","175,50","174,29","21,83K","1,15%"
"10.01.2022","173,59","173,46","174,31","172,61","33,49K","0,20%"
"07.01.2022","173,24","173,18","173,51","172,65","35,96K","0,00%"
"06.01.2022","173,24","174,17","174,65","172,90","9,27K","-1,74%"
"05.01.2022","176,31","175,46","176,97","175,39","13,72K","0,56%"
"04.01.2022","175,33","174,71","175,69","174,06","18,56K","-0,36%"
"31.12.2021","175,97","175,75","176,10","175,69","5,32K","0,40%"
"30.12.2021","175,27","173,74","174,97","173,74","6,77K","0,42%"
"29.12.2021","174,53","174,62","174,68","173,09","14,49K","-0,21%"
"24.12.2021","174,89","174,90","175,99","174,00","7,12K","0,09%"
"23.12.2021","174,73","174,78","175,05","174,30","27,38K","0,36%"
"22.12.2021","174,10","172,96","174,10","172,76","61,09K","0,77%"
"21.12.2021","172,76","173,39","174,09","172,68","6,77K","-0,47%"
"20.12.2021","173,57","174,03","174,37","173,46","37,61K","-0,52%"
"17.12.2021","174,47","175,03","175,44","174,45","16,33K","0,33%"
"16.12.2021","173,90","172,74","173,84","172,48","12,46K","1,75%"
"15.12.2021","170,90","170,95","171,39","170,64","22,06K","-0,37%"
"14.12.2021","171,53","173,67","173,67","170,99","32,63K","-0,84%"
"13.12.2021","172,99","172,78","173,28","172,52","12,70K","0,12%"
"10.12.2021","172,78","171,52","173,11","171,26","15,08K","0,56%"
"09.12.2021","171,82","172,85","172,85","171,75","10,75K","-0,38%"
"08.12.2021","172,48","173,10","173,41","172,27","315,49K","-0,16%"
"07.12.2021","172,76","172,51","172,70","171,50","14,89K","0,28%"
"06.12.2021","172,27","172,47","172,49","171,91","10,15K","0,25%"
"03.12.2021","171,84","171,29","172,01","170,89","34,96K","0,54%"
"02.12.2021","170,91","171,71","172,16","170,69","22,38K","-1,07%"
"01.12.2021","172,76","172,65","173,22","171,90","22,56K","0,66%"
"30.11.2021","171,63","173,30","174,74","171,63","71,08K","-0,60%"
"29.11.2021","172,66","173,60","174,07","172,66","10,67K","-0,55%"
"26.11.2021","173,62","174,82","175,41","173,62","30,18K","0,27%"
"25.11.2021","173,15","173,53","173,64","172,98","8,36K","-0,21%"
"24.11.2021","173,51","173,57","173,57","172,16","24,98K","0,56%"
"23.11.2021","172,54","174,81","174,83","172,42","20,36K","-1,76%"
"22.11.2021","175,64","178,31","178,62","175,33","18,59K","-2,27%"
"19.11.2021","179,72","179,70","180,38","179,12","13,42K","-0,23%"
"18.11.2021","180,13","180,71","180,88","179,68","37,30K","-0,16%"
"17.11.2021","180,41","179,60","180,68","179,58","7,82K","0,50%"
"16.11.2021","179,52","180,28","181,56","179,49","50,01K","-0,47%"
"15.11.2021","180,38","180,06","180,69","108,16","41,53K","0,12%"
"12.11.2021","180,16","179,66","180,49","178,55","41,35K","0,06%"
"11.11.2021","180,06","179,66","180,41","179,65","33,12K","0,17%"
"10.11.2021","179,76","176,40","180,72","176,38","30,08K","1,74%"
"09.11.2021","176,69","176,10","177,05","176,10","148,94K","0,17%"
"08.11.2021","176,40","175,71","176,60","175,40","32,43K","0,56%"
"05.11.2021","175,41","173,81","175,41","172,74","57,13K","1,12%"
"04.11.2021","173,47","171,68","173,98","171,57","17,16K","1,71%"
"03.11.2021","170,56","172,31","172,77","170,20","13,43K","-1,40%"
"02.11.2021","172,98","173,50","173,68","172,86","23,51K","-0,26%"
"01.11.2021","173,43","172,39","173,73","172,36","26,98K","0,81%"
"29.10.2021","172,03","173,55","174,02","171,47","48,65K","-1,40%"
"28.10.2021","174,47","174,37","176,00","173,45","49,23K","0,57%"
"27.10.2021","173,48","173,31","173,96","172,57","170,28K","0,34%"
"26.10.2021","172,90","174,64","174,64","172,48","35,30K","-1,19%"
"25.10.2021","174,99","173,87","174,99","173,86","21,20K","0,44%"
"22.10.2021","174,23","173,53","175,46","173,27","38,61K","1,15%"
"21.10.2021","172,24","172,55","172,97","171,97","23,50K","-0,20%"
"20.10.2021","172,60","171,90","173,00","171,70","26,90K","0,76%"
"19.10.2021","171,29","172,18","172,57","171,29","43,43K","0,08%"
"18.10.2021","171,15","170,74","171,35","170,42","11,80K","-0,17%"
"15.10.2021","171,44","173,40","173,41","170,88","45,37K","-1,40%"
"14.10.2021","173,88","173,58","174,18","173,28","26,08K","0,28%"
"13.10.2021","173,40","170,55","173,72","170,13","35,09K","1,82%"
"12.10.2021","170,30","170,45","171,18","169,74","38,56K","0,11%"
"11.10.2021","170,10","169,83","170,32","169,38","12,75K","0,06%"
"08.10.2021","170,00","170,08","172,24","169,82","52,71K","-0,11%"
"07.10.2021","170,19","170,57","170,93","169,57","26,47K","0,03%"
"06.10.2021","170,13","169,52","170,54","168,96","30,13K","-0,05%"
"05.10.2021","170,22","170,05","170,37","169,26","12,90K","-0,29%"
"04.10.2021","170,71","170,12","171,25","169,20","34,06K","0,29%"
"01.10.2021","170,22","169,87","170,45","169,40","26,95K","-0,10%"
"30.09.2021","170,40","167,26","170,67","166,71","46,22K","1,67%"
"29.09.2021","167,60","168,40","168,88","166,98","22,15K","-0,42%"
"28.09.2021","168,30","168,47","168,70","167,29","40,34K","-0,78%"
"27.09.2021","169,62","170,13","170,13","169,00","32,80K","0,09%"
"24.09.2021","169,47","169,82","169,98","168,63","7,86K","0,17%"
"23.09.2021","169,18","170,66","171,79","168,97","22,32K","-1,67%"
"22.09.2021","172,05","172,13","172,14","171,53","27,06K","-0,15%"
"21.09.2021","172,32","170,50","172,38","170,21","25,53K","1,01%"
"20.09.2021","170,59","169,62","170,94","169,55","83,36K","0,58%"
"17.09.2021","169,61","170,69","171,00","169,16","37,60K","-0,14%"
"16.09.2021","169,84","172,83","172,83","169,34","14,89K","-2,13%"
"15.09.2021","173,54","174,16","174,61","173,40","15,34K","-0,67%"
"14.09.2021","174,71","173,46","174,97","172,52","29,91K","0,63%"
"13.09.2021","173,61","173,15","173,95","172,99","15,18K","-0,14%"
"10.09.2021","173,85","174,58","174,58","173,42","17,68K","0,26%"
"09.09.2021","173,40","173,11","174,17","172,68","13,71K","0,01%"
"08.09.2021","173,38","173,80","174,24","172,72","29,95K","-0,25%"
"07.09.2021","173,81","175,99","176,12","173,48","48,08K","-1,45%"
"06.09.2021","176,37","176,70","176,76","176,31","6,75K","-0,50%"
"03.09.2021","177,26","175,45","177,36","175,27","30,23K","1,07%"
"02.09.2021","175,39","175,62","175,83","174,86","12,81K","-0,07%"
"01.09.2021","175,52","175,87","176,07","175,05","24,42K","0,29%"
"31.08.2021","175,02","175,67","175,78","174,59","13,51K","0,07%"
"27.08.2021","174,90","174,53","175,05","173,13","47,42K","0,69%"
"26.08.2021","173,70","172,74","173,95","172,41","12,57K","0,49%"
"25.08.2021","172,85","173,62","173,95","172,66","58,45K","-1,14%"
"24.08.2021","174,85","174,50","175,07","174,31","13,36K","0,12%"
"23.08.2021","174,64","172,77","174,69","172,75","30,04K","1,16%"
"20.08.2021","172,64","172,96","172,96","172,16","8,23K","0,05%"
"19.08.2021","172,56","172,45","173,37","172,08","35,69K","0,08%"
"18.08.2021","172,42","173,38","173,54","172,15","16,24K","-0,07%"
"17.08.2021","172,54","173,36","173,73","172,40","19,12K","-0,15%"
"16.08.2021","172,79","171,67","173,14","171,47","21,52K","0,59%"
"13.08.2021","171,79","170,12","171,78","169,94","12,26K","1,41%"
"12.08.2021","169,40","169,64","170,05","168,95","45,40K","0,01%"
"11.08.2021","169,37","167,52","169,37","167,38","40,99K","1,31%"
"10.08.2021","167,18","168,06","168,08","166,36","17,51K","-0,22%"
"09.08.2021","167,56","168,91","169,58","167,13","31,92K","-1,72%"
"06.08.2021","170,50","174,20","174,33","170,34","85,32K","-2,39%"
"05.08.2021","174,67","175,25","175,56","174,15","20,99K","-0,18%"
"04.08.2021","174,99","175,56","177,28","174,87","26,60K","-0,07%"
"03.08.2021","175,12","175,17","175,62","174,92","32,01K","-0,36%"
"02.08.2021","175,75","175,04","175,75","174,88","9,15K","-0,39%"
"30.07.2021","176,43","176,96","177,20","176,29","23,11K","-0,33%"
"29.07.2021","177,01","176,05","177,04","175,86","93,86K","1,58%"
"28.07.2021","174,26","174,63","174,75","173,78","18,60K","-0,13%"
"27.07.2021","174,48","173,81","174,63","173,69","12,29K","0,14%"
"26.07.2021","174,24","174,89","175,16","173,92","12,54K","-0,05%"
"23.07.2021","174,32","174,84","175,06","173,37","14,42K","-0,36%"
"22.07.2021","174,95","174,38","174,90","173,39","14,78K","0,13%"
"21.07.2021","174,72","175,41","175,41","174,00","13,07K","-0,19%"
"20.07.2021","175,05","175,79","176,65","174,86","20,47K","0,19%"
"19.07.2021","174,73","174,52","175,62","173,84","36,74K","-0,33%"
"16.07.2021","175,32","176,53","176,68","175,32","15,46K","-0,75%"
"15.07.2021","176,64","177,32","177,42","176,30","13,69K","0,10%"
"14.07.2021","176,46","175,43","177,02","175,35","73,55K","0,52%"
"13.07.2021","175,54","175,30","175,59","174,49","21,56K","0,43%"
"12.07.2021","174,79","174,27","174,81","173,42","49,07K","-0,19%"
"09.07.2021","175,13","174,08","175,29","174,08","24,72K","0,69%"
"08.07.2021","173,93","173,96","175,95","173,72","493,59K","-0,28%"
"07.07.2021","174,41","174,57","175,14","173,99","39,30K","-0,09%"
"06.07.2021","174,57","174,69","175,55","174,47","51,55K","0,66%"
"05.07.2021","173,42","173,30","173,60","173,25","19,00K","0,40%"
"02.07.2021","172,73","171,92","173,73","171,82","86,89K","0,76%"
"01.07.2021","171,43","172,05","172,51","171,16","32,03K","0,36%"
"30.06.2021","170,82","170,43","171,09","169,74","98,09K","0,19%"
"29.06.2021","170,49","171,89","171,99","169,50","130,92K","-1,01%"
"28.06.2021","172,24","172,49","172,75","171,77","34,13K","-0,07%"
"25.06.2021","172,36","172,28","173,35","172,28","96,33K","0,10%"
"24.06.2021","172,19","171,96","173,09","171,86","318,63K","-0,45%"
"23.06.2021","172,96","172,58","173,73","172,23","449,97K","0,53%"
"22.06.2021","172,04","172,61","172,92","171,59","269,85K","-0,36%"
"21.06.2021","172,68","172,13","172,90","171,70","159,42K","0,42%"
"18.06.2021","171,96","172,65","173,95","171,26","247,26K","0,24%"
"17.06.2021","171,54","175,67","175,67","171,32","542,65K","-4,68%"
"16.06.2021","179,96","180,06","180,11","179,38","18,05K","-0,09%"
"15.06.2021","180,13","180,73","180,83","179,87","49,26K","-0,13%"
"14.06.2021","180,36","180,11","180,83","178,65","35,59K","-0,75%"
"11.06.2021","181,73","184,05","184,17","181,55","66,80K","-0,75%"
"10.06.2021","183,10","182,33","183,32","181,37","41,80K","0,02%"
"09.06.2021","183,07","183,15","183,79","182,71","20,15K","-0,08%"
"08.06.2021","183,22","183,65","184,18","182,56","26,83K","-0,06%"
"07.06.2021","183,32","182,34","183,40","182,19","30,77K","-0,02%"
"04.06.2021","183,37","181,43","183,54","180,90","34,11K","1,33%"
"03.06.2021","180,96","183,63","183,73","180,67","24,48K","-1,84%"
"02.06.2021","184,35","183,65","184,74","183,51","56,11K","0,32%"
"01.06.2021","183,77","185,39","185,41","183,27","80,00K","0,20%"
"28.05.2021","183,40","182,90","183,93","182,53","53,26K","0,15%"
"27.05.2021","183,13","184,13","184,15","182,86","80,18K","-0,60%"
"26.05.2021","184,23","184,51","185,20","183,96","80,61K","0,56%"
"25.05.2021","183,20","182,53","183,50","182,02","195,80K","0,43%"
"24.05.2021","182,41","182,13","182,63","181,84","37,79K","0,50%"
"21.05.2021","181,51","181,35","182,91","181,11","93,47K","-0,19%"
"20.05.2021","181,85","181,28","182,02","180,59","88,26K","-0,29%"
"19.05.2021","182,37","181,32","182,91","179,34","61,27K","0,82%"
"18.05.2021","180,90","181,11","181,50","180,49","35,22K","0,14%"
"17.05.2021","180,63","179,46","180,52","178,57","65,70K","1,46%"
"14.05.2021","178,03","177,66","178,16","177,35","30,18K","0,82%"
"13.05.2021","176,59","176,36","176,84","175,30","60,23K","0,03%"
"12.05.2021","176,54","177,75","178,39","176,42","67,65K","-0,45%"
"11.05.2021","177,34","177,58","178,32","176,02","34,47K","-0,44%"
"10.05.2021","178,13","177,73","178,65","177,53","68,25K","0,30%"
"07.05.2021","177,59","176,00","178,44","176,00","72,91K","0,92%"
"06.05.2021","175,96","173,73","175,90","173,30","88,23K","1,99%"
"05.05.2021","172,54","172,07","172,70","171,49","25,59K","-0,14%"
"04.05.2021","172,79","171,38","174,20","171,38","65,12K","0,95%"
"30.04.2021","171,15","171,55","171,59","170,91","25,32K","-0,03%"
"29.04.2021","171,21","172,16","172,51","170,16","67,43K","-0,36%"
"28.04.2021","171,84","171,24","171,85","170,76","742,94K","-0,25%"
"27.04.2021","172,27","172,36","172,87","171,95","411,78K","0,03%"
"26.04.2021","172,22","172,04","172,53","171,35","179,98K","0,09%"
"23.04.2021","172,06","172,81","173,91","171,41","70,74K","-0,24%"
"22.04.2021","172,48","173,49","173,64","172,48","112,36K","-0,69%"
"21.04.2021","173,68","173,12","174,00","172,15","103,20K","1,05%"
"20.04.2021","171,88","171,35","172,15","170,79","634,90K","0,12%"
"19.04.2021","171,67","172,35","173,31","171,08","667,84K","-0,28%"
"16.04.2021","172,16","170,76","172,69","170,70","509,35K","0,62%"
"15.04.2021","171,10","169,08","171,13","168,92","20,52K","1,81%"
"14.04.2021","168,07","169,20","169,29","167,84","46,61K","-0,46%"
"13.04.2021","168,85","167,00","169,30","167,00","239,48K","0,53%"
"12.04.2021","167,96","168,55","169,00","167,59","27,79K","-0,51%"
"09.04.2021","168,82","169,34","169,43","167,65","29,93K","-0,64%"
"08.04.2021","169,90","168,74","170,31","168,66","548,13K","0,81%"
"07.04.2021","168,54","168,65","168,91","167,72","312,41K","-0,26%"
"06.04.2021","168,97","167,55","168,90","167,37","72,65K","0,99%"
"01.04.2021","167,31","166,16","167,54","165,70","42,92K","1,42%"
"31.03.2021","164,97","163,27","165,05","162,99","291,13K","1,25%"
"30.03.2021","162,93","164,78","165,14","162,66","41,28K","-1,70%"
"29.03.2021","165,76","167,02","167,35","165,20","40,58K","-1,23%"
"26.03.2021","167,82","167,32","168,00","166,77","43,66K","0,06%"
"25.03.2021","167,72","167,85","169,00","167,10","51,20K","-0,26%"
"24.03.2021","168,15","167,47","168,27","167,39","31,30K","0,55%"
"23.03.2021","167,23","168,29","168,73","167,04","33,35K","-0,71%"
"22.03.2021","168,43","167,46","168,43","167,34","24,05K","-0,04%"
"19.03.2021","168,50","168,64","168,96","167,94","96,10K","0,32%"
"18.03.2021","167,96","168,43","168,43","166,71","20,65K","0,38%"
"17.03.2021","167,32","167,99","168,28","167,00","11,38K","-0,11%"
"16.03.2021","167,51","167,47","168,60","167,28","119,05K","0,00%"
"15.03.2021","167,51","166,88","167,95","166,72","72,67K","1,02%"
"12.03.2021","165,82","165,63","165,90","164,63","16,15K","-0,68%"
"11.03.2021","166,96","168,15","168,55","166,59","230,50K","0,41%"
"10.03.2021","166,28","166,12","166,90","165,43","60,48K","0,09%"
"09.03.2021","166,13","164,32","166,56","164,15","36,75K","2,12%"
"08.03.2021","162,69","164,56","164,64","162,68","52,60K","-0,94%"
"05.03.2021","164,24","164,23","165,25","163,46","46,48K","-1,30%"
"04.03.2021","166,39","166,28","166,86","165,31","55,74K","-0,28%"
"03.03.2021","166,85","167,83","167,88","164,93","325,81K","-0,30%"
"02.03.2021","167,35","166,36","168,08","166,18","511,54K","-0,42%"
"01.03.2021","168,06","169,83","169,94","167,62","157,72K","0,75%"
"26.02.2021","166,81","170,43","171,33","166,56","101,18K","-3,19%"
"25.02.2021","172,31","173,76","173,85","171,45","87,87K","-0,97%"
"24.02.2021","174,00","174,91","175,24","172,81","45,75K","-0,45%"
"23.02.2021","174,79","175,14","175,53","174,03","53,74K","-0,32%"
"22.02.2021","175,35","173,77","175,37","173,40","46,15K","1,38%"
"19.02.2021","172,96","171,72","173,51","171,26","50,06K","0,48%"
"18.02.2021","172,14","172,52","173,26","171,33","119,57K","0,24%"
"17.02.2021","171,72","173,44","173,67","171,44","75,70K","-1,70%"
"16.02.2021","174,68","176,29","176,82","173,35","71,22K","-0,88%"
"15.02.2021","176,23","175,98","176,66","175,93","56,45K","-0,43%"
"12.02.2021","176,99","176,00","177,25","175,56","20,50K","-0,53%"
"11.02.2021","177,93","178,62","178,94","177,87","36,80K","-0,09%"
"10.02.2021","178,09","178,73","179,61","177,76","78,51K","-0,02%"
"09.02.2021","178,13","178,50","179,10","177,58","14,64K","0,24%"
"08.02.2021","177,70","175,87","178,03","175,25","294,84K","1,35%"
"05.02.2021","175,34","174,22","175,42","173,79","42,24K","1,20%"
"04.02.2021","173,26","176,75","176,95","173,00","354,29K","-2,55%"
"03.02.2021","177,79","178,01","178,33","177,36","26,81K","-0,07%"
"02.02.2021","177,91","179,07","179,49","177,43","21,36K","-1,33%"
"01.02.2021","180,30","180,41","181,22","179,89","38,42K","0,22%"
"29.01.2021","179,90","178,80","181,60","178,53","102,53K","0,15%"
"28.01.2021","179,64","177,81","180,61","177,72","619,57K","0,37%"
"27.01.2021","178,98","179,31","179,45","177,49","18,72K","-0,31%"
"26.01.2021","179,53","179,37","180,08","179,09","17,06K","0,08%"
"25.01.2021","179,38","179,47","180,91","179,31","25,01K","-0,18%"
"22.01.2021","179,70","180,36","180,41","178,00","23,03K","-0,47%"
"21.01.2021","180,55","180,84","181,37","180,38","107,69K","-0,07%"
"20.01.2021","180,68","179,59","181,00","177,68","28,76K","1,27%"
"19.01.2021","178,41","178,01","178,78","177,65","20,80K","0,17%"
"18.01.2021","178,10","177,68","178,10","177,25","22,95K","0,47%"
"15.01.2021","177,26","179,37","179,80","176,70","152,44K","-0,92%"
"14.01.2021","178,91","178,40","179,31","178,00","30,24K","-0,59%"
"13.01.2021","179,97","179,99","180,22","179,29","34,77K","0,71%"
"12.01.2021","178,70","180,08","180,53","178,00","42,02K","-0,29%"
"11.01.2021","179,21","178,97","179,72","177,47","38,58K","-0,44%"
"08.01.2021","180,01","190,00","190,00","179,35","228,71K","-2,94%"
"07.01.2021","185,46","186,04","186,32","184,79","1,08M","0,38%"
"06.01.2021","184,75","188,69","189,65","184,32","62,93K","-2,09%"
"05.01.2021","188,69","187,95","189,04","187,95","118,83K","0,35%"
"04.01.2021","188,03","186,39","188,34","186,39","440,40K","2,50%"
"31.12.2020","183,45","183,36","183,61","183,14","1,12K","0,42%"
"30.12.2020","182,69","182,03","182,86","181,90","6,59K","0,17%"
"29.12.2020","182,38","182,17","182,44","181,45","37,21K","0,45%"
"24.12.2020","181,57","181,74","182,18","181,37","7,43K","0,09%"
"23.12.2020","181,40","180,78","181,90","179,99","38,43K","0,27%"
"22.12.2020","180,91","181,11","182,33","180,46","42,77K","-0,62%"
"21.12.2020","182,04","183,57","183,94","179,81","56,43K","-0,21%"
"18.12.2020","182,42","182,22","183,08","181,91","20,10K","-0,30%"
"17.12.2020","182,96","181,59","183,71","181,43","57,24K","1,84%"
"16.12.2020","179,66","179,68","180,76","179,33","60,24K","0,34%"
"15.12.2020","179,06","178,51","179,59","178,24","29,49K","1,22%"
"14.12.2020","176,91","183,93","183,93","176,37","66,75K","-1,00%"
"11.12.2020","178,70","177,68","178,96","176,80","206,84K","0,42%"
"10.12.2020","177,95","177,96","179,18","177,19","41,38K","-0,56%"
"09.12.2020","178,96","180,20","180,72","178,09","90,36K","-1,21%"
"08.12.2020","181,16","180,81","181,62","180,25","33,64K","0,30%"
"07.12.2020","180,61","178,09","181,02","176,61","234,92K","1,72%"
"04.12.2020","177,56","178,27","179,08","177,34","25,13K","0,08%"
"03.12.2020","177,41","178,52","178,83","176,71","33,03K","0,20%"
"02.12.2020","177,05","175,82","177,51","175,74","56,30K","0,93%"
"01.12.2020","175,42","173,46","175,80","173,33","109,60K","1,72%"
"30.11.2020","172,46","172,66","172,66","170,96","111,07K","-0,39%"
"27.11.2020","173,14","175,40","175,49","171,94","168,84K","-1,27%"
"26.11.2020","175,37","175,85","176,24","175,07","82,18K","-0,08%"
"25.11.2020","175,51","175,31","176,05","175,04","97,71K","0,37%"
"24.11.2020","174,87","177,08","177,36","174,45","139,09K","-1,59%"
"23.11.2020","177,70","181,70","181,70","177,41","50,35K","-2,12%"
"20.11.2020","181,54","180,82","182,13","180,60","86,21K","0,70%"
"19.11.2020","180,28","180,58","180,71","179,62","98,98K","-0,99%"
"18.11.2020","182,09","182,39","182,56","180,57","50,39K","-0,40%"
"17.11.2020","182,82","182,94","183,38","182,62","163,96K","-0,27%"
"16.11.2020","183,31","183,28","183,60","180,72","39,36K","0,04%"
"13.11.2020","183,23","182,05","183,81","181,71","43,04K","0,55%"
"12.11.2020","182,23","180,94","182,53","180,49","46,55K","0,84%"
"11.11.2020","180,71","181,91","182,08","179,99","27,63K","-0,96%"
"10.11.2020","182,46","182,75","183,09","181,02","236,19K","1,55%"
"09.11.2020","179,68","189,56","190,16","179,48","101,48K","-5,04%"
"06.11.2020","189,22","188,83","189,92","188,06","51,48K","0,36%"
"05.11.2020","188,55","185,17","189,16","185,17","29,50K","2,34%"
"04.11.2020","184,24","183,18","185,26","182,92","25,95K","-0,25%"
"03.11.2020","184,70","183,23","185,03","183,23","57,97K","0,74%"
"02.11.2020","183,35","182,63","183,56","181,83","22,31K","0,64%"
"30.10.2020","182,19","181,41","183,03","181,15","102,11K","0,60%"
"29.10.2020","181,10","182,31","182,31","180,23","209,15K","-0,79%"
"28.10.2020","182,55","184,74","184,74","181,34","72,60K","-1,30%"
"27.10.2020","184,95","184,53","185,26","183,96","833,12K","0,20%"
"26.10.2020","184,59","184,17","184,81","183,77","26,58K","0,33%"
"23.10.2020","183,98","184,80","185,51","183,65","287,24K","-0,19%"
"22.10.2020","184,32","185,76","186,07","183,60","27,15K","-1,15%"
"21.10.2020","186,46","185,82","187,09","185,63","18,71K","0,75%"
"20.10.2020","185,07","184,19","185,16","183,89","18,90K","0,18%"
"19.10.2020","184,73","184,90","185,92","184,37","45,50K","0,39%"
"16.10.2020","184,01","184,66","185,34","184,05","137,71K","-0,30%"
"15.10.2020","184,56","183,91","184,53","183,17","111,76K","-0,28%"
"14.10.2020","185,08","183,92","185,33","183,58","87,70K","0,83%"
"13.10.2020","183,56","185,62","186,48","182,90","138,93K","-1,43%"
"12.10.2020","186,22","186,62","186,85","186,00","57,73K","-0,28%"
"09.10.2020","186,74","184,94","186,92","184,94","258,21K","2,08%"
"08.10.2020","182,93","183,63","184,12","182,62","353,05K","0,05%"
"07.10.2020","182,85","183,59","183,87","182,22","189,88K","-1,24%"
"06.10.2020","185,15","185,23","186,08","184,79","43,13K","-0,24%"
"05.10.2020","185,59","183,48","185,97","182,94","85,33K","0,38%"
"02.10.2020","184,88","185,34","185,63","183,94","67,77K","-0,10%"
"01.10.2020","185,07","183,89","185,00","183,55","62,36K","0,48%"
"30.09.2020","184,18","183,10","184,28","182,39","79,77K","0,48%"
"29.09.2020","183,30","182,62","183,47","181,92","40,27K","0,99%"
"28.09.2020","181,51","180,20","181,93","179,28","42,36K","0,53%"
"25.09.2020","180,54","181,62","181,69","179,57","50,34K","-0,16%"
"24.09.2020","180,84","179,69","180,95","179,21","101,76K","-0,01%"
"23.09.2020","180,86","182,35","183,64","180,75","550,90K","-1,81%"
"22.09.2020","184,18","184,87","185,79","183,67","38,24K","0,41%"
"21.09.2020","183,43","189,14","189,41","182,83","132,05K","-3,14%"
"18.09.2020","189,37","189,48","189,56","188,72","28,34K","0,36%"
"17.09.2020","188,68","188,55","188,81","187,41","38,01K","-1,13%"
"16.09.2020","190,85","190,10","191,24","189,81","108,42K","0,89%"
"15.09.2020","189,16","190,32","191,06","188,78","610,53K","-0,49%"
"14.09.2020","190,09","188,56","190,07","188,09","28,79K","0,62%"
"11.09.2020","188,91","188,40","189,36","188,11","151,90K","-0,52%"
"10.09.2020","189,90","188,42","190,39","188,24","128,18K","0,70%"
"09.09.2020","188,58","186,81","188,89","186,20","65,03K","0,90%"
"08.09.2020","186,90","187,29","187,37","184,82","94,57K","-0,10%"
"07.09.2020","187,08","187,12","187,44","186,50","59,26K","0,37%"
"04.09.2020","186,39","187,47","188,12","185,86","144,94K","-0,12%"
"03.09.2020","186,62","187,02","188,55","186,50","178,09K","-0,68%"
"02.09.2020","187,90","190,51","191,05","187,92","39,14K","-1,81%"
"01.09.2020","191,37","192,74","193,15","190,49","124,81K","0,17%"
"28.08.2020","191,04","188,59","191,04","188,41","127,99K","2,75%"
"27.08.2020","185,93","188,25","191,32","185,16","72,54K","-1,33%"
"26.08.2020","188,45","185,87","188,52","184,46","26,57K","1,39%"
"25.08.2020","185,86","187,13","187,62","185,66","68,60K","-0,59%"
"24.08.2020","186,96","187,68","190,00","186,97","32,34K","-0,50%"
"21.08.2020","187,90","188,92","188,92","185,50","173,44K","-0,55%"
"20.08.2020","188,94","188,37","188,94","186,70","34,39K","-0,63%"
"19.08.2020","190,13","192,52","193,52","189,48","53,86K","-1,80%"
"18.08.2020","193,62","194,07","195,30","191,80","38,29K","0,64%"
"17.08.2020","192,38","189,20","192,73","188,88","69,88K","2,03%"
"14.08.2020","188,55","188,25","189,60","188,25","50,24K","-0,05%"
"13.08.2020","188,64","187,52","189,04","186,31","45,92K","0,35%"
"12.08.2020","187,99","185,53","188,90","185,53","88,41K","-0,23%"
"11.08.2020","188,43","193,87","194,42","188,00","118,05K","-4,39%"
"10.08.2020","197,08","196,81","198,64","196,55","80,81K","0,11%"
"07.08.2020","196,87","199,32","200,09","196,31","457,50K","-1,02%"
"06.08.2020","198,90","198,89","200,50","197,90","265,33K","0,22%"
"05.08.2020","198,46","196,85","199,15","196,60","80,93K","2,60%"
"04.08.2020","193,44","191,36","193,44","190,82","54,24K","1,18%"
"03.08.2020","191,19","191,24","191,59","190,06","170,94K","-0,12%"
"31.07.2020","191,42","191,51","192,23","190,00","40,94K","1,46%"
"30.07.2020","188,66","189,66","189,98","187,93","173,69K","-0,61%"
"29.07.2020","189,81","189,78","190,47","188,37","44,44K","0,25%"
"28.07.2020","189,34","188,06","189,64","185,00","140,59K","0,91%"
"27.07.2020","187,62","187,34","188,42","187,16","95,00K","1,91%"
"24.07.2020","184,10","183,04","184,73","182,98","132,08K","0,28%"
"23.07.2020","183,60","181,74","183,58","181,35","283,68K","1,72%"
"22.07.2020","180,49","180,28","180,49","179,00","36,32K","1,17%"
"21.07.2020","178,40","176,78","178,50","176,58","47,71K","1,35%"
"20.07.2020","176,02","175,53","176,42","175,28","64,29K","0,30%"
"17.07.2020","175,49","174,46","175,53","174,25","32,20K","0,26%"
"16.07.2020","175,04","175,20","175,33","174,84","13,48K","-0,19%"
"15.07.2020","175,36","175,23","175,93","174,84","17,33K","-0,03%"
"14.07.2020","175,42","174,64","175,42","173,70","25,56K","0,27%"
"13.07.2020","174,95","175,22","175,70","174,79","33,19K","0,34%"
"10.07.2020","174,37","174,21","175,51","174,10","20,94K","-0,13%"
"09.07.2020","174,60","175,77","176,08","174,26","119,97K","-0,50%"
"08.07.2020","175,48","174,02","176,13","173,88","79,57K","0,89%"
"07.07.2020","173,94","172,88","174,17","172,00","45,85K","0,51%"
"06.07.2020","173,06","172,19","173,23","171,99","23,87K","0,55%"
"03.07.2020","172,12","172,21","172,33","171,95","26,39K","-0,15%"
"02.07.2020","172,38","171,44","172,51","170,54","56,90K","0,84%"
"01.07.2020","170,94","173,00","173,48","170,71","65,94K","-1,18%"
"30.06.2020","172,98","171,98","173,13","171,11","68,21K","0,73%"
"29.06.2020","171,73","171,70","172,00","171,23","32,67K","0,45%"
"26.06.2020","170,96","170,63","171,27","169,49","31,28K","0,28%"
"25.06.2020","170,49","171,27","171,50","170,29","41,92K","-0,41%"
"24.06.2020","171,19","171,70","172,52","170,85","191,86K","-0,06%"
"23.06.2020","171,30","169,64","171,55","169,59","55,68K","0,45%"
"22.06.2020","170,52","169,79","170,96","169,04","170,42K","0,93%"
"19.06.2020","168,96","167,95","169,71","167,54","86,92K","1,09%"
"18.06.2020","167,13","167,28","168,37","166,59","414,21K","-0,09%"
"17.06.2020","167,28","167,62","167,64","166,12","81,64K","-0,18%"
"16.06.2020","167,57","167,49","168,27","166,37","63,09K","0,42%"
"15.06.2020","166,87","167,05","167,12","165,26","49,39K","-0,64%"
"12.06.2020","167,94","168,02","169,00","167,78","76,70K","-0,67%"
"11.06.2020","169,07","168,17","169,21","167,10","60,42K","1,59%"
"10.06.2020","166,43","166,59","167,46","166,16","71,18K","-0,07%"
"09.06.2020","166,54","164,40","166,83","164,40","49,10K","1,52%"
"08.06.2020","164,05","164,30","164,56","163,51","49,22K","0,85%"
"05.06.2020","162,68","165,59","166,05","162,00","247,57K","-2,05%"
"04.06.2020","166,09","164,71","166,54","164,71","104,73K","0,98%"
"03.06.2020","164,48","167,17","167,29","163,88","111,50K","-2,16%"
"02.06.2020","168,11","168,57","169,26","168,01","89,19K","-0,29%"
"01.06.2020","168,60","168,83","169,02","167,47","56,20K","0,22%"
"29.05.2020","168,24","166,92","168,26","166,69","133,09K","1,03%"
"28.05.2020","166,52","166,81","167,49","166,52","64,15K","0,92%"
"27.05.2020","165,01","165,39","165,89","164,38","394,25K","-0,75%"
"26.05.2020","166,26","167,84","168,15","165,85","302,95K","-1,01%"
"22.05.2020","167,96","168,27","168,63","167,55","32,88K","0,60%"
"21.05.2020","166,96","168,58","168,77","166,63","26,28K","-1,59%"
"20.05.2020","169,65","169,94","169,99","169,08","60,09K","0,49%"
"19.05.2020","168,82","167,68","169,36","167,44","37,22K","0,66%"
"18.05.2020","167,70","171,01","171,56","167,57","389,36K","-0,80%"
"15.05.2020","169,06","168,26","169,47","167,58","54,82K","0,63%"
"14.05.2020","168,00","166,57","168,28","166,00","90,35K","0,94%"
"13.05.2020","166,43","165,32","166,56","164,89","158,69K","0,36%"
"12.05.2020","165,82","164,92","166,00","164,82","60,27K","0,62%"
"11.05.2020","164,80","165,64","165,78","164,17","194,29K","-0,18%"
"07.05.2020","165,10","163,57","165,24","163,57","672,45K","0,84%"
"06.05.2020","163,73","165,62","165,67","163,36","139,94K","-0,68%"
"05.05.2020","164,85","165,01","165,38","164,00","155,80K","-0,29%"
"04.05.2020","165,33","165,35","165,92","164,76","84,24K","0,58%"
"01.05.2020","164,38","162,58","164,54","162,07","110,45K","-0,46%"
"30.04.2020","165,13","166,68","167,00","164,51","73,44K","-0,05%"
"29.04.2020","165,22","165,93","166,42","164,70","366,90K","-0,07%"
"28.04.2020","165,34","165,00","166,25","164,20","81,59K","-0,55%"
"27.04.2020","166,25","166,12","167,25","165,49","124,35K","0,10%"
"24.04.2020","166,09","167,93","168,65","166,09","666,16K","-1,30%"
"23.04.2020","168,28","166,56","168,96","166,16","137,19K","1,25%"
"22.04.2020","166,21","163,30","166,31","163,30","110,43K","1,90%"
"21.04.2020","163,11","164,56","164,74","160,97","207,58K","-0,72%"
"20.04.2020","164,29","162,84","164,83","162,25","144,98K","0,02%"
"17.04.2020","164,26","165,37","165,37","163,20","226,59K","-1,90%"
"16.04.2020","167,43","167,30","168,75","166,60","385,94K","0,43%"
"15.04.2020","166,72","166,46","167,51","165,67","120,86K","-0,92%"
"14.04.2020","168,26","164,00","169,35","164,00","138,34K","3,33%"
"09.04.2020","162,83","160,53","163,71","160,47","124,58K","1,64%"
"08.04.2020","160,20","159,87","160,87","159,52","142,37K","-0,27%"
"07.04.2020","160,63","161,21","162,09","159,57","110,65K","0,54%"
"06.04.2020","159,76","157,39","160,17","157,39","180,95K","1,95%"
"03.04.2020","156,71","156,31","157,50","155,58","434,96K","0,13%"
"02.04.2020","156,50","154,20","156,63","153,83","360,27K","1,64%"
"01.04.2020","153,98","154,22","155,22","152,69","199,90K","-1,50%"
"31.03.2020","156,33","156,98","156,98","154,70","42,58K","-0,49%"
"30.03.2020","157,10","157,55","158,28","156,75","60,90K","-0,45%"
"27.03.2020","157,82","157,70","158,24","152,00","652,73K","0,24%"
"26.03.2020","157,43","156,04","158,99","155,47","408,25K","0,42%"
"25.03.2020","156,77","162,97","162,97","154,85","523,19K","-0,76%"
"24.03.2020","157,98","157,25","159,17","151,18","449,70K","5,46%"
"23.03.2020","149,79","144,47","150,21","144,19","113,53K","4,05%"
"20.03.2020","143,96","146,38","147,10","143,75","81,15K","0,49%"
"19.03.2020","143,26","144,08","144,50","142,04","68,01K","-0,79%"
"18.03.2020","144,41","145,09","147,61","143,47","241,94K","-2,96%"
"17.03.2020","148,81","144,12","150,58","142,57","217,02K","1,84%"
"16.03.2020","146,12","148,62","149,66","140,96","246,72K","-1,24%"
"13.03.2020","147,95","154,36","154,75","147,11","127,50K","-3,14%"
"12.03.2020","152,74","159,12","159,57","151,85","158,04K","-4,52%"
"11.03.2020","159,97","161,28","162,09","159,53","139,31K","-0,37%"
"10.03.2020","160,56","161,37","161,70","160,12","187,20K","-0,70%"
"09.03.2020","161,69","163,15","163,58","161,25","1,15M","-0,11%"
"06.03.2020","161,86","162,19","163,98","159,57","306,62K","0,57%"
"05.03.2020","160,94","158,93","161,30","158,91","117,55K","1,04%"
"04.03.2020","159,28","158,81","160,02","158,49","151,20K","0,32%"
"03.03.2020","158,77","154,78","159,29","154,65","161,31K","2,58%"
"02.03.2020","154,78","155,05","156,25","154,42","168,50K","0,36%"
"28.02.2020","154,23","157,84","159,11","152,88","398,69K","-3,62%"
"27.02.2020","160,03","159,87","161,00","159,50","80,27K","0,69%"
"26.02.2020","158,94","159,52","160,53","157,71","123,72K","-0,63%"
"25.02.2020","159,95","159,25","160,79","159,01","100,74K","-1,38%"
"24.02.2020","162,19","162,27","163,80","162,02","152,61K","1,94%"
"21.02.2020","159,10","158,47","159,98","158,28","45,44K","1,12%"
"20.02.2020","157,34","155,98","157,37","155,98","48,91K","1,04%"
"19.02.2020","155,72","155,78","156,28","155,50","45,21K","0,03%"
"18.02.2020","155,67","154,14","155,71","153,93","89,60K","1,41%"
"17.02.2020","153,50","153,27","153,54","153,18","21,37K","0,04%"
"14.02.2020","153,44","152,88","153,57","152,84","23,94K","0,39%"
"13.02.2020","152,84","152,91","153,11","152,55","48,83K","0,46%"
"12.02.2020","152,14","151,83","152,17","151,57","35,29K","0,23%"
"11.02.2020","151,79","152,20","152,67","151,65","42,65K","-0,62%"
"10.02.2020","152,74","152,50","152,84","152,47","25,96K","0,55%"
"07.02.2020","151,91","152,23","152,58","151,51","89,25K","0,09%"
"06.02.2020","151,78","151,24","152,12","151,23","115,66K","0,31%"
"05.02.2020","151,31","151,54","151,56","150,10","56,91K","0,42%"
"04.02.2020","150,67","152,64","152,64","150,55","110,00K","-1,59%"
"03.02.2020","153,10","152,93","153,31","152,45","93,02K","-0,58%"
"31.01.2020","154,00","152,95","154,11","152,86","143,95K","0,31%"
"30.01.2020","153,53","153,48","153,76","152,63","114,06K","0,78%"
"29.01.2020","152,34","152,23","152,73","152,10","19,67K","0,04%"
"28.01.2020","152,28","153,13","153,49","152,14","43,33K","-0,83%"
"27.01.2020","153,56","153,22","153,88","152,94","46,35K","0,67%"
"24.01.2020","152,54","151,28","152,83","151,08","70,17K","0,35%"
"23.01.2020","152,01","150,82","152,01","150,60","244,33K","0,62%"
"22.01.2020","151,07","150,82","151,29","150,79","75,68K","-0,05%"
"21.01.2020","151,14","151,35","151,48","150,07","358,26K","-0,21%"
"20.01.2020","151,46","151,53","151,53","151,22","155,47K","0,24%"
"17.01.2020","151,09","150,95","151,43","150,78","73,15K","0,41%"
"16.01.2020","150,48","150,74","151,10","150,22","71,15K","-0,02%"
"15.01.2020","150,51","150,73","151,06","150,14","76,22K","0,57%"
"14.01.2020","149,66","149,79","150,11","149,58","82,15K","-0,56%"
"13.01.2020","150,51","150,71","150,98","150,11","83,63K","-0,53%"
"10.01.2020","151,31","150,51","151,34","150,16","129,24K","0,62%"
"09.01.2020","150,38","150,03","150,93","149,92","105,77K","-1,21%"
"08.01.2020","152,22","154,17","154,17","151,97","95,27K","-0,03%"
"07.01.2020","152,26","152,27","152,52","151,75","182,32K","0,33%"
"06.01.2020","151,76","152,60","153,22","151,62","55,05K","0,92%"
"03.01.2020","150,38","149,79","150,51","149,66","93,84K","1,40%"
"02.01.2020","148,31","147,49","148,62","147,42","42,55K","0,39%"
"31.12.2019","147,74","147,87","147,98","147,70","140,07K","0,45%"
"30.12.2019","147,08","146,43","147,11","146,43","41,20K","0,03%"
"27.12.2019","147,04","146,37","147,00","146,37","30,20K","1,65%"
"24.12.2019","144,66","144,69","144,87","144,62","25,42K","0,51%"
"23.12.2019","143,93","143,97","144,15","143,76","41,43K","0,41%"
"20.12.2019","143,34","143,51","143,71","143,31","25,16K","-0,10%"
"19.12.2019","143,48","143,25","143,48","143,00","39,75K","0,18%"
"18.12.2019","143,22","143,32","143,58","142,72","48,47K","-0,06%"
"17.12.2019","143,31","143,37","143,68","143,13","37,74K","0,15%"
"16.12.2019","143,09","143,35","143,60","143,06","31,26K","-0,13%"
"13.12.2019","143,28","142,63","143,30","142,31","40,65K","0,56%"
"12.12.2019","142,48","143,05","144,30","142,18","65,83K","-0,32%"
"11.12.2019","142,94","142,18","142,96","142,03","33,91K","0,63%"
"10.12.2019","142,04","141,98","142,58","141,94","27,85K","0,12%"
"09.12.2019","141,87","142,00","142,22","141,80","40,07K","0,16%"
"06.12.2019","141,65","143,00","143,52","141,60","66,39K","-1,32%"
"05.12.2019","143,55","143,15","143,55","143,00","30,57K","0,36%"
"04.12.2019","143,04","144,02","144,02","142,83","56,15K","-0,47%"
"03.12.2019","143,72","142,01","143,77","141,95","99,67K","1,17%"
"02.12.2019","142,06","141,55","142,17","141,13","48,66K","0,05%"
"29.11.2019","141,99","141,58","141,97","141,15","17,65K","0,47%"
"28.11.2019","141,32","141,43","141,47","141,21","12,95K","0,20%"
"27.11.2019","141,04","141,52","141,75","141,06","34,95K","-0,51%"
"26.11.2019","141,76","141,22","141,85","141,08","66,68K","0,20%"
"25.11.2019","141,48","141,65","141,75","141,20","28,54K","-0,49%"
"22.11.2019","142,17","142,41","142,94","141,90","73,34K","-0,22%"
"21.11.2019","142,49","142,79","143,09","142,04","21,58K","0,00%"
"20.11.2019","142,49","143,46","143,55","142,32","48,94K","-0,35%"
"19.11.2019","142,99","142,67","143,09","142,22","37,76K","0,06%"
"18.11.2019","142,90","142,06","143,06","141,40","19,79K","0,42%"
"15.11.2019","142,30","142,05","142,60","141,99","16,42K","-0,42%"
"14.11.2019","142,90","142,28","142,80","142,26","30,36K","0,60%"
"13.11.2019","142,05","141,78","142,33","141,68","11,75K","0,75%"
"12.11.2019","140,99","141,02","141,35","140,39","43,52K","-0,24%"
"11.11.2019","141,33","142,24","142,31","140,74","30,53K","-0,77%"
"08.11.2019","142,43","142,99","142,99","141,34","91,79K","0,11%"
"07.11.2019","142,27","144,30","144,45","142,27","79,35K","-1,56%"
"06.11.2019","144,53","144,23","144,60","143,99","488,95K","0,50%"
"05.11.2019","143,81","146,29","146,29","143,81","271,62K","-1,64%"
"04.11.2019","146,21","146,97","147,01","146,15","68,20K","-0,28%"
"01.11.2019","146,62","146,86","147,21","145,99","26,69K","-0,09%"
"31.10.2019","146,75","145,67","146,99","145,63","76,23K","1,14%"
"30.10.2019","145,09","144,54","145,16","144,51","126,94K","0,40%"
"29.10.2019","144,51","145,08","145,09","144,05","32,41K","-0,18%"
"28.10.2019","144,77","146,19","146,31","144,67","54,38K","-1,13%"
"25.10.2019","146,43","146,11","147,36","146,02","74,18K","0,49%"
"24.10.2019","145,71","144,94","145,91","144,49","61,21K","0,46%"
"23.10.2019","145,05","144,86","145,22","144,75","34,40K","0,66%"
"22.10.2019","144,10","144,36","144,55","144,03","44,54K","0,00%"
"21.10.2019","144,10","144,88","145,16","144,04","146,80K","-0,57%"
"18.10.2019","144,93","144,69","145,00","144,20","142,04K","-0,15%"
"17.10.2019","145,15","144,70","145,15","144,05","94,70K","0,49%"
"16.10.2019","144,44","143,65","144,80","143,56","88,27K","0,43%"
"15.10.2019","143,82","144,72","145,41","143,49","241,34K","-0,71%"
"14.10.2019","144,85","144,44","145,31","144,44","73,27K","0,90%"
"11.10.2019","143,56","145,64","145,94","143,13","100,75K","-1,11%"
"10.10.2019","145,17","146,29","146,63","144,98","34,97K","-0,81%"
"09.10.2019","146,35","146,45","146,72","145,73","79,80K","0,26%"
"08.10.2019","145,97","144,89","146,51","144,80","89,95K","0,11%"
"07.10.2019","145,81","146,25","146,25","145,28","52,59K","-0,14%"
"04.10.2019","146,01","146,46","146,70","145,28","83,01K","-0,42%"
"03.10.2019","146,62","145,35","147,47","145,32","142,09K","0,66%"
"02.10.2019","145,66","143,38","145,66","143,38","45,87K","1,15%"
"01.10.2019","144,00","142,15","144,15","141,73","105,86K","0,90%"
"30.09.2019","142,72","144,80","145,02","142,74","168,30K","-1,42%"
"27.09.2019","144,78","145,48","145,65","144,42","108,83K","-1,24%"
"26.09.2019","146,60","146,62","146,85","145,84","110,49K","-0,37%"
"25.09.2019","147,14","148,43","148,81","146,77","114,17K","-0,78%"
"24.09.2019","148,29","147,73","148,29","147,22","33,18K","0,21%"
"23.09.2019","147,98","147,06","148,20","146,81","189,31K","1,40%"
"20.09.2019","145,93","146,04","146,29","145,57","46,95K","0,35%"
"19.09.2019","145,42","145,43","146,06","145,07","37,56K","-0,78%"
"18.09.2019","146,57","145,90","146,57","145,74","40,45K","0,40%"
"17.09.2019","145,99","145,21","146,18","145,13","29,11K","0,10%"
"16.09.2019","145,85","146,16","146,21","145,31","38,92K","0,54%"
"13.09.2019","145,07","146,30","146,55","144,98","157,30K","-0,83%"
"12.09.2019","146,28","145,69","148,00","145,69","88,08K","0,74%"
"11.09.2019","145,21","145,06","145,44","144,41","157,30K","-0,14%"
"10.09.2019","145,41","144,77","145,65","144,63","61,08K","-0,21%"
"09.09.2019","145,71","146,55","147,10","145,51","92,16K","-1,40%"
"06.09.2019","147,78","146,34","148,35","145,96","134,22K","0,04%"
"05.09.2019","147,72","150,29","150,50","146,37","862,72K","-1,65%"
"04.09.2019","150,20","149,37","150,33","149,12","49,53K","0,01%"
"03.09.2019","150,19","148,37","150,45","148,26","76,17K","1,35%"
"02.09.2019","148,19","147,83","148,31","147,57","52,32K","-0,19%"
"30.08.2019","148,47","148,50","148,66","148,04","35,29K","-0,53%"
"29.08.2019","149,26","150,48","150,55","149,00","1,04M","-0,01%"
"28.08.2019","149,28","149,36","150,18","149,12","57,40K","-0,39%"
"27.08.2019","149,86","148,95","149,86","148,52","44,32K","1,13%"
"23.08.2019","148,19","145,34","148,20","145,23","65,51K","1,67%"
"22.08.2019","145,75","145,83","146,10","145,00","33,98K","-0,20%"
"21.08.2019","146,04","145,66","146,10","145,47","74,95K","0,07%"
"20.08.2019","145,94","145,38","146,40","145,38","59,07K","0,14%"
"19.08.2019","145,74","146,42","146,52","145,25","20,44K","-0,59%"
"16.08.2019","146,61","147,31","147,31","146,28","49,58K","-0,52%"
"15.08.2019","147,38","146,94","147,87","146,70","64,03K","0,03%"
"14.08.2019","147,34","145,09","147,59","145,09","98,41K","0,94%"
"13.08.2019","145,97","147,83","149,05","143,78","95,60K","-0,19%"
"12.08.2019","146,25","144,84","146,34","144,58","55,93K","-0,01%"
"09.08.2019","146,26","146,01","146,19","145,23","67,99K","0,51%"
"08.08.2019","145,52","145,09","145,79","144,86","82,41K","-0,59%"
"07.08.2019","146,39","144,40","146,56","144,27","129,06K","2,33%"
"06.08.2019","143,06","141,92","143,09","141,73","119,63K","0,84%"
"05.08.2019","141,87","141,10","142,61","141,10","54,21K","1,12%"
"02.08.2019","140,30","139,34","140,55","139,09","316,55K","1,91%"
"01.08.2019","137,67","136,64","137,49","136,07","232,78K","-0,76%"
"31.07.2019","138,72","139,14","139,14","138,61","89,25K","-0,02%"
"30.07.2019","138,75","138,44","138,87","138,42","86,08K","0,63%"
"29.07.2019","137,88","137,72","138,13","137,70","281,38K","0,08%"
"26.07.2019","137,77","137,79","138,38","137,30","65,62K","-0,04%"
"25.07.2019","137,83","138,43","139,24","137,58","74,92K","-0,33%"
"24.07.2019","138,28","138,21","138,78","138,09","18,67K","0,09%"
"23.07.2019","138,16","137,68","138,90","137,67","56,24K","-0,32%"
"22.07.2019","138,60","138,55","138,79","138,43","33,19K","-0,16%"
"19.07.2019","138,82","139,73","139,95","138,59","92,94K","0,21%"
"18.07.2019","138,53","137,92","138,56","137,50","47,98K","0,20%"
"17.07.2019","138,26","136,57","138,29","136,10","61,05K","0,97%"
"16.07.2019","136,93","137,35","137,56","136,80","26,62K","-0,21%"
"15.07.2019","137,22","137,40","137,64","137,00","34,37K","0,26%"
"12.07.2019","136,87","136,84","137,14","136,41","57,68K","-0,18%"
"11.07.2019","137,12","138,20","138,35","136,95","20,67K","0,22%"
"10.07.2019","136,82","135,09","137,13","135,09","35,28K","0,83%"
"09.07.2019","135,69","135,40","135,94","134,77","38,59K","-0,07%"
"08.07.2019","135,78","136,51","136,63","135,58","61,34K","-0,13%"
"05.07.2019","135,96","137,30","137,59","134,75","50,01K","-1,12%"
"04.07.2019","137,50","137,42","137,72","137,03","18,69K","-0,27%"
"03.07.2019","137,87","138,48","138,59","137,32","56,40K","1,29%"
"02.07.2019","136,12","135,11","136,12","135,11","102,79K","0,67%"
"01.07.2019","135,21","134,42","135,59","134,26","82,52K","-1,34%"
"28.06.2019","137,04","137,12","137,56","136,64","17,07K","0,37%"
"27.06.2019","136,54","136,36","136,84","136,09","488,57K","-0,41%"
"26.06.2019","137,10","136,63","137,23","136,29","65,04K","-1,20%"
"25.06.2019","138,77","138,91","139,43","138,42","76,47K","0,77%"
"24.06.2019","137,71","136,33","137,36","136,15","37,88K","1,53%"
"21.06.2019","135,64","135,29","136,00","134,36","230,07K","0,76%"
"20.06.2019","134,62","134,38","134,55","133,94","37,81K","3,03%"
"19.06.2019","130,66","130,71","130,77","130,37","16,35K","-0,33%"
"18.06.2019","131,09","130,89","131,57","130,30","57,92K","0,65%"
"17.06.2019","130,24","130,08","130,49","129,54","19,88K","-0,69%"
"14.06.2019","131,14","131,62","131,82","130,88","49,84K","0,78%"
"13.06.2019","130,13","130,05","130,13","129,67","19,95K","0,35%"
"12.06.2019","129,67","129,73","129,97","129,39","87,39K","0,64%"
"11.06.2019","128,85","128,85","128,89","128,27","32,28K","-0,19%"
"10.06.2019","129,09","129,01","129,21","128,79","123,87K","-1,07%"
"07.06.2019","130,49","129,40","130,91","129,39","78,99K","0,47%"
"06.06.2019","129,88","129,60","130,08","129,47","74,04K","0,57%"
"05.06.2019","129,14","129,55","130,58","129,13","143,40K","0,62%"
"04.06.2019","128,34","128,89","129,18","128,34","54,41K","0,12%"
"03.06.2019","128,19","127,32","128,28","127,25","424,41K","1,43%"
"31.05.2019","126,38","125,74","126,65","125,74","59,65K","0,99%"
"30.05.2019","125,14","124,17","125,18","124,01","48,90K","0,51%"
"29.05.2019","124,50","124,75","124,90","124,37","54,00K","0,19%"
"28.05.2019","124,27","124,61","124,87","124,07","62,74K","-0,42%"
"24.05.2019","124,79","124,84","124,84","124,48","5,41K","-0,15%"
"23.05.2019","124,98","123,80","125,02","123,80","9,60K","0,84%"
"22.05.2019","123,94","123,71","124,08","123,71","34,68K","0,12%"
"21.05.2019","123,79","123,85","124,02","123,43","18,10K","-0,29%"
"20.05.2019","124,15","124,00","124,22","123,79","46,18K","0,15%"
"17.05.2019","123,97","125,18","125,18","124,03","51,19K","-0,78%"
"16.05.2019","124,95","126,03","126,20","124,87","62,31K","-0,77%"
"15.05.2019","125,92","125,75","126,44","125,75","56,98K","0,00%"
"14.05.2019","125,92","126,08","126,28","125,89","34,64K","-0,15%"
"13.05.2019","126,11","124,66","126,32","124,60","58,36K","0,78%"
"10.05.2019","125,14","124,72","125,28","124,72","55,63K","0,18%"
"09.05.2019","124,92","124,71","125,20","124,52","698,04K","0,25%"
"08.05.2019","124,61","125,10","125,47","124,61","102,30K","-0,12%"
"07.05.2019","124,76","124,61","124,85","124,25","52,40K","0,17%"
"03.05.2019","124,55","123,56","124,51","123,39","108,46K","0,88%"
"02.05.2019","123,46","123,62","123,72","123,12","54,89K","-0,98%"
"01.05.2019","124,68","124,27","124,85","124,20","74,64K","-0,08%"
"30.04.2019","124,78","124,72","124,97","124,44","81,04K","0,32%"
"29.04.2019","124,38","124,70","124,73","124,35","6,65K","-0,59%"
"26.04.2019","125,12","124,57","125,18","124,06","19,39K","0,62%"
"25.04.2019","124,35","124,01","124,68","124,01","19,41K","0,30%"
"24.04.2019","123,98","123,54","124,05","123,43","31,15K","0,53%"
"23.04.2019","123,33","123,79","123,84","123,19","39,11K","-0,48%"
"18.04.2019","123,92","123,78","124,20","123,77","32,95K","0,05%"
"17.04.2019","123,86","124,25","124,64","123,80","156,62K","-0,03%"
"16.04.2019","123,90","125,04","125,04","123,91","84,20K","-1,03%"
"15.04.2019","125,19","125,15","125,22","124,77","23,15K","-0,37%"
"12.04.2019","125,66","125,66","125,98","125,56","40,40K","-0,17%"
"11.04.2019","125,88","127,03","127,03","125,88","17,23K","-1,05%"
"10.04.2019","127,22","126,90","127,17","126,56","18,60K","0,31%"
"09.04.2019","126,83","126,12","126,97","126,12","8,63K","0,52%"
"08.04.2019","126,18","126,15","126,71","126,02","18,89K","0,47%"
"05.04.2019","125,59","125,33","125,74","125,12","29,63K","0,27%"
"04.04.2019","125,25","125,71","125,71","124,55","33,14K","-0,17%"
"03.04.2019","125,46","125,64","125,77","125,30","22,42K","-0,06%"
"02.04.2019","125,53","125,09","125,57","124,98","28,95K","-0,06%"
"01.04.2019","125,60","125,30","126,08","125,27","27,98K","-0,25%"
"29.03.2019","125,92","125,23","126,34","125,15","42,97K","0,47%"
"28.03.2019","125,33","127,30","127,32","125,33","33,78K","-1,62%"
"27.03.2019","127,39","127,86","128,24","127,37","29,31K","-0,31%"
"26.03.2019","127,78","128,03","128,17","127,63","71,49K","-0,52%"
"25.03.2019","128,45","128,09","128,62","126,83","49,73K","0,62%"
"22.03.2019","127,66","127,59","128,18","127,30","19,79K","0,68%"
"21.03.2019","126,80","128,20","128,26","127,22","21,10K","0,27%"
"20.03.2019","126,46","126,69","127,27","126,46","8,19K","-0,51%"
"19.03.2019","127,11","126,81","127,38","126,81","29,44K","0,24%"
"18.03.2019","126,81","126,86","126,97","126,76","25,50K","0,17%"
"15.03.2019","126,59","126,71","126,85","126,55","29,57K","0,49%"
"14.03.2019","125,97","126,66","126,66","125,84","6,64K","-0,94%"
"13.03.2019","127,17","127,01","127,24","126,96","32,97K","0,81%"
"12.03.2019","126,15","125,87","126,29","125,87","8,14K","0,41%"
"11.03.2019","125,64","126,01","126,16","125,62","13,58K","-0,55%"
"08.03.2019","126,33","125,82","126,47","125,68","66,26K","1,05%"
"07.03.2019","125,02","124,85","125,17","124,60","36,82K","-0,02%"
"06.03.2019","125,05","125,33","125,34","124,92","37,09K","0,17%"
"05.03.2019","124,84","125,02","125,10","124,70","56,11K","-0,23%"
"04.03.2019","125,13","125,65","125,65","124,73","108,87K","-1,29%"
"01.03.2019","126,76","127,23","127,41","126,67","43,17K","-0,86%"
"28.02.2019","127,86","128,49","129,00","127,81","22,48K","-0,50%"
"27.02.2019","128,50","129,00","129,19","128,50","29,52K","-0,40%"
"26.02.2019","129,01","128,80","129,22","128,70","18,60K","-0,06%"
"25.02.2019","129,09","129,35","129,45","128,98","5,73K","-0,19%"
"22.02.2019","129,34","128,94","129,36","128,54","16,09K","-0,12%"
"21.02.2019","129,49","130,28","130,28","129,44","10,63K","-1,00%"
"20.02.2019","130,80","130,53","130,87","130,50","14,45K","0,55%"
"19.02.2019","130,09","128,95","130,11","128,95","11,61K","0,84%"
"18.02.2019","129,00","128,60","129,08","128,60","4,22K","0,78%"
"15.02.2019","128,00","127,83","128,27","127,83","9,07K","0,39%"
"14.02.2019","127,50","127,38","127,64","126,70","25,75K","-0,16%"
"13.02.2019","127,71","127,60","128,15","127,47","7,75K","0,26%"
"12.02.2019","127,38","127,60","127,86","127,30","26,48K","0,05%"
"11.02.2019","127,31","127,48","127,53","126,80","11,82K","-0,39%"
"08.02.2019","127,81","127,32","127,87","127,23","78,50K","0,36%"
"07.02.2019","127,35","126,81","127,52","126,76","1,88K","-0,18%"
"06.02.2019","127,58","127,88","127,91","127,55","92,05K","-0,19%"
"05.02.2019","127,82","127,66","128,05","127,49","10,08K","0,01%"
"04.02.2019","127,81","127,84","127,84","127,28","48,79K","-0,31%"
"01.02.2019","128,21","128,21","128,61","128,14","11,54K","-0,22%"
"31.01.2019","128,49","128,50","128,88","128,40","15,00K","0,74%"
"30.01.2019","127,54","127,87","127,91","127,45","35,84K","0,10%"
"29.01.2019","127,41","127,14","127,53","127,14","87,96K","0,58%"
"28.01.2019","126,67","126,54","126,73","126,22","111,12K","0,20%"
"25.01.2019","126,42","124,91","126,35","124,76","53,81K","1,32%"
"24.01.2019","124,77","124,42","124,80","124,21","16,51K","-0,14%"
"23.01.2019","124,95","125,01","125,07","124,40","35,63K","0,26%"
"22.01.2019","124,62","124,64","124,97","124,51","16,13K","0,06%"
"21.01.2019","124,55","124,35","124,59","124,28","4,45K","-0,15%"
"18.01.2019","124,74","125,49","125,49","124,73","9,23K","-0,71%"
"17.01.2019","125,63","125,74","125,95","125,49","20,36K","-0,21%"
"16.01.2019","125,89","125,38","125,89","125,34","89,37K","0,42%"
"15.01.2019","125,36","125,35","125,88","125,26","69,73K","-0,15%"
"14.01.2019","125,55","125,78","126,05","125,44","252,11K","0,08%"
"11.01.2019","125,45","125,79","125,94","125,27","26,34K","0,10%"
"10.01.2019","125,33","125,99","126,12","125,35","55,62K","-0,14%"
"09.01.2019","125,50","124,75","125,62","124,54","12,38K","0,45%"
"08.01.2019","124,94","124,80","124,98","124,54","20,10K","-0,30%"
"07.01.2019","125,31","125,62","125,90","125,20","21,05K","0,36%"
"04.01.2019","124,86","125,97","125,97","124,58","9,24K","-0,57%"
"03.01.2019","125,57","125,39","125,59","125,02","34,59K","0,30%"
"02.01.2019","125,20","125,14","125,38","124,72","64,19K","0,28%"
"31.12.2018","124,85","124,61","124,94","124,55","4,12K","0,41%"
"28.12.2018","124,34","124,58","124,62","124,06","128,21K","0,34%"
"27.12.2018","123,92","123,16","124,11","123,16","22,33K","0,88%"
"24.12.2018","122,84","122,40","123,09","122,40","6,94K","0,28%"
"21.12.2018","122,50","122,68","122,73","122,26","33,05K","0,06%"
"20.12.2018","122,43","121,43","122,76","121,43","41,73K","0,20%"
"19.12.2018","122,18","121,58","122,23","121,37","380,62K","0,60%"
"18.12.2018","121,45","121,31","121,63","121,31","48,31K","0,42%"
"17.12.2018","120,94","120,48","120,98","120,41","81,89K","0,30%"
"14.12.2018","120,58","120,38","120,58","120,03","14,29K","-0,26%"
"13.12.2018","120,89","121,23","121,26","120,79","74,47K","-0,23%"
"12.12.2018","121,17","120,91","121,30","120,91","10,68K","0,17%"
"11.12.2018","120,97","121,40","121,54","121,01","88,20K","-0,26%"
"10.12.2018","121,28","121,28","121,50","120,98","64,55K","0,01%"
"07.12.2018","121,27","120,61","121,27","120,58","81,48K","0,39%"
"06.12.2018","120,80","120,24","121,02","120,23","201,75K","0,35%"
"05.12.2018","120,38","120,03","120,46","120,03","32,38K","-0,14%"
"04.12.2018","120,55","120,36","120,78","120,36","97,36K","0,35%"
"03.12.2018","120,13","119,76","120,13","119,52","17,90K","1,23%"
"30.11.2018","118,67","119,15","119,15","118,54","20,07K","-0,44%"
"29.11.2018","119,19","118,87","119,57","118,87","16,22K","0,86%"
"28.11.2018","118,17","118,06","118,24","117,88","52,08K","0,08%"
"27.11.2018","118,08","118,80","119,15","118,00","44,95K","-0,79%"
"26.11.2018","119,02","119,27","119,39","118,97","13,18K","-0,02%"
"23.11.2018","119,04","119,10","119,14","118,90","33,76K","-0,34%"
"22.11.2018","119,45","118,59","119,58","118,59","12,64K","0,01%"
"21.11.2018","119,44","119,00","119,69","118,98","14,67K","0,32%"
"20.11.2018","119,06","119,23","119,53","118,80","35,98K","0,01%"
"19.11.2018","119,05","118,80","119,09","118,58","25,49K","0,20%"
"16.11.2018","118,81","118,32","119,20","118,15","12,70K","0,64%"
"15.11.2018","118,05","118,03","118,36","117,52","19,44K","0,89%"
"14.11.2018","117,01","116,84","117,06","116,60","3,69K","-0,10%"
"13.11.2018","117,13","117,16","117,16","116,54","27,29K","-0,03%"
"12.11.2018","117,17","117,39","117,48","117,09","4,23K","-0,48%"
"09.11.2018","117,73","118,80","118,86","117,68","21,07K","-1,22%"
"08.11.2018","119,19","119,13","119,26","118,77","15,37K","-0,26%"
"07.11.2018","119,50","119,72","120,29","119,41","24,10K","0,07%"
"06.11.2018","119,42","119,89","120,28","119,39","18,27K","-0,33%"
"05.11.2018","119,81","120,01","120,10","119,42","19,19K","-0,04%"
"02.11.2018","119,86","120,17","120,32","119,71","21,31K","-0,08%"
"01.11.2018","119,95","119,28","120,03","119,15","77,07K","1,40%"
"31.10.2018","118,29","118,48","118,57","118,01","81,63K","-0,65%"
"30.10.2018","119,06","119,13","119,34","118,74","80,40K","-0,51%"
"29.10.2018","119,67","119,80","119,84","119,50","5,84K","-0,90%"
"26.10.2018","120,76","119,96","121,00","119,93","143,42K","0,92%"
"25.10.2018","119,66","120,20","120,20","119,55","445,77K","0,04%"
"24.10.2018","119,61","119,82","120,02","119,32","75,72K","-0,32%"
"23.10.2018","120,00","119,72","120,62","119,72","60,58K","0,99%"
"22.10.2018","118,82","119,34","119,48","118,79","111,81K","-0,50%"
"19.10.2018","119,42","119,48","119,78","119,06","33,66K","-0,01%"
"18.10.2018","119,43","118,77","119,56","118,77","71,17K","-0,02%"
"17.10.2018","119,45","119,10","119,64","118,94","19,13K","-0,14%"
"16.10.2018","119,62","119,34","119,95","119,34","35,20K","0,19%"
"15.10.2018","119,39","119,19","120,00","119,18","44,04K","0,58%"
"12.10.2018","118,70","118,43","119,10","118,43","26,88K","0,32%"
"11.10.2018","118,32","116,20","118,65","116,20","320,46K","2,26%"
"10.10.2018","115,70","115,86","115,93","115,49","9,73K","-0,03%"
"09.10.2018","115,73","115,80","115,83","115,33","4,70K","0,41%"
"08.10.2018","115,26","116,51","116,51","115,25","51,65K","-1,49%"
"05.10.2018","117,00","116,58","117,25","116,58","28,12K","0,01%"
"04.10.2018","116,99","116,62","117,44","116,62","34,63K","0,29%"
"03.10.2018","116,65","116,72","117,29","116,72","15,92K","-0,69%"
"02.10.2018","117,46","116,10","117,57","115,78","31,58K","1,53%"
"01.10.2018","115,69","115,59","115,91","115,35","89,69K","-0,34%"
"28.09.2018","116,09","115,03","116,11","115,00","33,05K","0,83%"
"27.09.2018","115,14","116,35","116,52","115,17","12,51K","-0,99%"
"26.09.2018","116,29","116,73","116,91","116,22","4,26K","-0,63%"
"25.09.2018","117,03","116,81","117,12","116,69","5,74K","0,09%"
"24.09.2018","116,92","116,51","117,19","116,51","19,47K","0,31%"
"21.09.2018","116,56","117,36","117,90","116,14","22,72K","-0,55%"
"20.09.2018","117,20","117,12","117,59","116,93","17,15K","0,02%"
"19.09.2018","117,18","117,08","117,30","117,01","14,62K","0,39%"
"18.09.2018","116,73","116,50","117,14","116,50","20,48K","-0,35%"
"17.09.2018","117,14","116,41","117,29","116,32","54,44K","0,51%"
"14.09.2018","116,54","117,40","117,63","116,49","27,38K","-0,54%"
"13.09.2018","117,17","117,28","117,96","117,15","25,25K","0,04%"
"12.09.2018","117,12","116,23","117,18","116,23","11,43K","0,78%"
"11.09.2018","116,21","116,42","116,51","115,69","18,48K","-0,27%"
"10.09.2018","116,53","116,26","116,65","116,02","17,02K","-0,10%"
"07.09.2018","116,65","116,94","117,00","116,29","33,28K","-0,14%"
"06.09.2018","116,81","116,58","117,45","116,57","23,52K","0,26%"
"05.09.2018","116,51","116,29","116,65","116,10","99,57K","0,44%"
"04.09.2018","116,00","116,35","116,50","115,89","513,32K","-0,83%"
"03.09.2018","116,97","116,71","117,18","116,71","6,36K","0,00%"
"31.08.2018","116,97","117,27","117,63","116,94","20,18K","0,15%"
"30.08.2018","116,80","117,11","117,42","116,56","30,27K","-0,31%"
"29.08.2018","117,16","117,23","117,46","117,02","12,75K","-0,51%"
"28.08.2018","117,76","117,97","118,27","117,56","17,10K","0,20%"
"24.08.2018","117,52","116,11","117,60","115,66","37,87K","1,44%"
"23.08.2018","115,85","115,91","116,12","115,60","13,29K","-0,44%"
"22.08.2018","116,36","116,25","116,95","116,21","21,05K","0,50%"
"21.08.2018","115,78","116,35","116,36","115,66","13,02K","0,22%"
"20.08.2018","115,53","115,52","115,81","115,43","21,11K","0,53%"
"17.08.2018","114,92","114,75","114,87","114,45","69,33K","0,03%"
"16.08.2018","114,89","114,45","115,07","114,45","50,66K","0,06%"
"15.08.2018","114,82","115,76","115,80","114,86","8,23K","-1,52%"
"14.08.2018","116,59","116,31","116,69","116,27","15,93K","0,09%"
"13.08.2018","116,48","117,65","117,65","116,38","34,88K","-1,48%"
"10.08.2018","118,23","117,66","118,51","117,56","199,39K","-0,02%"
"09.08.2018","118,25","118,22","118,43","117,92","12,95K","0,37%"
"08.08.2018","117,81","118,21","118,35","117,49","10,32K","-0,14%"
"07.08.2018","117,98","118,11","118,39","117,85","23,39K","0,03%"
"06.08.2018","117,94","118,21","118,21","117,62","31,07K","-0,69%"
"03.08.2018","118,76","117,45","118,72","117,37","191,62K","0,44%"
"02.08.2018","118,24","118,61","118,70","118,23","37,32K","-0,36%"
"01.08.2018","118,67","118,95","119,25","118,54","27,35K","-0,39%"
"31.07.2018","119,14","119,04","119,37","118,25","84,04K","-0,11%"
"30.07.2018","119,27","118,90","119,35","118,76","19,78K","-0,01%"
"27.07.2018","119,28","119,10","119,34","118,63","13,25K","-0,23%"
"26.07.2018","119,56","119,59","119,80","119,42","26,11K","-0,11%"
"25.07.2018","119,69","119,57","120,13","119,38","32,63K","0,24%"
"24.07.2018","119,40","118,79","119,72","118,79","10,15K","0,12%"
"23.07.2018","119,26","119,77","120,00","119,26","13,94K","-0,35%"
"20.07.2018","119,68","119,23","119,91","119,12","100,02K","0,99%"
"19.07.2018","118,51","118,97","118,99","118,00","98,76K","-0,76%"
"18.07.2018","119,42","119,27","119,55","118,95","172,60K","-0,21%"
"17.07.2018","119,67","121,06","121,26","119,44","73,62K","-0,85%"
"16.07.2018","120,70","121,12","121,27","120,67","39,73K","-0,27%"
"13.07.2018","121,03","121,16","121,24","120,48","60,72K","-0,44%"
"12.07.2018","121,56","121,19","121,52","121,03","30,89K","0,12%"
"11.07.2018","121,42","121,96","122,09","121,39","78,72K","-0,68%"
"10.07.2018","122,25","122,43","122,48","121,52","22,39K","-0,51%"
"09.07.2018","122,88","122,76","123,26","122,72","19,83K","0,54%"
"06.07.2018","122,22","122,36","122,45","122,16","8,87K","-0,32%"
"05.07.2018","122,61","122,33","122,62","121,90","11,62K","0,16%"
"04.07.2018","122,41","122,79","122,88","122,19","14,09K","0,04%"
"03.07.2018","122,36","121,06","122,34","121,03","31,44K","0,91%"
"02.07.2018","121,26","121,63","121,78","121,41","18,00K","-0,53%"
"29.06.2018","121,91","121,88","122,05","121,65","44,65K","0,04%"
"28.06.2018","121,86","121,89","122,15","121,68","26,00K","-0,21%"
"27.06.2018","122,12","122,49","122,76","121,97","380,15K","-0,58%"
"26.06.2018","122,83","123,08","123,08","122,31","53,97K","-0,49%"
"25.06.2018","123,44","123,29","123,78","123,29","114,14K","-0,17%"
"22.06.2018","123,65","123,77","123,79","123,47","94,34K","0,12%"
"21.06.2018","123,50","122,98","123,61","122,96","46,28K","-0,48%"
"20.06.2018","124,10","124,08","124,25","123,84","56,78K","-0,10%"
"19.06.2018","124,22","124,29","124,88","123,84","201,80K","-0,33%"
"18.06.2018","124,63","124,66","124,93","124,56","168,91K","-0,10%"
"15.06.2018","124,75","126,46","126,73","124,62","224,38K","-1,96%"
"14.06.2018","127,24","127,02","127,51","126,85","120,40K","0,59%"
"13.06.2018","126,49","126,15","126,49","125,91","75,78K","-0,03%"
"12.06.2018","126,53","126,47","126,65","125,99","69,10K","-0,21%"
"11.06.2018","126,80","126,34","126,88","126,14","163,66K","0,28%"
"08.06.2018","126,45","126,17","126,70","126,17","64,53K","-0,04%"
"07.06.2018","126,50","126,52","126,84","126,19","167,64K","-0,09%"
"06.06.2018","126,61","126,40","126,82","126,12","63,53K","0,29%"
"05.06.2018","126,25","125,91","126,23","125,73","26,57K","0,16%"
"04.06.2018","126,05","125,84","126,47","125,75","25,24K","-0,34%"
"01.06.2018","126,48","126,63","126,67","125,77","61,29K","-0,35%"
"31.05.2018","126,92","127,18","127,29","126,72","75,28K","0,11%"
"30.05.2018","126,78","126,43","126,94","126,29","38,25K","-0,09%"
"29.05.2018","126,89","126,34","127,29","126,05","101,20K","-0,11%"
"25.05.2018","127,03","127,03","127,36","126,98","17,70K","-0,13%"
"24.05.2018","127,20","126,32","127,33","126,26","97,03K","0,93%"
"23.05.2018","126,03","125,68","126,44","125,56","105,17K","0,14%"
"22.05.2018","125,86","125,38","126,20","125,38","64,32K","0,18%"
"21.05.2018","125,63","125,02","125,68","124,96","103,43K","-0,21%"
"18.05.2018","125,90","125,74","125,96","125,37","20,55K","0,21%"
"17.05.2018","125,64","125,62","125,92","125,29","28,34K","0,04%"
"16.05.2018","125,59","126,15","126,33","125,46","44,63K","-0,48%"
"15.05.2018","126,19","127,80","127,89","125,94","40,84K","-1,83%"
"14.05.2018","128,54","128,55","128,76","128,48","6,55K","-0,16%"
"11.05.2018","128,74","128,60","129,12","128,60","11,90K","0,19%"
"10.05.2018","128,50","127,96","128,86","127,78","39,29K","0,34%"
"09.05.2018","128,06","127,43","128,32","127,12","179,17K","0,45%"
"08.05.2018","127,49","127,92","128,01","127,32","61,92K","-0,18%"
"04.05.2018","127,72","127,66","128,13","127,49","22,04K","-0,28%"
"03.05.2018","128,08","127,44","128,43","127,41","33,07K","0,59%"
"02.05.2018","127,33","127,57","127,85","127,18","57,70K","0,13%"
"01.05.2018","127,17","127,81","127,81","126,93","21,02K","-0,67%"
"30.04.2018","128,03","128,42","128,42","127,80","27,85K","-0,62%"
"27.04.2018","128,83","128,26","129,03","128,19","51,31K","0,35%"
"26.04.2018","128,38","129,07","129,25","128,33","79,24K","-0,29%"
"25.04.2018","128,75","129,06","129,16","128,55","37,93K","-0,60%"
"24.04.2018","129,53","129,05","129,67","129,05","74,82K","0,39%"
"23.04.2018","129,03","129,68","130,05","128,93","122,80K","-1,13%"
"20.04.2018","130,51","130,90","131,01","130,17","33,10K","-0,38%"
"19.04.2018","131,01","131,86","132,04","130,98","81,51K","-0,53%"
"18.04.2018","131,71","131,03","132,15","130,98","61,93K","0,54%"
"17.04.2018","131,00","131,43","131,43","130,40","52,32K","-0,33%"
"16.04.2018","131,43","130,89","131,61","130,79","43,60K","0,21%"
"13.04.2018","131,15","130,29","131,20","130,08","49,28K","0,66%"
"12.04.2018","130,29","131,64","131,76","130,24","56,54K","-1,93%"
"11.04.2018","132,85","131,01","132,93","130,92","260,20K","1,95%"
"10.04.2018","130,31","129,96","130,69","129,96","21,65K","0,25%"
"09.04.2018","129,99","129,59","130,05","129,37","27,37K","0,10%"
"06.04.2018","129,86","129,10","130,14","128,87","44,28K","0,60%"
"05.04.2018","129,09","129,23","129,67","129,02","24,29K","-0,84%"
"04.04.2018","130,19","130,04","131,56","130,04","193,48K","0,33%"
"03.04.2018","129,76","130,64","130,82","129,70","18,61K","0,68%"
"29.03.2018","128,88","128,93","129,24","128,88","11,64K","-0,54%"
"28.03.2018","129,58","130,61","130,89","129,58","28,56K","-1,01%"
"27.03.2018","130,90","131,99","132,11","130,78","49,60K","-0,94%"
"26.03.2018","132,14","131,06","132,17","131,06","67,58K","0,50%"
"23.03.2018","131,48","130,59","131,62","130,58","38,51K","1,63%"
"22.03.2018","129,37","129,98","130,00","129,37","18,03K","0,24%"
"21.03.2018","129,06","128,39","129,30","128,23","35,29K","1,01%"
"20.03.2018","127,77","128,16","128,20","127,48","12,72K","-0,56%"
"19.03.2018","128,49","127,79","128,52","127,61","4,99K","0,33%"
"16.03.2018","128,07","128,45","128,85","127,78","30,83K","-0,29%"
"15.03.2018","128,44","129,09","129,14","128,36","19,18K","-0,54%"
"14.03.2018","129,14","129,08","129,38","129,01","49,81K","-0,08%"
"13.03.2018","129,24","128,40","129,39","128,40","208,69K","0,55%"
"12.03.2018","128,53","128,83","128,93","128,30","4,55K","-0,29%"
"09.03.2018","128,91","128,50","129,00","128,16","41,67K","0,05%"
"08.03.2018","128,84","129,44","129,55","128,64","37,40K","-0,17%"
"07.03.2018","129,06","129,77","130,00","129,00","23,27K","-1,03%"
"06.03.2018","130,40","128,76","130,50","128,76","75,54K","1,19%"
"05.03.2018","128,87","129,34","129,34","128,70","68,49K","0,11%"
"02.03.2018","128,73","128,53","129,18","128,35","26,28K","0,99%"
"01.03.2018","127,47","128,04","128,04","127,21","74,24K","-0,88%"
"28.02.2018","128,60","128,47","128,90","128,45","38,72K","0,06%"
"27.02.2018","128,52","129,98","130,15","128,50","6,09K","-1,08%"
"26.02.2018","129,92","130,69","130,69","129,89","8,99K","0,29%"
"23.02.2018","129,54","129,42","129,77","129,42","21,35K","-0,03%"
"22.02.2018","129,58","128,84","129,77","128,84","26,18K","0,03%"
"21.02.2018","129,54","129,36","129,81","129,35","13,47K","-0,27%"
"20.02.2018","129,89","130,45","130,95","129,89","9,94K","-1,15%"
"19.02.2018","131,40","131,57","131,57","131,26","27,25K","-0,58%"
"16.02.2018","132,16","132,51","132,72","131,44","20,33K","0,21%"
"15.02.2018","131,88","132,00","132,30","131,60","40,12K","0,38%"
"14.02.2018","131,38","129,80","131,51","129,01","260,74K","1,42%"
"13.02.2018","129,54","129,37","129,79","129,04","76,42K","0,27%"
"12.02.2018","129,19","128,81","129,25","128,42","27,38K","0,74%"
"09.02.2018","128,24","128,40","128,47","127,93","31,08K","-0,09%"
"08.02.2018","128,35","127,91","128,49","127,64","50,57K","-0,36%"
"07.02.2018","128,81","129,66","129,75","128,87","41,65K","-0,74%"
"06.02.2018","129,77","130,94","131,10","129,43","63,32K","-0,38%"
"05.02.2018","130,26","129,98","130,55","129,98","76,03K","0,51%"
"02.02.2018","129,60","131,43","131,54","129,46","108,33K","-1,00%"
"01.02.2018","130,91","130,63","131,12","130,47","29,81K","0,09%"
"31.01.2018","130,79","130,88","131,13","130,79","96,49K","0,03%"
"30.01.2018","130,75","130,29","131,55","130,26","216,72K","0,12%"
"29.01.2018","130,59","131,43","131,52","130,83","92,00K","-1,08%"
"26.01.2018","132,02","132,16","132,32","131,55","410,43K","-0,49%"
"25.01.2018","132,67","132,65","132,69","132,06","86,16K","0,48%"
"24.01.2018","132,03","130,94","132,20","130,94","26,03K","1,20%"
"23.01.2018","130,47","130,36","130,53","129,92","114,32K","0,25%"
"22.01.2018","130,15","129,76","130,26","129,76","26,76K","0,02%"
"19.01.2018","130,12","130,23","130,51","130,02","83,74K","0,16%"
"18.01.2018","129,91","129,46","129,97","129,46","62,16K","-0,16%"
"17.01.2018","130,12","130,22","130,57","130,12","47,71K","-0,02%"
"16.01.2018","130,14","130,59","130,67","129,95","152,82K","-0,52%"
"15.01.2018","130,82","130,94","131,06","130,77","115,69K","0,73%"
"12.01.2018","129,87","129,58","130,00","129,00","33,43K","0,72%"
"11.01.2018","128,94","128,49","129,08","128,49","125,86K","0,25%"
"10.01.2018","128,62","127,88","129,47","127,88","146,89K","0,52%"
"09.01.2018","127,95","128,46","128,54","127,73","22,52K","-0,44%"
"08.01.2018","128,51","128,32","128,83","128,32","80,55K","-0,18%"
"05.01.2018","128,74","128,57","128,95","128,20","160,04K","0,02%"
"04.01.2018","128,71","127,92","128,74","127,92","116,24K","0,25%"
"03.01.2018","128,39","128,08","128,58","128,08","66,18K","0,26%"
"02.01.2018","128,06","127,74","128,21","127,69","129,43K","1,23%"
"29.12.2017","126,50","126,46","126,62","120,74","76,68K","0,15%"
"28.12.2017","126,31","126,01","126,35","125,85","58,78K","0,62%"
"27.12.2017","125,53","125,28","125,56","125,18","53,29K","1,39%"
"22.12.2017","123,81","123,67","123,83","123,67","70,93K","0,19%"
"21.12.2017","123,57","123,39","123,59","123,29","43,58K","0,11%"
"20.12.2017","123,44","123,20","123,54","123,20","32,73K","0,38%"
"19.12.2017","122,97","123,26","123,40","122,97","111,06K","-0,25%"
"18.12.2017","123,28","122,60","123,28","122,60","60,99K","0,75%"
"15.12.2017","122,36","122,60","123,10","122,34","505,65K","0,02%"
"14.12.2017","122,33","122,50","122,77","122,06","70,97K","0,67%"
"13.12.2017","121,52","121,16","121,84","120,99","294,80K","0,63%"
"12.12.2017","120,76","121,38","121,47","120,74","287,14K","-0,67%"
"11.12.2017","121,58","121,92","122,12","121,58","19,23K","-0,18%"
"08.12.2017","121,80","121,89","122,05","121,28","50,14K","-0,45%"
"07.12.2017","122,35","122,90","124,56","122,26","227,31K","-0,75%"
"06.12.2017","123,28","123,69","123,80","123,21","28,54K","-0,05%"
"05.12.2017","123,34","124,40","124,55","123,24","158,64K","-0,78%"
"04.12.2017","124,31","124,29","124,62","124,07","112,03K","-1,17%"
"01.12.2017","125,78","124,43","125,70","124,14","69,74K","0,85%"
"30.11.2017","124,72","125,13","125,90","124,55","661,91K","-0,50%"
"29.11.2017","125,35","126,45","126,48","125,23","47,04K","-0,76%"
"28.11.2017","126,31","126,08","126,52","126,06","17,79K","-0,22%"
"27.11.2017","126,59","125,95","126,76","125,95","87,22K","0,73%"
"24.11.2017","125,67","125,90","126,05","125,50","16,44K","-0,28%"
"23.11.2017","126,02","125,80","126,18","125,71","14,26K","-0,01%"
"22.11.2017","126,03","125,26","125,90","125,19","23,75K","0,66%"
"21.11.2017","125,20","124,91","125,20","124,61","39,40K","-0,16%"
"20.11.2017","125,40","125,93","126,13","125,41","499,76K","-0,25%"
"17.11.2017","125,72","125,13","125,77","125,06","72,43K","0,68%"
"16.11.2017","124,87","124,51","125,01","124,31","10,42K","0,10%"
"15.11.2017","124,75","125,16","125,82","124,75","28,03K","-0,15%"
"14.11.2017","124,94","124,52","124,96","124,07","38,87K","0,10%"
"13.11.2017","124,81","124,60","124,88","124,54","16,32K","0,16%"
"10.11.2017","124,61","125,27","125,44","124,35","28,15K","-0,61%"
"09.11.2017","125,38","125,35","125,73","125,16","85,87K","-0,16%"
"08.11.2017","125,58","124,70","125,63","124,70","58,98K","1,01%"
"07.11.2017","124,33","124,80","124,92","124,32","23,98K","-0,26%"
"06.11.2017","124,65","123,81","124,65","123,81","40,20K","0,74%"
"03.11.2017","123,73","124,45","124,77","123,57","37,78K","-0,67%"
"02.11.2017","124,56","124,54","125,28","124,32","17,23K","-0,06%"
"01.11.2017","124,64","124,54","124,89","124,20","78,94K","0,59%"
"31.10.2017","123,91","124,61","124,61","123,83","11,55K","-0,63%"
"30.10.2017","124,69","123,89","124,69","123,89","11,89K","0,53%"
"27.10.2017","124,03","123,59","124,23","123,42","17,77K","-0,13%"
"26.10.2017","124,19","124,88","124,95","124,21","104,69K","-0,35%"
"25.10.2017","124,62","124,27","124,75","124,11","34,23K","0,06%"
"24.10.2017","124,55","124,97","124,97","124,13","25,98K","0,17%"
"23.10.2017","124,34","124,48","124,54","124,25","268,70K","-0,62%"
"20.10.2017","125,12","125,43","125,43","124,92","23,23K","-0,58%"
"19.10.2017","125,85","125,02","125,88","124,97","41,72K","0,71%"
"18.10.2017","124,96","125,23","125,30","124,74","272,23K","-0,30%"
"17.10.2017","125,34","125,86","125,97","125,18","55,13K","-1,56%"
"16.10.2017","127,33","127,20","127,50","127,18","67,99K","0,33%"
"13.10.2017","126,91","126,60","127,14","126,13","326,48K","0,55%"
"12.10.2017","126,22","126,42","126,66","125,93","167,72K","0,36%"
"11.10.2017","125,77","125,77","126,05","125,68","237,14K","-0,26%"
"10.10.2017","126,10","125,59","126,34","125,58","48,75K","0,82%"
"09.10.2017","125,08","125,06","125,27","124,93","43,36K","0,72%"
"06.10.2017","124,18","123,79","124,28","123,10","30,56K","-0,16%"
"05.10.2017","124,38","124,42","124,86","124,26","33,67K","0,04%"
"04.10.2017","124,33","124,46","125,14","124,22","84,66K","-0,02%"
"03.10.2017","124,36","124,11","124,46","123,93","54,04K","0,00%"
"02.10.2017","124,36","124,38","124,66","124,13","48,13K","-0,85%"
"29.09.2017","125,42","125,59","125,93","125,34","119,89K","-0,05%"
"28.09.2017","125,48","124,94","125,50","124,90","37,75K","-0,06%"
"27.09.2017","125,56","126,07","126,27","125,25","31,88K","-1,19%"
"26.09.2017","127,07","127,83","127,83","126,79","147,69K","-0,16%"
"25.09.2017","127,28","126,06","127,40","126,06","19,55K","0,64%"
"22.09.2017","126,47","126,63","126,70","126,30","54,74K","0,25%"
"21.09.2017","126,16","126,40","126,67","125,78","75,71K","-1,49%"
"20.09.2017","128,07","128,05","128,50","128,00","573,74K","0,27%"
"19.09.2017","127,73","127,59","127,94","127,59","49,06K","0,05%"
"18.09.2017","127,67","128,34","128,54","127,71","41,57K","-1,10%"
"15.09.2017","129,09","129,91","129,91","128,89","72,57K","-0,23%"
"14.09.2017","129,39","129,15","129,53","128,53","63,08K","0,26%"
"13.09.2017","129,05","129,97","130,29","129,03","21,48K","-0,39%"
"12.09.2017","129,56","129,64","129,74","129,24","52,75K","-0,54%"
"11.09.2017","130,26","130,52","130,76","130,04","47,05K","-0,92%"
"08.09.2017","131,47","132,17","132,34","131,27","342,58K","-0,08%"
"07.09.2017","131,57","130,38","131,77","130,38","114,70K","0,53%"
"06.09.2017","130,88","130,78","130,98","130,55","86,72K","0,25%"
"05.09.2017","130,56","130,34","130,65","129,64","330,88K","0,13%"
"04.09.2017","130,39","130,72","130,73","130,14","76,99K","0,89%"
"01.09.2017","129,24","128,30","129,74","128,30","78,84K","0,43%"
"31.08.2017","128,69","127,36","128,69","127,36","380,67K","0,73%"
"30.08.2017","127,76","127,76","128,08","127,51","77,14K","-0,72%"
"29.08.2017","128,69","128,59","129,49","128,59","180,87K","2,00%"
"25.08.2017","126,17","125,74","126,50","124,73","47,09K","0,32%"
"24.08.2017","125,77","125,67","125,93","125,49","34,89K","-0,02%"
"23.08.2017","125,80","125,57","126,09","125,49","16,90K","0,06%"
"22.08.2017","125,73","125,43","126,07","125,39","123,59K","-0,24%"
"21.08.2017","126,03","125,81","126,27","125,68","11,95K","0,02%"
"18.08.2017","126,01","126,10","127,00","125,94","138,41K","0,41%"
"17.08.2017","125,50","125,86","125,87","125,15","24,90K","0,90%"
"16.08.2017","124,38","123,97","124,38","123,92","39,56K","0,12%"
"15.08.2017","124,23","124,58","124,58","124,04","6,53K","-0,90%"
"14.08.2017","125,36","125,71","125,71","124,93","157,37K","-0,29%"
"11.08.2017","125,73","125,48","126,08","125,16","26,15K","0,12%"
"10.08.2017","125,58","124,87","125,75","124,80","45,80K","0,91%"
"09.08.2017","124,45","123,63","124,55","123,63","46,31K","1,64%"
"08.08.2017","122,44","122,98","123,58","122,38","42,55K","-0,39%"
"07.08.2017","122,92","122,78","122,94","122,68","15,51K","0,16%"
"04.08.2017","122,72","123,95","124,02","122,57","39,01K","-0,98%"
"03.08.2017","123,93","123,25","123,99","123,13","23,50K","-0,26%"
"02.08.2017","124,25","123,84","124,25","123,45","16,39K","-0,05%"
"01.08.2017","124,31","123,85","124,34","123,53","34,84K","0,33%"
"31.07.2017","123,90","123,80","123,95","123,62","38,01K","-0,12%"
"28.07.2017","124,05","122,96","124,07","122,92","24,00K","0,94%"
"27.07.2017","122,90","123,33","123,46","122,76","96,18K","0,80%"
"26.07.2017","121,93","121,63","122,04","121,63","21,06K","-0,20%"
"25.07.2017","122,17","122,75","122,80","122,03","81,69K","-0,46%"
"24.07.2017","122,73","122,32","122,94","122,32","30,14K","0,43%"
"21.07.2017","122,21","121,82","122,28","121,82","164,77K","0,35%"
"20.07.2017","121,78","121,08","121,83","120,66","31,66K","0,45%"
"19.07.2017","121,24","121,14","121,46","120,75","13,58K","-0,07%"
"18.07.2017","121,33","120,85","121,39","120,71","75,86K","0,61%"
"17.07.2017","120,60","120,14","120,70","120,14","466,11K","0,46%"
"14.07.2017","120,05","118,95","120,35","118,91","51,50K","0,93%"
"13.07.2017","118,94","119,51","119,51","118,89","12,84K","-0,32%"
"12.07.2017","119,32","118,96","119,69","118,57","162,03K","0,54%"
"11.07.2017","118,68","118,36","118,83","118,04","184,65K","0,00%"
"10.07.2017","118,68","117,93","118,74","117,79","1,57M","0,38%"
"07.07.2017","118,23","119,38","119,77","118,50","31,78K","-1,13%"
"06.07.2017","119,58","119,66","119,83","119,27","20,17K","0,06%"
"05.07.2017","119,51","119,69","119,80","118,94","34,16K","0,01%"
"04.07.2017","119,50","119,67","119,73","119,46","23,25K","0,13%"
"03.07.2017","119,34","120,75","120,75","119,36","26,46K","-1,74%"
"30.06.2017","121,45","121,46","121,62","121,09","464,34K","-0,06%"
"29.06.2017","121,52","122,26","122,26","121,18","1,04M","-0,51%"
"28.06.2017","122,14","122,28","122,57","122,00","474,37K","0,28%"
"27.06.2017","121,80","122,18","122,36","121,80","940,75K","0,18%"
"26.06.2017","121,58","122,60","122,60","120,89","128,40K","-0,98%"
"23.06.2017","122,78","122,44","122,98","122,42","29,41K","0,49%"
"22.06.2017","122,18","122,39","122,51","122,08","20,81K","0,40%"
"21.06.2017","121,69","121,61","121,88","121,33","155,50K","0,16%"
"20.06.2017","121,49","121,78","121,93","121,40","45,36K","-0,40%"
"19.06.2017","121,98","122,31","122,40","121,95","9,89K","-0,55%"
"16.06.2017","122,65","122,54","122,80","122,50","64,83K","0,09%"
"15.06.2017","122,54","123,20","123,32","122,37","89,78K","-1,74%"
"14.06.2017","124,71","123,91","125,00","123,63","40,42K","1,00%"
"13.06.2017","123,48","123,63","123,67","123,04","68,02K","-0,13%"
"12.06.2017","123,64","123,74","124,10","123,49","119,26K","-0,15%"
"09.06.2017","123,82","124,40","124,61","123,61","66,04K","-0,61%"
"08.06.2017","124,58","125,75","125,81","124,21","104,44K","-1,38%"
"07.06.2017","126,32","126,35","126,47","125,91","81,59K","-0,18%"
"06.06.2017","126,55","125,90","126,59","125,87","163,84K","1,16%"
"05.06.2017","125,10","125,13","125,24","125,09","18,74K","0,12%"
"02.06.2017","124,95","123,15","124,78","123,15","141,95K","1,07%"
"01.06.2017","123,63","123,80","123,94","123,34","326,13K","-0,19%"
"31.05.2017","123,87","123,38","123,92","123,36","141,18K","0,30%"
"30.05.2017","123,50","123,94","123,96","123,13","96,19K","-0,31%"
"26.05.2017","123,89","123,29","123,95","123,29","105,24K","0,91%"
"25.05.2017","122,77","123,06","123,06","122,59","6,86K","0,29%"
"24.05.2017","122,42","122,13","122,58","122,11","10,50K","-0,54%"
"23.05.2017","123,08","123,21","123,43","123,06","58,96K","-0,07%"
"22.05.2017","123,17","122,56","123,17","122,51","58,07K","0,53%"
"19.05.2017","122,52","122,19","122,66","122,18","29,49K","0,00%"
"18.05.2017","122,52","122,72","123,63","122,18","109,97K","-0,24%"
"17.05.2017","122,81","121,50","123,17","121,45","132,17K","1,55%"
"16.05.2017","120,94","120,74","121,09","120,58","115,93K","0,35%"
"15.05.2017","120,52","120,39","120,91","120,14","44,22K","0,30%"
"12.05.2017","120,16","119,95","120,32","119,94","102,31K","0,47%"
"11.05.2017","119,60","119,43","119,97","119,25","112,34K","0,23%"
"10.05.2017","119,32","119,42","119,77","119,36","14,79K","0,23%"
"09.05.2017","119,05","120,00","120,00","118,89","36,86K","-0,86%"
"08.05.2017","120,08","120,23","120,79","119,98","23,12K","-0,05%"
"05.05.2017","120,14","120,46","120,80","119,91","110,72K","0,01%"
"04.05.2017","120,13","120,80","120,87","119,79","239,65K","-1,55%"
"03.05.2017","122,02","122,70","122,70","121,73","31,63K","-0,53%"
"02.05.2017","122,67","122,85","122,85","122,43","200,40K","-1,04%"
"28.04.2017","123,96","123,73","123,96","123,60","60,62K","0,23%"
"27.04.2017","123,67","123,52","123,83","123,28","393,33K","0,10%"
"26.04.2017","123,55","123,53","123,80","123,31","50,68K","-0,32%"
"25.04.2017","123,95","124,39","124,39","123,72","198,58K","-0,54%"
"24.04.2017","124,62","124,34","124,65","123,86","105,51K","-0,72%"
"21.04.2017","125,52","125,06","125,85","125,05","213,41K","0,18%"
"20.04.2017","125,30","125,20","125,48","124,80","62,05K","0,14%"
"19.04.2017","125,13","125,57","125,66","124,55","84,35K","-0,83%"
"18.04.2017","126,18","125,41","126,18","125,14","230,77K","0,49%"
"13.04.2017","125,57","125,52","125,98","125,34","234,65K","0,71%"
"12.04.2017","124,68","124,67","125,32","124,41","265,28K","0,23%"
"11.04.2017","124,39","122,95","124,52","122,81","49,04K","1,54%"
"10.04.2017","122,50","122,64","122,64","121,93","34,19K","-0,99%"
"07.04.2017","123,72","123,53","124,16","123,44","216,24K","1,14%"
"06.04.2017","122,32","122,53","122,67","122,28","153,73K","0,19%"
"05.04.2017","122,09","122,82","122,89","121,60","192,98K","-0,59%"
"04.04.2017","122,82","122,90","123,27","122,73","44,31K","0,26%"
"03.04.2017","122,50","121,94","122,52","121,72","214,35K","0,57%"
"31.03.2017","121,81","121,50","121,93","121,40","75,51K","-0,27%"
"30.03.2017","122,14","122,29","122,32","121,69","24,49K","-0,31%"
"29.03.2017","122,52","122,25","122,60","122,19","36,55K","-0,32%"
"28.03.2017","122,91","122,37","123,00","122,37","307,71K","0,35%"
"27.03.2017","122,48","123,06","123,28","122,51","46,74K","0,28%"
"24.03.2017","122,14","121,66","122,14","121,37","121,50K","0,44%"
"23.03.2017","121,61","121,90","122,54","121,57","113,83K","-0,49%"
"22.03.2017","122,21","121,96","122,26","121,73","95,12K","0,49%"
"21.03.2017","121,61","120,16","121,69","120,16","252,83K","0,81%"
"20.03.2017","120,63","120,62","120,66","120,35","26,64K","0,37%"
"17.03.2017","120,19","119,86","120,45","119,86","352,85K","-0,07%"
"16.03.2017","120,27","119,97","120,57","119,64","42,85K","2,45%"
"15.03.2017","117,39","117,76","117,76","117,14","46,13K","-0,42%"
"14.03.2017","117,89","117,48","118,05","117,44","120,36K","-0,08%"
"13.03.2017","117,99","118,30","118,31","117,67","236,16K","0,63%"
"10.03.2017","117,25","116,99","117,89","116,90","65,79K","-0,37%"
"09.03.2017","117,69","117,83","118,16","117,51","72,97K","-0,40%"
"08.03.2017","118,16","118,73","118,75","118,03","329,39K","-0,77%"
"07.03.2017","119,08","119,79","119,90","119,00","73,12K","-0,86%"
"06.03.2017","120,11","120,59","120,73","120,01","29,15K","0,38%"
"03.03.2017","119,66","120,06","120,37","119,65","47,57K","-1,17%"
"02.03.2017","121,08","121,87","121,87","120,81","595,18K","-0,49%"
"01.03.2017","121,68","121,79","122,00","120,98","257,69K","-1,01%"
"28.02.2017","122,92","122,56","123,03","122,30","48,12K","-0,49%"
"27.02.2017","123,52","122,84","123,59","122,62","49,52K","0,55%"
"24.02.2017","122,85","122,65","123,26","122,06","183,77K","0,67%"
"23.02.2017","122,03","120,90","122,17","120,90","74,92K","1,15%"
"22.02.2017","120,64","120,78","121,35","120,49","121,23K","-0,31%"
"21.02.2017","121,01","120,66","121,01","119,95","163,39K","-0,06%"
"20.02.2017","121,08","120,84","121,16","120,78","46,90K","-0,06%"
"17.02.2017","121,15","120,95","121,62","120,95","27,82K","-0,19%"
"16.02.2017","121,38","120,67","121,49","120,67","64,32K","0,97%"
"15.02.2017","120,21","119,83","120,14","119,05","295,77K","0,27%"
"14.02.2017","119,89","119,95","120,74","119,54","33,10K","0,23%"
"13.02.2017","119,61","120,45","120,53","119,30","139,34K","-0,87%"
"10.02.2017","120,66","119,51","120,47","119,51","13,84K","-0,01%"
"09.02.2017","120,67","121,29","121,61","120,45","26,80K","-0,63%"
"08.02.2017","121,43","120,58","121,69","120,54","69,83K","0,63%"
"07.02.2017","120,67","120,39","120,66","120,17","25,16K","0,42%"
"06.02.2017","120,17","119,60","120,28","119,52","13,83K","0,76%"
"03.02.2017","119,26","118,76","119,41","118,43","73,03K","0,16%"
"02.02.2017","119,07","118,75","119,87","118,75","151,34K","1,07%"
"01.02.2017","117,81","118,11","118,58","117,21","24,25K","-0,68%"
"31.01.2017","118,62","117,53","118,83","117,05","283,06K","1,27%"
"30.01.2017","117,13","116,52","117,28","116,26","125,33K","0,73%"
"27.01.2017","116,28","115,69","116,26","115,56","92,01K","0,25%"
"26.01.2017","115,99","117,00","117,21","115,89","106,10K","-1,03%"
"25.01.2017","117,20","117,78","118,00","116,85","299,26K","-1,18%"
"24.01.2017","118,60","118,69","119,05","118,53","103,17K","-0,34%"
"23.01.2017","119,00","118,75","118,96","118,42","115,59K","1,07%"
"20.01.2017","117,74","118,02","118,05","117,29","119,48K","0,18%"
"19.01.2017","117,53","117,35","118,01","117,02","58,07K","-1,01%"
"18.01.2017","118,73","118,47","119,04","118,47","98,99K","-0,08%"
"17.01.2017","118,83","118,50","119,19","118,49","85,63K","0,94%"
"16.01.2017","117,72","117,81","117,82","117,50","15,02K","0,86%"
"13.01.2017","116,72","117,05","117,45","116,36","60,06K","-0,75%"
"12.01.2017","117,60","117,39","118,01","117,39","460,44K","1,31%"
"11.01.2017","116,08","116,25","116,53","115,24","216,74K","-0,11%"
"10.01.2017","116,21","115,81","116,44","115,61","34,02K","0,47%"
"09.01.2017","115,67","114,89","115,67","114,89","74,58K","0,85%"
"06.01.2017","114,69","114,95","115,39","114,69","44,85K","-0,99%"
"05.01.2017","115,84","115,20","115,84","114,60","553,62K","1,76%"
"04.01.2017","113,84","113,61","114,24","113,61","52,85K","0,32%"
"03.01.2017","113,48","112,80","113,48","112,26","91,00K","0,06%"
"30.12.2016","113,41","113,33","113,56","113,32","5,81K","0,22%"
"29.12.2016","113,16","112,42","113,18","112,04","843,53K","1,49%"
"28.12.2016","111,50","111,75","111,81","111,28","67,09K","0,71%"
"23.12.2016","110,71","110,62","110,81","110,61","14,54K","0,02%"
"22.12.2016","110,69","110,56","110,90","110,32","59,07K","0,02%"
"21.12.2016","110,67","111,14","111,18","110,67","54,76K","0,36%"
"20.12.2016","110,27","111,05","111,05","110,21","81,02K","-1,24%"
"19.12.2016","111,66","111,60","111,78","111,26","47,19K","0,31%"
"16.12.2016","111,31","111,00","111,31","110,67","36,74K","1,03%"
"15.12.2016","110,18","111,39","111,41","110,06","260,22K","-3,26%"
"14.12.2016","113,89","113,72","114,05","113,53","169,14K","0,45%"
"13.12.2016","113,38","113,64","113,80","113,04","644,77K","-0,16%"
"12.12.2016","113,56","113,12","113,68","112,70","18,11K","-0,14%"
"09.12.2016","113,72","114,38","114,63","113,62","160,59K","-0,75%"
"08.12.2016","114,58","115,06","115,25","114,43","42,59K","-0,48%"
"07.12.2016","115,13","114,31","115,41","114,28","104,94K","0,43%"
"06.12.2016","114,64","114,79","114,91","114,48","39,41K","0,53%"
"05.12.2016","114,04","114,75","114,77","113,37","481,89K","-0,78%"
"02.12.2016","114,94","114,94","115,19","114,20","159,55K","0,36%"
"01.12.2016","114,53","114,71","114,72","113,61","220,90K","-0,10%"
"30.11.2016","114,65","116,33","116,38","114,60","762,84K","-1,19%"
"29.11.2016","116,03","116,58","116,59","115,61","38,99K","-0,45%"
"28.11.2016","116,56","116,75","117,14","115,82","211,23K","0,70%"
"25.11.2016","115,75","115,90","116,63","115,82","503,68K","-0,32%"
"24.11.2016","116,12","115,89","116,48","115,74","60,71K","-0,11%"
"23.11.2016","116,25","118,76","118,76","115,66","677,15K","-1,78%"
"22.11.2016","118,36","118,97","119,32","118,28","46,37K","-0,28%"
"21.11.2016","118,69","118,91","119,10","118,69","25,54K","0,44%"
"18.11.2016","118,17","118,07","118,99","117,90","680,61K","-1,60%"
"17.11.2016","120,09","120,22","120,44","119,66","81,22K","0,07%"
"16.11.2016","120,00","120,12","120,29","119,75","70,69K","0,14%"
"15.11.2016","119,83","119,95","120,52","119,37","342,18K","0,60%"
"14.11.2016","119,12","119,73","120,07","118,70","49,07K","-0,97%"
"11.11.2016","120,29","123,15","123,43","119,94","1,04M","-2,78%"
"10.11.2016","123,73","125,71","126,50","123,57","374,46K","-1,68%"
"09.11.2016","125,85","128,35","128,44","125,53","1,52M","0,58%"
"08.11.2016","125,12","125,70","126,22","125,10","263,51K","-0,28%"
"07.11.2016","125,47","126,10","126,19","125,33","101,06K","-1,68%"
"04.11.2016","127,62","127,13","127,89","126,95","109,09K","0,31%"
"03.11.2016","127,23","127,41","127,41","125,86","1,36M","-0,45%"
"02.11.2016","127,81","126,75","127,81","126,75","409,95K","1,15%"
"01.11.2016","126,36","125,28","126,37","125,15","105,04K","1,38%"
"31.10.2016","124,64","124,82","124,84","124,47","34,44K","0,43%"
"28.10.2016","124,11","124,15","124,70","123,59","53,38K","-0,07%"
"27.10.2016","124,20","124,10","124,56","124,00","118,29K","-0,02%"
"26.10.2016","124,22","124,76","124,90","124,02","51,19K","-0,29%"
"25.10.2016","124,58","123,95","124,60","123,95","58,48K","0,81%"
"24.10.2016","123,58","123,94","124,50","123,17","91,92K","-0,35%"
"21.10.2016","124,02","123,71","124,12","123,47","74,97K","0,07%"
"20.10.2016","123,93","124,36","124,66","123,83","150,74K","-0,46%"
"19.10.2016","124,50","123,52","124,64","123,48","139,26K","0,83%"
"18.10.2016","123,47","123,55","123,74","123,08","135,08K","0,44%"
"17.10.2016","122,93","122,83","123,07","122,49","48,41K","0,33%"
"14.10.2016","122,52","122,90","123,20","122,00","248,64K","-0,47%"
"13.10.2016","123,10","123,31","123,59","122,84","779,92K","0,39%"
"12.10.2016","122,62","122,99","123,17","122,53","292,63K","-0,55%"
"11.10.2016","123,30","123,45","123,48","122,69","257,11K","0,11%"
"10.10.2016","123,17","123,71","123,76","123,19","198,59K","1,07%"
"07.10.2016","121,87","122,66","123,88","121,87","324,58K","-0,76%"
"06.10.2016","122,80","123,93","124,14","122,50","277,30K","-1,09%"
"05.10.2016","124,15","124,47","124,98","124,03","227,78K","-1,12%"
"04.10.2016","125,55","128,13","128,25","125,45","517,48K","-2,26%"
"03.10.2016","128,45","128,80","129,05","128,36","54,20K","-0,69%"
"30.09.2016","129,34","129,55","130,08","129,07","613,86K","0,17%"
"29.09.2016","129,12","129,29","129,47","128,98","150,30K","-0,11%"
"28.09.2016","129,26","129,66","129,87","129,11","31,81K","-0,43%"
"27.09.2016","129,82","130,64","131,28","129,82","855,19K","-1,13%"
"26.09.2016","131,31","130,73","131,46","130,67","65,94K","0,18%"
"23.09.2016","131,08","130,69","131,28","130,69","110,48K","-0,14%"
"22.09.2016","131,26","130,63","131,27","130,45","165,20K","0,98%"
"21.09.2016","129,98","129,14","130,17","129,13","47,74K","0,87%"
"20.09.2016","128,86","128,98","128,98","128,48","169,86K","0,16%"
"19.09.2016","128,65","128,92","129,10","128,54","157,90K","0,26%"
"16.09.2016","128,31","128,72","128,86","127,98","124,69K","-0,66%"
"15.09.2016","129,16","129,25","129,78","128,27","408,85K","-0,39%"
"14.09.2016","129,67","129,40","129,85","129,32","22,37K","-0,07%"
"13.09.2016","129,76","130,12","130,32","129,58","73,82K","0,16%"
"12.09.2016","129,55","130,23","130,27","129,46","67,17K","-0,84%"
"09.09.2016","130,65","130,83","130,98","130,33","111,42K","-0,65%"
"08.09.2016","131,51","131,94","132,10","131,44","332,83K","-0,14%"
"07.09.2016","131,70","132,26","132,30","131,52","371,22K","0,39%"
"06.09.2016","131,19","130,01","131,42","130,01","98,53K","0,95%"
"05.09.2016","129,95","129,85","130,11","129,79","96,24K","0,55%"
"02.09.2016","129,24","128,33","130,17","127,50","200,85K","0,50%"
"01.09.2016","128,60","128,12","128,70","127,59","263,16K","0,44%"
"31.08.2016","128,04","128,50","128,82","127,88","144,65K","-0,69%"
"30.08.2016","128,93","129,34","129,43","128,93","58,13K","-1,06%"
"26.08.2016","130,31","129,67","131,38","129,41","132,85K","0,60%"
"25.08.2016","129,53","129,89","129,97","129,11","265,20K","-0,37%"
"24.08.2016","130,01","130,97","131,22","129,77","106,33K","-0,89%"
"23.08.2016","131,18","131,13","131,71","131,11","43,83K","0,06%"
"22.08.2016","131,10","130,58","131,16","130,56","104,12K","-0,32%"
"19.08.2016","131,52","132,09","132,09","131,07","84,34K","-0,55%"
"18.08.2016","132,25","132,38","132,61","131,84","295,00K","0,37%"
"17.08.2016","131,76","131,40","131,85","131,40","92,15K","-0,33%"
"16.08.2016","132,19","131,99","133,03","131,40","204,66K","0,58%"
"15.08.2016","131,43","131,29","131,50","130,92","72,02K","-0,81%"
"12.08.2016","132,50","131,23","132,86","130,79","276,08K","0,14%"
"11.08.2016","132,31","131,49","132,55","131,49","141,11K","0,36%"
"10.08.2016","131,84","132,54","132,86","131,53","112,37K","0,41%"
"09.08.2016","131,30","130,44","131,53","130,34","258,81K","0,32%"
"08.08.2016","130,88","130,68","131,05","130,33","219,30K","-0,17%"
"05.08.2016","131,10","133,66","133,66","131,00","272,94K","-1,88%"
"04.08.2016","133,61","132,31","133,73","132,31","610,70K","0,48%"
"03.08.2016","132,97","133,57","133,79","132,72","349,38K","-0,63%"
"02.08.2016","133,81","132,56","133,92","132,56","402,06K","1,12%"
"01.08.2016","132,33","132,05","132,42","131,91","40,46K","0,14%"
"29.07.2016","132,15","130,79","132,15","130,33","160,59K","0,93%"
"28.07.2016","130,93","131,24","131,76","130,73","377,56K","0,71%"
"27.07.2016","130,01","129,15","130,19","129,13","200,26K","0,51%"
"26.07.2016","129,35","129,19","129,66","129,19","121,02K","0,12%"
"25.07.2016","129,20","129,02","129,20","128,63","47,72K","-0,33%"
"22.07.2016","129,63","129,48","129,93","129,38","176,83K","-0,07%"
"21.07.2016","129,72","129,08","129,72","128,83","128,27K","0,43%"
"20.07.2016","129,17","130,17","130,17","128,66","108,86K","-1,00%"
"19.07.2016","130,48","130,24","130,77","130,09","35,32K","0,24%"
"18.07.2016","130,17","130,18","130,84","129,68","26,06K","-0,05%"
"15.07.2016","130,24","130,54","130,81","129,36","228,07K","-0,07%"
"14.07.2016","130,33","130,15","130,59","129,40","311,30K","-0,79%"
"13.07.2016","131,37","131,47","131,78","130,92","189,89K","0,20%"
"12.07.2016","131,11","132,82","132,97","131,04","421,07K","-1,49%"
"11.07.2016","133,09","133,48","133,48","132,45","135,53K","0,43%"
"08.07.2016","132,52","132,91","134,23","131,21","159,45K","-0,29%"
"07.07.2016","132,90","133,88","134,07","132,40","687,50K","-0,87%"
"06.07.2016","134,06","134,04","134,72","133,59","306,09K","1,41%"
"05.07.2016","132,19","131,77","132,47","131,66","134,70K","-0,20%"
"04.07.2016","132,45","132,33","132,64","132,00","178,57K","1,04%"
"01.07.2016","131,09","130,46","131,43","130,46","389,07K","1,32%"
"30.06.2016","129,38","128,87","129,56","128,67","262,00K","-0,23%"
"29.06.2016","129,68","129,55","130,10","129,00","347,33K","0,77%"
"28.06.2016","128,69","129,05","129,23","128,02","502,23K","-0,63%"
"27.06.2016","129,51","130,01","130,65","128,83","574,50K","0,31%"
"24.06.2016","129,11","142,53","143,00","128,09","1,37M","4,17%"
"23.06.2016","123,94","124,10","124,45","123,32","245,28K","-0,33%"
"22.06.2016","124,35","123,91","124,38","123,78","860,16K","-0,10%"
"21.06.2016","124,48","125,79","125,81","124,05","178,07K","-1,23%"
"20.06.2016","126,03","125,87","126,24","125,24","90,57K","-0,17%"
"17.06.2016","126,25","125,65","128,35","125,65","1,33M","-1,64%"
"16.06.2016","128,35","128,36","128,84","127,64","980,32K","1,98%"
"15.06.2016","125,86","126,01","126,08","125,27","408,92K","0,15%"
"14.06.2016","125,67","125,42","126,41","125,17","73,68K","-0,11%"
"13.06.2016","125,81","125,69","126,12","125,27","100,45K","1,10%"
"10.06.2016","124,44","123,95","125,18","123,95","95,40K","0,02%"
"09.06.2016","124,42","123,60","124,45","123,18","382,39K","0,56%"
"08.06.2016","123,73","122,56","123,89","122,56","102,66K","1,65%"
"07.06.2016","121,72","121,86","121,90","121,03","108,31K","-0,41%"
"06.06.2016","122,22","121,59","122,25","121,55","74,43K","0,52%"
"03.06.2016","121,59","118,71","121,90","118,64","396,22K","2,37%"
"02.06.2016","118,78","119,23","119,35","118,63","264,79K","0,10%"
"01.06.2016","118,66","119,15","119,58","118,50","108,03K","-0,24%"
"31.05.2016","118,95","118,86","119,19","118,44","210,81K","0,04%"
"27.05.2016","118,90","119,63","119,91","118,75","240,23K","-0,80%"
"26.05.2016","119,86","120,42","120,71","119,79","255,63K","-0,05%"
"25.05.2016","119,92","120,05","120,13","119,37","334,81K","-0,59%"
"24.05.2016","120,63","121,87","121,94","120,63","208,75K","-1,41%"
"23.05.2016","122,36","122,66","122,81","121,84","404,62K","-0,10%"
"20.05.2016","122,48","123,02","123,44","122,48","121,65K","-0,14%"
"19.05.2016","122,65","122,78","123,13","121,95","170,52K","-1,66%"
"18.05.2016","124,72","124,69","125,01","124,14","682,31K","-0,66%"
"17.05.2016","125,55","124,92","125,70","124,41","207,77K","0,46%"
"16.05.2016","124,97","125,68","126,25","124,88","130,19K","0,35%"
"13.05.2016","124,53","124,94","125,07","123,86","96,37K","0,11%"
"12.05.2016","124,39","124,66","125,51","124,07","103,66K","-0,28%"
"11.05.2016","124,74","124,84","125,37","124,58","98,90K","1,00%"
"10.05.2016","123,50","124,17","124,26","123,30","195,81K","-0,42%"
"09.05.2016","124,02","125,48","125,53","123,79","136,98K","-2,12%"
"06.05.2016","126,70","125,36","126,83","125,32","639,59K","1,22%"
"05.05.2016","125,17","125,28","126,00","124,95","170,20K","-0,35%"
"04.05.2016","125,61","125,50","126,44","125,06","205,67K","-0,40%"
"03.05.2016","126,11","127,49","127,58","125,73","199,07K","-0,55%"
"29.04.2016","126,81","124,53","127,13","124,53","1,49M","2,32%"
"28.04.2016","123,94","122,63","123,87","122,63","356,58K","1,25%"
"27.04.2016","122,41","122,26","122,64","121,73","106,93K","0,53%"
"26.04.2016","121,77","120,85","121,96","120,77","128,04K","0,16%"
"25.04.2016","121,57","120,98","121,79","120,58","72,57K","-0,09%"
"22.04.2016","121,68","121,71","122,66","121,39","309,59K","-0,88%"
"21.04.2016","122,76","123,00","124,52","122,25","1,16M","-0,15%"
"20.04.2016","122,95","122,32","123,13","122,15","58,88K","-0,07%"
"19.04.2016","123,03","121,87","123,24","121,69","122,39K","1,55%"
"18.04.2016","121,15","120,44","121,69","120,44","87,48K","0,45%"
"15.04.2016","120,61","120,53","120,85","120,30","102,82K","-0,03%"
"14.04.2016","120,65","121,00","121,93","120,62","171,82K","-1,17%"
"13.04.2016","122,08","122,36","122,60","121,59","803,63K","-0,84%"
"12.04.2016","123,11","123,46","123,73","122,77","139,58K","-0,24%"
"11.04.2016","123,41","122,56","123,43","121,55","240,88K","1,46%"
"08.04.2016","121,64","120,69","121,77","120,65","107,05K","0,12%"
"07.04.2016","121,50","120,37","121,88","120,23","170,92K","1,39%"
"06.04.2016","119,83","120,73","120,73","119,33","164,59K","-0,51%"
"05.04.2016","120,45","120,10","121,22","120,07","421,38K","0,87%"
"04.04.2016","119,41","119,25","119,82","119,14","88,90K","0,51%"
"01.04.2016","118,81","120,86","121,00","118,60","92,23K","-1,95%"
"31.03.2016","121,17","120,29","121,50","120,29","387,98K","0,80%"
"30.03.2016","120,21","121,11","122,00","120,21","865,06K","-0,02%"
"29.03.2016","120,24","119,43","120,50","119,21","1,56M","0,46%"
"24.03.2016","119,69","119,04","120,02","119,04","2,97M","-0,16%"
"23.03.2016","119,88","121,08","121,20","119,19","466,18K","-2,20%"
"22.03.2016","122,58","123,43","123,43","122,53","1,71M","0,37%"
"21.03.2016","122,13","121,76","122,47","121,73","73,82K","-0,51%"
"18.03.2016","122,75","123,38","123,51","122,41","35,31K","-0,96%"
"17.03.2016","123,94","124,17","124,57","123,82","158,38K","2,85%"
"16.03.2016","120,50","120,70","121,03","120,38","816,00K","-0,17%"
"15.03.2016","120,70","120,69","121,35","120,43","35,32K","-1,03%"
"14.03.2016","121,95","123,11","123,57","121,81","762,90K","-1,22%"
"11.03.2016","123,45","124,58","124,58","123,05","111,83K","-0,48%"
"10.03.2016","124,05","122,17","124,48","121,57","174,13K","0,76%"
"09.03.2016","123,12","123,46","123,59","122,02","937,51K","-1,08%"
"08.03.2016","124,46","124,81","125,29","123,89","150,67K","0,23%"
"07.03.2016","124,18","124,08","124,77","124,08","24,94K","-0,49%"
"04.03.2016","124,79","123,70","125,41","122,81","365,28K","1,20%"
"03.03.2016","123,31","121,86","123,32","121,57","139,56K","1,62%"
"02.03.2016","121,34","120,33","121,79","120,33","275,08K","0,38%"
"01.03.2016","120,88","121,59","122,36","120,41","38,70K","-0,17%"
"29.02.2016","121,08","120,66","121,15","120,31","69,07K","1,36%"
"26.02.2016","119,46","121,21","121,27","118,95","73,26K","-1,64%"
"25.02.2016","121,45","121,61","121,67","120,32","504,70K","-0,86%"
"24.02.2016","122,50","119,95","122,98","119,95","551,85K","1,89%"
"23.02.2016","120,23","119,54","120,36","119,19","226,00K","1,29%"
"22.02.2016","118,70","118,70","119,03","117,98","97,14K","-1,62%"
"19.02.2016","120,66","120,05","121,00","119,65","223,62K","1,02%"
"18.02.2016","119,44","117,89","119,55","117,89","973,15K","0,45%"
"17.02.2016","118,90","118,83","119,00","117,81","325,89K","-0,08%"
"16.02.2016","118,99","117,18","119,21","117,18","237,36K","0,66%"
"15.02.2016","118,21","118,95","119,12","118,09","420,32K","-2,39%"
"12.02.2016","121,10","121,83","121,96","121,06","1,89M","-1,45%"
"11.02.2016","122,88","118,50","122,86","118,50","4,14M","5,03%"
"10.02.2016","117,00","116,46","117,06","115,91","479,90K","-0,10%"
"09.02.2016","117,12","116,36","117,55","116,36","252,27K","-0,09%"
"08.02.2016","117,23","114,30","117,56","114,30","152,76K","3,40%"
"05.02.2016","113,38","113,32","113,80","112,45","142,87K","0,17%"
"04.02.2016","113,19","112,04","113,48","112,04","82,62K","1,30%"
"03.02.2016","111,74","110,34","111,91","110,34","1,38M","1,15%"
"02.02.2016","110,47","110,43","110,95","110,26","191,99K","0,05%"
"01.02.2016","110,41","110,12","110,75","109,90","147,81K","0,85%"
"29.01.2016","109,48","109,19","109,72","109,06","58,47K","0,03%"
"28.01.2016","109,45","109,73","110,03","109,12","63,95K","-0,09%"
"27.01.2016","109,55","109,60","109,91","109,40","149,98K","-0,14%"
"26.01.2016","109,70","109,45","109,67","108,98","64,40K","0,98%"
"25.01.2016","108,63","108,28","108,69","108,19","619,54K","0,69%"
"22.01.2016","107,89","107,52","108,19","107,41","166,26K","0,44%"
"21.01.2016","107,42","108,14","108,14","107,22","78,46K","-0,79%"
"20.01.2016","108,28","107,35","108,28","107,26","144,30K","1,62%"
"19.01.2016","106,55","106,94","107,39","106,22","39,75K","-0,34%"
"18.01.2016","106,91","106,90","107,11","106,79","2,63K","0,14%"
"15.01.2016","106,76","106,42","107,70","105,99","239,22K","0,53%"
"14.01.2016","106,20","106,83","107,27","106,13","101,56K","-0,54%"
"13.01.2016","106,78","106,24","107,08","105,97","29,58K","0,01%"
"12.01.2016","106,77","107,50","107,84","106,39","30,57K","-1,09%"
"11.01.2016","107,95","108,52","108,52","107,65","55,32K","-0,38%"
"08.01.2016","108,36","107,99","108,56","107,32","137,53K","-0,19%"
"07.01.2016","108,57","107,63","108,60","107,37","1,78M","1,41%"
"06.01.2016","107,06","106,12","107,24","106,12","1,11M","1,18%"
"05.01.2016","105,81","105,69","106,17","105,55","83,77K","0,27%"
"04.01.2016","105,53","105,11","106,33","105,11","24,00K","1,40%"
"31.12.2015","104,07","104,21","104,24","104,10","5,13K","-0,05%"
"30.12.2015","104,12","104,88","104,99","103,99","68,20K","-0,75%"
"29.12.2015","104,91","105,28","105,49","104,78","29,19K","-0,35%"
"24.12.2015","105,28","105,30","105,34","105,18","0,35K","0,33%"
"23.12.2015","104,93","105,37","105,37","104,86","4,08K","-0,67%"
"22.12.2015","105,64","105,75","106,03","105,46","46,75K","-0,25%"
"21.12.2015","105,91","104,93","105,94","104,70","17,93K","1,24%"
"18.12.2015","104,61","103,58","105,12","103,41","188,21K","1,26%"
"17.12.2015","103,31","104,66","104,83","102,84","242,77K","-2,14%"
"16.12.2015","105,57","104,51","105,69","104,35","64,47K","1,44%"
"15.12.2015","104,07","104,30","104,75","103,95","23,71K","-0,81%"
"14.12.2015","104,92","105,06","105,34","104,66","42,64K","-0,55%"
"11.12.2015","105,50","105,04","105,85","104,31","49,43K","0,21%"
"10.12.2015","105,28","105,31","105,52","104,99","92,46K","-0,03%"
"09.12.2015","105,31","105,73","106,51","104,99","178,40K","-0,15%"
"08.12.2015","105,47","105,36","105,71","104,81","25,22K","-0,12%"
"07.12.2015","105,60","106,47","106,47","105,46","24,95K","-1,07%"
"04.12.2015","106,74","103,99","106,84","103,99","53,20K","2,85%"
"03.12.2015","103,78","103,28","104,17","103,00","21,61K","0,17%"
"02.12.2015","103,60","104,82","104,84","103,57","35,99K","-0,97%"
"01.12.2015","104,61","105,02","105,25","104,50","34,80K","0,16%"
"30.11.2015","104,44","103,58","104,44","103,58","88,46K","0,61%"
"27.11.2015","103,81","104,91","104,91","103,54","16,23K","-1,30%"
"26.11.2015","105,18","105,14","105,30","105,07","12,25K","0,01%"
"25.11.2015","105,17","105,89","105,91","104,87","105,72K","-0,31%"
"24.11.2015","105,50","105,20","106,11","105,20","82,89K","0,57%"
"23.11.2015","104,90","105,17","105,37","104,70","43,11K","-0,94%"
"20.11.2015","105,90","106,06","106,80","105,88","16,61K","-0,44%"
"19.11.2015","106,37","105,56","106,27","105,01","10,40K","1,41%"
"18.11.2015","104,89","105,08","105,22","104,74","54,31K","-0,60%"
"17.11.2015","105,52","105,89","106,31","105,43","95,40K","-0,98%"
"16.11.2015","106,56","107,48","107,48","106,48","80,29K","0,29%"
"13.11.2015","106,25","106,29","106,77","106,07","69,09K","0,34%"
"12.11.2015","105,89","106,74","106,83","105,47","233,62K","-0,75%"
"11.11.2015","106,69","107,10","107,11","106,59","35,16K","-0,45%"
"10.11.2015","107,17","107,23","107,40","106,54","30,80K","0,11%"
"09.11.2015","107,05","107,36","107,52","106,83","33,78K","0,28%"
"06.11.2015","106,75","108,84","108,90","106,57","100,66K","-1,72%"
"05.11.2015","108,62","108,70","108,99","108,59","72,47K","-0,61%"
"04.11.2015","109,29","109,82","109,95","109,27","39,35K","-0,94%"
"03.11.2015","110,33","111,54","111,54","110,17","74,98K","-0,95%"
"02.11.2015","111,39","111,94","111,94","111,32","26,59K","-0,62%"
"30.10.2015","112,08","112,85","112,85","111,88","110,28K","-0,64%"
"29.10.2015","112,80","113,64","114,04","112,80","239,53K","-2,55%"
"28.10.2015","115,75","114,89","116,12","114,89","17,47K","1,09%"
"27.10.2015","114,50","114,48","114,67","114,11","6,38K","-0,03%"
"26.10.2015","114,53","114,39","114,70","114,39","211,85K","0,39%"
"23.10.2015","114,08","115,25","115,74","113,82","84,19K","-0,54%"
"22.10.2015","114,70","114,79","115,02","114,16","148,22K","0,17%"
"21.10.2015","114,50","115,41","115,67","114,30","86,05K","-0,75%"
"20.10.2015","115,36","115,07","115,94","115,01","18,10K","0,32%"
"19.10.2015","114,99","115,17","115,42","114,91","3,58K","-0,83%"
"16.10.2015","115,95","115,51","116,33","115,50","988,16K","-0,36%"
"15.10.2015","116,37","116,16","117,01","115,33","222,51K","0,62%"
"14.10.2015","115,65","115,16","115,70","114,34","69,85K","1,06%"
"13.10.2015","114,44","113,60","114,56","113,15","23,54K","0,32%"
"12.10.2015","114,07","114,38","114,77","113,99","101,79K","0,33%"
"09.10.2015","113,70","112,90","113,76","112,89","173,22K","1,19%"
"08.10.2015","112,36","112,25","112,48","111,67","251,37K","-0,22%"
"07.10.2015","112,61","113,09","113,26","112,24","71,66K","-0,11%"
"06.10.2015","112,73","111,93","113,01","111,64","31,40K","0,98%"
"05.10.2015","111,64","111,42","112,00","111,25","30,90K","-0,17%"
"02.10.2015","111,83","108,94","112,07","108,51","36,15K","2,05%"
"01.10.2015","109,58","109,23","109,79","109,18","288,68K","0,12%"
"30.09.2015","109,45","110,35","110,52","109,27","47,39K","-1,50%"
"29.09.2015","111,12","110,69","111,22","110,41","20,45K","-0,22%"
"28.09.2015","111,36","111,78","111,78","110,82","20,02K","-0,91%"
"25.09.2015","112,38","112,55","113,41","112,15","77,67K","-0,94%"
"24.09.2015","113,45","111,58","113,49","111,49","26,42K","2,08%"
"23.09.2015","111,14","110,71","111,29","110,51","11,86K","0,52%"
"22.09.2015","110,56","111,47","111,47","110,20","13,58K","-0,58%"
"21.09.2015","111,21","111,86","111,88","111,01","8,26K","-0,46%"
"18.09.2015","111,72","110,88","112,13","110,88","28,93K","1,71%"
"17.09.2015","109,84","110,00","110,00","109,67","84,15K","-0,36%"
"16.09.2015","110,24","108,62","110,25","108,62","19,57K","1,63%"
"15.09.2015","108,47","108,82","108,84","108,31","14,62K","-0,27%"
"14.09.2015","108,76","108,75","108,78","108,41","3,89K","0,44%"
"11.09.2015","108,28","108,98","108,98","108,03","96,28K","-0,84%"
"10.09.2015","109,20","108,77","109,39","108,68","202,87K","0,17%"
"09.09.2015","109,02","110,12","110,12","108,97","43,41K","-1,44%"
"08.09.2015","110,61","110,07","110,58","109,97","21,05K","0,68%"
"07.09.2015","109,86","110,28","110,28","109,66","9,36K","-0,17%"
"04.09.2015","110,05","110,51","111,25","109,78","24,25K","-0,39%"
"03.09.2015","110,48","111,24","111,31","110,24","142,52K","-0,74%"
"02.09.2015","111,30","112,09","112,11","111,33","249,74K","-0,60%"
"01.09.2015","111,97","112,25","112,69","111,83","75,22K","0,37%"
"28.08.2015","111,56","111,18","111,98","110,43","94,67K","0,72%"
"27.08.2015","110,76","110,73","110,77","109,95","139,52K","0,44%"
"26.08.2015","110,28","111,79","111,79","109,78","59,87K","-1,19%"
"25.08.2015","111,61","112,93","113,11","111,49","54,44K","-2,02%"
"24.08.2015","113,91","113,45","114,89","113,37","132,97K","0,11%"
"21.08.2015","113,78","113,85","113,85","113,01","80,67K","0,77%"
"20.08.2015","112,91","111,86","113,07","111,64","370,08K","1,77%"
"19.08.2015","110,95","110,21","110,95","109,96","90,02K","1,22%"
"18.08.2015","109,61","109,80","110,05","109,08","35,94K","-0,27%"
"17.08.2015","109,91","109,98","110,12","109,74","25,07K","0,44%"
"14.08.2015","109,43","109,65","109,99","109,30","12,33K","-0,16%"
"13.08.2015","109,60","110,00","110,00","109,48","10,68K","-0,70%"
"12.08.2015","110,37","109,52","110,37","109,52","84,94K","1,27%"
"11.08.2015","108,99","108,95","109,97","108,50","68,57K","0,17%"
"10.08.2015","108,81","107,89","108,87","107,60","534,76K","1,06%"
"07.08.2015","107,67","107,60","107,94","106,45","39,00K","0,55%"
"06.08.2015","107,08","106,56","107,10","106,56","7,69K","0,48%"
"05.08.2015","106,57","106,82","107,31","106,49","27,48K","-0,63%"
"04.08.2015","107,25","106,93","107,44","106,93","15,93K","0,13%"
"03.08.2015","107,11","107,76","107,76","107,05","16,38K","-0,58%"
"31.07.2015","107,73","106,37","108,35","106,14","61,62K","0,21%"
"30.07.2015","107,50","106,61","107,59","106,55","66,85K","-0,05%"
"29.07.2015","107,55","107,81","107,88","107,23","31,35K","-0,01%"
"28.07.2015","107,56","107,75","107,94","107,24","21,45K","-0,24%"
"27.07.2015","107,82","108,44","108,56","107,01","54,09K","0,96%"
"24.07.2015","106,80","106,50","106,91","105,90","33,23K","-0,68%"
"23.07.2015","107,53","107,69","108,50","107,40","73,82K","0,16%"
"22.07.2015","107,36","107,52","107,69","106,82","307,81K","-1,28%"
"21.07.2015","108,75","108,69","108,99","108,38","161,45K","-0,27%"
"20.07.2015","109,04","109,79","109,83","108,30","101,51K","-1,96%"
"17.07.2015","111,22","112,56","112,56","111,14","75,00K","-1,12%"
"16.07.2015","112,48","112,71","112,76","112,32","80,33K","-0,04%"
"15.07.2015","112,52","113,45","113,52","112,37","27,68K","-0,93%"
"14.07.2015","113,58","113,40","113,86","113,31","11,39K","-0,14%"
"13.07.2015","113,74","114,13","114,13","113,12","46,84K","-0,32%"
"10.07.2015","114,11","114,10","114,34","113,94","14,09K","-0,17%"
"09.07.2015","114,31","114,28","114,71","114,06","14,50K","0,12%"
"08.07.2015","114,17","112,91","114,41","112,91","51,28K","0,79%"
"07.07.2015","113,28","114,75","114,75","112,94","52,40K","-1,22%"
"06.07.2015","114,68","114,72","114,79","114,39","314,39K","-0,13%"
"03.07.2015","114,83","114,78","114,93","114,51","35,12K","0,36%"
"02.07.2015","114,42","114,56","114,79","113,79","138,75K","-0,50%"
"01.07.2015","114,99","115,39","115,42","114,79","28,67K","-0,11%"
"30.06.2015","115,12","115,48","115,65","114,71","66,42K","-0,54%"
"29.06.2015","115,75","116,07","116,28","115,40","63,87K","0,41%"
"26.06.2015","115,28","115,66","115,78","114,88","56,58K","-0,06%"
"25.06.2015","115,35","115,53","115,67","115,13","70,53K","0,03%"
"24.06.2015","115,31","115,78","115,87","114,90","109,85K","-0,43%"
"23.06.2015","115,81","116,47","116,47","115,71","38,36K","-0,64%"
"22.06.2015","116,56","117,56","117,56","116,27","35,31K","-1,20%"
"19.06.2015","117,97","117,85","118,22","117,82","91,06K","-0,33%"
"18.06.2015","118,36","116,82","118,52","116,82","99,83K","2,31%"
"17.06.2015","115,69","115,90","115,92","115,55","7,19K","-0,12%"
"16.06.2015","115,83","116,31","116,48","115,74","18,84K","-0,63%"
"15.06.2015","116,56","116,39","116,65","115,26","62,59K","0,46%"
"12.06.2015","116,03","116,16","116,32","115,65","11,92K","0,05%"
"11.06.2015","115,97","116,30","116,43","115,85","33,28K","-0,72%"
"10.06.2015","116,81","116,12","117,11","116,12","24,80K","0,90%"
"09.06.2015","115,77","115,69","116,22","115,58","19,91K","0,56%"
"08.06.2015","115,13","115,27","115,49","114,94","16,31K","0,16%"
"05.06.2015","114,95","115,69","115,69","114,38","115,40K","-0,46%"
"04.06.2015","115,48","116,07","116,41","115,38","71,95K","-1,35%"
"03.06.2015","117,06","116,69","117,22","116,69","34,83K","-0,07%"
"02.06.2015","117,14","116,87","117,47","116,60","181,42K","-0,14%"
"01.06.2015","117,30","116,86","118,16","116,45","31,80K","0,34%"
"29.05.2015","116,90","116,88","117,32","116,70","10,50K","-0,01%"
"28.05.2015","116,91","116,79","117,09","116,11","469,74K","0,21%"
"27.05.2015","116,67","116,93","117,07","116,47","255,97K","-0,05%"
"26.05.2015","116,73","117,51","117,75","116,40","114,19K","-1,49%"
"22.05.2015","118,50","118,77","119,42","118,21","40,15K","-0,04%"
"21.05.2015","118,55","119,00","119,06","118,31","110,14K","-0,39%"
"20.05.2015","119,02","118,60","119,15","118,59","47,52K","0,35%"
"19.05.2015","118,60","119,99","120,28","118,54","66,06K","-1,67%"
"18.05.2015","120,62","120,76","120,91","120,23","31,82K","0,33%"
"15.05.2015","120,22","120,07","120,34","119,18","70,69K","0,13%"
"14.05.2015","120,06","119,50","120,63","119,29","85,21K","0,51%"
"13.05.2015","119,45","117,47","119,51","117,31","275,78K","1,90%"
"12.05.2015","117,22","116,36","117,66","116,33","49,12K","1,03%"
"11.05.2015","116,03","116,61","117,06","115,91","97,52K","-0,48%"
"08.05.2015","116,59","116,73","117,31","116,36","31,76K","0,18%"
"07.05.2015","116,38","116,33","117,09","115,93","211,58K","-0,58%"
"06.05.2015","117,06","117,06","117,72","116,89","30,95K","-0,36%"
"05.05.2015","117,48","116,90","117,99","116,74","257,99K","1,86%"
"01.05.2015","115,33","116,12","116,12","115,10","31,58K","-0,51%"
"30.04.2015","115,92","118,23","118,61","115,72","147,63K","-2,59%"
"29.04.2015","119,00","118,79","119,27","118,52","35,07K","-0,18%"
"28.04.2015","119,22","117,98","119,35","117,98","20,74K","0,86%"
"27.04.2015","118,20","116,06","118,42","116,06","74,65K","2,08%"
"24.04.2015","115,79","117,52","117,52","115,69","94,39K","-1,29%"
"23.04.2015","117,30","116,74","117,35","116,73","203,75K","0,27%"
"22.04.2015","116,98","118,23","118,30","116,66","22,63K","-0,70%"
"21.04.2015","117,80","117,39","118,23","117,36","63,83K","0,47%"
"20.04.2015","117,25","118,76","118,76","117,27","179,96K","-1,00%"
"17.04.2015","118,44","118,35","118,76","118,14","18,20K","0,59%"
"16.04.2015","117,74","118,45","118,87","117,71","71,94K","0,15%"
"15.04.2015","117,56","116,97","117,76","116,92","21,94K","-0,03%"
"14.04.2015","117,59","117,35","117,69","116,46","25,06K","-0,21%"
"13.04.2015","117,84","118,82","118,82","117,75","20,69K","-0,75%"
"10.04.2015","118,73","117,39","118,93","117,39","16,91K","1,07%"
"09.04.2015","117,47","117,64","118,07","117,37","40,65K","-0,77%"
"08.04.2015","118,38","119,12","119,12","118,32","17,30K","-0,68%"
"07.04.2015","119,19","119,31","119,40","118,79","295,46K","1,17%"
"02.04.2015","117,81","118,50","118,57","117,62","873,78K","-0,37%"
"01.04.2015","118,25","116,67","118,31","116,19","28,80K","1,23%"
"31.03.2015","116,81","116,05","117,00","115,90","53,16K","0,35%"
"30.03.2015","116,40","117,09","117,09","116,31","36,09K","-1,36%"
"27.03.2015","118,01","117,86","118,22","117,39","31,27K","-0,44%"
"26.03.2015","118,53","119,11","119,84","118,26","113,26K","0,68%"
"25.03.2015","117,73","117,30","117,94","117,18","15,98K","0,57%"
"24.03.2015","117,06","116,73","117,45","116,73","95,98K","0,17%"
"23.03.2015","116,86","116,33","116,92","116,06","141,86K","0,29%"
"20.03.2015","116,52","115,14","116,54","115,10","140,19K","1,24%"
"19.03.2015","115,09","114,67","115,37","114,10","92,73K","1,58%"
"18.03.2015","113,30","112,92","113,36","112,77","79,02K","0,34%"
"17.03.2015","112,92","113,52","114,08","112,43","23,81K","-0,39%"
"16.03.2015","113,36","114,28","114,32","113,19","52,30K","-0,06%"
"13.03.2015","113,43","114,10","114,13","113,28","18,05K","0,17%"
"12.03.2015","113,24","114,43","114,43","113,15","26,77K","0,14%"
"11.03.2015","113,08","114,35","114,35","112,96","40,06K","-0,88%"
"10.03.2015","114,08","113,99","115,06","113,68","96,31K","-0,71%"
"09.03.2015","114,89","115,31","115,61","114,83","81,70K","-0,58%"
"06.03.2015","115,56","117,76","117,80","115,50","65,50K","-2,52%"
"05.03.2015","118,55","118,19","118,90","117,91","15,00K","0,22%"
"04.03.2015","118,29","118,62","118,74","117,92","68,13K","0,00%"
"03.03.2015","118,29","118,82","119,49","118,27","295,59K","-0,53%"
"02.03.2015","118,92","119,89","119,89","118,85","24,79K","-0,67%"
"27.02.2015","119,72","118,88","119,87","118,54","21,32K","0,52%"
"26.02.2015","119,10","119,58","119,97","118,75","152,08K","0,44%"
"25.02.2015","118,58","118,93","119,12","118,50","111,72K","0,94%"
"24.02.2015","117,47","117,89","118,37","117,23","35,34K","-0,62%"
"23.02.2015","118,20","117,92","118,90","117,24","57,18K","-0,45%"
"20.02.2015","118,74","118,79","119,45","118,36","19,60K","-0,14%"
"19.02.2015","118,91","119,44","120,14","118,83","42,47K","0,87%"
"18.02.2015","117,89","118,94","119,15","117,88","107,81K","-0,65%"
"17.02.2015","118,66","120,32","120,43","118,44","34,68K","-2,06%"
"16.02.2015","121,16","121,43","121,48","121,04","34,40K","0,03%"
"13.02.2015","121,12","121,32","121,44","120,75","115,36K","0,54%"
"12.02.2015","120,47","120,26","121,24","120,09","455,38K","-0,05%"
"11.02.2015","120,53","121,71","121,81","120,17","78,72K","-1,00%"
"10.02.2015","121,75","122,36","122,36","121,30","37,94K","-0,23%"
"09.02.2015","122,03","121,98","122,26","121,79","75,44K","0,67%"
"06.02.2015","121,22","124,85","124,85","120,92","75,00K","-2,16%"
"05.02.2015","123,89","124,71","124,71","123,66","126,93K","-0,27%"
"04.02.2015","124,23","124,39","125,10","123,95","66,66K","0,10%"
"03.02.2015","124,10","126,20","126,40","123,67","174,33K","-0,87%"
"02.02.2015","125,19","126,04","126,04","124,66","80,23K","-0,09%"
"30.01.2015","125,30","124,20","125,40","123,90","126,43K","1,14%"
"29.01.2015","123,89","126,02","126,02","123,91","176,46K","-2,15%"
"28.01.2015","126,61","126,79","127,18","126,33","60,63K","-0,52%"
"27.01.2015","127,27","125,82","127,65","125,82","38,00K","1,09%"
"26.01.2015","125,90","126,93","126,93","125,57","29,83K","-0,79%"
"23.01.2015","126,90","127,67","127,89","126,51","39,08K","-1,03%"
"22.01.2015","128,22","126,99","128,62","125,93","102,39K","1,10%"
"21.01.2015","126,83","127,67","128,38","126,70","135,76K","-0,30%"
"20.01.2015","127,21","125,88","127,41","125,84","380,94K","1,39%"
"19.01.2015","125,46","125,53","125,74","125,23","21,38K","-0,18%"
"16.01.2015","125,69","123,62","125,73","123,53","59,98K","1,00%"
"15.01.2015","124,44","120,84","124,57","120,82","637,02K","2,08%"
"14.01.2015","121,90","120,77","122,44","120,62","213,33K","-0,07%"
"13.01.2015","121,98","122,06","122,33","121,31","69,26K","1,09%"
"12.01.2015","120,66","120,28","120,74","119,90","45,68K","0,74%"
"09.01.2015","119,77","119,27","120,01","119,06","71,15K","0,20%"
"08.01.2015","119,53","118,69","119,73","118,54","84,82K","-0,03%"
"07.01.2015","119,56","119,60","119,83","119,03","16,22K","0,43%"
"06.01.2015","119,05","118,90","119,48","118,70","470,11K","1,19%"
"05.01.2015","117,65","117,82","118,38","116,85","52,96K","0,44%"
"02.01.2015","117,14","116,65","117,39","114,95","47,51K","-0,66%"
"31.12.2014","117,92","118,03","118,04","117,83","11,29K","-0,40%"
"30.12.2014","118,39","117,01","119,17","116,49","45,51K","1,94%"
"29.12.2014","116,14","117,62","117,62","116,25","34,57K","0,22%"
"24.12.2014","115,88","116,09","116,17","115,82","3,08K","-0,05%"
"23.12.2014","115,94","116,21","116,27","115,72","13,42K","-0,60%"
"22.12.2014","116,64","118,01","118,01","116,77","21,96K","-1,03%"
"19.12.2014","117,85","117,70","118,09","117,60","24,83K","0,19%"
"18.12.2014","117,63","118,03","119,41","117,43","32,07K","0,01%"
"17.12.2014","117,62","118,03","118,31","117,27","97,57K","-0,06%"
"16.12.2014","117,69","117,83","120,31","117,21","250,87K","-1,76%"
"15.12.2014","119,80","119,37","119,77","118,71","32,18K","-0,70%"
"12.12.2014","120,65","119,92","120,76","119,59","150,23K","-0,12%"
"11.12.2014","120,80","120,50","120,75","119,72","56,18K","-0,07%"
"10.12.2014","120,88","121,37","121,41","120,72","65,92K","-0,26%"
"09.12.2014","121,20","118,86","121,88","118,56","89,05K","3,13%"
"08.12.2014","117,52","117,74","117,81","117,30","67,91K","0,00%"
"05.12.2014","117,52","118,43","118,79","116,91","39,75K","-1,29%"
"04.12.2014","119,05","118,65","119,44","118,29","46,86K","-0,26%"
"03.12.2014","119,36","118,72","119,50","118,19","62,99K","1,19%"
"02.12.2014","117,96","118,48","118,54","117,35","63,10K","0,06%"
"01.12.2014","117,89","114,05","118,19","114,04","200,04K","1,39%"
"28.11.2014","116,27","116,67","116,98","115,95","58,10K","-0,89%"
"27.11.2014","117,31","118,07","118,07","117,12","73,31K","-0,47%"
"26.11.2014","117,86","117,69","117,99","117,69","8,63K","-0,21%"
"25.11.2014","118,11","118,23","118,35","117,23","36,83K","0,28%"
"24.11.2014","117,78","117,84","118,11","117,47","8,55K","-0,75%"
"21.11.2014","118,67","117,72","118,73","116,90","45,87K","1,31%"
"20.11.2014","117,13","116,76","117,80","116,72","223,10K","0,89%"
"19.11.2014","116,10","117,56","118,32","115,96","172,82K","-1,28%"
"18.11.2014","117,61","117,55","118,40","117,39","88,94K","0,81%"
"17.11.2014","116,66","116,77","117,33","116,34","107,60K","1,03%"
"14.11.2014","115,47","113,53","116,11","113,09","124,10K","0,79%"
"13.11.2014","114,56","114,15","114,73","114,15","57,35K","-0,05%"
"12.11.2014","114,62","114,72","115,19","114,34","79,27K","0,35%"
"11.11.2014","114,22","113,30","114,30","113,13","42,09K","-0,10%"
"10.11.2014","114,33","115,48","115,51","114,33","13,57K","-0,30%"
"07.11.2014","114,67","112,64","114,94","112,60","93,83K","1,67%"
"06.11.2014","112,79","112,91","113,06","112,43","137,85K","-0,27%"
"05.11.2014","113,10","113,53","113,53","112,07","52,29K","-1,80%"
"04.11.2014","115,17","114,70","115,68","114,70","142,63K","-0,08%"
"03.11.2014","115,26","115,08","115,50","114,96","16,63K","0,39%"
"31.10.2014","114,81","115,91","115,91","114,34","44,31K","-2,80%"
"30.10.2014","118,12","118,59","118,89","117,76","554,56K","-1,94%"
"29.10.2014","120,46","121,01","121,01","120,37","25,60K","-0,50%"
"28.10.2014","121,06","120,94","121,20","120,81","8,57K","-0,01%"
"27.10.2014","121,07","120,99","121,25","120,87","19,53K","-0,10%"
"24.10.2014","121,19","121,27","121,41","121,01","15,09K","0,18%"
"23.10.2014","120,97","122,21","122,21","120,79","124,85K","-1,16%"
"22.10.2014","122,39","122,87","122,96","122,27","26,06K","-0,71%"
"21.10.2014","123,26","123,34","123,39","122,84","14,27K","0,59%"
"20.10.2014","122,54","122,32","122,83","122,15","30,70K","0,96%"
"17.10.2014","121,38","122,11","122,11","121,40","28,74K","-0,78%"
"16.10.2014","122,34","122,01","122,44","121,68","324,16K","-0,05%"
"15.10.2014","122,40","120,51","122,23","120,43","37,32K","0,88%"
"14.10.2014","121,33","121,34","121,90","121,28","82,44K","0,17%"
"13.10.2014","121,13","121,37","121,37","120,78","7,50K","0,71%"
"10.10.2014","120,28","120,18","120,62","120,07","17,61K","-0,30%"
"09.10.2014","120,64","121,10","121,28","120,77","20,27K","1,52%"
"08.10.2014","118,83","119,90","120,17","118,88","189,61K","-0,40%"
"07.10.2014","119,31","119,04","119,34","118,61","13,16K","0,83%"
"06.10.2014","118,33","117,47","118,36","117,47","39,53K","0,56%"
"03.10.2014","117,67","118,84","119,00","117,33","152,24K","-1,62%"
"02.10.2014","119,61","119,40","120,08","119,15","298,85K","-0,05%"
"01.10.2014","119,67","118,87","119,79","118,74","16,53K","0,38%"
"30.09.2014","119,22","119,15","119,76","118,81","0,35K","-0,60%"
"29.09.2014","119,94","120,03","120,45","119,85","2,32K","0,14%"
"26.09.2014","119,77","120,42","120,44","119,88","2,69K","-0,17%"
"25.09.2014","119,97","119,22","120,23","119,06","37,80K","0,16%"
"24.09.2014","119,78","120,57","120,68","120,04","0,81K","-0,51%"
"23.09.2014","120,40","120,61","121,47","120,61","2,52K","0,68%"
"22.09.2014","119,59","119,69","119,69","119,52","132,83K","-0,27%"
"19.09.2014","119,91","120,39","120,52","119,72","47,06K","-0,65%"
"18.09.2014","120,69","120,53","120,55","120,02","156,00K","-0,85%"
"17.09.2014","121,72","121,75","121,82","121,61","2,10K","0,22%"
"16.09.2014","121,45","121,95","121,95","121,61","12,94K","-0,04%"
"15.09.2014","121,50","121,72","121,72","121,60","55,55K","0,23%"
"12.09.2014","121,22","121,89","122,05","121,00","37,06K","-0,55%"
"11.09.2014","121,89","122,93","122,98","121,87","188,86K","-0,77%"
"10.09.2014","122,84","123,45","123,54","123,04","2,95K","-0,65%"
"09.09.2014","123,64","123,57","123,80","123,53","93,17K","0,11%"
"08.09.2014","123,50","125,00","125,01","124,00","0,79K","-1,04%"
"05.09.2014","124,80","124,48","124,90","124,48","51,34K","-0,23%"
"04.09.2014","125,09","125,25","125,31","124,96","28,68K","0,17%"
"03.09.2014","124,88","124,88","124,97","124,70","81,40K","0,21%"
"02.09.2014","124,62","125,68","125,68","124,55","7,11K","-1,71%"
"01.09.2014","126,79","126,87","127,05","126,75","3,34K","-0,09%"
"29.08.2014","126,91","126,89","127,01","126,55","3,42K","-0,17%"
"28.08.2014","127,13","127,20","127,46","126,89","215,54K","0,67%"
"27.08.2014","126,28","126,54","126,70","126,54","2,07K","-0,13%"
"26.08.2014","126,44","127,06","127,11","126,36","264,91K","0,21%"
"22.08.2014","126,18","126,16","126,16","125,87","0,12K","0,29%"
"21.08.2014","125,81","126,03","126,38","125,14","23,21K","-1,26%"
"20.08.2014","127,41","127,27","127,69","127,27","5,64K","-0,09%"
"19.08.2014","127,53","127,94","128,23","127,61","10,73K","-0,40%"
"18.08.2014","128,04","128,25","128,25","127,84","8,66K","-0,42%"
"15.08.2014","128,58","128,58","128,58","128,58","","-0,53%"
"14.08.2014","129,27","129,40","129,79","129,07","21,15K","-0,03%"
"13.08.2014","129,31","128,89","129,29","128,89","8,57K","-0,26%"
"12.08.2014","129,65","129,34","129,34","129,27","1,25K","0,62%"
"11.08.2014","128,85","129,04","129,91","128,85","3,80K","-0,21%"
"08.08.2014","129,12","130,02","130,02","129,14","1,61K","0,24%"
"07.08.2014","128,81","128,80","128,80","128,53","2,39K","-0,05%"
"06.08.2014","128,88","128,85","128,85","128,85","0,28K","1,86%"
"05.08.2014","126,53","127,17","127,17","126,68","6,12K","-0,28%"
"04.08.2014","126,89","127,63","127,63","126,97","0,80K","-0,50%"
"01.08.2014","127,53","126,51","127,65","126,51","14,62K","0,61%"
"31.07.2014","126,76","127,79","127,79","126,70","89,69K","-0,60%"
"30.07.2014","127,53","127,79","127,82","127,79","0,29K","-0,40%"
"29.07.2014","128,04","128,73","129,10","128,73","1,18K","-0,38%"
"28.07.2014","128,53","126,68","128,58","126,68","7,25K","0,45%"
"25.07.2014","127,96","127,34","127,64","127,34","33,77K","0,58%"
"24.07.2014","127,22","128,11","128,11","126,99","100,24K","-1,18%"
"23.07.2014","128,74","128,97","129,00","128,79","3,81K","0,04%"
"22.07.2014","128,69","128,89","128,89","128,74","8,42K","-0,41%"
"21.07.2014","129,22","129,22","129,22","129,22","","0,31%"
"18.07.2014","128,82","129,43","129,43","128,74","0,47K","-0,58%"
"17.07.2014","129,57","128,65","128,69","128,28","36,84K","1,01%"
"16.07.2014","128,28","127,73","128,35","127,73","0,40K","0,34%"
"15.07.2014","127,84","129,22","129,22","128,72","10,38K","-0,69%"
"14.07.2014","128,73","129,93","130,33","128,09","4,99K","-2,20%"
"11.07.2014","131,63","131,67","131,83","131,67","45,16K","-0,13%"
"10.07.2014","131,80","131,11","132,41","131,11","46,54K","0,97%"
"09.07.2014","130,54","130,28","130,60","130,28","3,70K","0,71%"
"08.07.2014","129,62","129,87","130,29","129,76","23,12K","0,07%"
"07.07.2014","129,53","129,45","129,55","129,45","1,50K","-0,45%"
"04.07.2014","130,12","130,33","130,33","130,27","1,10K","0,17%"
"03.07.2014","129,90","130,38","130,38","130,05","472,46K","-0,79%"
"02.07.2014","130,94","130,79","130,99","130,79","2,23K","0,18%"
"01.07.2014","130,71","130,49","131,00","130,40","4,52K","0,64%"
"30.06.2014","129,88","129,59","129,81","129,20","6,90K","-0,16%"
"27.06.2014","130,09","130,10","130,10","129,96","1,30K","0,33%"
"26.06.2014","129,66","129,71","129,71","129,00","9,40K","-0,32%"
"25.06.2014","130,07","129,56","130,07","129,30","6,13K","0,08%"
"24.06.2014","129,96","129,73","130,72","129,73","4,99K","0,25%"
"23.06.2014","129,63","129,82","129,86","129,30","82,55K","0,03%"
"20.06.2014","129,59","128,96","131,47","128,96","378,77K","1,23%"
"19.06.2014","128,01","126,18","126,48","126,18","0,50K","2,15%"
"18.06.2014","125,32","125,16","125,39","125,11","0,66K","0,10%"
"17.06.2014","125,19","124,69","124,90","124,61","3,14K","-0,40%"
"16.06.2014","125,69","126,30","126,36","125,71","34,43K","0,10%"
"13.06.2014","125,56","125,59","125,59","125,50","12,20K","0,11%"
"12.06.2014","125,42","124,38","125,57","124,38","67,71K","0,80%"
"11.06.2014","124,43","124,27","124,72","124,27","4,68K","0,10%"
"10.06.2014","124,30","123,69","124,42","123,41","14,20K","0,58%"
"09.06.2014","123,58","123,66","123,89","123,50","30,67K","0,07%"
"06.06.2014","123,49","123,74","123,74","123,00","481,53K","-0,15%"
"05.06.2014","123,67","122,58","123,76","122,37","13,89K","0,86%"
"04.06.2014","122,62","122,78","122,92","122,70","15,54K","-0,08%"
"03.06.2014","122,72","122,77","122,98","122,69","7,44K","-0,05%"
"02.06.2014","122,78","122,81","122,81","122,64","0,12K","0,07%"
"30.05.2014","122,70","123,97","123,97","123,27","754,55K","-1,05%"
"29.05.2014","124,00","123,53","123,98","123,46","1,84K","0,02%"
"28.05.2014","123,97","124,57","124,75","124,55","13,18K","-0,89%"
"27.05.2014","125,08","126,82","126,82","125,06","5,40K","-1,86%"
"23.05.2014","127,45","127,61","127,61","127,28","0,40K","-0,16%"
"22.05.2014","127,65","127,60","128,18","127,59","45,20K","0,40%"
"21.05.2014","127,14","127,45","127,45","127,45","0,04K","-0,33%"
"20.05.2014","127,56","127,16","127,75","127,13","7,91K","-0,37%"
"19.05.2014","128,04","127,84","128,24","127,82","0,89K","0,38%"
"16.05.2014","127,56","127,60","127,68","127,60","0,14K","-0,45%"
"15.05.2014","128,14","128,41","128,49","127,93","2,39K","-0,37%"
"14.05.2014","128,62","128,23","128,84","128,22","0,65K","0,72%"
"13.05.2014","127,70","127,34","127,97","127,18","2,95K","-0,24%"
"12.05.2014","128,01","127,07","128,24","127,07","104,16K","0,87%"
"09.05.2014","126,91","127,21","127,62","126,95","3,77K","-0,07%"
"08.05.2014","127,00","127,33","127,58","126,99","5,83K","-0,66%"
"07.05.2014","127,85","129,23","129,44","127,76","4,10K","-0,81%"
"06.05.2014","128,90","129,29","129,41","128,61","58,43K","0,38%"
"02.05.2014","128,41","124,89","127,61","124,89","132,83K","1,54%"
"01.05.2014","126,46","126,70","126,93","125,98","400,99K","-0,77%"
"30.04.2014","127,44","127,42","127,57","126,72","320,68K","-0,49%"
"29.04.2014","128,07","127,55","128,31","126,89","7,39K","0,35%"
"28.04.2014","127,62","128,50","128,52","127,49","11,73K","-0,58%"
"25.04.2014","128,37","127,34","128,72","127,34","8,78K","0,95%"
"24.04.2014","127,16","126,79","127,86","125,25","22,48K","0,43%"
"23.04.2014","126,61","126,65","127,05","126,39","15,82K","0,26%"
"22.04.2014","126,28","127,04","127,48","126,21","7,41K","-1,47%"
"17.04.2014","128,16","127,98","128,62","127,98","9,76K","-0,15%"
"16.04.2014","128,35","128,47","128,74","128,00","73,59K","0,06%"
"15.04.2014","128,27","129,77","129,77","126,85","311,08K","-2,08%"
"14.04.2014","131,00","130,93","131,25","130,30","33,81K","0,69%"
"11.04.2014","130,10","129,86","130,51","129,76","19,57K","-0,18%"
"10.04.2014","130,33","129,98","130,48","129,86","11,58K","1,28%"
"09.04.2014","128,68","129,26","129,29","128,33","8,97K","-0,37%"
"08.04.2014","129,16","129,07","129,59","128,96","41,08K","1,03%"
"07.04.2014","127,84","127,99","128,37","127,84","15,99K","-0,66%"
"04.04.2014","128,69","126,90","128,82","126,90","10,36K","1,31%"
"03.04.2014","127,02","127,03","127,11","126,43","70,66K","-0,43%"
"02.04.2014","127,57","126,63","127,44","126,46","17,69K","0,96%"
"01.04.2014","126,36","126,75","126,98","126,17","8,00K","-0,46%"
"31.03.2014","126,95","127,30","127,81","127,00","16,33K","-0,45%"
"28.03.2014","127,53","127,95","127,95","126,83","36,95K","-0,12%"
"27.03.2014","127,68","128,31","128,31","127,45","42,82K","-0,65%"
"26.03.2014","128,51","129,79","129,84","128,30","61,11K","-0,62%"
"25.03.2014","129,31","129,53","129,92","128,81","518,26K","0,03%"
"24.03.2014","129,27","130,59","130,72","128,98","12,86K","-1,84%"
"21.03.2014","131,69","131,47","132,20","131,47","4,57K","0,34%"
"20.03.2014","131,24","131,25","131,43","130,27","26,26K","-0,79%"
"19.03.2014","132,28","133,49","133,55","131,92","50,28K","-1,39%"
"18.03.2014","134,15","134,08","134,35","133,33","96,44K","-0,81%"
"17.03.2014","135,25","136,18","136,35","135,72","1,48K","-0,42%"
"14.03.2014","135,82","135,14","136,68","135,08","15,82K","0,33%"
"13.03.2014","135,38","135,42","135,66","134,61","8,52K","0,30%"
"12.03.2014","134,97","133,95","134,76","133,64","25,18K","1,80%"
"11.03.2014","132,58","132,83","133,18","132,15","30,16K","0,17%"
"10.03.2014","132,36","131,43","132,59","131,40","50,01K","0,23%"
"07.03.2014","132,05","132,97","133,12","131,18","2,66K","-0,74%"
"06.03.2014","133,04","131,46","132,90","131,46","2,34K","0,65%"
"05.03.2014","132,18","131,69","132,20","131,55","2,74K","0,11%"
"04.03.2014","132,03","132,24","132,24","131,35","31,36K","-1,07%"
"03.03.2014","133,46","132,88","133,60","132,54","2,28M","2,12%"
"28.02.2014","130,69","131,14","131,35","129,28","662,73K","-0,64%"
"27.02.2014","131,53","130,68","131,75","130,68","1,68K","0,58%"
"26.02.2014","130,77","132,32","132,50","130,66","96,25K","-1,21%"
"25.02.2014","132,37","131,64","132,25","131,46","499,32K","0,25%"
"24.02.2014","132,04","131,13","132,08","131,13","176,25K","1,37%"
"21.02.2014","130,26","130,33","130,58","130,21","3,71K","0,46%"
"20.02.2014","129,66","129,57","129,86","129,20","4,52K","-0,38%"
"19.02.2014","130,16","130,03","130,49","129,93","275,60K","-0,18%"
"18.02.2014","130,40","130,14","130,49","129,58","3,36K","-0,56%"
"17.02.2014","131,13","130,61","131,07","130,56","50,28K","0,82%"
"14.02.2014","130,06","129,17","129,91","129,06","13,55K","1,58%"
"13.02.2014","128,04","127,03","128,00","126,96","6,06K","0,42%"
"12.02.2014","127,51","127,02","127,61","126,81","3,65K","0,22%"
"11.02.2014","127,23","126,63","127,23","126,24","34,58K","1,11%"
"10.02.2014","125,83","125,50","125,82","125,50","9,54K","1,00%"
"07.02.2014","124,58","124,50","125,00","124,07","11,85K","0,48%"
"06.02.2014","123,99","124,09","124,62","123,57","1,87K","-0,10%"
"05.02.2014","124,11","123,84","125,05","123,84","147,82K","0,49%"
"04.02.2014","123,50","124,25","124,29","123,24","9,23K","-0,98%"
"03.02.2014","124,72","122,58","124,81","122,47","31,65K","1,90%"
"31.01.2014","122,39","122,31","123,67","122,31","11,32K","-0,07%"
"30.01.2014","122,48","124,14","124,15","122,33","25,61K","-1,87%"
"29.01.2014","124,81","123,60","125,00","123,60","3,93K","0,96%"
"28.01.2014","123,62","123,89","124,26","123,30","2,23K","-0,57%"
"27.01.2014","124,33","125,12","125,42","124,16","14,10K","-0,55%"
"24.01.2014","125,02","124,26","125,43","124,20","5,03K","0,55%"
"23.01.2014","124,34","122,06","124,59","122,02","32,05K","1,55%"
"22.01.2014","122,44","122,37","122,47","122,21","3,49K","0,00%"
"21.01.2014","122,44","123,48","123,48","122,17","5,93K","-1,23%"
"20.01.2014","123,97","123,72","123,97","123,67","7,16K","0,23%"
"17.01.2014","123,68","122,50","123,62","122,40","30,44K","0,90%"
"16.01.2014","122,58","122,24","122,67","122,04","10,68K","0,11%"
"15.01.2014","122,45","122,36","122,50","121,94","13,16K","-0,22%"
"14.01.2014","122,72","123,70","123,70","123,15","13,11K","-0,63%"
"13.01.2014","123,50","123,23","123,23","122,88","1,22K","0,57%"
"10.01.2014","122,80","121,63","122,77","121,60","142,73K","1,43%"
"09.01.2014","121,07","120,98","121,49","120,98","7,48K","0,34%"
"08.01.2014","120,66","120,78","121,37","120,51","21,68K","-0,37%"
"07.01.2014","121,11","122,12","122,41","120,91","55,43K","-1,15%"
"06.01.2014","122,52","122,41","123,00","121,15","27,01K","0,43%"
"03.01.2014","122,00","121,63","122,00","121,34","1,57K","0,90%"
"02.01.2014","120,91","119,71","119,71","119,71","1,00K","2,02%"
"31.12.2013","118,52","118,30","118,75","118,30","2,19K","-0,45%"
"30.12.2013","119,05","118,74","119,14","118,73","12,87K","-0,68%"
"27.12.2013","119,87","119,72","120,06","119,42","3,18K","1,22%"
"24.12.2013","118,42","118,31","118,65","118,06","2,52K","-0,05%"
"23.12.2013","118,48","118,50","119,78","118,02","2,69K","-0,32%"
"20.12.2013","118,86","117,75","118,85","117,63","12,13K","0,58%"
"19.12.2013","118,17","119,74","119,75","117,95","311,15K","-2,75%"
"18.12.2013","121,51","121,49","121,92","121,47","581,85K","-0,14%"
"17.12.2013","121,68","122,38","122,42","121,26","14,16K","-1,26%"
"16.12.2013","123,23","121,57","122,72","121,18","636,90K","1,05%"
"13.12.2013","121,95","121,03","122,16","120,63","31,89K","0,45%"
"12.12.2013","121,40","123,99","123,99","121,00","919,31K","-2,36%"
"11.12.2013","124,33","124,07","124,60","123,73","10,67K","-0,22%"
"10.12.2013","124,61","122,88","124,93","122,68","12,31K","2,21%"
"09.12.2013","121,91","121,50","122,06","121,14","2,90K","0,21%"
"06.12.2013","121,66","121,30","122,67","120,54","14,09K","0,39%"
"05.12.2013","121,19","122,10","122,10","120,23","138,47K","0,11%"
"04.12.2013","121,06","120,08","121,24","119,71","4,42K","0,31%"
"03.12.2013","120,69","120,90","120,90","120,04","40,98K","-0,40%"
"02.12.2013","121,17","122,76","122,83","121,05","9,48K","-2,07%"
"29.11.2013","123,73","122,83","123,91","122,83","4,12K","0,68%"
"28.11.2013","122,89","122,49","122,90","122,49","1,39K","0,08%"
"27.11.2013","122,79","122,87","123,77","122,66","3,17K","0,03%"
"26.11.2013","122,75","123,70","123,70","122,61","4,31K","0,19%"
"25.11.2013","122,52","121,63","122,79","121,44","110,24K","-0,39%"
"22.11.2013","123,00","122,82","123,22","122,53","10,21K","0,26%"
"21.11.2013","122,68","122,93","123,32","122,43","1,37K","-1,58%"
"20.11.2013","124,65","125,62","125,62","124,37","23,18K","-1,01%"
"19.11.2013","125,92","126,01","126,07","125,33","303,39K","-0,04%"
"18.11.2013","125,97","126,90","126,90","126,35","7,20K","-0,96%"
"15.11.2013","127,19","126,80","127,17","126,48","2,61K","-0,13%"
"14.11.2013","127,36","126,76","127,71","126,57","15,26K","1,08%"
"13.11.2013","126,00","125,76","126,11","125,56","6,45K","-0,01%"
"12.11.2013","126,01","126,40","126,60","125,82","2,45K","-0,47%"
"11.11.2013","126,61","126,88","126,88","126,68","2,01K","-0,22%"
"08.11.2013","126,89","129,35","129,35","126,86","0,60K","-1,93%"
"07.11.2013","129,39","130,05","130,39","128,77","8,94K","-0,45%"
"06.11.2013","129,97","129,55","130,25","129,55","11,30K","0,41%"
"05.11.2013","129,44","129,49","130,08","129,40","14,26K","-0,50%"
"04.11.2013","130,09","129,84","130,42","129,62","5,95K","0,34%"
"01.11.2013","129,65","130,40","130,40","129,16","69,56K","-0,68%"
"31.10.2013","130,54","131,16","131,18","130,85","10,13K","-2,38%"
"30.10.2013","133,72","133,28","134,07","133,28","17,08K","0,84%"
"29.10.2013","132,60","132,65","133,20","132,65","18,76K","-0,72%"
"28.10.2013","133,56","133,33","134,37","133,09","23,44K","0,53%"
"25.10.2013","132,85","132,72","133,19","132,23","16,20K","-0,28%"
"24.10.2013","133,22","132,53","133,29","131,82","15,11K","0,95%"
"23.10.2013","131,96","131,93","131,93","131,39","4,64K","-0,36%"
"22.10.2013","132,44","129,69","132,07","129,69","4,07K","1,94%"
"21.10.2013","129,92","130,47","130,47","129,76","35,83K","-0,02%"
"18.10.2013","129,94","130,06","130,38","129,73","9,21K","-0,14%"
"17.10.2013","130,12","126,32","130,26","126,32","38,55K","3,55%"
"16.10.2013","125,66","127,09","127,09","125,11","18,33K","0,30%"
"15.10.2013","125,28","125,51","125,83","123,66","58,08K","-0,99%"
"14.10.2013","126,53","126,17","127,24","125,88","92,59K","1,02%"
"11.10.2013","125,25","127,07","127,33","124,87","52,38K","-2,48%"
"10.10.2013","128,43","128,76","129,01","127,93","62,47K","-0,05%"
"09.10.2013","128,50","130,12","130,50","128,06","41,25K","-1,98%"
"08.10.2013","131,10","130,80","131,40","129,98","27,36K","0,08%"
"07.10.2013","131,00","129,50","129,50","129,50","0,08K","1,22%"
"04.10.2013","129,42","130,20","130,31","129,09","35,46K","-0,59%"
"03.10.2013","130,19","129,71","130,03","128,88","154,12K","0,10%"
"02.10.2013","130,06","127,11","130,65","127,11","272,38K","1,94%"
"01.10.2013","127,59","131,70","131,78","125,85","237,07K","-2,86%"
"30.09.2013","131,34","132,57","132,57","130,69","72,33K","-0,72%"
"27.09.2013","132,29","131,13","132,46","130,65","20,06K","0,85%"
"26.09.2013","131,17","131,60","132,27","130,66","145,71K","-0,69%"
"25.09.2013","132,08","131,02","132,13","130,12","46,70K","1,75%"
"24.09.2013","129,81","130,63","130,63","129,33","48,60K","-0,97%"
"23.09.2013","131,08","131,04","131,04","130,09","10,62K","-0,86%"
"20.09.2013","132,22","133,66","134,19","132,04","9,95K","-2,58%"
"19.09.2013","135,72","135,40","135,56","134,48","133,43K","5,87%"
"18.09.2013","128,19","128,99","128,99","128,18","16,45K","-0,96%"
"17.09.2013","129,43","130,65","130,65","129,40","35,78K","-0,58%"
"16.09.2013","130,18","130,30","130,85","129,21","3,03K","0,11%"
"13.09.2013","130,04","129,51","130,24","129,24","0,77K","-0,97%"
"12.09.2013","131,32","132,90","132,90","131,11","24,06K","-2,52%"
"11.09.2013","134,71","134,83","134,98","134,16","4,71K","0,04%"
"10.09.2013","134,66","135,59","135,59","134,52","0,78K","-1,80%"
"09.09.2013","137,13","136,98","137,39","136,89","1,88K","0,09%"
"06.09.2013","137,00","135,37","137,30","135,10","15,50K","1,41%"
"05.09.2013","135,09","137,10","138,04","134,95","75,04K","-1,53%"
"04.09.2013","137,19","139,25","139,25","136,99","337,91K","-1,17%"
"03.09.2013","138,81","137,68","138,90","137,50","16,68K","0,95%"
"02.09.2013","137,51","137,52","137,64","137,31","2,43K","-0,77%"
"30.08.2013","138,58","138,12","138,12","137,86","22,86K","-0,21%"
"29.08.2013","138,87","139,05","139,39","138,93","10,31K","-0,83%"
"28.08.2013","140,03","141,04","141,29","140,32","17,10K","-0,11%"
"27.08.2013","140,18","138,45","140,38","138,45","3,96K","1,76%"
"23.08.2013","137,76","136,04","136,11","135,52","26,48K","1,53%"
"22.08.2013","135,68","135,00","136,27","135,00","51,05K","0,37%"
"21.08.2013","135,18","134,96","135,02","134,69","9,69K","-0,38%"
"20.08.2013","135,69","134,21","136,20","134,21","188,94K","0,56%"
"19.08.2013","134,93","135,96","136,10","135,04","39,46K","-0,14%"
"16.08.2013","135,12","134,84","135,79","134,51","21,48K","2,84%"
"15.08.2013","131,39","132,31","132,31","130,69","10,20K","-0,09%"
"14.08.2013","131,51","130,47","131,75","130,47","6,81K","0,67%"
"13.08.2013","130,63","132,24","132,24","131,04","10,29K","-1,38%"
"12.08.2013","132,46","131,67","132,56","130,75","75,22K","1,95%"
"09.08.2013","129,93","129,30","129,42","129,02","73,66K","0,43%"
"08.08.2013","129,38","127,65","129,00","127,26","4,54K","1,70%"
"07.08.2013","127,22","126,07","127,11","126,07","10,57K","0,06%"
"06.08.2013","127,14","128,00","128,05","127,24","49,84K","-1,13%"
"05.08.2013","128,59","129,95","129,95","129,10","4,36K","-0,87%"
"02.08.2013","129,72","127,32","129,34","126,99","47,60K","-0,17%"
"01.08.2013","129,94","130,25","130,99","129,61","49,28K","0,52%"
"31.07.2013","129,27","131,72","131,85","129,51","3,78K","-1,30%"
"30.07.2013","130,97","130,72","130,83","130,56","8,00K","-0,52%"
"29.07.2013","131,66","130,94","131,93","130,83","8,85K","0,99%"
"26.07.2013","130,37","131,41","131,41","129,70","0,57K","-0,78%"
"25.07.2013","131,39","130,52","131,31","130,34","31,84K","-0,05%"
"24.07.2013","131,46","132,57","132,64","131,75","4,88K","-0,29%"
"23.07.2013","131,84","131,47","131,56","131,19","8,09K","0,44%"
"22.07.2013","131,26","130,08","131,11","129,90","4,22K","2,57%"
"19.07.2013","127,97","127,46","128,10","127,10","17,74K","0,77%"
"18.07.2013","126,99","126,46","126,54","126,46","0,14K","0,13%"
"17.07.2013","126,82","127,07","128,27","126,97","104,64K","-0,67%"
"16.07.2013","127,68","126,66","127,83","126,66","35,85K","0,51%"
"15.07.2013","127,03","126,80","126,97","126,80","8,90K","0,37%"
"12.07.2013","126,56","126,06","126,35","126,03","2,23K","-0,21%"
"11.07.2013","126,83","127,00","127,11","126,60","31,55K","2,04%"
"10.07.2013","124,30","124,07","124,49","123,67","5,46K","0,65%"
"09.07.2013","123,50","124,13","124,25","123,16","19,46K","1,14%"
"08.07.2013","122,11","120,39","122,19","120,39","5,49K","1,73%"
"05.07.2013","120,03","122,75","122,88","119,70","58,42K","-2,72%"
"04.07.2013","123,39","123,46","123,46","123,32","1,04K","-0,56%"
"03.07.2013","124,08","122,97","124,11","122,97","20,48K","0,40%"
"02.07.2013","123,58","124,97","124,97","123,18","10,58K","-0,59%"
"01.07.2013","124,31","123,14","123,14","121,93","16,89K","3,56%"
"28.06.2013","120,04","118,99","119,99","117,35","214,15K","-1,01%"
"27.06.2013","121,27","122,58","122,64","121,22","30,36K","-0,29%"
"26.06.2013","121,62","123,37","123,50","120,96","387,93K","-3,49%"
"25.06.2013","126,02","126,70","127,23","125,70","1,12M","-0,71%"
"24.06.2013","126,92","126,55","127,35","126,50","38,88K","-0,53%"
"21.06.2013","127,59","128,33","128,33","127,42","8,42K","-0,28%"
"20.06.2013","127,95","129,92","130,00","127,51","348,31K","-5,81%"
"19.06.2013","135,84","135,26","135,93","135,15","16,13K","0,74%"
"18.06.2013","134,84","136,38","136,42","134,93","11,29K","-1,32%"
"17.06.2013","136,65","137,08","137,11","136,77","5,18K","-0,55%"
"14.06.2013","137,40","136,87","137,41","136,37","9,22K","1,01%"
"13.06.2013","136,02","136,89","137,05","136,07","116,22K","-1,09%"
"12.06.2013","137,52","135,88","137,52","135,88","63,62K","1,05%"
"11.06.2013","136,09","135,62","136,27","135,10","13,00K","-0,73%"
"10.06.2013","137,09","136,47","136,99","136,00","737,93K","0,55%"
"07.06.2013","136,34","139,53","139,68","136,67","584,38K","-1,71%"
"06.06.2013","138,71","137,73","139,07","137,73","124,62K","-0,28%"
"05.06.2013","139,10","138,30","139,30","138,03","518,13K","0,84%"
"04.06.2013","137,94","138,94","139,00","137,39","288,36K","-1,23%"
"03.06.2013","139,66","138,13","139,96","137,58","146,16K","1,39%"
"31.05.2013","137,75","140,03","140,03","137,70","23,46K","-1,56%"
"30.05.2013","139,94","139,17","140,14","138,16","516,77K","1,90%"
"29.05.2013","137,33","136,60","137,72","136,60","323,52K","-0,24%"
"28.05.2013","137,66","137,40","137,67","135,94","371,28K","0,07%"
"24.05.2013","137,56","137,31","137,72","136,82","555,12K","0,84%"
"23.05.2013","136,41","136,14","137,96","136,14","111,37K","0,18%"
"22.05.2013","136,17","137,10","137,90","135,68","167,71K","0,41%"
"21.05.2013","135,61","137,55","137,55","134,17","100,05K","0,74%"
"20.05.2013","134,62","133,01","134,39","133,01","13,68K","-0,37%"
"17.05.2013","135,12","135,91","136,59","134,43","1,25M","-1,31%"
"16.05.2013","136,91","137,27","137,27","135,41","195,55K","-0,62%"
"15.05.2013","137,77","139,46","139,97","137,45","151,82K","-2,77%"
"14.05.2013","141,69","142,14","142,27","140,84","133,13K","-0,04%"
"13.05.2013","141,74","141,83","141,83","141,24","181,08K","0,70%"
"10.05.2013","140,75","144,42","144,42","140,54","11,32K","-3,14%"
"09.05.2013","145,31","145,29","145,39","144,76","2,96K","0,21%"
"08.05.2013","145,01","143,90","145,24","143,57","17,73K","1,41%"
"07.05.2013","142,99","144,23","144,79","143,10","39,35K","-1,49%"
"03.05.2013","145,15","145,99","146,65","144,56","253,80K","0,13%"
"02.05.2013","144,96","143,84","145,57","143,80","427,64K","1,44%"
"01.05.2013","142,90","145,70","145,70","143,81","20,02K","-1,51%"
"30.04.2013","145,09","144,98","145,84","144,62","149,22K","-0,34%"
"29.04.2013","145,59","145,34","146,23","144,80","37,77K","-0,26%"
"26.04.2013","145,97","146,00","146,55","144,46","169,61K","1,35%"
"25.04.2013","144,03","142,83","144,11","142,69","17,50K","2,28%"
"24.04.2013","140,82","141,12","141,47","140,54","43,45K","0,92%"
"23.04.2013","139,54","140,20","140,68","139,20","10,43K","-0,83%"
"22.04.2013","140,71","140,62","142,06","140,54","28,03K","1,59%"
"19.04.2013","138,51","140,10","140,64","138,46","204,12K","0,41%"
"18.04.2013","137,94","136,16","138,45","135,89","203,52K","0,32%"
"17.04.2013","137,50","136,12","137,70","135,87","103,38K","0,23%"
"16.04.2013","137,18","136,05","138,55","134,79","603,21K","0,70%"
"15.04.2013","136,22","143,43","143,80","134,60","3,01M","-8,24%"
"12.04.2013","148,46","154,37","154,37","147,72","43,66K","-4,12%"
"11.04.2013","154,84","154,09","154,89","153,81","116,41K","-0,24%"
"10.04.2013","155,21","156,93","156,94","155,27","272,96K","-1,16%"
"09.04.2013","157,03","155,60","157,03","155,44","5,64K","1,19%"
"08.04.2013","155,18","156,24","156,24","155,28","31,56K","0,14%"
"05.04.2013","154,97","153,31","155,20","153,31","15,73K","1,23%"
"04.04.2013","153,08","153,55","153,59","152,32","39,34K","-1,48%"
"03.04.2013","155,38","154,97","158,15","154,97","118,07K","-0,73%"
"02.04.2013","156,53","158,20","158,31","156,34","53,86K","-0,86%"
"28.03.2013","157,89","158,84","158,88","157,79","74,13K","-0,59%"
"27.03.2013","158,82","157,82","158,87","157,45","84,21K","0,42%"
"26.03.2013","158,16","158,19","158,49","157,85","27,72K","-0,32%"
"25.03.2013","158,66","158,89","159,10","157,54","256,23K","-0,24%"
"22.03.2013","159,04","159,44","159,56","158,75","28,08K","-0,38%"
"21.03.2013","159,65","159,11","159,83","158,99","17,39K","0,48%"
"20.03.2013","158,88","159,34","159,50","158,90","28,44K","-0,43%"
"19.03.2013","159,57","158,69","159,63","158,49","250,95K","0,33%"
"18.03.2013","159,05","158,75","159,22","158,35","95,81K","0,86%"
"15.03.2013","157,69","157,60","157,98","157,40","27,06K","0,26%"
"14.03.2013","157,28","157,12","157,21","156,30","20,76K","0,20%"
"13.03.2013","156,97","157,55","157,87","156,90","30,82K","-0,38%"
"12.03.2013","157,57","156,54","158,06","156,52","11,27K","0,84%"
"11.03.2013","156,26","156,25","156,37","155,96","41,88K","0,24%"
"08.03.2013","155,88","156,19","158,32","153,50","67,42K","-0,06%"
"07.03.2013","155,98","156,61","156,71","155,97","36,06K","-0,24%"
"06.03.2013","156,35","156,00","156,66","155,12","226,77K","0,24%"
"05.03.2013","155,97","156,39","156,69","155,86","20,38K","0,13%"
"04.03.2013","155,77","155,65","156,32","155,60","32,97K","-0,08%"
"01.03.2013","155,89","156,50","156,94","154,95","509,59K","-0,30%"
"28.02.2013","156,36","157,95","158,07","156,39","88,88K","-1,44%"
"27.02.2013","158,65","159,50","159,53","158,49","57,73K","-0,71%"
"26.02.2013","159,78","157,73","160,21","157,07","90,48K","1,49%"
"25.02.2013","157,43","153,36","157,67","153,36","20,49K","1,10%"
"22.02.2013","155,72","156,03","156,67","155,63","40,12K","-0,42%"
"21.02.2013","156,37","154,90","156,36","154,73","1,85M","-0,15%"
"20.02.2013","156,61","159,00","159,00","156,40","648,20K","-1,35%"
"19.02.2013","158,76","159,58","159,67","158,65","373,10K","-0,19%"
"18.02.2013","159,06","159,67","159,82","159,03","338,51K","0,08%"
"15.02.2013","158,94","161,64","161,64","158,49","42,93K","-2,08%"
"14.02.2013","162,32","162,77","163,14","162,26","59,85K","-0,40%"
"13.02.2013","162,97","162,95","163,41","162,73","8,00K","-0,10%"
"12.02.2013","163,14","162,70","163,58","162,26","90,39K","0,03%"
"11.02.2013","163,09","164,95","164,95","162,91","24,05K","-1,16%"
"08.02.2013","165,00","165,53","165,53","164,86","28,74K","-0,75%"
"07.02.2013","166,25","166,05","166,44","164,90","20,67K","0,23%"
"06.02.2013","165,87","165,41","166,10","165,06","27,75K","0,40%"
"05.02.2013","165,21","165,63","166,41","165,15","93,99K","-0,06%"
"04.02.2013","165,31","165,03","165,13","164,44","289,15K","-0,02%"
"01.02.2013","165,34","164,69","166,32","164,54","92,84K","0,43%"
"31.01.2013","164,63","165,90","165,90","164,50","139,42K","-1,09%"
"30.01.2013","166,44","165,06","166,45","164,57","94,42K","1,16%"
"29.01.2013","164,53","164,63","164,68","164,36","71,72K","0,38%"
"28.01.2013","163,91","164,27","164,27","163,52","84,94K","-0,37%"
"25.01.2013","164,52","165,37","165,38","164,01","102,30K","-0,71%"
"24.01.2013","165,69","166,35","166,47","165,32","44,55K","-0,73%"
"23.01.2013","166,91","167,38","167,68","166,87","70,14K","-0,48%"
"22.01.2013","167,71","167,55","167,62","167,08","45,74K","0,32%"
"21.01.2013","167,18","167,33","167,33","166,96","175,68K","0,03%"
"18.01.2013","167,13","167,45","167,70","166,70","117,07K","0,14%"
"17.01.2013","166,90","166,40","167,21","165,18","48,67K","0,40%"
"16.01.2013","166,24","166,47","166,47","165,71","137,56K","-0,17%"
"15.01.2013","166,53","166,25","166,67","165,97","121,84K","0,85%"
"14.01.2013","165,13","165,22","165,74","164,90","56,96K","0,45%"
"11.01.2013","164,39","165,56","165,68","164,19","58,91K","-0,93%"
"10.01.2013","165,93","164,31","165,97","164,25","26,69K","1,20%"
"09.01.2013","163,97","164,50","164,84","163,96","78,54K","0,11%"
"08.01.2013","163,79","163,22","164,05","163,22","431,16K","0,43%"
"07.01.2013","163,09","163,76","164,08","162,68","16,04K","0,36%"
"04.01.2013","162,51","162,77","163,41","160,97","154,27K","-2,21%"
"03.01.2013","166,19","166,72","167,33","165,81","96,25K","-0,78%"
"02.01.2013","167,50","166,48","167,59","166,47","7,32K","1,94%"
"31.12.2012","164,31","164,76","164,98","164,76","0,10K","0,26%"
"28.12.2012","163,88","164,55","164,55","163,84","43,27K","-0,39%"
"27.12.2012","164,52","164,14","164,80","163,67","29,77K","-0,06%"
"24.12.2012","164,62","164,10","164,78","164,10","0,99K","0,38%"
"21.12.2012","164,00","162,97","164,23","162,78","278,28K","1,22%"
"20.12.2012","162,02","165,27","165,39","162,07","101,47K","-2,14%"
"19.12.2012","165,56","165,92","166,00","164,77","276,71K","-0,73%"
"18.12.2012","166,78","168,43","168,57","167,37","222,49K","-0,64%"
"17.12.2012","167,85","167,16","168,27","167,16","104,22K","-0,02%"
"14.12.2012","167,89","168,28","168,28","167,75","37,06K","-0,10%"
"13.12.2012","168,06","168,33","168,33","167,32","102,71K","-0,86%"
"12.12.2012","169,51","169,65","169,99","169,36","7,20K","0,32%"
"11.12.2012","168,97","170,75","170,75","168,84","34,93K","-0,37%"
"10.12.2012","169,60","169,30","169,91","169,21","31,53K","0,69%"
"07.12.2012","168,43","166,12","168,63","166,12","12,74K","0,07%"
"06.12.2012","168,32","167,12","168,58","167,12","90,44K","0,77%"
"05.12.2012","167,04","168,74","168,97","166,98","72,86K","-0,53%"
"04.12.2012","167,93","168,75","169,11","167,52","611,70K","-1,12%"
"03.12.2012","169,84","169,94","170,39","169,70","41,39K","0,01%"
"30.11.2012","169,83","171,16","171,36","170,05","20,86K","-0,66%"
"29.11.2012","170,96","170,46","171,11","170,44","233,33K","0,59%"
"28.11.2012","169,96","172,23","172,46","169,37","23,36K","-1,62%"
"27.11.2012","172,75","173,18","173,18","172,58","59,21K","-0,27%"
"26.11.2012","173,21","173,08","173,36","172,87","69,88K","0,08%"
"23.11.2012","173,08","171,62","173,14","171,56","18,29K","0,96%"
"22.11.2012","171,44","171,26","171,49","171,17","262,82K","0,19%"
"21.11.2012","171,12","170,78","171,22","170,72","21,79K","-0,17%"
"20.11.2012","171,41","171,70","171,75","171,38","13,30K","-0,16%"
"19.11.2012","171,68","170,62","171,45","170,47","6,36K","1,34%"
"16.11.2012","169,41","169,80","169,82","168,64","59,53K","-0,18%"
"15.11.2012","169,71","170,89","170,92","169,38","38,67K","-0,81%"
"14.11.2012","171,09","171,07","171,16","170,43","12,75K","-0,12%"
"13.11.2012","171,29","170,74","171,51","170,21","13,02K","-0,08%"
"12.11.2012","171,43","171,80","172,09","171,60","85,50K","-0,10%"
"09.11.2012","171,60","171,55","172,23","171,21","174,99K","0,70%"
"08.11.2012","170,41","170,16","170,63","169,68","211,73K","0,66%"
"07.11.2012","169,29","170,98","171,25","169,29","145,51K","0,88%"
"06.11.2012","167,81","166,93","167,75","166,93","622,61K","0,71%"
"05.11.2012","166,62","166,88","167,22","165,58","384,55K","0,05%"
"02.11.2012","166,53","169,26","169,26","166,47","142,44K","-2,11%"
"01.11.2012","170,12","170,26","170,92","170,00","98,52K","-0,40%"
"31.10.2012","170,80","170,08","170,85","169,95","145,69K","0,80%"
"30.10.2012","169,44","169,53","169,85","169,34","109,54K","0,16%"
"29.10.2012","169,17","169,52","169,62","169,14","79,35K","-0,34%"
"26.10.2012","169,75","169,91","169,93","168,62","298,93K","-0,05%"
"25.10.2012","169,83","169,56","170,06","169,50","145,86K","0,60%"
"24.10.2012","168,82","169,47","169,60","168,73","49,64K","-0,27%"
"23.10.2012","169,27","170,81","170,81","168,90","73,19K","-0,92%"
"22.10.2012","170,85","170,81","171,11","170,68","89,99K","-0,02%"
"19.10.2012","170,88","172,15","172,15","170,88","226,67K","-1,12%"
"18.10.2012","172,81","173,09","173,59","172,23","859,12K","-0,39%"
"17.10.2012","173,49","173,00","173,52","172,91","43,53K","0,42%"
"16.10.2012","172,77","172,37","172,98","172,06","67,44K","0,54%"
"15.10.2012","171,84","172,79","173,19","170,00","183,66K","-1,47%"
"12.10.2012","174,40","175,13","175,52","174,40","70,68K","-0,51%"
"11.10.2012","175,29","175,15","175,68","174,89","38,02K","0,36%"
"10.10.2012","174,66","174,56","174,83","174,18","166,24K","-0,12%"
"09.10.2012","174,87","175,69","176,02","174,55","60,17K","-0,53%"
"08.10.2012","175,81","175,53","175,98","175,09","28,22K","-0,41%"
"05.10.2012","176,54","177,51","177,54","175,88","232,30K","-0,43%"
"04.10.2012","177,30","176,80","177,76","176,61","418,74K","0,61%"
"03.10.2012","176,22","175,89","176,38","175,64","77,80K","-0,03%"
"02.10.2012","176,28","175,85","176,60","175,47","465,56K","0,02%"
"01.10.2012","176,24","174,92","177,35","174,92","99,73K","0,37%"
"28.09.2012","175,59","176,38","176,46","175,65","39,55K","0,41%"
"27.09.2012","174,87","174,11","175,16","173,75","444,91K","1,10%"
"26.09.2012","172,97","174,66","174,85","172,14","469,59K","-1,49%"
"25.09.2012","175,58","174,75","175,77","174,75","129,14K","0,51%"
"24.09.2012","174,69","174,73","175,03","174,00","39,65K","-0,55%"
"21.09.2012","175,66","175,57","176,93","175,47","640,76K","0,60%"
"20.09.2012","174,62","174,58","174,93","174,19","57,53K","-0,59%"
"19.09.2012","175,66","175,29","176,15","175,14","82,52K","0,07%"
"18.09.2012","175,54","175,41","175,66","173,85","172,62K","0,07%"
"17.09.2012","175,41","175,38","175,68","175,12","190,72K","-0,19%"
"14.09.2012","175,74","175,74","175,95","175,01","843,69K","2,36%"
"13.09.2012","171,69","171,41","171,93","170,00","24,92K","0,03%"
"12.09.2012","171,63","172,08","173,02","171,06","138,88K","-0,10%"
"11.09.2012","171,80","171,61","172,20","171,40","119,99K","0,10%"
"10.09.2012","171,63","172,01","172,01","171,33","25,93K","-0,17%"
"07.09.2012","171,93","168,54","171,35","167,62","336,56K","1,73%"
"06.09.2012","169,00","168,79","169,84","168,55","102,28K","0,69%"
"05.09.2012","167,84","167,71","167,86","167,36","120,17K","0,02%"
"04.09.2012","167,81","168,00","168,00","167,54","9,46K","0,02%"
"03.09.2012","167,77","167,29","167,84","163,37","123,59K","1,04%"
"31.08.2012","166,05","164,18","165,53","163,41","139,62K","1,21%"
"30.08.2012","164,07","164,10","164,88","163,61","15,65K","-0,10%"
"29.08.2012","164,24","163,00","165,33","163,00","108,25K","-0,85%"
"28.08.2012","165,64","164,79","165,65","164,50","41,35K","0,38%"
"24.08.2012","165,01","164,88","165,47","164,88","225,96K","-0,42%"
"23.08.2012","165,70","165,00","165,89","164,26","111,16K","1,88%"
"22.08.2012","162,64","162,32","163,00","162,24","33,03K","0,16%"
"21.08.2012","162,38","160,76","162,52","160,76","6,66K","1,11%"
"20.08.2012","160,59","160,46","160,61","159,63","69,55K","0,23%"
"17.08.2012","160,22","160,20","160,52","159,82","16,56K","0,04%"
"16.08.2012","160,16","158,70","160,12","158,70","12,14K","0,79%"
"15.08.2012","158,90","158,25","159,01","157,83","122,04K","0,03%"
"14.08.2012","158,86","160,00","160,00","158,20","39,93K","-0,89%"
"13.08.2012","160,28","160,99","161,00","160,04","7,24K","-0,31%"
"10.08.2012","160,78","159,80","160,50","159,00","8,07K","0,53%"
"09.08.2012","159,93","160,18","160,30","159,51","97,73K","-0,02%"
"08.08.2012","159,96","159,67","160,07","159,17","325,08K","0,12%"
"07.08.2012","159,77","159,57","160,25","159,51","118,04K","-0,13%"
"06.08.2012","159,97","159,21","159,81","159,15","28,32K","0,69%"
"03.08.2012","158,87","157,78","162,23","157,13","254,60K","0,77%"
"02.08.2012","157,65","158,78","159,90","158,08","49,15K","-0,81%"
"01.08.2012","158,93","160,25","160,38","158,15","18,15K","-0,98%"
"31.07.2012","160,50","160,94","161,23","160,30","107,99K","0,02%"
"30.07.2012","160,47","160,30","161,72","160,13","25,93K","0,20%"
"27.07.2012","160,15","160,56","161,51","160,15","24,15K","0,10%"
"26.07.2012","159,99","159,27","160,67","158,98","982,74K","0,89%"
"25.07.2012","158,58","156,74","159,10","156,74","210,18K","1,45%"
"24.07.2012","156,32","156,25","156,96","155,89","40,31K","0,05%"
"23.07.2012","156,24","156,24","156,32","154,98","85,95K","-0,30%"
"20.07.2012","156,71","156,82","157,25","155,99","37,46K","-0,45%"
"19.07.2012","157,42","156,45","157,46","156,45","22,26K","0,54%"
"18.07.2012","156,57","157,03","157,03","155,66","18,44K","0,12%"
"17.07.2012","156,38","158,00","158,16","156,21","110,38K","-1,03%"
"16.07.2012","158,01","157,22","158,02","156,48","19,40K","0,26%"
"13.07.2012","157,60","155,79","158,17","155,79","24,95K","2,01%"
"12.07.2012","154,49","155,54","155,54","154,29","1,01M","-1,06%"
"11.07.2012","156,14","156,56","156,64","155,80","18,56K","-0,70%"
"10.07.2012","157,24","157,13","158,73","156,93","43,70K","-0,07%"
"09.07.2012","157,35","156,92","157,46","156,65","10,08K","0,04%"
"06.07.2012","157,29","158,77","159,15","157,24","272,86K","-1,52%"
"05.07.2012","159,72","159,92","160,34","158,46","118,87K","-0,27%"
"04.07.2012","160,15","160,42","160,45","159,87","15,97K","-0,32%"
"03.07.2012","160,66","159,24","160,51","159,24","15,29K","1,37%"
"02.07.2012","158,49","158,48","158,75","157,74","90,30K","-0,01%"
"29.06.2012","158,50","155,75","158,54","155,55","242,21K","2,79%"
"28.06.2012","154,20","155,65","155,76","154,24","92,46K","-0,96%"
"27.06.2012","155,69","155,57","156,00","155,29","123,33K","-0,02%"
"26.06.2012","155,72","156,88","157,28","155,81","124,27K","-0,24%"
"25.06.2012","156,09","155,95","155,95","155,39","8,61K","0,79%"
"22.06.2012","154,86","154,80","155,83","154,79","261,63K","-0,62%"
"21.06.2012","155,82","158,68","158,95","156,15","52,95K","-2,31%"
"20.06.2012","159,51","160,56","160,56","158,58","10,64K","-1,05%"
"19.06.2012","161,21","161,50","161,77","160,74","413,10K","-0,10%"
"18.06.2012","161,37","160,60","161,04","160,43","2,70K","0,03%"
"15.06.2012","161,32","161,05","161,90","160,87","66,12K","0,24%"
"14.06.2012","160,94","160,61","161,34","159,97","352,97K","0,11%"
"13.06.2012","160,76","159,91","161,00","159,37","24,37K","0,51%"
"12.06.2012","159,94","158,04","159,95","157,17","416,67K","1,79%"
"11.06.2012","157,12","158,52","158,52","157,16","3,82K","0,12%"
"08.06.2012","156,93","156,17","157,59","155,50","10,71K","-0,08%"
"07.06.2012","157,06","161,08","161,26","157,35","328,73K","-3,24%"
"06.06.2012","162,32","161,62","162,41","161,25","142,37K","1,72%"
"01.06.2012","159,57","154,63","160,30","153,19","236,40K","2,85%"
"31.05.2012","155,15","154,87","155,95","154,18","64,04K","1,04%"
"30.05.2012","153,56","153,53","154,00","152,08","97,50K","-1,60%"
"29.05.2012","156,06","156,52","156,80","155,97","36,32K","-0,03%"
"28.05.2012","156,10","157,00","157,00","156,33","3,09K","0,49%"
"25.05.2012","155,34","155,34","155,53","154,50","27,44K","-0,38%"
"24.05.2012","155,93","154,36","156,20","154,22","24,81K","2,12%"
"23.05.2012","152,69","154,69","155,05","152,25","372,13K","-3,05%"
"22.05.2012","157,49","157,46","157,61","156,11","31,67K","-0,15%"
"21.05.2012","157,72","158,43","158,43","157,31","4,94K","-0,33%"
"18.05.2012","158,25","156,03","158,40","155,90","76,33K","1,40%"
"17.05.2012","156,06","153,50","156,30","153,39","30,05K","2,05%"
"16.05.2012","152,92","152,01","153,89","151,65","138,32K","-0,84%"
"15.05.2012","154,22","154,27","154,99","153,85","139,21K","-0,51%"
"14.05.2012","155,01","155,77","155,77","154,33","8,46K","-1,57%"
"11.05.2012","157,49","156,65","157,44","156,00","73,18K","-0,44%"
"10.05.2012","158,19","158,14","158,88","157,44","335,89K","0,25%"
"09.05.2012","157,80","157,81","158,01","156,77","1,37M","-0,50%"
"08.05.2012","158,59","161,71","161,71","158,47","494,37K","-2,26%"
"04.05.2012","162,25","161,97","163,25","161,51","52,88K","-0,08%"
"03.05.2012","162,38","163,12","163,36","162,05","20,83K","-0,75%"
"02.05.2012","163,61","164,15","164,51","163,41","144,91K","-0,82%"
"01.05.2012","164,96","165,05","165,09","164,49","3,98K","0,26%"
"30.04.2012","164,53","165,11","165,11","163,66","22,93K","-0,33%"
"27.04.2012","165,07","163,85","165,26","163,85","18,71K","0,43%"
"26.04.2012","164,37","163,53","164,45","163,22","665,68K","1,28%"
"25.04.2012","162,29","162,97","163,08","162,50","47,17K","-0,44%"
"24.04.2012","163,01","162,57","163,33","162,31","138,94K","0,74%"
"23.04.2012","161,81","166,50","166,50","161,10","14,62K","-0,59%"
"20.04.2012","162,77","163,00","163,18","162,59","8,44K","-0,26%"
"19.04.2012","163,19","162,89","163,93","161,82","122,89K","0,21%"
"18.04.2012","162,85","163,92","163,92","162,56","101,79K","-0,82%"
"17.04.2012","164,19","163,35","164,33","162,56","184,52K","0,34%"
"16.04.2012","163,63","163,10","164,32","162,99","4,67K","-0,97%"
"13.04.2012","165,24","165,97","166,32","165,20","3,09K","-0,45%"
"12.04.2012","165,99","167,04","167,04","163,78","4,66K","0,80%"
"11.04.2012","164,67","164,63","164,87","164,03","354,23K","1,34%"
"10.04.2012","162,50","160,40","164,79","160,40","102,28K","0,66%"
"05.04.2012","161,44","161,21","161,79","161,06","38,88K","0,79%"
"04.04.2012","160,18","161,71","162,37","160,13","50,47K","-3,50%"
"03.04.2012","165,99","166,57","166,68","165,84","182,06K","-0,44%"
"02.04.2012","166,72","165,28","166,93","164,92","12,60K","1,04%"
"30.03.2012","165,00","164,98","165,60","164,73","2,34K","0,87%"
"29.03.2012","163,57","165,01","165,03","163,80","5,36K","-1,40%"
"28.03.2012","165,90","166,14","166,59","165,79","8,83K","-0,77%"
"27.03.2012","167,18","168,06","168,22","166,99","71,23K","-0,02%"
"26.03.2012","167,21","165,06","167,15","164,32","76,34K","1,47%"
"23.03.2012","164,78","163,35","165,19","163,13","21,35K","1,38%"
"22.03.2012","162,54","163,19","163,19","162,13","178,22K","-0,91%"
"21.03.2012","164,03","163,77","164,56","163,66","215,98K","0,05%"
"20.03.2012","163,94","164,05","164,25","163,06","38,03K","-0,67%"
"19.03.2012","165,05","164,28","165,04","164,01","9,38K","0,59%"
"16.03.2012","164,09","164,03","164,60","163,16","23,17K","0,39%"
"15.03.2012","163,46","163,42","163,66","163,16","183,01K","0,32%"
"14.03.2012","162,94","165,55","165,55","163,05","75,54K","-3,25%"
"13.03.2012","168,41","168,67","168,69","167,18","86,98K","-0,14%"
"12.03.2012","168,65","168,85","169,35","168,26","13,36K","-0,42%"
"09.03.2012","169,36","168,90","169,81","166,91","121,54K","0,65%"
"08.03.2012","168,27","168,02","168,87","167,96","621,04K","0,70%"
"07.03.2012","167,10","166,20","166,89","165,90","37,89K","0,89%"
"06.03.2012","165,63","168,41","168,80","165,34","36,38K","-2,17%"
"05.03.2012","169,31","169,39","169,70","168,20","109,75K","-0,41%"
"02.03.2012","170,00","170,25","170,50","169,27","305,53K","-0,47%"
"01.03.2012","170,81","170,56","171,12","169,29","326,97K","0,37%"
"29.02.2012","170,18","177,10","177,33","169,77","61,37K","-3,97%"
"28.02.2012","177,21","176,24","176,82","176,12","1,94K","0,60%"
"27.02.2012","176,15","175,90","176,51","175,04","61,91K","-0,14%"
"24.02.2012","176,39","176,16","176,75","175,81","107,18K","-0,43%"
"23.02.2012","177,16","176,18","177,19","176,12","32,55K","1,61%"
"22.02.2012","174,36","174,00","174,44","173,60","53,94K","0,07%"
"21.02.2012","174,23","172,74","174,09","172,34","21,92K","1,19%"
"20.02.2012","172,18","172,05","172,22","171,79","10,14K","0,91%"
"17.02.2012","170,62","172,17","172,18","170,97","21,71K","-0,05%"
"16.02.2012","170,71","170,27","170,75","169,58","32,99K","-0,55%"
"15.02.2012","171,65","171,59","172,30","171,15","81,76K","0,56%"
"14.02.2012","170,70","170,25","170,94","170,00","90,64K","-0,18%"
"13.02.2012","171,00","171,63","171,72","170,77","47,47K","0,30%"
"10.02.2012","170,49","170,89","170,90","169,30","372,88K","-1,57%"
"09.02.2012","173,21","172,09","173,44","171,70","48,51K","0,70%"
"08.02.2012","172,00","173,52","173,52","172,00","63,99K","-0,16%"
"07.02.2012","172,28","171,22","172,28","169,80","367,20K","0,87%"
"06.02.2012","170,80","171,96","171,96","169,97","89,55K","-1,16%"
"03.02.2012","172,81","174,63","174,91","172,39","66,91K","-1,03%"
"02.02.2012","174,60","173,74","174,65","172,96","251,73K","0,50%"
"01.02.2012","173,73","172,66","173,73","172,42","54,40K","0,92%"
"31.01.2012","172,14","172,87","173,29","171,80","168,70K","0,27%"
"30.01.2012","171,67","171,43","171,50","170,60","95,88K","-0,09%"
"27.01.2012","171,82","170,49","171,46","170,44","23,05K","0,27%"
"26.01.2012","171,36","169,22","171,77","169,22","43,71K","4,02%"
"25.01.2012","164,74","165,56","165,56","163,70","13,76K","-0,51%"
"24.01.2012","165,59","166,37","166,37","164,88","44,71K","-0,73%"
"23.01.2012","166,81","165,61","166,35","165,46","10,67K","1,31%"
"20.01.2012","164,66","164,35","164,84","163,23","10,54K","0,41%"
"19.01.2012","163,99","165,04","165,33","163,95","1,31M","-0,31%"
"18.01.2012","164,50","164,57","164,57","163,09","74,28K","-0,24%"
"17.01.2012","164,90","165,22","165,31","164,52","60,04K","1,03%"
"16.01.2012","163,22","163,08","163,41","162,84","43,86K","0,62%"
"13.01.2012","162,21","163,30","163,30","161,26","1,03M","-1,24%"
"12.01.2012","164,24","163,48","164,61","163,48","47,63K","0,86%"
"11.01.2012","162,84","163,30","163,30","162,22","50,70K","0,20%"
"10.01.2012","162,51","160,43","162,78","160,43","13,83K","1,44%"
"09.01.2012","160,21","160,72","160,90","160,20","4,00K","-0,45%"
"06.01.2012","160,93","161,02","161,77","160,24","63,28K","0,85%"
"05.01.2012","159,57","160,90","160,90","158,81","125,42K","-0,21%"
"04.01.2012","159,91","159,94","159,94","158,23","47,60K","0,23%"
"03.01.2012","159,54","157,74","159,27","157,53","103,46K","2,46%"
"30.12.2011","155,71","155,04","156,16","154,87","14,58K","2,54%"
"29.12.2011","151,86","153,81","154,26","151,30","61,24K","-2,25%"
"28.12.2011","155,35","157,72","158,05","155,68","31,21K","-2,70%"
"23.12.2011","159,66","159,51","160,29","159,41","84,90K","0,48%"
"22.12.2011","158,90","160,21","160,23","158,80","48,43K","-0,66%"
"21.12.2011","159,96","161,76","162,96","159,51","1,59M","-0,30%"
"20.12.2011","160,44","158,72","164,93","158,70","187,94K","1,52%"
"19.12.2011","158,04","158,54","159,37","157,99","16,39K","0,01%"
"16.12.2011","158,03","158,10","158,84","157,57","14,02K","1,13%"
"15.12.2011","156,26","156,45","158,25","156,24","144,22K","-0,02%"
"14.12.2011","156,29","162,50","162,75","155,28","548,98K","-5,10%"
"13.12.2011","164,69","164,78","165,64","164,64","95,35K","-0,55%"
"12.12.2011","165,60","167,24","167,24","164,76","152,34K","-2,91%"
"09.12.2011","170,56","169,56","170,93","169,56","50,28K","0,47%"
"08.12.2011","169,77","172,54","173,27","170,20","36,60K","-1,47%"
"07.12.2011","172,30","171,30","172,47","171,30","13,74K","1,51%"
"06.12.2011","169,74","170,29","170,90","169,41","3,04K","-1,71%"
"05.12.2011","172,69","173,44","173,52","172,02","12,72K","-0,59%"
"02.12.2011","173,72","173,20","174,16","173,20","12,79K","0,29%"
"01.12.2011","173,21","172,90","173,82","172,68","8,12K","-0,06%"
"30.11.2011","173,31","170,51","173,60","169,43","69,69K","2,00%"
"29.11.2011","169,92","170,43","170,57","169,59","8,65K","-0,19%"
"28.11.2011","170,24","169,56","170,71","169,56","27,87K","1,40%"
"25.11.2011","167,89","166,99","167,94","166,33","13,62K","-0,18%"
"24.11.2011","168,20","166,97","168,80","166,97","20,23K","0,85%"
"23.11.2011","166,78","168,97","168,97","166,79","39,25K","-0,93%"
"22.11.2011","168,34","167,72","168,88","167,48","130,07K","0,21%"
"21.11.2011","167,99","170,58","170,58","168,12","11,15K","-1,98%"
"18.11.2011","171,38","171,46","172,39","170,71","131,30K","-0,75%"
"17.11.2011","172,68","174,40","175,09","172,22","46,13K","-1,85%"
"16.11.2011","175,94","176,35","176,36","174,40","364,88K","0,11%"
"15.11.2011","175,74","175,16","177,12","175,16","28,76K","-0,64%"
"14.11.2011","176,87","176,40","176,80","176,40","1,06K","0,27%"
"11.11.2011","176,39","175,36","176,00","175,15","4,21K","1,65%"
"10.11.2011","173,52","175,16","175,96","173,32","27,68K","-2,56%"
"09.11.2011","178,08","176,79","178,64","176,79","144,35K","-0,07%"
"08.11.2011","178,21","178,01","178,27","177,47","3,04K","0,75%"
"07.11.2011","176,88","175,67","177,03","175,45","57,39K","1,47%"
"04.11.2011","174,31","174,62","174,68","174,01","4,41K","-0,49%"
"03.11.2011","175,16","171,21","175,00","171,21","100,14K","1,47%"
"02.11.2011","172,63","172,11","172,63","171,70","3,68K","2,14%"
"01.11.2011","169,02","169,80","169,92","167,53","79,93K","-1,06%"
"31.10.2011","170,83","171,10","171,10","170,51","15,89K","-1,30%"
"28.10.2011","173,08","172,60","173,23","172,46","67,35K","0,72%"
"27.10.2011","171,84","170,37","171,16","169,99","20,71K","0,72%"
"26.10.2011","170,62","170,03","171,04","168,52","150,31K","1,64%"
"25.10.2011","167,86","164,40","167,86","164,37","181,58K","2,06%"
"24.10.2011","164,47","164,00","164,81","163,60","52,73K","1,17%"
"21.10.2011","162,56","160,89","163,65","160,79","317,65K","1,61%"
"20.10.2011","159,98","161,21","161,74","159,97","11,95K","-2,23%"
"19.10.2011","163,63","164,01","164,78","163,45","265,44K","0,74%"
"18.10.2011","162,42","165,50","165,50","162,53","56,74K","-2,73%"
"17.10.2011","166,98","168,04","168,20","166,92","5,85K","0,63%"
"14.10.2011","165,93","166,60","166,84","166,16","13,03K","0,59%"
"13.10.2011","164,96","166,07","166,69","165,48","15,35K","-1,00%"
"12.10.2011","166,62","166,62","167,61","166,62","12,04K","0,88%"
"11.10.2011","165,16","166,50","166,57","165,09","5,62K","-0,20%"
"10.10.2011","165,49","164,12","165,81","164,12","53,97K","0,92%"
"07.10.2011","163,98","164,81","164,81","163,94","48,46K","0,45%"
"06.10.2011","163,25","163,59","164,00","162,78","21,02K","1,81%"
"05.10.2011","160,34","161,66","161,80","158,76","70,40K","0,11%"
"04.10.2011","160,16","165,82","165,95","162,58","106,29K","-2,16%"
"03.10.2011","163,69","163,37","164,95","163,20","204,52K","1,65%"
"30.09.2011","161,04","161,20","162,15","159,77","58,39K","0,18%"
"29.09.2011","160,75","161,26","162,32","159,27","841,95K","-1,42%"
"28.09.2011","163,06","164,85","164,85","162,56","39,96K","-0,68%"
"27.09.2011","164,18","163,97","166,36","163,77","123,35K","2,60%"
"26.09.2011","160,02","156,65","162,50","156,65","291,84K","-3,86%"
"23.09.2011","166,44","173,56","173,56","165,70","39,62K","-3,13%"
"22.09.2011","171,81","176,33","176,33","171,31","115,01K","-3,84%"
"21.09.2011","178,68","180,12","180,40","177,76","136,92K","-0,32%"
"20.09.2011","179,25","178,40","179,48","177,35","32,51K","1,11%"
"19.09.2011","177,28","178,25","181,12","177,21","56,62K","-1,07%"
"16.09.2011","179,19","177,08","179,19","175,56","18,42K","1,47%"
"15.09.2011","176,60","180,01","180,06","176,30","65,50K","-2,23%"
"14.09.2011","180,62","180,93","181,99","180,69","13,15K","-0,40%"
"13.09.2011","181,35","181,31","181,47","178,29","32,35K","-0,35%"
"12.09.2011","181,99","182,58","183,61","181,68","86,06K","-1,17%"
"09.09.2011","184,15","186,26","187,12","181,91","140,37K","-0,27%"
"08.09.2011","184,64","183,21","184,64","181,80","135,63K","2,48%"
"07.09.2011","180,18","182,56","183,21","179,15","80,68K","-2,98%"
"06.09.2011","185,72","189,25","189,40","185,75","43,39K","-1,52%"
"05.09.2011","188,58","187,33","189,22","187,33","12,29K","1,24%"
"02.09.2011","186,27","182,42","186,85","182,42","90,69K","2,91%"
"01.09.2011","181,00","180,40","181,75","180,40","58,32K","-0,31%"
"31.08.2011","181,57","182,33","182,33","180,20","54,73K","-0,02%"
"30.08.2011","181,60","178,37","182,21","177,72","180,78K","2,67%"
"26.08.2011","176,88","176,09","178,40","176,07","195,47K","2,87%"
"25.08.2011","171,95","173,01","173,22","169,50","86,53K","-2,64%"
"24.08.2011","176,61","182,95","183,90","175,83","65,55K","-5,29%"
"23.08.2011","186,48","188,00","188,00","186,32","239,20K","-0,66%"
"22.08.2011","187,72","187,98","187,98","186,00","17,16K","1,99%"
"19.08.2011","184,06","185,19","185,69","183,90","36,30K","1,56%"
"18.08.2011","181,23","177,94","181,18","177,94","61,12K","2,22%"
"17.08.2011","177,29","177,77","178,04","177,29","14,45K","0,17%"
"16.08.2011","176,99","175,98","177,46","175,75","46,55K","2,08%"
"15.08.2011","173,39","173,26","173,26","172,55","4,84K","0,78%"
"12.08.2011","172,05","174,81","174,87","172,10","425,82K","-1,36%"
"11.08.2011","174,43","176,05","178,08","174,41","927,70K","-1,41%"
"10.08.2011","176,92","173,76","176,92","173,76","6,17K","2,84%"
"09.08.2011","172,03","174,03","175,91","171,00","436,18K","1,34%"
"08.08.2011","169,76","170,04","170,04","168,52","95,83K","2,87%"
"05.08.2011","165,03","164,70","166,47","164,00","1,91M","-1,06%"
"04.08.2011","166,80","165,33","167,27","165,13","519,57K","0,55%"
"03.08.2011","165,88","165,82","166,16","165,64","31,08K","1,77%"
"02.08.2011","162,99","161,47","163,09","161,47","86,20K","0,59%"
"01.08.2011","162,03","160,64","162,50","160,62","76,54K","0,30%"
"29.07.2011","161,54","160,38","162,26","160,27","3,69K","1,12%"
"28.07.2011","159,75","160,71","161,00","159,55","2,47K","-0,60%"
"27.07.2011","160,72","161,57","161,76","160,89","26,24K","0,11%"
"26.07.2011","160,55","160,43","165,10","160,23","0,55K","-0,11%"
"25.07.2011","160,72","160,97","161,22","160,65","23,05K","0,64%"
"22.07.2011","159,69","158,08","159,76","157,81","53,24K","0,33%"
"21.07.2011","159,16","159,36","159,36","158,64","6,34K","0,37%"
"20.07.2011","158,57","158,07","158,30","157,61","135,10K","-0,56%"
"19.07.2011","159,47","159,98","159,98","159,15","1,81K","-0,21%"
"18.07.2011","159,81","159,07","159,81","158,77","71,68K","1,15%"
"15.07.2011","158,00","157,33","157,88","157,03","89,11K","0,18%"
"14.07.2011","157,71","157,52","158,48","157,02","207,88K","-0,06%"
"13.07.2011","157,81","155,99","157,71","155,99","106,43K","2,16%"
"12.07.2011","154,47","154,14","155,22","153,75","583,18K","0,53%"
"11.07.2011","153,66","153,70","154,76","153,47","33,72K","0,17%"
"08.07.2011","153,40","152,27","153,50","151,69","27,06K","0,92%"
"07.07.2011","152,00","152,37","152,37","151,92","1,97K","-0,37%"
"06.07.2011","152,57","151,10","152,46","150,36","77,28K","1,59%"
"05.07.2011","150,18","148,72","150,30","148,72","137,97K","0,98%"
"04.07.2011","148,72","148,46","148,85","148,46","1,37K","0,55%"
"01.07.2011","147,91","149,19","149,19","147,66","16,48K","-1,37%"
"30.06.2011","149,97","150,30","151,26","149,93","88,70K","-0,27%"
"29.06.2011","150,37","150,19","150,19","149,79","7,22K","0,64%"
"28.06.2011","149,41","149,40","149,64","149,12","1,68K","0,23%"
"27.06.2011","149,06","148,35","149,87","148,35","5,19K","-0,65%"
"24.06.2011","150,03","151,03","151,35","149,91","82,56K","-0,68%"
"23.06.2011","151,06","153,59","153,65","151,07","1,64K","-2,50%"
"22.06.2011","154,93","153,75","154,96","153,50","3,90K","0,76%"
"21.06.2011","153,76","153,41","153,83","153,41","12,20K","0,48%"
"20.06.2011","153,03","152,89","153,09","152,80","1,24K","-0,12%"
"17.06.2011","153,22","151,90","153,35","151,41","77,69K","0,88%"
"16.06.2011","151,88","152,04","152,08","151,70","4,79K","-0,20%"
"15.06.2011","152,18","151,25","152,50","150,70","15,39K","0,65%"
"14.06.2011","151,19","151,14","151,37","150,44","10,55K","-0,36%"
"13.06.2011","151,74","151,92","152,01","151,51","33,88K","-0,56%"
"10.06.2011","152,60","153,52","158,54","151,93","24,76K","-0,63%"
"09.06.2011","153,56","152,85","152,90","152,62","1,40K","0,47%"
"08.06.2011","152,84","153,03","153,08","152,60","123,69K","-0,09%"
"07.06.2011","152,98","153,88","153,88","152,90","51,60K","-0,88%"
"06.06.2011","154,34","153,60","154,10","153,48","3,49K","0,97%"
"03.06.2011","152,85","152,50","153,42","152,04","5,27K","1,06%"
"02.06.2011","151,24","153,29","153,29","151,60","144,21K","-1,90%"
"01.06.2011","154,17","152,46","152,86","152,30","2,34K","0,82%"
"31.05.2011","152,92","152,83","153,12","152,70","22,05K","0,24%"
"27.05.2011","152,56","151,86","152,06","151,82","4,57K","0,87%"
"26.05.2011","151,24","151,67","151,83","151,07","148,25K","-0,60%"
"25.05.2011","152,16","151,71","152,19","151,65","4,47K","0,37%"
"24.05.2011","151,60","150,90","151,85","150,90","693,38K","0,91%"
"23.05.2011","150,24","149,91","150,52","149,62","31,29K","-0,18%"
"20.05.2011","150,51","149,46","149,85","148,84","18,60K","1,61%"
"19.05.2011","148,12","148,84","148,84","147,96","138,33K","-0,48%"
"18.05.2011","148,84","148,66","149,00","148,46","6,99K","1,42%"
"17.05.2011","146,75","148,69","148,77","147,18","3,79K","-1,55%"
"16.05.2011","149,06","148,69","149,44","148,15","12,83K","-0,21%"
"13.05.2011","149,38","150,68","150,68","149,74","0,44K","0,52%"
"12.05.2011","148,61","147,70","148,71","147,22","11,05K","-1,01%"
"11.05.2011","150,13","151,64","151,74","149,68","11,29K","-0,24%"
"10.05.2011","150,49","150,05","150,88","150,05","16,87K","0,42%"
"09.05.2011","149,86","149,60","150,11","149,15","108,78K","0,83%"
"06.05.2011","148,62","147,16","147,73","147,16","31,17K","0,62%"
"05.05.2011","147,70","151,10","153,21","148,20","174,19K","-2,49%"
"04.05.2011","151,47","152,90","153,40","151,82","37,69K","-1,42%"
"03.05.2011","153,65","153,99","153,99","152,42","373,05K","0,46%"
"28.04.2011","152,94","152,50","152,92","150,24","28,19K","2,04%"
"27.04.2011","149,88","149,98","150,39","149,69","197,24K","0,50%"
"26.04.2011","149,14","149,64","149,77","149,14","3,01K","-0,33%"
"21.04.2011","149,63","149,80","150,00","149,35","141,65K","0,01%"
"20.04.2011","149,62","149,06","149,74","149,06","3,50K","0,67%"
"19.04.2011","148,62","148,83","148,83","148,16","5,12K","0,06%"
"18.04.2011","148,53","147,74","148,06","147,09","21,95K","0,59%"
"15.04.2011","147,66","146,91","147,71","146,58","22,87K","1,10%"
"14.04.2011","146,06","145,39","146,15","145,33","0,49K","0,68%"
"13.04.2011","145,07","145,04","145,35","144,94","10,34K","0,61%"
"12.04.2011","144,19","145,18","145,57","144,10","4,69K","-1,30%"
"11.04.2011","146,09","146,51","146,51","145,97","18,88K","-0,30%"
"08.04.2011","146,53","145,91","146,56","145,91","6,52K","0,88%"
"07.04.2011","145,25","144,77","145,31","144,77","162,46K","0,23%"
"06.04.2011","144,92","145,14","145,35","144,74","235,29K","0,61%"
"05.04.2011","144,04","143,09","144,22","142,36","5,26K","0,95%"
"04.04.2011","142,68","142,65","143,06","142,61","1,80K","0,63%"
"01.04.2011","141,79","142,80","142,83","141,29","8,43K","-0,85%"
"31.03.2011","143,00","141,87","143,03","141,87","265,27K","1,44%"
"30.03.2011","140,97","141,27","141,48","141,12","7,28K","-0,33%"
"29.03.2011","141,44","141,04","141,43","140,60","13,90K","0,16%"
"28.03.2011","141,22","141,35","141,35","140,60","1,71K","-0,58%"
"25.03.2011","142,05","142,72","143,11","142,62","351,34K","-1,32%"
"24.03.2011","143,95","143,25","144,06","143,25","13,61K","0,54%"
"23.03.2011","143,18","142,52","142,74","142,43","0,80K","0,78%"
"22.03.2011","142,07","142,38","142,42","101,83","326,91K","-0,35%"
"21.03.2011","142,57","142,06","142,62","142,00","23,57K","0,95%"
"18.03.2011","141,23","140,74","141,42","140,69","21,49K","1,22%"
"17.03.2011","139,53","139,44","139,62","139,05","214,25K","0,22%"
"16.03.2011","139,22","139,19","139,81","139,19","1,97K","0,13%"
"15.03.2011","139,04","140,74","140,74","138,33","13,97K","-2,08%"
"14.03.2011","142,00","142,27","142,41","141,71","14,15K","0,72%"
"11.03.2011","140,98","140,77","140,99","140,21","338,44K","0,61%"
"10.03.2011","140,12","142,20","142,44","139,75","220,74K","-1,28%"
"09.03.2011","141,94","141,85","142,86","141,82","66,68K","-0,27%"
"08.03.2011","142,32","142,30","142,94","142,11","6,01K","-0,18%"
"07.03.2011","142,57","142,98","143,78","142,87","3,78K","0,13%"
"04.03.2011","142,38","141,02","142,35","141,02","3,45K","0,47%"
"03.03.2011","141,71","142,01","142,70","141,40","34,30K","-1,08%"
"02.03.2011","143,25","142,30","143,40","142,27","259,00K","1,10%"
"01.03.2011","141,69","140,78","141,66","140,73","23,15K","0,65%"
"28.02.2011","140,77","140,50","140,80","140,50","5,41K","0,39%"
"25.02.2011","140,22","139,79","140,54","139,69","6,21K","-0,31%"
"24.02.2011","140,66","140,81","141,07","140,57","34,42K","0,09%"
"23.02.2011","140,54","139,49","140,76","139,49","493,70K","0,16%"
"22.02.2011","140,31","139,47","139,76","139,00","26,22K","0,22%"
"21.02.2011","140,00","139,18","139,98","139,04","1,37K","1,21%"
"18.02.2011","138,32","138,14","138,32","137,41","20,45K","0,39%"
"17.02.2011","137,78","137,30","137,90","137,30","70,07K","0,28%"
"16.02.2011","137,40","137,06","137,40","136,66","44,76K","0,25%"
"15.02.2011","137,06","135,79","136,85","135,79","13,59K","0,80%"
"14.02.2011","135,97","135,79","135,81","135,67","0,58K","0,18%"
"11.02.2011","135,73","135,75","136,05","135,33","4,67K","-0,08%"
"10.02.2011","135,84","135,62","135,62","135,02","4,41K","0,35%"
"09.02.2011","135,37","135,70","136,08","135,70","12,48K","-0,59%"
"08.02.2011","136,18","135,06","135,90","134,37","36,54K","1,24%"
"07.02.2011","134,51","134,24","134,58","134,19","39,59K","0,34%"
"04.02.2011","134,06","134,56","135,22","134,06","68,18K","1,06%"
"03.02.2011","132,65","132,36","133,92","132,03","59,41K","-0,23%"
"02.02.2011","132,95","133,14","133,19","132,61","16,15K","0,23%"
"01.02.2011","132,64","133,24","133,24","132,21","18,99K","0,28%"
"31.01.2011","132,27","132,71","132,84","132,05","11,65K","-0,52%"
"28.01.2011","132,96","131,01","132,07","130,46","5,86K","1,31%"
"27.01.2011","131,24","133,64","133,64","131,68","9,58K","-0,53%"
"26.01.2011","131,94","133,05","133,18","131,90","12,91K","0,03%"
"25.01.2011","131,90","132,54","132,69","131,80","13,58K","-1,60%"
"24.01.2011","134,05","134,14","134,25","133,80","1,08K","0,17%"
"21.01.2011","133,82","134,19","134,19","133,35","4,47K","-0,23%"
"20.01.2011","134,13","135,80","135,84","134,80","3,85K","-1,82%"
"19.01.2011","136,61","137,01","137,01","136,40","3,77K","0,16%"
"18.01.2011","136,39","136,03","136,50","136,03","0,70K","0,67%"
"17.01.2011","135,48","135,58","135,58","135,22","529,24K","0,30%"
"14.01.2011","135,08","136,90","136,90","135,08","331,34K","-2,06%"
"13.01.2011","137,92","137,97","137,97","137,79","0,33K","0,52%"
"12.01.2011","137,21","138,00","138,14","137,13","126,74K","-0,09%"
"11.01.2011","137,34","137,67","137,83","136,96","34,97K","0,57%"
"10.01.2011","136,56","136,84","136,84","136,00","11,62K","-0,29%"
"07.01.2011","136,96","136,07","137,13","135,45","30,90K","0,18%"
"06.01.2011","136,72","137,09","141,01","135,94","46,62K","-0,09%"
"05.01.2011","136,85","137,69","137,84","135,93","8,90K","-0,89%"
"04.01.2011","138,08","140,89","140,89","137,70","51,43K","-1,81%"
"31.12.2010","140,62","140,34","140,72","140,22","10,43K","0,44%"
"30.12.2010","140,00","140,80","140,88","140,00","19,66K","-0,35%"
"29.12.2010","140,49","140,27","140,52","139,70","22,15K","2,51%"
"24.12.2010","137,05","140,00","140,00","140,00","0,05K","-0,21%"
"23.12.2010","137,34","137,71","137,83","137,31","16,85K","-0,62%"
"22.12.2010","138,20","138,37","138,42","138,05","1,12K","0,12%"
"21.12.2010","138,03","138,12","138,54","137,97","1,11K","0,15%"
"20.12.2010","137,82","138,04","138,04","137,34","1,74K","1,06%"
"17.12.2010","136,37","137,07","137,07","136,11","6,51K","0,01%"
"16.12.2010","136,35","137,84","137,94","135,71","13,42K","-1,47%"
"15.12.2010","138,38","138,50","138,68","138,35","30,56K","-0,43%"
"14.12.2010","138,98","138,70","139,19","138,70","19,33K","0,08%"
"13.12.2010","138,87","138,40","139,13","138,22","33,47K","1,09%"
"10.12.2010","137,37","138,54","138,54","137,68","9,95K","-0,36%"
"09.12.2010","137,86","138,51","138,59","137,61","46,23K","0,38%"
"08.12.2010","137,34","139,10","139,10","136,72","142,81K","-2,60%"
"07.12.2010","141,01","142,40","142,40","140,71","5,16K","-0,31%"
"06.12.2010","141,45","140,84","141,46","140,80","50,97K","0,96%"
"03.12.2010","140,10","138,34","140,29","138,30","84,83K","0,67%"
"02.12.2010","139,17","138,44","138,73","138,05","6,90K","0,72%"
"01.12.2010","138,18","138,77","139,01","137,86","113,08K","0,17%"
"30.11.2010","137,95","136,54","137,99","136,38","0,81K","1,26%"
"29.11.2010","136,24","136,10","136,23","135,45","40,93K","0,85%"
"26.11.2010","135,09","136,12","136,19","135,12","52,39K","-1,34%"
"25.11.2010","136,92","136,49","136,97","136,49","39,20K","0,09%"
"24.11.2010","136,80","137,40","137,44","136,99","12,12K","-0,28%"
"23.11.2010","137,18","136,00","137,30","135,57","10,05K","1,83%"
"22.11.2010","134,71","135,62","135,67","135,00","1,05K","-0,05%"
"19.11.2010","134,78","135,66","135,66","134,22","16,75K","-0,31%"
"18.11.2010","135,20","135,33","135,33","134,33","85,06K","1,15%"
"17.11.2010","133,66","132,79","133,84","132,79","6,40K","0,59%"
"16.11.2010","132,88","135,70","135,83","134,48","227,74K","-2,89%"
"15.11.2010","136,83","136,18","136,96","136,13","5,31K","-0,31%"
"12.11.2010","137,26","137,94","138,59","137,30","16,96K","-1,83%"
"11.11.2010","139,82","140,40","140,54","139,60","13,32K","0,87%"
"10.11.2010","138,61","139,66","139,66","138,61","6,70K","-1,97%"
"09.11.2010","141,39","140,82","141,58","140,82","5,57K","1,68%"
"08.11.2010","139,06","138,37","138,52","138,27","3,36K","0,24%"
"05.11.2010","138,73","138,98","138,98","138,98","0,15K","0,79%"
"04.11.2010","137,64","135,37","137,60","135,37","24,12K","3,12%"
"03.11.2010","133,47","135,00","135,00","134,97","1,07K","-0,81%"
"02.11.2010","134,56","135,77","135,77","134,75","35,33K","-0,16%"
"01.11.2010","134,77","135,76","135,90","134,85","7,67K","0,19%"
"29.10.2010","134,51","133,55","134,75","133,49","57,34K","0,53%"
"28.10.2010","133,80","132,20","132,80","132,08","13,33K","1,44%"
"27.10.2010","131,90","132,73","132,96","131,83","60,63K","-0,85%"
"26.10.2010","133,03","133,45","133,45","132,48","166,77K","-0,31%"
"25.10.2010","133,45","134,36","134,36","132,98","37,04K","1,25%"
"22.10.2010","131,80","131,97","132,00","131,30","16,23K","-1,13%"
"21.10.2010","133,30","133,70","134,18","133,67","54,65K","-0,41%"
"20.10.2010","133,85","133,42","133,94","133,23","29,83K","0,27%"
"19.10.2010","133,49","136,42","136,42","133,38","28,61K","-2,18%"
"18.10.2010","136,46","135,76","136,68","135,35","181,85K","-0,42%"
"15.10.2010","137,04","137,47","137,47","136,26","27,61K","0,19%"
"14.10.2010","136,78","137,97","137,97","136,85","78,66K","0,15%"
"13.10.2010","136,57","135,24","136,85","135,24","4,81K","1,77%"
"12.10.2010","134,20","134,26","134,32","134,26","0,29K","-0,12%"
"11.10.2010","134,36","134,01","134,40","133,74","5,37K","-0,10%"
"08.10.2010","134,49","133,22","134,49","133,22","5,23K","1,07%"
"07.10.2010","133,07","135,31","135,61","132,77","1,32K","-0,95%"
"06.10.2010","134,35","134,11","134,51","133,97","4,29K","0,66%"
"05.10.2010","133,47","131,37","133,47","131,37","11,77K","1,78%"
"04.10.2010","131,13","137,63","137,63","131,00","1,69K","-0,05%"
"01.10.2010","131,20","135,00","135,00","130,77","5,82K","1,43%"
"30.09.2010","129,35","129,35","129,35","129,35","","-0,98%"
"29.09.2010","130,63","130,89","130,89","130,54","18,27K","0,34%"
"28.09.2010","130,19","128,40","129,17","128,25","14,44K","0,81%"
"27.09.2010","129,15","122,82","129,50","122,82","13,56K","0,01%"
"24.09.2010","129,14","128,98","129,40","128,98","5,18K","0,05%"
"23.09.2010","129,07","128,91","128,91","128,76","0,19K","0,37%"
"22.09.2010","128,60","129,00","129,00","129,00","37,67K","1,27%"
"21.09.2010","126,99","127,28","127,60","127,02","20,19K","-0,66%"
"20.09.2010","127,84","127,78","127,80","127,78","4,62K","0,48%"
"17.09.2010","127,23","127,66","127,76","126,50","59,84K","0,20%"
"16.09.2010","126,97","126,27","126,27","126,27","0,12K","0,42%"
"15.09.2010","126,44","126,57","126,57","126,22","261,19K","-0,12%"
"14.09.2010","126,59","124,60","126,26","124,60","6,62K","2,25%"
"13.09.2010","123,81","124,07","124,13","123,99","9,97K","-0,55%"
"10.09.2010","124,49","124,26","124,51","123,62","20,19K","0,25%"
"09.09.2010","124,18","124,94","125,21","124,94","2,59K","-1,00%"
"08.09.2010","125,44","125,50","125,53","125,21","6,96K","0,26%"
"07.09.2010","125,12","124,34","125,26","124,34","32,86K","0,75%"
"06.09.2010","124,19","124,75","124,75","123,84","55,61K","-0,22%"
"03.09.2010","124,47","124,82","124,82","123,66","257,54K","-0,14%"
"02.09.2010","124,65","124,65","124,78","124,65","13,02K","0,43%"
"01.09.2010","124,12","124,58","124,93","124,16","48,50K","-0,17%"
"31.08.2010","124,33","123,01","124,07","123,01","1,90K","0,57%"
"27.08.2010","123,63","123,29","123,78","123,27","6,79K","0,04%"
"26.08.2010","123,58","123,89","123,93","123,43","12,46K","0,06%"
"25.08.2010","123,51","122,80","123,51","122,80","15,13K","0,49%"
"24.08.2010","122,91","121,62","122,98","121,42","6,13K","0,66%"
"23.08.2010","122,11","122,11","122,11","122,11","","-0,17%"
"20.08.2010","122,32","122,74","122,74","121,96","5,37K","-0,60%"
"19.08.2010","123,06","122,61","123,14","122,61","6,31K","0,48%"
"18.08.2010","122,47","122,03","122,03","121,47","6,25K","0,27%"
"17.08.2010","122,14","122,36","122,41","122,21","0,69K","0,09%"
"16.08.2010","122,03","121,50","122,18","121,50","1,19K","0,93%"
"13.08.2010","120,90","121,31","121,31","120,92","5,03K","-0,01%"
"12.08.2010","120,91","120,40","121,11","120,40","1,24K","1,43%"
"11.08.2010","119,20","120,01","120,05","119,08","6,14K","-0,08%"
"10.08.2010","119,30","119,29","119,29","118,94","1,25K","-0,44%"
"09.08.2010","119,83","120,70","120,70","119,68","5,97K","-0,58%"
"06.08.2010","120,53","120,45","120,46","120,41","1,01K","1,33%"
"05.08.2010","118,95","119,20","119,49","118,81","5,42K","-0,59%"
"04.08.2010","119,66","119,11","119,77","119,11","6,73K","0,84%"
"03.08.2010","118,66","118,29","118,66","118,22","75,34K","0,48%"
"02.08.2010","118,09","117,96","117,96","117,96","3,17K","0,75%"
"30.07.2010","117,21","116,60","117,14","116,60","89,87K","1,17%"
"29.07.2010","115,85","115,86","116,09","115,85","13,11K","0,13%"
"28.07.2010","115,70","115,94","115,94","115,48","16,38K","-0,23%"
"27.07.2010","115,97","118,16","118,37","115,96","20,18K","-1,89%"
"26.07.2010","118,20","118,56","118,63","117,93","5,92K","-0,65%"
"23.07.2010","118,97","119,26","119,48","118,80","1,12K","-0,29%"
"22.07.2010","119,32","118,19","119,50","118,18","78,95K","0,51%"
"21.07.2010","118,71","118,50","119,04","118,43","98,28K","-0,03%"
"20.07.2010","118,75","118,40","118,40","118,40","0,37K","1,02%"
"19.07.2010","117,55","118,91","118,91","117,40","45,55K","-0,96%"
"16.07.2010","118,69","120,43","120,43","118,80","13,65K","-1,71%"
"15.07.2010","120,75","120,75","120,75","120,75","","-0,39%"
"14.07.2010","121,22","120,97","120,97","120,49","3,99K","-0,02%"
"13.07.2010","121,24","121,31","121,31","121,11","204,56K","1,39%"
"12.07.2010","119,58","120,53","120,54","119,40","79,06K","-0,89%"
"09.07.2010","120,65","119,33","120,68","119,33","22,59K","1,57%"
"08.07.2010","118,79","120,29","120,29","118,49","9,05K","-0,32%"
"07.07.2010","119,17","118,58","119,04","118,58","12,58K","0,22%"
"06.07.2010","118,91","120,88","120,88","118,68","6,09K","-1,16%"
"05.07.2010","120,31","120,41","120,43","120,25","13,56K","0,02%"
"02.07.2010","120,29","120,86","120,88","120,21","11,32K","-1,23%"
"01.07.2010","121,79","123,78","123,85","121,39","89,10K","-1,90%"
"30.06.2010","124,15","124,06","124,21","123,70","17,09K","0,65%"
"29.06.2010","123,35","123,17","123,54","123,11","69,14K","-1,13%"
"28.06.2010","124,76","125,29","125,29","124,45","7,52K","-0,24%"
"25.06.2010","125,06","124,21","125,13","124,17","7,19K","0,56%"
"24.06.2010","124,36","123,10","124,51","123,05","18,99K","1,28%"
"23.06.2010","122,79","123,77","124,10","122,24","9,52K","-0,80%"
"22.06.2010","123,78","123,45","123,53","122,90","6,10K","-1,06%"
"21.06.2010","125,10","125,95","125,95","124,95","4,45K","-0,45%"
"18.06.2010","125,66","124,15","125,60","124,15","9,21K","1,11%"
"17.06.2010","124,28","123,20","124,30","122,91","185,82K","1,02%"
"16.06.2010","123,02","123,25","123,32","123,07","22,07K","0,58%"
"15.06.2010","122,31","121,96","122,10","121,96","12,53K","0,76%"
"14.06.2010","121,39","122,40","122,40","121,62","0,37K","-0,65%"
"11.06.2010","122,18","121,85","122,33","121,85","10,17K","0,17%"
"10.06.2010","121,97","122,43","122,43","122,43","0,38K","-0,24%"
"09.06.2010","122,26","123,35","123,35","123,35","0,20K","-1,41%"
"08.06.2010","124,01","124,43","124,53","124,06","15,51K","0,86%"
"07.06.2010","122,95","121,39","121,86","121,28","4,61K","2,35%"
"04.06.2010","120,13","120,44","120,44","119,67","15,31K","-0,69%"
"03.06.2010","120,96","122,19","122,24","120,96","195,23K","-0,56%"
"02.06.2010","121,64","122,03","122,03","121,50","12,02K","-0,56%"
"01.06.2010","122,33","121,81","122,56","121,55","60,64K","1,87%"
"28.05.2010","120,08","121,10","121,14","120,27","12,78K","-0,83%"
"27.05.2010","121,08","120,97","121,28","120,97","3,03K","0,18%"
"26.05.2010","120,86","121,25","121,25","121,25","0,28K","1,17%"
"25.05.2010","119,46","118,60","119,70","118,60","57,71K","0,47%"
"24.05.2010","118,90","118,71","119,01","118,50","7,02K","0,41%"
"21.05.2010","118,42","117,65","118,42","117,08","1,49K","-0,44%"
"20.05.2010","118,94","118,56","118,56","118,56","0,17K","-0,28%"
"19.05.2010","119,27","120,97","121,76","119,35","76,03K","-1,80%"
"18.05.2010","121,46","121,91","121,91","121,19","1,14K","-1,23%"
"17.05.2010","122,97","122,90","122,90","122,51","27,57K","0,44%"
"14.05.2010","122,43","123,33","124,37","121,78","6,49K","-1,26%"
"13.05.2010","123,99","123,66","123,66","123,21","25,37K","0,38%"
"12.05.2010","123,52","123,05","123,82","122,89","142,54K","1,55%"
"11.05.2010","121,63","120,41","121,95","120,37","12,62K","1,86%"
"10.05.2010","119,41","119,51","119,75","118,77","62,54K","-0,24%"
"07.05.2010","119,70","119,52","120,05","119,52","59,16K","0,73%"
"06.05.2010","118,83","117,25","118,78","117,25","50,26K","1,49%"
"05.05.2010","117,08","116,97","116,97","115,72","13,89K","0,06%"
"04.05.2010","117,01","117,55","118,84","117,55","2,20K","-0,71%"
"30.04.2010","117,85","117,21","117,95","117,20","20,05K","1,39%"
"29.04.2010","116,23","116,61","116,91","116,34","27,89K","-0,76%"
"28.04.2010","117,12","116,31","116,67","115,97","604,55K","1,10%"
"27.04.2010","115,84","115,27","115,84","115,27","32,41K","0,55%"
"26.04.2010","115,21","115,66","115,66","115,13","7,13K","-0,01%"
"23.04.2010","115,22","113,91","113,91","113,91","0,82K","1,59%"
"22.04.2010","113,42","113,99","113,99","113,99","0,00K","-0,28%"
"21.04.2010","113,74","114,15","114,24","113,79","1,56K","0,02%"
"20.04.2010","113,72","113,59","114,10","113,59","3,66K","0,42%"
"19.04.2010","113,25","112,55","113,17","112,55","13,77K","-0,33%"
"16.04.2010","113,62","115,25","115,25","113,68","13,76K","-1,84%"
"15.04.2010","115,75","115,76","115,76","115,76","0,44K","-0,01%"
"14.04.2010","115,76","115,77","115,88","115,29","2,04K","0,90%"
"13.04.2010","114,73","114,91","114,91","114,91","1,14K","-1,24%"
"12.04.2010","116,17","116,35","116,35","116,10","17,29K","-0,02%"
"09.04.2010","116,19","119,50","119,50","114,99","22,08K","1,13%"
"08.04.2010","114,89","114,66","115,15","114,66","0,98K","0,38%"
"07.04.2010","114,45","113,69","113,69","113,69","3,01K","0,73%"
"06.04.2010","113,62","112,75","112,75","112,57","2,43K","0,95%"
"01.04.2010","112,55","111,09","111,52","111,09","8,58K","1,14%"
"31.03.2010","111,28","110,69","110,69","110,69","0,96K","0,95%"
"30.03.2010","110,23","111,06","111,06","111,00","2,84K","-0,77%"
"29.03.2010","111,08","110,83","110,83","110,83","0,71K","1,11%"
"26.03.2010","109,86","109,86","109,86","109,86","","0,86%"
"25.03.2010","108,92","109,15","109,15","109,15","1,39K","-0,05%"
"24.03.2010","108,97","109,06","109,06","109,06","0,44K","-1,31%"
"23.03.2010","110,42","110,23","110,50","109,74","1,93K","0,49%"
"22.03.2010","109,88","110,61","110,61","109,64","3,25K","-0,30%"
"19.03.2010","110,21","112,23","112,23","110,56","1,29K","-2,04%"
"18.03.2010","112,50","112,50","112,50","112,50","","0,20%"
"17.03.2010","112,28","112,98","112,98","112,37","2,83K","-0,02%"
"16.03.2010","112,30","111,06","111,06","111,06","0,29K","1,92%"
"15.03.2010","110,18","110,38","110,38","110,17","0,98K","-0,32%"
"12.03.2010","110,53","110,53","110,53","110,53","","0,20%"
"11.03.2010","110,31","110,59","110,59","110,56","1,55K","-1,18%"
"10.03.2010","111,63","112,27","112,27","112,27","0,25K","-0,08%"
"09.03.2010","111,72","112,01","112,01","112,01","0,70K","-0,20%"
"08.03.2010","111,94","113,45","113,45","113,38","2,50K","-1,63%"
"05.03.2010","113,79","113,32","113,91","113,32","21,30K","1,02%"
"04.03.2010","112,64","113,47","113,47","112,62","3,66K","-1,28%"
"03.03.2010","114,10","113,36","113,55","113,36","2,12K","0,79%"
"02.03.2010","113,21","111,79","111,79","111,79","1,16K","1,35%"
"01.03.2010","111,70","111,95","111,95","111,38","2,10K","0,26%"
"26.02.2010","111,41","110,96","110,96","110,96","0,82K","1,87%"
"25.02.2010","109,36","108,99","109,02","108,99","6,61K","-0,17%"
"24.02.2010","109,55","110,24","110,24","109,17","7,79K","-0,77%"
"23.02.2010","110,40","111,78","111,78","111,78","0,25K","-0,64%"
"22.02.2010","111,11","111,11","111,11","111,11","","-0,49%"
"19.02.2010","111,66","110,59","111,48","110,59","1,33K","0,04%"
"18.02.2010","111,61","109,73","111,93","109,73","1,37K","0,36%"
"17.02.2010","111,21","112,23","112,23","111,80","266,48K","-0,44%"
"16.02.2010","111,70","111,09","111,09","111,09","1,09K","1,66%"
"15.02.2010","109,88","109,42","109,80","109,42","6,63K","1,31%"
"12.02.2010","108,46","113,50","113,50","107,80","7,86K","-0,25%"
"11.02.2010","108,73","107,78","108,33","107,74","9,10K","1,94%"
"10.02.2010","106,66","107,63","107,63","107,63","0,88K","-0,68%"
"09.02.2010","107,39","106,84","107,65","106,68","62,78K","0,83%"
"08.02.2010","106,51","106,50","106,50","106,50","0,43K","1,36%"
"05.02.2010","105,08","106,17","106,17","106,17","1,35K","-1,31%"
"04.02.2010","106,48","110,41","110,41","110,41","0,21K","-4,18%"
"03.02.2010","111,13","112,10","112,33","112,10","8,52K","-0,37%"
"02.02.2010","111,54","110,35","111,10","110,06","14,90K","1,78%"
"01.02.2010","109,59","108,01","108,57","108,01","25,59K","2,16%"
"29.01.2010","107,27","108,85","108,85","108,85","2,00K","-0,80%"
"28.01.2010","108,14","108,56","109,00","108,56","5,28K","-1,12%"
"27.01.2010","109,37","109,42","109,42","109,17","1,47K","-0,37%"
"26.01.2010","109,78","109,12","109,78","109,12","8,01K","0,22%"
"25.01.2010","109,54","109,90","109,90","109,42","0,86K","-0,01%"
"22.01.2010","109,55","109,67","109,67","108,69","8,22K","0,51%"
"21.01.2010","108,99","111,15","111,15","109,26","118,89K","-1,58%"
"20.01.2010","110,74","113,05","113,05","112,29","6,14K","-2,07%"
"19.01.2010","113,08","113,08","113,08","113,08","","-0,04%"
"18.01.2010","113,12","113,41","113,41","113,13","5,83K","0,12%"
"15.01.2010","112,99","113,29","113,29","113,10","3,80K","-0,44%"
"14.01.2010","113,49","114,03","114,03","113,39","6,12K","1,15%"
"13.01.2010","112,20","112,59","113,37","112,30","17,63K","-2,13%"
"12.01.2010","114,64","115,48","115,48","114,44","18,99K","-0,49%"
"11.01.2010","115,21","115,52","115,70","115,52","1,22K","2,30%"
"08.01.2010","112,62","111,79","112,76","111,79","44,30K","-0,28%"
"07.01.2010","112,94","112,79","112,79","112,79","0,20K","-0,47%"
"06.01.2010","113,47","112,31","112,33","112,31","11,10K","1,30%"
"05.01.2010","112,01","112,46","112,46","111,89","0,57K","0,09%"
"04.01.2010","111,91","111,29","112,16","111,29","1,83K","1,53%"
"31.12.2009","110,22","110,12","110,12","110,12","0,12K","1,18%"
"30.12.2009","108,93","108,93","108,93","108,93","","-0,69%"
"29.12.2009","109,69","110,26","110,26","110,26","0,10K","-0,36%"
"24.12.2009","110,09","110,20","110,20","110,20","0,05K","0,84%"
"23.12.2009","109,17","108,23","108,23","107,99","3,55K","1,24%"
"22.12.2009","107,83","109,44","109,44","108,00","7,41K","-1,86%"
"21.12.2009","109,87","110,41","110,41","110,41","0,00K","-0,34%"
"18.12.2009","110,24","109,69","109,69","109,69","0,63K","-0,82%"
"17.12.2009","111,15","111,15","111,15","111,15","","-2,13%"
"16.12.2009","113,57","112,36","112,36","112,36","1,59K","1,55%"
"15.12.2009","111,84","112,06","112,06","112,06","0,65K","-0,40%"
"14.12.2009","112,29","112,35","112,35","111,50","2,53K","1,13%"
"11.12.2009","111,04","112,68","112,68","112,68","1,28K","-1,21%"
"10.12.2009","112,40","112,69","112,69","112,00","0,22K","-1,32%"
"09.12.2009","113,90","113,55","114,39","113,55","15,64K","-0,77%"
"08.12.2009","114,78","114,14","114,78","114,14","2,00K","0,64%"
"07.12.2009","114,05","115,41","115,41","114,13","14,58K","-2,23%"
"04.12.2009","116,65","118,53","118,61","117,80","12,72K","-3,75%"
"03.12.2009","121,20","121,96","121,96","121,32","0,84K","0,27%"
"02.12.2009","120,87","120,87","120,87","120,87","","0,88%"
"01.12.2009","119,81","118,78","119,37","118,78","10,16K","2,42%"
"30.11.2009","116,98","116,98","116,98","116,98","","-0,48%"
"27.11.2009","117,54","115,71","116,24","115,71","1,35K","-0,56%"
"26.11.2009","118,20","118,20","118,20","118,20","","-0,04%"
"25.11.2009","118,25","118,25","118,25","118,25","","1,64%"
"24.11.2009","116,34","116,34","116,34","116,34","","-0,41%"
"23.11.2009","116,82","116,82","116,82","116,82","","2,43%"
"20.11.2009","114,05","114,05","114,05","114,05","","0,61%"
"19.11.2009","113,36","113,36","113,36","113,36","9,00K","-1,05%"
"18.11.2009","114,56","114,46","114,68","114,46","15,76K","0,86%"
"17.11.2009","113,58","113,58","113,58","113,58","","0,15%"
"16.11.2009","113,41","113,41","113,41","113,41","199,20K","1,82%"
"13.11.2009","111,38","111,38","111,38","111,38","","0,53%"
"12.11.2009","110,79","111,70","111,70","110,79","6,71K","-0,35%"
"11.11.2009","111,18","111,37","111,43","111,37","326,93K","1,21%"
"10.11.2009","109,85","109,73","110,16","109,73","0,14K","0,53%"
"06.11.2009","109,27","109,27","109,27","109,27","","0,17%"
"05.11.2009","109,09","109,09","109,09","109,09","","-0,01%"
"04.11.2009","109,10","109,17","109,17","109,17","3,00K","1,28%"
"03.11.2009","107,72","107,90","107,90","107,90","6,01K","1,62%"
"02.11.2009","106,00","106,09","106,09","106,09","0,11K","2,40%"
"30.10.2009","103,52","103,52","103,52","103,52","","-0,80%"
"29.10.2009","104,36","103,61","104,07","103,61","1,29K","1,57%"
"28.10.2009","102,75","103,45","103,45","103,03","15,35K","-0,65%"
"27.10.2009","103,42","103,42","103,42","103,42","","-1,13%"
"26.10.2009","104,60","105,48","105,58","105,48","10,10K","-0,68%"
"23.10.2009","105,32","105,32","105,32","105,32","","-0,44%"
"22.10.2009","105,79","105,74","105,74","105,74","0,14K","-0,03%"
"21.10.2009","105,82","105,82","105,82","105,82","","0,24%"
"20.10.2009","105,57","106,77","106,77","106,77","0,15K","0,09%"
"19.10.2009","105,47","105,55","105,55","105,55","0,98K","0,09%"
"16.10.2009","105,37","104,82","104,85","104,57","3,62K","-0,27%"
"15.10.2009","105,66","105,84","105,84","105,10","5,20K","-0,34%"
"14.10.2009","106,02","106,76","106,76","106,76","0,50K","0,07%"
"13.10.2009","105,95","105,54","106,24","105,54","6,41K","0,51%"
"12.10.2009","105,41","105,03","105,03","105,03","0,19K","0,57%"
"09.10.2009","104,81","104,71","104,71","104,71","0,30K","-0,64%"
"08.10.2009","105,49","105,49","105,49","105,49","","1,19%"
"07.10.2009","104,25","104,28","104,43","103,95","40,80K","0,17%"
"06.10.2009","104,07","103,99","104,03","103,99","6,01K","3,72%"
"05.10.2009","100,34","100,42","100,42","100,42","10,70K","0,14%"
"02.10.2009","100,20","99,77","100,20","99,29","18,60K","0,40%"
"01.10.2009","99,80","100,72","100,72","99,97","18,03K","-0,41%"
"30.09.2009","100,21","99,97","100,10","99,55","22,00K","1,02%"
"29.09.2009","99,20","98,52","98,52","98,52","5,01K","-0,29%"
"28.09.2009","99,49","98,69","98,69","98,58","10,02K","0,44%"
"25.09.2009","99,05","99,40","99,56","99,40","4,00K","-0,48%"
"24.09.2009","99,53","101,56","101,70","99,90","14,02K","-1,48%"
"23.09.2009","101,03","101,03","101,03","101,03","","-0,40%"
"22.09.2009","101,44","100,95","101,78","100,95","124,00K","1,07%"
"21.09.2009","100,37","100,37","100,37","100,37","","-0,76%"
"18.09.2009","101,14","101,12","101,12","101,12","5,00K","-0,43%"
"17.09.2009","101,58","101,55","101,55","101,55","5,00K","0,01%"
"16.09.2009","101,57","101,70","101,70","101,50","88,00K","1,44%"
"15.09.2009","100,13","99,98","99,98","99,98","5,00K","0,11%"
"14.09.2009","100,02","99,49","100,15","99,49","7,00K","-0,64%"
"11.09.2009","100,66","100,47","100,66","100,47","5,01K","1,55%"
"10.09.2009","99,12","99,66","101,25","98,67","12,07K","-0,71%"
"09.09.2009","99,83","99,72","99,72","99,48","7,00K","-0,42%"
"08.09.2009","100,25","100,49","100,49","100,25","30,01K","0,75%"
"07.09.2009","99,50","99,61","99,61","99,61","0,07K","0,53%"
"04.09.2009","98,98","98,92","98,92","98,89","4,00K","0,20%"
"03.09.2009","98,78","97,91","98,56","97,91","11,00K","1,28%"
"02.09.2009","97,53","96,39","97,12","96,39","15,02K","2,83%"
"01.09.2009","94,85","94,80","94,85","94,67","10,58K","-0,73%"
"28.08.2009","95,55","95,44","96,14","95,44","20,02K","1,15%"
"27.08.2009","94,46","94,69","94,69","94,69","5,00K","0,19%"
"26.08.2009","94,28","94,28","94,28","94,28","","-0,50%"
"25.08.2009","94,75","94,59","94,59","94,59","5,01K","-0,37%"
"24.08.2009","95,10","95,10","95,10","95,10","","-0,36%"
"21.08.2009","95,44","94,92","95,41","94,92","10,01K","1,39%"
"20.08.2009","94,13","94,13","94,13","94,13","","-0,11%"
"19.08.2009","94,23","93,66","94,23","93,66","12,02K","0,50%"
"18.08.2009","93,76","93,76","93,76","93,76","","0,61%"
"17.08.2009","93,19","93,19","93,19","93,19","","-1,31%"
"14.08.2009","94,43","94,43","94,43","94,43","","-1,16%"
"13.08.2009","95,54","95,54","95,54","95,54","","0,86%"
"12.08.2009","94,73","94,73","94,73","94,73","","0,42%"
"11.08.2009","94,33","94,33","94,33","94,33","","-0,31%"
"10.08.2009","94,62","94,62","94,62","94,62","","-1,11%"
"07.08.2009","95,68","95,68","95,68","95,68","","-0,72%"
"06.08.2009","96,37","96,37","96,37","96,37","","0,08%"
"05.08.2009","96,29","96,29","96,29","96,29","","-0,05%"
"04.08.2009","96,34","96,34","96,34","96,34","","0,32%"
"03.08.2009","96,03","96,21","96,21","96,21","5,01K","2,07%"
"31.07.2009","94,08","94,08","94,08","94,08","","0,59%"
"30.07.2009","93,53","93,53","93,53","93,53","","0,87%"
"29.07.2009","92,72","92,69","92,69","92,69","5,00K","-0,90%"
"28.07.2009","93,56","94,15","94,15","94,15","5,00K","-1,90%"
"27.07.2009","95,37","95,37","95,37","95,37","","0,07%"
"24.07.2009","95,30","95,30","95,30","95,30","","-0,24%"
"23.07.2009","95,53","95,52","95,52","95,45","9,00K","0,34%"
"22.07.2009","95,21","95,21","95,21","95,21","","0,31%"
"21.07.2009","94,92","94,85","94,85","94,85","5,00K","-0,05%"
"20.07.2009","94,97","94,76","95,28","94,76","35,02K","1,25%"
"17.07.2009","93,80","93,26","93,55","93,24","12,00K","0,28%"
"16.07.2009","93,54","93,54","93,54","93,54","","-0,47%"
"15.07.2009","93,98","93,80","94,00","93,80","11,11K","1,44%"
"14.07.2009","92,65","92,21","92,52","92,21","16,01K","1,55%"
"13.07.2009","91,24","91,42","91,42","91,42","5,00K","0,31%"
"10.07.2009","90,96","90,92","90,92","90,92","5,00K","-0,48%"
"09.07.2009","91,40","91,37","91,40","91,33","12,10K","0,45%"
"08.07.2009","90,99","91,95","91,95","91,27","25,01K","-1,45%"
"07.07.2009","92,33","92,20","93,08","92,20","25,00K","0,08%"
"06.07.2009","92,26","92,30","92,30","92,30","5,00K","-1,00%"
"03.07.2009","93,19","93,19","93,19","93,19","","0,25%"
"02.07.2009","92,96","92,77","92,77","92,77","5,00K","-0,94%"
"01.07.2009","93,84","94,06","94,06","94,06","5,00K","1,24%"