"Fecha","Último","Apertura","Máximo","Mínimo","% var."
"31.12.2025","137,133","137,133","137,133","137,133","0,00%"
"30.12.2025","137,129","137,129","137,129","137,129","-0,17%"
"29.12.2025","137,360","137,360","137,360","137,360","0,25%"
"26.12.2025","137,024","137,024","137,024","137,024","0,02%"
"24.12.2025","136,998","136,998","136,998","136,998","0,04%"
"23.12.2025","136,941","136,941","136,941","136,545","0,29%"
"22.12.2025","136,545","136,545","136,545","136,545","-0,06%"
"19.12.2025","136,631","136,631","136,631","136,631","-0,30%"
"18.12.2025","137,044","137,044","137,044","137,044","0,05%"
"17.12.2025","136,982","136,982","136,982","136,982","-0,21%"
"16.12.2025","137,273","137,273","137,273","137,273","-0,07%"
"15.12.2025","137,370","137,370","137,370","137,370","0,19%"
"12.12.2025","137,105","137,105","137,368","137,105","-0,19%"
"11.12.2025","137,368","137,368","137,368","137,368","0,13%"
"10.12.2025","137,187","137,187","137,187","137,187","-0,01%"
"09.12.2025","137,202","137,202","137,202","137,202","0,12%"
"08.12.2025","137,034","137,034","137,034","137,034","-0,37%"
"05.12.2025","137,536","137,536","137,536","137,536","-0,00%"
"04.12.2025","137,543","137,543","137,543","137,543","-0,11%"
"03.12.2025","137,694","137,694","137,694","137,694","0,07%"
"02.12.2025","137,590","137,590","137,590","137,590","-0,08%"
"01.12.2025","137,695","137,695","137,695","137,695","-0,43%"
"28.11.2025","138,295","138,295","138,295","138,295","-0,02%"
"27.11.2025","138,324","138,324","138,324","138,324","0,03%"
"26.11.2025","138,276","138,276","138,276","138,222","0,04%"
"25.11.2025","138,222","138,222","138,222","137,843","0,28%"
"24.11.2025","137,843","137,843","137,843","137,843","0,08%"
"21.11.2025","137,729","137,729","137,729","137,729","-0,11%"
"20.11.2025","137,877","137,877","137,877","137,877","-0,12%"
"19.11.2025","138,047","138,047","138,047","138,047","-0,06%"
"18.11.2025","138,133","138,133","138,133","138,133","-0,06%"
"17.11.2025","138,217","138,217","138,217","138,217","0,09%"
"14.11.2025","138,095","138,095","138,095","138,095","-0,19%"
"13.11.2025","138,354","138,354","138,354","138,354","-0,25%"
"12.11.2025","138,703","138,703","138,703","138,703","0,22%"
"11.11.2025","138,404","138,404","138,404","138,220","0,13%"
"10.11.2025","138,220","138,220","138,220","138,220","0,15%"
"07.11.2025","138,016","138,016","138,016","138,016","-0,10%"
"06.11.2025","138,156","138,156","138,156","138,156","-0,01%"
"05.11.2025","138,170","138,170","138,170","138,170","-0,13%"
"04.11.2025","138,348","138,348","138,348","138,348","0,02%"
"03.11.2025","138,326","138,326","138,326","138,326","-0,01%"
"31.10.2025","138,334","138,334","138,334","138,334","0,01%"
"30.10.2025","138,320","138,320","138,320","138,320","0,01%"
"29.10.2025","138,306","138,306","138,306","138,306","0,11%"
"28.10.2025","138,151","138,151","138,151","138,151","-0,05%"
"27.10.2025","138,215","138,215","138,215","138,215","0,15%"
"24.10.2025","138,010","138,010","138,010","138,010","-0,39%"
"23.10.2025","138,549","138,549","138,549","138,549","-0,08%"
"22.10.2025","138,657","138,657","138,657","138,657","0,05%"
"21.10.2025","138,591","138,591","138,591","138,591","0,22%"
"20.10.2025","138,287","138,287","138,287","138,287","0,02%"
"17.10.2025","138,259","138,259","138,552","138,259","-0,21%"
"16.10.2025","138,552","138,552","138,824","138,552","-0,20%"
"15.10.2025","138,824","138,824","138,824","138,205","0,45%"
"14.10.2025","138,205","138,205","138,205","138,205","0,26%"
"13.10.2025","137,848","137,848","137,848","137,848","0,08%"
"10.10.2025","137,742","137,742","137,742","137,306","0,32%"
"09.10.2025","137,306","137,306","137,306","137,306","-0,03%"
"08.10.2025","137,351","137,351","137,351","137,351","0,40%"
"07.10.2025","136,805","136,805","136,805","136,805","-0,05%"
"06.10.2025","136,870","136,870","136,870","136,870","-0,12%"
"03.10.2025","137,036","137,036","137,036","136,852","0,13%"
"02.10.2025","136,852","136,852","136,852","136,852","-0,06%"
"01.10.2025","136,930","136,930","136,930","136,930","0,11%"
"30.09.2025","136,786","136,786","136,786","136,786","-0,14%"
"29.09.2025","136,973","136,973","136,973","136,973","0,17%"
"26.09.2025","136,740","136,740","136,740","136,740","0,28%"
"25.09.2025","136,363","136,363","136,363","136,363","-0,07%"
"24.09.2025","136,451","136,451","136,451","136,451","0,00%"
"23.09.2025","136,446","136,446","136,467","136,446","-0,02%"
"22.09.2025","136,467","136,467","136,467","136,467","0,03%"
"19.09.2025","136,432","136,432","136,690","136,432","-0,19%"
"18.09.2025","136,690","136,690","137,111","136,690","-0,31%"
"17.09.2025","137,111","137,111","137,111","136,956","0,11%"
"16.09.2025","136,956","136,956","136,968","136,956","-0,01%"
"15.09.2025","136,968","136,968","136,968","136,968","0,18%"
"12.09.2025","136,716","136,716","137,048","136,716","-0,24%"
"11.09.2025","137,048","137,048","137,048","137,048","0,02%"
"10.09.2025","137,027","137,027","137,027","137,027","0,11%"
"09.09.2025","136,877","136,877","136,877","136,877","-0,03%"
"08.09.2025","136,925","136,925","136,925","136,925","0,25%"
"05.09.2025","136,589","136,589","136,589","136,589","0,25%"
"04.09.2025","136,246","136,246","136,246","136,246","0,24%"
"03.09.2025","135,923","135,923","135,923","135,574","0,26%"
"02.09.2025","135,574","135,574","135,921","135,574","-0,26%"
"01.09.2025","135,921","135,921","135,921","135,921","-0,17%"
"29.08.2025","136,153","136,153","136,153","136,153","-0,22%"
"28.08.2025","136,451","136,451","136,451","136,451","0,08%"
"27.08.2025","136,344","136,344","136,344","136,344","0,05%"
"26.08.2025","136,281","136,281","136,281","136,281","0,12%"
"25.08.2025","136,123","136,123","136,123","136,123","-0,31%"
"22.08.2025","136,549","136,549","136,549","136,067","0,35%"
"21.08.2025","136,067","136,067","136,067","136,067","-0,37%"
"20.08.2025","136,566","136,566","136,566","136,566","0,11%"
"19.08.2025","136,413","136,413","136,413","136,413","0,09%"
"18.08.2025","136,284","136,284","136,284","136,284","0,03%"
"15.08.2025","136,240","136,240","136,240","136,240","-0,57%"
"14.08.2025","137,018","137,018","137,018","137,018","-0,25%"
"13.08.2025","137,359","137,359","137,359","137,359","0,44%"
"12.08.2025","136,751","136,751","136,751","136,751","-0,34%"
"11.08.2025","137,217","137,217","137,217","137,217","-0,01%"
"08.08.2025","137,235","137,235","137,235","137,235","-0,32%"
"07.08.2025","137,677","137,677","137,677","137,665","0,01%"
"06.08.2025","137,665","137,665","137,665","137,665","-0,00%"
"05.08.2025","137,668","137,668","137,668","137,668","0,11%"
"04.08.2025","137,514","137,514","137,514","137,514","0,31%"
"01.08.2025","137,083","137,083","137,083","137,083","-0,22%"
"31.07.2025","137,389","137,389","137,389","137,389","0,17%"
"30.07.2025","137,156","137,156","137,237","137,156","-0,06%"
"29.07.2025","137,237","137,237","137,237","137,236","0,00%"
"28.07.2025","137,236","137,236","137,236","137,236","0,29%"
"25.07.2025","136,837","136,837","137,006","136,837","-0,12%"
"24.07.2025","137,006","137,006","137,728","137,006","-0,52%"
"23.07.2025","137,728","137,728","137,728","137,728","0,00%"
"22.07.2025","137,727","137,727","137,727","137,727","0,16%"
"21.07.2025","137,513","137,513","137,513","137,513","0,68%"
"18.07.2025","136,586","136,586","136,784","136,586","-0,15%"
"17.07.2025","136,784","136,784","136,784","136,784","0,06%"
"16.07.2025","136,698","136,698","136,698","136,698","-0,00%"
"15.07.2025","136,700","136,700","136,700","136,333","0,27%"
"14.07.2025","136,333","136,333","136,333","136,333","-0,05%"
"11.07.2025","136,399","136,399","136,399","136,399","-0,10%"
"10.07.2025","136,539","136,539","136,539","136,539","-0,33%"
"09.07.2025","136,986","136,986","136,986","136,986","0,01%"
"08.07.2025","136,967","136,967","137,281","136,967","-0,23%"
"07.07.2025","137,281","137,281","137,281","137,281","-0,24%"
"04.07.2025","137,617","137,617","137,617","137,617","-0,10%"
"03.07.2025","137,749","137,749","137,749","137,478","0,20%"
"02.07.2025","137,478","137,478","137,930","137,478","-0,33%"
"01.07.2025","137,930","137,930","137,930","137,705","0,16%"
"30.06.2025","137,705","137,705","137,705","137,705","0,12%"
"27.06.2025","137,544","137,544","137,544","137,544","-0,06%"
"26.06.2025","137,619","137,619","137,619","137,619","0,11%"
"25.06.2025","137,466","137,466","137,657","137,466","-0,14%"
"24.06.2025","137,657","137,657","138,141","137,657","-0,35%"
"23.06.2025","138,141","138,141","138,141","138,141","0,29%"
"20.06.2025","137,740","137,740","137,747","137,740","-0,01%"
"19.06.2025","137,747","137,747","137,747","137,747","-0,16%"
"18.06.2025","137,964","137,964","137,964","137,964","0,28%"
"17.06.2025","137,572","137,572","137,572","137,512","0,04%"
"16.06.2025","137,512","137,512","137,512","137,512","0,16%"
"13.06.2025","137,295","137,295","137,667","137,295","-0,27%"
"12.06.2025","137,667","137,667","137,667","137,331","0,25%"
"11.06.2025","137,331","137,331","137,331","137,331","0,03%"
"10.06.2025","137,296","137,296","137,296","137,296","0,28%"
"09.06.2025","136,913","136,913","136,913","136,913","0,09%"
"06.06.2025","136,795","136,795","136,795","136,328","0,34%"
"05.06.2025","136,328","136,328","136,684","136,328","-0,26%"
"04.06.2025","136,684","136,684","136,952","136,684","-0,20%"
"03.06.2025","136,952","136,952","136,952","136,938","0,01%"
"02.06.2025","136,938","136,938","136,938","136,938","0,07%"
"30.05.2025","136,845","136,845","136,845","136,845","-0,04%"
"29.05.2025","136,901","136,901","136,901","136,651","0,18%"
"28.05.2025","136,651","136,651","136,651","136,540","0,08%"
"27.05.2025","136,540","136,540","136,540","136,493","0,03%"
"26.05.2025","136,493","136,493","136,493","136,493","0,18%"
"23.05.2025","136,253","136,253","136,253","135,991","0,19%"
"22.05.2025","135,991","135,991","136,257","135,991","-0,19%"
"21.05.2025","136,257","136,257","136,257","136,257","-0,10%"
"20.05.2025","136,388","136,388","136,388","136,388","-0,18%"
"19.05.2025","136,635","136,635","136,635","136,635","0,12%"
"16.05.2025","136,469","136,469","136,469","136,469","0,27%"
"15.05.2025","136,105","136,105","136,105","136,105","0,26%"
"14.05.2025","135,753","135,753","135,753","135,753","-0,06%"
"13.05.2025","135,837","135,837","135,837","135,837","-0,07%"
"12.05.2025","135,928","135,928","135,928","135,928","-0,14%"
"09.05.2025","136,125","136,125","136,125","136,125","-0,18%"
"08.05.2025","136,369","136,369","136,369","136,369","-0,18%"
"07.05.2025","136,616","136,616","136,616","136,616","0,30%"
"06.05.2025","136,204","136,204","136,204","136,204","0,05%"
"05.05.2025","136,143","136,143","136,143","136,143","0,05%"
"02.05.2025","136,068","136,068","136,068","136,068","-0,17%"
"01.05.2025","136,303","136,303","136,303","136,303","0,02%"
"30.04.2025","136,277","136,277","136,277","135,863","0,31%"
"29.04.2025","135,863","135,863","135,863","135,863","-0,22%"
"28.04.2025","136,161","136,161","136,161","136,161","-0,13%"
"25.04.2025","136,337","136,337","136,602","136,337","-0,19%"
"24.04.2025","136,602","136,602","136,602","136,602","0,61%"
"23.04.2025","135,771","135,771","135,771","135,771","-0,05%"
"22.04.2025","135,840","135,840","135,840","135,840","0,21%"
"21.04.2025","135,553","135,553","135,553","135,553","0,07%"
"17.04.2025","135,462","135,462","135,462","135,462","0,30%"
"16.04.2025","135,056","135,056","135,056","135,056","0,30%"
"15.04.2025","134,653","134,653","134,653","134,653","-0,42%"
"14.04.2025","135,219","135,219","135,219","135,219","0,62%"
"11.04.2025","134,382","134,382","134,382","134,382","-0,06%"
"10.04.2025","134,464","134,464","134,464","134,083","0,28%"
"09.04.2025","134,083","134,083","134,370","134,083","-0,21%"
"08.04.2025","134,370","134,370","134,370","134,370","0,02%"
"07.04.2025","134,344","134,344","134,344","134,344","-0,44%"
"04.04.2025","134,939","134,939","135,031","134,939","-0,07%"
"03.04.2025","135,031","135,031","135,031","134,953","0,06%"
"02.04.2025","134,953","134,953","135,238","134,953","-0,21%"
"01.04.2025","135,238","135,238","135,238","135,238","0,25%"
"31.03.2025","134,903","134,903","134,903","134,903","0,12%"
"28.03.2025","134,740","134,740","134,740","134,740","0,15%"
"27.03.2025","134,541","134,541","134,541","134,541","0,03%"
"26.03.2025","134,501","134,501","134,501","134,501","-0,04%"
"25.03.2025","134,561","134,561","134,561","134,561","-0,11%"
"24.03.2025","134,712","134,712","134,712","134,712","-0,02%"
"21.03.2025","134,733","134,733","134,733","134,733","0,10%"
"20.03.2025","134,601","134,601","134,601","134,601","-0,13%"
"19.03.2025","134,770","134,770","134,770","134,770","0,20%"
"18.03.2025","134,499","134,499","134,499","134,499","-0,15%"
"17.03.2025","134,696","134,696","134,696","134,696","0,52%"
"14.03.2025","134,001","134,001","134,001","134,001","0,09%"
"13.03.2025","133,876","133,876","133,876","133,876","-0,18%"
"12.03.2025","134,118","134,118","134,118","134,118","-0,07%"
"11.03.2025","134,213","134,213","134,213","134,213","0,05%"
"10.03.2025","134,141","134,141","134,141","134,141","0,05%"
"06.03.2025","134,072","134,072","134,072","134,072","-0,62%"
"05.03.2025","134,906","134,906","134,906","134,906","-0,77%"
"04.03.2025","135,950","135,950","135,950","135,950","-0,11%"
"03.03.2025","136,095","136,095","136,095","136,095","-0,42%"
"28.02.2025","136,663","136,663","136,663","136,663","0,01%"
"27.02.2025","136,650","136,650","136,650","136,650","0,15%"
"26.02.2025","136,438","136,438","136,438","136,438","0,28%"
"25.02.2025","136,060","136,060","136,060","136,060","-0,00%"
"24.02.2025","136,064","136,064","136,064","136,064","-0,04%"
"21.02.2025","136,116","136,116","136,116","136,116","0,19%"
"20.02.2025","135,855","135,855","135,855","135,855","0,03%"
"19.02.2025","135,820","135,820","135,820","135,820","-0,40%"
"18.02.2025","136,361","136,361","136,361","136,361","0,23%"
"17.02.2025","136,049","136,049","136,049","136,049","-0,26%"
"14.02.2025","136,409","136,409","136,409","136,409","-0,18%"
"13.02.2025","136,659","136,659","136,659","136,659","0,32%"
"12.02.2025","136,228","136,228","136,228","136,228","-0,82%"
"10.02.2025","137,357","137,357","137,357","137,357","0,30%"
"07.02.2025","136,943","136,943","136,943","136,943","-0,16%"
"06.02.2025","137,166","137,166","137,166","137,166","0,04%"
"05.02.2025","137,113","137,113","137,113","137,113","0,15%"
"04.02.2025","136,908","136,908","136,908","136,908","-0,21%"
"03.02.2025","137,194","137,194","137,194","137,194","0,69%"
"31.01.2025","136,252","136,252","136,252","136,252","0,20%"
"30.01.2025","135,978","135,978","135,978","135,978","0,28%"
"29.01.2025","135,598","135,598","135,598","135,598","-0,04%"
"28.01.2025","135,647","135,647","135,647","135,647","0,05%"
"27.01.2025","135,579","135,579","135,579","135,579","-0,03%"
"24.01.2025","135,621","135,621","135,621","135,621","-0,08%"
"23.01.2025","135,736","135,736","135,736","135,736","-0,08%"
"22.01.2025","135,850","135,850","135,850","135,850","-0,03%"
"21.01.2025","135,888","135,888","135,888","135,888","-0,05%"
"20.01.2025","135,954","135,954","135,954","135,954","-0,07%"
"17.01.2025","136,042","136,042","136,042","136,042","0,30%"
"16.01.2025","135,638","135,638","135,638","135,638","-0,05%"
"15.01.2025","135,701","135,701","135,701","135,701","0,74%"
"14.01.2025","134,708","134,708","134,708","134,708","-0,09%"
"13.01.2025","134,828","134,828","134,828","134,828","-0,07%"
"10.01.2025","134,917","134,917","134,917","134,917","-0,16%"
"09.01.2025","135,135","135,135","135,135","135,135","-0,32%"
"08.01.2025","135,569","135,569","135,569","135,569","-0,15%"
"07.01.2025","135,767","135,767","135,767","135,767","-0,12%"
"06.01.2025","135,925","135,925","135,925","135,925","-0,06%"
"02.01.2025","136,003","136,003","136,003","136,003","0,20%"
"31.12.2024","135,738","135,738","135,738","135,738","-0,04%"
"30.12.2024","135,794","135,794","135,794","135,794","0,16%"
"27.12.2024","135,584","135,584","135,584","135,584","-0,21%"
"26.12.2024","135,866","135,866","135,866","135,866","0,03%"
"24.12.2024","135,830","135,830","135,830","135,830","-0,13%"
"23.12.2024","136,004","136,004","136,004","136,004","-0,17%"
"20.12.2024","136,241","136,241","136,241","136,241","0,00%"
"19.12.2024","136,238","136,238","136,238","136,238","-0,36%"
"18.12.2024","136,730","136,730","136,730","136,730","-0,11%"
"17.12.2024","136,878","136,878","136,878","136,878","-0,10%"
"16.12.2024","137,009","137,009","137,009","137,009","-0,16%"
"13.12.2024","137,224","137,224","137,224","137,224","-0,30%"
"12.12.2024","137,639","137,639","137,639","137,639","-0,38%"
"11.12.2024","138,168","138,168","138,168","138,168","0,04%"
"10.12.2024","138,110","138,110","138,110","138,110","0,04%"
"09.12.2024","138,049","138,049","138,049","138,049","0,01%"
"06.12.2024","138,036","138,036","138,036","138,036","-0,09%"
"05.12.2024","138,157","138,157","138,157","138,157","0,06%"
"04.12.2024","138,076","138,076","138,076","138,076","0,26%"
"03.12.2024","137,715","137,715","137,715","137,715","0,00%"
"02.12.2024","137,713","137,713","137,713","137,713","-0,09%"
"29.11.2024","137,832","137,832","137,832","137,832","0,44%"
"28.11.2024","137,233","137,233","137,233","137,233","0,41%"
"27.11.2024","136,666","136,666","136,666","136,666","0,15%"
"26.11.2024","136,468","136,468","136,468","136,468","-0,10%"
"25.11.2024","136,600","136,600","136,600","136,600","0,43%"
"21.11.2024","136,017","136,017","136,017","136,017","0,02%"
"20.11.2024","135,986","135,986","135,986","135,986","-0,31%"
"19.11.2024","136,412","136,412","136,412","136,412","0,12%"
"18.11.2024","136,254","136,254","136,254","136,254","-0,04%"
"15.11.2024","136,309","136,309","136,309","136,309","0,07%"
"14.11.2024","136,218","136,218","136,218","136,218","0,33%"
"13.11.2024","135,769","135,769","135,769","135,769","-0,20%"
"12.11.2024","136,045","136,045","136,045","136,045","-0,13%"
"11.11.2024","136,226","136,226","136,226","136,226","0,15%"
"08.11.2024","136,017","136,017","136,017","136,017","0,34%"
"07.11.2024","135,552","135,552","135,552","135,552","-0,31%"
"06.11.2024","135,968","135,968","135,968","135,968","0,06%"
"05.11.2024","135,882","135,882","135,882","135,882","0,17%"
"04.11.2024","135,657","135,657","135,657","135,657","0,22%"
"01.11.2024","135,353","135,353","135,353","135,353","-0,02%"
"31.10.2024","135,385","135,385","135,385","135,385","0,18%"
"30.10.2024","135,143","135,143","135,143","135,143","-0,10%"
"29.10.2024","135,273","135,273","135,273","135,273","-0,47%"
"28.10.2024","135,912","135,912","135,912","135,912","-0,18%"
"25.10.2024","136,157","136,157","136,157","136,157","-0,49%"
"24.10.2024","136,827","136,827","136,827","136,827","0,26%"
"23.10.2024","136,478","136,478","136,478","136,478","-0,08%"
"22.10.2024","136,594","136,594","136,594","136,594","0,14%"
"21.10.2024","136,397","136,397","136,397","136,397","-0,78%"
"18.10.2024","137,474","137,474","137,474","137,474","0,20%"
"17.10.2024","137,205","137,205","137,205","137,205","-0,10%"
"16.10.2024","137,344","137,344","137,344","137,344","0,20%"
"15.10.2024","137,066","137,066","137,066","137,066","0,09%"
"14.10.2024","136,945","136,945","136,945","136,945","-0,08%"
"11.10.2024","137,049","137,049","137,049","137,049","0,07%"
"10.10.2024","136,948","136,948","136,948","136,948","0,40%"
"09.10.2024","136,397","136,397","136,397","136,397","-0,11%"
"08.10.2024","136,553","136,553","136,553","136,553","-0,24%"
"07.10.2024","136,878","136,878","136,878","136,878","-0,07%"
"04.10.2024","136,974","136,974","136,974","136,974","-0,21%"
"03.10.2024","137,269","137,269","137,269","137,269","0,02%"
"02.10.2024","137,243","137,243","137,243","137,243","-0,16%"
"01.10.2024","137,464","137,464","137,464","137,464","0,66%"
"30.09.2024","136,564","136,564","136,564","136,564","0,14%"
"27.09.2024","136,375","136,375","136,375","136,375","0,04%"
"26.09.2024","136,319","136,319","136,319","136,319","-0,18%"
"24.09.2024","136,558","136,558","136,558","136,558","0,48%"
"23.09.2024","135,904","135,904","135,904","135,904","0,32%"
"20.09.2024","135,472","135,472","135,472","135,472","-0,18%"
"19.09.2024","135,715","135,715","135,715","135,715","-0,15%"
"18.09.2024","135,918","135,918","135,918","135,918","-0,38%"
"17.09.2024","136,436","136,436","136,436","136,436","0,09%"
"16.09.2024","136,316","136,316","136,316","136,316","0,39%"
"13.09.2024","135,780","135,780","135,780","135,780","0,30%"
"12.09.2024","135,378","135,378","135,378","135,378","-0,15%"
"11.09.2024","135,584","135,584","135,584","135,584","0,18%"
"10.09.2024","135,336","135,336","135,336","135,336","-0,12%"
"09.09.2024","135,497","135,497","135,497","135,497","-0,06%"
"06.09.2024","135,580","135,580","135,580","135,580","0,18%"
"05.09.2024","135,338","135,338","135,338","135,338","0,05%"
"04.09.2024","135,264","135,264","135,264","135,264","0,29%"
"03.09.2024","134,868","134,868","134,868","134,868","0,19%"
"02.09.2024","134,609","134,609","134,609","134,609","-0,12%"
"30.08.2024","134,765","134,765","134,765","134,765","-0,05%"
"29.08.2024","134,839","134,839","134,839","134,839","-0,21%"
"28.08.2024","135,130","135,130","135,130","135,130","0,08%"
"27.08.2024","135,023","135,023","135,023","135,023","-0,58%"
"26.08.2024","135,811","135,811","135,811","135,811","0,09%"
"23.08.2024","135,683","135,683","135,683","135,683","0,45%"
"22.08.2024","135,070","135,070","135,070","135,070","-0,18%"
"21.08.2024","135,313","135,313","135,313","135,313","0,05%"
"20.08.2024","135,245","135,245","135,245","135,245","0,18%"
"19.08.2024","135,003","135,003","135,003","135,003","-0,04%"
"16.08.2024","135,061","135,061","135,061","135,061","-0,07%"
"15.08.2024","135,159","135,159","135,159","135,159","-0,29%"
"14.08.2024","135,552","135,552","135,552","135,552","-0,13%"
"13.08.2024","135,723","135,723","135,723","135,723","0,37%"
"12.08.2024","135,217","135,217","135,217","135,217","0,15%"
"09.08.2024","135,016","135,016","135,016","135,016","0,10%"
"08.08.2024","134,878","134,878","134,878","134,878","-0,08%"
"07.08.2024","134,990","134,990","134,990","134,990","-0,28%"
"06.08.2024","135,368","135,368","135,368","135,368","0,29%"
"05.08.2024","134,976","134,976","134,976","134,976","-0,27%"
"02.08.2024","135,347","135,347","135,347","135,347","-0,25%"
"01.08.2024","135,680","135,680","135,680","135,680","0,31%"
"31.07.2024","135,263","135,263","135,263","135,263","0,42%"
"30.07.2024","134,702","134,702","134,702","134,702","0,08%"
"29.07.2024","134,591","134,591","134,591","134,591","0,31%"
"26.07.2024","134,170","134,170","134,170","134,170","0,03%"
"25.07.2024","134,133","134,133","134,133","134,133","-0,02%"
"24.07.2024","134,163","134,163","134,163","134,163","-0,12%"
"23.07.2024","134,322","134,322","134,322","134,322","-0,20%"
"22.07.2024","134,593","134,593","134,593","134,593","-0,15%"
"19.07.2024","134,790","134,790","134,790","134,790","-0,42%"
"18.07.2024","135,360","135,360","135,360","135,360","0,11%"
"17.07.2024","135,206","135,206","135,206","135,206","0,14%"
"16.07.2024","135,012","135,012","135,012","135,012","0,21%"
"15.07.2024","134,734","134,734","134,734","134,734","0,29%"
"12.07.2024","134,347","134,347","134,347","134,347","-0,18%"
"11.07.2024","134,584","134,584","134,584","134,584","0,46%"
"10.07.2024","133,966","133,966","133,966","133,966","0,46%"
"09.07.2024","133,350","133,350","133,350","133,350","-0,61%"
"08.07.2024","134,165","134,165","134,165","134,165","0,25%"
"05.07.2024","133,835","133,835","133,835","133,835","0,55%"
"04.07.2024","133,101","133,101","133,101","133,101","-0,10%"
"03.07.2024","133,232","133,232","133,232","133,232","0,55%"
"02.07.2024","132,503","132,503","132,503","132,503","0,23%"
"01.07.2024","132,204","132,204","132,204","132,204","-0,24%"
"28.06.2024","132,524","132,524","132,524","132,524","-0,32%"
"27.06.2024","132,955","132,955","132,955","132,955","-0,08%"
"26.06.2024","133,058","133,058","133,058","133,058","-0,41%"
"25.06.2024","133,607","133,607","133,607","133,607","-0,07%"
"24.06.2024","133,696","133,696","133,696","133,696","-0,02%"
"20.06.2024","133,720","133,720","133,720","133,720","-0,05%"
"19.06.2024","133,782","133,782","133,782","133,782","-0,40%"
"18.06.2024","134,325","134,325","134,325","134,325","0,46%"
"17.06.2024","133,707","133,707","133,707","133,707","-0,07%"
"14.06.2024","133,806","133,806","133,806","133,806","0,47%"
"13.06.2024","133,179","133,179","133,179","133,179","-0,25%"
"12.06.2024","133,515","133,515","133,515","133,515","0,70%"
"11.06.2024","132,587","132,587","132,587","132,587","-0,14%"
"10.06.2024","132,776","132,776","132,776","132,776","-0,59%"
"07.06.2024","133,561","133,561","133,561","133,561","-0,36%"
"06.06.2024","134,043","134,043","134,043","134,043","-0,32%"
"05.06.2024","134,467","134,467","134,467","134,467","0,34%"
"04.06.2024","134,012","134,012","134,012","134,012","0,07%"
"03.06.2024","133,913","133,913","133,913","133,913","0,25%"
"31.05.2024","133,573","133,573","133,573","133,573","0,11%"
"30.05.2024","133,425","133,425","133,425","133,425","0,16%"
"29.05.2024","133,213","133,213","133,213","133,213","-0,47%"
"28.05.2024","133,845","133,845","133,845","133,845","-0,28%"
"27.05.2024","134,220","134,220","134,220","134,220","0,35%"
"24.05.2024","133,749","133,749","133,749","133,749","-0,01%"
"23.05.2024","133,759","133,759","133,759","133,759","-0,49%"
"22.05.2024","134,413","134,413","134,413","134,413","-0,08%"
"21.05.2024","134,524","134,524","134,524","134,524","0,12%"
"20.05.2024","134,362","134,362","134,362","134,362","-0,18%"
"17.05.2024","134,600","134,600","134,600","134,600","-0,40%"
"16.05.2024","135,142","135,142","135,142","135,142","-0,18%"
"15.05.2024","135,388","135,388","135,388","135,388","0,98%"
"14.05.2024","134,075","134,075","134,075","134,075","-0,22%"
"13.05.2024","134,373","134,373","134,373","134,373","0,12%"
"10.05.2024","134,211","134,211","134,211","134,211","-0,22%"
"09.05.2024","134,506","134,506","134,506","134,506","-0,16%"
"08.05.2024","134,718","134,718","134,718","134,718","-0,21%"
"07.05.2024","135,008","135,008","135,008","135,008","0,22%"
"06.05.2024","134,716","134,716","134,716","134,716","0,21%"
"03.05.2024","134,432","134,432","134,432","134,432","0,29%"
"02.05.2024","134,044","134,044","134,044","134,044","0,01%"
"01.05.2024","134,037","134,037","134,037","134,037","0,03%"
"30.04.2024","134,001","134,001","134,001","134,001","-0,27%"
"29.04.2024","134,370","134,370","134,370","134,370","0,43%"
"26.04.2024","133,795","133,795","133,795","133,795","0,37%"
"25.04.2024","133,298","133,298","133,298","133,298","-0,24%"
"24.04.2024","133,617","133,617","133,617","133,617","-0,62%"
"23.04.2024","134,450","134,450","134,450","134,450","-0,02%"
"22.04.2024","134,471","134,471","134,471","134,471","0,31%"
"19.04.2024","134,053","134,053","134,053","134,053","-0,16%"
"18.04.2024","134,262","134,262","134,262","134,262","-0,38%"
"17.04.2024","134,771","134,771","134,771","134,771","0,03%"
"16.04.2024","134,733","134,733","134,733","134,733","-0,16%"
"15.04.2024","134,943","134,943","134,943","134,943","-0,49%"
"12.04.2024","135,609","135,609","135,609","135,609","1,13%"
"11.04.2024","134,095","134,095","134,095","134,095","-0,34%"
"10.04.2024","134,558","134,558","134,558","134,558","-0,21%"
"09.04.2024","134,842","134,842","134,842","134,842","0,44%"
"08.04.2024","134,247","134,247","134,247","134,247","-0,05%"
"05.04.2024","134,318","134,318","134,318","134,318","-0,25%"
"04.04.2024","134,648","134,648","134,648","134,648","0,44%"
"03.04.2024","134,061","134,061","134,061","134,061","-0,03%"
"02.04.2024","134,101","134,101","134,101","134,101","-0,59%"
"01.04.2024","134,898","134,898","134,898","134,898","-0,01%"
"28.03.2024","134,910","134,910","134,910","134,910","-0,21%"
"27.03.2024","135,198","135,198","135,198","135,198","0,32%"
"26.03.2024","134,768","134,768","134,768","134,768","0,23%"
"25.03.2024","134,452","134,452","134,452","134,452","-0,23%"
"22.03.2024","134,760","134,760","134,760","134,760","0,36%"
"21.03.2024","134,282","134,282","134,282","134,282","0,34%"
"20.03.2024","133,821","133,821","133,821","133,821","-0,16%"
"19.03.2024","134,041","134,041","134,041","134,041","-0,01%"
"18.03.2024","134,048","134,048","134,048","134,048","0,19%"
"15.03.2024","133,792","133,792","133,792","133,792","-0,29%"
"14.03.2024","134,182","134,182","134,182","134,182","-0,20%"
"13.03.2024","134,450","134,450","134,450","134,450","0,04%"
"12.03.2024","134,400","134,400","134,400","134,400","0,03%"
"11.03.2024","134,355","134,355","134,355","134,355","-0,38%"
"08.03.2024","134,861","134,861","134,861","134,861","0,15%"
"07.03.2024","134,659","134,659","134,659","134,659","0,17%"
"06.03.2024","134,432","134,432","134,432","134,432","0,12%"
"05.03.2024","134,269","134,269","134,269","134,269","0,63%"
"04.03.2024","133,435","133,435","133,435","133,435","0,07%"
"01.03.2024","133,344","133,344","133,344","133,344","-0,12%"
"29.02.2024","133,506","133,506","133,506","133,506","0,75%"
"27.02.2024","132,510","132,510","132,510","132,510","-0,04%"
"26.02.2024","132,568","132,568","132,568","132,568","-0,28%"
"23.02.2024","132,939","132,939","132,939","132,939","0,51%"
"22.02.2024","132,262","132,262","132,262","132,262","0,11%"
"21.02.2024","132,120","132,120","132,120","132,120","-0,60%"
"20.02.2024","132,921","132,921","132,921","132,921","0,16%"
"19.02.2024","132,715","132,715","132,715","132,715","-0,10%"
"16.02.2024","132,842","132,842","132,842","132,842","-0,42%"
"15.02.2024","133,401","133,401","133,401","133,401","0,10%"
"14.02.2024","133,262","133,262","133,262","133,262","0,38%"
"13.02.2024","132,758","132,758","132,758","132,758","-0,03%"
"12.02.2024","132,794","132,794","132,794","132,794","0,17%"
"09.02.2024","132,563","132,563","132,563","132,563","-0,26%"
"08.02.2024","132,914","132,914","132,914","132,914","-0,28%"
"07.02.2024","133,289","133,289","133,289","133,289","-0,09%"
"06.02.2024","133,407","133,407","133,407","133,407","0,44%"
"05.02.2024","132,820","132,820","132,820","132,820","-0,50%"
"02.02.2024","133,492","133,492","133,492","133,492","-0,92%"
"01.02.2024","134,731","134,731","134,731","134,731","0,42%"
"31.01.2024","134,169","134,169","134,169","134,169","0,68%"
"30.01.2024","133,264","133,264","133,264","133,264","-0,38%"
"29.01.2024","133,770","133,770","133,770","133,770","0,51%"
"26.01.2024","133,090","133,090","133,090","133,090","-0,17%"
"25.01.2024","133,312","133,312","133,312","133,312","0,41%"
"24.01.2024","132,763","132,763","132,763","132,763","0,09%"
"23.01.2024","132,643","132,643","132,643","132,643","-0,74%"
"22.01.2024","133,636","133,636","133,636","133,636","0,26%"
"19.01.2024","133,290","133,290","133,290","133,290","0,20%"
"18.01.2024","133,018","133,018","133,018","133,018","-0,02%"
"17.01.2024","133,043","133,043","133,043","133,043","-0,57%"
"16.01.2024","133,812","133,812","133,812","133,812","-0,33%"
"15.01.2024","134,249","134,249","134,249","134,249","-0,22%"
"12.01.2024","134,544","134,544","134,544","134,544","0,56%"
"11.01.2024","133,797","133,797","133,797","133,797","-0,25%"
"09.01.2024","134,130","134,130","134,130","134,130","-0,28%"
"08.01.2024","134,504","134,504","134,504","134,504","0,08%"
"05.01.2024","134,394","134,394","134,394","134,394","0,13%"
"04.01.2024","134,221","134,221","134,221","134,221","-0,63%"
"03.01.2024","135,067","135,067","135,067","135,067","-0,17%"
"02.01.2024","135,299","135,299","135,299","135,299","-0,19%"
"29.12.2023","135,557","135,557","135,557","135,557","-0,89%"
"28.12.2023","136,780","136,780","136,780","136,780","-0,44%"
"27.12.2023","137,389","137,389","137,389","137,389","0,34%"
"26.12.2023","136,920","136,920","136,920","136,920","0,02%"
"22.12.2023","136,891","136,891","136,891","136,891","0,02%"
"21.12.2023","136,867","136,867","136,867","136,867","0,14%"
"20.12.2023","136,669","136,669","136,669","136,669","0,50%"
"19.12.2023","135,986","135,986","135,986","135,986","0,73%"
"18.12.2023","134,995","134,995","134,995","134,995","-0,26%"
"15.12.2023","135,354","135,354","135,354","135,354","0,46%"
"14.12.2023","134,740","134,740","134,740","134,740","0,89%"
"13.12.2023","133,548","133,548","133,548","133,548","0,30%"
"12.12.2023","133,144","133,144","133,144","133,144","0,19%"
"11.12.2023","132,898","132,898","132,898","132,898","-0,10%"
"08.12.2023","133,029","133,029","133,029","133,029","-0,76%"
"07.12.2023","134,051","134,051","134,051","134,051","-0,01%"
"06.12.2023","134,059","134,059","134,059","134,059","0,20%"
"05.12.2023","133,794","133,794","133,794","133,794","0,98%"
"04.12.2023","132,498","132,498","132,498","132,498","-0,25%"
"01.12.2023","132,828","132,828","132,828","132,828","0,79%"
"30.11.2023","131,786","131,786","131,786","131,786","0,01%"
"29.11.2023","131,773","131,773","131,773","131,773","0,17%"
"28.11.2023","131,553","131,553","131,553","131,553","0,08%"
"27.11.2023","131,442","131,442","131,442","131,442","0,50%"
"24.11.2023","130,785","130,785","130,785","130,785","-0,15%"
"23.11.2023","130,977","130,977","130,977","130,977","0,14%"
"22.11.2023","130,794","130,794","130,794","130,794","-0,11%"
"21.11.2023","130,943","130,943","130,943","130,943","0,34%"
"20.11.2023","130,496","130,496","130,496","130,496","0,26%"
"17.11.2023","130,159","130,159","130,159","130,159","-0,01%"
"16.11.2023","130,170","130,170","130,170","130,170","0,22%"
"15.11.2023","129,885","129,885","129,885","129,885","-0,35%"
"14.11.2023","130,338","130,338","130,338","130,338","0,80%"
"13.11.2023","129,298","129,298","129,298","129,298","0,03%"
"10.11.2023","129,255","129,255","129,255","129,255","-0,28%"
"09.11.2023","129,618","129,618","129,618","129,618","-0,08%"
"08.11.2023","129,720","129,720","129,720","129,720","0,25%"
"07.11.2023","129,392","129,392","129,392","129,392","0,32%"
"06.11.2023","128,980","128,980","128,980","128,980","-0,60%"
"03.11.2023","129,763","129,763","129,763","129,763","0,57%"
"02.11.2023","129,031","129,031","129,031","129,031","0,34%"
"01.11.2023","128,594","128,594","128,594","128,594","0,14%"
"31.10.2023","128,419","128,419","128,419","128,419","0,12%"
"30.10.2023","128,263","128,263","128,263","128,263","0,18%"
"27.10.2023","128,035","128,035","128,035","128,035","0,02%"
"26.10.2023","128,006","128,006","128,006","128,006","0,50%"
"25.10.2023","127,372","127,372","127,372","127,372","-0,57%"
"24.10.2023","128,098","128,098","128,098","128,098","-0,07%"
"23.10.2023","128,184","128,184","128,184","128,184","-0,02%"
"20.10.2023","128,216","128,216","128,216","128,216","0,40%"
"19.10.2023","127,709","127,709","127,709","127,709","-0,02%"
"18.10.2023","127,738","127,738","127,738","127,738","-0,25%"
"17.10.2023","128,057","128,057","128,057","128,057","-0,37%"
"16.10.2023","128,529","128,529","128,529","128,529","0,03%"
"13.10.2023","128,492","128,492","128,492","128,492","0,19%"
"12.10.2023","128,243","128,243","128,243","128,243","-0,49%"
"11.10.2023","128,879","128,879","128,879","128,879","0,42%"
"10.10.2023","128,340","128,340","128,340","128,340","0,24%"
"09.10.2023","128,035","128,035","128,035","128,035","1,16%"
"05.10.2023","126,571","126,571","126,571","126,571","0,09%"
"04.10.2023","126,453","126,453","126,453","126,453","0,04%"
"03.10.2023","126,406","126,406","126,406","126,406","-0,74%"
"02.10.2023","127,344","127,344","127,344","127,344","-0,74%"
"29.09.2023","128,296","128,296","128,296","128,296","0,78%"
"28.09.2023","127,304","127,304","127,304","127,304","-1,12%"
"27.09.2023","128,748","128,748","128,748","128,748","-0,20%"
"26.09.2023","129,003","129,003","129,003","129,003","-0,45%"
"25.09.2023","129,587","129,587","129,587","129,587","-0,65%"
"22.09.2023","130,440","130,440","130,440","130,440","-0,33%"
"21.09.2023","130,878","130,878","130,878","130,878","-0,18%"
"20.09.2023","131,111","131,111","131,111","131,111","0,03%"
"19.09.2023","131,065","131,065","131,065","131,065","-0,09%"
"18.09.2023","131,188","131,188","131,188","131,188","-0,21%"
"15.09.2023","131,470","131,470","131,470","131,470","-0,68%"
"14.09.2023","132,372","132,372","132,372","132,372","0,44%"
"13.09.2023","131,794","131,794","131,794","131,794","-0,14%"
"12.09.2023","131,972","131,972","131,972","131,972","0,07%"
"11.09.2023","131,877","131,877","131,877","131,877","-0,33%"
"08.09.2023","132,317","132,317","132,317","132,317","0,24%"
"07.09.2023","131,997","131,997","131,997","131,997","0,33%"
"06.09.2023","131,569","131,569","131,569","131,569","-0,17%"
"05.09.2023","131,788","131,788","131,788","131,788","-0,16%"
"04.09.2023","132,004","132,004","132,004","132,004","-0,19%"
"01.09.2023","132,258","132,258","132,258","132,258","-0,55%"
"31.08.2023","132,989","132,989","132,989","132,989","0,31%"
"30.08.2023","132,578","132,578","132,578","132,578","-0,01%"
"29.08.2023","132,586","132,586","132,586","132,586","0,42%"
"28.08.2023","132,034","132,034","132,034","132,034","0,08%"
"25.08.2023","131,933","131,933","131,933","131,933","-0,42%"
"24.08.2023","132,483","132,483","132,483","132,483","-0,32%"
"23.08.2023","132,915","132,915","132,915","132,915","0,71%"
"22.08.2023","131,972","131,972","131,972","131,972","0,61%"
"21.08.2023","131,169","131,169","131,169","131,169","-0,39%"
"18.08.2023","131,686","131,686","131,686","131,686","0,38%"
"17.08.2023","131,193","131,193","131,193","131,193","-0,43%"
"16.08.2023","131,765","131,765","131,765","131,765","0,02%"
"15.08.2023","131,734","131,734","131,734","131,734","-0,44%"
"14.08.2023","132,320","132,320","132,320","132,320","-0,01%"
"11.08.2023","132,330","132,330","132,330","132,330","-0,42%"
"10.08.2023","132,886","132,886","132,886","132,886","-0,26%"
"09.08.2023","133,234","133,234","133,234","133,234","-0,42%"
"08.08.2023","133,797","133,797","133,797","133,797","0,61%"
"07.08.2023","132,981","132,981","132,981","132,981","0,01%"
"04.08.2023","132,964","132,964","132,964","132,964","0,44%"
"03.08.2023","132,382","132,382","132,382","132,382","-0,37%"
"02.08.2023","132,868","132,868","132,868","132,868","0,01%"
"01.08.2023","132,852","132,852","132,852","132,852","-0,46%"
"31.07.2023","133,469","133,469","133,469","133,469","0,26%"
"28.07.2023","133,119","133,119","133,119","133,119","0,12%"
"27.07.2023","132,963","132,963","132,963","132,963","0,23%"
"26.07.2023","132,662","132,662","132,662","132,662","-0,28%"
"25.07.2023","133,037","133,037","133,037","133,037","0,05%"
"24.07.2023","132,970","132,970","132,970","132,970","0,20%"
"21.07.2023","132,702","132,702","132,702","132,702","0,47%"
"20.07.2023","132,078","132,078","132,078","132,078","-0,08%"
"19.07.2023","132,190","132,190","132,190","132,190","-0,43%"
"18.07.2023","132,758","132,758","132,758","132,758","0,94%"
"17.07.2023","131,525","131,525","131,525","131,525","0,07%"
"14.07.2023","131,430","131,430","131,430","131,430","-0,34%"
"13.07.2023","131,873","131,873","131,873","131,873","0,52%"
"12.07.2023","131,192","131,192","131,192","131,192","0,64%"
"11.07.2023","130,362","130,362","130,362","130,362","-0,30%"
"10.07.2023","130,754","130,754","130,754","130,754","-0,06%"
"07.07.2023","130,826","130,826","130,826","130,826","0,02%"
"06.07.2023","130,797","130,797","130,797","130,797","-1,11%"
"05.07.2023","132,267","132,267","132,267","132,267","-0,02%"
"04.07.2023","132,295","132,295","132,295","132,295","-0,38%"
"03.07.2023","132,794","132,794","132,794","132,794","0,17%"
"30.06.2023","132,564","132,564","132,564","132,564","-0,17%"
"29.06.2023","132,785","132,785","132,785","132,785","-0,49%"
"28.06.2023","133,445","133,445","133,445","133,445","-0,19%"
"27.06.2023","133,698","133,698","133,698","133,698","-0,34%"
"26.06.2023","134,149","134,149","134,149","134,149","0,41%"
"23.06.2023","133,597","133,597","133,597","133,597","0,91%"
"22.06.2023","132,391","132,391","132,391","132,391","-0,51%"
"21.06.2023","133,076","133,076","133,076","133,076","-0,15%"
"20.06.2023","133,274","133,274","133,274","133,274","0,84%"
"19.06.2023","132,162","132,162","132,162","132,162","-0,44%"
"16.06.2023","132,747","132,747","132,747","132,747","0,85%"
"15.06.2023","131,627","131,627","131,627","131,627","-0,05%"
"14.06.2023","131,694","131,694","131,694","131,694","-0,08%"
"13.06.2023","131,799","131,799","131,799","131,799","-0,16%"
"12.06.2023","132,010","132,010","132,010","132,010","-0,15%"
"09.06.2023","132,214","132,214","132,214","132,214","0,37%"
"08.06.2023","131,729","131,729","131,729","131,729","0,00%"
"07.06.2023","131,727","131,727","131,727","131,727","-0,22%"
"06.06.2023","132,021","132,021","132,021","132,021","-0,34%"
"05.06.2023","132,469","132,469","132,469","132,469","-0,18%"
"02.06.2023","132,713","132,713","132,713","132,713","0,11%"
"01.06.2023","132,568","132,568","132,568","132,568","-0,24%"
"31.05.2023","132,887","132,887","132,887","132,887","0,34%"
"30.05.2023","132,433","132,433","132,433","132,433","0,23%"
"29.05.2023","132,128","132,128","132,128","132,128","0,99%"
"26.05.2023","130,838","130,838","130,838","130,838","-0,32%"
"25.05.2023","131,252","131,252","131,252","131,252","-0,19%"
"24.05.2023","131,496","131,496","131,496","131,496","0,56%"
"23.05.2023","130,761","130,761","130,761","130,761","0,17%"
"22.05.2023","130,537","130,537","130,537","130,537","-0,09%"
"19.05.2023","130,655","130,655","130,655","130,655","0,33%"
"18.05.2023","130,223","130,223","130,223","130,223","-0,61%"
"17.05.2023","131,028","131,028","131,028","131,028","0,12%"
"16.05.2023","130,872","130,872","130,872","130,872","-0,32%"
"15.05.2023","131,287","131,287","131,287","131,287","-0,15%"
"12.05.2023","131,486","131,486","131,486","131,486","-0,48%"
"11.05.2023","132,124","132,124","132,124","132,124","0,20%"
"10.05.2023","131,858","131,858","131,858","131,858","0,50%"
"09.05.2023","131,205","131,205","131,205","131,205","0,05%"
"08.05.2023","131,143","131,143","131,143","131,143","0,06%"
"05.05.2023","131,069","131,069","131,069","131,069","-0,23%"
"04.05.2023","131,373","131,373","131,373","131,373","0,07%"
"03.05.2023","131,283","131,283","131,283","131,283","-0,27%"
"02.05.2023","131,644","131,644","131,644","131,644","-0,05%"
"01.05.2023","131,704","131,704","131,704","131,704","-0,03%"
"28.04.2023","131,744","131,744","131,744","131,744","0,97%"
"27.04.2023","130,477","130,477","130,477","130,477","-0,62%"
"26.04.2023","131,298","131,298","131,298","131,298","-0,08%"
"25.04.2023","131,408","131,408","131,408","131,408","0,55%"
"24.04.2023","130,695","130,695","130,695","130,695","0,24%"
"21.04.2023","130,384","130,384","130,384","130,384","-0,30%"
"20.04.2023","130,771","130,771","130,771","130,771","0,17%"
"19.04.2023","130,554","130,554","130,554","130,554","-0,27%"
"18.04.2023","130,906","130,906","130,906","130,906","0,09%"
"17.04.2023","130,783","130,783","130,783","130,783","-0,06%"
"14.04.2023","130,861","130,861","130,861","130,861","-0,27%"
"13.04.2023","131,214","131,214","131,214","131,214","-0,01%"
"12.04.2023","131,228","131,228","131,228","131,228","-0,17%"
"11.04.2023","131,457","131,457","131,457","131,457","-0,80%"
"10.04.2023","132,518","132,518","132,518","132,518","0,12%"
"06.04.2023","132,362","132,362","132,362","132,362","-0,00%"
"05.04.2023","132,367","132,367","132,367","132,367","0,13%"
"04.04.2023","132,197","132,197","132,197","132,197","-0,23%"
"03.04.2023","132,495","132,495","132,495","132,495","0,64%"
"31.03.2023","131,647","131,647","131,647","131,647","0,41%"
"30.03.2023","131,107","131,107","131,107","131,107","-0,16%"
"29.03.2023","131,321","131,321","131,321","131,321","0,03%"
"28.03.2023","131,279","131,279","131,279","131,279","-0,25%"
"27.03.2023","131,607","131,607","131,607","131,607","-0,47%"
"24.03.2023","132,231","132,231","132,231","132,231","0,06%"
"23.03.2023","132,146","132,146","132,146","132,146","1,08%"
"22.03.2023","130,734","130,734","130,734","130,734","0,11%"
"21.03.2023","130,590","130,590","130,590","130,590","-0,44%"
"20.03.2023","131,169","131,169","131,169","131,169","0,01%"
"17.03.2023","131,158","131,158","131,158","131,158","0,05%"
"16.03.2023","131,093","131,093","131,093","131,093","-0,67%"
"15.03.2023","131,977","131,977","131,977","131,977","1,31%"
"14.03.2023","130,271","130,271","130,271","130,271","-0,82%"
"13.03.2023","131,349","131,349","131,349","131,349","0,87%"
"10.03.2023","130,211","130,211","130,211","130,211","0,82%"
"09.03.2023","129,157","129,157","129,157","129,157","0,05%"
"08.03.2023","129,091","129,091","129,091","129,091","-0,08%"
"07.03.2023","129,191","129,191","129,191","129,191","-0,80%"
"06.03.2023","130,230","130,230","130,230","130,230","-0,41%"
"03.03.2023","130,765","130,765","130,765","130,765","0,66%"
"02.03.2023","129,905","129,905","129,905","129,905","0,34%"
"01.03.2023","129,459","129,459","129,459","129,459","-0,24%"
"28.02.2023","129,772","129,772","129,772","129,772","-0,31%"
"24.02.2023","130,171","130,171","130,171","130,171","-0,31%"
"23.02.2023","130,580","130,580","130,580","130,580","0,76%"
"22.02.2023","129,589","129,589","129,589","129,589","0,19%"
"21.02.2023","129,341","129,341","129,341","129,341","-0,63%"
"20.02.2023","130,164","130,164","130,164","130,164","-0,03%"
"17.02.2023","130,207","130,207","130,207","130,207","-0,03%"
"16.02.2023","130,249","130,249","130,249","130,249","0,15%"
"15.02.2023","130,053","130,053","130,053","130,053","-0,29%"
"14.02.2023","130,437","130,437","130,437","130,437","-0,13%"
"13.02.2023","130,614","130,614","130,614","130,614","0,02%"
"10.02.2023","130,587","130,587","130,587","130,587","-0,37%"
"09.02.2023","131,069","131,069","131,069","131,069","0,42%"
"08.02.2023","130,525","130,525","130,525","130,525","-0,23%"
"07.02.2023","130,831","130,831","130,831","130,831","0,08%"
"06.02.2023","130,724","130,724","130,724","130,724","-0,64%"
"03.02.2023","131,566","131,566","131,566","131,566","-1,00%"
"02.02.2023","132,896","132,896","132,896","132,896","2,37%"
"01.02.2023","129,817","129,817","129,817","129,817","-0,10%"
"31.01.2023","129,951","129,951","129,951","129,951","0,04%"
"30.01.2023","129,895","129,895","129,895","129,895","-0,31%"
"27.01.2023","130,296","130,296","130,296","130,296","-0,20%"
"26.01.2023","130,557","130,557","130,557","130,557","-0,26%"
"25.01.2023","130,902","130,902","130,902","130,902","-0,31%"
"24.01.2023","131,314","131,314","131,314","131,314","0,55%"
"23.01.2023","130,597","130,597","130,597","130,597","0,18%"
"20.01.2023","130,369","130,369","130,369","130,369","-1,02%"
"19.01.2023","131,712","131,712","131,712","131,712","-0,73%"
"18.01.2023","132,675","132,675","132,675","132,675","0,94%"
"17.01.2023","131,442","131,442","131,442","131,442","0,77%"
"16.01.2023","130,439","130,439","130,439","130,439","-0,32%"
"13.01.2023","130,855","130,855","130,855","130,855","-0,15%"
"12.01.2023","131,058","131,058","131,058","131,058","0,52%"
"11.01.2023","130,378","130,378","130,378","130,378","0,95%"
"10.01.2023","129,148","129,148","129,148","129,148","-0,50%"
"09.01.2023","129,801","129,801","129,801","129,801","-0,46%"
"06.01.2023","130,396","130,396","130,396","130,396","0,81%"
"05.01.2023","129,354","129,354","129,354","129,354","-0,83%"
"04.01.2023","130,441","130,441","130,441","130,441","0,72%"
"03.01.2023","129,511","129,511","129,511","129,511","1,62%"
"30.12.2022","127,450","127,450","127,450","127,450","-1,04%"
"29.12.2022","128,796","128,796","128,796","128,796","0,57%"
"28.12.2022","128,063","128,063","128,063","128,063","-0,44%"
"23.12.2022","128,632","128,632","128,632","128,632","-0,13%"
"22.12.2022","128,806","128,806","128,806","128,806","-0,21%"
"21.12.2022","129,079","129,079","129,079","129,079","0,17%"
"20.12.2022","128,865","128,865","128,865","128,865","-0,78%"
"19.12.2022","129,872","129,872","129,872","129,872","-0,18%"
"16.12.2022","130,106","130,106","130,106","130,106","-1,33%"
"15.12.2022","131,863","131,863","131,863","131,863","-1,83%"
"14.12.2022","134,324","134,324","134,324","134,324","-0,63%"
"13.12.2022","135,170","135,170","135,170","135,170","-0,19%"
"12.12.2022","135,433","135,433","135,433","135,433","0,19%"
"09.12.2022","135,169","135,169","135,169","135,169","-0,84%"
"08.12.2022","136,313","136,313","136,313","136,313","-0,27%"
"07.12.2022","136,679","136,679","136,679","136,679","0,16%"
"06.12.2022","136,465","136,465","136,465","136,465","0,05%"
"05.12.2022","136,403","136,403","136,403","136,403","0,20%"
"02.12.2022","136,136","136,136","136,136","136,136","-0,30%"
"01.12.2022","136,550","136,550","136,550","136,550","1,59%"
"30.11.2022","134,406","134,406","134,406","134,406","0,27%"
"29.11.2022","134,051","134,051","134,051","134,051","0,64%"
"28.11.2022","133,200","133,200","133,200","133,200","-0,04%"
"25.11.2022","133,255","133,255","133,255","133,255","-0,91%"
"24.11.2022","134,483","134,483","134,483","134,483","0,66%"
"23.11.2022","133,603","133,603","133,603","133,603","0,73%"
"22.11.2022","132,639","132,639","132,639","132,639","0,26%"
"21.11.2022","132,294","132,294","132,294","132,294","0,31%"
"17.11.2022","131,879","131,879","131,879","131,879","-0,37%"
"16.11.2022","132,369","132,369","132,369","132,369","0,81%"
"15.11.2022","131,309","131,309","131,309","131,309","0,51%"
"14.11.2022","130,649","130,649","130,649","130,649","-0,18%"
"11.11.2022","130,889","130,889","130,889","130,889","-1,38%"
"10.11.2022","132,717","132,717","132,717","132,717","1,45%"
"09.11.2022","130,825","130,825","130,825","130,825","0,41%"
"08.11.2022","130,293","130,293","130,293","130,293","0,64%"
"07.11.2022","129,463","129,463","129,463","129,463","0,14%"
"04.11.2022","129,286","129,286","129,286","129,286","0,00%"
"03.11.2022","129,287","129,287","129,287","129,287","-0,72%"
"02.11.2022","130,227","130,227","130,227","130,227","0,10%"
"01.11.2022","130,101","130,101","130,101","130,101","0,28%"
"31.10.2022","129,734","129,734","129,734","129,734","-0,91%"
"28.10.2022","130,930","130,930","130,930","130,930","-0,28%"
"27.10.2022","131,302","131,302","131,302","131,302","1,82%"
"26.10.2022","128,949","128,949","128,949","128,949","0,11%"
"25.10.2022","128,810","128,810","128,810","128,810","1,65%"
"24.10.2022","126,715","126,715","126,715","126,715","1,21%"
"21.10.2022","125,197","125,197","125,197","125,197","0,05%"
"20.10.2022","125,132","125,132","125,132","125,132","0,27%"
"19.10.2022","124,791","124,791","124,791","124,791","-0,73%"
"18.10.2022","125,713","125,713","125,713","125,713","0,01%"
"17.10.2022","125,704","125,704","125,704","125,704","0,74%"
"14.10.2022","124,780","124,780","124,780","124,780","-0,71%"
"13.10.2022","125,674","125,674","125,674","125,674","0,27%"
"12.10.2022","125,333","125,333","125,333","125,333","-0,27%"
"11.10.2022","125,675","125,675","125,675","125,675","0,36%"
"10.10.2022","125,222","125,222","125,222","125,222","-0,44%"
"07.10.2022","125,773","125,773","125,773","125,773","-1,07%"
"06.10.2022","127,127","127,127","127,127","127,127","-0,41%"
"03.10.2022","127,646","127,646","127,646","127,646","1,58%"
"30.09.2022","125,663","125,663","125,663","125,663","0,12%"
"29.09.2022","125,517","125,517","125,517","125,517","-0,91%"
"27.09.2022","126,673","126,673","126,673","126,673","-1,91%"
"26.09.2022","129,144","129,144","129,144","129,144","-1,03%"
"23.09.2022","130,494","130,494","130,494","130,494","-0,74%"
"22.09.2022","131,465","131,465","131,465","131,465","-0,40%"
"21.09.2022","131,997","131,997","131,997","131,997","0,40%"
"20.09.2022","131,472","131,472","131,472","131,472","-0,66%"
"16.09.2022","132,350","132,350","132,350","132,350","-0,39%"
"15.09.2022","132,863","132,863","132,863","132,863","0,45%"
"14.09.2022","132,263","132,263","132,263","132,263","0,54%"
"13.09.2022","131,550","131,550","131,550","131,550","-0,35%"
"12.09.2022","132,014","132,014","132,014","132,014","0,36%"
"09.09.2022","131,539","131,539","131,539","131,539","-0,47%"
"08.09.2022","132,159","132,159","132,159","132,159","-0,55%"
"07.09.2022","132,885","132,885","132,885","132,885","0,17%"
"06.09.2022","132,664","132,664","132,664","132,664","-0,26%"
"05.09.2022","133,006","133,006","133,006","133,006","-0,01%"
"02.09.2022","133,014","133,014","133,014","133,014","0,07%"
"01.09.2022","132,919","132,919","132,919","132,919","-0,77%"
"31.08.2022","133,951","133,951","133,951","133,951","-1,00%"
"30.08.2022","135,302","135,302","135,302","135,302","-0,53%"
"29.08.2022","136,029","136,029","136,029","136,029","-0,87%"
"26.08.2022","137,220","137,220","137,220","137,220","-0,69%"
"25.08.2022","138,174","138,174","138,174","138,174","0,59%"
"24.08.2022","137,359","137,359","137,359","137,359","-0,72%"
"23.08.2022","138,352","138,352","138,352","138,352","-0,75%"
"22.08.2022","139,393","139,393","139,393","139,393","0,08%"
"19.08.2022","139,283","139,283","139,283","139,283","-0,82%"
"18.08.2022","140,434","140,434","140,434","140,434","0,48%"
"17.08.2022","139,765","139,765","139,765","139,765","-0,43%"
"16.08.2022","140,372","140,372","140,372","140,372","-0,47%"
"15.08.2022","141,029","141,029","141,029","141,029","0,56%"
"12.08.2022","140,243","140,243","140,243","140,243","-0,18%"
"11.08.2022","140,493","140,493","140,493","140,493","-0,27%"
"10.08.2022","140,871","140,871","140,871","140,871","0,19%"
"09.08.2022","140,608","140,608","140,608","140,608","-0,29%"
"08.08.2022","141,013","141,013","141,013","141,013","0,32%"
"05.08.2022","140,561","140,561","140,561","140,561","-0,46%"
"04.08.2022","141,217","141,217","141,217","141,217","0,47%"
"03.08.2022","140,563","140,563","140,563","140,563","0,05%"
"02.08.2022","140,486","140,486","140,486","140,486","-0,21%"
"01.08.2022","140,775","140,775","140,775","140,775","0,65%"
"29.07.2022","139,863","139,863","139,863","139,863","0,78%"
"28.07.2022","138,779","138,779","138,779","138,779","1,16%"
"27.07.2022","137,183","137,183","137,183","137,183","0,16%"
"26.07.2022","136,968","136,968","136,968","136,968","0,98%"
"25.07.2022","135,641","135,641","135,641","135,641","0,32%"
"22.07.2022","135,201","135,201","135,201","135,201","1,11%"
"21.07.2022","133,714","133,714","133,714","133,714","-0,38%"
"20.07.2022","134,221","134,221","134,221","134,221","-0,22%"
"19.07.2022","134,515","134,515","134,515","134,515","-0,20%"
"18.07.2022","134,789","134,789","134,789","134,789","-0,31%"
"15.07.2022","135,206","135,206","135,206","135,206","0,41%"
"14.07.2022","134,657","134,657","134,657","134,657","-0,39%"
"13.07.2022","135,184","135,184","135,184","135,184","-0,04%"
"12.07.2022","135,236","135,236","135,236","135,236","0,98%"
"11.07.2022","133,929","133,929","133,929","133,929","0,61%"
"08.07.2022","133,122","133,122","133,122","133,122","-0,28%"
"07.07.2022","133,501","133,501","133,501","133,501","-0,55%"
"06.07.2022","134,245","134,245","134,245","134,245","-0,44%"
"05.07.2022","134,843","134,843","134,843","134,843","1,15%"
"04.07.2022","133,315","133,315","133,315","133,315","-0,48%"
"01.07.2022","133,956","133,956","133,956","133,956","1,25%"
"30.06.2022","132,303","132,303","132,303","132,303","-0,05%"
"29.06.2022","132,368","132,368","132,368","132,368","0,88%"
"28.06.2022","131,210","131,210","131,210","131,210","-0,84%"
"27.06.2022","132,321","132,321","132,321","132,321","-0,23%"
"24.06.2022","132,632","132,632","132,632","132,632","0,29%"
"23.06.2022","132,253","132,253","132,253","132,253","1,07%"
"22.06.2022","130,856","130,856","130,856","130,856","1,34%"
"21.06.2022","129,128","129,128","129,128","129,128","0,13%"
"20.06.2022","128,961","128,961","128,961","128,961","-0,50%"
"17.06.2022","129,614","129,614","129,614","129,614","-0,07%"
"16.06.2022","129,702","129,702","129,702","129,702","-0,28%"
"15.06.2022","130,063","130,063","130,063","130,063","1,08%"
"14.06.2022","128,679","128,679","128,679","128,679","-1,37%"
"13.06.2022","130,470","130,470","130,470","130,470","-2,11%"
"10.06.2022","133,283","133,283","133,283","133,283","-1,16%"
"09.06.2022","134,844","134,844","134,844","134,844","-1,14%"
"08.06.2022","136,400","136,400","136,400","136,400","-0,20%"
"07.06.2022","136,674","136,674","136,674","136,674","0,82%"
"06.06.2022","135,563","135,563","135,563","135,563","-0,15%"
"03.06.2022","135,766","135,766","135,766","135,766","-0,33%"
"02.06.2022","136,218","136,218","136,218","136,218","-0,12%"
"01.06.2022","136,385","136,385","136,385","136,385","-0,24%"
"31.05.2022","136,715","136,715","136,715","136,715","-0,36%"
"30.05.2022","137,212","137,212","137,212","137,212","-0,00%"
"27.05.2022","137,215","137,215","137,215","137,215","0,24%"
"26.05.2022","136,891","136,891","136,891","136,891","-0,39%"
"25.05.2022","137,429","137,429","137,429","137,429","-0,19%"
"24.05.2022","137,693","137,693","137,693","137,693","-0,14%"
"23.05.2022","137,881","137,881","137,881","137,881","-0,63%"
"20.05.2022","138,752","138,752","138,752","138,752","-0,48%"
"19.05.2022","139,421","139,421","139,421","139,421","-0,02%"
"18.05.2022","139,452","139,452","139,452","139,452","0,16%"
"17.05.2022","139,232","139,232","139,232","139,232","-0,31%"
"16.05.2022","139,658","139,658","139,658","139,658","0,84%"
"13.05.2022","138,489","138,489","138,489","138,489","-0,31%"
"12.05.2022","138,926","138,926","138,926","138,926","0,57%"
"11.05.2022","138,139","138,139","138,139","138,139","0,51%"
"10.05.2022","137,440","137,440","137,440","137,440","-0,05%"
"09.05.2022","137,506","137,506","137,506","137,506","-0,12%"
"06.05.2022","137,673","137,673","137,673","137,673","-1,79%"
"05.05.2022","140,178","140,178","140,178","140,178","-0,70%"
"04.05.2022","141,161","141,161","141,161","141,161","-0,63%"
"03.05.2022","142,051","142,051","142,051","142,051","-0,21%"
"02.05.2022","142,347","142,347","142,347","142,347","-0,14%"
"29.04.2022","142,553","142,553","142,553","142,553","0,11%"
"28.04.2022","142,398","142,398","142,398","142,398","-0,06%"
"27.04.2022","142,482","142,482","142,482","142,482","0,17%"
"26.04.2022","142,237","142,237","142,237","142,237","0,03%"
"25.04.2022","142,193","142,193","142,193","142,193","0,01%"
"22.04.2022","142,177","142,177","142,177","142,177","-0,46%"
"21.04.2022","142,833","142,833","142,833","142,833","-0,48%"
"20.04.2022","143,520","143,520","143,520","143,520","0,55%"
"19.04.2022","142,731","142,731","142,731","142,731","-0,33%"
"18.04.2022","143,202","143,202","143,202","143,202","0,13%"
"14.04.2022","143,009","143,009","143,009","143,009","-0,59%"
"13.04.2022","143,864","143,864","143,864","143,864","0,21%"
"12.04.2022","143,557","143,557","143,557","143,557","0,45%"
"11.04.2022","142,913","142,913","142,913","142,913","-0,45%"
"08.04.2022","143,561","143,561","143,561","143,561","0,15%"
"07.04.2022","143,352","143,352","143,352","143,352","-0,24%"
"06.04.2022","143,695","143,695","143,695","143,695","-0,16%"
"05.04.2022","143,918","143,918","143,918","143,918","-0,60%"
"04.04.2022","144,787","144,787","144,787","144,787","0,79%"
"01.04.2022","143,658","143,658","143,658","143,658","-0,34%"
"31.03.2022","144,149","144,149","144,149","144,149","0,19%"
"30.03.2022","143,875","143,875","143,875","143,875","0,15%"
"29.03.2022","143,664","143,664","143,664","143,664","-0,13%"
"28.03.2022","143,856","143,856","143,856","143,856","-0,01%"
"25.03.2022","143,875","143,875","143,875","143,875","-0,46%"
"24.03.2022","144,540","144,540","144,540","144,540","0,10%"
"23.03.2022","144,397","144,397","144,397","144,397","0,80%"
"22.03.2022","143,253","143,253","143,253","143,253","0,26%"
"21.03.2022","142,884","142,884","142,884","142,884","-0,37%"
"18.03.2022","143,414","143,414","143,414","143,414","0,32%"
"17.03.2022","142,956","142,956","142,956","142,956","0,20%"
"16.03.2022","142,671","142,671","142,671","142,671","-0,61%"
"15.03.2022","143,545","143,545","143,545","143,545","-0,44%"
"14.03.2022","144,180","144,180","144,180","144,180","-0,48%"
"11.03.2022","144,879","144,879","144,879","144,879","0,92%"
"10.03.2022","143,558","143,558","143,558","143,558","-1,86%"
"09.03.2022","146,284","146,284","146,284","146,284","-2,08%"
"08.03.2022","149,389","149,389","149,389","149,389","-0,13%"
"07.03.2022","149,585","149,585","149,585","149,585","1,31%"
"04.03.2022","147,652","147,652","147,652","147,652","1,53%"
"03.03.2022","145,427","145,427","145,427","145,427","0,12%"
"02.03.2022","145,259","145,259","145,259","145,259","-0,00%"
"01.03.2022","145,264","145,264","145,264","145,264","2,96%"
"28.02.2022","141,085","141,085","141,085","141,085","0,91%"
"25.02.2022","139,806","139,806","139,806","139,806","-0,76%"
"24.02.2022","140,878","140,878","140,878","140,878","1,52%"
"23.02.2022","138,770","138,770","138,770","138,770","0,61%"
"22.02.2022","137,922","137,922","137,922","137,922","0,09%"
"21.02.2022","137,795","137,795","137,795","137,795","-0,11%"
"18.02.2022","137,952","137,952","137,952","137,952","0,17%"
"17.02.2022","137,713","137,713","137,713","137,713","0,36%"
"16.02.2022","137,225","137,225","137,225","137,225","0,46%"
"15.02.2022","136,594","136,594","136,594","136,594","-0,43%"
"14.02.2022","137,188","137,188","137,188","137,188","0,21%"
"11.02.2022","136,903","136,903","136,903","136,903","0,01%"
"10.02.2022","136,895","136,895","136,895","136,895","-0,65%"
"09.02.2022","137,784","137,784","137,784","137,784","0,38%"
"08.02.2022","137,268","137,268","137,268","137,268","-0,23%"
"07.02.2022","137,578","137,578","137,578","137,578","-0,41%"
"04.02.2022","138,149","138,149","138,149","138,149","-0,53%"
"03.02.2022","138,888","138,888","138,888","138,888","-1,44%"
"02.02.2022","140,918","140,918","140,918","140,918","-0,02%"
"01.02.2022","140,939","140,939","140,939","140,939","-0,35%"
"31.01.2022","141,437","141,437","141,437","141,437","0,32%"
"28.01.2022","140,979","140,979","140,979","140,979","0,21%"
"27.01.2022","140,685","140,685","140,685","140,685","0,27%"
"26.01.2022","140,312","140,312","140,312","140,312","-0,27%"
"25.01.2022","140,698","140,698","140,698","140,698","0,10%"
"24.01.2022","140,563","140,563","140,563","140,563","0,10%"
"21.01.2022","140,421","140,421","140,421","140,421","-0,06%"
"20.01.2022","140,512","140,512","140,512","140,512","0,14%"
"19.01.2022","140,309","140,309","140,309","140,309","-0,20%"
"18.01.2022","140,584","140,584","140,584","140,584","-0,06%"
"17.01.2022","140,675","140,675","140,675","140,675","-0,13%"
"14.01.2022","140,865","140,865","140,865","140,865","-0,33%"
"13.01.2022","141,327","141,327","141,327","141,327","0,14%"
"12.01.2022","141,130","141,130","141,130","141,130","0,37%"
"11.01.2022","140,605","140,605","140,605","140,605","-0,07%"
"10.01.2022","140,703","140,703","140,703","140,703","0,14%"
"07.01.2022","140,501","140,501","140,501","140,501","-0,06%"
"06.01.2022","140,583","140,583","140,583","140,583","-0,90%"
"05.01.2022","141,855","141,855","141,855","141,855","-0,31%"
"04.01.2022","142,294","142,294","142,294","142,294","0,12%"
"31.12.2021","142,129","142,129","142,129","142,129","0,04%"
"30.12.2021","142,066","142,066","142,066","142,066","0,09%"
"29.12.2021","141,945","141,945","141,945","141,945","-0,59%"
"28.12.2021","142,788","142,788","142,788","142,788","-0,10%"
"24.12.2021","142,924","142,924","142,924","142,924","-0,05%"
"23.12.2021","143,000","143,000","143,000","143,000","-0,51%"
"22.12.2021","143,726","143,726","143,726","143,726","0,62%"
"21.12.2021","142,842","142,842","142,842","142,842","-0,23%"
"20.12.2021","143,178","143,178","143,178","143,178","-0,08%"
"17.12.2021","143,287","143,287","143,287","143,287","0,28%"
"16.12.2021","142,891","142,891","142,891","142,891","-0,03%"
"15.12.2021","142,941","142,941","142,941","142,941","-0,06%"
"14.12.2021","143,022","143,022","143,022","143,022","-0,41%"
"13.12.2021","143,614","143,614","143,614","143,614","0,61%"
"10.12.2021","142,740","142,740","142,740","142,740","0,02%"
"09.12.2021","142,717","142,717","142,717","142,717","0,39%"
"08.12.2021","142,160","142,160","142,160","142,160","-0,70%"
"07.12.2021","143,168","143,168","143,168","143,168","0,42%"
"03.12.2021","142,572","142,572","142,572","142,572","0,33%"
"02.12.2021","142,100","142,100","142,100","142,100","0,18%"
"01.12.2021","141,847","141,847","141,847","141,847","-0,14%"
"30.11.2021","142,042","142,042","142,042","142,042","0,31%"
"29.11.2021","141,596","141,596","141,596","141,596","0,39%"
"26.11.2021","141,046","141,046","141,046","141,046","-0,01%"
"25.11.2021","141,062","141,062","141,062","141,062","0,67%"
"24.11.2021","140,122","140,122","140,122","140,122","-0,41%"
"23.11.2021","140,704","140,704","140,704","140,704","-0,93%"
"22.11.2021","142,020","142,020","142,020","142,020","-0,69%"
"19.11.2021","143,004","143,004","143,004","143,004","0,04%"
"18.11.2021","142,949","142,949","142,949","142,949","-0,09%"
"17.11.2021","143,080","143,080","143,080","143,080","0,00%"
"16.11.2021","143,075","143,075","143,075","143,075","0,23%"
"15.11.2021","142,742","142,742","142,742","142,742","0,01%"
"12.11.2021","142,725","142,725","142,725","142,725","-0,05%"
"11.11.2021","142,798","142,798","142,798","142,798","-0,10%"
"10.11.2021","142,938","142,938","142,938","142,938","-0,33%"
"09.11.2021","143,414","143,414","143,414","143,414","0,29%"
"08.11.2021","143,000","143,000","143,000","143,000","0,38%"
"05.11.2021","142,464","142,464","142,464","142,464","0,91%"
"04.11.2021","141,174","141,174","141,174","141,174","0,69%"
"03.11.2021","140,204","140,204","140,204","140,204","-0,25%"
"02.11.2021","140,552","140,552","140,552","140,552","0,49%"
"01.11.2021","139,865","139,865","139,865","139,865","0,13%"
"29.10.2021","139,684","139,684","139,684","139,684","-1,85%"
"28.10.2021","142,318","142,318","142,318","142,318","-0,91%"
"27.10.2021","143,624","143,624","143,624","143,624","0,25%"
"26.10.2021","143,263","143,263","143,263","143,263","0,24%"
"25.10.2021","142,924","142,924","142,924","142,924","0,40%"
"22.10.2021","142,359","142,359","142,359","142,359","0,44%"
"21.10.2021","141,742","141,742","141,742","141,742","0,42%"
"20.10.2021","141,148","141,148","141,148","141,148","-0,01%"
"19.10.2021","141,157","141,157","141,157","141,157","-0,43%"
"18.10.2021","141,770","141,770","141,770","141,770","0,26%"
"15.10.2021","141,403","141,403","141,403","141,403","0,22%"
"14.10.2021","141,089","141,089","141,089","141,089","0,35%"
"13.10.2021","140,592","140,592","140,592","140,592","0,23%"
"12.10.2021","140,269","140,269","140,269","140,269","0,10%"
"11.10.2021","140,131","140,131","140,131","140,131","-0,08%"
"08.10.2021","140,242","140,242","140,242","140,242","-0,08%"
"07.10.2021","140,356","140,356","140,356","140,356","-0,07%"
"06.10.2021","140,452","140,452","140,452","140,452","-0,59%"
"05.10.2021","141,291","141,291","141,291","141,291","0,59%"
"04.10.2021","140,459","140,459","140,459","140,459","0,10%"
"01.10.2021","140,324","140,324","140,324","140,324","0,44%"
"30.09.2021","139,713","139,713","139,713","139,713","-0,29%"
"29.09.2021","140,116","140,116","140,116","140,116","0,00%"
"28.09.2021","140,114","140,114","140,114","140,114","0,09%"
"27.09.2021","139,985","139,985","139,985","139,985","0,31%"
"24.09.2021","139,549","139,549","139,549","139,549","-0,40%"
"23.09.2021","140,105","140,105","140,105","140,105","-0,24%"
"22.09.2021","140,445","140,445","140,445","140,445","0,14%"
"21.09.2021","140,249","140,249","140,249","140,249","0,17%"
"20.09.2021","140,012","140,012","140,012","140,012","-0,12%"
"17.09.2021","140,173","140,173","140,173","140,173","-0,06%"
"16.09.2021","140,263","140,263","140,263","140,263","-0,04%"
"15.09.2021","140,314","140,314","140,314","140,314","-0,18%"
"14.09.2021","140,564","140,564","140,564","140,564","-0,28%"
"13.09.2021","140,952","140,952","140,952","140,952","0,17%"
"10.09.2021","140,719","140,719","140,719","140,719","-0,04%"
"09.09.2021","140,770","140,770","140,770","140,770","0,57%"
"08.09.2021","139,973","139,973","139,973","139,973","0,15%"
"07.09.2021","139,763","139,763","139,763","139,763","-0,51%"
"06.09.2021","140,480","140,480","140,480","140,480","0,54%"
"03.09.2021","139,722","139,722","139,722","139,722","0,13%"
"02.09.2021","139,546","139,546","139,546","139,546","0,35%"
"01.09.2021","139,055","139,055","139,055","139,055","-0,11%"
"31.08.2021","139,210","139,210","139,210","139,210","-0,50%"
"30.08.2021","139,916","139,916","139,916","139,916","0,26%"
"27.08.2021","139,551","139,551","139,551","139,551","0,15%"
"26.08.2021","139,347","139,347","139,347","139,347","-0,20%"
"25.08.2021","139,623","139,623","139,623","139,623","-0,47%"
"24.08.2021","140,281","140,281","140,281","140,281","0,14%"
"23.08.2021","140,085","140,085","140,085","140,085","-0,01%"
"20.08.2021","140,098","140,098","140,098","140,098","0,00%"
"19.08.2021","140,093","140,093","140,093","140,093","-0,16%"
"18.08.2021","140,320","140,320","140,320","140,320","0,09%"
"17.08.2021","140,199","140,199","140,199","140,199","-0,09%"
"13.08.2021","140,327","140,327","140,327","140,327","-0,01%"
"12.08.2021","140,338","140,338","140,338","140,338","0,28%"
"11.08.2021","139,943","139,943","139,943","139,943","-0,13%"
"10.08.2021","140,129","140,129","140,129","140,129","0,45%"
"09.08.2021","139,499","139,499","139,499","139,499","-0,03%"
"06.08.2021","139,539","139,539","139,539","139,539","-0,30%"
"05.08.2021","139,962","139,962","139,962","139,962","0,14%"
"04.08.2021","139,769","139,769","139,769","139,769","-0,06%"
"03.08.2021","139,849","139,849","139,849","139,849","0,01%"
"02.08.2021","139,836","139,836","139,836","139,836","0,18%"
"30.07.2021","139,589","139,589","139,589","139,589","0,14%"
"29.07.2021","139,392","139,392","139,392","139,392","0,42%"
"28.07.2021","138,804","138,804","138,804","138,804","0,12%"
"27.07.2021","138,641","138,641","138,641","138,641","0,30%"
"26.07.2021","138,221","138,221","138,221","138,221","0,20%"
"23.07.2021","137,946","137,946","137,946","137,946","0,21%"
"22.07.2021","137,652","137,652","137,652","137,652","0,18%"
"21.07.2021","137,410","137,410","137,410","137,410","0,10%"
"20.07.2021","137,274","137,274","137,274","137,274","0,17%"
"19.07.2021","137,040","137,040","137,040","137,040","-0,11%"
"16.07.2021","137,191","137,191","137,191","137,191","0,24%"
"15.07.2021","136,857","136,857","136,857","136,857","0,08%"
"14.07.2021","136,749","136,749","136,749","136,749","0,09%"
"13.07.2021","136,621","136,621","136,621","136,621","0,19%"
"12.07.2021","136,369","136,369","136,369","136,369","0,04%"
"09.07.2021","136,319","136,319","136,319","136,319","0,08%"
"08.07.2021","136,208","136,208","136,208","136,208","-0,32%"
"07.07.2021","136,645","136,645","136,645","136,645","-0,04%"
"06.07.2021","136,704","136,704","136,704","136,704","0,50%"
"05.07.2021","136,027","136,027","136,027","136,027","-0,04%"
"02.07.2021","136,083","136,083","136,083","136,083","0,29%"
"01.07.2021","135,689","135,689","135,689","135,689","0,08%"
"30.06.2021","135,581","135,581","135,581","135,581","0,28%"
"29.06.2021","135,209","135,209","135,209","135,209","0,18%"
"28.06.2021","134,964","134,964","134,964","134,964","0,30%"
"25.06.2021","134,563","134,563","134,563","134,563","-0,33%"
"24.06.2021","135,012","135,012","135,012","135,012","0,10%"
"23.06.2021","134,877","134,877","134,877","134,877","0,06%"
"22.06.2021","134,794","134,794","134,794","134,794","0,20%"
"21.06.2021","134,530","134,530","134,530","134,530","-0,08%"
"18.06.2021","134,640","134,640","134,640","134,640","-0,39%"
"17.06.2021","135,165","135,165","135,165","135,165","-0,76%"
"16.06.2021","136,201","136,201","136,201","136,201","0,06%"
"15.06.2021","136,117","136,117","136,117","136,117","-0,13%"
"14.06.2021","136,291","136,291","136,291","136,291","-0,14%"
"11.06.2021","136,477","136,477","136,477","136,477","0,39%"
"10.06.2021","135,945","135,945","135,945","135,945","-0,03%"
"09.06.2021","135,989","135,989","135,989","135,989","0,30%"
"08.06.2021","135,585","135,585","135,585","135,585","0,02%"
"07.06.2021","135,561","135,561","135,561","135,561","-0,09%"
"04.06.2021","135,683","135,683","135,683","135,683","0,29%"
"03.06.2021","135,290","135,290","135,290","135,290","0,18%"
"02.06.2021","135,047","135,047","135,047","135,047","-0,16%"
"01.06.2021","135,268","135,268","135,268","135,268","0,06%"
"31.05.2021","135,188","135,188","135,188","135,188","0,20%"
"28.05.2021","134,912","134,912","134,912","134,912","0,43%"
"27.05.2021","134,337","134,337","134,337","134,337","-0,30%"
"26.05.2021","134,746","134,746","134,746","134,746","0,08%"
"25.05.2021","134,644","134,644","134,644","134,644","0,38%"
"24.05.2021","134,141","134,141","134,141","134,141","0,28%"
"21.05.2021","133,769","133,769","133,769","133,769","0,27%"
"20.05.2021","133,414","133,414","133,414","133,414","-0,14%"
"19.05.2021","133,596","133,596","133,596","133,596","-0,36%"
"18.05.2021","134,082","134,082","134,082","134,082","0,20%"
"17.05.2021","133,820","133,820","133,820","133,820","0,13%"
"14.05.2021","133,650","133,650","133,650","133,650","-0,29%"
"13.05.2021","134,035","134,035","134,035","134,035","-0,27%"
"12.05.2021","134,398","134,398","134,398","134,398","0,15%"
"11.05.2021","134,197","134,197","134,197","134,197","-0,18%"
"10.05.2021","134,444","134,444","134,444","134,444","0,32%"
"07.05.2021","134,016","134,016","134,016","134,016","-0,04%"
"06.05.2021","134,074","134,074","134,074","134,074","0,03%"
"05.05.2021","134,033","134,033","134,033","134,033","-0,03%"
"04.05.2021","134,076","134,076","134,076","134,076","0,08%"
"03.05.2021","133,974","133,974","133,974","133,974","-0,06%"
"29.04.2021","134,049","134,049","134,049","134,049","-0,16%"
"28.04.2021","134,265","134,265","134,265","134,265","-0,04%"
"27.04.2021","134,323","134,323","134,323","134,323","0,13%"
"26.04.2021","134,152","134,152","134,152","134,152","-0,11%"
"23.04.2021","134,300","134,300","134,300","134,300","-0,24%"
"22.04.2021","134,629","134,629","134,629","134,629","-0,02%"
"21.04.2021","134,661","134,661","134,661","134,661","-0,01%"
"20.04.2021","134,669","134,669","134,669","134,669","0,19%"
"19.04.2021","134,416","134,416","134,416","134,416","-0,23%"
"14.04.2021","134,719","134,719","134,719","134,719","-0,21%"
"13.04.2021","135,002","135,002","135,002","135,002","-0,08%"
"12.04.2021","135,105","135,105","135,105","135,105","-0,37%"
"08.04.2021","135,610","135,610","135,610","135,610","0,12%"
"07.04.2021","135,452","135,452","135,452","135,452","0,02%"
"06.04.2021","135,425","135,425","135,425","135,425","-0,18%"
"05.04.2021","135,671","135,671","135,671","135,671","0,04%"
"01.04.2021","135,621","135,621","135,621","135,621","0,38%"
"31.03.2021","135,110","135,110","135,110","135,110","0,22%"
"30.03.2021","134,815","134,815","134,815","134,815","-0,14%"
"29.03.2021","135,005","135,005","135,005","135,005","-0,26%"
"26.03.2021","135,354","135,354","135,354","135,354","0,06%"
"25.03.2021","135,266","135,266","135,266","135,266","0,04%"
"24.03.2021","135,210","135,210","135,210","135,210","0,57%"
"23.03.2021","134,443","134,443","134,443","134,443","0,24%"
"22.03.2021","134,115","134,115","134,115","134,115","0,25%"
"19.03.2021","133,774","133,774","133,774","133,774","0,05%"
"18.03.2021","133,713","133,713","133,713","133,713","-0,15%"
"17.03.2021","133,911","133,911","133,911","133,911","-0,77%"
"16.03.2021","134,953","134,953","134,953","134,953","0,29%"
"15.03.2021","134,561","134,561","134,561","134,561","0,28%"
"12.03.2021","134,188","134,188","134,188","134,188","-0,07%"
"11.03.2021","134,289","134,289","134,289","134,289","0,47%"
"10.03.2021","133,657","133,657","133,657","133,657","0,02%"
"09.03.2021","133,624","133,624","133,624","133,624","0,34%"
"08.03.2021","133,165","133,165","133,165","133,165","-0,15%"
"05.03.2021","133,365","133,365","133,365","133,365","0,30%"
"04.03.2021","132,964","132,964","132,964","132,964","0,05%"
"03.03.2021","132,900","132,900","132,900","132,900","-0,27%"
"02.03.2021","133,261","133,261","133,261","133,261","-0,01%"
"01.03.2021","133,272","133,272","133,272","133,272","0,90%"
"26.02.2021","132,087","132,087","132,087","132,087","0,32%"
"25.02.2021","131,666","131,666","131,666","131,666","-0,33%"
"24.02.2021","132,104","132,104","132,104","132,104","-0,23%"
"23.02.2021","132,413","132,413","132,413","132,413","-0,04%"
"22.02.2021","132,471","132,471","132,471","132,471","0,44%"
"19.02.2021","131,894","131,894","131,894","131,894","-0,37%"
"18.02.2021","132,389","132,389","132,389","132,389","-0,59%"
"17.02.2021","133,173","133,173","133,173","133,173","-0,26%"
"16.02.2021","133,524","133,524","133,524","133,524","0,05%"
"15.02.2021","133,451","133,451","133,451","133,451","-0,40%"
"12.02.2021","133,986","133,986","133,986","133,986","-0,05%"
"11.02.2021","134,051","134,051","134,051","134,051","0,13%"
"10.02.2021","133,874","133,874","133,874","133,874","-0,10%"
"09.02.2021","134,003","134,003","134,003","134,003","-0,12%"
"08.02.2021","134,160","134,160","134,160","134,160","-0,03%"
"05.02.2021","134,196","134,196","134,196","134,196","-0,13%"
"04.02.2021","134,365","134,365","134,365","134,365","-0,22%"
"03.02.2021","134,664","134,664","134,664","134,664","0,25%"
"02.02.2021","134,330","134,330","134,330","134,330","-0,07%"
"01.02.2021","134,421","134,421","134,421","134,421","0,40%"
"29.01.2021","133,880","133,880","133,880","133,880","-0,07%"
"28.01.2021","133,969","133,969","133,969","133,969","0,16%"
"27.01.2021","133,752","133,752","133,752","133,752","-0,05%"
"26.01.2021","133,822","133,822","133,822","133,822","0,18%"
"25.01.2021","133,582","133,582","133,582","133,582","0,09%"
"22.01.2021","133,464","133,464","133,464","133,464","-0,17%"
"21.01.2021","133,686","133,686","133,686","133,686","-0,43%"
"20.01.2021","134,262","134,262","134,262","134,262","0,01%"
"19.01.2021","134,253","134,253","134,253","134,253","0,20%"
"18.01.2021","133,986","133,986","133,986","133,986","-0,15%"
"15.01.2021","134,193","134,193","134,193","134,193","0,13%"
"14.01.2021","134,016","134,016","134,016","134,016","-0,22%"
"13.01.2021","134,310","134,310","134,310","134,310","0,57%"
"12.01.2021","133,543","133,543","133,543","133,543","-0,28%"
"11.01.2021","133,915","133,915","133,915","133,915","-0,28%"
"08.01.2021","134,290","134,290","134,290","134,290","0,25%"
"07.01.2021","133,949","133,949","133,949","133,949","0,14%"
"06.01.2021","133,765","133,765","133,765","133,765","0,09%"
"05.01.2021","133,641","133,641","133,641","133,641","0,04%"
"04.01.2021","133,592","133,592","133,592","133,592","0,05%"
"31.12.2020","133,523","133,523","133,523","133,523","0,01%"
"30.12.2020","133,512","133,512","133,512","133,512","-0,07%"
"29.12.2020","133,602","133,602","133,602","133,602","0,08%"
"28.12.2020","133,492","133,492","133,492","133,492","0,29%"
"24.12.2020","133,105","133,105","133,105","133,105","0,13%"
"23.12.2020","132,937","132,937","132,937","132,937","-0,25%"
"22.12.2020","133,266","133,266","133,266","133,266","0,26%"
"21.12.2020","132,926","132,926","132,926","132,926","-0,26%"
"18.12.2020","133,268","133,268","133,268","133,268","-0,22%"
"17.12.2020","133,567","133,567","133,567","133,567","0,06%"
"16.12.2020","133,486","133,486","133,486","133,486","-0,14%"
"15.12.2020","133,672","133,672","133,672","133,672","0,07%"
"14.12.2020","133,575","133,575","133,575","133,575","0,13%"
"11.12.2020","133,404","133,404","133,404","133,404","0,02%"
"10.12.2020","133,372","133,372","133,372","133,372","-0,06%"
"09.12.2020","133,457","133,457","133,457","133,457","-0,09%"
"08.12.2020","133,574","133,574","133,574","133,574","0,16%"
"07.12.2020","133,366","133,366","133,366","133,366","0,15%"
"04.12.2020","133,168","133,168","133,168","133,168","-0,05%"
"03.12.2020","133,234","133,234","133,234","133,234","0,45%"
"02.12.2020","132,634","132,634","132,634","132,634","0,08%"
"01.12.2020","132,533","132,533","132,533","132,533","-0,12%"
"30.11.2020","132,693","132,693","132,693","132,693","-0,02%"
"27.11.2020","132,724","132,724","132,724","132,724","0,09%"
"26.11.2020","132,601","132,601","132,601","132,601","0,03%"
"25.11.2020","132,561","132,561","132,561","132,561","0,04%"
"24.11.2020","132,514","132,514","132,514","132,514","0,30%"
"23.11.2020","132,115","132,115","132,115","132,115","0,18%"
"20.11.2020","131,879","131,879","131,879","131,879","0,04%"
"19.11.2020","131,821","131,821","131,821","131,821","-0,02%"
"18.11.2020","131,847","131,847","131,847","131,847","-0,24%"
"17.11.2020","132,166","132,166","132,166","132,166","0,08%"
"16.11.2020","132,065","132,065","132,065","132,065","0,30%"
"13.11.2020","131,674","131,674","131,674","131,674","0,13%"
"12.11.2020","131,507","131,507","131,507","131,507","0,16%"
"11.11.2020","131,296","131,296","131,296","131,296","0,32%"
"10.11.2020","130,884","130,884","130,884","130,884","0,18%"
"09.11.2020","130,644","130,644","130,644","130,644","-0,12%"
"06.11.2020","130,800","130,800","130,800","130,800","0,05%"
"05.11.2020","130,733","130,733","130,733","130,733","0,14%"
"04.11.2020","130,552","130,552","130,552","130,552","0,07%"
"03.11.2020","130,461","130,461","130,461","130,461","0,15%"
"02.11.2020","130,262","130,262","130,262","130,262","-0,25%"
"30.10.2020","130,593","130,593","130,593","130,593","-0,10%"
"29.10.2020","130,725","130,725","130,725","130,725","0,28%"
"28.10.2020","130,365","130,365","130,365","130,365","-0,53%"
"27.10.2020","131,056","131,056","131,056","131,056","0,20%"
"26.10.2020","130,799","130,799","130,799","130,799","0,03%"
"23.10.2020","130,754","130,754","130,754","130,754","0,28%"
"22.10.2020","130,383","130,383","130,383","130,383","-0,33%"
"21.10.2020","130,816","130,816","130,816","130,816","-0,08%"
"20.10.2020","130,921","130,921","130,921","130,921","0,08%"
"19.10.2020","130,819","130,819","130,819","130,819","-0,17%"
"16.10.2020","131,037","131,037","131,037","131,037","0,34%"
"15.10.2020","130,598","130,598","130,598","130,598","-0,12%"
"14.10.2020","130,754","130,754","130,754","130,754","0,07%"
"13.10.2020","130,660","130,660","130,660","130,660","-0,00%"
"12.10.2020","130,667","130,667","130,667","130,667","0,09%"
"09.10.2020","130,546","130,546","130,546","130,546","0,31%"
"08.10.2020","130,137","130,137","130,137","130,137","0,29%"
"07.10.2020","129,756","129,756","129,756","129,756","0,09%"
"06.10.2020","129,640","129,640","129,640","129,640","0,16%"
"05.10.2020","129,439","129,439","129,439","129,439","0,05%"
"02.10.2020","129,376","129,376","129,376","129,376","0,14%"
"01.10.2020","129,202","129,202","129,202","129,202","0,03%"
"30.09.2020","129,163","129,163","129,163","129,163","-0,15%"
"29.09.2020","129,352","129,352","129,352","129,352","0,15%"
"28.09.2020","129,163","129,163","129,163","129,163","-0,10%"
"25.09.2020","129,291","129,291","129,291","129,291","-0,06%"
"24.09.2020","129,362","129,362","129,362","129,362","-0,20%"
"23.09.2020","129,617","129,617","129,617","129,617","-0,13%"
"22.09.2020","129,780","129,780","129,780","129,780","0,12%"
"21.09.2020","129,622","129,622","129,622","129,622","-0,05%"
"18.09.2020","129,686","129,686","129,686","129,686","-0,20%"
"17.09.2020","129,948","129,948","129,948","129,948","0,11%"
"16.09.2020","129,799","129,799","129,799","129,799","0,25%"
"15.09.2020","129,479","129,479","129,479","129,479","0,42%"
"11.09.2020","128,942","128,942","128,942","128,942","0,26%"
"10.09.2020","128,613","128,613","128,613","128,613","0,01%"
"09.09.2020","128,600","128,600","128,600","128,600","0,11%"
"08.09.2020","128,457","128,457","128,457","128,457","-0,07%"
"07.09.2020","128,551","128,551","128,551","128,551","-0,29%"
"04.09.2020","128,919","128,919","128,919","128,919","-0,28%"
"03.09.2020","129,278","129,278","129,278","129,278","-0,03%"
"02.09.2020","129,318","129,318","129,318","129,318","0,42%"
"01.09.2020","128,774","128,774","128,774","128,774","0,00%"
"31.08.2020","128,772","128,772","128,772","128,772","-0,26%"
"25.08.2020","129,112","129,112","129,112","129,112","-0,30%"
"21.08.2020","129,495","129,495","129,495","129,495","-0,20%"
"20.08.2020","129,751","129,751","129,751","129,751","0,03%"
"19.08.2020","129,717","129,717","129,717","129,717","0,06%"
"18.08.2020","129,645","129,645","129,645","129,645","-0,01%"
"17.08.2020","129,654","129,654","129,654","129,654","0,04%"
"14.08.2020","129,596","129,596","129,596","129,596","-0,03%"
"13.08.2020","129,639","129,639","129,639","129,639","-0,32%"
"12.08.2020","130,053","130,053","130,053","130,053","-0,38%"
"11.08.2020","130,547","130,547","130,547","130,547","-0,09%"
"10.08.2020","130,667","130,667","130,667","130,667","0,33%"
"07.08.2020","130,234","130,234","130,234","130,234","0,18%"
"06.08.2020","130,003","130,003","130,003","130,003","0,29%"
"05.08.2020","129,626","129,626","129,626","129,626","-0,14%"
"04.08.2020","129,806","129,806","129,806","129,806","0,43%"
"03.08.2020","129,256","129,256","129,256","129,256","0,08%"
"31.07.2020","129,148","129,148","129,148","129,148","-0,09%"
"30.07.2020","129,259","129,259","129,259","129,259","0,13%"
"29.07.2020","129,086","129,086","129,086","129,086","0,13%"
"28.07.2020","128,916","128,916","128,916","128,916","-0,01%"
"27.07.2020","128,935","128,935","128,935","128,935","0,28%"
"24.07.2020","128,573","128,573","128,573","128,573","-0,21%"
"23.07.2020","128,845","128,845","128,845","128,845","0,16%"
"22.07.2020","128,639","128,639","128,639","128,639","0,18%"
"21.07.2020","128,402","128,402","128,402","128,402","0,24%"
"20.07.2020","128,097","128,097","128,097","128,097","0,58%"
"17.07.2020","127,358","127,358","127,358","127,358","0,02%"
"16.07.2020","127,334","127,334","127,334","127,334","0,10%"
"15.07.2020","127,206","127,206","127,206","127,206","0,16%"
"14.07.2020","127,001","127,001","127,001","127,001","0,49%"
"13.07.2020","126,376","126,376","126,376","126,376","-0,16%"
"10.07.2020","126,581","126,581","126,581","126,581","-0,23%"
"09.07.2020","126,875","126,875","126,875","126,875","-0,15%"
"08.07.2020","127,072","127,072","127,072","127,072","0,25%"
"07.07.2020","126,751","126,751","126,751","126,751","-0,04%"
"06.07.2020","126,798","126,798","126,798","126,798","0,18%"
"03.07.2020","126,574","126,574","126,574","126,574","-0,14%"
"02.07.2020","126,753","126,753","126,753","126,753","0,40%"
"01.07.2020","126,248","126,248","126,248","126,248","-0,31%"
"30.06.2020","126,638","126,638","126,638","126,638","0,09%"
"29.06.2020","126,525","126,525","126,525","126,525","0,14%"
"26.06.2020","126,344","126,344","126,344","126,344","0,04%"
"25.06.2020","126,289","126,289","126,289","126,289","-0,13%"
"24.06.2020","126,458","126,458","126,458","126,458","0,33%"
"23.06.2020","126,044","126,044","126,044","126,044","0,18%"
"22.06.2020","125,819","125,819","125,819","125,819","0,35%"
"19.06.2020","125,382","125,382","125,382","125,382","0,18%"
"18.06.2020","125,154","125,154","125,154","125,154","0,33%"
"17.06.2020","124,744","124,744","124,744","124,744","0,01%"
"16.06.2020","124,730","124,730","124,730","124,730","0,26%"
"15.06.2020","124,404","124,404","124,404","124,404","0,03%"
"12.06.2020","124,370","124,370","124,370","124,370","0,16%"
"11.06.2020","124,174","124,174","124,174","124,174","0,21%"
"10.06.2020","123,911","123,911","123,911","123,911","-0,23%"
"09.06.2020","124,195","124,195","124,195","124,195","-0,26%"
"08.06.2020","124,523","124,523","124,523","124,523","0,33%"
"05.06.2020","124,116","124,116","124,116","124,116","-0,06%"
"04.06.2020","124,185","124,185","124,185","124,185","0,25%"
"03.06.2020","123,876","123,876","123,876","123,876","0,06%"
"02.06.2020","123,798","123,798","123,798","123,798","0,21%"
"01.06.2020","123,537","123,537","123,537","123,537","-0,08%"
"29.05.2020","123,637","123,637","123,637","123,637","0,26%"
"28.05.2020","123,313","123,313","123,313","123,313","0,44%"
"27.05.2020","122,770","122,770","122,770","122,770","0,29%"
"26.05.2020","122,417","122,417","122,417","122,417","0,09%"
"25.05.2020","122,307","122,307","122,307","122,307","0,14%"
"22.05.2020","122,132","122,132","122,132","122,132","-0,08%"
"21.05.2020","122,232","122,232","122,232","122,232","0,14%"
"20.05.2020","122,065","122,065","122,065","122,065","0,24%"
"19.05.2020","121,778","121,778","121,778","121,778","0,63%"
"18.05.2020","121,017","121,017","121,017","121,017","0,28%"
"15.05.2020","120,682","120,682","120,682","120,682","-0,18%"
"14.05.2020","120,898","120,898","120,898","120,898","-0,27%"
"13.05.2020","121,229","121,229","121,229","121,229","0,23%"
"12.05.2020","120,949","120,949","120,949","120,949","0,05%"
"11.05.2020","120,894","120,894","120,894","120,894","-0,36%"
"08.05.2020","121,328","121,328","121,328","121,328","0,14%"
"07.05.2020","121,156","121,156","121,156","121,156","0,26%"
"06.05.2020","120,840","120,840","120,840","120,840","-0,72%"
"05.05.2020","121,711","121,711","121,711","121,711","0,29%"
"28.04.2020","121,358","121,358","121,358","121,358","0,18%"
"27.04.2020","121,138","121,138","121,138","121,138","0,24%"
"24.04.2020","120,847","120,847","120,847","120,847","0,48%"
"23.04.2020","120,269","120,269","120,269","120,269","0,84%"
"22.04.2020","119,265","119,265","119,265","119,265","-0,29%"
"21.04.2020","119,612","119,612","119,612","119,612","-0,78%"
"20.04.2020","120,557","120,557","120,557","120,557","-0,70%"
"17.04.2020","121,402","121,402","121,402","121,402","0,13%"
"16.04.2020","121,247","121,247","121,247","121,247","0,15%"
"15.04.2020","121,067","121,067","121,067","121,067","-0,19%"
"14.04.2020","121,298","121,298","121,298","121,298","-0,35%"
"13.04.2020","121,721","121,721","121,721","121,721","0,03%"
"09.04.2020","121,680","121,680","121,680","121,680","0,67%"
"08.04.2020","120,867","120,867","120,867","120,867","0,02%"
"07.04.2020","120,845","120,845","120,845","120,845","-0,68%"
"06.04.2020","121,670","121,670","121,670","121,670","0,12%"
"03.04.2020","121,523","121,523","121,523","121,523","0,14%"
"02.04.2020","121,350","121,350","121,350","121,350","0,21%"
"01.04.2020","121,094","121,094","121,094","121,094","-0,32%"
"31.03.2020","121,482","121,482","121,482","121,482","-0,94%"
"30.03.2020","122,637","122,637","122,637","122,637","0,02%"
"27.03.2020","122,607","122,607","122,607","122,607","0,88%"
"26.03.2020","121,536","121,536","121,536","121,536","2,27%"
"25.03.2020","118,834","118,834","118,834","118,834","0,34%"
"24.03.2020","118,428","118,428","118,428","118,428","-0,43%"
"23.03.2020","118,936","118,936","118,936","118,936","-0,72%"
"20.03.2020","119,804","119,804","119,804","119,804","0,96%"
"19.03.2020","118,668","118,668","118,668","118,668","1,39%"
"18.03.2020","117,042","117,042","117,042","117,042","-1,19%"
"17.03.2020","118,447","118,447","118,447","118,447","-1,04%"
"16.03.2020","119,689","119,689","119,689","119,689","-2,83%"
"13.03.2020","123,176","123,176","123,176","123,176","-0,37%"
"12.03.2020","123,630","123,630","123,630","123,630","-2,91%"
"11.03.2020","127,332","127,332","127,332","127,332","0,38%"
"10.03.2020","126,854","126,854","126,854","126,854","-0,33%"
"09.03.2020","127,268","127,268","127,268","127,268","-1,68%"
"06.03.2020","129,438","129,438","129,438","129,438","-0,62%"
"05.03.2020","130,251","130,251","130,251","130,251","-0,55%"
"04.03.2020","130,976","130,976","130,976","130,976","-0,09%"
"03.03.2020","131,098","131,098","131,098","131,098","0,93%"
"02.03.2020","129,896","129,896","129,896","129,896","-0,16%"
"28.02.2020","130,100","130,100","130,100","130,100","-0,20%"
"27.02.2020","130,366","130,366","130,366","130,366","-0,43%"
"26.02.2020","130,924","130,924","130,924","130,924","-0,19%"
"25.02.2020","131,177","131,177","131,177","131,177","0,02%"
"24.02.2020","131,151","131,151","131,151","131,151","-0,23%"
"21.02.2020","131,447","131,447","131,447","131,447","-0,05%"
"20.02.2020","131,513","131,513","131,513","131,513","0,20%"
"19.02.2020","131,250","131,250","131,250","131,250","0,03%"
"18.02.2020","131,208","131,208","131,208","131,208","-0,27%"
"17.02.2020","131,561","131,561","131,561","131,561","0,17%"
"14.02.2020","131,339","131,339","131,339","131,339","0,03%"
"13.02.2020","131,303","131,303","131,303","131,303","0,25%"
"12.02.2020","130,970","130,970","130,970","130,970","0,16%"
"11.02.2020","130,763","130,763","130,763","130,763","-0,34%"
"10.02.2020","131,207","131,207","131,207","131,207","0,04%"
"07.02.2020","131,153","131,153","131,153","131,153","0,02%"
"06.02.2020","131,133","131,133","131,133","131,133","-0,10%"
"05.02.2020","131,265","131,265","131,265","131,265","-0,07%"
"04.02.2020","131,357","131,357","131,357","131,357","-0,01%"
"03.02.2020","131,371","131,371","131,371","131,371","-0,13%"
"31.01.2020","131,538","131,538","131,538","131,538","0,22%"
"30.01.2020","131,255","131,255","131,255","131,255","0,13%"
"29.01.2020","131,081","131,081","131,081","131,081","0,36%"
"28.01.2020","130,606","130,606","130,606","130,606","-0,05%"
"27.01.2020","130,676","130,676","130,676","130,676","0,51%"
"24.01.2020","130,008","130,008","130,008","130,008","0,10%"
"23.01.2020","129,877","129,877","129,877","129,877","0,33%"
"22.01.2020","129,448","129,448","129,448","129,448","0,02%"
"21.01.2020","129,416","129,416","129,416","129,416","0,05%"
"20.01.2020","129,357","129,357","129,357","129,357","0,07%"
"17.01.2020","129,273","129,273","129,273","129,273","0,16%"
"16.01.2020","129,068","129,068","129,068","129,068","-0,18%"
"15.01.2020","129,296","129,296","129,296","129,296","0,14%"
"14.01.2020","129,116","129,116","129,116","129,116","0,19%"
"13.01.2020","128,871","128,871","128,871","128,871","-0,28%"
"10.01.2020","129,234","129,234","129,234","129,234","0,23%"
"09.01.2020","128,942","128,942","128,942","128,942","-0,11%"
"08.01.2020","129,087","129,087","129,087","129,087","-0,17%"
"07.01.2020","129,308","129,308","129,308","129,308","-0,23%"
"06.01.2020","129,609","129,609","129,609","129,609","-0,01%"
"03.01.2020","129,620","129,620","129,620","129,620","0,53%"
"02.01.2020","128,938","128,938","128,938","128,938","0,15%"
"31.12.2019","128,747","128,747","128,747","128,747","0,00%"
"30.12.2019","128,742","128,742","128,742","128,742","-0,31%"
"27.12.2019","129,144","129,144","129,144","129,144","0,21%"
"26.12.2019","128,873","128,873","128,873","128,873","0,01%"
"24.12.2019","128,855","128,855","128,855","128,855","-0,13%"
"23.12.2019","129,029","129,029","129,029","129,029","0,02%"
"20.12.2019","129,000","129,000","129,000","129,000","-0,11%"
"19.12.2019","129,138","129,138","129,138","129,138","-0,05%"
"18.12.2019","129,202","129,202","129,202","129,202","-0,38%"
"17.12.2019","129,692","129,692","129,692","129,692","0,37%"
"16.12.2019","129,219","129,219","129,219","129,219","-0,22%"
"13.12.2019","129,507","129,507","129,507","129,507","0,50%"
"12.12.2019","128,859","128,859","128,859","128,859","-0,20%"
"11.12.2019","129,118","129,118","129,118","129,118","0,26%"
"10.12.2019","128,781","128,781","128,781","128,781","0,10%"
"09.12.2019","128,651","128,651","128,651","128,651","0,26%"
"06.12.2019","128,319","128,319","128,319","128,319","0,14%"
"05.12.2019","128,141","128,141","128,141","128,141","-0,46%"
"04.12.2019","128,733","128,733","128,733","128,733","-0,11%"
"03.12.2019","128,876","128,876","128,876","128,876","0,56%"
"02.12.2019","128,162","128,162","128,162","128,162","-0,60%"
"29.11.2019","128,932","128,932","128,932","128,932","0,19%"
"28.11.2019","128,683","128,683","128,683","128,683","-0,02%"
"27.11.2019","128,704","128,704","128,704","128,704","-0,09%"
"26.11.2019","128,814","128,814","128,814","128,814","-0,03%"
"25.11.2019","128,857","128,857","128,857","128,857","-0,03%"
"22.11.2019","128,898","128,898","128,898","128,898","0,04%"
"21.11.2019","128,850","128,850","128,850","128,850","-0,10%"
"20.11.2019","128,974","128,974","128,974","128,974","0,09%"
"19.11.2019","128,861","128,861","128,861","128,861","-0,23%"
"18.11.2019","129,164","129,164","129,164","129,164","0,19%"
"15.11.2019","128,922","128,922","128,922","128,922","0,19%"
"14.11.2019","128,671","128,671","128,671","128,671","-0,09%"
"13.11.2019","128,790","128,790","128,790","128,790","-0,02%"
"12.11.2019","128,815","128,815","128,815","128,815","0,14%"
"11.11.2019","128,637","128,637","128,637","128,637","-0,23%"
"08.11.2019","128,933","128,933","128,933","128,933","-0,25%"
"07.11.2019","129,251","129,251","129,251","129,251","-0,48%"
"06.11.2019","129,875","129,875","129,875","129,875","0,09%"
"05.11.2019","129,757","129,757","129,757","129,757","0,09%"
"04.11.2019","129,644","129,644","129,644","129,644","0,08%"
"01.11.2019","129,540","129,540","129,540","129,540","-0,34%"
"31.10.2019","129,984","129,984","129,984","129,984","0,33%"
"30.10.2019","129,553","129,553","129,553","129,553","-0,03%"
"29.10.2019","129,593","129,593","129,593","129,593","0,17%"
"28.10.2019","129,378","129,378","129,378","129,378","-0,20%"
"25.10.2019","129,641","129,641","129,641","129,641","-0,19%"
"24.10.2019","129,883","129,883","129,883","129,883","0,22%"
"23.10.2019","129,601","129,601","129,601","129,601","-0,08%"
"22.10.2019","129,701","129,701","129,701","129,701","0,21%"
"21.10.2019","129,430","129,430","129,430","129,430","-0,37%"
"18.10.2019","129,911","129,911","129,911","129,911","-0,22%"
"17.10.2019","130,194","130,194","130,194","130,194","0,19%"
"16.10.2019","129,949","129,949","129,949","129,949","0,01%"
"15.10.2019","129,943","129,943","129,943","129,943","0,02%"
"14.10.2019","129,911","129,911","129,911","129,911","0,15%"
"11.10.2019","129,719","129,719","129,719","129,719","0,05%"
"10.10.2019","129,653","129,653","129,653","129,653","-0,45%"
"09.10.2019","130,245","130,245","130,245","130,245","-0,13%"
"08.10.2019","130,415","130,415","130,415","130,415","0,20%"
"07.10.2019","130,150","130,150","130,150","130,150","-0,12%"
"04.10.2019","130,306","130,306","130,306","130,306","0,10%"
"03.10.2019","130,171","130,171","130,171","130,171","0,11%"
"02.10.2019","130,023","130,023","130,023","130,023","-0,26%"
"01.10.2019","130,356","130,356","130,356","130,356","-0,26%"
"30.09.2019","130,691","130,691","130,691","130,691","-0,30%"
"27.09.2019","131,079","131,079","131,079","131,079","-0,14%"
"26.09.2019","131,258","131,258","131,258","131,258","0,05%"
"25.09.2019","131,188","131,188","131,188","131,188","-0,34%"
"24.09.2019","131,639","131,639","131,639","131,639","0,19%"
"23.09.2019","131,393","131,393","131,393","131,393","0,41%"
"20.09.2019","130,855","130,855","130,855","130,855","-0,15%"
"19.09.2019","131,047","131,047","131,047","131,047","-0,09%"
"18.09.2019","131,164","131,164","131,164","131,164","0,27%"
"17.09.2019","130,809","130,809","130,809","130,809","-0,45%"
"16.09.2019","131,393","131,393","131,393","131,393","0,37%"
"13.09.2019","130,904","130,904","130,904","130,904","-0,65%"
"12.09.2019","131,755","131,755","131,755","131,755","0,83%"
"11.09.2019","130,668","130,668","130,668","130,668","0,27%"
"10.09.2019","130,317","130,317","130,317","130,317","-0,52%"
"09.09.2019","130,993","130,993","130,993","130,993","-0,52%"
"06.09.2019","131,677","131,677","131,677","131,677","0,31%"
"05.09.2019","131,272","131,272","131,272","131,272","-0,35%"
"04.09.2019","131,727","131,727","131,727","131,727","0,11%"
"03.09.2019","131,586","131,586","131,586","131,586","0,31%"
"02.09.2019","131,177","131,177","131,177","131,177","-0,12%"
"30.08.2019","131,336","131,336","131,336","131,336","-0,40%"
"29.08.2019","131,867","131,867","131,867","131,867","0,01%"
"28.08.2019","131,855","131,855","131,855","131,855","0,20%"
"27.08.2019","131,588","131,588","131,588","131,588","0,63%"
"26.08.2019","130,770","130,770","130,770","130,770","0,01%"
"23.08.2019","130,760","130,760","130,760","130,760","0,06%"
"22.08.2019","130,686","130,686","130,686","130,686","-0,18%"
"21.08.2019","130,918","130,918","130,918","130,918","-0,02%"
"20.08.2019","130,951","130,951","130,951","130,951","0,32%"
"19.08.2019","130,533","130,533","130,533","130,533","-0,37%"
"16.08.2019","131,013","131,013","131,013","131,013","-0,34%"
"15.08.2019","131,462","131,462","131,462","131,462","1,03%"
"14.08.2019","130,121","130,121","130,121","130,121","0,21%"
"13.08.2019","129,847","129,847","129,847","129,847","0,49%"
"12.08.2019","129,215","129,215","129,215","129,215","0,31%"
"09.08.2019","128,818","128,818","128,818","128,818","-0,47%"
"08.08.2019","129,426","129,426","129,426","129,426","-0,44%"
"07.08.2019","130,003","130,003","130,003","130,003","0,43%"
"06.08.2019","129,441","129,441","129,441","129,441","0,50%"
"05.08.2019","128,793","128,793","128,793","128,793","0,02%"
"02.08.2019","128,763","128,763","128,763","128,763","-0,21%"
"01.08.2019","129,036","129,036","129,036","129,036","-0,12%"
"31.07.2019","129,189","129,189","129,189","129,189","0,37%"
"30.07.2019","128,717","128,717","128,717","128,717","-0,21%"
"29.07.2019","128,990","128,990","128,990","128,990","-0,00%"
"26.07.2019","128,995","128,995","128,995","128,995","0,29%"
"25.07.2019","128,620","128,620","128,620","128,620","-0,13%"
"24.07.2019","128,785","128,785","128,785","128,785","0,51%"
"23.07.2019","128,130","128,130","128,130","128,130","0,02%"
"22.07.2019","128,104","128,104","128,104","128,104","-0,09%"
"19.07.2019","128,224","128,224","128,224","128,224","0,27%"
"18.07.2019","127,872","127,872","127,872","127,872","0,43%"
"17.07.2019","127,326","127,326","127,326","127,326","0,13%"
"16.07.2019","127,159","127,159","127,159","127,159","0,09%"
"15.07.2019","127,044","127,044","127,044","127,044","0,39%"
"12.07.2019","126,553","126,553","126,553","126,553","-0,11%"
"11.07.2019","126,687","126,687","126,687","126,687","-0,13%"
"10.07.2019","126,858","126,858","126,858","126,858","0,13%"
"09.07.2019","126,696","126,696","126,696","126,696","-0,15%"
"08.07.2019","126,892","126,892","126,892","126,892","-0,11%"
"05.07.2019","127,038","127,038","127,038","127,038","0,03%"
"04.07.2019","127,002","127,002","127,002","127,002","0,02%"
"03.07.2019","126,977","126,977","126,977","126,977","0,82%"
"02.07.2019","125,943","125,943","125,943","125,943","0,01%"
"01.07.2019","125,936","125,936","125,936","125,936","0,51%"
"28.06.2019","125,303","125,303","125,303","125,303","0,19%"
"27.06.2019","125,060","125,060","125,060","125,060","-0,03%"
"26.06.2019","125,094","125,094","125,094","125,094","-0,10%"
"25.06.2019","125,214","125,214","125,214","125,214","-0,15%"
"24.06.2019","125,403","125,403","125,403","125,403","0,04%"
"21.06.2019","125,357","125,357","125,357","125,357","-0,28%"
"20.06.2019","125,709","125,709","125,709","125,709","0,59%"
"19.06.2019","124,972","124,972","124,972","124,972","-0,05%"
"18.06.2019","125,040","125,040","125,040","125,040","1,71%"
"17.06.2019","122,938","122,938","122,938","122,938","0,06%"
"14.06.2019","122,860","122,860","122,860","122,860","-0,02%"
"13.06.2019","122,887","122,887","122,887","122,887","0,04%"
"12.06.2019","122,841","122,841","122,841","122,841","-0,42%"
"11.06.2019","123,365","123,365","123,365","123,365","0,10%"
"10.06.2019","123,245","123,245","123,245","123,245","-0,10%"
"07.06.2019","123,371","123,371","123,371","123,371","0,50%"
"06.06.2019","122,751","122,751","122,751","122,751","-0,09%"
"05.06.2019","122,861","122,861","122,861","122,861","0,05%"
"04.06.2019","122,805","122,805","122,805","122,805","0,24%"
"03.06.2019","122,517","122,517","122,517","122,517","0,21%"
"31.05.2019","122,255","122,255","122,255","122,255","0,07%"
"30.05.2019","122,164","122,164","122,164","122,164","0,02%"
"29.05.2019","122,143","122,143","122,143","122,143","0,23%"
"28.05.2019","121,858","121,858","121,858","121,858","0,05%"
"27.05.2019","121,802","121,802","121,802","121,802","-0,04%"
"24.05.2019","121,846","121,846","121,846","121,846","0,34%"
"23.05.2019","121,438","121,438","121,438","121,438","-0,25%"
"22.05.2019","121,742","121,742","121,742","121,742","0,14%"
"21.05.2019","121,570","121,570","121,570","121,570","0,08%"
"20.05.2019","121,475","121,475","121,475","121,475","-0,17%"
"17.05.2019","121,684","121,684","121,684","121,684","0,05%"
"16.05.2019","121,627","121,627","121,627","121,627","0,11%"
"15.05.2019","121,492","121,492","121,492","121,492","-0,04%"
"14.05.2019","121,538","121,538","121,538","121,538","-0,19%"
"13.05.2019","121,764","121,764","121,764","121,764","0,01%"
"10.05.2019","121,748","121,748","121,748","121,748","0,02%"
"09.05.2019","121,721","121,721","121,721","121,721","-0,28%"
"08.05.2019","122,058","122,058","122,058","122,058","-0,19%"
"07.05.2019","122,286","122,286","122,286","122,286","0,15%"
"06.05.2019","122,104","122,104","122,104","122,104","-0,06%"
"03.05.2019","122,175","122,175","122,175","122,175","0,02%"
"02.05.2019","122,147","122,147","122,147","122,147","-0,18%"
"01.05.2019","122,362","122,362","122,362","122,362","-0,10%"
"30.04.2019","122,487","122,487","122,487","122,487","0,40%"
"29.04.2019","122,005","122,005","122,005","122,005","0,07%"
"26.04.2019","121,924","121,924","121,924","121,924","0,13%"
"25.04.2019","121,766","121,766","121,766","121,766","-0,28%"
"24.04.2019","122,103","122,103","122,103","122,103","0,09%"
"23.04.2019","121,988","121,988","121,988","121,988","-0,09%"
"22.04.2019","122,099","122,099","122,099","122,099","-0,07%"
"18.04.2019","122,180","122,180","122,180","122,180","0,45%"
"17.04.2019","121,632","121,632","121,632","121,632","-0,10%"
"16.04.2019","121,759","121,759","121,759","121,759","-0,19%"
"15.04.2019","121,996","121,996","121,996","121,996","-0,08%"
"12.04.2019","122,099","122,099","122,099","122,099","-0,09%"
"11.04.2019","122,206","122,206","122,206","122,206","-0,00%"
"10.04.2019","122,208","122,208","122,208","122,208","-0,01%"
"09.04.2019","122,226","122,226","122,226","122,226","0,05%"
"08.04.2019","122,166","122,166","122,166","122,166","0,13%"
"05.04.2019","122,006","122,006","122,006","122,006","0,23%"
"04.04.2019","121,722","121,722","121,722","121,722","0,01%"
"03.04.2019","121,713","121,713","121,713","121,713","-0,24%"
"02.04.2019","122,001","122,001","122,001","122,001","0,15%"
"01.04.2019","121,817","121,817","121,817","121,817","-0,06%"
"29.03.2019","121,888","121,888","121,888","121,888","0,08%"
"28.03.2019","121,791","121,791","121,791","121,791","-0,11%"
"27.03.2019","121,931","121,931","121,931","121,931","-0,15%"
"26.03.2019","122,116","122,116","122,116","122,116","-0,06%"
"25.03.2019","122,195","122,195","122,195","122,195","-0,23%"
"22.03.2019","122,476","122,476","122,476","122,476","-0,10%"
"21.03.2019","122,593","122,593","122,593","122,593","0,56%"
"20.03.2019","121,912","121,912","121,912","121,912","0,03%"
"19.03.2019","121,870","121,870","121,870","121,870","-0,23%"
"18.03.2019","122,148","122,148","122,148","122,148","0,17%"
"15.03.2019","121,946","121,946","121,946","121,946","-0,12%"
"14.03.2019","122,094","122,094","122,094","122,094","0,40%"
"13.03.2019","121,610","121,610","121,610","121,610","0,06%"
"12.03.2019","121,542","121,542","121,542","121,542","0,13%"
"11.03.2019","121,387","121,387","121,387","121,387","-0,10%"
"08.03.2019","121,512","121,512","121,512","121,512","-0,43%"
"07.03.2019","122,040","122,040","122,040","122,040","0,44%"
"06.03.2019","121,508","121,508","121,508","121,508","0,46%"
"05.03.2019","120,947","120,947","120,947","120,947","0,13%"
"04.03.2019","120,795","120,795","120,795","120,795","0,07%"
"01.03.2019","120,715","120,715","120,715","120,715","0,23%"
"28.02.2019","120,438","120,438","120,438","120,438","0,15%"
"27.02.2019","120,254","120,254","120,254","120,254","-0,47%"
"26.02.2019","120,818","120,818","120,818","120,818","-0,00%"
"25.02.2019","120,823","120,823","120,823","120,823","0,25%"
"22.02.2019","120,523","120,523","120,523","120,523","0,07%"
"21.02.2019","120,441","120,441","120,441","120,441","-0,25%"
"20.02.2019","120,741","120,741","120,741","120,741","-0,14%"
"19.02.2019","120,915","120,915","120,915","120,915","0,08%"
"18.02.2019","120,818","120,818","120,818","120,818","0,08%"
"15.02.2019","120,724","120,724","120,724","120,724","0,19%"
"14.02.2019","120,494","120,494","120,494","120,494","0,05%"
"13.02.2019","120,438","120,438","120,438","120,438","0,19%"
"12.02.2019","120,213","120,213","120,213","120,213","0,07%"
"11.02.2019","120,130","120,130","120,130","120,130","0,26%"
"08.02.2019","119,824","119,824","119,824","119,824","-0,48%"
"07.02.2019","120,397","120,397","120,397","120,397","-0,30%"
"06.02.2019","120,755","120,755","120,755","120,755","0,04%"
"05.02.2019","120,711","120,711","120,711","120,711","-0,10%"
"04.02.2019","120,832","120,832","120,832","120,832","-0,20%"
"01.02.2019","121,078","121,078","121,078","121,078","-0,35%"
"31.01.2019","121,508","121,508","121,508","121,508","0,40%"
"30.01.2019","121,023","121,023","121,023","121,023","-0,08%"
"29.01.2019","121,119","121,119","121,119","121,119","0,06%"
"28.01.2019","121,044","121,044","121,044","121,044","-0,12%"
"25.01.2019","121,187","121,187","121,187","121,187","-0,04%"
"24.01.2019","121,241","121,241","121,241","121,241","0,55%"
"23.01.2019","120,573","120,573","120,573","120,573","0,06%"
"22.01.2019","120,503","120,503","120,503","120,503","-0,08%"
"21.01.2019","120,596","120,596","120,596","120,596","0,02%"
"18.01.2019","120,577","120,577","120,577","120,577","0,01%"
"17.01.2019","120,567","120,567","120,567","120,567","-0,13%"
"16.01.2019","120,726","120,726","120,726","120,726","0,31%"
"15.01.2019","120,352","120,352","120,352","120,352","-0,13%"
"14.01.2019","120,507","120,507","120,507","120,507","0,10%"
"11.01.2019","120,391","120,391","120,391","120,391","-0,13%"
"10.01.2019","120,545","120,545","120,545","120,545","0,22%"
"09.01.2019","120,276","120,276","120,276","120,276","0,46%"
"08.01.2019","119,721","119,721","119,721","119,721","0,02%"
"07.01.2019","119,697","119,697","119,697","119,697","-0,06%"
"04.01.2019","119,768","119,768","119,768","119,768","-0,09%"
"03.01.2019","119,880","119,880","119,880","119,880","-0,48%"
"02.01.2019","120,459","120,459","120,459","120,459","0,05%"
"31.12.2018","120,400","120,400","120,400","120,400","0,07%"
"28.12.2018","120,322","120,322","120,322","120,322","-0,21%"
"27.12.2018","120,581","120,581","120,581","120,581","0,02%"
"26.12.2018","120,561","120,561","120,561","120,561","0,02%"
"24.12.2018","120,536","120,536","120,536","120,536","0,03%"
"21.12.2018","120,505","120,505","120,505","120,505","-0,54%"
"20.12.2018","121,160","121,160","121,160","121,160","0,06%"
"19.12.2018","121,087","121,087","121,087","121,087","0,21%"
"18.12.2018","120,832","120,832","120,832","120,832","-0,18%"
"17.12.2018","121,046","121,046","121,046","121,046","0,04%"
"14.12.2018","121,003","121,003","121,003","121,003","0,10%"
"13.12.2018","120,878","120,878","120,878","120,878","0,01%"
"12.12.2018","120,863","120,863","120,863","120,863","0,21%"
"11.12.2018","120,609","120,609","120,609","120,609","0,06%"
"07.12.2018","120,535","120,535","120,535","120,535","0,12%"
"06.12.2018","120,391","120,391","120,391","120,391","-0,26%"
"05.12.2018","120,704","120,704","120,704","120,704","-0,02%"
"04.12.2018","120,731","120,731","120,731","120,731","0,33%"
"03.12.2018","120,339","120,339","120,339","120,339","0,41%"
"30.11.2018","119,841","119,841","119,841","119,841","0,12%"
"29.11.2018","119,703","119,703","119,703","119,703","0,40%"
"28.11.2018","119,224","119,224","119,224","119,224","-0,06%"
"27.11.2018","119,297","119,297","119,297","119,297","0,04%"
"26.11.2018","119,248","119,248","119,248","119,248","0,75%"
"23.11.2018","118,365","118,365","118,365","118,365","-0,55%"
"22.11.2018","119,014","119,014","119,014","119,014","0,06%"
"21.11.2018","118,944","118,944","118,944","118,944","0,01%"
"20.11.2018","118,938","118,938","118,938","118,938","-0,16%"
"19.11.2018","119,127","119,127","119,127","119,127","-0,32%"
"16.11.2018","119,506","119,506","119,506","119,506","-0,06%"
"15.11.2018","119,574","119,574","119,574","119,574","-0,08%"
"14.11.2018","119,670","119,670","119,670","119,670","-0,23%"
"13.11.2018","119,945","119,945","119,945","119,945","0,04%"
"12.11.2018","119,900","119,900","119,900","119,900","-0,02%"
"09.11.2018","119,927","119,927","119,927","119,927","0,05%"
"08.11.2018","119,866","119,866","119,866","119,866","-0,32%"
"07.11.2018","120,252","120,252","120,252","120,252","0,08%"
"06.11.2018","120,151","120,151","120,151","120,151","-0,04%"
"05.11.2018","120,196","120,196","120,196","120,196","0,17%"
"02.11.2018","119,994","119,994","119,994","119,994","0,01%"
"01.11.2018","119,983","119,983","119,983","119,983","0,05%"
"31.10.2018","119,925","119,925","119,925","119,925","0,16%"
"30.10.2018","119,730","119,730","119,730","119,730","-0,28%"
"29.10.2018","120,067","120,067","120,067","120,067","0,32%"
"26.10.2018","119,680","119,680","119,680","119,680","0,24%"
"25.10.2018","119,392","119,392","119,392","119,392","0,19%"
"24.10.2018","119,162","119,162","119,162","119,162","-0,24%"
"23.10.2018","119,448","119,448","119,448","119,448","-0,27%"
"22.10.2018","119,770","119,770","119,770","119,770","0,30%"
"19.10.2018","119,415","119,415","119,415","119,415","0,09%"
"18.10.2018","119,313","119,313","119,313","119,313","-0,37%"
"17.10.2018","119,759","119,759","119,759","119,759","0,02%"
"16.10.2018","119,731","119,731","119,731","119,731","0,39%"
"15.10.2018","119,265","119,265","119,265","119,265","0,01%"
"12.10.2018","119,258","119,258","119,258","119,258","-0,16%"
"11.10.2018","119,445","119,445","119,445","119,445","-0,09%"
"10.10.2018","119,554","119,554","119,554","119,554","-0,08%"
"09.10.2018","119,655","119,655","119,655","119,655","0,20%"
"08.10.2018","119,419","119,419","119,419","119,419","-0,38%"
"05.10.2018","119,871","119,871","119,871","119,871","-0,26%"
"04.10.2018","120,183","120,183","120,183","120,183","-0,25%"
"03.10.2018","120,488","120,488","120,488","120,488","0,14%"
"02.10.2018","120,314","120,314","120,314","120,314","-0,15%"
"01.10.2018","120,496","120,496","120,496","120,496","-0,44%"
"28.09.2018","121,034","121,034","121,034","121,034","-0,61%"
"27.09.2018","121,775","121,775","121,775","121,775","0,01%"
"26.09.2018","121,769","121,769","121,769","121,769","0,20%"
"25.09.2018","121,530","121,530","121,530","121,530","0,10%"
"24.09.2018","121,403","121,403","121,403","121,403","-0,28%"
"21.09.2018","121,744","121,744","121,744","121,744","0,12%"
"20.09.2018","121,602","121,602","121,602","121,602","-0,02%"
"19.09.2018","121,628","121,628","121,628","121,628","-0,13%"
"18.09.2018","121,790","121,790","121,790","121,790","0,07%"
"17.09.2018","121,709","121,709","121,709","121,709","0,25%"
"14.09.2018","121,401","121,401","121,401","121,401","-0,38%"
"13.09.2018","121,870","121,870","121,870","121,870","0,01%"
"12.09.2018","121,863","121,863","121,863","121,863","0,03%"
"11.09.2018","121,823","121,823","121,823","121,823","0,05%"
"10.09.2018","121,761","121,761","121,761","121,761","0,15%"
"07.09.2018","121,584","121,584","121,584","121,584","-0,13%"
"06.09.2018","121,743","121,743","121,743","121,743","0,34%"
"05.09.2018","121,326","121,326","121,326","121,326","0,03%"
"04.09.2018","121,286","121,286","121,286","121,286","0,17%"
"03.09.2018","121,082","121,082","121,082","121,082","0,04%"
"31.08.2018","121,037","121,037","121,037","121,037","-0,15%"
"30.08.2018","121,221","121,221","121,221","121,221","0,08%"
"29.08.2018","121,122","121,122","121,122","121,122","0,17%"
"28.08.2018","120,919","120,919","120,919","120,919","-0,12%"
"27.08.2018","121,059","121,059","121,059","121,059","-0,29%"
"24.08.2018","121,407","121,407","121,407","121,407","-0,04%"
"23.08.2018","121,451","121,451","121,451","121,451","-0,09%"
"22.08.2018","121,556","121,556","121,556","121,556","-0,17%"
"21.08.2018","121,766","121,766","121,766","121,766","0,20%"
"20.08.2018","121,526","121,526","121,526","121,526","0,39%"
"17.08.2018","121,054","121,054","121,054","121,054","-0,09%"
"16.08.2018","121,164","121,164","121,164","121,164","0,16%"
"15.08.2018","120,971","120,971","120,971","120,971","-0,36%"
"14.08.2018","121,407","121,407","121,407","121,407","0,10%"
"13.08.2018","121,290","121,290","121,290","121,290","-0,40%"
"10.08.2018","121,776","121,776","121,776","121,776","-0,06%"
"09.08.2018","121,850","121,850","121,850","121,850","0,03%"
"08.08.2018","121,810","121,810","121,810","121,810","0,03%"
"07.08.2018","121,772","121,772","121,772","121,772","-0,06%"
"06.08.2018","121,842","121,842","121,842","121,842","0,26%"
"03.08.2018","121,530","121,530","121,530","121,530","0,17%"
"02.08.2018","121,329","121,329","121,329","121,329","-0,44%"
"01.08.2018","121,861","121,861","121,861","121,861","-0,42%"
"31.07.2018","122,379","122,379","122,379","122,379","0,23%"
"30.07.2018","122,094","122,094","122,094","122,094","-0,21%"
"27.07.2018","122,350","122,350","122,350","122,350","0,05%"
"26.07.2018","122,283","122,283","122,283","122,283","-0,24%"
"25.07.2018","122,582","122,582","122,582","122,582","0,14%"
"24.07.2018","122,416","122,416","122,416","122,416","0,04%"
"23.07.2018","122,368","122,368","122,368","122,368","-0,19%"
"20.07.2018","122,604","122,604","122,604","122,604","-0,33%"
"19.07.2018","123,011","123,011","123,011","123,011","0,07%"
"18.07.2018","122,931","122,931","122,931","122,931","-0,16%"
"17.07.2018","123,128","123,128","123,128","123,128","0,24%"
"16.07.2018","122,835","122,835","122,835","122,835","-0,22%"
"13.07.2018","123,107","123,107","123,107","123,107","0,22%"
"12.07.2018","122,841","122,841","122,841","122,841","-0,04%"
"11.07.2018","122,887","122,887","122,887","122,887","0,05%"
"10.07.2018","122,830","122,830","122,830","122,830","-0,04%"
"09.07.2018","122,880","122,880","122,880","122,880","-0,03%"
"06.07.2018","122,918","122,918","122,918","122,918","0,07%"
"05.07.2018","122,837","122,837","122,837","122,837","-0,31%"
"04.07.2018","123,222","123,222","123,222","123,222","-0,06%"
"03.07.2018","123,291","123,291","123,291","123,291","0,14%"
"02.07.2018","123,115","123,115","123,115","123,115","0,27%"
"29.06.2018","122,781","122,781","122,781","122,781","0,59%"
"28.06.2018","122,059","122,059","122,059","122,059","0,19%"
"27.06.2018","121,828","121,828","121,828","121,828","0,41%"
"26.06.2018","121,328","121,328","121,328","121,328","-0,35%"
"25.06.2018","121,754","121,754","121,754","121,754","-0,33%"
"22.06.2018","122,151","122,151","122,151","122,151","-0,03%"
"21.06.2018","122,188","122,188","122,188","122,188","-0,52%"
"20.06.2018","122,824","122,824","122,824","122,824","0,00%"
"19.06.2018","122,821","122,821","122,821","122,821","0,12%"
"18.06.2018","122,679","122,679","122,679","122,679","0,12%"
"15.06.2018","122,532","122,532","122,532","122,532","0,49%"
"14.06.2018","121,939","121,939","121,939","121,939","0,46%"
"13.06.2018","121,385","121,385","121,385","121,385","0,27%"
"12.06.2018","121,057","121,057","121,057","121,057","0,06%"
"11.06.2018","120,982","120,982","120,982","120,982","0,69%"
"08.06.2018","120,154","120,154","120,154","120,154","-0,22%"
"07.06.2018","120,425","120,425","120,425","120,425","-0,09%"
"06.06.2018","120,539","120,539","120,539","120,539","-0,95%"
"05.06.2018","121,690","121,690","121,690","121,690","-0,25%"
"04.06.2018","121,998","121,998","121,998","121,998","0,38%"
"01.06.2018","121,532","121,532","121,532","121,532","0,38%"
"31.05.2018","121,070","121,070","121,070","121,070","1,16%"
"30.05.2018","119,684","119,684","119,684","119,684","0,17%"
"29.05.2018","119,484","119,484","119,484","119,484","-1,56%"
"28.05.2018","121,373","121,373","121,373","121,373","-0,64%"
"25.05.2018","122,155","122,155","122,155","122,155","-0,37%"
"24.05.2018","122,604","122,604","122,604","122,604","0,25%"
"23.05.2018","122,302","122,302","122,302","122,302","-0,11%"
"22.05.2018","122,439","122,439","122,439","122,439","0,18%"
"21.05.2018","122,224","122,224","122,224","122,224","-0,45%"
"18.05.2018","122,774","122,774","122,774","122,774","-0,22%"
"17.05.2018","123,044","123,044","123,044","123,044","-0,18%"
"16.05.2018","123,263","123,263","123,263","123,263","-0,46%"
"15.05.2018","123,829","123,829","123,829","123,829","-0,13%"
"14.05.2018","123,985","123,985","123,985","123,985","-0,07%"
"11.05.2018","124,070","124,070","124,070","124,070","0,11%"
"10.05.2018","123,935","123,935","123,935","123,935","-0,07%"
"09.05.2018","124,024","124,024","124,024","124,024","0,13%"
"08.05.2018","123,859","123,859","123,859","123,859","-0,43%"
"07.05.2018","124,399","124,399","124,399","124,399","0,33%"
"04.05.2018","123,988","123,988","123,988","123,988","-0,22%"
"03.05.2018","124,261","124,261","124,261","124,261","0,16%"
"02.05.2018","124,068","124,068","124,068","124,068","0,12%"
"01.05.2018","123,916","123,916","123,916","123,916","0,04%"
"30.04.2018","123,866","123,866","123,866","123,866","-0,25%"
"27.04.2018","124,172","124,172","124,172","124,172","0,04%"
"26.04.2018","124,120","124,120","124,120","124,120","0,28%"
"25.04.2018","123,767","123,767","123,767","123,767","0,02%"
"24.04.2018","123,738","123,738","123,738","123,738","0,03%"
"23.04.2018","123,699","123,699","123,699","123,699","-0,12%"
"20.04.2018","123,845","123,845","123,845","123,845","-0,06%"
"19.04.2018","123,915","123,915","123,915","123,915","-0,32%"
"18.04.2018","124,317","124,317","124,317","124,317","0,08%"
"17.04.2018","124,217","124,217","124,217","124,217","0,24%"
"16.04.2018","123,915","123,915","123,915","123,915","0,08%"
"13.04.2018","123,812","123,812","123,812","123,812","-0,01%"
"12.04.2018","123,828","123,828","123,828","123,828","-0,19%"
"11.04.2018","124,064","123,766","123,766","123,766","0,24%"
"06.04.2018","123,772","123,772","123,772","123,772","0,06%"
"05.04.2018","123,695","123,695","123,695","123,695","-0,38%"
"04.04.2018","124,168","124,168","124,168","124,168","0,15%"
"03.04.2018","123,987","123,987","123,987","123,987","0,12%"
"02.04.2018","123,834","123,834","123,834","123,834","-0,16%"
"29.03.2018","124,028","124,028","124,028","124,028","0,13%"
"28.03.2018","123,868","123,868","123,868","123,868","0,09%"
"27.03.2018","123,756","123,756","123,756","123,756","0,19%"
"26.03.2018","123,520","123,520","123,520","123,520","-0,05%"
"23.03.2018","123,580","123,580","123,580","123,580","0,09%"
"22.03.2018","123,468","123,468","123,468","123,468","0,49%"
"21.03.2018","122,867","122,867","122,867","122,867","-0,07%"
"20.03.2018","122,953","122,953","122,953","122,953","0,18%"
"19.03.2018","122,735","122,735","122,735","122,735","0,04%"
"16.03.2018","122,688","122,688","122,688","122,688","0,05%"
"15.03.2018","122,624","122,624","122,624","122,624","0,11%"
"14.03.2018","122,488","122,488","122,488","122,488","0,02%"
"09.03.2018","122,458","122,458","122,458","122,458","-0,20%"
"08.03.2018","122,702","122,702","122,702","122,702","0,29%"
"07.03.2018","122,349","122,349","122,349","122,349","0,28%"
"06.03.2018","122,007","122,007","122,007","122,007","-0,16%"
"05.03.2018","122,205","122,205","122,205","122,205","-0,09%"
"02.03.2018","122,316","122,316","122,316","122,316","-0,14%"
"01.03.2018","122,489","122,489","122,489","122,489","0,10%"
"28.02.2018","122,372","122,372","122,372","122,372","0,18%"
"27.02.2018","122,154","122,154","122,154","122,154","-0,09%"
"26.02.2018","122,265","122,265","122,265","122,265","0,18%"
"23.02.2018","122,041","122,041","122,041","122,041","0,29%"
"22.02.2018","121,694","121,694","121,694","121,694","0,13%"
"21.02.2018","121,534","121,534","121,534","121,534","-0,09%"
"20.02.2018","121,644","121,644","121,644","121,644","-0,12%"
"19.02.2018","121,794","121,794","121,794","121,794","-0,31%"
"16.02.2018","122,176","122,176","122,176","122,176","0,25%"
"15.02.2018","121,870","121,870","121,870","121,870","0,01%"
"14.02.2018","121,863","121,863","121,863","121,863","0,11%"
"13.02.2018","121,726","121,726","121,726","121,726","-0,26%"
"12.02.2018","122,046","122,046","122,046","122,046","0,07%"
"09.02.2018","121,965","121,965","121,965","121,965","-0,18%"
"08.02.2018","122,180","122,180","122,180","122,180","-0,25%"
"07.02.2018","122,487","122,487","122,487","122,487","0,12%"
"06.02.2018","122,341","122,341","122,341","122,341","0,26%"
"05.02.2018","122,025","122,025","122,025","122,025","0,28%"
"02.02.2018","121,688","121,688","121,688","121,688","-0,39%"
"01.02.2018","122,162","122,162","122,162","122,162","0,17%"
"31.01.2018","121,956","121,956","121,956","121,956","0,18%"
"30.01.2018","121,739","121,739","121,739","121,739","-0,02%"
"29.01.2018","121,760","121,760","121,760","121,760","-0,21%"
"26.01.2018","122,011","122,011","122,011","122,011","-0,23%"
"25.01.2018","122,292","122,292","122,292","122,292","-0,18%"
"24.01.2018","122,513","122,513","122,513","122,513","-0,23%"
"23.01.2018","122,800","122,800","122,800","122,800","0,06%"
"22.01.2018","122,721","122,721","122,721","122,721","0,12%"
"19.01.2018","122,579","122,579","122,579","122,579","0,05%"
"18.01.2018","122,515","122,515","122,515","122,515","-0,12%"
"17.01.2018","122,657","122,657","122,657","122,657","-0,08%"
"16.01.2018","122,756","122,756","122,756","122,756","0,28%"
"15.01.2018","122,410","122,410","122,410","122,410","-0,02%"
"12.01.2018","122,430","122,430","122,430","122,430","0,30%"
"11.01.2018","122,060","122,060","122,060","122,060","-0,06%"
"10.01.2018","122,131","122,131","122,131","122,131","-0,08%"
"09.01.2018","122,223","122,223","122,223","122,223","-0,25%"
"08.01.2018","122,533","122,533","122,533","122,533","0,11%"
"05.01.2018","122,400","122,400","122,400","122,400","-0,04%"
"04.01.2018","122,445","122,445","122,445","122,445","0,23%"
"03.01.2018","122,162","122,162","122,162","122,162","0,06%"
"02.01.2018","122,089","122,089","122,089","122,089","-0,18%"
"29.12.2017","122,311","122,311","122,311","122,311","-0,33%"
"28.12.2017","122,713","122,713","122,713","122,713","-0,39%"
"27.12.2017","123,196","123,196","123,196","123,196","0,29%"
"26.12.2017","122,839","122,839","122,839","122,839","0,02%"
"22.12.2017","122,808","122,808","122,808","122,808","-0,07%"
"21.12.2017","122,890","122,890","122,890","122,890","0,02%"
"20.12.2017","122,865","122,865","122,865","122,865","-0,40%"
"19.12.2017","123,353","123,353","123,353","123,353","-0,68%"
"18.12.2017","124,198","124,198","124,198","124,198","0,31%"
"15.12.2017","123,811","123,811","123,811","123,811","-0,00%"
"14.12.2017","123,814","123,814","123,814","123,814","0,03%"
"13.12.2017","123,778","123,778","123,778","123,778","-0,21%"
"12.12.2017","124,037","124,037","124,037","124,037","-0,18%"
"11.12.2017","124,256","124,256","124,256","124,256","0,01%"
"08.12.2017","124,240","124,240","124,240","124,240","0,07%"
"07.12.2017","124,156","124,156","124,156","124,156","0,05%"
"06.12.2017","124,095","124,095","124,095","124,095","0,15%"
"05.12.2017","123,907","123,907","123,907","123,907","0,12%"
"04.12.2017","123,760","123,760","123,760","123,760","-0,11%"
"01.12.2017","123,902","123,902","123,902","123,902","0,43%"
"30.11.2017","123,377","123,377","123,377","123,377","0,33%"
"29.11.2017","122,969","122,969","122,969","122,969","-0,13%"
"28.11.2017","123,131","123,131","123,131","123,131","0,04%"
"27.11.2017","123,080","123,080","123,080","123,080","0,25%"
"24.11.2017","122,778","122,778","122,778","122,778","-0,18%"
"23.11.2017","123,004","123,004","123,004","123,004","0,01%"
"22.11.2017","122,992","122,992","122,992","122,992","0,04%"
"21.11.2017","122,945","122,945","122,945","122,945","0,21%"
"20.11.2017","122,691","122,691","122,691","122,691","0,15%"
"17.11.2017","122,507","122,507","122,507","122,507","0,09%"
"16.11.2017","122,402","122,402","122,402","122,402","-0,04%"
"15.11.2017","122,452","122,452","122,452","122,452","-0,03%"
"14.11.2017","122,488","122,488","122,488","122,488","0,09%"
"13.11.2017","122,380","122,380","122,380","122,380","0,07%"
"10.11.2017","122,296","122,296","122,296","122,296","-0,16%"
"09.11.2017","122,493","122,493","122,493","122,493","-0,47%"
"08.11.2017","123,068","123,068","123,068","123,068","0,01%"
"07.11.2017","123,057","123,057","123,057","123,057","0,52%"
"06.11.2017","122,419","122,419","122,419","122,419","0,16%"
"03.11.2017","122,228","122,228","122,228","122,228","0,09%"
"02.11.2017","122,122","122,122","122,122","122,122","-0,03%"
"01.11.2017","122,163","122,163","122,163","122,163","0,08%"
"31.10.2017","122,072","122,072","122,072","122,072","0,10%"
"30.10.2017","121,950","121,950","121,950","121,950","0,38%"
"27.10.2017","121,484","121,484","121,484","121,484","0,57%"
"25.10.2017","120,797","120,797","120,797","120,797","0,07%"
"24.10.2017","120,712","120,712","120,712","120,712","-0,22%"
"23.10.2017","120,975","120,975","120,975","120,975","0,28%"
"20.10.2017","120,642","120,642","120,642","120,642","-0,26%"
"19.10.2017","120,954","120,954","120,954","120,954","-0,04%"
"18.10.2017","120,998","120,998","120,998","120,998","-0,36%"
"17.10.2017","121,432","121,432","121,432","121,432","0,12%"
"16.10.2017","121,292","121,292","121,292","121,292","0,24%"
"13.10.2017","121,002","121,002","121,002","121,002","0,52%"
"12.10.2017","120,371","120,371","120,371","120,371","0,04%"
"10.10.2017","120,328","120,328","120,328","120,328","-0,09%"
"09.10.2017","120,435","120,435","120,435","120,435","0,23%"
"06.10.2017","120,157","120,157","120,157","120,157","-0,04%"
"05.10.2017","120,209","120,209","120,209","120,209","0,23%"
"04.10.2017","119,939","119,939","119,939","119,939","0,08%"
"03.10.2017","119,845","119,845","119,845","119,845","-0,21%"
"02.10.2017","120,094","120,094","120,094","120,094","0,00%"
"29.09.2017","120,091","120,091","120,091","120,091","0,09%"
"28.09.2017","119,982","119,982","119,982","119,982","0,09%"
"27.09.2017","119,878","119,878","119,878","119,878","-0,18%"
"26.09.2017","120,100","120,100","120,100","120,100","-0,00%"
"25.09.2017","120,103","120,103","120,103","120,103","0,09%"
"22.09.2017","119,992","119,992","119,992","119,992","0,02%"
"21.09.2017","119,963","119,963","119,963","119,963","-0,12%"
"20.09.2017","120,102","120,102","120,102","120,102","-0,02%"
"19.09.2017","120,127","120,127","120,127","120,127","0,13%"
"18.09.2017","119,975","119,975","119,975","119,975","-0,10%"
"15.09.2017","120,090","120,090","120,090","120,090","-0,06%"
"14.09.2017","120,164","120,164","120,164","120,164","-0,10%"
"13.09.2017","120,287","120,287","120,287","120,287","-0,07%"
"12.09.2017","120,374","120,374","120,374","120,374","-0,28%"
"11.09.2017","120,716","120,716","120,716","120,716","-0,09%"
"08.09.2017","120,825","120,825","120,825","120,825","-0,22%"
"07.09.2017","121,088","121,088","121,088","121,088","0,27%"
"06.09.2017","120,762","120,762","120,762","120,762","-0,11%"
"05.09.2017","120,896","120,896","120,896","120,896","0,32%"
"04.09.2017","120,510","120,510","120,510","120,510","0,09%"
"01.09.2017","120,402","120,402","120,402","120,402","-0,21%"
"31.08.2017","120,658","120,658","120,658","120,658","0,12%"
"30.08.2017","120,509","120,509","120,509","120,509","-0,01%"
"29.08.2017","120,525","120,525","120,525","120,525","0,16%"
"28.08.2017","120,332","120,332","120,332","120,332","0,12%"
"25.08.2017","120,188","120,188","120,188","120,188","0,02%"
"24.08.2017","120,164","120,164","120,164","120,164","-0,00%"
"23.08.2017","120,169","120,169","120,169","120,169","0,58%"