"Fecha","Último","Apertura","Máximo","Mínimo","% var."
"31.12.2025","26,639","26,639","26,639","26,639","-0,64%"
"30.12.2025","26,809","26,809","26,809","26,809","0,08%"
"29.12.2025","26,789","26,789","26,789","26,789","-0,32%"
"26.12.2025","26,874","26,874","26,874","26,874","-0,03%"
"24.12.2025","26,881","26,881","26,881","26,881","0,45%"
"23.12.2025","26,760","26,760","26,760","26,760","0,17%"
"22.12.2025","26,716","26,716","26,716","26,716","0,27%"
"19.12.2025","26,645","26,645","26,645","26,388","0,97%"
"18.12.2025","26,388","26,388","26,388","26,388","0,92%"
"17.12.2025","26,147","26,147","26,147","26,147","-1,08%"
"16.12.2025","26,432","26,432","26,432","26,432","-0,21%"
"15.12.2025","26,487","26,487","26,487","26,487","-0,24%"
"12.12.2025","26,550","26,550","26,829","26,550","-1,04%"
"11.12.2025","26,829","26,829","26,829","26,829","-0,22%"
"10.12.2025","26,887","26,887","26,887","26,887","0,11%"
"09.12.2025","26,858","26,858","26,930","26,858","-0,27%"
"05.12.2025","26,930","26,930","26,930","26,877","0,20%"
"04.12.2025","26,877","26,877","26,877","26,877","0,30%"
"03.12.2025","26,797","26,797","26,797","26,797","-0,06%"
"02.12.2025","26,814","26,814","26,814","26,814","0,13%"
"01.12.2025","26,778","26,778","26,936","26,778","-0,59%"
"28.11.2025","26,936","26,936","26,936","26,811","0,47%"
"27.11.2025","26,811","26,811","26,811","26,811","0,00%"
"26.11.2025","26,810","26,810","26,810","26,810","0,44%"
"25.11.2025","26,693","26,693","26,693","26,693","0,53%"
"24.11.2025","26,553","26,553","26,553","26,553","1,50%"
"21.11.2025","26,162","26,162","26,162","25,894","1,03%"
"20.11.2025","25,894","25,894","25,894","25,894","-1,54%"
"19.11.2025","26,298","26,298","26,298","26,298","0,87%"
"18.11.2025","26,072","26,072","26,072","26,072","-0,75%"
"17.11.2025","26,270","26,270","26,270","26,270","-0,62%"
"14.11.2025","26,434","26,434","26,434","26,434","0,06%"
"13.11.2025","26,418","26,418","26,418","26,418","-2,02%"
"12.11.2025","26,962","26,962","26,962","26,962","0,04%"
"11.11.2025","26,951","26,951","26,951","26,951","0,03%"
"10.11.2025","26,944","26,944","26,944","26,944","1,56%"
"07.11.2025","26,530","26,530","26,536","26,530","-0,02%"
"06.11.2025","26,536","26,536","26,536","26,536","-1,60%"
"05.11.2025","26,967","26,967","26,967","26,967","0,29%"
"04.11.2025","26,890","26,890","26,890","26,890","-0,85%"
"03.11.2025","27,120","27,120","27,120","27,120","0,33%"
"31.10.2025","27,031","27,031","27,031","26,889","0,53%"
"30.10.2025","26,889","26,889","26,889","26,889","-0,68%"
"29.10.2025","27,074","27,074","27,074","27,074","0,42%"
"28.10.2025","26,959","26,959","26,959","26,959","0,17%"
"27.10.2025","26,913","26,913","26,913","26,913","1,12%"
"24.10.2025","26,615","26,615","26,615","26,449","0,63%"
"23.10.2025","26,449","26,449","26,449","26,449","0,51%"
"22.10.2025","26,314","26,314","26,314","26,314","-0,60%"
"21.10.2025","26,473","26,473","26,473","26,473","0,35%"
"20.10.2025","26,380","26,380","26,380","26,380","1,29%"
"17.10.2025","26,043","26,043","26,043","25,860","0,71%"
"16.10.2025","25,860","25,860","25,860","25,860","-1,00%"
"15.10.2025","26,122","26,122","26,122","26,122","0,07%"
"14.10.2025","26,104","26,104","26,104","26,104","-0,47%"
"13.10.2025","26,228","26,228","26,228","26,228","1,93%"
"10.10.2025","25,731","25,731","26,551","25,731","-3,09%"
"09.10.2025","26,551","26,551","26,551","26,551","0,29%"
"08.10.2025","26,473","26,473","26,473","26,473","0,78%"
"07.10.2025","26,268","26,268","26,268","26,268","0,12%"
"06.10.2025","26,237","26,237","26,237","26,237","0,63%"
"03.10.2025","26,073","26,073","26,073","26,073","-0,18%"
"02.10.2025","26,121","26,121","26,121","26,121","0,15%"
"01.10.2025","26,081","26,081","26,081","26,081","0,41%"
"30.09.2025","25,975","25,975","25,975","25,892","0,32%"
"29.09.2025","25,892","25,892","25,892","25,892","0,09%"
"26.09.2025","25,869","25,869","25,869","25,815","0,21%"
"25.09.2025","25,815","25,815","25,815","25,815","0,16%"
"24.09.2025","25,774","25,774","25,774","25,774","0,37%"
"23.09.2025","25,678","25,678","25,678","25,678","-0,68%"
"22.09.2025","25,855","25,855","25,855","25,855","-0,02%"
"19.09.2025","25,860","25,860","25,860","25,652","0,81%"
"18.09.2025","25,652","25,652","25,652","25,652","0,79%"
"17.09.2025","25,451","25,451","25,451","25,451","0,26%"
"16.09.2025","25,385","25,385","25,385","25,385","-0,93%"
"15.09.2025","25,624","25,624","25,624","25,624","0,21%"
"12.09.2025","25,570","25,570","25,571","25,570","-0,00%"
"11.09.2025","25,571","25,571","25,571","25,571","0,52%"
"10.09.2025","25,440","25,440","25,440","25,440","0,36%"
"09.09.2025","25,347","25,347","25,347","25,347","0,74%"
"08.09.2025","25,161","25,161","25,161","25,161","-0,15%"
"05.09.2025","25,198","25,198","25,198","25,198","-0,89%"
"04.09.2025","25,424","25,424","25,424","25,424","0,92%"
"03.09.2025","25,193","25,193","25,193","25,193","0,36%"
"02.09.2025","25,102","25,102","25,102","25,102","-0,20%"
"01.09.2025","25,151","25,151","25,151","25,151","0,00%"
"29.08.2025","25,151","25,151","25,347","25,151","-0,77%"
"28.08.2025","25,347","25,347","25,347","25,347","-0,09%"
"27.08.2025","25,371","25,371","25,371","25,371","0,29%"
"26.08.2025","25,299","25,299","25,299","25,299","0,20%"
"25.08.2025","25,248","25,248","25,248","25,248","0,49%"
"22.08.2025","25,126","25,126","25,126","24,996","0,52%"
"21.08.2025","24,996","24,996","24,996","24,996","0,01%"
"20.08.2025","24,993","24,993","24,993","24,993","-0,29%"
"19.08.2025","25,064","25,064","25,064","25,064","-0,39%"
"18.08.2025","25,164","25,164","25,274","25,164","-0,44%"
"14.08.2025","25,274","25,274","25,274","25,274","0,48%"
"13.08.2025","25,154","25,154","25,154","25,154","0,10%"
"12.08.2025","25,128","25,128","25,128","25,128","0,55%"
"11.08.2025","24,990","24,990","24,990","24,990","0,05%"
"08.08.2025","24,978","24,978","24,978","24,747","0,93%"
"07.08.2025","24,747","24,747","24,747","24,747","-0,09%"
"06.08.2025","24,771","24,771","24,771","24,771","0,02%"
"05.08.2025","24,766","24,766","24,766","24,766","-0,51%"
"04.08.2025","24,893","24,893","24,893","24,893","1,52%"
"01.08.2025","24,521","24,521","25,277","24,521","-2,99%"
"31.07.2025","25,277","25,277","25,277","25,277","-0,28%"
"30.07.2025","25,349","25,349","25,349","25,349","0,98%"
"29.07.2025","25,102","25,102","25,102","25,102","0,08%"
"28.07.2025","25,081","25,081","25,081","25,081","1,31%"
"25.07.2025","24,757","24,757","24,757","24,625","0,54%"
"24.07.2025","24,625","24,625","24,625","24,625","0,21%"
"23.07.2025","24,573","24,573","24,573","24,573","0,58%"
"22.07.2025","24,432","24,432","24,432","24,432","-0,45%"
"21.07.2025","24,542","24,542","24,542","24,542","-0,41%"
"18.07.2025","24,643","24,643","24,701","24,643","-0,24%"
"17.07.2025","24,701","24,701","24,701","24,701","0,88%"
"16.07.2025","24,486","24,486","24,486","24,486","0,02%"
"15.07.2025","24,481","24,481","24,481","24,481","0,18%"
"14.07.2025","24,438","24,438","24,438","24,438","0,30%"
"11.07.2025","24,365","24,365","24,424","24,365","-0,24%"
"10.07.2025","24,424","24,424","24,424","24,424","0,47%"
"09.07.2025","24,311","24,311","24,311","24,311","0,67%"
"08.07.2025","24,148","24,148","24,148","24,148","-0,15%"
"07.07.2025","24,185","24,185","24,185","24,185","-0,51%"
"04.07.2025","24,309","24,309","24,309","24,309","0,00%"
"03.07.2025","24,309","24,309","24,309","24,309","1,28%"
"02.07.2025","24,000","24,000","24,000","23,899","0,42%"
"01.07.2025","23,899","23,899","23,899","23,899","-0,21%"
"30.06.2025","23,950","23,950","23,950","23,950","-0,08%"
"27.06.2025","23,969","23,969","23,969","23,969","0,48%"
"26.06.2025","23,855","23,855","23,855","23,855","0,39%"
"25.06.2025","23,762","23,762","23,856","23,762","-0,39%"
"24.06.2025","23,856","23,856","23,856","23,856","0,83%"
"23.06.2025","23,660","23,660","23,660","23,660","0,42%"
"20.06.2025","23,561","23,561","23,694","23,561","-0,56%"
"19.06.2025","23,694","23,694","23,694","23,694","0,00%"
"18.06.2025","23,694","23,694","23,694","23,694","0,00%"
"17.06.2025","23,694","23,694","23,694","23,694","-0,17%"
"16.06.2025","23,733","23,733","23,733","23,733","0,86%"
"13.06.2025","23,531","23,531","23,531","23,531","-0,84%"
"12.06.2025","23,731","23,731","23,731","23,731","-0,44%"
"11.06.2025","23,835","23,835","23,835","23,835","-0,77%"
"10.06.2025","24,019","24,019","24,019","24,019","0,52%"
"09.06.2025","23,895","23,895","23,895","23,895","-0,14%"
"06.06.2025","23,929","23,929","23,929","23,591","1,43%"
"05.06.2025","23,591","23,591","23,591","23,591","-0,73%"
"04.06.2025","23,764","23,764","23,764","23,764","-0,40%"
"03.06.2025","23,859","23,859","23,859","23,859","1,23%"
"02.06.2025","23,569","23,569","23,569","23,569","-0,37%"
"30.05.2025","23,656","23,656","23,656","23,633","0,09%"
"29.05.2025","23,633","23,633","23,633","23,633","-0,25%"
"28.05.2025","23,693","23,693","23,693","23,693","-0,22%"
"27.05.2025","23,745","23,745","23,745","23,745","2,34%"
"26.05.2025","23,203","23,203","23,203","23,203","0,00%"
"23.05.2025","23,203","23,203","23,527","23,203","-1,38%"
"22.05.2025","23,527","23,527","23,527","23,527","0,30%"
"21.05.2025","23,456","23,456","23,456","23,456","-1,95%"
"20.05.2025","23,921","23,921","23,921","23,921","-0,73%"
"19.05.2025","24,097","24,097","24,097","24,097","-0,70%"
"16.05.2025","24,268","24,268","24,268","24,022","1,02%"
"15.05.2025","24,022","24,022","24,022","24,022","0,27%"
"14.05.2025","23,957","23,957","23,957","23,957","0,30%"
"13.05.2025","23,886","23,886","23,886","23,886","-0,13%"
"12.05.2025","23,918","23,918","23,918","23,918","4,76%"
"09.05.2025","22,830","22,830","22,904","22,830","-0,32%"
"08.05.2025","22,904","22,904","22,904","22,904","1,25%"
"07.05.2025","22,622","22,622","22,622","22,622","1,13%"
"06.05.2025","22,370","22,370","22,370","22,370","-1,29%"
"05.05.2025","22,663","22,663","22,663","22,663","-0,76%"
"02.05.2025","22,836","22,836","22,836","22,836","2,32%"
"30.04.2025","22,318","22,318","22,318","22,318","0,69%"
"29.04.2025","22,166","22,166","22,166","22,166","0,90%"
"28.04.2025","21,967","21,967","21,967","21,967","-0,47%"
"25.04.2025","22,072","22,072","22,072","22,072","0,97%"
"24.04.2025","21,860","21,860","21,860","21,860","1,46%"
"23.04.2025","21,546","21,546","21,546","21,546","2,57%"
"22.04.2025","21,005","21,005","21,005","21,005","3,30%"
"21.04.2025","20,335","20,335","21,701","20,335","-3,52%"
"17.04.2025","21,077","21,077","21,701","21,028","-6,85%"
"09.04.2025","22,626","22,626","22,626","22,626","9,64%"
"08.04.2025","20,638","20,638","20,638","20,638","-1,92%"
"07.04.2025","21,042","21,042","21,042","21,042","0,07%"
"04.04.2025","21,027","21,027","22,202","21,027","-5,30%"
"03.04.2025","22,202","22,202","22,202","22,202","-6,16%"
"02.04.2025","23,660","23,660","23,660","23,660","-0,08%"
"01.04.2025","23,680","23,680","23,680","23,680","0,61%"
"31.03.2025","23,536","23,536","23,536","23,536","0,69%"
"28.03.2025","23,375","23,375","23,375","23,375","-2,22%"
"27.03.2025","23,907","23,907","23,907","23,907","-0,76%"
"26.03.2025","24,089","24,089","24,089","24,089","-0,78%"
"25.03.2025","24,277","24,277","24,277","24,218","0,24%"
"24.03.2025","24,218","24,218","24,218","24,218","1,91%"
"21.03.2025","23,763","23,763","23,763","23,661","0,43%"
"20.03.2025","23,661","23,661","23,661","23,661","0,24%"
"19.03.2025","23,605","23,605","23,605","23,605","1,47%"
"18.03.2025","23,263","23,263","23,263","23,263","-1,29%"
"17.03.2025","23,566","23,566","23,566","23,566","0,27%"
"14.03.2025","23,501","23,501","23,501","23,501","1,86%"
"13.03.2025","23,072","23,072","23,072","23,072","-1,03%"
"12.03.2025","23,313","23,313","23,313","23,313","0,76%"
"11.03.2025","23,136","23,136","23,136","23,136","-1,52%"
"10.03.2025","23,492","23,492","23,492","23,492","-2,56%"
"07.03.2025","24,110","24,110","24,110","24,110","-0,01%"
"06.03.2025","24,113","24,113","24,113","24,113","-1,74%"
"05.03.2025","24,541","24,541","24,541","24,541","-0,57%"
"04.03.2025","24,682","24,682","24,682","24,682","-2,38%"
"03.03.2025","25,285","25,285","25,285","25,285","-2,78%"
"28.02.2025","26,008","26,008","26,008","26,008","1,87%"
"27.02.2025","25,531","25,531","25,531","25,531","-0,80%"
"26.02.2025","25,737","25,737","25,737","25,737","0,31%"
"25.02.2025","25,659","25,659","25,659","25,659","-0,95%"
"24.02.2025","25,905","25,905","25,905","25,905","-0,52%"
"21.02.2025","26,040","26,040","26,040","26,040","-1,31%"
"20.02.2025","26,386","26,386","26,386","26,386","-1,14%"
"19.02.2025","26,690","26,690","26,690","26,690","0,46%"
"18.02.2025","26,567","26,567","26,567","26,567","0,67%"
"17.02.2025","26,389","26,389","26,389","26,389","0,00%"
"14.02.2025","26,389","26,389","26,389","26,389","-0,28%"
"13.02.2025","26,463","26,463","26,463","26,463","0,34%"
"12.02.2025","26,374","26,374","26,374","26,374","-0,51%"
"11.02.2025","26,508","26,508","26,508","26,508","-0,50%"
"10.02.2025","26,641","26,641","26,641","26,641","0,90%"
"07.02.2025","26,403","26,403","26,403","26,403","-0,39%"
"06.02.2025","26,506","26,506","26,506","26,506","0,53%"
"05.02.2025","26,367","26,367","26,367","26,367","0,19%"
"04.02.2025","26,316","26,316","26,316","26,316","-0,15%"
"03.02.2025","26,356","26,356","26,356","26,356","-0,05%"
"31.01.2025","26,368","26,368","26,368","26,368","-0,18%"
"30.01.2025","26,416","26,416","26,416","26,416","0,65%"
"29.01.2025","26,245","26,245","26,245","26,245","-0,29%"
"28.01.2025","26,321","26,321","26,321","26,321","1,45%"
"27.01.2025","25,945","25,945","25,945","25,945","-1,38%"
"24.01.2025","26,307","26,307","26,307","26,307","-1,03%"
"23.01.2025","26,581","26,581","26,581","26,581","0,49%"
"22.01.2025","26,452","26,452","26,452","26,452","0,71%"
"21.01.2025","26,266","26,266","26,266","26,266","-0,56%"
"20.01.2025","26,414","26,414","26,414","26,414","0,00%"
"17.01.2025","26,414","26,414","26,414","26,414","1,24%"
"16.01.2025","26,091","26,091","26,091","26,091","-0,24%"
"15.01.2025","26,154","26,154","26,154","26,154","1,90%"
"14.01.2025","25,666","25,666","25,666","25,666","-0,70%"
"13.01.2025","25,846","25,846","25,846","25,846","0,43%"
"10.01.2025","25,736","25,736","25,736","25,736","-0,84%"
"08.01.2025","25,955","25,955","25,955","25,955","0,40%"
"07.01.2025","25,850","25,850","25,850","25,850","-0,90%"
"03.01.2025","26,085","26,085","26,085","26,085","1,44%"
"31.12.2024","25,716","25,716","25,716","25,716","0,08%"
"30.12.2024","25,696","25,696","25,696","25,696","-0,82%"
"27.12.2024","25,908","25,908","25,908","25,908","-1,14%"
"26.12.2024","26,208","26,208","26,208","26,208","-0,29%"
"24.12.2024","26,285","26,285","26,285","26,285","1,23%"
"23.12.2024","25,967","25,967","25,967","25,967","0,94%"
"20.12.2024","25,725","25,725","25,725","25,725","0,47%"
"19.12.2024","25,604","25,604","25,604","25,604","-0,04%"
"18.12.2024","25,613","25,613","25,613","25,613","-1,83%"
"17.12.2024","26,092","26,092","26,092","26,092","-0,19%"
"16.12.2024","26,142","26,142","26,142","26,142","0,27%"
"13.12.2024","26,072","26,072","26,072","26,072","-0,28%"
"12.12.2024","26,144","26,144","26,144","26,144","-0,27%"
"11.12.2024","26,216","26,216","26,216","26,216","1,06%"
"09.12.2024","25,941","25,941","25,941","25,941","-0,33%"
"03.12.2024","26,026","26,026","26,026","26,026","-0,04%"
"02.12.2024","26,036","26,036","26,036","26,036","1,01%"
"29.11.2024","25,776","25,776","25,776","25,776","0,43%"
"28.11.2024","25,667","25,667","25,667","25,667","0,00%"
"27.11.2024","25,667","25,667","25,667","25,667","-1,12%"
"26.11.2024","25,957","25,957","25,957","25,957","0,66%"
"25.11.2024","25,787","25,787","25,787","25,787","-0,44%"
"22.11.2024","25,902","25,902","25,902","25,902","0,94%"
"21.11.2024","25,661","25,661","25,661","25,661","1,13%"
"20.11.2024","25,374","25,374","25,374","25,374","0,52%"
"19.11.2024","25,243","25,243","25,243","25,243","0,36%"
"18.11.2024","25,152","25,152","25,152","25,152","-0,21%"
"15.11.2024","25,205","25,205","25,205","25,205","-1,34%"
"14.11.2024","25,549","25,549","25,549","25,549","-0,18%"
"13.11.2024","25,596","25,596","25,596","25,596","0,58%"
"12.11.2024","25,449","25,449","25,449","25,449","0,02%"
"11.11.2024","25,445","25,445","25,445","25,445","0,68%"
"08.11.2024","25,273","25,273","25,273","25,273","1,14%"
"07.11.2024","24,986","24,986","24,986","24,986","0,12%"
"06.11.2024","24,957","24,957","24,957","24,957","4,32%"
"05.11.2024","23,923","23,923","23,923","23,923","0,75%"
"04.11.2024","23,744","23,744","23,744","23,744","-0,64%"
"02.11.2024","23,898","23,898","23,898","23,898","0,00%"
"01.11.2024","23,898","23,898","23,898","23,898","0,86%"
"31.10.2024","23,694","23,694","23,694","23,694","-2,07%"
"30.10.2024","24,195","24,195","24,195","24,195","-0,72%"
"29.10.2024","24,370","24,370","24,370","24,370","0,16%"
"28.10.2024","24,331","24,331","24,331","24,331","0,09%"
"25.10.2024","24,309","24,309","24,309","24,309","0,27%"
"24.10.2024","24,243","24,243","24,243","24,243","-0,20%"
"23.10.2024","24,292","24,292","24,292","24,292","-0,82%"
"22.10.2024","24,494","24,494","24,494","24,494","0,15%"
"21.10.2024","24,458","24,458","24,458","24,458","0,28%"
"18.10.2024","24,390","24,390","24,390","24,390","0,05%"
"17.10.2024","24,377","24,377","24,377","24,377","0,26%"
"16.10.2024","24,314","24,314","24,314","24,314","0,74%"
"15.10.2024","24,136","24,136","24,136","24,136","-0,59%"
"14.10.2024","24,280","24,280","24,280","24,280","1,03%"
"11.10.2024","24,033","24,033","24,033","24,033","0,61%"
"10.10.2024","23,886","23,886","23,886","23,886","-0,17%"
"09.10.2024","23,927","23,927","23,927","23,927","1,07%"
"08.10.2024","23,673","23,673","23,673","23,673","0,91%"
"07.10.2024","23,460","23,460","23,460","23,460","-0,91%"
"04.10.2024","23,676","23,676","23,676","23,676","1,37%"
"03.10.2024","23,355","23,355","23,355","23,355","0,04%"
"02.10.2024","23,345","23,345","23,345","23,345","0,17%"
"01.10.2024","23,306","23,306","23,306","23,306","-0,35%"
"30.09.2024","23,389","23,389","23,389","23,389","0,70%"
"27.09.2024","23,225","23,225","23,225","23,225","-0,01%"
"26.09.2024","23,227","23,227","23,227","23,227","-0,03%"
"25.09.2024","23,234","23,234","23,234","23,234","0,25%"
"24.09.2024","23,175","23,175","23,175","23,175","-0,31%"
"23.09.2024","23,247","23,247","23,247","23,247","0,69%"
"20.09.2024","23,088","23,088","23,088","23,088","-0,16%"
"19.09.2024","23,125","23,125","23,125","23,125","1,20%"
"18.09.2024","22,852","22,852","22,852","22,852","-0,22%"
"17.09.2024","22,902","22,902","22,902","22,902","0,14%"
"16.09.2024","22,871","22,871","22,871","22,871","-0,32%"
"13.09.2024","22,944","22,944","22,944","22,944","0,49%"
"12.09.2024","22,832","22,832","22,832","22,832","0,25%"
"11.09.2024","22,774","22,774","22,774","22,774","1,14%"
"10.09.2024","22,518","22,518","22,518","22,518","0,56%"
"09.09.2024","22,392","22,392","22,392","22,392","1,61%"
"06.09.2024","22,038","22,038","22,038","22,038","-1,54%"
"05.09.2024","22,383","22,383","22,383","22,383","-0,53%"
"04.09.2024","22,503","22,503","22,503","22,503","-0,49%"
"03.09.2024","22,614","22,614","22,614","22,614","-1,98%"
"02.09.2024","23,071","23,071","23,071","23,071","0,00%"
"30.08.2024","23,071","23,071","23,071","23,071","1,21%"
"29.08.2024","22,795","22,795","22,795","22,795","0,34%"
"28.08.2024","22,717","22,717","22,717","22,717","0,03%"
"27.08.2024","22,710","22,710","22,710","22,710","-0,05%"
"26.08.2024","22,722","22,722","22,722","22,722","-0,04%"
"23.08.2024","22,732","22,732","22,732","22,732","0,41%"
"22.08.2024","22,639","22,639","22,639","22,639","-0,52%"
"21.08.2024","22,757","22,757","22,757","22,757","0,20%"
"20.08.2024","22,712","22,712","22,712","22,712","-0,56%"
"19.08.2024","22,840","22,840","22,840","22,840","0,42%"
"16.08.2024","22,743","22,743","22,743","22,743","-0,26%"
"15.08.2024","22,802","22,802","22,802","22,802","1,99%"
"14.08.2024","22,357","22,357","22,357","22,357","0,24%"
"13.08.2024","22,304","22,304","22,304","22,304","1,06%"
"12.08.2024","22,070","22,070","22,070","22,070","-0,10%"
"09.08.2024","22,092","22,092","22,092","22,092","0,46%"
"08.08.2024","21,990","21,990","21,990","21,990","2,33%"
"07.08.2024","21,489","21,489","21,489","21,489","-0,69%"
"06.08.2024","21,639","21,639","21,639","21,639","1,29%"
"05.08.2024","21,363","21,363","21,363","21,363","-3,38%"
"02.08.2024","22,109","22,109","22,109","22,109","-2,92%"
"01.08.2024","22,773","22,773","22,773","22,773","0,01%"
"29.07.2024","22,771","22,771","22,771","22,771","0,39%"
"27.07.2024","22,682","22,682","22,682","22,682","0,00%"
"26.07.2024","22,682","22,682","22,682","22,682","1,00%"
"25.07.2024","22,457","22,457","22,457","22,457","-0,57%"
"24.07.2024","22,586","22,586","22,586","22,586","-2,18%"
"23.07.2024","23,090","23,090","23,090","23,090","0,18%"
"22.07.2024","23,049","23,049","23,049","23,049","1,00%"
"19.07.2024","22,821","22,821","22,821","22,821","-0,54%"
"18.07.2024","22,944","22,944","22,944","22,944","-0,43%"
"17.07.2024","23,043","23,043","23,043","23,043","-1,69%"
"16.07.2024","23,438","23,438","23,438","23,438","0,60%"
"15.07.2024","23,298","23,298","23,298","23,298","0,37%"
"12.07.2024","23,213","23,213","23,213","23,213","0,17%"
"11.07.2024","23,175","23,175","23,175","23,175","-1,20%"
"10.07.2024","23,455","23,455","23,455","23,455","0,89%"
"09.07.2024","23,248","23,248","23,248","23,248","0,17%"
"08.07.2024","23,208","23,208","23,208","23,208","0,24%"
"05.07.2024","23,153","23,153","23,153","23,153","0,05%"
"04.07.2024","23,141","23,141","23,141","23,141","0,00%"
"03.07.2024","23,141","23,141","23,141","23,141","0,14%"
"02.07.2024","23,108","23,108","23,108","23,108","0,55%"
"01.07.2024","22,981","22,981","22,981","22,981","-0,00%"
"28.06.2024","22,981","22,981","22,981","22,981","-0,45%"
"27.06.2024","23,086","23,086","23,086","23,086","-0,14%"
"26.06.2024","23,117","23,117","23,117","23,117","0,47%"
"25.06.2024","23,008","23,008","23,008","23,008","0,59%"
"24.06.2024","22,873","22,873","22,873","22,873","-0,70%"
"21.06.2024","23,033","23,033","23,033","23,033","-0,04%"
"20.06.2024","23,043","23,043","23,043","23,043","0,07%"
"19.06.2024","23,027","23,027","23,027","23,027","0,00%"
"18.06.2024","23,027","23,027","23,027","23,027","0,19%"
"17.06.2024","22,982","22,982","22,982","22,982","0,50%"
"14.06.2024","22,867","22,867","22,867","22,867","0,32%"
"13.06.2024","22,794","22,794","22,794","22,794","0,85%"
"12.06.2024","22,603","22,603","22,603","22,603","0,70%"
"10.06.2024","22,445","22,445","22,445","22,445","0,61%"
"07.06.2024","22,309","22,309","22,309","22,309","0,73%"
"06.06.2024","22,147","22,147","22,147","22,147","-0,19%"
"05.06.2024","22,189","22,189","22,189","22,189","1,25%"
"04.06.2024","21,916","21,916","21,916","21,916","0,33%"
"03.06.2024","21,844","21,844","21,844","21,844","-0,34%"
"31.05.2024","21,917","21,917","21,917","21,917","0,62%"
"30.05.2024","21,782","21,782","21,782","21,782","-0,84%"
"29.05.2024","21,966","21,966","21,966","21,966","-0,20%"
"28.05.2024","22,010","22,010","22,010","22,010","-0,08%"
"27.05.2024","22,027","22,027","22,027","22,027","0,00%"
"24.05.2024","22,027","22,027","22,027","22,027","0,34%"
"23.05.2024","21,953","21,953","21,953","21,953","-0,62%"
"22.05.2024","22,091","22,091","22,091","22,091","0,05%"
"21.05.2024","22,081","22,081","22,081","22,081","0,28%"
"20.05.2024","22,019","22,019","22,019","22,019","0,22%"
"17.05.2024","21,971","21,971","21,971","21,971","0,06%"
"16.05.2024","21,958","21,958","21,958","21,958","-0,03%"
"15.05.2024","21,965","21,965","21,965","21,965","0,59%"
"14.05.2024","21,836","21,836","21,836","21,836","0,21%"
"13.05.2024","21,790","21,790","21,790","21,790","-0,19%"
"10.05.2024","21,831","21,831","21,831","21,831","0,28%"
"09.05.2024","21,770","21,770","21,770","21,770","0,17%"
"08.05.2024","21,732","21,732","21,732","21,732","0,10%"
"07.05.2024","21,711","21,711","21,711","21,711","0,25%"
"06.05.2024","21,657","21,657","21,657","21,657","1,00%"
"03.05.2024","21,442","21,442","21,442","21,442","0,89%"
"02.05.2024","21,252","21,252","21,252","21,252","0,05%"
"30.04.2024","21,242","21,242","21,242","21,242","-1,10%"
"29.04.2024","21,479","21,479","21,479","21,479","0,11%"
"26.04.2024","21,456","21,456","21,456","21,456","1,30%"
"25.04.2024","21,181","21,181","21,181","21,181","-0,74%"
"24.04.2024","21,338","21,338","21,338","21,338","0,05%"
"23.04.2024","21,327","21,327","21,327","21,327","0,72%"
"22.04.2024","21,174","21,174","21,174","21,174","0,89%"
"19.04.2024","20,988","20,988","20,988","20,988","-0,95%"
"18.04.2024","21,189","21,189","21,189","21,189","0,03%"
"17.04.2024","21,183","21,183","21,183","21,183","-1,04%"
"16.04.2024","21,405","21,405","21,405","21,405","-1,21%"
"14.04.2024","21,668","21,668","21,668","21,668","0,00%"
"13.04.2024","21,668","21,668","21,668","21,668","0,00%"
"12.04.2024","21,668","21,668","21,668","21,668","-0,64%"
"11.04.2024","21,807","21,807","21,807","21,807","0,90%"
"10.04.2024","21,613","21,613","21,613","21,613","0,10%"
"09.04.2024","21,593","21,593","21,593","21,593","0,16%"
"08.04.2024","21,559","21,559","21,559","21,559","-0,23%"
"05.04.2024","21,609","21,609","21,609","21,609","1,09%"
"04.04.2024","21,376","21,376","21,376","21,376","-1,22%"
"03.04.2024","21,640","21,640","21,640","21,640","-0,49%"
"02.04.2024","21,747","21,747","21,747","21,747","-0,95%"
"01.04.2024","21,955","21,955","21,955","21,955","0,23%"
"28.03.2024","21,905","21,905","21,905","21,905","0,46%"
"27.03.2024","21,804","21,804","21,804","21,804","0,91%"
"26.03.2024","21,607","21,607","21,607","21,607","-0,23%"
"25.03.2024","21,657","21,657","21,657","21,657","-0,57%"
"22.03.2024","21,781","21,781","21,781","21,781","0,35%"
"21.03.2024","21,706","21,706","21,706","21,706","0,87%"
"20.03.2024","21,518","21,518","21,518","21,518","0,38%"
"19.03.2024","21,436","21,436","21,436","21,436","0,63%"
"18.03.2024","21,302","21,302","21,302","21,302","0,77%"
"15.03.2024","21,138","21,138","21,138","21,138","-0,68%"
"14.03.2024","21,283","21,283","21,283","21,283","0,33%"
"13.03.2024","21,212","21,212","21,212","21,212","-0,40%"
"12.03.2024","21,297","21,297","21,297","21,297","1,10%"
"11.03.2024","21,066","21,066","21,066","21,066","-0,00%"
"08.03.2024","21,067","21,067","21,067","21,067","-0,55%"
"07.03.2024","21,184","21,184","21,184","21,184","0,58%"
"06.03.2024","21,062","21,062","21,062","21,062","0,15%"
"05.03.2024","21,029","21,029","21,029","21,029","-1,03%"
"04.03.2024","21,248","21,248","21,248","21,248","-0,30%"
"01.03.2024","21,311","21,311","21,311","21,311","0,54%"
"29.02.2024","21,198","21,198","21,198","21,198","0,82%"
"28.02.2024","21,026","21,026","21,026","21,026","-0,09%"
"27.02.2024","21,045","21,045","21,045","21,045","0,22%"
"26.02.2024","20,999","20,999","20,999","20,999","-0,63%"
"23.02.2024","21,132","21,132","21,132","21,132","0,04%"
"22.02.2024","21,124","21,124","21,124","21,124","2,03%"
"21.02.2024","20,703","20,703","20,703","20,703","0,06%"
"20.02.2024","20,690","20,690","20,690","20,690","-0,88%"
"19.02.2024","20,874","20,874","20,874","20,874","0,00%"
"16.02.2024","20,873","20,873","20,873","20,873","-0,51%"
"15.02.2024","20,981","20,981","20,981","20,981","0,18%"
"14.02.2024","20,944","20,944","20,944","20,944","0,80%"
"13.02.2024","20,778","20,778","20,778","20,778","-0,75%"
"12.02.2024","20,935","20,935","20,935","20,935","0,03%"
"09.02.2024","20,928","20,928","20,928","20,928","0,49%"
"08.02.2024","20,826","20,826","20,826","20,826","0,03%"
"07.02.2024","20,821","20,821","20,821","20,821","0,65%"
"06.02.2024","20,687","20,687","20,687","20,687","0,11%"
"05.02.2024","20,665","20,665","20,665","20,665","0,16%"
"02.02.2024","20,632","20,632","20,632","20,632","1,78%"
"01.02.2024","20,271","20,271","20,271","20,271","0,66%"
"31.01.2024","20,137","20,137","20,137","20,137","-1,26%"
"30.01.2024","20,395","20,395","20,395","20,395","-0,19%"
"29.01.2024","20,434","20,434","20,434","20,434","0,98%"
"27.01.2024","20,236","20,236","20,236","20,236","0,00%"
"26.01.2024","20,236","20,236","20,236","20,236","-0,19%"
"25.01.2024","20,275","20,275","20,275","20,275","0,88%"
"24.01.2024","20,098","20,098","20,098","20,098","-0,18%"
"23.01.2024","20,135","20,135","20,135","20,135","0,60%"
"22.01.2024","20,015","20,015","20,015","20,015","0,32%"
"19.01.2024","19,952","19,952","19,952","19,952","1,01%"
"18.01.2024","19,753","19,753","19,753","19,753","0,98%"
"17.01.2024","19,561","19,561","19,561","19,561","-0,63%"
"16.01.2024","19,685","19,685","19,685","19,685","0,33%"
"15.01.2024","19,620","19,620","19,620","19,620","-0,01%"
"12.01.2024","19,622","19,622","19,622","19,622","0,27%"
"11.01.2024","19,568","19,568","19,568","19,568","-0,10%"
"10.01.2024","19,588","19,588","19,588","19,588","0,22%"
"09.01.2024","19,546","19,546","19,546","19,546","0,10%"
"08.01.2024","19,527","19,527","19,527","19,527","1,25%"
"05.01.2024","19,285","19,285","19,285","19,285","0,29%"
"04.01.2024","19,230","19,230","19,230","19,230","-0,60%"
"03.01.2024","19,346","19,346","19,346","19,346","-0,61%"
"02.01.2024","19,464","19,464","19,464","19,464","0,30%"
"29.12.2023","19,406","19,406","19,406","19,406","-0,04%"
"28.12.2023","19,413","19,413","19,413","19,413","0,42%"
"27.12.2023","19,332","19,332","19,332","19,332","-0,42%"
"26.12.2023","19,413","19,413","19,413","19,413","0,15%"
"22.12.2023","19,385","19,385","19,385","19,385","0,10%"
"21.12.2023","19,366","19,366","19,366","19,366","0,38%"
"20.12.2023","19,293","19,293","19,293","19,293","-1,05%"
"19.12.2023","19,498","19,498","19,498","19,498","0,05%"
"18.12.2023","19,489","19,489","19,489","19,489","0,22%"
"15.12.2023","19,446","19,446","19,446","19,446","0,87%"
"14.12.2023","19,278","19,278","19,278","19,278","-0,71%"
"13.12.2023","19,415","19,415","19,415","19,415","0,59%"
"12.12.2023","19,301","19,301","19,301","19,301","0,15%"
"11.12.2023","19,273","19,273","19,273","19,273","1,07%"
"07.12.2023","19,068","19,068","19,068","19,068","0,43%"
"05.12.2023","18,986","18,986","18,986","18,986","0,30%"
"04.12.2023","18,929","18,929","18,929","18,929","-0,12%"
"01.12.2023","18,952","18,952","18,952","18,952","0,66%"
"30.11.2023","18,828","18,828","18,828","18,828","1,19%"
"29.11.2023","18,605","18,605","18,605","18,605","0,06%"
"28.11.2023","18,594","18,594","18,594","18,594","-0,21%"
"27.11.2023","18,634","18,634","18,634","18,634","-0,29%"
"24.11.2023","18,687","18,687","18,687","18,687","-0,46%"
"23.11.2023","18,775","18,775","18,775","18,775","0,00%"
"22.11.2023","18,774","18,774","18,774","18,774","0,64%"
"21.11.2023","18,655","18,655","18,655","18,655","0,07%"
"20.11.2023","18,642","18,642","18,642","18,642","0,41%"
"17.11.2023","18,565","18,565","18,565","18,565","-0,40%"
"16.11.2023","18,640","18,640","18,640","18,640","0,10%"
"15.11.2023","18,621","18,621","18,621","18,621","0,50%"
"14.11.2023","18,528","18,528","18,528","18,528","0,23%"
"13.11.2023","18,485","18,485","18,485","18,485","-0,20%"
"10.11.2023","18,523","18,523","18,523","18,523","1,38%"
"09.11.2023","18,270","18,270","18,270","18,270","-0,38%"
"08.11.2023","18,340","18,340","18,340","18,340","-0,03%"
"07.11.2023","18,345","18,345","18,345","18,345","0,51%"
"06.11.2023","18,253","18,253","18,253","18,253","0,29%"
"03.11.2023","18,201","18,201","18,201","18,201","-0,10%"
"02.11.2023","18,218","18,218","18,218","18,218","2,52%"
"31.10.2023","17,771","17,771","17,771","17,771","1,05%"
"30.10.2023","17,587","17,587","17,587","17,587","0,74%"
"27.10.2023","17,457","17,457","17,457","17,457","-0,59%"
"26.10.2023","17,561","17,561","17,561","17,561","-1,07%"
"25.10.2023","17,750","17,750","17,750","17,750","-1,20%"
"24.10.2023","17,966","17,966","17,966","17,966","1,41%"
"23.10.2023","17,715","17,715","17,715","17,715","-0,84%"
"20.10.2023","17,866","17,866","17,866","17,866","-1,33%"
"19.10.2023","18,107","18,107","18,107","18,107","-1,30%"
"18.10.2023","18,345","18,345","18,345","18,345","-0,97%"
"17.10.2023","18,525","18,525","18,525","18,525","-0,15%"
"16.10.2023","18,553","18,553","18,553","18,553","0,60%"
"13.10.2023","18,443","18,443","18,443","18,443","-0,33%"
"12.10.2023","18,504","18,504","18,504","18,504","0,19%"
"11.10.2023","18,469","18,469","18,469","18,469","0,34%"
"10.10.2023","18,407","18,407","18,407","18,407","0,34%"
"09.10.2023","18,344","18,344","18,344","18,344","0,63%"
"06.10.2023","18,229","18,229","18,229","18,229","0,84%"
"05.10.2023","18,076","18,076","18,076","18,076","-0,46%"
"04.10.2023","18,160","18,160","18,160","18,160","0,41%"
"03.10.2023","18,086","18,086","18,086","18,086","-1,27%"
"02.10.2023","18,318","18,318","18,318","18,318","0,85%"
"29.09.2023","18,163","18,163","18,163","18,163","-0,32%"
"28.09.2023","18,222","18,222","18,222","18,222","0,02%"
"27.09.2023","18,218","18,218","18,218","18,218","0,67%"
"26.09.2023","18,098","18,098","18,098","18,098","-1,28%"
"25.09.2023","18,332","18,332","18,332","18,332","0,92%"
"22.09.2023","18,164","18,164","18,164","18,164","-0,12%"
"21.09.2023","18,186","18,186","18,186","18,186","-1,65%"
"20.09.2023","18,490","18,490","18,490","18,490","-0,71%"
"19.09.2023","18,623","18,623","18,623","18,623","-0,14%"
"18.09.2023","18,650","18,650","18,650","18,650","-0,19%"
"15.09.2023","18,686","18,686","18,686","18,686","-1,36%"
"14.09.2023","18,943","18,943","18,943","18,943","1,68%"
"13.09.2023","18,629","18,629","18,629","18,629","0,10%"
"12.09.2023","18,611","18,611","18,611","18,611","-0,37%"
"11.09.2023","18,680","18,680","18,680","18,680","0,22%"
"08.09.2023","18,639","18,639","18,639","18,639","0,10%"
"07.09.2023","18,620","18,620","18,620","18,620","-0,04%"
"06.09.2023","18,627","18,627","18,627","18,627","-0,73%"
"05.09.2023","18,764","18,764","18,764","18,764","0,10%"
"04.09.2023","18,746","18,746","18,746","18,746","0,00%"
"01.09.2023","18,746","18,746","18,746","18,746","0,80%"
"31.08.2023","18,596","18,596","18,596","18,596","0,58%"
"30.08.2023","18,488","18,488","18,488","18,488","0,05%"
"29.08.2023","18,480","18,480","18,480","18,480","0,83%"
"28.08.2023","18,328","18,328","18,328","18,328","0,46%"
"25.08.2023","18,243","18,243","18,243","18,243","0,75%"
"24.08.2023","18,108","18,108","18,108","18,108","-0,84%"
"23.08.2023","18,260","18,260","18,260","18,260","0,95%"
"22.08.2023","18,089","18,089","18,089","18,089","0,17%"
"21.08.2023","18,058","18,058","18,058","18,058","0,49%"
"18.08.2023","17,970","17,970","17,970","17,970","-0,02%"
"17.08.2023","17,974","17,974","17,974","17,974","-0,73%"
"16.08.2023","18,105","18,105","18,105","18,105","-1,59%"
"14.08.2023","18,399","18,399","18,399","18,399","0,95%"
"11.08.2023","18,226","18,226","18,226","18,226","0,21%"
"10.08.2023","18,187","18,187","18,187","18,187","-0,01%"
"09.08.2023","18,190","18,190","18,190","18,190","-0,85%"
"08.08.2023","18,347","18,347","18,347","18,347","-0,01%"
"07.08.2023","18,348","18,348","18,348","18,348","0,94%"
"04.08.2023","18,177","18,177","18,177","18,177","-1,08%"
"03.08.2023","18,375","18,375","18,375","18,375","-0,32%"
"02.08.2023","18,433","18,433","18,433","18,433","-0,99%"
"01.08.2023","18,617","18,617","18,617","18,617","-0,15%"
"31.07.2023","18,645","18,645","18,645","18,645","0,39%"
"28.07.2023","18,572","18,572","18,572","18,572","0,51%"
"27.07.2023","18,478","18,478","18,478","18,478","0,49%"
"26.07.2023","18,388","18,388","18,388","18,388","-0,37%"
"25.07.2023","18,457","18,457","18,457","18,457","0,37%"
"24.07.2023","18,389","18,389","18,389","18,389","0,98%"
"21.07.2023","18,211","18,211","18,211","18,211","0,07%"
"20.07.2023","18,198","18,198","18,198","18,198","-0,02%"
"19.07.2023","18,202","18,202","18,202","18,202","0,48%"
"18.07.2023","18,116","18,116","18,116","18,116","0,80%"
"17.07.2023","17,973","17,973","17,973","17,973","0,27%"
"14.07.2023","17,924","17,924","17,924","17,924","-0,10%"
"13.07.2023","17,943","17,943","17,943","17,943","0,04%"
"12.07.2023","17,936","17,936","17,936","17,936","-0,42%"
"11.07.2023","18,012","18,012","18,012","18,012","0,60%"
"10.07.2023","17,904","17,904","17,904","17,904","-0,04%"
"07.07.2023","17,911","17,911","17,911","17,911","-1,01%"
"06.07.2023","18,093","18,093","18,093","18,093","-1,08%"
"05.07.2023","18,291","18,291","18,291","18,291","0,33%"
"04.07.2023","18,230","18,230","18,230","18,230","0,00%"
"03.07.2023","18,230","18,230","18,230","18,230","0,12%"
"30.06.2023","18,209","18,209","18,209","18,209","0,84%"
"29.06.2023","18,058","18,058","18,058","18,058","0,89%"
"28.06.2023","17,899","17,899","17,899","17,899","0,40%"
"27.06.2023","17,828","17,828","17,828","17,828","0,63%"
"26.06.2023","17,716","17,716","17,716","17,716","-0,58%"
"23.06.2023","17,818","17,818","17,818","17,818","-0,18%"
"22.06.2023","17,851","17,851","17,851","17,851","0,67%"
"21.06.2023","17,733","17,733","17,733","17,733","-1,20%"
"20.06.2023","17,947","17,947","17,947","17,947","-0,26%"
"19.06.2023","17,994","17,994","17,994","17,994","0,00%"
"16.06.2023","17,994","17,994","17,994","17,994","-0,26%"
"15.06.2023","18,042","18,042","18,042","18,042","0,13%"
"14.06.2023","18,019","18,019","18,019","18,019","-0,23%"
"13.06.2023","18,061","18,061","18,061","18,061","0,39%"
"12.06.2023","17,991","17,991","17,991","17,991","0,81%"
"09.06.2023","17,847","17,847","17,847","17,847","0,44%"
"08.06.2023","17,770","17,770","17,770","17,770","-0,15%"
"07.06.2023","17,796","17,796","17,796","17,796","-0,42%"
"06.06.2023","17,872","17,872","17,872","17,872","0,42%"
"05.06.2023","17,797","17,797","17,797","17,797","-0,24%"
"02.06.2023","17,839","17,839","17,839","17,839","1,96%"
"01.06.2023","17,496","17,496","17,496","17,496","0,32%"
"31.05.2023","17,440","17,440","17,440","17,440","-0,22%"
"30.05.2023","17,478","17,478","17,478","17,478","0,00%"
"29.05.2023","17,478","17,478","17,478","17,478","0,00%"
"26.05.2023","17,478","17,478","17,478","17,478","1,25%"
"25.05.2023","17,262","17,262","17,262","17,262","1,14%"
"24.05.2023","17,066","17,066","17,066","17,066","-0,57%"
"23.05.2023","17,164","17,164","17,164","17,164","-0,73%"
"22.05.2023","17,291","17,291","17,291","17,291","-0,04%"
"19.05.2023","17,297","17,297","17,297","17,297","-0,42%"
"18.05.2023","17,370","17,370","17,370","17,370","1,56%"
"17.05.2023","17,103","17,103","17,103","17,103","1,42%"
"16.05.2023","16,864","16,864","16,864","16,864","-0,51%"
"15.05.2023","16,950","16,950","16,950","16,950","0,08%"
"12.05.2023","16,936","16,936","16,936","16,936","0,46%"
"11.05.2023","16,859","16,859","16,859","16,859","0,45%"
"10.05.2023","16,784","16,784","16,784","16,784","0,27%"
"09.05.2023","16,738","16,738","16,738","16,738","-0,10%"
"08.05.2023","16,755","16,755","16,755","16,755","0,20%"
"05.05.2023","16,721","16,721","16,721","16,721","1,80%"
"04.05.2023","16,425","16,425","16,425","16,425","-0,36%"
"03.05.2023","16,485","16,485","16,485","16,485","-1,12%"
"02.05.2023","16,672","16,672","16,672","16,672","-1,08%"
"01.05.2023","16,853","16,853","16,853","16,853","0,00%"
"28.04.2023","16,853","16,853","16,853","16,853","2,97%"
"26.04.2023","16,367","16,367","16,367","16,367","-0,97%"
"25.04.2023","16,527","16,527","16,527","16,527","-0,92%"
"24.04.2023","16,681","16,681","16,681","16,681","-0,39%"
"21.04.2023","16,746","16,746","16,746","16,746","-0,14%"
"20.04.2023","16,770","16,770","16,770","16,770","-0,69%"
"19.04.2023","16,886","16,886","16,886","16,886","0,14%"
"18.04.2023","16,862","16,862","16,862","16,862","-0,30%"
"17.04.2023","16,912","16,912","16,912","16,912","0,94%"
"14.04.2023","16,754","16,754","16,754","16,754","0,26%"
"13.04.2023","16,711","16,711","16,711","16,711","0,80%"
"12.04.2023","16,579","16,579","16,579","16,579","-1,09%"
"11.04.2023","16,761","16,761","16,761","16,761","-0,48%"
"10.04.2023","16,841","16,841","16,841","16,841","0,65%"
"07.04.2023","16,733","16,733","16,733","16,733","0,00%"
"06.04.2023","16,733","16,733","16,733","16,733","0,21%"
"05.04.2023","16,698","16,698","16,698","16,698","0,25%"
"04.04.2023","16,657","16,657","16,657","16,657","-1,04%"
"03.04.2023","16,832","16,832","16,832","16,832","-0,19%"
"31.03.2023","16,864","16,864","16,864","16,864","2,01%"
"30.03.2023","16,531","16,531","16,531","16,531","-0,01%"
"29.03.2023","16,532","16,532","16,532","16,532","1,46%"
"28.03.2023","16,294","16,294","16,294","16,294","-0,59%"
"27.03.2023","16,391","16,391","16,391","16,391","-0,19%"
"24.03.2023","16,422","16,422","16,422","16,422","1,26%"
"23.03.2023","16,218","16,218","16,218","16,218","0,52%"
"22.03.2023","16,134","16,134","16,134","16,134","-2,45%"
"21.03.2023","16,539","16,539","16,539","16,539","0,85%"
"20.03.2023","16,399","16,399","16,399","16,399","0,40%"
"17.03.2023","16,333","16,333","16,333","16,333","-1,68%"
"16.03.2023","16,612","16,612","16,612","16,612","1,45%"
"15.03.2023","16,374","16,374","16,374","16,374","0,80%"
"14.03.2023","16,244","16,244","16,244","16,244","1,61%"
"13.03.2023","15,986","15,986","15,986","15,986","-0,98%"
"10.03.2023","16,145","16,145","16,145","16,145","-1,98%"
"09.03.2023","16,471","16,471","16,471","16,471","-2,14%"
"08.03.2023","16,831","16,831","16,831","16,831","0,18%"
"07.03.2023","16,800","16,800","16,800","16,800","-0,33%"
"06.03.2023","16,856","16,856","16,856","16,856","-0,34%"
"03.03.2023","16,913","16,913","16,913","16,913","1,29%"
"02.03.2023","16,698","16,698","16,698","16,698","1,41%"
"01.03.2023","16,466","16,466","16,466","16,466","-1,29%"
"28.02.2023","16,682","16,682","16,682","16,682","-0,01%"
"27.02.2023","16,683","16,683","16,683","16,683","-0,26%"
"24.02.2023","16,726","16,726","16,726","16,726","-0,56%"
"23.02.2023","16,821","16,821","16,821","16,821","0,58%"
"22.02.2023","16,724","16,724","16,724","16,724","0,25%"
"21.02.2023","16,682","16,682","16,682","16,682","-1,56%"
"20.02.2023","16,946","16,946","16,946","16,946","0,00%"
"17.02.2023","16,946","16,946","16,946","16,946","-0,46%"
"16.02.2023","17,025","17,025","17,025","17,025","-1,21%"
"15.02.2023","17,234","17,234","17,234","17,234","0,74%"
"14.02.2023","17,107","17,107","17,107","17,107","-0,14%"
"13.02.2023","17,131","17,131","17,131","17,131","0,74%"
"10.02.2023","17,006","17,006","17,006","17,006","0,74%"
"09.02.2023","16,881","16,881","16,881","16,881","-1,06%"
"08.02.2023","17,062","17,062","17,062","17,062","-0,99%"
"07.02.2023","17,233","17,233","17,233","17,233","1,31%"
"06.02.2023","17,011","17,011","17,011","17,011","0,04%"
"03.02.2023","17,004","17,004","17,004","17,004","0,02%"
"02.02.2023","17,000","17,000","17,000","17,000","2,15%"
"01.02.2023","16,642","16,642","16,642","16,642","-0,02%"
"31.01.2023","16,646","16,646","16,646","16,646","1,27%"
"30.01.2023","16,438","16,438","16,438","16,438","-1,14%"
"27.01.2023","16,628","16,628","16,628","16,628","0,50%"
"26.01.2023","16,546","16,546","16,546","16,546","1,32%"
"25.01.2023","16,331","16,331","16,331","16,331","-0,31%"
"24.01.2023","16,381","16,381","16,381","16,381","-0,21%"
"23.01.2023","16,416","16,416","16,416","16,416","1,08%"
"20.01.2023","16,240","16,240","16,240","16,240","1,67%"
"19.01.2023","15,974","15,974","15,974","15,974","-1,13%"
"18.01.2023","16,156","16,156","16,156","16,156","-1,55%"
"17.01.2023","16,410","16,410","16,410","16,410","0,17%"
"16.01.2023","16,382","16,382","16,382","16,382","0,00%"
"13.01.2023","16,382","16,382","16,382","16,382","0,58%"
"12.01.2023","16,288","16,288","16,288","16,288","-0,57%"
"11.01.2023","16,381","16,381","16,381","16,381","1,14%"
"10.01.2023","16,196","16,196","16,196","16,196","0,68%"
"09.01.2023","16,086","16,086","16,086","16,086","-0,90%"
"06.01.2023","16,232","16,232","16,232","16,232","1,10%"
"05.01.2023","16,055","16,055","16,055","16,055","-0,40%"
"04.01.2023","16,120","16,120","16,120","16,120","0,27%"
"03.01.2023","16,076","16,076","16,076","16,076","1,06%"
"02.01.2023","15,907","15,907","15,907","15,907","0,00%"
"30.12.2022","15,907","15,907","15,907","15,907","-0,58%"
"29.12.2022","15,999","15,999","15,999","15,999","1,17%"
"28.12.2022","15,814","15,814","15,814","15,814","-0,90%"
"27.12.2022","15,957","15,957","15,957","15,957","-0,62%"
"26.12.2022","16,056","16,056","16,056","16,056","0,00%"
"23.12.2022","16,056","16,056","16,056","16,056","0,41%"
"22.12.2022","15,990","15,990","15,990","15,990","-1,35%"
"21.12.2022","16,208","16,208","16,208","16,208","1,56%"
"20.12.2022","15,959","15,959","15,959","15,959","-0,02%"
"19.12.2022","15,962","15,962","15,962","15,962","-0,99%"
"16.12.2022","16,122","16,122","16,122","16,122","-0,81%"
"15.12.2022","16,253","16,253","16,253","16,253","-2,01%"
"14.12.2022","16,587","16,587","16,587","16,587","-1,05%"
"13.12.2022","16,763","16,763","16,763","16,763","-0,15%"
"12.12.2022","16,789","16,789","16,789","16,789","1,38%"
"09.12.2022","16,561","16,561","16,561","16,561","-0,49%"
"08.12.2022","16,642","16,642","16,642","16,642","0,34%"
"07.12.2022","16,585","16,585","16,585","16,585","-0,57%"
"06.12.2022","16,680","16,680","16,680","16,680","-1,31%"
"05.12.2022","16,901","16,901","16,901","16,901","-1,32%"
"02.12.2022","17,127","17,127","17,127","17,127","-0,23%"
"01.12.2022","17,166","17,166","17,166","17,166","-1,18%"
"30.11.2022","17,371","17,371","17,371","17,371","2,33%"
"29.11.2022","16,975","16,975","16,975","16,975","-0,07%"
"28.11.2022","16,987","16,987","16,987","16,987","-0,85%"
"25.11.2022","17,132","17,132","17,132","17,132","-0,09%"
"24.11.2022","17,147","17,147","17,147","17,147","0,00%"
"23.11.2022","17,147","17,147","17,147","17,147","-0,39%"
"22.11.2022","17,214","17,214","17,214","17,214","0,76%"
"21.11.2022","17,085","17,085","17,085","17,085","0,45%"
"18.11.2022","17,009","17,009","17,009","17,009","0,90%"
"17.11.2022","16,857","16,857","16,857","16,857","-0,02%"
"16.11.2022","16,860","16,860","16,860","16,860","-1,21%"
"15.11.2022","17,066","17,066","17,066","17,066","0,64%"
"14.11.2022","16,957","16,957","16,957","16,957","-0,63%"
"11.11.2022","17,064","17,064","17,064","17,064","-0,63%"
"10.11.2022","17,173","17,173","17,173","17,173","3,61%"
"09.11.2022","16,574","16,574","16,574","16,574","-1,44%"
"08.11.2022","16,817","16,817","16,817","16,817","0,04%"
"07.11.2022","16,810","16,810","16,810","16,810","0,38%"
"04.11.2022","16,747","16,747","16,747","16,747","-0,75%"
"03.11.2022","16,873","16,873","16,873","16,873","-0,32%"
"02.11.2022","16,928","16,928","16,928","16,928","-2,00%"
"01.11.2022","17,273","17,273","17,273","17,273","-0,33%"
"31.10.2022","17,331","17,331","17,331","17,331","0,10%"
"28.10.2022","17,314","17,314","17,314","17,314","2,53%"
"27.10.2022","16,886","16,886","16,886","16,886","0,48%"
"26.10.2022","16,805","16,805","16,805","16,805","-1,87%"
"25.10.2022","17,125","17,125","17,125","17,125","0,69%"
"24.10.2022","17,008","17,008","17,008","17,008","1,06%"
"21.10.2022","16,829","16,829","16,829","16,829","1,58%"
"20.10.2022","16,568","16,568","16,568","16,568","-0,91%"
"19.10.2022","16,720","16,720","16,720","16,720","0,17%"
"18.10.2022","16,691","16,691","16,691","16,691","0,96%"
"17.10.2022","16,533","16,533","16,533","16,533","1,51%"
"14.10.2022","16,287","16,287","16,287","16,287","-1,89%"
"13.10.2022","16,601","16,601","16,601","16,601","1,89%"
"12.10.2022","16,293","16,293","16,293","16,293","-0,27%"
"11.10.2022","16,337","16,337","16,337","16,337","-0,37%"
"10.10.2022","16,397","16,397","16,397","16,397","-0,75%"
"07.10.2022","16,521","16,521","16,521","16,521","-2,23%"
"06.10.2022","16,897","16,897","16,897","16,897","-0,11%"
"05.10.2022","16,915","16,915","16,915","16,915","0,85%"
"04.10.2022","16,773","16,773","16,773","16,773","1,46%"
"03.10.2022","16,532","16,532","16,532","16,532","2,25%"
"30.09.2022","16,169","16,169","16,169","16,169","-1,52%"
"29.09.2022","16,418","16,418","16,418","16,418","-2,78%"
"28.09.2022","16,888","16,888","16,888","16,888","0,51%"
"27.09.2022","16,803","16,803","16,803","16,803","0,07%"
"26.09.2022","16,792","16,792","16,792","16,792","-0,24%"
"23.09.2022","16,833","16,833","16,833","16,833","-0,24%"
"22.09.2022","16,874","16,874","16,874","16,874","-0,77%"
"21.09.2022","17,005","17,005","17,005","17,005","-0,41%"
"20.09.2022","17,075","17,075","17,075","17,075","-0,65%"
"19.09.2022","17,187","17,187","17,187","17,187","0,57%"
"16.09.2022","17,090","17,090","17,090","17,090","-0,89%"
"15.09.2022","17,243","17,243","17,243","17,243","-1,31%"
"14.09.2022","17,471","17,471","17,471","17,471","0,33%"
"13.09.2022","17,414","17,414","17,414","17,414","-2,98%"
"12.09.2022","17,948","17,948","17,948","17,948","0,36%"
"09.09.2022","17,883","17,883","17,883","17,883","1,07%"
"08.09.2022","17,694","17,694","17,694","17,694","0,76%"
"07.09.2022","17,560","17,560","17,560","17,560","0,76%"
"06.09.2022","17,427","17,427","17,427","17,427","0,12%"
"05.09.2022","17,406","17,406","17,406","17,406","0,00%"
"02.09.2022","17,406","17,406","17,406","17,406","-1,15%"
"01.09.2022","17,608","17,608","17,608","17,608","1,32%"
"31.08.2022","17,378","17,378","17,378","17,378","-1,03%"
"30.08.2022","17,558","17,558","17,558","17,558","-1,33%"
"29.08.2022","17,795","17,795","17,795","17,795","-0,98%"
"26.08.2022","17,972","17,972","17,972","17,972","-3,24%"
"25.08.2022","18,573","18,573","18,573","18,573","1,33%"
"24.08.2022","18,329","18,329","18,329","18,329","0,28%"
"23.08.2022","18,278","18,278","18,278","18,278","-0,49%"
"22.08.2022","18,368","18,368","18,368","18,368","-1,15%"
"19.08.2022","18,582","18,582","18,582","18,582","-0,75%"
"18.08.2022","18,722","18,722","18,722","18,722","1,07%"
"17.08.2022","18,523","18,523","18,523","18,523","-0,80%"
"16.08.2022","18,672","18,672","18,672","18,672","1,47%"
"12.08.2022","18,402","18,402","18,402","18,402","2,32%"
"11.08.2022","17,985","17,985","17,985","17,985","-0,19%"
"10.08.2022","18,020","18,020","18,020","18,020","1,20%"
"09.08.2022","17,806","17,806","17,806","17,806","-0,58%"
"08.08.2022","17,909","17,909","17,909","17,909","-0,26%"
"05.08.2022","17,956","17,956","17,956","17,956","0,51%"
"04.08.2022","17,864","17,864","17,864","17,864","-0,83%"
"03.08.2022","18,014","18,014","18,014","18,014","1,57%"
"02.08.2022","17,736","17,736","17,736","17,736","0,19%"
"01.08.2022","17,702","17,702","17,702","17,702","-0,65%"
"29.07.2022","17,818","17,818","17,818","17,818","1,10%"
"28.07.2022","17,624","17,624","17,624","17,624","1,42%"
"27.07.2022","17,377","17,377","17,377","17,377","1,75%"
"26.07.2022","17,078","17,078","17,078","17,078","-0,13%"
"25.07.2022","17,101","17,101","17,101","17,101","-0,04%"
"22.07.2022","17,107","17,107","17,107","17,107","-0,89%"
"21.07.2022","17,261","17,261","17,261","17,261","0,65%"
"20.07.2022","17,150","17,150","17,150","17,150","1,07%"
"19.07.2022","16,969","16,969","16,969","16,969","1,98%"
"18.07.2022","16,640","16,640","16,640","16,640","-1,45%"
"15.07.2022","16,884","16,884","16,884","16,884","1,24%"
"14.07.2022","16,677","16,677","16,677","16,677","0,12%"
"13.07.2022","16,657","16,657","16,657","16,657","-0,61%"
"12.07.2022","16,760","16,760","16,760","16,760","-0,86%"
"11.07.2022","16,906","16,906","16,906","16,906","0,15%"
"08.07.2022","16,880","16,880","16,880","16,880","-0,22%"
"07.07.2022","16,917","16,917","16,917","16,917","1,73%"
"06.07.2022","16,629","16,629","16,629","16,629","1,14%"
"05.07.2022","16,442","16,442","16,442","16,442","1,78%"
"04.07.2022","16,155","16,155","16,155","16,155","0,00%"
"01.07.2022","16,155","16,155","16,155","16,155","1,53%"
"30.06.2022","15,912","15,912","15,912","15,912","-1,23%"
"29.06.2022","16,110","16,110","16,110","16,110","0,78%"
"28.06.2022","15,985","15,985","15,985","15,985","-1,52%"
"27.06.2022","16,232","16,232","16,232","16,232","-0,54%"
"24.06.2022","16,320","16,320","16,320","16,320","2,81%"
"23.06.2022","15,874","15,874","15,874","15,874","1,31%"
"22.06.2022","15,668","15,668","15,668","15,668","-0,48%"
"21.06.2022","15,743","15,743","15,743","15,743","2,12%"
"20.06.2022","15,416","15,416","15,416","15,416","0,00%"
"17.06.2022","15,416","15,416","15,416","15,416","0,82%"
"16.06.2022","15,291","15,291","15,291","15,291","-4,17%"
"15.06.2022","15,956","15,956","15,956","15,956","1,01%"
"14.06.2022","15,796","15,796","15,796","15,796","-0,35%"
"13.06.2022","15,852","15,852","15,852","15,852","-2,87%"
"10.06.2022","16,321","16,321","16,321","16,321","-2,04%"
"09.06.2022","16,661","16,661","16,661","16,661","-1,42%"
"08.06.2022","16,901","16,901","16,901","16,901","-1,15%"
"07.06.2022","17,098","17,098","17,098","17,098","0,83%"
"06.06.2022","16,957","16,957","16,957","16,957","0,56%"
"03.06.2022","16,862","16,862","16,862","16,862","-1,37%"
"02.06.2022","17,097","17,097","17,097","17,097","0,93%"
"01.06.2022","16,940","16,940","16,940","16,940","0,05%"
"31.05.2022","16,931","16,931","16,931","16,931","-0,21%"
"30.05.2022","16,967","16,967","16,967","16,967","-0,43%"
"27.05.2022","17,041","17,041","17,041","17,041","2,40%"
"26.05.2022","16,641","16,641","16,641","16,641","1,54%"
"25.05.2022","16,388","16,388","16,388","16,388","1,48%"
"24.05.2022","16,149","16,149","16,149","16,149","-1,26%"
"23.05.2022","16,355","16,355","16,355","16,355","0,63%"
"20.05.2022","16,252","16,252","16,252","16,252","0,34%"
"19.05.2022","16,197","16,197","16,197","16,197","-1,75%"
"18.05.2022","16,485","16,485","16,485","16,485","-3,30%"
"17.05.2022","17,047","17,047","17,047","17,047","0,94%"
"16.05.2022","16,889","16,889","16,889","16,889","-0,66%"
"13.05.2022","17,002","17,002","17,002","17,002","2,11%"
"12.05.2022","16,651","16,651","16,651","16,651","1,26%"
"11.05.2022","16,443","16,443","16,443","16,443","-1,46%"
"10.05.2022","16,686","16,686","16,686","16,686","0,49%"
"09.05.2022","16,605","16,605","16,605","16,605","-3,33%"
"06.05.2022","17,177","17,177","17,177","17,177","-0,54%"
"05.05.2022","17,271","17,271","17,271","17,271","-3,00%"
"04.05.2022","17,805","17,805","17,805","17,805","2,17%"
"03.05.2022","17,427","17,427","17,427","17,427","0,31%"
"02.05.2022","17,374","17,374","17,374","17,374","0,98%"
"29.04.2022","17,206","17,206","17,206","17,206","-4,00%"
"28.04.2022","17,922","17,922","17,922","17,922","2,96%"
"27.04.2022","17,406","17,406","17,406","17,406","1,01%"
"26.04.2022","17,232","17,232","17,232","17,232","-2,15%"
"25.04.2022","17,610","17,610","17,610","17,610","1,31%"
"22.04.2022","17,382","17,382","17,382","17,382","-2,35%"
"21.04.2022","17,800","17,800","17,800","17,800","-1,35%"
"20.04.2022","18,044","18,044","18,044","18,044","-0,69%"
"19.04.2022","18,169","18,169","18,169","18,169","1,58%"
"18.04.2022","17,887","17,887","17,887","17,887","0,38%"
"14.04.2022","17,820","17,820","17,820","17,820","-0,68%"
"13.04.2022","17,942","17,942","17,942","17,942","0,63%"
"12.04.2022","17,829","17,829","17,829","17,829","0,16%"
"11.04.2022","17,800","17,800","17,800","17,800","-1,77%"
"08.04.2022","18,120","18,120","18,120","18,120","-0,29%"
"07.04.2022","18,173","18,173","18,173","18,173","0,69%"
"06.04.2022","18,048","18,048","18,048","18,048","-0,94%"
"05.04.2022","18,220","18,220","18,220","18,220","-0,64%"
"04.04.2022","18,337","18,337","18,337","18,337","1,52%"
"01.04.2022","18,062","18,062","18,062","18,062","0,49%"
"31.03.2022","17,974","17,974","17,974","17,974","-0,77%"
"30.03.2022","18,114","18,114","18,114","18,114","-1,21%"
"29.03.2022","18,336","18,336","18,336","18,336","0,32%"
"28.03.2022","18,278","18,278","18,278","18,278","0,68%"
"25.03.2022","18,155","18,155","18,155","18,155","0,66%"
"24.03.2022","18,036","18,036","18,036","18,036","1,53%"
"23.03.2022","17,765","17,765","17,765","17,765","-1,05%"
"22.03.2022","17,953","17,953","17,953","17,953","1,00%"
"21.03.2022","17,775","17,775","17,775","17,775","0,35%"
"18.03.2022","17,713","17,713","17,713","17,713","1,48%"
"17.03.2022","17,454","17,454","17,454","17,454","0,73%"
"16.03.2022","17,328","17,328","17,328","17,328","1,49%"
"15.03.2022","17,073","17,073","17,073","17,073","2,01%"
"14.03.2022","16,737","16,737","16,737","16,737","-0,99%"
"11.03.2022","16,905","16,905","16,905","16,905","-0,68%"
"10.03.2022","17,020","17,020","17,020","17,020","0,40%"
"09.03.2022","16,953","16,953","16,953","16,953","1,07%"
"08.03.2022","16,773","16,773","16,773","16,773","-1,06%"
"07.03.2022","16,953","16,953","16,953","16,953","-2,41%"
"04.03.2022","17,372","17,372","17,372","17,372","0,40%"
"03.03.2022","17,302","17,302","17,302","17,302","0,04%"
"02.03.2022","17,295","17,295","17,295","17,295","1,93%"
"01.03.2022","16,967","16,967","16,967","16,967","-0,82%"
"28.02.2022","17,108","17,108","17,108","17,108","0,25%"
"25.02.2022","17,065","17,065","17,065","17,065","1,64%"
"24.02.2022","16,790","16,790","16,790","16,790","2,46%"
"23.02.2022","16,387","16,387","16,387","16,387","-1,66%"
"22.02.2022","16,664","16,664","16,664","16,664","-1,03%"
"21.02.2022","16,837","16,837","16,837","16,837","0,00%"
"18.02.2022","16,837","16,837","16,837","16,837","-0,41%"
"17.02.2022","16,906","16,906","16,906","16,906","-1,93%"
"16.02.2022","17,239","17,239","17,239","17,239","-0,10%"
"15.02.2022","17,256","17,256","17,256","17,256","1,04%"
"14.02.2022","17,078","17,078","17,078","17,078","0,04%"
"11.02.2022","17,071","17,071","17,071","17,071","-1,15%"
"10.02.2022","17,269","17,269","17,269","17,269","-1,85%"
"09.02.2022","17,595","17,595","17,595","17,595","1,40%"
"08.02.2022","17,352","17,352","17,352","17,352","1,03%"
"07.02.2022","17,175","17,175","17,175","17,175","-0,24%"
"04.02.2022","17,216","17,216","17,216","17,216","0,31%"
"03.02.2022","17,163","17,163","17,163","17,163","-3,50%"
"02.02.2022","17,785","17,785","17,785","17,785","0,63%"
"01.02.2022","17,674","17,674","17,674","17,674","0,37%"
"31.01.2022","17,609","17,609","17,609","17,609","1,13%"
"28.01.2022","17,412","17,412","17,412","17,412","2,38%"
"27.01.2022","17,007","17,007","17,007","17,007","0,35%"
"26.01.2022","16,947","16,947","16,947","16,947","0,39%"
"25.01.2022","16,881","16,881","16,881","16,881","-1,09%"
"24.01.2022","17,067","17,067","17,067","17,067","0,49%"
"21.01.2022","16,983","16,983","16,983","16,983","-2,22%"
"20.01.2022","17,368","17,368","17,368","17,368","-0,73%"
"19.01.2022","17,496","17,496","17,496","17,496","-1,20%"
"18.01.2022","17,708","17,708","17,708","17,708","-1,03%"
"17.01.2022","17,893","17,893","17,893","17,893","0,00%"
"14.01.2022","17,893","17,893","17,893","17,893","0,42%"
"13.01.2022","17,819","17,819","17,819","17,819","-1,43%"
"12.01.2022","18,078","18,078","18,078","18,078","-0,44%"
"11.01.2022","18,158","18,158","18,158","18,158","0,56%"
"10.01.2022","18,056","18,056","18,056","18,056","0,15%"
"07.01.2022","18,029","18,029","18,029","18,029","-1,02%"
"06.01.2022","18,214","18,214","18,214","18,214","0,11%"
"05.01.2022","18,194","18,194","18,194","18,194","-2,15%"
"04.01.2022","18,594","18,594","18,594","18,594","0,03%"
"03.01.2022","18,588","18,588","18,588","18,588","1,35%"
"31.12.2021","18,340","18,340","18,340","18,340","-0,75%"
"30.12.2021","18,478","18,478","18,478","18,478","-0,03%"
"29.12.2021","18,484","18,484","18,484","18,484","-0,21%"
"28.12.2021","18,523","18,523","18,523","18,523","0,05%"
"27.12.2021","18,513","18,513","18,513","18,513","1,44%"
"24.12.2021","18,251","18,251","18,251","18,251","0,00%"
"23.12.2021","18,251","18,251","18,251","18,251","0,63%"
"22.12.2021","18,137","18,137","18,137","18,137","0,54%"
"21.12.2021","18,040","18,040","18,040","18,040","1,73%"
"20.12.2021","17,733","17,733","17,733","17,733","-1,46%"
"17.12.2021","17,995","17,995","17,995","17,995","-0,21%"
"16.12.2021","18,032","18,032","18,032","18,032","-1,25%"
"15.12.2021","18,260","18,260","18,260","18,260","1,33%"
"14.12.2021","18,020","18,020","18,020","18,020","-0,49%"
"13.12.2021","18,108","18,108","18,108","18,108","-0,60%"
"10.12.2021","18,218","18,218","18,218","18,218","0,73%"
"09.12.2021","18,086","18,086","18,086","18,086","-0,22%"
"08.12.2021","18,126","18,126","18,126","18,126","-0,40%"
"07.12.2021","18,198","18,198","18,198","18,198","2,19%"
"06.12.2021","17,808","17,808","17,808","17,808","1,40%"
"03.12.2021","17,562","17,562","17,562","17,562","-0,93%"
"02.12.2021","17,726","17,726","17,726","17,726","1,53%"
"01.12.2021","17,459","17,459","17,459","17,459","-0,90%"
"30.11.2021","17,618","17,618","17,618","17,618","-2,39%"
"29.11.2021","18,049","18,049","18,049","18,049","1,69%"
"26.11.2021","17,749","17,749","17,749","17,749","-3,26%"
"25.11.2021","18,347","18,347","18,347","18,347","-0,01%"
"24.11.2021","18,348","18,348","18,348","18,348","0,63%"
"23.11.2021","18,234","18,234","18,234","18,234","0,04%"
"22.11.2021","18,226","18,226","18,226","18,226","0,17%"
"19.11.2021","18,195","18,195","18,195","18,195","0,59%"
"18.11.2021","18,088","18,088","18,088","18,088","-0,11%"
"17.11.2021","18,108","18,108","18,108","18,108","-0,31%"
"16.11.2021","18,165","18,165","18,165","18,165","0,83%"
"15.11.2021","18,016","18,016","18,016","18,016","0,72%"
"12.11.2021","17,887","17,887","17,887","17,887","0,73%"
"11.11.2021","17,757","17,757","17,757","17,757","0,33%"
"10.11.2021","17,699","17,699","17,699","17,699","0,22%"
"09.11.2021","17,661","17,661","17,661","17,661","-0,39%"
"08.11.2021","17,730","17,730","17,730","17,730","-0,11%"
"05.11.2021","17,750","17,750","17,750","17,750","0,25%"
"04.11.2021","17,706","17,706","17,706","17,706","0,95%"
"03.11.2021","17,540","17,540","17,540","17,540","0,34%"
"02.11.2021","17,480","17,480","17,480","17,480","0,58%"
"01.11.2021","17,379","17,379","17,379","17,379","-0,20%"
"29.10.2021","17,414","17,414","17,414","17,414","1,23%"
"28.10.2021","17,202","17,202","17,202","17,202","0,29%"
"27.10.2021","17,152","17,152","17,152","17,152","-0,50%"
"26.10.2021","17,239","17,239","17,239","17,239","0,29%"
"25.10.2021","17,190","17,190","17,190","17,190","0,74%"
"22.10.2021","17,063","17,063","17,063","17,063","-0,27%"
"21.10.2021","17,110","17,110","17,110","17,110","0,54%"
"20.10.2021","17,018","17,018","17,018","17,018","0,22%"
"19.10.2021","16,980","16,980","16,980","16,980","0,53%"
"18.10.2021","16,891","16,891","16,891","16,891","0,27%"
"15.10.2021","16,845","16,845","16,845","16,845","0,68%"
"14.10.2021","16,732","16,732","16,732","16,732","1,68%"
"13.10.2021","16,456","16,456","16,456","16,456","-0,24%"
"12.10.2021","16,495","16,495","16,495","16,495","-0,07%"
"11.10.2021","16,507","16,507","16,507","16,507","-0,51%"
"08.10.2021","16,591","16,591","16,591","16,591","-0,32%"
"07.10.2021","16,645","16,645","16,645","16,645","0,88%"
"06.10.2021","16,500","16,500","16,500","16,500","0,74%"
"05.10.2021","16,378","16,378","16,378","16,378","1,25%"
"04.10.2021","16,176","16,176","16,176","16,176","-1,47%"
"01.10.2021","16,418","16,418","16,418","16,418","1,03%"
"30.09.2021","16,251","16,251","16,251","16,251","-1,12%"
"29.09.2021","16,435","16,435","16,435","16,435","0,97%"
"28.09.2021","16,277","16,277","16,277","16,277","-1,92%"
"27.09.2021","16,595","16,595","16,595","16,595","-0,13%"
"24.09.2021","16,616","16,616","16,616","16,616","0,36%"
"23.09.2021","16,556","16,556","16,556","16,556","0,82%"
"22.09.2021","16,421","16,421","16,421","16,421","1,23%"
"21.09.2021","16,222","16,222","16,222","16,222","-0,07%"
"20.09.2021","16,234","16,234","16,234","16,234","-1,68%"
"17.09.2021","16,511","16,511","16,511","16,511","-0,58%"
"16.09.2021","16,608","16,608","16,608","16,608","0,25%"
"15.09.2021","16,567","16,567","16,567","16,567","0,75%"
"14.09.2021","16,444","16,444","16,444","16,444","-0,53%"
"13.09.2021","16,532","16,532","16,532","16,532","0,27%"
"10.09.2021","16,487","16,487","16,487","16,487","-0,65%"
"09.09.2021","16,595","16,595","16,595","16,595","-0,50%"
"08.09.2021","16,678","16,678","16,678","16,678","0,04%"
"07.09.2021","16,671","16,671","16,671","16,671","-0,01%"
"06.09.2021","16,672","16,672","16,672","16,672","0,00%"
"03.09.2021","16,672","16,672","16,672","16,672","-0,08%"
"02.09.2021","16,685","16,685","16,685","16,685","-0,01%"
"01.09.2021","16,686","16,686","16,686","16,686","-0,22%"
"31.08.2021","16,723","16,723","16,723","16,723","-0,20%"
"30.08.2021","16,756","16,756","16,756","16,756","0,41%"
"27.08.2021","16,688","16,688","16,688","16,688","0,51%"
"26.08.2021","16,603","16,603","16,603","16,603","-0,43%"
"25.08.2021","16,675","16,675","16,675","16,675","0,11%"
"24.08.2021","16,657","16,657","16,657","16,657","0,07%"
"23.08.2021","16,646","16,646","16,646","16,646","0,48%"
"20.08.2021","16,567","16,567","16,567","16,567","0,56%"
"19.08.2021","16,474","16,474","16,474","16,474","0,46%"
"18.08.2021","16,399","16,399","16,399","16,399","-1,05%"
"17.08.2021","16,573","16,573","16,573","16,573","-0,14%"
"16.08.2021","16,597","16,597","16,597","16,597","0,42%"
"13.08.2021","16,527","16,527","16,527","16,527","-0,37%"
"12.08.2021","16,588","16,588","16,588","16,588","0,38%"
"11.08.2021","16,525","16,525","16,525","16,525","0,05%"
"10.08.2021","16,517","16,517","16,517","16,517","0,24%"
"09.08.2021","16,477","16,477","16,477","16,477","0,11%"
"06.08.2021","16,459","16,459","16,459","16,459","0,83%"
"05.08.2021","16,324","16,324","16,324","16,324","0,62%"
"04.08.2021","16,224","16,224","16,224","16,224","-0,23%"
"03.08.2021","16,262","16,262","16,262","16,262","0,86%"
"02.08.2021","16,124","16,124","16,124","16,124","-0,25%"
"30.07.2021","16,165","16,165","16,165","16,165","-0,31%"
"29.07.2021","16,215","16,215","16,215","16,215","0,08%"
"28.07.2021","16,202","16,202","16,202","16,202","-0,24%"
"27.07.2021","16,241","16,241","16,241","16,241","-0,60%"
"26.07.2021","16,339","16,339","16,339","16,339","-0,04%"
"23.07.2021","16,345","16,345","16,345","16,345","0,99%"
"22.07.2021","16,184","16,184","16,184","16,184","0,46%"
"21.07.2021","16,110","16,110","16,110","16,110","0,66%"
"20.07.2021","16,005","16,005","16,005","16,005","1,64%"
"19.07.2021","15,746","15,746","15,746","15,746","-1,51%"
"16.07.2021","15,987","15,987","15,987","15,987","-0,69%"
"15.07.2021","16,098","16,098","16,098","16,098","-0,13%"
"14.07.2021","16,119","16,119","16,119","16,119","-0,36%"
"13.07.2021","16,178","16,178","16,178","16,178","0,35%"
"12.07.2021","16,122","16,122","16,122","16,122","0,51%"
"09.07.2021","16,040","16,040","16,040","16,040","0,86%"
"08.07.2021","15,904","15,904","15,904","15,904","-1,28%"
"07.07.2021","16,110","16,110","16,110","16,110","0,58%"
"06.07.2021","16,017","16,017","16,017","16,017","0,15%"
"05.07.2021","15,993","15,993","15,993","15,993","0,00%"
"02.07.2021","15,993","15,993","15,993","15,993","0,59%"
"01.07.2021","15,899","15,899","15,899","15,899","0,63%"
"30.06.2021","15,800","15,800","15,800","15,800","0,49%"
"29.06.2021","15,723","15,723","15,723","15,723","0,24%"
"28.06.2021","15,686","15,686","15,686","15,686","0,36%"
"25.06.2021","15,629","15,629","15,629","15,629","0,27%"
"24.06.2021","15,587","15,587","15,587","15,587","0,50%"
"23.06.2021","15,510","15,510","15,510","15,510","0,03%"
"22.06.2021","15,506","15,506","15,506","15,506","0,32%"
"21.06.2021","15,456","15,456","15,456","15,456","0,97%"
"18.06.2021","15,308","15,308","15,308","15,308","-1,01%"
"17.06.2021","15,464","15,464","15,464","15,464","0,82%"
"16.06.2021","15,338","15,338","15,338","15,338","0,45%"
"15.06.2021","15,269","15,269","15,269","15,269","-0,24%"
"14.06.2021","15,306","15,306","15,306","15,306","0,10%"
"11.06.2021","15,291","15,291","15,291","15,291","0,71%"
"10.06.2021","15,183","15,183","15,183","15,183","0,50%"
"09.06.2021","15,107","15,107","15,107","15,107","-0,20%"
"08.06.2021","15,137","15,137","15,137","15,137","0,18%"
"07.06.2021","15,110","15,110","15,110","15,110","-0,28%"
"04.06.2021","15,153","15,153","15,153","15,153","0,55%"
"03.06.2021","15,070","15,070","15,070","15,070","0,31%"
"02.06.2021","15,024","15,024","15,024","15,024","0,23%"
"01.06.2021","14,989","14,989","14,989","14,989","0,01%"
"31.05.2021","14,988","14,988","14,988","14,988","-0,25%"
"28.05.2021","15,026","15,026","15,026","15,026","0,11%"
"27.05.2021","15,009","15,009","15,009","15,009","0,09%"
"26.05.2021","14,996","14,996","14,996","14,996","0,62%"
"25.05.2021","14,904","14,904","14,904","14,904","-0,45%"
"24.05.2021","14,972","14,972","14,972","14,972","0,75%"
"21.05.2021","14,861","14,861","14,861","14,861","0,24%"
"20.05.2021","14,825","14,825","14,825","14,825","0,63%"
"19.05.2021","14,732","14,732","14,732","14,732","0,14%"
"18.05.2021","14,711","14,711","14,711","14,711","-1,38%"
"17.05.2021","14,917","14,917","14,917","14,917","-0,37%"
"14.05.2021","14,973","14,973","14,973","14,973","1,01%"
"13.05.2021","14,824","14,824","14,824","14,824","1,15%"
"12.05.2021","14,656","14,656","14,656","14,656","-1,53%"
"11.05.2021","14,883","14,883","14,883","14,883","-0,93%"
"10.05.2021","15,022","15,022","15,022","15,022","-0,83%"
"07.05.2021","15,147","15,147","15,147","15,147","-0,11%"
"06.05.2021","15,163","15,163","15,163","15,163","0,34%"
"05.05.2021","15,111","15,111","15,111","15,111","0,15%"
"04.05.2021","15,088","15,088","15,088","15,088","-0,26%"
"03.05.2021","15,128","15,128","15,128","15,128","-0,06%"
"30.04.2021","15,137","15,137","15,137","15,137","0,14%"
"29.04.2021","15,116","15,116","15,116","15,116","0,69%"
"28.04.2021","15,013","15,013","15,013","15,013","-0,40%"
"27.04.2021","15,073","15,073","15,073","15,073","-0,02%"
"26.04.2021","15,076","15,076","15,076","15,076","0,25%"
"23.04.2021","15,038","15,038","15,038","15,038","0,39%"
"22.04.2021","14,980","14,980","14,980","14,980","-0,76%"
"21.04.2021","15,094","15,094","15,094","15,094","0,92%"
"20.04.2021","14,956","14,956","14,956","14,956","-0,64%"
"19.04.2021","15,053","15,053","15,053","15,053","-0,98%"
"16.04.2021","15,202","15,202","15,202","15,202","0,28%"
"15.04.2021","15,160","15,160","15,160","15,160","1,17%"
"14.04.2021","14,985","14,985","14,985","14,985","-0,62%"
"13.04.2021","15,079","15,079","15,079","15,079","-0,02%"
"12.04.2021","15,082","15,082","15,082","15,082","-0,08%"
"09.04.2021","15,094","15,094","15,094","15,094","0,84%"
"08.04.2021","14,968","14,968","14,968","14,968","0,10%"
"07.04.2021","14,953","14,953","14,953","14,953","0,16%"
"06.04.2021","14,929","14,929","14,929","14,929","-0,61%"
"05.04.2021","15,020","15,020","15,020","15,020","1,14%"
"02.04.2021","14,850","14,850","14,850","14,850","0,00%"
"01.04.2021","14,850","14,850","14,850","14,850","0,74%"
"31.03.2021","14,741","14,741","14,741","14,741","0,31%"
"30.03.2021","14,695","14,695","14,695","14,695","0,07%"
"29.03.2021","14,684","14,684","14,684","14,684","0,19%"
"26.03.2021","14,656","14,656","14,656","14,656","1,36%"
"25.03.2021","14,459","14,459","14,459","14,459","0,93%"
"24.03.2021","14,326","14,326","14,326","14,326","-0,21%"
"23.03.2021","14,356","14,356","14,356","14,356","-0,08%"
"22.03.2021","14,368","14,368","14,368","14,368","0,46%"
"19.03.2021","14,302","14,302","14,302","14,302","0,02%"
"18.03.2021","14,299","14,299","14,299","14,299","-0,93%"
"17.03.2021","14,433","14,433","14,433","14,433","-0,34%"
"16.03.2021","14,482","14,482","14,482","14,482","0,04%"
"15.03.2021","14,476","14,476","14,476","14,476","0,93%"
"12.03.2021","14,342","14,342","14,342","14,342","0,36%"
"11.03.2021","14,291","14,291","14,291","14,291","0,51%"
"10.03.2021","14,218","14,218","14,218","14,218","0,40%"
"09.03.2021","14,162","14,162","14,162","14,162","0,92%"
"08.03.2021","14,033","14,033","14,033","14,033","0,06%"
"05.03.2021","14,024","14,024","14,024","14,024","2,39%"
"04.03.2021","13,697","13,697","13,697","13,697","-0,55%"
"03.03.2021","13,773","13,773","13,773","13,773","-1,08%"
"02.03.2021","13,924","13,924","13,924","13,924","-1,16%"
"01.03.2021","14,087","14,087","14,087","14,087","2,53%"
"26.02.2021","13,740","13,740","13,740","13,740","0,35%"
"25.02.2021","13,692","13,692","13,692","13,692","-2,40%"
"24.02.2021","14,028","14,028","14,028","14,028","0,96%"
"23.02.2021","13,894","13,894","13,894","13,894","0,17%"
"22.02.2021","13,871","13,871","13,871","13,871","-1,05%"
"19.02.2021","14,018","14,018","14,018","14,018","-0,37%"
"18.02.2021","14,070","14,070","14,070","14,070","-0,85%"
"17.02.2021","14,190","14,190","14,190","14,190","0,55%"
"16.02.2021","14,112","14,112","14,112","14,112","0,01%"
"15.02.2021","14,111","14,111","14,111","14,111","0,00%"
"12.02.2021","14,111","14,111","14,111","14,111","0,58%"
"11.02.2021","14,030","14,030","14,030","14,030","0,10%"
"10.02.2021","14,016","14,016","14,016","14,016","-0,06%"
"09.02.2021","14,025","14,025","14,025","14,025","-0,64%"
"08.02.2021","14,115","14,115","14,115","14,115","0,71%"
"05.02.2021","14,015","14,015","14,015","14,015","-0,28%"
"04.02.2021","14,054","14,054","14,054","14,054","1,62%"
"03.02.2021","13,830","13,830","13,830","13,830","0,14%"
"02.02.2021","13,810","13,810","13,810","13,810","1,55%"
"01.02.2021","13,599","13,599","13,599","13,599","2,25%"
"29.01.2021","13,300","13,300","13,300","13,300","-2,01%"
"28.01.2021","13,573","13,573","13,573","13,573","0,84%"
"27.01.2021","13,460","13,460","13,460","13,460","-2,04%"
"26.01.2021","13,741","13,741","13,741","13,741","-0,37%"
"25.01.2021","13,792","13,792","13,792","13,792","0,56%"
"22.01.2021","13,715","13,715","13,715","13,715","-0,29%"
"21.01.2021","13,755","13,755","13,755","13,755","-0,45%"
"20.01.2021","13,817","13,817","13,817","13,817","1,54%"
"19.01.2021","13,608","13,608","13,608","13,608","0,41%"
"18.01.2021","13,553","13,553","13,553","13,553","0,00%"
"15.01.2021","13,553","13,553","13,553","13,553","0,00%"
"14.01.2021","13,553","13,553","13,553","13,553","-0,43%"
"13.01.2021","13,611","13,611","13,611","13,611","0,64%"
"12.01.2021","13,525","13,525","13,525","13,525","-0,37%"
"11.01.2021","13,575","13,575","13,575","13,575","-0,09%"
"08.01.2021","13,587","13,587","13,587","13,587","0,88%"
"07.01.2021","13,469","13,469","13,469","13,469","1,99%"
"06.01.2021","13,206","13,206","13,206","13,206","0,32%"
"05.01.2021","13,164","13,164","13,164","13,164","0,34%"
"04.01.2021","13,119","13,119","13,119","13,119","-1,74%"
"31.12.2020","13,351","13,351","13,351","13,351","1,27%"
"30.12.2020","13,183","13,183","13,183","13,183","-0,20%"
"29.12.2020","13,209","13,209","13,209","13,209","-0,52%"
"28.12.2020","13,278","13,278","13,278","13,278","0,62%"
"24.12.2020","13,196","13,196","13,196","13,196","0,45%"
"23.12.2020","13,137","13,137","13,137","13,137","-0,21%"
"22.12.2020","13,165","13,165","13,165","13,165","0,40%"
"21.12.2020","13,113","13,113","13,113","13,113","-0,27%"
"18.12.2020","13,149","13,149","13,149","13,149","-0,20%"
"17.12.2020","13,176","13,176","13,176","13,176","-0,06%"
"16.12.2020","13,184","13,184","13,184","13,184","-0,03%"
"15.12.2020","13,188","13,188","13,188","13,188","1,21%"
"14.12.2020","13,030","13,030","13,030","13,030","-0,70%"
"11.12.2020","13,122","13,122","13,122","13,122","0,07%"
"10.12.2020","13,113","13,113","13,113","13,113","-0,61%"
"09.12.2020","13,193","13,193","13,193","13,193","-0,57%"
"08.12.2020","13,268","13,268","13,268","13,268","0,30%"
"07.12.2020","13,228","13,228","13,228","13,228","-0,05%"
"04.12.2020","13,234","13,234","13,234","13,234","1,02%"
"03.12.2020","13,100","13,100","13,100","13,100","-0,40%"
"02.12.2020","13,152","13,152","13,152","13,152","-0,08%"
"01.12.2020","13,162","13,162","13,162","13,162","-0,08%"
"30.11.2020","13,172","13,172","13,172","13,172","-0,17%"
"27.11.2020","13,194","13,194","13,194","13,194","-0,07%"
"26.11.2020","13,203","13,203","13,203","13,203","0,00%"
"25.11.2020","13,203","13,203","13,203","13,203","-0,46%"
"24.11.2020","13,264","13,264","13,264","13,264","1,20%"
"23.11.2020","13,107","13,107","13,107","13,107","0,74%"
"20.11.2020","13,011","13,011","13,011","13,011","-0,51%"
"19.11.2020","13,078","13,078","13,078","13,078","0,19%"
"18.11.2020","13,053","13,053","13,053","13,053","-1,04%"
"17.11.2020","13,190","13,190","13,190","13,190","-0,58%"
"16.11.2020","13,267","13,267","13,267","13,267","1,01%"
"13.11.2020","13,134","13,134","13,134","13,134","1,14%"
"12.11.2020","12,986","12,986","12,986","12,986","-1,21%"
"11.11.2020","13,145","13,145","13,145","13,145","0,98%"
"10.11.2020","13,018","13,018","13,018","13,018","-0,06%"
"09.11.2020","13,026","13,026","13,026","13,026","1,73%"
"06.11.2020","12,805","12,805","12,805","12,805","-0,46%"
"05.11.2020","12,864","12,864","12,864","12,864","1,01%"
"04.11.2020","12,736","12,736","12,736","12,736","2,06%"
"03.11.2020","12,479","12,479","12,479","12,479","1,22%"
"02.11.2020","12,328","12,328","12,328","12,328","1,30%"
"30.10.2020","12,170","12,170","12,170","12,170","-0,98%"
"29.10.2020","12,290","12,290","12,290","12,290","1,80%"
"28.10.2020","12,073","12,073","12,073","12,073","-3,07%"
"27.10.2020","12,455","12,455","12,455","12,455","-0,19%"
"26.10.2020","12,479","12,479","12,479","12,479","-1,40%"
"23.10.2020","12,656","12,656","12,656","12,656","-0,04%"
"22.10.2020","12,661","12,661","12,661","12,661","0,88%"
"21.10.2020","12,551","12,551","12,551","12,551","-0,51%"
"20.10.2020","12,615","12,615","12,615","12,615","-0,01%"
"19.10.2020","12,616","12,616","12,616","12,616","-2,03%"
"16.10.2020","12,877","12,877","12,877","12,877","-0,10%"
"15.10.2020","12,890","12,890","12,890","12,890","0,24%"
"14.10.2020","12,859","12,859","12,859","12,859","-0,68%"
"13.10.2020","12,947","12,947","12,947","12,947","1,64%"
"09.10.2020","12,738","12,738","12,738","12,738","0,33%"
"08.10.2020","12,696","12,696","12,696","12,696","0,85%"
"07.10.2020","12,589","12,589","12,589","12,589","1,61%"
"06.10.2020","12,389","12,389","12,389","12,389","-1,11%"
"05.10.2020","12,528","12,528","12,528","12,528","1,17%"
"02.10.2020","12,383","12,383","12,383","12,383","-0,63%"
"01.10.2020","12,461","12,461","12,461","12,461","0,31%"
"30.09.2020","12,422","12,422","12,422","12,422","0,94%"
"29.09.2020","12,306","12,306","12,306","12,306","-1,05%"
"28.09.2020","12,437","12,437","12,437","12,437","1,23%"
"25.09.2020","12,286","12,286","12,286","12,286","1,94%"
"24.09.2020","12,052","12,052","12,052","12,052","0,26%"
"23.09.2020","12,021","12,021","12,021","12,021","-1,94%"
"22.09.2020","12,259","12,259","12,259","12,259","1,49%"
"21.09.2020","12,079","12,079","12,079","12,079","-0,45%"
"18.09.2020","12,133","12,133","12,133","12,133","-1,08%"
"17.09.2020","12,266","12,266","12,266","12,266","-1,24%"
"16.09.2020","12,420","12,420","12,420","12,420","-0,08%"
"15.09.2020","12,430","12,430","12,430","12,430","0,69%"
"14.09.2020","12,345","12,345","12,345","12,345","1,09%"
"11.09.2020","12,212","12,212","12,212","12,212","-0,17%"
"10.09.2020","12,233","12,233","12,233","12,233","-1,82%"
"09.09.2020","12,460","12,460","12,460","12,460","1,78%"
"08.09.2020","12,242","12,242","12,242","12,242","-2,46%"
"07.09.2020","12,551","12,551","12,551","12,551","0,25%"
"04.09.2020","12,520","12,520","12,520","12,520","-0,70%"
"03.09.2020","12,608","12,608","12,608","12,608","-3,57%"
"02.09.2020","13,075","13,075","13,075","13,075","2,12%"
"01.09.2020","12,804","12,804","12,804","12,804","0,94%"
"31.08.2020","12,685","12,685","12,685","12,685","-0,51%"
"28.08.2020","12,750","12,750","12,750","12,750","0,00%"
"27.08.2020","12,750","12,750","12,750","12,750","0,24%"
"26.08.2020","12,719","12,719","12,719","12,719","1,06%"
"25.08.2020","12,586","12,586","12,586","12,586","0,01%"
"24.08.2020","12,585","12,585","12,585","12,585","1,05%"
"21.08.2020","12,454","12,454","12,454","12,454","0,90%"
"20.08.2020","12,343","12,343","12,343","12,343","0,16%"
"19.08.2020","12,323","12,323","12,323","12,323","0,33%"
"18.08.2020","12,282","12,282","12,282","12,282","-0,28%"
"17.08.2020","12,317","12,317","12,317","12,317","-0,01%"
"14.08.2020","12,318","12,318","12,318","12,318","-0,26%"
"13.08.2020","12,350","12,350","12,350","12,350","-0,36%"
"12.08.2020","12,394","12,394","12,394","12,394","0,94%"
"11.08.2020","12,279","12,279","12,279","12,279","-0,70%"
"10.08.2020","12,366","12,366","12,366","12,366","0,63%"
"07.08.2020","12,289","12,289","12,289","12,289","0,82%"
"06.08.2020","12,189","12,189","12,189","12,189","0,51%"
"05.08.2020","12,127","12,127","12,127","12,127","0,17%"
"04.08.2020","12,107","12,107","12,107","12,107","0,03%"
"03.08.2020","12,103","12,103","12,103","12,103","0,87%"
"31.07.2020","11,999","11,999","11,999","11,999","1,28%"
"30.07.2020","11,847","11,847","11,847","11,847","-0,90%"
"29.07.2020","11,955","11,955","11,955","11,955","0,70%"
"28.07.2020","11,872","11,872","11,872","11,872","-0,38%"
"27.07.2020","11,917","11,917","11,917","11,917","-0,15%"
"24.07.2020","11,935","11,935","11,935","11,935","-1,03%"
"23.07.2020","12,059","12,059","12,059","12,059","-1,37%"
"22.07.2020","12,226","12,226","12,226","12,226","0,14%"
"21.07.2020","12,209","12,209","12,209","12,209","-0,51%"
"20.07.2020","12,271","12,271","12,271","12,271","0,76%"
"17.07.2020","12,178","12,178","12,178","12,178","-0,18%"
"16.07.2020","12,200","12,200","12,200","12,200","-0,11%"
"15.07.2020","12,214","12,214","12,214","12,214","0,74%"
"14.07.2020","12,124","12,124","12,124","12,124","0,97%"
"13.07.2020","12,008","12,008","12,008","12,008","-1,36%"
"10.07.2020","12,174","12,174","12,174","12,174","0,93%"
"09.07.2020","12,062","12,062","12,062","12,062","-0,15%"
"08.07.2020","12,080","12,080","12,080","12,080","0,26%"
"07.07.2020","12,049","12,049","12,049","12,049","-0,73%"
"06.07.2020","12,138","12,138","12,138","12,138","0,91%"
"03.07.2020","12,028","12,028","12,028","12,028","0,00%"
"02.07.2020","12,028","12,028","12,028","12,028","0,59%"
"01.07.2020","11,958","11,958","11,958","11,958","0,35%"
"30.06.2020","11,916","11,916","11,916","11,916","1,57%"
"29.06.2020","11,732","11,732","11,732","11,732","1,40%"
"26.06.2020","11,570","11,570","11,570","11,570","-2,45%"
"25.06.2020","11,861","11,861","11,861","11,861","1,36%"
"24.06.2020","11,702","11,702","11,702","11,702","-2,12%"
"23.06.2020","11,955","11,955","11,955","11,955","-0,01%"
"22.06.2020","11,956","11,956","11,956","11,956","0,07%"
"19.06.2020","11,948","11,948","11,948","11,948","-0,45%"
"18.06.2020","12,002","12,002","12,002","12,002","0,37%"
"17.06.2020","11,958","11,958","11,958","11,958","-0,15%"
"16.06.2020","11,976","11,976","11,976","11,976","2,39%"
"15.06.2020","11,697","11,697","11,697","11,697","0,31%"
"12.06.2020","11,661","11,661","11,661","11,661","1,72%"
"11.06.2020","11,464","11,464","11,464","11,464","-5,13%"
"10.06.2020","12,084","12,084","12,084","12,084","-0,96%"
"09.06.2020","12,201","12,201","12,201","12,201","-1,12%"
"08.06.2020","12,339","12,339","12,339","12,339","1,14%"
"05.06.2020","12,200","12,200","12,200","12,200","2,96%"
"04.06.2020","11,849","11,849","11,849","11,849","-1,11%"
"03.06.2020","11,982","11,982","11,982","11,982","0,70%"
"02.06.2020","11,899","11,899","11,899","11,899","0,53%"
"01.06.2020","11,836","11,836","11,836","11,836","0,08%"
"29.05.2020","11,826","11,826","11,826","11,826","0,23%"
"28.05.2020","11,799","11,799","11,799","11,799","-0,86%"
"27.05.2020","11,901","11,901","11,901","11,901","1,35%"
"26.05.2020","11,743","11,743","11,743","11,743","0,43%"
"25.05.2020","11,693","11,693","11,693","11,693","0,06%"
"22.05.2020","11,686","11,686","11,686","11,686","0,68%"
"21.05.2020","11,607","11,607","11,607","11,607","-0,49%"
"20.05.2020","11,664","11,664","11,664","11,664","1,16%"
"19.05.2020","11,530","11,530","11,530","11,530","-1,07%"
"18.05.2020","11,655","11,655","11,655","11,655","2,17%"
"15.05.2020","11,408","11,408","11,408","11,408","0,25%"
"14.05.2020","11,379","11,379","11,379","11,379","1,32%"
"13.05.2020","11,231","11,231","11,231","11,231","-1,41%"
"12.05.2020","11,392","11,392","11,392","11,392","-2,37%"
"11.05.2020","11,669","11,669","11,669","11,669","0,21%"
"08.05.2020","11,645","11,645","11,645","11,645","1,64%"
"07.05.2020","11,457","11,457","11,457","11,457","0,82%"
"06.05.2020","11,364","11,364","11,364","11,364","-0,17%"
"05.05.2020","11,383","11,383","11,383","11,383","1,36%"
"04.05.2020","11,230","11,230","11,230","11,230","-1,85%"
"01.05.2020","11,442","11,442","11,442","11,442","0,01%"
"30.04.2020","11,441","11,441","11,441","11,441","-1,69%"
"29.04.2020","11,638","11,638","11,638","11,638","2,28%"
"28.04.2020","11,379","11,379","11,379","11,379","-0,53%"
"27.04.2020","11,440","11,440","11,440","11,440","1,27%"
"24.04.2020","11,296","11,296","11,296","11,296","1,14%"
"23.04.2020","11,169","11,169","11,169","11,169","0,29%"
"22.04.2020","11,137","11,137","11,137","11,137","2,69%"
"21.04.2020","10,845","10,845","10,845","10,845","-3,08%"
"20.04.2020","11,190","11,190","11,190","11,190","-1,70%"
"17.04.2020","11,384","11,384","11,384","11,384","2,48%"
"16.04.2020","11,108","11,108","11,108","11,108","1,19%"
"15.04.2020","10,977","10,977","10,977","10,977","-1,57%"
"14.04.2020","11,152","11,152","11,152","11,152","2,42%"
"13.04.2020","10,888","10,888","10,888","10,888","-0,82%"
"10.04.2020","10,978","10,978","10,978","10,978","0,00%"
"09.04.2020","10,978","10,978","10,978","10,978","0,72%"
"08.04.2020","10,900","10,900","10,900","10,900","3,92%"
"07.04.2020","10,489","10,489","10,489","10,489","-1,13%"
"06.04.2020","10,609","10,609","10,609","10,609","7,12%"
"03.04.2020","9,904","9,904","9,904","9,904","-1,14%"
"02.04.2020","10,018","10,018","10,018","10,018","3,30%"
"01.04.2020","9,698","9,698","9,698","9,698","-3,77%"
"31.03.2020","10,078","10,078","10,078","10,078","-1,39%"
"30.03.2020","10,220","10,220","10,220","10,220","4,23%"
"27.03.2020","9,805","9,805","9,805","9,805","-4,33%"
"26.03.2020","10,249","10,249","10,249","10,249","4,78%"
"25.03.2020","9,781","9,781","9,781","9,781","0,28%"
"24.03.2020","9,754","9,754","9,754","9,754","8,79%"
"23.03.2020","8,966","8,966","8,966","8,966","-3,21%"
"20.03.2020","9,263","9,263","9,263","9,263","-4,34%"
"19.03.2020","9,683","9,683","9,683","9,683","2,50%"
"18.03.2020","9,447","9,447","9,447","9,447","-4,34%"
"17.03.2020","9,876","9,876","9,876","9,876","7,61%"
"16.03.2020","9,178","9,178","9,178","9,178","-12,47%"
"13.03.2020","10,486","10,486","10,486","10,486","10,08%"
"12.03.2020","9,526","9,526","9,526","9,526","-8,83%"
"11.03.2020","10,449","10,449","10,449","10,449","-4,78%"
"10.03.2020","10,973","10,973","10,973","10,973","6,48%"
"09.03.2020","10,305","10,305","10,305","10,305","-8,71%"
"06.03.2020","11,288","11,288","11,288","11,288","-2,41%"
"05.03.2020","11,567","11,567","11,567","11,567","-4,14%"
"04.03.2020","12,066","12,066","12,066","12,066","4,59%"
"03.03.2020","11,536","11,536","11,536","11,536","-3,14%"
"02.03.2020","11,910","11,910","11,910","11,910","3,66%"
"28.02.2020","11,490","11,490","11,490","11,490","-1,21%"
"27.02.2020","11,631","11,631","11,631","11,631","-5,36%"
"26.02.2020","12,290","12,290","12,290","12,290","-0,39%"
"25.02.2020","12,338","12,338","12,338","12,338","-3,28%"
"24.02.2020","12,756","12,756","12,756","12,756","-3,33%"
"21.02.2020","13,195","13,195","13,195","13,195","-1,59%"
"20.02.2020","13,408","13,408","13,408","13,408","-0,18%"
"19.02.2020","13,432","13,432","13,432","13,432","0,35%"
"18.02.2020","13,385","13,385","13,385","13,385","0,07%"
"17.02.2020","13,376","13,376","13,376","13,376","0,03%"
"14.02.2020","13,372","13,372","13,372","13,372","0,22%"
"13.02.2020","13,342","13,342","13,342","13,342","0,19%"
"12.02.2020","13,317","13,317","13,317","13,317","1,05%"
"11.02.2020","13,179","13,179","13,179","13,179","0,11%"
"10.02.2020","13,165","13,165","13,165","13,165","1,08%"
"07.02.2020","13,024","13,024","13,024","13,024","-0,25%"
"06.02.2020","13,056","13,056","13,056","13,056","0,52%"
"05.02.2020","12,989","12,989","12,989","12,989","1,55%"
"04.02.2020","12,791","12,791","12,791","12,791","1,62%"
"03.02.2020","12,587","12,587","12,587","12,587","0,97%"
"31.01.2020","12,466","12,466","12,466","12,466","-2,27%"
"30.01.2020","12,755","12,755","12,755","12,755","0,09%"
"29.01.2020","12,743","12,743","12,743","12,743","0,05%"
"28.01.2020","12,737","12,737","12,737","12,737","0,98%"
"27.01.2020","12,613","12,613","12,613","12,613","-1,48%"
"24.01.2020","12,802","12,802","12,802","12,802","-0,66%"
"23.01.2020","12,887","12,887","12,887","12,887","0,46%"
"22.01.2020","12,828","12,828","12,828","12,828","-0,01%"
"21.01.2020","12,829","12,829","12,829","12,829","-0,18%"
"20.01.2020","12,852","12,852","12,852","12,852","-0,03%"
"17.01.2020","12,856","12,856","12,856","12,856","0,77%"
"16.01.2020","12,758","12,758","12,758","12,758","0,96%"
"15.01.2020","12,637","12,637","12,637","12,637","-0,02%"
"14.01.2020","12,640","12,640","12,640","12,640","-0,06%"
"13.01.2020","12,648","12,648","12,648","12,648","0,56%"
"10.01.2020","12,578","12,578","12,578","12,578","-0,41%"
"09.01.2020","12,630","12,630","12,630","12,630","0,72%"
"08.01.2020","12,540","12,540","12,540","12,540","0,79%"
"07.01.2020","12,442","12,442","12,442","12,442","0,17%"
"06.01.2020","12,421","12,421","12,421","12,421","0,06%"
"03.01.2020","12,413","12,413","12,413","12,413","-0,62%"
"02.01.2020","12,490","12,490","12,490","12,490","1,26%"
"01.01.2020","12,335","12,335","12,335","12,335","0,00%"
"31.12.2019","12,335","12,335","12,335","12,335","0,13%"
"30.12.2019","12,319","12,319","12,319","12,319","-0,76%"
"27.12.2019","12,413","12,413","12,413","12,413","-0,65%"
"26.12.2019","12,494","12,494","12,494","12,494","0,36%"
"25.12.2019","12,449","12,449","12,449","12,449","0,00%"
"24.12.2019","12,449","12,449","12,449","12,449","0,06%"
"23.12.2019","12,442","12,442","12,442","12,442","-0,07%"
"20.12.2019","12,451","12,451","12,451","12,451","0,92%"
"19.12.2019","12,338","12,338","12,338","12,338","0,41%"
"18.12.2019","12,288","12,288","12,288","12,288","0,21%"
"17.12.2019","12,262","12,262","12,262","12,262","0,01%"
"16.12.2019","12,261","12,261","12,261","12,261","0,47%"
"13.12.2019","12,204","12,204","12,204","12,204","0,15%"
"12.12.2019","12,186","12,186","12,186","12,186","0,94%"
"11.12.2019","12,073","12,073","12,073","12,073","-0,12%"
"10.12.2019","12,087","12,087","12,087","12,087","-0,36%"
"09.12.2019","12,131","12,131","12,131","12,131","-0,35%"
"06.12.2019","12,173","12,173","12,173","12,173","1,30%"
"05.12.2019","12,017","12,017","12,017","12,017","-0,03%"
"04.12.2019","12,021","12,021","12,021","12,021","0,64%"
"03.12.2019","11,944","11,944","11,944","11,944","-0,64%"
"02.12.2019","12,021","12,021","12,021","12,021","-1,43%"
"29.11.2019","12,195","12,195","12,195","12,195","-0,46%"
"28.11.2019","12,251","12,251","12,251","12,251","-0,07%"
"27.11.2019","12,260","12,260","12,260","12,260","0,62%"
"26.11.2019","12,184","12,184","12,184","12,184","0,12%"
"25.11.2019","12,170","12,170","12,170","12,170","0,85%"
"22.11.2019","12,067","12,067","12,067","12,067","0,55%"
"21.11.2019","12,001","12,001","12,001","12,001","0,00%"
"20.11.2019","12,001","12,001","12,001","12,001","-0,32%"
"19.11.2019","12,040","12,040","12,040","12,040","-0,08%"
"18.11.2019","12,050","12,050","12,050","12,050","-0,12%"
"15.11.2019","12,065","12,065","12,065","12,065","0,47%"
"14.11.2019","12,009","12,009","12,009","12,009","-0,02%"
"13.11.2019","12,011","12,011","12,011","12,011","0,09%"
"12.11.2019","12,000","12,000","12,000","12,000","0,37%"
"11.11.2019","11,956","11,956","11,956","11,956","-0,28%"
"08.11.2019","11,990","11,990","11,990","11,990","0,49%"
"07.11.2019","11,931","11,931","11,931","11,931","0,49%"
"06.11.2019","11,873","11,873","11,873","11,873","0,13%"
"05.11.2019","11,858","11,858","11,858","11,858","0,37%"
"04.11.2019","11,814","11,814","11,814","11,814","0,72%"
"01.11.2019","11,729","11,729","11,729","11,729","0,83%"
"31.10.2019","11,633","11,633","11,633","11,633","-0,31%"
"30.10.2019","11,669","11,669","11,669","11,669","-0,02%"
"29.10.2019","11,671","11,671","11,671","11,671","-0,20%"
"28.10.2019","11,694","11,694","11,694","11,694","0,39%"
"25.10.2019","11,648","11,648","11,648","11,648","0,58%"
"24.10.2019","11,581","11,581","11,581","11,581","0,48%"
"23.10.2019","11,526","11,526","11,526","11,526","0,27%"
"22.10.2019","11,495","11,495","11,495","11,495","-0,18%"
"21.10.2019","11,516","11,516","11,516","11,516","0,79%"
"18.10.2019","11,426","11,426","11,426","11,426","-0,71%"
"17.10.2019","11,508","11,508","11,508","11,508","-0,17%"
"16.10.2019","11,528","11,528","11,528","11,528","-0,55%"
"15.10.2019","11,592","11,592","11,592","11,592","0,91%"
"14.10.2019","11,487","11,487","11,487","11,487","-0,03%"
"11.10.2019","11,491","11,491","11,491","11,491","0,82%"
"10.10.2019","11,397","11,397","11,397","11,397","0,33%"
"09.10.2019","11,359","11,359","11,359","11,359","0,75%"
"08.10.2019","11,275","11,275","11,275","11,275","-1,37%"
"07.10.2019","11,432","11,432","11,432","11,432","-0,37%"
"04.10.2019","11,474","11,474","11,474","11,474","1,30%"
"03.10.2019","11,327","11,327","11,327","11,327","0,76%"
"02.10.2019","11,242","11,242","11,242","11,242","-2,01%"
"01.10.2019","11,473","11,473","11,473","11,473","-1,54%"
"30.09.2019","11,653","11,653","11,653","11,653","0,89%"
"27.09.2019","11,550","11,550","11,550","11,550","-0,71%"
"26.09.2019","11,633","11,633","11,633","11,633","-0,01%"
"25.09.2019","11,634","11,634","11,634","11,634","1,27%"
"24.09.2019","11,488","11,488","11,488","11,488","-1,04%"
"23.09.2019","11,609","11,609","11,609","11,609","0,22%"
"20.09.2019","11,583","11,583","11,583","11,583","-0,27%"
"19.09.2019","11,614","11,614","11,614","11,614","-0,09%"
"18.09.2019","11,624","11,624","11,624","11,624","0,38%"
"17.09.2019","11,580","11,580","11,580","11,580","-0,33%"
"16.09.2019","11,618","11,618","11,618","11,618","0,32%"
"13.09.2019","11,581","11,581","11,581","11,581","-0,16%"
"12.09.2019","11,600","11,600","11,600","11,600","-0,18%"
"11.09.2019","11,621","11,621","11,621","11,621","0,99%"
"10.09.2019","11,507","11,507","11,507","11,507","0,11%"
"09.09.2019","11,494","11,494","11,494","11,494","-0,21%"
"06.09.2019","11,518","11,518","11,518","11,518","0,18%"
"05.09.2019","11,497","11,497","11,497","11,497","1,27%"
"04.09.2019","11,353","11,353","11,353","11,353","0,50%"
"03.09.2019","11,296","11,296","11,296","11,296","-0,66%"
"02.09.2019","11,371","11,371","11,371","11,371","0,19%"
"30.08.2019","11,350","11,350","11,350","11,350","0,67%"
"29.08.2019","11,274","11,274","11,274","11,274","1,44%"
"28.08.2019","11,114","11,114","11,114","11,114","0,79%"
"27.08.2019","11,027","11,027","11,027","11,027","-0,27%"
"26.08.2019","11,057","11,057","11,057","11,057","1,49%"
"23.08.2019","10,895","10,895","10,895","10,895","-3,07%"
"22.08.2019","11,240","11,240","11,240","11,240","-0,03%"
"21.08.2019","11,243","11,243","11,243","11,243","0,98%"
"20.08.2019","11,134","11,134","11,134","11,134","-0,99%"
"19.08.2019","11,245","11,245","11,245","11,245","1,33%"
"16.08.2019","11,097","11,097","11,097","11,097","1,62%"
"15.08.2019","10,920","10,920","10,920","10,920","0,46%"
"14.08.2019","10,870","10,870","10,870","10,870","-2,55%"
"13.08.2019","11,154","11,154","11,154","11,154","1,81%"
"12.08.2019","10,956","10,956","10,956","10,956","-1,26%"
"09.08.2019","11,096","11,096","11,096","11,096","-0,78%"
"08.08.2019","11,183","11,183","11,183","11,183","2,04%"
"07.08.2019","10,959","10,959","10,959","10,959","0,01%"
"06.08.2019","10,958","10,958","10,958","10,958","1,29%"
"05.08.2019","10,818","10,818","10,818","10,818","-3,73%"
"02.08.2019","11,237","11,237","11,237","11,237","-0,85%"
"01.08.2019","11,333","11,333","11,333","11,333","-1,07%"
"31.07.2019","11,456","11,456","11,456","11,456","-0,31%"
"30.07.2019","11,492","11,492","11,492","11,492","-0,33%"
"29.07.2019","11,530","11,530","11,530","11,530","-0,35%"
"26.07.2019","11,570","11,570","11,570","11,570","0,90%"
"25.07.2019","11,467","11,467","11,467","11,467","-0,60%"
"24.07.2019","11,536","11,536","11,536","11,536","0,58%"
"23.07.2019","11,469","11,469","11,469","11,469","1,23%"
"22.07.2019","11,330","11,330","11,330","11,330","0,37%"
"19.07.2019","11,288","11,288","11,288","11,288","-0,12%"
"18.07.2019","11,302","11,302","11,302","11,302","-0,07%"
"17.07.2019","11,310","11,310","11,310","11,310","-0,79%"
"16.07.2019","11,400","11,400","11,400","11,400","0,09%"
"15.07.2019","11,390","11,390","11,390","11,390","0,14%"
"12.07.2019","11,374","11,374","11,374","11,374","0,33%"
"11.07.2019","11,337","11,337","11,337","11,337","0,21%"
"10.07.2019","11,313","11,313","11,313","11,313","0,04%"
"09.07.2019","11,308","11,308","11,308","11,308","0,16%"
"08.07.2019","11,290","11,290","11,290","11,290","-0,32%"
"05.07.2019","11,326","11,326","11,326","11,326","0,27%"
"04.07.2019","11,295","11,295","11,295","11,295","0,00%"
"03.07.2019","11,295","11,295","11,295","11,295","0,82%"
"02.07.2019","11,203","11,203","11,203","11,203","0,30%"
"01.07.2019","11,169","11,169","11,169","11,169","1,52%"
"28.06.2019","11,002","11,002","11,002","11,002","0,56%"
"27.06.2019","10,941","10,941","10,941","10,941","0,36%"
"26.06.2019","10,902","10,902","10,902","10,902","-0,09%"
"25.06.2019","10,912","10,912","10,912","10,912","-0,71%"
"24.06.2019","10,990","10,990","10,990","10,990","-0,36%"
"21.06.2019","11,030","11,030","11,030","11,030","-0,85%"
"20.06.2019","11,124","11,124","11,124","11,124","0,40%"
"19.06.2019","11,080","11,080","11,080","11,080","0,00%"
"18.06.2019","11,080","11,080","11,080","11,080","1,15%"
"17.06.2019","10,954","10,954","10,954","10,954","0,02%"
"14.06.2019","10,952","10,952","10,952","10,952","0,44%"
"13.06.2019","10,904","10,904","10,904","10,904","0,54%"
"12.06.2019","10,845","10,845","10,845","10,845","0,18%"
"11.06.2019","10,825","10,825","10,825","10,825","-0,16%"
"10.06.2019","10,842","10,842","10,842","10,842","0,62%"
"07.06.2019","10,775","10,775","10,775","10,775","0,52%"
"06.06.2019","10,719","10,719","10,719","10,719","0,18%"
"05.06.2019","10,700","10,700","10,700","10,700","1,12%"
"04.06.2019","10,582","10,582","10,582","10,582","2,02%"
"03.06.2019","10,372","10,372","10,372","10,372","-0,95%"
"31.05.2019","10,471","10,471","10,471","10,471","-1,59%"
"30.05.2019","10,640","10,640","10,640","10,640","0,21%"
"29.05.2019","10,618","10,618","10,618","10,618","-0,40%"
"28.05.2019","10,661","10,661","10,661","10,661","-0,58%"
"27.05.2019","10,723","10,723","10,723","10,723","0,12%"
"24.05.2019","10,710","10,710","10,710","10,710","-0,09%"
"23.05.2019","10,720","10,720","10,720","10,720","-1,41%"
"22.05.2019","10,873","10,873","10,873","10,873","-0,23%"
"21.05.2019","10,898","10,898","10,898","10,898","0,90%"
"20.05.2019","10,801","10,801","10,801","10,801","-0,72%"
"17.05.2019","10,879","10,879","10,879","10,879","-0,42%"
"16.05.2019","10,925","10,925","10,925","10,925","1,13%"
"15.05.2019","10,803","10,803","10,803","10,803","0,66%"
"14.05.2019","10,732","10,732","10,732","10,732","1,00%"
"13.05.2019","10,626","10,626","10,626","10,626","-2,38%"
"10.05.2019","10,885","10,885","10,885","10,885","0,28%"
"09.05.2019","10,855","10,855","10,855","10,855","-0,50%"
"08.05.2019","10,909","10,909","10,909","10,909","-0,21%"
"07.05.2019","10,932","10,932","10,932","10,932","-1,50%"
"06.05.2019","11,098","11,098","11,098","11,098","-0,45%"
"03.05.2019","11,148","11,148","11,148","11,148","0,72%"
"02.05.2019","11,068","11,068","11,068","11,068","-0,58%"
"30.04.2019","11,133","11,133","11,133","11,133","-0,18%"
"29.04.2019","11,153","11,153","11,153","11,153","-0,21%"
"26.04.2019","11,177","11,177","11,177","11,177","0,33%"
"25.04.2019","11,140","11,140","11,140","11,140","0,20%"
"24.04.2019","11,118","11,118","11,118","11,118","0,34%"
"23.04.2019","11,080","11,080","11,080","11,080","1,20%"
"22.04.2019","10,949","10,949","10,949","10,949","-0,16%"
"18.04.2019","10,966","10,966","10,966","10,966","0,80%"
"17.04.2019","10,879","10,879","10,879","10,879","-0,38%"
"16.04.2019","10,921","10,921","10,921","10,921","0,27%"
"15.04.2019","10,892","10,892","10,892","10,892","-0,16%"
"12.04.2019","10,909","10,909","10,909","10,909","0,33%"
"11.04.2019","10,873","10,873","10,873","10,873","0,12%"
"10.04.2019","10,860","10,860","10,860","10,860","0,30%"
"09.04.2019","10,828","10,828","10,828","10,828","-0,57%"
"08.04.2019","10,890","10,890","10,890","10,890","-0,30%"
"05.04.2019","10,923","10,923","10,923","10,923","0,51%"
"04.04.2019","10,868","10,868","10,868","10,868","0,33%"
"03.04.2019","10,832","10,832","10,832","10,832","-0,09%"
"02.04.2019","10,842","10,842","10,842","10,842","0,09%"
"01.04.2019","10,832","10,832","10,832","10,832","1,20%"
"29.03.2019","10,704","10,704","10,704","10,704","0,71%"
"28.03.2019","10,629","10,629","10,629","10,629","0,60%"
"27.03.2019","10,566","10,566","10,566","10,566","-0,29%"
"26.03.2019","10,597","10,597","10,597","10,597","1,12%"
"25.03.2019","10,480","10,480","10,480","10,480","-0,07%"
"22.03.2019","10,487","10,487","10,487","10,487","-1,35%"
"21.03.2019","10,630","10,630","10,630","10,630","1,42%"
"20.03.2019","10,481","10,481","10,481","10,481","-0,83%"
"19.03.2019","10,569","10,569","10,569","10,569","-0,13%"
"18.03.2019","10,583","10,583","10,583","10,583","0,27%"
"15.03.2019","10,554","10,554","10,554","10,554","0,31%"
"14.03.2019","10,521","10,521","10,521","10,521","0,13%"
"13.03.2019","10,507","10,507","10,507","10,507","0,35%"
"12.03.2019","10,470","10,470","10,470","10,470","-0,05%"
"11.03.2019","10,475","10,475","10,475","10,475","1,30%"
"08.03.2019","10,341","10,341","10,341","10,341","-0,62%"
"07.03.2019","10,406","10,406","10,406","10,406","0,35%"
"06.03.2019","10,370","10,370","10,370","10,370","-0,69%"
"05.03.2019","10,442","10,442","10,442","10,442","0,19%"
"04.03.2019","10,422","10,422","10,422","10,422","-0,17%"
"01.03.2019","10,440","10,440","10,440","10,440","0,76%"
"28.02.2019","10,361","10,361","10,361","10,361","-0,27%"
"27.02.2019","10,389","10,389","10,389","10,389","0,11%"
"26.02.2019","10,378","10,378","10,378","10,378","-0,33%"
"25.02.2019","10,412","10,412","10,412","10,412","-0,12%"
"22.02.2019","10,424","10,424","10,424","10,424","0,67%"
"21.02.2019","10,355","10,355","10,355","10,355","-0,33%"
"20.02.2019","10,389","10,389","10,389","10,389","0,23%"
"19.02.2019","10,365","10,365","10,365","10,365","-0,26%"
"18.02.2019","10,392","10,392","10,392","10,392","0,00%"
"15.02.2019","10,392","10,392","10,392","10,392","1,05%"
"14.02.2019","10,284","10,284","10,284","10,284","-0,45%"
"13.02.2019","10,330","10,330","10,330","10,330","0,87%"
"12.02.2019","10,241","10,241","10,241","10,241","0,81%"
"11.02.2019","10,159","10,159","10,159","10,159","0,47%"
"08.02.2019","10,111","10,111","10,111","10,111","0,28%"
"07.02.2019","10,083","10,083","10,083","10,083","-0,73%"
"06.02.2019","10,157","10,157","10,157","10,157","0,18%"
"05.02.2019","10,139","10,139","10,139","10,139","0,69%"
"04.02.2019","10,070","10,070","10,070","10,070","0,89%"
"01.02.2019","9,981","9,981","9,981","9,981","-0,03%"
"31.01.2019","9,984","9,984","9,984","9,984","1,14%"
"30.01.2019","9,871","9,871","9,871","9,871","1,18%"
"29.01.2019","9,756","9,756","9,756","9,756","-0,20%"
"28.01.2019","9,776","9,776","9,776","9,776","-0,89%"
"25.01.2019","9,864","9,864","9,864","9,864","-0,06%"
"24.01.2019","9,870","9,870","9,870","9,870","0,76%"
"23.01.2019","9,796","9,796","9,796","9,796","0,00%"
"22.01.2019","9,796","9,796","9,796","9,796","-1,29%"
"21.01.2019","9,924","9,924","9,924","9,924","-0,05%"
"18.01.2019","9,929","9,929","9,929","9,929","1,54%"
"17.01.2019","9,778","9,778","9,778","9,778","0,80%"
"16.01.2019","9,700","9,700","9,700","9,700","0,34%"
"15.01.2019","9,667","9,667","9,667","9,667","-2,72%"
"14.01.2019","9,937","9,937","9,937","9,937","-0,59%"
"11.01.2019","9,996","9,996","9,996","9,996","-0,03%"
"10.01.2019","9,999","9,999","9,999","9,999","0,00%"
"09.01.2019","9,999","9,999","9,999","9,999","0,00%"
"08.01.2019","9,999","9,999","9,999","9,999","0,00%"
"07.01.2019","9,999","9,999","9,999","9,999","0,00%"
"04.01.2019","9,999","9,999","9,999","9,999","0,00%"
"03.01.2019","9,999","9,999","9,999","9,999","0,00%"
"02.01.2019","9,999","9,999","9,999","9,999","0,00%"
"31.12.2018","9,999","9,999","9,999","9,999","0,00%"
"28.12.2018","9,999","9,999","9,999","9,999","0,00%"
"27.12.2018","9,999","9,999","9,999","9,999","0,00%"
"26.12.2018","9,999","9,999","9,999","9,999","0,00%"
"24.12.2018","9,999","9,999","9,999","9,999","0,00%"
"21.12.2018","9,999","9,999","9,999","9,999","0,00%"
"20.12.2018","9,999","9,999","9,999","9,999","0,00%"
"19.12.2018","9,999","9,999","9,999","9,999","0,00%"
"18.12.2018","9,999","9,999","9,999","9,999","0,00%"
"17.12.2018","9,999","9,999","9,999","9,999","0,00%"
"14.12.2018","9,999","9,999","9,999","9,999","0,00%"
"13.12.2018","9,999","9,999","9,999","9,999","0,00%"
"12.12.2018","9,999","9,999","9,999","9,999","0,00%"
"11.12.2018","9,999","9,999","9,999","9,999","0,00%"
"10.12.2018","9,999","9,999","9,999","9,999","0,00%"
"07.12.2018","9,999","9,999","9,999","9,999","0,00%"
"06.12.2018","9,999","9,999","9,999","9,999","0,00%"
"05.12.2018","9,999","9,999","9,999","9,999","0,00%"
"04.12.2018","9,999","9,999","9,999","9,999","0,00%"
"03.12.2018","9,999","9,999","9,999","9,999","0,00%"
"30.11.2018","9,999","9,999","9,999","9,999","0,00%"
"29.11.2018","9,999","9,999","9,999","9,999","0,00%"
"28.11.2018","9,999","9,999","9,999","9,999","0,00%"
"27.11.2018","9,999","9,999","9,999","9,999","0,00%"
"26.11.2018","9,999","9,999","9,999","9,999","0,00%"
"23.11.2018","9,999","9,999","9,999","9,999","0,00%"
"22.11.2018","9,999","9,999","9,999","9,999","0,00%"
"21.11.2018","9,999","9,999","9,999","9,999","0,00%"
"20.11.2018","9,999","9,999","9,999","9,999","0,00%"
"19.11.2018","9,999","9,999","9,999","9,999","0,00%"
"16.11.2018","9,999","9,999","9,999","9,999","0,00%"
"15.11.2018","9,999","9,999","9,999","9,999","0,00%"
"14.11.2018","9,999","9,999","9,999","9,999","0,00%"
"13.11.2018","9,999","9,999","9,999","9,999","0,00%"
"12.11.2018","9,999","9,999","9,999","9,999","0,04%"
"09.11.2018","9,995","9,995","9,995","9,995","0,00%"
"08.11.2018","9,995","9,995","9,995","9,995","0,00%"
"07.11.2018","9,995","9,995","9,995","9,995","-0,01%"
"06.11.2018","9,996","9,996","9,996","9,996","0,00%"
"05.11.2018","9,996","9,996","9,996","9,996","0,00%"
"02.11.2018","9,996","9,996","9,996","9,996","0,00%"
"01.11.2018","9,996","9,996","9,996","9,996","0,00%"
"31.10.2018","9,996","9,996","9,996","9,996","0,00%"
"30.10.2018","9,996","9,996","9,996","9,996","0,00%"
"29.10.2018","9,996","9,996","9,996","9,996","0,00%"
"26.10.2018","9,996","9,996","9,996","9,996","0,00%"
"25.10.2018","9,996","9,996","9,996","9,996","-0,01%"
"24.10.2018","9,997","9,997","9,997","9,997","0,00%"
"23.10.2018","9,997","9,997","9,997","9,997","0,00%"
"22.10.2018","9,997","9,997","9,997","9,997","0,02%"
"19.10.2018","9,995","9,995","9,995","9,995","0,00%"
"18.10.2018","9,995","9,995","9,995","9,995","0,00%"
"17.10.2018","9,995","9,995","9,995","9,995","-0,02%"
"16.10.2018","9,997","9,997","9,997","9,997","0,00%"
"15.10.2018","9,997","9,997","9,997","9,997","0,00%"
"11.10.2018","9,997","9,997","9,997","9,997","-0,01%"
"10.10.2018","9,998","9,998","9,998","9,998","0,00%"
"09.10.2018","9,998","9,998","9,998","9,998","0,00%"
"08.10.2018","9,998","9,998","9,998","9,998","0,00%"
"05.10.2018","9,998","9,998","9,998","9,998","0,00%"
"04.10.2018","9,998","9,998","9,998","9,998","0,00%"
"03.10.2018","9,998","9,998","9,998","9,998","0,00%"
"02.10.2018","9,998","9,998","9,998","9,998","0,00%"
"01.10.2018","9,998","9,998","9,998","9,998","0,00%"
"28.09.2018","9,998","9,998","9,998","9,998","0,00%"
"27.09.2018","9,998","9,998","9,998","9,998","0,00%"
"26.09.2018","9,998","9,998","9,998","9,998","0,00%"
"25.09.2018","9,998","9,998","9,998","9,998","0,00%"
"24.09.2018","9,998","9,998","9,998","9,998","-0,01%"
"21.09.2018","9,999","9,999","9,999","9,999","0,00%"
"20.09.2018","9,999","9,999","9,999","9,999","0,00%"
"19.09.2018","9,999","9,999","9,999","9,999","0,00%"
"18.09.2018","9,999","9,999","9,999","9,999","0,00%"
"17.09.2018","9,999","9,999","9,999","9,999","0,00%"
"14.09.2018","9,999","9,999","9,999","9,999","0,00%"
"13.09.2018","9,999","9,999","9,999","9,999","0,00%"
"12.09.2018","9,999","9,999","9,999","9,999","0,00%"
"11.09.2018","9,999","9,999","9,999","9,999","0,00%"
"10.09.2018","9,999","9,999","9,999","9,999","0,00%"
"07.09.2018","9,999","9,999","9,999","9,999","0,00%"
"06.09.2018","9,999","9,999","9,999","9,999","0,00%"
"05.09.2018","9,999","9,999","9,999","9,999","0,00%"
"04.09.2018","9,999","9,999","9,999","9,999","0,00%"
"03.09.2018","9,999","9,999","9,999","9,999","0,00%"
"31.08.2018","9,999","9,999","9,999","9,999","0,00%"
"30.08.2018","9,999","9,999","9,999","9,999","0,00%"
"29.08.2018","9,999","9,999","9,999","9,999","0,00%"
"28.08.2018","9,999","9,999","9,999","9,999","0,00%"
"27.08.2018","9,999","9,999","9,999","9,999","0,00%"
"24.08.2018","9,999","9,999","9,999","9,999","0,00%"
"23.08.2018","9,999","9,999","9,999","9,999","0,00%"
"22.08.2018","9,999","9,999","9,999","9,999","0,00%"
"21.08.2018","9,999","9,999","9,999","9,999","0,00%"
"20.08.2018","9,999","9,999","9,999","9,999","0,00%"
"17.08.2018","9,999","9,999","9,999","9,999","0,00%"
"16.08.2018","9,999","9,999","9,999","9,999","0,00%"
"15.08.2018","9,999","9,999","9,999","9,999","0,00%"
"14.08.2018","9,999","9,999","9,999","9,999","0,00%"
"13.08.2018","9,999","9,999","9,999","9,999","0,00%"
"10.08.2018","9,999","9,999","9,999","9,999","0,00%"
"09.08.2018","9,999","9,999","9,999","9,999","0,00%"
"08.08.2018","9,999","9,999","9,999","9,999","0,00%"
"07.08.2018","9,999","9,999","9,999","9,999","0,00%"
"06.08.2018","9,999","9,999","9,999","9,999","0,00%"
"03.08.2018","9,999","9,999","9,999","9,999","0,00%"
"02.08.2018","9,999","9,999","9,999","9,999","0,00%"
"01.08.2018","9,999","9,999","9,999","9,999","0,00%"
"31.07.2018","9,999","9,999","9,999","9,999","0,00%"
"30.07.2018","9,999","9,999","9,999","9,999","0,00%"
"27.07.2018","9,999","9,999","9,999","9,999","0,00%"
"26.07.2018","9,999","9,999","9,999","9,999","0,00%"
"25.07.2018","9,999","9,999","9,999","9,999","0,00%"
"24.07.2018","9,999","9,999","9,999","9,999","0,00%"
"23.07.2018","9,999","9,999","9,999","9,999","0,00%"
"20.07.2018","9,999","9,999","9,999","9,999","0,00%"
"19.07.2018","9,999","9,999","9,999","9,999","0,00%"
"18.07.2018","9,999","9,999","9,999","9,999","0,00%"
"17.07.2018","9,999","9,999","9,999","9,999","0,00%"
"16.07.2018","9,999","9,999","9,999","9,999","0,00%"
"13.07.2018","9,999","9,999","9,999","9,999","0,00%"
"12.07.2018","9,999","9,999","9,999","9,999","0,00%"
"11.07.2018","9,999","9,999","9,999","9,999","0,00%"
"10.07.2018","9,999","9,999","9,999","9,999","0,00%"
"09.07.2018","9,999","9,999","9,999","9,999","0,00%"
"06.07.2018","9,999","9,999","9,999","9,999","0,00%"
"05.07.2018","9,999","9,999","9,999","9,999","0,00%"
"04.07.2018","9,999","9,999","9,999","9,999","0,00%"
"03.07.2018","9,999","9,999","9,999","9,999","0,00%"
"02.07.2018","9,999","9,999","9,999","9,999","0,00%"
"29.06.2018","9,999","9,999","9,999","9,999","0,00%"
"28.06.2018","9,999","9,999","9,999","9,999","0,00%"
"27.06.2018","9,999","9,999","9,999","9,999","0,00%"
"26.06.2018","9,999","9,999","9,999","9,999","0,00%"
"25.06.2018","9,999","9,999","9,999","9,999","0,00%"
"22.06.2018","9,999","9,999","9,999","9,999","0,00%"
"21.06.2018","9,999","9,999","9,999","9,999","0,00%"
"20.06.2018","9,999","9,999","9,999","9,999","0,00%"
"19.06.2018","9,999","9,999","9,999","9,999","0,00%"
"18.06.2018","9,999","9,999","9,999","9,999","0,00%"
"15.06.2018","9,999","9,999","9,999","9,999","0,00%"
"14.06.2018","9,999","9,999","9,999","9,999","0,00%"
"13.06.2018","9,999","9,999","9,999","9,999","0,00%"
"12.06.2018","9,999","9,999","9,999","9,999","0,00%"
"11.06.2018","9,999","9,999","9,999","9,999","0,00%"
"08.06.2018","9,999","9,999","9,999","9,999","0,00%"
"07.06.2018","9,999","9,999","9,999","9,999","0,00%"
"06.06.2018","9,999","9,999","9,999","9,999","0,00%"
"05.06.2018","9,999","9,999","9,999","9,999","0,00%"
"04.06.2018","9,999","9,999","9,999","9,999","0,00%"
"01.06.2018","9,999","9,999","9,999","9,999","0,00%"
"31.05.2018","9,999","9,999","9,999","9,999","0,00%"
"30.05.2018","9,999","9,999","9,999","9,999","0,00%"
"29.05.2018","9,999","9,999","9,999","9,999","0,00%"
"28.05.2018","9,999","9,999","9,999","9,999","0,00%"
"25.05.2018","9,999","9,999","9,999","9,999","0,00%"
"24.05.2018","9,999","9,999","9,999","9,999","0,00%"
"23.05.2018","9,999","9,999","9,999","9,999","0,00%"
"22.05.2018","9,999","9,999","9,999","9,999","0,00%"
"21.05.2018","9,999","9,999","9,999","9,999","0,00%"
"18.05.2018","9,999","9,999","9,999","9,999","0,00%"
"17.05.2018","9,999","9,999","9,999","9,999","0,00%"
"16.05.2018","9,999","9,999","9,999","9,999","0,00%"
"15.05.2018","9,999","9,999","9,999","9,999","0,00%"
"14.05.2018","9,999","9,999","9,999","9,999","0,00%"
"11.05.2018","9,999","9,999","9,999","9,999","0,00%"
"10.05.2018","9,999","9,999","9,999","9,999","0,00%"
"09.05.2018","9,999","9,999","9,999","9,999","0,00%"
"08.05.2018","9,999","9,999","9,999","9,999","0,00%"
"07.05.2018","9,999","9,999","9,999","9,999","0,00%"
"04.05.2018","9,999","9,999","9,999","9,999","0,00%"
"03.05.2018","9,999","9,999","9,999","9,999","0,00%"
"02.05.2018","9,999","9,999","9,999","9,999","0,00%"
"30.04.2018","9,999","9,999","9,999","9,999","0,00%"
"27.04.2018","9,999","9,999","9,999","9,999","0,00%"
"26.04.2018","9,999","9,999","9,999","9,999","0,00%"
"25.04.2018","9,999","9,999","9,999","9,999","0,00%"
"24.04.2018","9,999","9,999","9,999","9,999","0,00%"
"23.04.2018","9,999","9,999","9,999","9,999","0,00%"
"20.04.2018","9,999","9,999","9,999","9,999","0,00%"
"19.04.2018","9,999","9,999","9,999","9,999","0,00%"
"18.04.2018","9,999","9,999","9,999","9,999","0,00%"
"17.04.2018","9,999","9,999","9,999","9,999","0,00%"
"16.04.2018","9,999","9,999","9,999","9,999","0,00%"
"13.04.2018","9,999","9,999","9,999","9,999","0,00%"
"12.04.2018","9,999","9,999","9,999","9,999","0,00%"
"11.04.2018","9,999","9,999","9,999","9,999","0,00%"
"10.04.2018","9,999","9,999","9,999","9,999","0,00%"
"09.04.2018","9,999","9,999","9,999","9,999","0,00%"
"06.04.2018","9,999","9,999","9,999","9,999","0,00%"
"05.04.2018","9,999","9,999","9,999","9,999","0,00%"
"04.04.2018","9,999","9,999","9,999","9,999","0,00%"
"03.04.2018","9,999","9,999","9,999","9,999","0,00%"
"02.04.2018","9,999","9,999","9,999","9,999","0,00%"
"29.03.2018","9,999","9,999","9,999","9,999","0,00%"
"28.03.2018","9,999","9,999","9,999","9,999","0,00%"
"27.03.2018","9,999","9,999","9,999","9,999","0,00%"
"26.03.2018","9,999","9,999","9,999","9,999","0,00%"
"23.03.2018","9,999","9,999","9,999","9,999","0,00%"
"22.03.2018","9,999","9,999","9,999","9,999","0,00%"
"21.03.2018","9,999","9,999","9,999","9,999","0,00%"
"20.03.2018","9,999","9,999","9,999","9,999","0,00%"
"19.03.2018","9,999","9,999","9,999","9,999","0,00%"
"16.03.2018","9,999","9,999","9,999","9,999","0,00%"
"15.03.2018","9,999","9,999","9,999","9,999","0,00%"
"14.03.2018","9,999","9,999","9,999","9,999","0,00%"
"13.03.2018","9,999","9,999","9,999","9,999","-0,01%"
"12.03.2018","10,000","10,000","10,000","10,000","0,00%"
"09.03.2018","10,000","10,000","10,000","10,000","0,00%"
"08.03.2018","10,000","10,000","10,000","10,000","0,00%"
"07.03.2018","10,000","10,000","10,000","10,000","0,00%"
"06.03.2018","10,000","10,000","10,000","10,000","0,00%"
"05.03.2018","10,000","10,000","10,000","10,000","0,00%"
"02.03.2018","10,000","10,000","10,000","10,000","0,00%"
"01.03.2018","10,000","10,000","10,000","10,000","0,00%"
"28.02.2018","10,000","10,000","10,000","10,000","0,00%"
"27.02.2018","10,000","10,000","10,000","10,000","0,00%"
"26.02.2018","10,000","10,000","10,000","10,000","0,00%"
"23.02.2018","10,000","10,000","10,000","10,000","0,00%"
"22.02.2018","10,000","10,000","10,000","10,000","0,00%"
"21.02.2018","10,000","10,000","10,000","10,000","0,00%"
"20.02.2018","10,000","10,000","10,000","10,000","0,00%"
"19.02.2018","10,000","10,000","10,000","10,000","0,00%"
"16.02.2018","10,000","10,000","10,000","10,000","0,00%"
"15.02.2018","10,000","10,000","10,000","10,000","0,00%"
"14.02.2018","10,000","10,000","10,000","10,000","0,00%"
"13.02.2018","10,000","10,000","10,000","10,000","0,00%"
"12.02.2018","10,000","10,000","10,000","10,000","0,00%"
"09.02.2018","10,000","10,000","10,000","10,000","0,00%"
"08.02.2018","10,000","10,000","10,000","10,000","0,00%"
"07.02.2018","10,000","10,000","10,000","10,000","0,00%"
"06.02.2018","10,000","10,000","10,000","10,000","0,00%"
"05.02.2018","10,000","10,000","10,000","10,000","0,00%"
"02.02.2018","10,000","10,000","10,000","10,000","0,00%"
"01.02.2018","10,000","10,000","10,000","10,000","0,00%"
"31.01.2018","10,000","10,000","10,000","10,000","0,00%"
"30.01.2018","10,000","10,000","10,000","10,000","0,00%"
"29.01.2018","10,000","10,000","10,000","10,000","0,00%"
"26.01.2018","10,000","10,000","10,000","10,000","0,00%"
"25.01.2018","10,000","10,000","10,000","10,000","0,00%"
"24.01.2018","10,000","10,000","10,000","10,000","0,00%"
"23.01.2018","10,000","10,000","10,000","10,000","0,00%"
"22.01.2018","10,000","10,000","10,000","10,000","0,02%"
"19.01.2018","9,998","9,998","9,998","9,998","0,00%"
"18.01.2018","9,998","9,998","9,998","9,998","0,00%"
"17.01.2018","9,998","9,998","9,998","9,998","0,00%"
"16.01.2018","9,998","9,998","9,998","9,998","-0,02%"
"15.01.2018","10,000","10,000","10,000","10,000","0,00%"
"12.01.2018","10,000","10,000","10,000","10,000","0,00%"
"11.01.2018","10,000","10,000","10,000","10,000","0,00%"
"10.01.2018","10,000","10,000","10,000","10,000","0,00%"
"09.01.2018","10,000","10,000","10,000","10,000","0,00%"
"08.01.2018","10,000","10,000","10,000","10,000","0,00%"
"05.01.2018","10,000","10,000","10,000","10,000","0,00%"
"04.01.2018","10,000","10,000","10,000","10,000","0,00%"
"03.01.2018","10,000","10,000","10,000","10,000","0,00%"
"02.01.2018","10,000","10,000","10,000","10,000","0,00%"
"29.12.2017","10,000","10,000","10,000","10,000","0,00%"
"28.12.2017","10,000","10,000","10,000","10,000","0,00%"
"27.12.2017","10,000","10,000","10,000","10,000","0,00%"
"26.12.2017","10,000","10,000","10,000","10,000","0,00%"
"22.12.2017","10,000","10,000","10,000","10,000","0,00%"
"21.12.2017","10,000","10,000","10,000","10,000","0,00%"
"20.12.2017","10,000","10,000","10,000","10,000","0,00%"
"19.12.2017","10,000","10,000","10,000","10,000","0,00%"
"18.12.2017","10,000","10,000","10,000","10,000","0,00%"
"15.12.2017","10,000","10,000","10,000","10,000","0,00%"
"14.12.2017","10,000","10,000","10,000","10,000","0,00%"
"13.12.2017","10,000","10,000","10,000","10,000","0,00%"
"12.12.2017","10,000","10,000","10,000","10,000","0,00%"
"11.12.2017","10,000","10,000","10,000","10,000","0,00%"
"08.12.2017","10,000","10,000","10,000","10,000","0,00%"
"07.12.2017","10,000","10,000","10,000","10,000","0,00%"
"06.12.2017","10,000","10,000","10,000","10,000","0,00%"
"05.12.2017","10,000","10,000","10,000","10,000","0,00%"
"04.12.2017","10,000","10,000","10,000","10,000","0,00%"
"01.12.2017","10,000","10,000","10,000","10,000","0,00%"
"30.11.2017","10,000","10,000","10,000","10,000","0,00%"
"29.11.2017","10,000","10,000","10,000","10,000","0,00%"
"28.11.2017","10,000","10,000","10,000","10,000","0,00%"
"27.11.2017","10,000","10,000","10,000","10,000","0,00%"
"24.11.2017","10,000","10,000","10,000","10,000","0,00%"
"23.11.2017","10,000","10,000","10,000","10,000","0,00%"
"22.11.2017","10,000","10,000","10,000","10,000","0,00%"
"21.11.2017","10,000","10,000","10,000","10,000","0,00%"
"20.11.2017","10,000","10,000","10,000","10,000","0,00%"
"17.11.2017","10,000","10,000","10,000","10,000","0,00%"
"16.11.2017","10,000","10,000","10,000","10,000","0,00%"
"15.11.2017","10,000","10,000","10,000","10,000","0,00%"
"14.11.2017","10,000","10,000","10,000","10,000","0,00%"
"13.11.2017","10,000","10,000","10,000","10,000","0,00%"
"10.11.2017","10,000","10,000","10,000","10,000","0,00%"
"09.11.2017","10,000","10,000","10,000","10,000","0,00%"
"08.11.2017","10,000","10,000","10,000","10,000","0,00%"
"07.11.2017","10,000","10,000","10,000","10,000","0,00%"
"06.11.2017","10,000","10,000","10,000","10,000","0,00%"