"Fecha","Último","Apertura","Máximo","Mínimo","% var."
"31.12.2025","70,829","70,829","70,829","70,829","-0,61%"
"30.12.2025","71,266","71,266","71,266","71,266","-0,07%"
"29.12.2025","71,312","71,312","71,312","71,312","-0,26%"
"26.12.2025","71,497","71,497","71,497","71,497","-0,01%"
"24.12.2025","71,507","71,507","71,507","71,507","0,29%"
"23.12.2025","71,299","71,299","71,299","71,046","0,36%"
"22.12.2025","71,046","71,046","71,046","71,046","0,19%"
"19.12.2025","70,912","70,912","70,912","70,912","1,03%"
"18.12.2025","70,189","70,189","70,189","70,189","1,03%"
"17.12.2025","69,474","69,474","69,474","69,474","-1,03%"
"16.12.2025","70,195","70,195","70,195","70,195","-0,30%"
"15.12.2025","70,406","70,406","70,406","70,406","-0,35%"
"12.12.2025","70,655","70,655","71,301","70,655","-0,91%"
"11.12.2025","71,301","71,301","71,301","71,301","-0,77%"
"10.12.2025","71,855","71,855","71,855","71,855","0,56%"
"09.12.2025","71,452","71,452","71,452","71,452","-0,12%"
"08.12.2025","71,539","71,539","71,539","71,539","-0,15%"
"05.12.2025","71,643","71,643","71,643","71,341","0,42%"
"04.12.2025","71,341","71,341","71,341","71,341","0,01%"
"03.12.2025","71,334","71,334","71,334","71,334","-0,17%"
"02.12.2025","71,457","71,457","71,457","71,457","0,45%"
"01.12.2025","71,137","71,137","71,137","71,137","-0,73%"
"28.11.2025","71,662","71,662","71,662","71,662","0,44%"
"27.11.2025","71,347","71,347","71,347","71,347","-0,04%"
"26.11.2025","71,375","71,375","71,375","71,375","0,45%"
"25.11.2025","71,053","71,053","71,053","71,053","0,62%"
"24.11.2025","70,614","70,614","70,614","70,614","1,30%"
"21.11.2025","69,708","69,708","69,708","68,880","1,20%"
"20.11.2025","68,880","68,880","68,880","68,880","-1,37%"
"19.11.2025","69,835","69,835","69,835","69,835","0,68%"
"18.11.2025","69,362","69,362","69,839","69,362","-0,68%"
"17.11.2025","69,839","69,839","69,839","69,839","-0,78%"
"14.11.2025","70,390","70,390","70,390","70,390","0,19%"
"13.11.2025","70,255","70,255","70,255","70,255","-2,03%"
"12.11.2025","71,710","71,710","71,710","71,710","0,07%"
"11.11.2025","71,663","71,663","71,815","71,663","-0,21%"
"10.11.2025","71,815","71,815","71,815","71,815","1,78%"
"07.11.2025","70,562","70,562","70,670","70,562","-0,15%"
"06.11.2025","70,670","70,670","70,670","70,670","-1,64%"
"05.11.2025","71,845","71,845","71,845","71,845","0,48%"
"04.11.2025","71,502","71,502","72,146","71,502","-0,89%"
"03.11.2025","72,146","72,146","72,146","72,146","0,33%"
"31.10.2025","71,911","71,911","71,911","71,911","0,46%"
"30.10.2025","71,583","71,583","71,583","71,583","-0,13%"
"29.10.2025","71,679","71,679","71,679","71,679","-0,05%"
"28.10.2025","71,716","71,716","71,716","71,716","0,03%"
"27.10.2025","71,693","71,693","71,693","71,693","1,15%"
"24.10.2025","70,882","70,882","70,882","70,397","0,69%"
"23.10.2025","70,397","70,397","70,397","70,004","0,56%"
"22.10.2025","70,004","70,004","70,421","70,004","-0,59%"
"21.10.2025","70,421","70,421","70,421","70,119","0,43%"
"20.10.2025","70,119","70,119","70,119","70,119","1,18%"
"17.10.2025","69,299","69,299","69,299","68,879","0,61%"
"16.10.2025","68,879","68,879","68,879","68,879","-1,08%"
"15.10.2025","69,631","69,631","69,631","69,525","0,15%"
"14.10.2025","69,525","69,525","69,525","69,525","-0,44%"
"13.10.2025","69,835","69,835","69,835","69,835","1,72%"
"10.10.2025","68,651","68,651","70,548","68,651","-2,69%"
"09.10.2025","70,548","70,548","70,548","70,548","0,07%"
"08.10.2025","70,501","70,501","70,501","70,501","0,95%"
"07.10.2025","69,834","69,834","69,834","69,787","0,07%"
"06.10.2025","69,787","69,787","69,787","69,787","0,57%"
"03.10.2025","69,389","69,389","69,389","69,389","-0,22%"
"02.10.2025","69,538","69,538","69,538","69,538","0,33%"
"01.10.2025","69,308","69,308","69,308","69,308","0,39%"
"30.09.2025","69,041","69,041","69,041","69,041","0,24%"
"29.09.2025","68,873","68,873","68,873","68,873","-0,06%"
"26.09.2025","68,915","68,915","68,915","68,915","0,46%"
"25.09.2025","68,601","68,601","68,601","68,552","0,07%"
"24.09.2025","68,552","68,552","68,552","68,442","0,16%"
"23.09.2025","68,442","68,442","68,961","68,442","-0,75%"
"22.09.2025","68,961","68,961","68,961","68,961","0,33%"
"19.09.2025","68,737","68,737","68,737","68,299","0,64%"
"18.09.2025","68,299","68,299","68,299","67,548","1,11%"
"17.09.2025","67,548","67,548","67,602","67,548","-0,08%"
"16.09.2025","67,602","67,602","68,228","67,602","-0,92%"
"15.09.2025","68,228","68,228","68,228","68,228","0,22%"
"12.09.2025","68,078","68,078","68,103","68,078","-0,04%"
"11.09.2025","68,103","68,103","68,103","68,103","0,84%"
"10.09.2025","67,534","67,534","67,534","67,534","0,33%"
"09.09.2025","67,308","67,308","67,308","67,308","0,39%"
"08.09.2025","67,049","67,049","67,049","67,049","0,14%"
"05.09.2025","66,955","66,955","66,955","66,955","-1,17%"
"04.09.2025","67,747","67,747","67,747","67,747","1,09%"
"03.09.2025","67,018","67,018","67,018","66,680","0,51%"
"02.09.2025","66,680","66,680","66,858","66,680","-0,27%"
"01.09.2025","66,858","66,858","66,858","66,858","-0,06%"
"29.08.2025","66,895","66,895","66,895","66,895","-0,93%"
"28.08.2025","67,520","67,520","67,520","67,520","-0,35%"
"27.08.2025","67,757","67,757","67,757","67,757","0,77%"
"26.08.2025","67,242","67,242","67,242","67,242","0,73%"
"25.08.2025","66,756","66,756","66,756","66,756","-0,19%"
"22.08.2025","66,881","66,881","66,881","66,455","0,64%"
"21.08.2025","66,455","66,455","66,455","66,455","0,01%"
"20.08.2025","66,450","66,450","66,450","66,450","-0,16%"
"19.08.2025","66,557","66,557","66,557","66,557","-0,65%"
"18.08.2025","66,991","66,991","66,991","66,991","0,40%"
"15.08.2025","66,724","66,724","66,724","66,724","-0,71%"
"14.08.2025","67,199","67,199","67,199","67,199","0,53%"
"13.08.2025","66,842","66,842","66,842","66,842","-0,20%"
"12.08.2025","66,974","66,974","66,974","66,974","0,60%"
"11.08.2025","66,573","66,573","66,573","66,573","0,26%"
"08.08.2025","66,398","66,398","66,398","66,398","0,50%"
"07.08.2025","66,070","66,070","66,098","66,070","-0,04%"
"06.08.2025","66,098","66,098","66,098","66,098","0,20%"
"05.08.2025","65,964","65,964","65,964","65,964","-0,50%"
"04.08.2025","66,294","66,294","66,294","66,294","1,39%"
"01.08.2025","65,387","65,387","67,081","65,387","-2,53%"
"31.07.2025","67,081","67,081","67,123","67,081","-0,06%"
"30.07.2025","67,123","67,123","67,123","66,959","0,24%"
"29.07.2025","66,959","66,959","66,959","66,493","0,70%"
"28.07.2025","66,493","66,493","66,493","66,493","0,82%"
"25.07.2025","65,955","65,955","65,955","65,955","0,71%"
"24.07.2025","65,492","65,492","65,627","65,492","-0,21%"
"23.07.2025","65,627","65,627","65,627","65,176","0,69%"
"22.07.2025","65,176","65,176","65,279","65,176","-0,16%"
"21.07.2025","65,279","65,279","65,279","65,279","-0,29%"
"18.07.2025","65,467","65,467","65,809","65,467","-0,52%"
"17.07.2025","65,809","65,809","65,809","65,809","0,62%"
"16.07.2025","65,406","65,406","65,406","65,406","0,51%"
"15.07.2025","65,077","65,077","65,077","64,965","0,17%"
"14.07.2025","64,965","64,965","64,965","64,965","0,23%"
"11.07.2025","64,819","64,819","64,819","64,819","-0,44%"
"10.07.2025","65,106","65,106","65,106","65,106","0,58%"
"09.07.2025","64,728","64,728","64,728","64,728","0,41%"
"08.07.2025","64,461","64,461","64,461","64,257","0,32%"
"07.07.2025","64,257","64,257","64,257","64,257","-0,45%"
"04.07.2025","64,546","64,546","64,546","64,546","-0,22%"
"03.07.2025","64,689","64,689","64,689","64,065","0,97%"
"02.07.2025","64,065","64,065","64,065","63,703","0,57%"
"01.07.2025","63,703","63,703","63,991","63,703","-0,45%"
"30.06.2025","63,991","63,991","63,991","63,991","0,35%"
"27.06.2025","63,771","63,771","63,771","63,771","0,44%"
"26.06.2025","63,489","63,489","63,489","63,455","0,05%"
"25.06.2025","63,455","63,455","63,477","63,455","-0,03%"
"24.06.2025","63,477","63,477","63,477","63,477","0,36%"
"23.06.2025","63,249","63,249","63,249","63,249","0,82%"
"20.06.2025","62,732","62,732","63,121","62,732","-0,62%"
"19.06.2025","63,121","63,121","63,121","63,121","0,35%"
"18.06.2025","62,902","62,902","62,902","62,902","0,13%"
"17.06.2025","62,819","62,819","62,819","62,819","-0,27%"
"16.06.2025","62,992","62,992","62,992","62,992","0,53%"
"13.06.2025","62,660","62,660","63,155","62,660","-0,78%"
"12.06.2025","63,155","63,155","63,462","63,155","-0,48%"
"11.06.2025","63,462","63,462","63,462","63,462","-0,76%"
"10.06.2025","63,951","63,951","63,951","63,951","0,40%"
"09.06.2025","63,699","63,699","63,699","63,699","-0,07%"
"06.06.2025","63,746","63,746","63,746","62,715","1,64%"
"05.06.2025","62,715","62,715","63,178","62,715","-0,73%"
"04.06.2025","63,178","63,178","63,398","63,178","-0,35%"
"03.06.2025","63,398","63,398","63,398","62,795","0,96%"
"02.06.2025","62,795","62,795","62,795","62,795","-0,31%"
"30.05.2025","62,990","62,990","62,990","62,990","-0,02%"
"29.05.2025","63,002","63,002","63,002","63,002","-0,03%"
"28.05.2025","63,020","63,020","63,020","63,020","-0,21%"
"27.05.2025","63,151","63,151","63,151","61,648","2,44%"
"26.05.2025","61,648","61,648","61,648","61,648","-0,35%"
"23.05.2025","61,866","61,866","62,646","61,866","-1,24%"
"22.05.2025","62,646","62,646","62,646","62,646","0,51%"
"21.05.2025","62,328","62,328","62,328","62,328","-2,24%"
"20.05.2025","63,756","63,756","63,756","63,756","-0,52%"
"19.05.2025","64,089","64,089","64,089","64,089","-0,77%"
"16.05.2025","64,589","64,589","64,589","64,589","0,99%"
"15.05.2025","63,953","63,953","63,953","63,953","0,67%"
"14.05.2025","63,529","63,529","63,529","63,529","-0,35%"
"13.05.2025","63,752","63,752","63,752","63,580","0,27%"
"12.05.2025","63,580","63,580","63,580","63,580","4,72%"
"09.05.2025","60,716","60,716","60,716","60,716","0,02%"
"08.05.2025","60,704","60,704","60,704","60,704","1,38%"
"07.05.2025","59,876","59,876","59,876","59,876","0,21%"
"06.05.2025","59,748","59,748","59,748","59,748","-0,80%"
"05.05.2025","60,227","60,227","60,227","60,227","-0,38%"
"02.05.2025","60,455","60,455","60,455","60,455","0,69%"
"01.05.2025","60,039","60,039","60,039","60,039","1,40%"
"30.04.2025","59,211","59,211","59,211","59,037","0,29%"
"29.04.2025","59,037","59,037","59,037","59,037","0,54%"
"28.04.2025","58,720","58,720","58,720","58,720","-0,03%"
"25.04.2025","58,736","58,736","58,736","58,281","0,78%"
"24.04.2025","58,281","58,281","58,281","58,281","1,81%"
"23.04.2025","57,243","57,243","57,243","57,243","2,81%"
"22.04.2025","55,676","55,676","55,676","54,216","2,69%"
"21.04.2025","54,216","54,216","54,216","54,216","-3,61%"
"17.04.2025","56,245","56,245","56,245","56,245","0,51%"
"16.04.2025","55,962","55,962","55,962","55,962","-2,75%"
"15.04.2025","57,544","57,544","57,544","57,544","0,18%"
"14.04.2025","57,440","57,440","57,440","57,440","0,54%"
"11.04.2025","57,133","57,133","57,133","57,133","0,39%"
"10.04.2025","56,911","56,911","56,911","56,911","-4,67%"
"09.04.2025","59,702","59,702","59,702","55,155","8,24%"
"08.04.2025","55,155","55,155","55,155","55,155","-1,47%"
"07.04.2025","55,975","55,975","55,975","55,975","0,37%"
"04.04.2025","55,770","55,770","58,627","55,770","-4,87%"
"03.04.2025","58,627","58,627","58,627","58,627","-7,09%"
"02.04.2025","63,104","63,104","63,104","62,948","0,25%"
"01.04.2025","62,948","62,948","62,948","62,759","0,30%"
"31.03.2025","62,759","62,759","62,759","62,759","0,76%"
"28.03.2025","62,289","62,289","62,289","62,289","-2,20%"
"27.03.2025","63,688","63,688","63,688","63,688","-0,48%"
"26.03.2025","63,994","63,994","63,994","63,994","-0,95%"
"25.03.2025","64,605","64,605","64,605","64,605","0,10%"
"24.03.2025","64,541","64,541","64,541","64,541","1,91%"
"21.03.2025","63,334","63,334","63,334","63,334","0,44%"
"20.03.2025","63,059","63,059","63,059","63,059","0,07%"
"19.03.2025","63,017","63,017","63,017","63,017","1,54%"
"18.03.2025","62,058","62,058","62,058","62,058","-1,11%"
"17.03.2025","62,757","62,757","62,757","62,757","0,19%"
"14.03.2025","62,635","62,635","62,635","62,635","2,00%"
"13.03.2025","61,405","61,405","61,405","61,405","-0,80%"
"12.03.2025","61,901","61,901","61,901","61,901","0,54%"
"11.03.2025","61,571","61,571","61,571","61,571","-1,57%"
"10.03.2025","62,552","62,552","62,552","62,552","-2,31%"
"06.03.2025","64,033","64,033","64,033","64,033","-2,27%"
"05.03.2025","65,520","65,520","65,520","65,520","-1,11%"
"04.03.2025","66,252","66,252","66,252","66,252","-1,62%"
"03.03.2025","67,340","67,340","67,340","67,340","-2,55%"
"28.02.2025","69,105","69,105","69,105","69,105","1,72%"
"27.02.2025","67,936","67,936","67,936","67,936","-0,70%"
"26.02.2025","68,417","68,417","68,417","68,417","-0,07%"
"25.02.2025","68,462","68,462","68,462","68,462","-0,74%"
"24.02.2025","68,974","68,974","68,974","68,974","-0,63%"
"21.02.2025","69,411","69,411","69,411","69,411","-1,52%"
"20.02.2025","70,482","70,482","70,482","70,482","-0,90%"
"19.02.2025","71,125","71,125","71,125","71,125","0,65%"
"18.02.2025","70,665","70,665","70,665","70,665","0,37%"
"17.02.2025","70,401","70,401","70,401","70,401","0,28%"
"14.02.2025","70,207","70,207","70,207","70,207","-0,70%"
"13.02.2025","70,703","70,703","70,703","70,703","0,46%"
"12.02.2025","70,378","70,378","70,378","70,378","-0,79%"
"10.02.2025","70,936","70,936","70,936","70,936","0,96%"
"07.02.2025","70,259","70,259","70,259","70,259","-0,71%"
"06.02.2025","70,758","70,758","70,758","70,758","0,87%"
"05.02.2025","70,150","70,150","70,150","70,150","-0,00%"
"04.02.2025","70,150","70,150","70,150","70,150","0,08%"
"03.02.2025","70,093","70,093","70,093","70,093","0,02%"
"31.01.2025","70,077","70,077","70,077","70,077","-0,16%"
"30.01.2025","70,186","70,186","70,186","70,186","0,42%"
"29.01.2025","69,894","69,894","69,894","69,894","-0,42%"
"28.01.2025","70,192","70,192","70,192","70,192","1,64%"
"27.01.2025","69,058","69,058","69,058","69,058","-1,28%"
"24.01.2025","69,953","69,953","69,953","69,953","-1,42%"
"23.01.2025","70,962","70,962","70,962","70,962","0,74%"
"22.01.2025","70,438","70,438","70,438","70,438","0,43%"
"21.01.2025","70,135","70,135","70,135","70,135","0,88%"
"20.01.2025","69,525","69,525","69,525","69,525","-0,96%"
"17.01.2025","70,197","70,197","70,197","70,197","1,00%"
"16.01.2025","69,506","69,506","69,506","69,506","-0,16%"
"15.01.2025","69,618","69,618","69,618","69,618","1,73%"
"14.01.2025","68,435","68,435","68,435","68,435","-0,83%"
"13.01.2025","69,010","69,010","69,010","69,010","0,67%"
"10.01.2025","68,549","68,549","68,549","68,549","-1,05%"
"09.01.2025","69,275","69,275","69,275","69,275","0,01%"
"08.01.2025","69,268","69,268","69,268","69,268","0,86%"
"07.01.2025","68,679","68,679","68,679","68,679","-0,90%"
"06.01.2025","69,306","69,306","69,306","69,306","0,67%"
"02.01.2025","68,848","68,848","68,848","68,848","0,56%"
"31.12.2024","68,466","68,466","68,466","68,466","-0,18%"
"30.12.2024","68,588","68,588","68,588","68,588","-0,67%"
"27.12.2024","69,050","69,050","69,050","69,050","-1,22%"
"26.12.2024","69,902","69,902","69,902","69,902","-0,20%"
"24.12.2024","70,043","70,043","70,043","70,043","1,09%"
"23.12.2024","69,289","69,289","69,289","69,289","0,80%"
"20.12.2024","68,737","68,737","68,737","68,737","0,90%"
"19.12.2024","68,123","68,123","68,123","68,123","0,81%"
"18.12.2024","67,577","67,577","67,577","67,577","-2,70%"
"17.12.2024","69,451","69,451","69,451","69,451","-0,31%"
"16.12.2024","69,666","69,666","69,666","69,666","0,22%"
"13.12.2024","69,515","69,515","69,515","69,515","-0,14%"
"12.12.2024","69,610","69,610","69,610","69,610","-0,39%"
"11.12.2024","69,886","69,886","69,886","69,886","0,96%"
"10.12.2024","69,221","69,221","69,221","69,221","0,53%"
"09.12.2024","68,853","68,853","68,853","68,853","-0,87%"
"06.12.2024","69,459","69,459","69,459","69,459","0,35%"
"05.12.2024","69,215","69,215","69,215","69,215","-0,60%"
"04.12.2024","69,632","69,632","69,632","69,632","0,49%"
"03.12.2024","69,291","69,291","69,291","69,291","-0,41%"
"02.12.2024","69,576","69,576","69,576","69,576","1,14%"
"29.11.2024","68,793","68,793","68,793","68,793","0,49%"
"28.11.2024","68,460","68,460","68,460","68,460","0,17%"
"27.11.2024","68,343","68,343","68,343","68,343","-1,22%"
"26.11.2024","69,187","69,187","69,187","69,187","0,64%"
"25.11.2024","68,748","68,748","68,748","68,748","0,87%"
"21.11.2024","68,157","68,157","68,157","68,157","0,64%"
"20.11.2024","67,727","67,727","67,727","67,727","0,63%"
"19.11.2024","67,302","67,302","67,302","67,302","0,27%"
"18.11.2024","67,118","67,118","67,118","67,118","0,04%"
"15.11.2024","67,094","67,094","67,094","67,094","-0,93%"
"14.11.2024","67,722","67,722","67,722","67,722","-0,47%"
"13.11.2024","68,042","68,042","68,042","68,042","0,21%"
"12.11.2024","67,896","67,896","67,896","67,896","0,08%"
"11.11.2024","67,844","67,844","67,844","67,844","1,05%"
"08.11.2024","67,142","67,142","67,142","67,142","0,98%"
"07.11.2024","66,492","66,492","66,492","66,492","0,06%"
"06.11.2024","66,452","66,452","66,452","66,452","4,09%"
"05.11.2024","63,841","63,841","63,841","63,841","1,20%"
"04.11.2024","63,085","63,085","63,085","63,085","-0,74%"
"01.11.2024","63,553","63,553","63,553","63,553","0,48%"
"31.10.2024","63,248","63,248","63,248","63,248","-1,79%"
"30.10.2024","64,402","64,402","64,402","64,402","-0,92%"
"29.10.2024","65,003","65,003","65,003","65,003","0,35%"
"28.10.2024","64,778","64,778","64,778","64,778","0,39%"
"25.10.2024","64,530","64,530","64,530","64,530","-0,34%"
"24.10.2024","64,752","64,752","64,752","64,752","0,01%"
"23.10.2024","64,748","64,748","64,748","64,748","-0,60%"
"22.10.2024","65,137","65,137","65,137","65,137","0,18%"
"21.10.2024","65,018","65,018","65,018","65,018","0,03%"
"18.10.2024","65,000","65,000","65,000","65,000","0,13%"
"17.10.2024","64,917","64,917","64,917","64,917","0,46%"
"16.10.2024","64,621","64,621","64,621","64,621","0,69%"
"15.10.2024","64,181","64,181","64,181","64,181","-0,65%"
"14.10.2024","64,598","64,598","64,598","64,598","1,04%"
"11.10.2024","63,935","63,935","63,935","63,935","0,41%"
"10.10.2024","63,673","63,673","63,673","63,673","0,03%"
"09.10.2024","63,652","63,652","63,652","63,652","0,92%"
"08.10.2024","63,072","63,072","63,072","63,072","1,01%"
"07.10.2024","62,438","62,438","62,438","62,438","-1,01%"
"04.10.2024","63,077","63,077","63,077","63,077","1,36%"
"03.10.2024","62,232","62,232","62,232","62,232","-0,01%"
"02.10.2024","62,235","62,235","62,235","62,235","0,38%"
"01.10.2024","61,997","61,997","61,997","61,997","-0,18%"
"30.09.2024","62,107","62,107","62,107","62,107","0,60%"
"27.09.2024","61,739","61,739","61,739","61,739","-0,24%"
"26.09.2024","61,885","61,885","61,885","61,885","0,08%"
"24.09.2024","61,833","61,833","61,833","61,833","0,08%"
"23.09.2024","61,784","61,784","61,784","61,784","0,38%"
"20.09.2024","61,550","61,550","61,550","61,550","-0,32%"
"19.09.2024","61,747","61,747","61,747","61,747","1,60%"
"18.09.2024","60,775","60,775","60,775","60,775","-0,23%"
"17.09.2024","60,915","60,915","60,915","60,915","0,02%"
"16.09.2024","60,901","60,901","60,901","60,901","-0,18%"
"13.09.2024","61,009","61,009","61,009","61,009","0,11%"
"12.09.2024","60,943","60,943","60,943","60,943","0,48%"
"11.09.2024","60,654","60,654","60,654","60,654","1,14%"
"10.09.2024","59,970","59,970","59,970","59,970","0,68%"
"09.09.2024","59,567","59,567","59,567","59,567","1,87%"
"06.09.2024","58,472","58,472","58,472","58,472","-2,08%"
"05.09.2024","59,716","59,716","59,716","59,716","-0,19%"
"04.09.2024","59,830","59,830","59,830","59,830","-0,59%"
"03.09.2024","60,188","60,188","60,188","60,188","-1,87%"
"02.09.2024","61,334","61,334","61,334","61,334","-0,00%"
"30.08.2024","61,336","61,336","61,336","61,336","1,03%"
"29.08.2024","60,709","60,709","60,709","60,709","0,54%"
"28.08.2024","60,385","60,385","60,385","60,385","-0,27%"
"27.08.2024","60,549","60,549","60,549","60,549","0,25%"
"26.08.2024","60,398","60,398","60,398","60,398","-0,29%"
"23.08.2024","60,575","60,575","60,575","60,575","0,58%"
"22.08.2024","60,227","60,227","60,227","60,227","-0,79%"
"21.08.2024","60,709","60,709","60,709","60,709","0,29%"
"20.08.2024","60,533","60,533","60,533","60,533","-0,61%"
"19.08.2024","60,907","60,907","60,907","60,907","0,30%"
"16.08.2024","60,723","60,723","60,723","60,723","0,14%"
"15.08.2024","60,635","60,635","60,635","60,635","2,10%"
"14.08.2024","59,385","59,385","59,385","59,385","-0,33%"
"13.08.2024","59,584","59,584","59,584","59,584","1,47%"
"12.08.2024","58,724","58,724","58,724","58,724","-0,06%"
"09.08.2024","58,762","58,762","58,762","58,762","2,88%"
"07.08.2024","57,117","57,117","57,117","57,117","-0,76%"
"06.08.2024","57,553","57,553","57,553","57,553","1,46%"
"05.08.2024","56,728","56,728","56,728","56,728","-3,50%"
"02.08.2024","58,783","58,783","58,783","58,783","-3,00%"
"01.08.2024","60,604","60,604","60,604","60,604","-1,10%"
"31.07.2024","61,281","61,281","61,281","61,281","1,43%"
"30.07.2024","60,415","60,415","60,415","60,415","-0,40%"
"29.07.2024","60,659","60,659","60,659","60,659","0,45%"
"26.07.2024","60,386","60,386","60,386","60,386","1,11%"
"25.07.2024","59,724","59,724","59,724","59,724","-0,53%"
"24.07.2024","60,041","60,041","60,041","60,041","-2,39%"
"23.07.2024","61,511","61,511","61,511","61,511","0,21%"
"22.07.2024","61,384","61,384","61,384","61,384","1,13%"
"19.07.2024","60,699","60,699","60,699","60,699","-0,48%"
"18.07.2024","60,993","60,993","60,993","60,993","-0,63%"
"17.07.2024","61,381","61,381","61,381","61,381","-1,87%"
"16.07.2024","62,548","62,548","62,548","62,548","0,99%"
"15.07.2024","61,935","61,935","61,935","61,935","0,22%"
"12.07.2024","61,799","61,799","61,799","61,799","0,27%"
"11.07.2024","61,632","61,632","61,632","61,632","-1,37%"
"10.07.2024","62,491","62,491","62,491","62,491","0,95%"
"09.07.2024","61,900","61,900","61,900","61,900","0,25%"
"08.07.2024","61,748","61,748","61,748","61,748","0,01%"
"05.07.2024","61,745","61,745","61,745","61,745","0,41%"
"04.07.2024","61,494","61,494","61,494","61,494","-0,03%"
"03.07.2024","61,514","61,514","61,514","61,514","-0,06%"
"02.07.2024","61,553","61,553","61,553","61,553","0,49%"
"01.07.2024","61,250","61,250","61,250","61,250","0,16%"
"28.06.2024","61,153","61,153","61,153","61,153","-0,45%"
"27.06.2024","61,430","61,430","61,430","61,430","-0,19%"
"26.06.2024","61,549","61,549","61,549","61,549","0,34%"
"25.06.2024","61,341","61,341","61,341","61,341","0,66%"
"24.06.2024","60,936","60,936","60,936","60,936","-0,53%"
"20.06.2024","61,260","61,260","61,260","61,260","-0,00%"
"19.06.2024","61,261","61,261","61,261","61,261","-0,09%"
"18.06.2024","61,318","61,318","61,318","61,318","0,04%"
"17.06.2024","61,291","61,291","61,291","61,291","0,50%"
"14.06.2024","60,985","60,985","60,985","60,985","0,76%"
"13.06.2024","60,523","60,523","60,523","60,523","0,94%"
"12.06.2024","59,958","59,958","59,958","59,958","-0,31%"
"11.06.2024","60,142","60,142","60,142","60,142","0,38%"
"10.06.2024","59,915","59,915","59,915","59,915","0,99%"
"07.06.2024","59,330","59,330","59,330","59,330","0,52%"
"06.06.2024","59,025","59,025","59,025","59,025","-0,13%"
"05.06.2024","59,102","59,102","59,102","59,102","1,31%"
"04.06.2024","58,338","58,338","58,338","58,338","0,06%"
"03.06.2024","58,302","58,302","58,302","58,302","-0,01%"
"31.05.2024","58,306","58,306","58,306","58,306","0,67%"
"30.05.2024","57,918","57,918","57,918","57,918","-0,84%"
"29.05.2024","58,408","58,408","58,408","58,408","-0,18%"
"28.05.2024","58,513","58,513","58,513","58,513","-0,12%"
"27.05.2024","58,585","58,585","58,585","58,585","-0,12%"
"24.05.2024","58,653","58,653","58,653","58,653","0,52%"
"23.05.2024","58,350","58,350","58,350","58,350","-0,67%"
"22.05.2024","58,741","58,741","58,741","58,741","-0,03%"
"21.05.2024","58,759","58,759","58,759","58,759","0,30%"
"20.05.2024","58,585","58,585","58,585","58,585","0,20%"
"17.05.2024","58,469","58,469","58,469","58,469","0,06%"
"16.05.2024","58,432","58,432","58,432","58,432","-0,32%"
"15.05.2024","58,618","58,618","58,618","58,618","0,89%"
"14.05.2024","58,101","58,101","58,101","58,101","0,29%"
"13.05.2024","57,931","57,931","57,931","57,931","-0,39%"
"10.05.2024","58,157","58,157","58,157","58,157","0,29%"
"09.05.2024","57,988","57,988","57,988","57,988","0,27%"
"08.05.2024","57,831","57,831","57,831","57,831","0,26%"
"07.05.2024","57,679","57,679","57,679","57,679","0,16%"
"06.05.2024","57,586","57,586","57,586","57,586","0,91%"
"03.05.2024","57,066","57,066","57,066","57,066","0,52%"
"02.05.2024","56,774","56,774","56,774","56,774","0,87%"
"01.05.2024","56,286","56,286","56,286","56,286","-0,26%"
"30.04.2024","56,431","56,431","56,431","56,431","-1,38%"
"29.04.2024","57,222","57,222","57,222","57,222","0,01%"
"26.04.2024","57,215","57,215","57,215","57,215","1,33%"
"25.04.2024","56,462","56,462","56,462","56,462","-0,68%"
"24.04.2024","56,852","56,852","56,852","56,852","0,11%"
"23.04.2024","56,789","56,789","56,789","56,789","0,70%"
"22.04.2024","56,396","56,396","56,396","56,396","1,11%"
"19.04.2024","55,778","55,778","55,778","55,778","-1,01%"
"18.04.2024","56,345","56,345","56,345","56,345","-0,39%"
"17.04.2024","56,569","56,569","56,569","56,569","-0,62%"
"16.04.2024","56,924","56,924","56,924","56,924","-0,25%"
"15.04.2024","57,066","57,066","57,066","57,066","-1,17%"
"12.04.2024","57,741","57,741","57,741","57,741","-0,75%"
"11.04.2024","58,179","58,179","58,179","58,179","1,20%"
"10.04.2024","57,491","57,491","57,491","57,491","0,01%"
"09.04.2024","57,483","57,483","57,483","57,483","0,11%"
"08.04.2024","57,418","57,418","57,418","57,418","-0,36%"
"05.04.2024","57,625","57,625","57,625","57,625","1,58%"
"04.04.2024","56,731","56,731","56,731","56,731","-1,64%"
"03.04.2024","57,675","57,675","57,675","57,675","-0,41%"
"02.04.2024","57,913","57,913","57,913","57,913","-0,92%"
"01.04.2024","58,451","58,451","58,451","58,451","0,31%"
"28.03.2024","58,268","58,268","58,268","58,268","0,30%"
"27.03.2024","58,092","58,092","58,092","58,092","0,94%"
"26.03.2024","57,548","57,548","57,548","57,548","-0,20%"
"25.03.2024","57,661","57,661","57,661","57,661","-0,50%"
"22.03.2024","57,953","57,953","57,953","57,953","0,28%"
"21.03.2024","57,792","57,792","57,792","57,792","0,26%"
"20.03.2024","57,642","57,642","57,642","57,642","0,95%"
"19.03.2024","57,101","57,101","57,101","57,101","0,81%"
"18.03.2024","56,642","56,642","56,642","56,642","0,65%"
"15.03.2024","56,274","56,274","56,274","56,274","-0,65%"
"14.03.2024","56,640","56,640","56,640","56,640","0,24%"
"13.03.2024","56,505","56,505","56,505","56,505","-0,42%"
"12.03.2024","56,744","56,744","56,744","56,744","1,21%"
"11.03.2024","56,066","56,066","56,066","56,066","0,18%"
"08.03.2024","55,963","55,963","55,963","55,963","-0,92%"
"07.03.2024","56,485","56,485","56,485","56,485","0,84%"
"06.03.2024","56,016","56,016","56,016","56,016","0,19%"
"05.03.2024","55,912","55,912","55,912","55,912","-1,09%"
"04.03.2024","56,529","56,529","56,529","56,529","-0,37%"
"01.03.2024","56,741","56,741","56,741","56,741","0,68%"
"29.02.2024","56,360","56,360","56,360","56,360","0,62%"
"27.02.2024","56,012","56,012","56,012","56,012","0,21%"
"26.02.2024","55,895","55,895","55,895","55,895","-0,65%"
"23.02.2024","56,263","56,263","56,263","56,263","-0,07%"
"22.02.2024","56,299","56,299","56,299","56,299","2,07%"
"21.02.2024","55,159","55,159","55,159","55,159","0,30%"
"20.02.2024","54,996","54,996","54,996","54,996","-1,11%"
"19.02.2024","55,615","55,615","55,615","55,615","0,04%"
"16.02.2024","55,594","55,594","55,594","55,594","-0,56%"
"15.02.2024","55,906","55,906","55,906","55,906","0,21%"
"14.02.2024","55,787","55,787","55,787","55,787","0,94%"
"13.02.2024","55,269","55,269","55,269","55,269","-0,90%"
"12.02.2024","55,770","55,770","55,770","55,770","0,08%"
"09.02.2024","55,724","55,724","55,724","55,724","0,35%"
"08.02.2024","55,529","55,529","55,529","55,529","0,02%"
"07.02.2024","55,516","55,516","55,516","55,516","0,70%"
"06.02.2024","55,131","55,131","55,131","55,131","0,06%"
"05.02.2024","55,098","55,098","55,098","55,098","0,39%"
"02.02.2024","54,883","54,883","54,883","54,883","1,32%"
"01.02.2024","54,166","54,166","54,166","54,166","1,57%"
"31.01.2024","53,330","53,330","53,330","53,330","-1,84%"
"30.01.2024","54,332","54,332","54,332","54,332","-0,41%"
"29.01.2024","54,553","54,553","54,553","54,553","1,35%"
"26.01.2024","53,825","53,825","53,825","53,825","-0,36%"
"25.01.2024","54,020","54,020","54,020","54,020","1,19%"
"24.01.2024","53,385","53,385","53,385","53,385","-0,55%"
"23.01.2024","53,682","53,682","53,682","53,682","0,78%"
"22.01.2024","53,264","53,264","53,264","53,264","0,20%"
"19.01.2024","53,160","53,160","53,160","53,160","0,94%"
"18.01.2024","52,664","52,664","52,664","52,664","0,87%"
"17.01.2024","52,212","52,212","52,212","52,212","-0,31%"
"16.01.2024","52,375","52,375","52,375","52,375","0,31%"
"15.01.2024","52,216","52,216","52,216","52,216","0,14%"
"12.01.2024","52,145","52,145","52,145","52,145","-0,09%"
"11.01.2024","52,193","52,193","52,193","52,193","0,24%"
"09.01.2024","52,068","52,068","52,068","52,068","0,35%"
"08.01.2024","51,886","51,886","51,886","51,886","1,48%"
"05.01.2024","51,131","51,131","51,131","51,131","-0,02%"
"04.01.2024","51,143","51,143","51,143","51,143","-0,79%"
"03.01.2024","51,552","51,552","51,552","51,552","-0,45%"
"02.01.2024","51,787","51,787","51,787","51,787","0,37%"
"29.12.2023","51,595","51,595","51,595","51,595","0,25%"
"28.12.2023","51,465","51,465","51,465","51,465","0,04%"
"27.12.2023","51,444","51,444","51,444","51,444","-0,56%"
"26.12.2023","51,736","51,736","51,736","51,736","0,29%"
"22.12.2023","51,584","51,584","51,584","51,584","-0,04%"
"21.12.2023","51,604","51,604","51,604","51,604","0,88%"
"20.12.2023","51,155","51,155","51,155","51,155","-1,34%"
"19.12.2023","51,851","51,851","51,851","51,851","-0,06%"
"18.12.2023","51,883","51,883","51,883","51,883","0,46%"
"15.12.2023","51,647","51,647","51,647","51,647","0,72%"
"14.12.2023","51,279","51,279","51,279","51,279","-1,54%"
"13.12.2023","52,082","52,082","52,082","52,082","1,24%"
"12.12.2023","51,443","51,443","51,443","51,443","0,12%"
"11.12.2023","51,383","51,383","51,383","51,383","0,62%"
"08.12.2023","51,068","51,068","51,068","51,068","0,56%"
"07.12.2023","50,783","50,783","50,783","50,783","0,87%"
"06.12.2023","50,346","50,346","50,346","50,346","-0,25%"
"05.12.2023","50,475","50,475","50,475","50,475","0,04%"
"04.12.2023","50,456","50,456","50,456","50,456","-0,36%"
"01.12.2023","50,636","50,636","50,636","50,636","1,30%"
"30.11.2023","49,989","49,989","49,989","49,989","0,99%"
"29.11.2023","49,500","49,500","49,500","49,500","-0,03%"
"28.11.2023","49,513","49,513","49,513","49,513","-0,34%"
"27.11.2023","49,682","49,682","49,682","49,682","-0,13%"
"24.11.2023","49,747","49,747","49,747","49,747","-0,21%"
"23.11.2023","49,854","49,854","49,854","49,854","-0,40%"
"22.11.2023","50,053","50,053","50,053","50,053","1,04%"
"21.11.2023","49,539","49,539","49,539","49,539","-0,15%"
"20.11.2023","49,616","49,616","49,616","49,616","0,27%"
"17.11.2023","49,484","49,484","49,484","49,484","0,04%"
"16.11.2023","49,467","49,467","49,467","49,467","0,03%"
"15.11.2023","49,454","49,454","49,454","49,454","-0,09%"
"14.11.2023","49,497","49,497","49,497","49,497","0,54%"
"13.11.2023","49,232","49,232","49,232","49,232","-0,27%"
"10.11.2023","49,364","49,364","49,364","49,364","2,00%"
"09.11.2023","48,396","48,396","48,396","48,396","-0,88%"
"08.11.2023","48,825","48,825","48,825","48,825","-0,10%"
"07.11.2023","48,872","48,872","48,872","48,872","0,84%"
"06.11.2023","48,464","48,464","48,464","48,464","0,07%"
"03.11.2023","48,428","48,428","48,428","48,428","-0,14%"
"02.11.2023","48,495","48,495","48,495","48,495","1,11%"
"01.11.2023","47,961","47,961","47,961","47,961","1,37%"
"31.10.2023","47,315","47,315","47,315","47,315","1,12%"
"30.10.2023","46,790","46,790","46,790","46,790","0,82%"
"27.10.2023","46,409","46,409","46,409","46,409","-0,82%"
"26.10.2023","46,792","46,792","46,792","46,792","-0,77%"
"25.10.2023","47,157","47,157","47,157","47,157","-1,32%"
"24.10.2023","47,787","47,787","47,787","47,787","1,02%"
"23.10.2023","47,305","47,305","47,305","47,305","-0,55%"
"20.10.2023","47,569","47,569","47,569","47,569","-1,44%"
"19.10.2023","48,266","48,266","48,266","48,266","-1,12%"
"18.10.2023","48,814","48,814","48,814","48,814","-0,98%"
"17.10.2023","49,300","49,300","49,300","49,300","-0,27%"
"16.10.2023","49,431","49,431","49,431","49,431","0,62%"
"13.10.2023","49,126","49,126","49,126","49,126","-0,01%"
"12.10.2023","49,131","49,131","49,131","49,131","0,02%"
"11.10.2023","49,120","49,120","49,120","49,120","0,19%"
"10.10.2023","49,028","49,028","49,028","49,028","0,03%"
"09.10.2023","49,014","49,014","49,014","49,014","1,68%"
"05.10.2023","48,202","48,202","48,202","48,202","-0,48%"
"04.10.2023","48,434","48,434","48,434","48,434","0,65%"
"03.10.2023","48,123","48,123","48,123","48,123","-1,17%"
"02.10.2023","48,690","48,690","48,690","48,690","0,87%"
"29.09.2023","48,270","48,270","48,270","48,270","-0,50%"
"28.09.2023","48,513","48,513","48,513","48,513","0,11%"
"27.09.2023","48,460","48,460","48,460","48,460","0,71%"
"26.09.2023","48,117","48,117","48,117","48,117","-1,53%"
"25.09.2023","48,864","48,864","48,864","48,864","1,17%"
"22.09.2023","48,300","48,300","48,300","48,300","-0,21%"
"21.09.2023","48,402","48,402","48,402","48,402","-1,09%"
"20.09.2023","48,935","48,935","48,935","48,935","-1,21%"
"19.09.2023","49,533","49,533","49,533","49,533","-0,35%"
"18.09.2023","49,707","49,707","49,707","49,707","-0,01%"
"15.09.2023","49,713","49,713","49,713","49,713","-1,22%"
"14.09.2023","50,328","50,328","50,328","50,328","1,55%"
"13.09.2023","49,559","49,559","49,559","49,559","-0,11%"
"12.09.2023","49,613","49,613","49,613","49,613","-0,27%"
"11.09.2023","49,745","49,745","49,745","49,745","0,38%"
"08.09.2023","49,556","49,556","49,556","49,556","0,05%"
"07.09.2023","49,529","49,529","49,529","49,529","-0,28%"
"06.09.2023","49,670","49,670","49,670","49,670","-0,69%"
"05.09.2023","50,016","50,016","50,016","50,016","0,30%"
"04.09.2023","49,866","49,866","49,866","49,866","0,20%"
"01.09.2023","49,765","49,765","49,765","49,765","0,61%"
"31.08.2023","49,463","49,463","49,463","49,463","0,55%"
"30.08.2023","49,194","49,194","49,194","49,194","-0,52%"
"29.08.2023","49,451","49,451","49,451","49,451","1,23%"
"28.08.2023","48,849","48,849","48,849","48,849","0,30%"
"25.08.2023","48,703","48,703","48,703","48,703","1,33%"
"24.08.2023","48,064","48,064","48,064","48,064","-1,28%"
"23.08.2023","48,688","48,688","48,688","48,688","1,14%"
"22.08.2023","48,138","48,138","48,138","48,138","0,06%"
"21.08.2023","48,107","48,107","48,107","48,107","0,56%"
"18.08.2023","47,840","47,840","47,840","47,840","0,14%"
"17.08.2023","47,775","47,775","47,775","47,775","-0,60%"
"16.08.2023","48,063","48,063","48,063","48,063","-0,45%"
"15.08.2023","48,279","48,279","48,279","48,279","-1,46%"
"14.08.2023","48,995","48,995","48,995","48,995","1,20%"
"11.08.2023","48,414","48,414","48,414","48,414","0,33%"
"10.08.2023","48,257","48,257","48,257","48,257","-0,28%"
"09.08.2023","48,394","48,394","48,394","48,394","-1,03%"
"08.08.2023","48,899","48,899","48,899","48,899","0,10%"
"07.08.2023","48,852","48,852","48,852","48,852","1,08%"
"04.08.2023","48,329","48,329","48,329","48,329","-1,34%"
"03.08.2023","48,986","48,986","48,986","48,986","-0,30%"
"02.08.2023","49,134","49,134","49,134","49,134","-0,91%"
"01.08.2023","49,585","49,585","49,585","49,585","0,15%"
"31.07.2023","49,509","49,509","49,509","49,509","0,24%"
"28.07.2023","49,391","49,391","49,391","49,391","0,59%"
"27.07.2023","49,100","49,100","49,100","49,100","0,02%"
"26.07.2023","49,092","49,092","49,092","49,092","-0,19%"
"25.07.2023","49,186","49,186","49,186","49,186","0,60%"
"24.07.2023","48,890","48,890","48,890","48,890","0,71%"
"21.07.2023","48,547","48,547","48,547","48,547","0,34%"
"20.07.2023","48,383","48,383","48,383","48,383","-0,28%"
"19.07.2023","48,520","48,520","48,520","48,520","0,64%"
"18.07.2023","48,209","48,209","48,209","48,209","0,68%"
"17.07.2023","47,886","47,886","47,886","47,886","0,47%"
"14.07.2023","47,660","47,660","47,660","47,660","-0,53%"
"13.07.2023","47,912","47,912","47,912","47,912","0,19%"
"12.07.2023","47,821","47,821","47,821","47,821","-0,44%"
"11.07.2023","48,031","48,031","48,031","48,031","0,55%"
"10.07.2023","47,770","47,770","47,770","47,770","-0,01%"
"07.07.2023","47,774","47,774","47,774","47,774","-1,02%"
"06.07.2023","48,267","48,267","48,267","48,267","-0,73%"
"05.07.2023","48,621","48,621","48,621","48,621","0,07%"
"04.07.2023","48,587","48,587","48,587","48,587","0,04%"
"03.07.2023","48,567","48,567","48,567","48,567","0,15%"
"30.06.2023","48,493","48,493","48,493","48,493","1,03%"
"29.06.2023","47,999","47,999","47,999","47,999","0,57%"
"28.06.2023","47,729","47,729","47,729","47,729","0,42%"
"27.06.2023","47,530","47,530","47,530","47,530","0,77%"
"26.06.2023","47,169","47,169","47,169","47,169","-0,69%"
"23.06.2023","47,496","47,496","47,496","47,496","-0,06%"
"22.06.2023","47,527","47,527","47,527","47,527","0,34%"
"21.06.2023","47,367","47,367","47,367","47,367","-1,00%"
"20.06.2023","47,846","47,846","47,846","47,846","-0,27%"
"19.06.2023","47,974","47,974","47,974","47,974","0,01%"
"16.06.2023","47,970","47,970","47,970","47,970","-0,49%"
"15.06.2023","48,208","48,208","48,208","48,208","0,70%"
"14.06.2023","47,873","47,873","47,873","47,873","-0,38%"
"13.06.2023","48,056","48,056","48,056","48,056","0,18%"
"12.06.2023","47,968","47,968","47,968","47,968","1,02%"
"09.06.2023","47,483","47,483","47,483","47,483","0,24%"
"08.06.2023","47,369","47,369","47,369","47,369","0,04%"
"07.06.2023","47,351","47,351","47,351","47,351","-0,54%"
"06.06.2023","47,606","47,606","47,606","47,606","0,43%"
"05.06.2023","47,401","47,401","47,401","47,401","-0,07%"
"02.06.2023","47,434","47,434","47,434","47,434","1,51%"
"01.06.2023","46,726","46,726","46,726","46,726","0,34%"
"31.05.2023","46,570","46,570","46,570","46,570","0,02%"
"30.05.2023","46,559","46,559","46,559","46,559","-0,17%"
"29.05.2023","46,636","46,636","46,636","46,636","-0,03%"
"26.05.2023","46,652","46,652","46,652","46,652","1,53%"
"25.05.2023","45,950","45,950","45,950","45,950","1,20%"
"24.05.2023","45,407","45,407","45,407","45,407","-0,58%"
"23.05.2023","45,673","45,673","45,673","45,673","-0,93%"
"22.05.2023","46,103","46,103","46,103","46,103","-0,09%"
"19.05.2023","46,145","46,145","46,145","46,145","-0,31%"
"18.05.2023","46,286","46,286","46,286","46,286","1,44%"
"17.05.2023","45,631","45,631","45,631","45,631","1,63%"
"16.05.2023","44,898","44,898","44,898","44,898","-0,64%"
"15.05.2023","45,189","45,189","45,189","45,189","0,28%"
"12.05.2023","45,064","45,064","45,064","45,064","0,37%"
"11.05.2023","44,899","44,899","44,899","44,899","0,34%"
"10.05.2023","44,748","44,748","44,748","44,748","0,30%"
"09.05.2023","44,614","44,614","44,614","44,614","0,08%"
"08.05.2023","44,579","44,579","44,579","44,579","-0,02%"
"05.05.2023","44,589","44,589","44,589","44,589","1,80%"
"04.05.2023","43,803","43,803","43,803","43,803","-0,24%"
"03.05.2023","43,908","43,908","43,908","43,908","-1,36%"
"02.05.2023","44,514","44,514","44,514","44,514","-1,15%"
"01.05.2023","45,030","45,030","45,030","45,030","0,50%"
"28.04.2023","44,806","44,806","44,806","44,806","0,56%"
"27.04.2023","44,555","44,555","44,555","44,555","2,26%"
"26.04.2023","43,569","43,569","43,569","43,569","-0,98%"
"25.04.2023","43,999","43,999","43,999","43,999","-1,11%"
"24.04.2023","44,494","44,494","44,494","44,494","-0,42%"
"21.04.2023","44,684","44,684","44,684","44,684","0,14%"
"20.04.2023","44,623","44,623","44,623","44,623","-0,77%"
"19.04.2023","44,969","44,969","44,969","44,969","0,03%"
"18.04.2023","44,956","44,956","44,956","44,956","-0,34%"
"17.04.2023","45,110","45,110","45,110","45,110","1,17%"
"14.04.2023","44,587","44,587","44,587","44,587","0,16%"
"13.04.2023","44,518","44,518","44,518","44,518","0,70%"
"12.04.2023","44,210","44,210","44,210","44,210","-1,00%"
"11.04.2023","44,657","44,657","44,657","44,657","-0,67%"
"10.04.2023","44,960","44,960","44,960","44,960","0,88%"
"06.04.2023","44,570","44,570","44,570","44,570","0,26%"
"05.04.2023","44,453","44,453","44,453","44,453","0,29%"
"04.04.2023","44,325","44,325","44,325","44,325","-1,31%"
"03.04.2023","44,912","44,912","44,912","44,912","0,15%"
"31.03.2023","44,845","44,845","44,845","44,845","1,90%"
"30.03.2023","44,009","44,009","44,009","44,009","-0,18%"
"29.03.2023","44,087","44,087","44,087","44,087","1,45%"
"28.03.2023","43,458","43,458","43,458","43,458","-0,63%"
"27.03.2023","43,736","43,736","43,736","43,736","-0,01%"
"24.03.2023","43,741","43,741","43,741","43,741","1,76%"
"23.03.2023","42,987","42,987","42,987","42,987","-0,60%"
"22.03.2023","43,248","43,248","43,248","43,248","-1,83%"
"21.03.2023","44,054","44,054","44,054","44,054","0,84%"
"20.03.2023","43,686","43,686","43,686","43,686","0,18%"
"17.03.2023","43,609","43,609","43,609","43,609","-1,33%"
"16.03.2023","44,198","44,198","44,198","44,198","0,94%"
"15.03.2023","43,786","43,786","43,786","43,786","1,09%"
"14.03.2023","43,315","43,315","43,315","43,315","1,78%"
"13.03.2023","42,557","42,557","42,557","42,557","-0,58%"
"10.03.2023","42,806","42,806","42,806","42,806","-2,55%"
"09.03.2023","43,928","43,928","43,928","43,928","-1,99%"
"08.03.2023","44,819","44,819","44,819","44,819","0,46%"
"07.03.2023","44,613","44,613","44,613","44,613","-0,66%"
"06.03.2023","44,910","44,910","44,910","44,910","-0,69%"
"03.03.2023","45,224","45,224","45,224","45,224","1,75%"
"02.03.2023","44,448","44,448","44,448","44,448","1,35%"
"01.03.2023","43,857","43,857","43,857","43,857","-1,08%"
"28.02.2023","44,337","44,337","44,337","44,337","-0,58%"
"24.02.2023","44,596","44,596","44,596","44,596","-0,53%"
"23.02.2023","44,835","44,835","44,835","44,835","0,84%"
"22.02.2023","44,463","44,463","44,463","44,463","0,36%"
"21.02.2023","44,302","44,302","44,302","44,302","-1,97%"
"20.02.2023","45,191","45,191","45,191","45,191","-0,23%"
"17.02.2023","45,293","45,293","45,293","45,293","-0,18%"
"16.02.2023","45,372","45,372","45,372","45,372","-1,34%"
"15.02.2023","45,991","45,991","45,991","45,991","0,69%"
"14.02.2023","45,674","45,674","45,674","45,674","-0,01%"
"13.02.2023","45,679","45,679","45,679","45,679","0,75%"
"10.02.2023","45,340","45,340","45,340","45,340","1,04%"
"09.02.2023","44,874","44,874","44,874","44,874","-1,22%"
"08.02.2023","45,428","45,428","45,428","45,428","-1,40%"
"07.02.2023","46,073","46,073","46,073","46,073","1,66%"
"06.02.2023","45,322","45,322","45,322","45,322","0,56%"
"03.02.2023","45,071","45,071","45,071","45,071","-0,28%"
"02.02.2023","45,196","45,196","45,196","45,196","1,30%"
"01.02.2023","44,617","44,617","44,617","44,617","0,48%"
"31.01.2023","44,403","44,403","44,403","44,403","1,56%"
"30.01.2023","43,721","43,721","43,721","43,721","-1,56%"
"27.01.2023","44,416","44,416","44,416","44,416","0,38%"
"26.01.2023","44,250","44,250","44,250","44,250","1,56%"
"25.01.2023","43,571","43,571","43,571","43,571","-0,27%"
"24.01.2023","43,687","43,687","43,687","43,687","-0,17%"
"23.01.2023","43,760","43,760","43,760","43,760","0,87%"
"20.01.2023","43,382","43,382","43,382","43,382","1,50%"
"19.01.2023","42,740","42,740","42,740","42,740","-0,37%"
"18.01.2023","42,898","42,898","42,898","42,898","-1,83%"
"17.01.2023","43,698","43,698","43,698","43,698","0,02%"
"16.01.2023","43,690","43,690","43,690","43,690","0,04%"
"13.01.2023","43,674","43,674","43,674","43,674","0,19%"
"12.01.2023","43,592","43,592","43,592","43,592","-0,14%"
"11.01.2023","43,654","43,654","43,654","43,654","1,05%"
"10.01.2023","43,202","43,202","43,202","43,202","0,82%"
"09.01.2023","42,849","42,849","42,849","42,849","-1,36%"
"06.01.2023","43,439","43,439","43,439","43,439","1,48%"
"05.01.2023","42,803","42,803","42,803","42,803","-0,36%"
"04.01.2023","42,960","42,960","42,960","42,960","0,30%"
"03.01.2023","42,831","42,831","42,831","42,831","0,71%"
"30.12.2022","42,530","42,530","42,530","42,530","-0,31%"
"29.12.2022","42,661","42,661","42,661","42,661","1,30%"
"28.12.2022","42,115","42,115","42,115","42,115","-1,64%"
"23.12.2022","42,819","42,819","42,819","42,819","0,46%"
"22.12.2022","42,620","42,620","42,620","42,620","-1,32%"
"21.12.2022","43,188","43,188","43,188","43,188","1,74%"
"20.12.2022","42,451","42,451","42,451","42,451","-0,46%"
"19.12.2022","42,646","42,646","42,646","42,646","-0,56%"
"16.12.2022","42,886","42,886","42,886","42,886","-0,78%"
"15.12.2022","43,225","43,225","43,225","43,225","-2,52%"
"14.12.2022","44,340","44,340","44,340","44,340","-0,68%"
"13.12.2022","44,642","44,642","44,642","44,642","-0,38%"
"12.12.2022","44,810","44,810","44,810","44,810","1,61%"
"09.12.2022","44,100","44,100","44,100","44,100","-0,69%"
"08.12.2022","44,404","44,404","44,404","44,404","0,36%"
"07.12.2022","44,244","44,244","44,244","44,244","-0,20%"
"06.12.2022","44,331","44,331","44,331","44,331","-1,20%"
"05.12.2022","44,871","44,871","44,871","44,871","-2,29%"
"02.12.2022","45,924","45,924","45,924","45,924","0,01%"
"01.12.2022","45,919","45,919","45,919","45,919","-1,88%"
"30.11.2022","46,801","46,801","46,801","46,801","3,71%"
"29.11.2022","45,125","45,125","45,125","45,125","0,24%"
"28.11.2022","45,016","45,016","45,016","45,016","-1,46%"
"25.11.2022","45,683","45,683","45,683","45,683","0,00%"
"24.11.2022","45,682","45,682","45,682","45,682","-0,34%"
"23.11.2022","45,836","45,836","45,836","45,836","-0,28%"
"22.11.2022","45,964","45,964","45,964","45,964","0,93%"
"21.11.2022","45,542","45,542","45,542","45,542","0,96%"
"17.11.2022","45,107","45,107","45,107","45,107","0,44%"
"16.11.2022","44,910","44,910","44,910","44,910","-1,18%"
"15.11.2022","45,447","45,447","45,447","45,447","0,54%"
"14.11.2022","45,201","45,201","45,201","45,201","-0,93%"
"11.11.2022","45,628","45,628","45,628","45,628","-0,49%"
"10.11.2022","45,854","45,854","45,854","45,854","3,96%"
"09.11.2022","44,106","44,106","44,106","44,106","-1,69%"
"08.11.2022","44,865","44,865","44,865","44,865","-0,11%"
"07.11.2022","44,914","44,914","44,914","44,914","-0,09%"
"04.11.2022","44,953","44,953","44,953","44,953","-0,03%"
"03.11.2022","44,965","44,965","44,965","44,965","0,10%"
"02.11.2022","44,920","44,920","44,920","44,920","-2,49%"
"01.11.2022","46,070","46,070","46,070","46,070","-0,30%"
"31.10.2022","46,208","46,208","46,208","46,208","-0,08%"
"28.10.2022","46,245","46,245","46,245","46,245","2,96%"
"27.10.2022","44,914","44,914","44,914","44,914","-0,10%"
"26.10.2022","44,958","44,958","44,958","44,958","-1,63%"
"25.10.2022","45,702","45,702","45,702","45,702","0,87%"
"24.10.2022","45,307","45,307","45,307","45,307","0,29%"
"21.10.2022","45,178","45,178","45,178","45,178","2,86%"
"20.10.2022","43,920","43,920","43,920","43,920","-1,32%"
"19.10.2022","44,508","44,508","44,508","44,508","-0,06%"
"18.10.2022","44,535","44,535","44,535","44,535","0,80%"
"17.10.2022","44,183","44,183","44,183","44,183","1,99%"
"14.10.2022","43,322","43,322","43,322","43,322","-2,73%"
"13.10.2022","44,539","44,539","44,539","44,539","2,44%"
"12.10.2022","43,480","43,480","43,480","43,480","-0,24%"
"11.10.2022","43,584","43,584","43,584","43,584","-0,72%"
"10.10.2022","43,899","43,899","43,899","43,899","0,10%"
"07.10.2022","43,856","43,856","43,856","43,856","-2,24%"
"06.10.2022","44,861","44,861","44,861","44,861","1,58%"
"03.10.2022","44,164","44,164","44,164","44,164","2,37%"
"30.09.2022","43,142","43,142","43,142","43,142","-1,80%"
"29.09.2022","43,935","43,935","43,935","43,935","-1,66%"
"27.09.2022","44,677","44,677","44,677","44,677","0,08%"
"26.09.2022","44,641","44,641","44,641","44,641","-0,45%"
"23.09.2022","44,843","44,843","44,843","44,843","-0,61%"
"22.09.2022","45,118","45,118","45,118","45,118","-0,20%"
"21.09.2022","45,209","45,209","45,209","45,209","-0,55%"
"20.09.2022","45,461","45,461","45,461","45,461","-0,09%"
"16.09.2022","45,501","45,501","45,501","45,501","-1,06%"
"15.09.2022","45,991","45,991","45,991","45,991","-1,11%"
"14.09.2022","46,505","46,505","46,505","46,505","0,54%"
"13.09.2022","46,256","46,256","46,256","46,256","-3,22%"
"12.09.2022","47,793","47,793","47,793","47,793","0,17%"
"09.09.2022","47,710","47,710","47,710","47,710","0,66%"
"08.09.2022","47,396","47,396","47,396","47,396","0,59%"
"07.09.2022","47,118","47,118","47,118","47,118","1,39%"
"06.09.2022","46,474","46,474","46,474","46,474","-0,24%"
"05.09.2022","46,588","46,588","46,588","46,588","1,08%"
"02.09.2022","46,091","46,091","46,091","46,091","-1,97%"
"01.09.2022","47,018","47,018","47,018","47,018","1,52%"
"31.08.2022","46,315","46,315","46,315","46,315","-1,43%"
"30.08.2022","46,986","46,986","46,986","46,986","-1,15%"
"29.08.2022","47,531","47,531","47,531","47,531","-0,34%"
"26.08.2022","47,691","47,691","47,691","47,691","-3,70%"
"25.08.2022","49,526","49,526","49,526","49,526","1,52%"
"24.08.2022","48,786","48,786","48,786","48,786","0,24%"
"23.08.2022","48,670","48,670","48,670","48,670","-0,42%"
"22.08.2022","48,877","48,877","48,877","48,877","-1,40%"
"19.08.2022","49,570","49,570","49,570","49,570","-0,42%"
"18.08.2022","49,780","49,780","49,780","49,780","0,56%"
"17.08.2022","49,501","49,501","49,501","49,501","-0,55%"
"16.08.2022","49,773","49,773","49,773","49,773","0,34%"
"15.08.2022","49,605","49,605","49,605","49,605","0,89%"
"12.08.2022","49,167","49,167","49,167","49,167","2,74%"
"11.08.2022","47,854","47,854","47,854","47,854","0,05%"
"10.08.2022","47,832","47,832","47,832","47,832","0,82%"
"09.08.2022","47,441","47,441","47,441","47,441","-0,47%"
"08.08.2022","47,667","47,667","47,667","47,667","-0,63%"
"05.08.2022","47,970","47,970","47,970","47,970","0,30%"
"04.08.2022","47,828","47,828","47,828","47,828","-0,86%"
"03.08.2022","48,245","48,245","48,245","48,245","2,26%"
"02.08.2022","47,180","47,180","47,180","47,180","0,05%"
"01.08.2022","47,157","47,157","47,157","47,157","-1,03%"
"29.07.2022","47,645","47,645","47,645","47,645","1,02%"
"28.07.2022","47,165","47,165","47,165","47,165","0,87%"
"27.07.2022","46,757","46,757","46,757","46,757","2,75%"
"26.07.2022","45,506","45,506","45,506","45,506","-0,33%"
"25.07.2022","45,659","45,659","45,659","45,659","0,26%"
"22.07.2022","45,542","45,542","45,542","45,542","-1,31%"
"21.07.2022","46,144","46,144","46,144","46,144","1,20%"
"20.07.2022","45,599","45,599","45,599","45,599","0,94%"
"19.07.2022","45,176","45,176","45,176","45,176","2,25%"
"18.07.2022","44,184","44,184","44,184","44,184","-1,97%"
"15.07.2022","45,070","45,070","45,070","45,070","1,08%"
"14.07.2022","44,589","44,589","44,589","44,589","0,84%"
"13.07.2022","44,219","44,219","44,219","44,219","-1,04%"
"12.07.2022","44,681","44,681","44,681","44,681","-0,59%"
"11.07.2022","44,946","44,946","44,946","44,946","-0,27%"
"08.07.2022","45,067","45,067","45,067","45,067","-0,11%"
"07.07.2022","45,118","45,118","45,118","45,118","1,75%"
"06.07.2022","44,343","44,343","44,343","44,343","0,83%"
"05.07.2022","43,979","43,979","43,979","43,979","1,95%"
"04.07.2022","43,138","43,138","43,138","43,138","-0,31%"
"01.07.2022","43,273","43,273","43,273","43,273","1,67%"
"30.06.2022","42,563","42,563","42,563","42,563","-0,64%"
"29.06.2022","42,836","42,836","42,836","42,836","0,28%"
"28.06.2022","42,716","42,716","42,716","42,716","-1,24%"
"27.06.2022","43,253","43,253","43,253","43,253","-0,79%"
"24.06.2022","43,600","43,600","43,600","43,600","2,90%"
"23.06.2022","42,370","42,370","42,370","42,370","1,61%"
"22.06.2022","41,700","41,700","41,700","41,700","-0,43%"
"21.06.2022","41,880","41,880","41,880","41,880","2,18%"
"20.06.2022","40,986","40,986","40,986","40,986","-0,75%"
"17.06.2022","41,297","41,297","41,297","41,297","0,59%"
"16.06.2022","41,055","41,055","41,055","41,055","-4,03%"
"15.06.2022","42,778","42,778","42,778","42,778","1,46%"
"14.06.2022","42,162","42,162","42,162","42,162","-0,24%"
"13.06.2022","42,263","42,263","42,263","42,263","-2,88%"
"10.06.2022","43,517","43,517","43,517","43,517","-1,80%"
"09.06.2022","44,316","44,316","44,316","44,316","-1,63%"
"08.06.2022","45,050","45,050","45,050","45,050","-1,32%"
"07.06.2022","45,651","45,651","45,651","45,651","1,10%"
"06.06.2022","45,157","45,157","45,157","45,157","0,33%"
"03.06.2022","45,009","45,009","45,009","45,009","-1,68%"
"02.06.2022","45,778","45,778","45,778","45,778","1,39%"
"01.06.2022","45,151","45,151","45,151","45,151","-0,32%"
"31.05.2022","45,297","45,297","45,297","45,297","0,00%"
"30.05.2022","45,297","45,297","45,297","45,297","-0,65%"
"27.05.2022","45,591","45,591","45,591","45,591","2,56%"
"26.05.2022","44,454","44,454","44,454","44,454","1,63%"
"25.05.2022","43,741","43,741","43,741","43,741","1,39%"
"24.05.2022","43,142","43,142","43,142","43,142","-1,35%"
"23.05.2022","43,731","43,731","43,731","43,731","0,81%"
"20.05.2022","43,381","43,381","43,381","43,381","0,31%"
"19.05.2022","43,245","43,245","43,245","43,245","-1,30%"
"18.05.2022","43,814","43,814","43,814","43,814","-3,81%"
"17.05.2022","45,550","45,550","45,550","45,550","0,75%"
"16.05.2022","45,212","45,212","45,212","45,212","-0,48%"
"13.05.2022","45,432","45,432","45,432","45,432","2,57%"
"12.05.2022","44,293","44,293","44,293","44,293","1,18%"
"11.05.2022","43,776","43,776","43,776","43,776","-1,68%"
"10.05.2022","44,522","44,522","44,522","44,522","0,12%"
"09.05.2022","44,468","44,468","44,468","44,468","-2,71%"
"06.05.2022","45,708","45,708","45,708","45,708","-1,05%"
"05.05.2022","46,193","46,193","46,193","46,193","-3,39%"
"04.05.2022","47,815","47,815","47,815","47,815","2,89%"
"03.05.2022","46,473","46,473","46,473","46,473","0,34%"
"02.05.2022","46,315","46,315","46,315","46,315","0,82%"
"29.04.2022","45,940","45,940","45,940","45,940","-3,93%"
"28.04.2022","47,818","47,818","47,818","47,818","2,49%"
"27.04.2022","46,657","46,657","46,657","46,657","1,48%"
"26.04.2022","45,977","45,977","45,977","45,977","-2,29%"
"25.04.2022","47,057","47,057","47,057","47,057","1,21%"
"22.04.2022","46,495","46,495","46,495","46,495","-2,15%"
"21.04.2022","47,517","47,517","47,517","47,517","-1,28%"
"20.04.2022","48,132","48,132","48,132","48,132","-0,79%"
"19.04.2022","48,514","48,514","48,514","48,514","1,67%"
"18.04.2022","47,716","47,716","47,716","47,716","-0,18%"
"14.04.2022","47,802","47,802","47,802","47,802","-0,56%"
"13.04.2022","48,073","48,073","48,073","48,073","1,37%"
"12.04.2022","47,422","47,422","47,422","47,422","-0,12%"
"11.04.2022","47,481","47,481","47,481","47,481","-1,90%"
"08.04.2022","48,401","48,401","48,401","48,401","0,08%"
"07.04.2022","48,360","48,360","48,360","48,360","0,51%"
"06.04.2022","48,116","48,116","48,116","48,116","-0,80%"
"05.04.2022","48,504","48,504","48,504","48,504","-0,72%"
"04.04.2022","48,856","48,856","48,856","48,856","1,18%"
"01.04.2022","48,288","48,288","48,288","48,288","1,16%"
"31.03.2022","47,735","47,735","47,735","47,735","-1,22%"
"30.03.2022","48,326","48,326","48,326","48,326","-1,17%"
"29.03.2022","48,900","48,900","48,900","48,900","0,01%"
"28.03.2022","48,894","48,894","48,894","48,894","0,85%"
"25.03.2022","48,481","48,481","48,481","48,481","0,72%"
"24.03.2022","48,136","48,136","48,136","48,136","1,39%"
"23.03.2022","47,478","47,478","47,478","47,478","-1,04%"
"22.03.2022","47,976","47,976","47,976","47,976","1,38%"
"21.03.2022","47,322","47,322","47,322","47,322","-0,05%"
"18.03.2022","47,345","47,345","47,345","47,345","1,73%"
"17.03.2022","46,542","46,542","46,542","46,542","0,18%"
"16.03.2022","46,458","46,458","46,458","46,458","2,05%"
"15.03.2022","45,523","45,523","45,523","45,523","2,20%"
"14.03.2022","44,542","44,542","44,542","44,542","-0,85%"
"11.03.2022","44,924","44,924","44,924","44,924","-0,82%"
"10.03.2022","45,297","45,297","45,297","45,297","-0,18%"
"09.03.2022","45,378","45,378","45,378","45,378","1,02%"
"08.03.2022","44,920","44,920","44,920","44,920","-0,74%"
"07.03.2022","45,255","45,255","45,255","45,255","-2,56%"
"04.03.2022","46,443","46,443","46,443","46,443","0,51%"
"03.03.2022","46,207","46,207","46,207","46,207","-0,47%"
"02.03.2022","46,426","46,426","46,426","46,426","2,55%"
"01.03.2022","45,273","45,273","45,273","45,273","-0,74%"
"28.02.2022","45,610","45,610","45,610","45,610","-0,12%"
"25.02.2022","45,664","45,664","45,664","45,664","1,05%"
"24.02.2022","45,189","45,189","45,189","45,189","3,42%"
"23.02.2022","43,694","43,694","43,694","43,694","-1,75%"
"22.02.2022","44,474","44,474","44,474","44,474","-1,00%"
"21.02.2022","44,923","44,923","44,923","44,923","0,05%"
"18.02.2022","44,902","44,902","44,902","44,902","-0,47%"
"17.02.2022","45,114","45,114","45,114","45,114","-2,14%"
"16.02.2022","46,102","46,102","46,102","46,102","0,03%"
"15.02.2022","46,090","46,090","46,090","46,090","1,16%"
"14.02.2022","45,563","45,563","45,563","45,563","0,46%"
"11.02.2022","45,356","45,356","45,356","45,356","-1,34%"
"10.02.2022","45,974","45,974","45,974","45,974","-2,14%"
"09.02.2022","46,978","46,978","46,978","46,978","1,38%"
"08.02.2022","46,336","46,336","46,336","46,336","1,07%"
"07.02.2022","45,847","45,847","45,847","45,847","-0,39%"
"04.02.2022","46,028","46,028","46,028","46,028","0,30%"
"03.02.2022","45,889","45,889","45,889","45,889","-3,47%"
"02.02.2022","47,538","47,538","47,538","47,538","0,52%"
"01.02.2022","47,293","47,293","47,293","47,293","0,34%"
"31.01.2022","47,134","47,134","47,134","47,134","1,48%"
"28.01.2022","46,444","46,444","46,444","46,444","2,29%"
"27.01.2022","45,404","45,404","45,404","45,404","0,66%"
"26.01.2022","45,107","45,107","45,107","45,107","-0,22%"
"25.01.2022","45,209","45,209","45,209","45,209","-0,91%"
"24.01.2022","45,625","45,625","45,625","45,625","0,61%"
"21.01.2022","45,346","45,346","45,346","45,346","-1,88%"
"20.01.2022","46,217","46,217","46,217","46,217","-1,12%"
"19.01.2022","46,742","46,742","46,742","46,742","-0,99%"
"18.01.2022","47,207","47,207","47,207","47,207","-1,32%"
"17.01.2022","47,838","47,838","47,838","47,838","0,27%"
"14.01.2022","47,711","47,711","47,711","47,711","0,32%"
"13.01.2022","47,559","47,559","47,559","47,559","-1,76%"
"12.01.2022","48,411","48,411","48,411","48,411","-0,42%"
"11.01.2022","48,615","48,615","48,615","48,615","0,73%"
"10.01.2022","48,263","48,263","48,263","48,263","0,11%"
"07.01.2022","48,212","48,212","48,212","48,212","-0,85%"
"06.01.2022","48,625","48,625","48,625","48,625","0,27%"
"05.01.2022","48,496","48,496","48,496","48,496","-2,17%"
"04.01.2022","49,570","49,570","49,570","49,570","1,13%"
"31.12.2021","49,015","49,015","49,015","49,015","-0,62%"
"30.12.2021","49,320","49,320","49,320","49,320","-0,12%"
"29.12.2021","49,380","49,380","49,380","49,380","-0,34%"
"28.12.2021","49,547","49,547","49,547","49,547","1,58%"
"24.12.2021","48,778","48,778","48,778","48,778","-0,18%"
"23.12.2021","48,867","48,867","48,867","48,867","0,76%"
"22.12.2021","48,500","48,500","48,500","48,500","0,48%"
"21.12.2021","48,267","48,267","48,267","48,267","2,03%"
"20.12.2021","47,308","47,308","47,308","47,308","-1,27%"
"17.12.2021","47,916","47,916","47,916","47,916","-0,74%"
"16.12.2021","48,274","48,274","48,274","48,274","-1,36%"
"15.12.2021","48,938","48,938","48,938","48,938","1,83%"
"14.12.2021","48,057","48,057","48,057","48,057","-0,72%"
"13.12.2021","48,405","48,405","48,405","48,405","-0,66%"
"10.12.2021","48,725","48,725","48,725","48,725","0,79%"
"09.12.2021","48,346","48,346","48,346","48,346","-0,30%"
"08.12.2021","48,489","48,489","48,489","48,489","-0,45%"
"07.12.2021","48,707","48,707","48,707","48,707","2,28%"
"06.12.2021","47,619","47,619","47,619","47,619","1,26%"
"03.12.2021","47,027","47,027","47,027","47,027","-0,51%"
"02.12.2021","47,269","47,269","47,269","47,269","1,58%"
"01.12.2021","46,534","46,534","46,534","46,534","-1,86%"
"30.11.2021","47,415","47,415","47,415","47,415","-1,78%"
"29.11.2021","48,273","48,273","48,273","48,273","1,74%"
"26.11.2021","47,445","47,445","47,445","47,445","-3,18%"
"25.11.2021","49,004","49,004","49,004","49,004","-0,12%"
"24.11.2021","49,063","49,063","49,063","49,063","0,83%"
"23.11.2021","48,658","48,658","48,658","48,658","0,02%"
"22.11.2021","48,651","48,651","48,651","48,651","0,31%"
"19.11.2021","48,499","48,499","48,499","48,499","0,14%"
"18.11.2021","48,433","48,433","48,433","48,433","-0,01%"
"17.11.2021","48,440","48,440","48,440","48,440","0,13%"
"16.11.2021","48,377","48,377","48,377","48,377","1,01%"
"15.11.2021","47,894","47,894","47,894","47,894","0,21%"
"12.11.2021","47,793","47,793","47,793","47,793","0,96%"
"11.11.2021","47,338","47,338","47,338","47,338","0,47%"
"10.11.2021","47,117","47,117","47,117","47,117","-0,24%"
"09.11.2021","47,230","47,230","47,230","47,230","-0,31%"
"08.11.2021","47,375","47,375","47,375","47,375","-0,21%"
"05.11.2021","47,474","47,474","47,474","47,474","0,30%"
"04.11.2021","47,331","47,331","47,331","47,331","0,77%"
"03.11.2021","46,971","46,971","46,971","46,971","0,61%"
"02.11.2021","46,688","46,688","46,688","46,688","0,46%"
"01.11.2021","46,475","46,475","46,475","46,475","0,02%"
"29.10.2021","46,464","46,464","46,464","46,464","1,10%"
"28.10.2021","45,957","45,957","45,957","45,957","0,29%"
"27.10.2021","45,824","45,824","45,824","45,824","-0,52%"
"26.10.2021","46,064","46,064","46,064","46,064","0,35%"
"25.10.2021","45,905","45,905","45,905","45,905","0,76%"
"22.10.2021","45,557","45,557","45,557","45,557","-0,11%"
"21.10.2021","45,607","45,607","45,607","45,607","0,32%"
"20.10.2021","45,463","45,463","45,463","45,463","0,34%"
"19.10.2021","45,308","45,308","45,308","45,308","0,37%"
"18.10.2021","45,142","45,142","45,142","45,142","0,37%"
"15.10.2021","44,975","44,975","44,975","44,975","0,61%"
"14.10.2021","44,704","44,704","44,704","44,704","1,58%"
"13.10.2021","44,008","44,008","44,008","44,008","0,08%"
"12.10.2021","43,971","43,971","43,971","43,971","-0,04%"
"11.10.2021","43,989","43,989","43,989","43,989","-0,67%"
"08.10.2021","44,287","44,287","44,287","44,287","-0,31%"
"07.10.2021","44,424","44,424","44,424","44,424","0,69%"
"06.10.2021","44,120","44,120","44,120","44,120","0,85%"
"05.10.2021","43,748","43,748","43,748","43,748","1,33%"
"04.10.2021","43,174","43,174","43,174","43,174","-1,53%"
"01.10.2021","43,844","43,844","43,844","43,844","1,09%"
"30.09.2021","43,372","43,372","43,372","43,372","-0,96%"
"29.09.2021","43,795","43,795","43,795","43,795","0,66%"
"28.09.2021","43,506","43,506","43,506","43,506","-1,80%"
"27.09.2021","44,305","44,305","44,305","44,305","-0,17%"
"24.09.2021","44,379","44,379","44,379","44,379","0,45%"
"23.09.2021","44,178","44,178","44,178","44,178","1,08%"
"22.09.2021","43,706","43,706","43,706","43,706","0,87%"
"21.09.2021","43,328","43,328","43,328","43,328","-0,07%"
"20.09.2021","43,360","43,360","43,360","43,360","-1,60%"
"17.09.2021","44,064","44,064","44,064","44,064","-0,69%"
"16.09.2021","44,369","44,369","44,369","44,369","0,32%"
"15.09.2021","44,228","44,228","44,228","44,228","0,87%"
"14.09.2021","43,847","43,847","43,847","43,847","-0,65%"
"13.09.2021","44,135","44,135","44,135","44,135","0,44%"
"10.09.2021","43,944","43,944","43,944","43,944","-0,91%"
"09.09.2021","44,348","44,348","44,348","44,348","-0,50%"
"08.09.2021","44,572","44,572","44,572","44,572","0,15%"
"07.09.2021","44,503","44,503","44,503","44,503","-0,20%"
"06.09.2021","44,594","44,594","44,594","44,594","0,16%"
"03.09.2021","44,521","44,521","44,521","44,521","-0,15%"
"02.09.2021","44,586","44,586","44,586","44,586","0,18%"
"01.09.2021","44,505","44,505","44,505","44,505","-0,38%"
"31.08.2021","44,676","44,676","44,676","44,676","-0,17%"
"30.08.2021","44,754","44,754","44,754","44,754","0,32%"
"27.08.2021","44,609","44,609","44,609","44,609","0,61%"
"26.08.2021","44,337","44,337","44,337","44,337","-0,61%"
"25.08.2021","44,607","44,607","44,607","44,607","0,30%"
"24.08.2021","44,474","44,474","44,474","44,474","-0,02%"
"23.08.2021","44,485","44,485","44,485","44,485","0,34%"
"20.08.2021","44,335","44,335","44,335","44,335","0,84%"
"19.08.2021","43,964","43,964","43,964","43,964","0,38%"
"18.08.2021","43,798","43,798","43,798","43,798","-1,02%"
"17.08.2021","44,250","44,250","44,250","44,250","0,21%"
"13.08.2021","44,157","44,157","44,157","44,157","-0,38%"
"12.08.2021","44,324","44,324","44,324","44,324","0,40%"
"11.08.2021","44,150","44,150","44,150","44,150","0,08%"
"10.08.2021","44,113","44,113","44,113","44,113","0,31%"
"09.08.2021","43,975","43,975","43,975","43,975","0,04%"
"06.08.2021","43,957","43,957","43,957","43,957","0,84%"
"05.08.2021","43,589","43,589","43,589","43,589","0,67%"
"04.08.2021","43,299","43,299","43,299","43,299","-0,35%"
"03.08.2021","43,451","43,451","43,451","43,451","1,01%"
"02.08.2021","43,018","43,018","43,018","43,018","-0,38%"
"30.07.2021","43,183","43,183","43,183","43,183","-0,31%"
"29.07.2021","43,319","43,319","43,319","43,319","-0,29%"
"28.07.2021","43,444","43,444","43,444","43,444","0,20%"
"27.07.2021","43,357","43,357","43,357","43,357","-0,62%"
"26.07.2021","43,627","43,627","43,627","43,627","-0,16%"
"23.07.2021","43,695","43,695","43,695","43,695","1,28%"
"22.07.2021","43,142","43,142","43,142","43,142","0,17%"
"21.07.2021","43,067","43,067","43,067","43,067","0,60%"
"20.07.2021","42,810","42,810","42,810","42,810","1,89%"
"19.07.2021","42,016","42,016","42,016","42,016","-1,56%"
"16.07.2021","42,681","42,681","42,681","42,681","-0,67%"
"15.07.2021","42,971","42,971","42,971","42,971","-0,32%"
"14.07.2021","43,109","43,109","43,109","43,109","0,17%"
"13.07.2021","43,035","43,035","43,035","43,035","0,01%"
"12.07.2021","43,029","43,029","43,029","43,029","0,31%"
"09.07.2021","42,894","42,894","42,894","42,894","1,04%"
"08.07.2021","42,451","42,451","42,451","42,451","-1,30%"
"07.07.2021","43,011","43,011","43,011","43,011","0,60%"
"06.07.2021","42,757","42,757","42,757","42,757","0,07%"
"05.07.2021","42,729","42,729","42,729","42,729","-0,16%"
"02.07.2021","42,796","42,796","42,796","42,796","0,97%"
"01.07.2021","42,384","42,384","42,384","42,384","0,45%"
"30.06.2021","42,194","42,194","42,194","42,194","0,52%"
"29.06.2021","41,974","41,974","41,974","41,974","0,21%"
"28.06.2021","41,885","41,885","41,885","41,885","0,44%"
"25.06.2021","41,703","41,703","41,703","41,703","0,13%"
"24.06.2021","41,649","41,649","41,649","41,649","0,77%"
"23.06.2021","41,331","41,331","41,331","41,331","-0,52%"
"22.06.2021","41,546","41,546","41,546","41,546","0,61%"
"21.06.2021","41,293","41,293","41,293","41,293","0,94%"
"18.06.2021","40,910","40,910","40,910","40,910","-0,59%"
"17.06.2021","41,155","41,155","41,155","41,155","1,44%"
"16.06.2021","40,570","40,570","40,570","40,570","-0,48%"
"15.06.2021","40,765","40,765","40,765","40,765","-0,22%"
"14.06.2021","40,853","40,853","40,853","40,853","0,08%"
"11.06.2021","40,819","40,819","40,819","40,819","0,70%"
"10.06.2021","40,533","40,533","40,533","40,533","0,58%"
"09.06.2021","40,299","40,299","40,299","40,299","-0,17%"
"08.06.2021","40,369","40,369","40,369","40,369","0,02%"
"07.06.2021","40,360","40,360","40,360","40,360","-0,27%"
"04.06.2021","40,470","40,470","40,470","40,470","0,66%"
"03.06.2021","40,202","40,202","40,202","40,202","0,22%"
"02.06.2021","40,115","40,115","40,115","40,115","0,47%"
"01.06.2021","39,928","39,928","39,928","39,928","-0,20%"
"31.05.2021","40,007","40,007","40,007","40,007","-0,37%"
"28.05.2021","40,155","40,155","40,155","40,155","0,25%"
"27.05.2021","40,055","40,055","40,055","40,055","0,25%"
"26.05.2021","39,954","39,954","39,954","39,954","0,41%"
"25.05.2021","39,791","39,791","39,791","39,791","-0,42%"
"24.05.2021","39,958","39,958","39,958","39,958","0,75%"
"21.05.2021","39,663","39,663","39,663","39,663","0,15%"
"20.05.2021","39,605","39,605","39,605","39,605","1,06%"
"19.05.2021","39,189","39,189","39,189","39,189","-0,26%"
"18.05.2021","39,291","39,291","39,291","39,291","-1,44%"
"17.05.2021","39,865","39,865","39,865","39,865","-0,35%"
"14.05.2021","40,004","40,004","40,004","40,004","1,00%"
"13.05.2021","39,609","39,609","39,609","39,609","1,25%"
"12.05.2021","39,121","39,121","39,121","39,121","-1,44%"
"11.05.2021","39,694","39,694","39,694","39,694","-0,88%"
"10.05.2021","40,046","40,046","40,046","40,046","-1,19%"
"07.05.2021","40,528","40,528","40,528","40,528","0,06%"
"06.05.2021","40,504","40,504","40,504","40,504","0,38%"
"05.05.2021","40,352","40,352","40,352","40,352","0,30%"
"04.05.2021","40,233","40,233","40,233","40,233","-0,32%"
"03.05.2021","40,361","40,361","40,361","40,361","-0,13%"
"29.04.2021","40,415","40,415","40,415","40,415","0,49%"
"28.04.2021","40,217","40,217","40,217","40,217","-0,15%"
"27.04.2021","40,277","40,277","40,277","40,277","-0,01%"
"26.04.2021","40,283","40,283","40,283","40,283","-0,10%"
"23.04.2021","40,321","40,321","40,321","40,321","0,87%"
"22.04.2021","39,974","39,974","39,974","39,974","-0,87%"
"21.04.2021","40,323","40,323","40,323","40,323","1,10%"
"20.04.2021","39,885","39,885","39,885","39,885","-0,92%"
"19.04.2021","40,255","40,255","40,255","40,255","0,50%"
"14.04.2021","40,055","40,055","40,055","40,055","-0,75%"
"13.04.2021","40,357","40,357","40,357","40,357","0,18%"
"12.04.2021","40,286","40,286","40,286","40,286","0,67%"
"08.04.2021","40,018","40,018","40,018","40,018","0,46%"
"07.04.2021","39,833","39,833","39,833","39,833","-0,37%"
"06.04.2021","39,981","39,981","39,981","39,981","-0,44%"
"05.04.2021","40,156","40,156","40,156","40,156","1,13%"
"01.04.2021","39,709","39,709","39,709","39,709","1,12%"
"31.03.2021","39,270","39,270","39,270","39,270","0,15%"
"30.03.2021","39,211","39,211","39,211","39,211","-0,00%"
"29.03.2021","39,212","39,212","39,212","39,212","0,20%"
"26.03.2021","39,135","39,135","39,135","39,135","1,48%"
"25.03.2021","38,565","38,565","38,565","38,565","1,00%"
"24.03.2021","38,185","38,185","38,185","38,185","-0,19%"
"23.03.2021","38,259","38,259","38,259","38,259","-0,26%"
"22.03.2021","38,359","38,359","38,359","38,359","0,51%"
"19.03.2021","38,164","38,164","38,164","38,164","0,08%"
"18.03.2021","38,134","38,134","38,134","38,134","-1,64%"
"17.03.2021","38,770","38,770","38,770","38,770","0,20%"
"16.03.2021","38,692","38,692","38,692","38,692","0,03%"
"15.03.2021","38,680","38,680","38,680","38,680","0,83%"
"12.03.2021","38,361","38,361","38,361","38,361","0,31%"
"11.03.2021","38,243","38,243","38,243","38,243","0,50%"
"10.03.2021","38,051","38,051","38,051","38,051","0,50%"
"09.03.2021","37,863","37,863","37,863","37,863","1,20%"
"08.03.2021","37,413","37,413","37,413","37,413","-0,11%"
"05.03.2021","37,453","37,453","37,453","37,453","3,08%"
"04.03.2021","36,333","36,333","36,333","36,333","-1,06%"
"03.03.2021","36,721","36,721","36,721","36,721","-1,40%"
"02.03.2021","37,243","37,243","37,243","37,243","-0,90%"
"01.03.2021","37,580","37,580","37,580","37,580","3,11%"
"26.02.2021","36,445","36,445","36,445","36,445","0,24%"
"25.02.2021","36,359","36,359","36,359","36,359","-3,25%"
"24.02.2021","37,579","37,579","37,579","37,579","1,44%"
"23.02.2021","37,044","37,044","37,044","37,044","-0,05%"
"22.02.2021","37,064","37,064","37,064","37,064","-0,85%"
"19.02.2021","37,383","37,383","37,383","37,383","-0,62%"
"18.02.2021","37,615","37,615","37,615","37,615","-0,77%"
"17.02.2021","37,908","37,908","37,908","37,908","0,70%"
"16.02.2021","37,645","37,645","37,645","37,645","0,06%"
"15.02.2021","37,623","37,623","37,623","37,623","-0,11%"
"12.02.2021","37,665","37,665","37,665","37,665","0,59%"
"11.02.2021","37,446","37,446","37,446","37,446","0,17%"
"10.02.2021","37,383","37,383","37,383","37,383","-0,31%"
"09.02.2021","37,497","37,497","37,497","37,497","-0,51%"
"08.02.2021","37,690","37,690","37,690","37,690","0,56%"
"05.02.2021","37,482","37,482","37,482","37,482","0,01%"
"04.02.2021","37,477","37,477","37,477","37,477","1,38%"
"03.02.2021","36,966","36,966","36,966","36,966","0,23%"
"02.02.2021","36,881","36,881","36,881","36,881","1,85%"
"01.02.2021","36,213","36,213","36,213","36,213","2,16%"
"29.01.2021","35,446","35,446","35,446","35,446","-2,14%"
"28.01.2021","36,220","36,220","36,220","36,220","0,72%"
"27.01.2021","35,960","35,960","35,960","35,960","-1,96%"
"26.01.2021","36,679","36,679","36,679","36,679","-0,45%"
"25.01.2021","36,844","36,844","36,844","36,844","0,71%"
"22.01.2021","36,584","36,584","36,584","36,584","-0,48%"
"21.01.2021","36,761","36,761","36,761","36,761","-0,34%"
"20.01.2021","36,885","36,885","36,885","36,885","1,58%"
"19.01.2021","36,310","36,310","36,310","36,310","0,38%"
"18.01.2021","36,173","36,173","36,173","36,173","0,14%"
"15.01.2021","36,121","36,121","36,121","36,121","-0,37%"
"14.01.2021","36,255","36,255","36,255","36,255","-0,16%"
"13.01.2021","36,313","36,313","36,313","36,313","0,21%"
"12.01.2021","36,235","36,235","36,235","36,235","-0,02%"
"11.01.2021","36,244","36,244","36,244","36,244","0,21%"
"08.01.2021","36,170","36,170","36,170","36,170","0,59%"
"07.01.2021","35,958","35,958","35,958","35,958","1,68%"
"06.01.2021","35,366","35,366","35,366","35,366","0,54%"
"05.01.2021","35,177","35,177","35,177","35,177","0,68%"
"04.01.2021","34,940","34,940","34,940","34,940","-1,77%"
"31.12.2020","35,568","35,568","35,568","35,568","1,18%"
"30.12.2020","35,152","35,152","35,152","35,152","-0,34%"
"29.12.2020","35,271","35,271","35,271","35,271","-0,45%"
"28.12.2020","35,430","35,430","35,430","35,430","0,62%"
"24.12.2020","35,213","35,213","35,213","35,213","0,39%"
"23.12.2020","35,078","35,078","35,078","35,078","-0,07%"
"22.12.2020","35,104","35,104","35,104","35,104","0,16%"
"21.12.2020","35,047","35,047","35,047","35,047","-0,20%"
"18.12.2020","35,118","35,118","35,118","35,118","-0,26%"
"17.12.2020","35,210","35,210","35,210","35,210","0,10%"
"16.12.2020","35,175","35,175","35,175","35,175","-0,10%"
"15.12.2020","35,211","35,211","35,211","35,211","1,06%"
"14.12.2020","34,840","34,840","34,840","34,840","-0,57%"
"11.12.2020","35,039","35,039","35,039","35,039","0,06%"
"10.12.2020","35,020","35,020","35,020","35,020","-0,52%"
"09.12.2020","35,202","35,202","35,202","35,202","-0,53%"
"08.12.2020","35,389","35,389","35,389","35,389","0,45%"
"07.12.2020","35,232","35,232","35,232","35,232","-0,13%"
"04.12.2020","35,278","35,278","35,278","35,278","1,04%"
"03.12.2020","34,914","34,914","34,914","34,914","-0,72%"
"02.12.2020","35,168","35,168","35,168","35,168","-0,19%"
"01.12.2020","35,236","35,236","35,236","35,236","0,53%"
"30.11.2020","35,050","35,050","35,050","35,050","-0,56%"
"27.11.2020","35,248","35,248","35,248","35,248","-0,14%"
"26.11.2020","35,298","35,298","35,298","35,298","-0,01%"
"25.11.2020","35,303","35,303","35,303","35,303","-0,39%"
"24.11.2020","35,441","35,441","35,441","35,441","1,15%"
"23.11.2020","35,037","35,037","35,037","35,037","0,87%"
"20.11.2020","34,734","34,734","34,734","34,734","-0,80%"
"19.11.2020","35,012","35,012","35,012","35,012","0,70%"
"18.11.2020","34,767","34,767","34,767","34,767","-1,15%"
"17.11.2020","35,171","35,171","35,171","35,171","-0,80%"
"16.11.2020","35,453","35,453","35,453","35,453","1,02%"
"13.11.2020","35,094","35,094","35,094","35,094","1,29%"
"12.11.2020","34,648","34,648","34,648","34,648","-1,42%"
"11.11.2020","35,149","35,149","35,149","35,149","1,30%"
"10.11.2020","34,698","34,698","34,698","34,698","-0,10%"
"09.11.2020","34,732","34,732","34,732","34,732","1,63%"
"06.11.2020","34,174","34,174","34,174","34,174","-0,45%"
"05.11.2020","34,328","34,328","34,328","34,328","0,94%"
"04.11.2020","34,008","34,008","34,008","34,008","2,40%"
"03.11.2020","33,211","33,211","33,211","33,211","0,96%"
"02.11.2020","32,895","32,895","32,895","32,895","1,34%"
"30.10.2020","32,461","32,461","32,461","32,461","-1,13%"
"29.10.2020","32,832","32,832","32,832","32,832","2,02%"
"28.10.2020","32,183","32,183","32,183","32,183","-2,86%"
"27.10.2020","33,131","33,131","33,131","33,131","-0,43%"
"26.10.2020","33,274","33,274","33,274","33,274","-1,71%"
"23.10.2020","33,853","33,853","33,853","33,853","0,28%"
"22.10.2020","33,759","33,759","33,759","33,759","0,93%"
"21.10.2020","33,449","33,449","33,449","33,449","-0,59%"
"20.10.2020","33,647","33,647","33,647","33,647","0,07%"
"19.10.2020","33,624","33,624","33,624","33,624","-2,16%"
"16.10.2020","34,365","34,365","34,365","34,365","-0,16%"
"15.10.2020","34,421","34,421","34,421","34,421","0,36%"
"14.10.2020","34,297","34,297","34,297","34,297","-0,79%"
"13.10.2020","34,569","34,569","34,569","34,569","-0,05%"
"12.10.2020","34,587","34,587","34,587","34,587","1,66%"
"09.10.2020","34,023","34,023","34,023","34,023","0,32%"
"08.10.2020","33,915","33,915","33,915","33,915","0,93%"
"07.10.2020","33,601","33,601","33,601","33,601","2,00%"
"06.10.2020","32,942","32,942","32,942","32,942","-1,39%"
"05.10.2020","33,405","33,405","33,405","33,405","1,13%"
"02.10.2020","33,033","33,033","33,033","33,033","-0,78%"
"01.10.2020","33,292","33,292","33,292","33,292","0,46%"
"30.09.2020","33,140","33,140","33,140","33,140","0,86%"
"29.09.2020","32,856","32,856","32,856","32,856","-1,20%"
"28.09.2020","33,255","33,255","33,255","33,255","1,38%"
"25.09.2020","32,801","32,801","32,801","32,801","1,79%"
"24.09.2020","32,225","32,225","32,225","32,225","0,59%"
"23.09.2020","32,037","32,037","32,037","32,037","-2,10%"
"22.09.2020","32,723","32,723","32,723","32,723","1,37%"
"21.09.2020","32,279","32,279","32,279","32,279","-0,17%"
"18.09.2020","32,334","32,334","32,334","32,334","-1,56%"
"17.09.2020","32,845","32,845","32,845","32,845","-0,66%"
"16.09.2020","33,065","33,065","33,065","33,065","-0,27%"
"15.09.2020","33,155","33,155","33,155","33,155","1,66%"
"11.09.2020","32,614","32,614","32,614","32,614","0,39%"
"10.09.2020","32,488","32,488","32,488","32,488","-2,26%"
"09.09.2020","33,241","33,241","33,241","33,241","1,88%"
"08.09.2020","32,629","32,629","32,629","32,629","-2,49%"
"07.09.2020","33,462","33,462","33,462","33,462","-0,25%"
"04.09.2020","33,545","33,545","33,545","33,545","-0,48%"
"03.09.2020","33,706","33,706","33,706","33,706","-3,47%"
"02.09.2020","34,920","34,920","34,920","34,920","2,60%"
"01.09.2020","34,035","34,035","34,035","34,035","0,72%"
"31.08.2020","33,792","33,792","33,792","33,792","0,51%"
"25.08.2020","33,621","33,621","33,621","33,621","1,00%"
"21.08.2020","33,288","33,288","33,288","33,288","0,88%"
"20.08.2020","32,999","32,999","32,999","32,999","0,82%"
"19.08.2020","32,732","32,732","32,732","32,732","-0,26%"
"18.08.2020","32,818","32,818","32,818","32,818","-0,20%"
"17.08.2020","32,885","32,885","32,885","32,885","-0,05%"
"14.08.2020","32,902","32,902","32,902","32,902","0,06%"
"13.08.2020","32,883","32,883","32,883","32,883","-0,47%"
"12.08.2020","33,036","33,036","33,036","33,036","1,07%"
"11.08.2020","32,685","32,685","32,685","32,685","-0,79%"
"10.08.2020","32,945","32,945","32,945","32,945","0,46%"
"07.08.2020","32,793","32,793","32,793","32,793","0,54%"
"06.08.2020","32,617","32,617","32,617","32,617","0,99%"
"05.08.2020","32,298","32,298","32,298","32,298","-0,43%"
"04.08.2020","32,438","32,438","32,438","32,438","0,21%"
"03.08.2020","32,370","32,370","32,370","32,370","1,46%"
"31.07.2020","31,903","31,903","31,903","31,903","0,51%"
"30.07.2020","31,740","31,740","31,740","31,740","-0,53%"
"29.07.2020","31,909","31,909","31,909","31,909","0,85%"
"28.07.2020","31,641","31,641","31,641","31,641","-0,23%"
"27.07.2020","31,714","31,714","31,714","31,714","-0,57%"
"24.07.2020","31,896","31,896","31,896","31,896","-0,87%"
"23.07.2020","32,176","32,176","32,176","32,176","-1,24%"
"22.07.2020","32,581","32,581","32,581","32,581","-0,34%"
"21.07.2020","32,691","32,691","32,691","32,691","-0,25%"
"20.07.2020","32,773","32,773","32,773","32,773","0,68%"
"17.07.2020","32,551","32,551","32,551","32,551","0,37%"
"16.07.2020","32,430","32,430","32,430","32,430","-0,46%"
"15.07.2020","32,579","32,579","32,579","32,579","0,73%"
"14.07.2020","32,342","32,342","32,342","32,342","1,09%"
"13.07.2020","31,994","31,994","31,994","31,994","-1,37%"
"10.07.2020","32,439","32,439","32,439","32,439","0,82%"
"09.07.2020","32,174","32,174","32,174","32,174","-0,25%"
"08.07.2020","32,254","32,254","32,254","32,254","0,41%"
"07.07.2020","32,122","32,122","32,122","32,122","-0,80%"
"06.07.2020","32,381","32,381","32,381","32,381","0,91%"
"03.07.2020","32,088","32,088","32,088","32,088","-0,12%"
"02.07.2020","32,128","32,128","32,128","32,128","0,76%"
"01.07.2020","31,885","31,885","31,885","31,885","0,24%"
"30.06.2020","31,809","31,809","31,809","31,809","1,68%"
"29.06.2020","31,284","31,284","31,284","31,284","1,08%"
"26.06.2020","30,950","30,950","30,950","30,950","-2,32%"
"25.06.2020","31,685","31,685","31,685","31,685","1,66%"
"24.06.2020","31,168","31,168","31,168","31,168","-2,08%"
"23.06.2020","31,831","31,831","31,831","31,831","-0,32%"
"22.06.2020","31,934","31,934","31,934","31,934","0,08%"
"19.06.2020","31,910","31,910","31,910","31,910","-0,24%"
"18.06.2020","31,986","31,986","31,986","31,986","0,09%"
"17.06.2020","31,959","31,959","31,959","31,959","-0,21%"
"16.06.2020","32,026","32,026","32,026","32,026","2,22%"
"15.06.2020","31,332","31,332","31,332","31,332","0,58%"
"12.06.2020","31,150","31,150","31,150","31,150","2,54%"
"11.06.2020","30,379","30,379","30,379","30,379","-6,12%"
"10.06.2020","32,361","32,361","32,361","32,361","-0,51%"
"09.06.2020","32,527","32,527","32,527","32,527","-1,24%"
"08.06.2020","32,936","32,936","32,936","32,936","1,32%"
"05.06.2020","32,508","32,508","32,508","32,508","2,90%"
"04.06.2020","31,593","31,593","31,593","31,593","-1,41%"
"03.06.2020","32,046","32,046","32,046","32,046","1,04%"
"02.06.2020","31,716","31,716","31,716","31,716","0,41%"
"01.06.2020","31,585","31,585","31,585","31,585","0,25%"
"29.05.2020","31,506","31,506","31,506","31,506","-0,12%"
"28.05.2020","31,545","31,545","31,545","31,545","-0,94%"
"27.05.2020","31,845","31,845","31,845","31,845","1,59%"
"26.05.2020","31,347","31,347","31,347","31,347","0,39%"
"25.05.2020","31,225","31,225","31,225","31,225","-0,03%"
"22.05.2020","31,234","31,234","31,234","31,234","0,72%"
"21.05.2020","31,011","31,011","31,011","31,011","-0,31%"
"20.05.2020","31,108","31,108","31,108","31,108","1,26%"
"19.05.2020","30,720","30,720","30,720","30,720","-1,86%"
"18.05.2020","31,301","31,301","31,301","31,301","2,79%"
"15.05.2020","30,452","30,452","30,452","30,452","0,35%"
"14.05.2020","30,345","30,345","30,345","30,345","1,41%"
"13.05.2020","29,924","29,924","29,924","29,924","-1,42%"
"12.05.2020","30,354","30,354","30,354","30,354","-2,49%"
"11.05.2020","31,129","31,129","31,129","31,129","0,46%"
"08.05.2020","30,989","30,989","30,989","30,989","0,81%"
"07.05.2020","30,739","30,739","30,739","30,739","1,36%"
"06.05.2020","30,325","30,325","30,325","30,325","-0,30%"
"05.05.2020","30,416","30,416","30,416","30,416","0,11%"
"28.04.2020","30,383","30,383","30,383","30,383","-0,44%"
"27.04.2020","30,518","30,518","30,518","30,518","1,21%"
"24.04.2020","30,154","30,154","30,154","30,154","1,54%"
"23.04.2020","29,696","29,696","29,696","29,696","-0,05%"
"22.04.2020","29,713","29,713","29,713","29,713","2,61%"
"21.04.2020","28,955","28,955","28,955","28,955","-2,89%"
"20.04.2020","29,816","29,816","29,816","29,816","-1,72%"
"17.04.2020","30,339","30,339","30,339","30,339","2,31%"
"16.04.2020","29,653","29,653","29,653","29,653","1,10%"
"15.04.2020","29,332","29,332","29,332","29,332","-1,63%"
"14.04.2020","29,817","29,817","29,817","29,817","2,42%"
"13.04.2020","29,112","29,112","29,112","29,112","-0,66%"
"09.04.2020","29,306","29,306","29,306","29,306","0,76%"
"08.04.2020","29,084","29,084","29,084","29,084","3,60%"
"07.04.2020","28,074","28,074","28,074","28,074","-1,06%"
"06.04.2020","28,375","28,375","28,375","28,375","7,18%"
"03.04.2020","26,475","26,475","26,475","26,475","-0,91%"
"02.04.2020","26,719","26,719","26,719","26,719","2,87%"
"01.04.2020","25,974","25,974","25,974","25,974","-3,99%"
"31.03.2020","27,054","27,054","27,054","27,054","-1,08%"
"30.03.2020","27,350","27,350","27,350","27,350","3,63%"
"27.03.2020","26,392","26,392","26,392","26,392","-3,67%"
"26.03.2020","27,396","27,396","27,396","27,396","4,40%"
"25.03.2020","26,242","26,242","26,242","26,242","0,82%"
"24.03.2020","26,029","26,029","26,029","26,029","9,02%"
"23.03.2020","23,876","23,876","23,876","23,876","-3,57%"
"20.03.2020","24,760","24,760","24,760","24,760","-4,21%"
"19.03.2020","25,847","25,847","25,847","25,847","1,71%"
"18.03.2020","25,413","25,413","25,413","25,413","-3,95%"
"17.03.2020","26,459","26,459","26,459","26,459","7,58%"
"16.03.2020","24,595","24,595","24,595","24,595","-12,53%"
"13.03.2020","28,117","28,117","28,117","28,117","9,43%"
"12.03.2020","25,694","25,694","25,694","25,694","-7,90%"
"11.03.2020","27,897","27,897","27,897","27,897","-4,31%"
"10.03.2020","29,154","29,154","29,154","29,154","5,62%"
"09.03.2020","27,603","27,603","27,603","27,603","-19,07%"
"06.03.2020","34,107","34,107","34,107","34,107","9,98%"
"05.03.2020","31,011","31,011","31,011","31,011","-3,79%"
"04.03.2020","32,232","32,232","32,232","32,232","4,57%"
"03.03.2020","30,825","30,825","30,825","30,825","-3,21%"
"02.03.2020","31,846","31,846","31,846","31,846","3,21%"
"28.02.2020","30,854","30,854","30,854","30,854","-0,79%"
"27.02.2020","31,101","31,101","31,101","31,101","-5,46%"
"26.02.2020","32,896","32,896","32,896","32,896","-0,39%"
"25.02.2020","33,024","33,024","33,024","33,024","-3,10%"
"24.02.2020","34,080","34,080","34,080","34,080","-3,38%"
"21.02.2020","35,271","35,271","35,271","35,271","-1,49%"
"20.02.2020","35,805","35,805","35,805","35,805","-0,48%"
"19.02.2020","35,978","35,978","35,978","35,978","0,76%"
"18.02.2020","35,706","35,706","35,706","35,706","-0,22%"
"17.02.2020","35,784","35,784","35,784","35,784","0,14%"
"14.02.2020","35,735","35,735","35,735","35,735","0,22%"
"13.02.2020","35,655","35,655","35,655","35,655","0,29%"
"12.02.2020","35,552","35,552","35,552","35,552","0,83%"
"11.02.2020","35,258","35,258","35,258","35,258","0,25%"
"10.02.2020","35,170","35,170","35,170","35,170","1,12%"
"07.02.2020","34,782","34,782","34,782","34,782","-0,41%"
"06.02.2020","34,924","34,924","34,924","34,924","0,57%"
"05.02.2020","34,726","34,726","34,726","34,726","1,46%"
"04.02.2020","34,226","34,226","34,226","34,226","1,67%"
"03.02.2020","33,662","33,662","33,662","33,662","0,94%"
"31.01.2020","33,348","33,348","33,348","33,348","-2,18%"
"30.01.2020","34,093","34,093","34,093","34,093","-0,01%"
"29.01.2020","34,095","34,095","34,095","34,095","-0,07%"
"28.01.2020","34,118","34,118","34,118","34,118","1,12%"
"27.01.2020","33,741","33,741","33,741","33,741","-1,46%"
"24.01.2020","34,242","34,242","34,242","34,242","-0,72%"
"23.01.2020","34,490","34,490","34,490","34,490","0,39%"
"22.01.2020","34,355","34,355","34,355","34,355","0,23%"
"21.01.2020","34,275","34,275","34,275","34,275","-0,40%"
"20.01.2020","34,414","34,414","34,414","34,414","0,11%"
"17.01.2020","34,375","34,375","34,375","34,375","0,81%"
"16.01.2020","34,100","34,100","34,100","34,100","0,93%"
"15.01.2020","33,786","33,786","33,786","33,786","-0,08%"
"14.01.2020","33,814","33,814","33,814","33,814","-0,03%"
"13.01.2020","33,825","33,825","33,825","33,825","0,51%"
"10.01.2020","33,652","33,652","33,652","33,652","-0,38%"
"09.01.2020","33,782","33,782","33,782","33,782","0,84%"
"08.01.2020","33,502","33,502","33,502","33,502","0,69%"
"07.01.2020","33,272","33,272","33,272","33,272","0,16%"
"06.01.2020","33,220","33,220","33,220","33,220","0,13%"
"03.01.2020","33,176","33,176","33,176","33,176","-0,38%"
"02.01.2020","33,302","33,302","33,302","33,302","1,06%"
"31.12.2019","32,952","32,952","32,952","32,952","0,11%"
"30.12.2019","32,917","32,917","32,917","32,917","-0,93%"
"27.12.2019","33,225","33,225","33,225","33,225","-0,58%"
"26.12.2019","33,418","33,418","33,418","33,418","0,44%"
"24.12.2019","33,271","33,271","33,271","33,271","-0,04%"
"23.12.2019","33,283","33,283","33,283","33,283","0,06%"
"20.12.2019","33,262","33,262","33,262","33,262","0,78%"
"19.12.2019","33,004","33,004","33,004","33,004","0,54%"
"18.12.2019","32,827","32,827","32,827","32,827","0,21%"
"17.12.2019","32,758","32,758","32,758","32,758","-0,11%"
"16.12.2019","32,794","32,794","32,794","32,794","0,71%"
"13.12.2019","32,564","32,564","32,564","32,564","-0,15%"
"12.12.2019","32,613","32,613","32,613","32,613","0,58%"
"11.12.2019","32,426","32,426","32,426","32,426","0,32%"
"10.12.2019","32,322","32,322","32,322","32,322","-0,28%"
"09.12.2019","32,414","32,414","32,414","32,414","-0,50%"
"06.12.2019","32,575","32,575","32,575","32,575","1,31%"
"05.12.2019","32,153","32,153","32,153","32,153","0,12%"
"04.12.2019","32,113","32,113","32,113","32,113","0,60%"
"03.12.2019","31,920","31,920","31,920","31,920","-0,76%"
"02.12.2019","32,165","32,165","32,165","32,165","-1,28%"
"29.11.2019","32,581","32,581","32,581","32,581","-0,56%"
"28.11.2019","32,764","32,764","32,764","32,764","-0,06%"
"27.11.2019","32,786","32,786","32,786","32,786","0,56%"
"26.11.2019","32,602","32,602","32,602","32,602","0,20%"
"25.11.2019","32,537","32,537","32,537","32,537","0,95%"
"22.11.2019","32,230","32,230","32,230","32,230","0,60%"
"21.11.2019","32,036","32,036","32,036","32,036","-0,24%"
"20.11.2019","32,114","32,114","32,114","32,114","-0,24%"
"19.11.2019","32,192","32,192","32,192","32,192","-0,04%"
"18.11.2019","32,205","32,205","32,205","32,205","-0,21%"
"15.11.2019","32,273","32,273","32,273","32,273","0,32%"
"14.11.2019","32,170","32,170","32,170","32,170","0,17%"
"13.11.2019","32,114","32,114","32,114","32,114","0,10%"
"12.11.2019","32,082","32,082","32,082","32,082","0,36%"
"11.11.2019","31,967","31,967","31,967","31,967","-0,32%"
"08.11.2019","32,069","32,069","32,069","32,069","0,48%"
"07.11.2019","31,915","31,915","31,915","31,915","0,57%"
"06.11.2019","31,733","31,733","31,733","31,733","0,08%"
"05.11.2019","31,708","31,708","31,708","31,708","0,61%"
"04.11.2019","31,515","31,515","31,515","31,515","0,50%"
"01.11.2019","31,360","31,360","31,360","31,360","0,85%"
"31.10.2019","31,094","31,094","31,094","31,094","-0,60%"
"30.10.2019","31,281","31,281","31,281","31,281","0,21%"
"29.10.2019","31,214","31,214","31,214","31,214","-0,24%"
"28.10.2019","31,289","31,289","31,289","31,289","0,54%"
"25.10.2019","31,120","31,120","31,120","31,120","0,53%"
"24.10.2019","30,955","30,955","30,955","30,955","0,29%"
"23.10.2019","30,864","30,864","30,864","30,864","0,42%"
"22.10.2019","30,735","30,735","30,735","30,735","-0,22%"
"21.10.2019","30,801","30,801","30,801","30,801","0,62%"
"18.10.2019","30,610","30,610","30,610","30,610","-0,60%"
"17.10.2019","30,795","30,795","30,795","30,795","-0,31%"
"16.10.2019","30,890","30,890","30,890","30,890","-0,31%"
"15.10.2019","30,987","30,987","30,987","30,987","0,89%"
"14.10.2019","30,715","30,715","30,715","30,715","-0,04%"
"11.10.2019","30,729","30,729","30,729","30,729","0,89%"
"10.10.2019","30,457","30,457","30,457","30,457","0,34%"
"09.10.2019","30,354","30,354","30,354","30,354","0,72%"
"08.10.2019","30,139","30,139","30,139","30,139","-1,21%"
"07.10.2019","30,507","30,507","30,507","30,507","-0,59%"
"04.10.2019","30,688","30,688","30,688","30,688","1,47%"
"03.10.2019","30,244","30,244","30,244","30,244","0,46%"
"02.10.2019","30,107","30,107","30,107","30,107","-2,04%"
"01.10.2019","30,734","30,734","30,734","30,734","-1,36%"
"30.09.2019","31,159","31,159","31,159","31,159","0,93%"
"27.09.2019","30,873","30,873","30,873","30,873","-0,58%"
"26.09.2019","31,052","31,052","31,052","31,052","-0,09%"
"25.09.2019","31,079","31,079","31,079","31,079","0,97%"
"24.09.2019","30,779","30,779","30,779","30,779","-0,85%"
"23.09.2019","31,042","31,042","31,042","31,042","0,14%"
"20.09.2019","31,000","31,000","31,000","31,000","-0,08%"
"19.09.2019","31,025","31,025","31,025","31,025","0,03%"
"18.09.2019","31,014","31,014","31,014","31,014","-0,05%"
"17.09.2019","31,031","31,031","31,031","31,031","-0,21%"
"16.09.2019","31,098","31,098","31,098","31,098","0,47%"
"13.09.2019","30,952","30,952","30,952","30,952","-0,54%"
"12.09.2019","31,119","31,119","31,119","31,119","-0,01%"
"11.09.2019","31,121","31,121","31,121","31,121","1,13%"
"10.09.2019","30,773","30,773","30,773","30,773","0,18%"
"09.09.2019","30,718","30,718","30,718","30,718","-0,09%"
"06.09.2019","30,746","30,746","30,746","30,746","0,06%"
"05.09.2019","30,728","30,728","30,728","30,728","1,19%"
"04.09.2019","30,367","30,367","30,367","30,367","0,47%"
"03.09.2019","30,224","30,224","30,224","30,224","-0,64%"
"02.09.2019","30,418","30,418","30,418","30,418","0,41%"
"30.08.2019","30,294","30,294","30,294","30,294","0,56%"
"29.08.2019","30,124","30,124","30,124","30,124","1,36%"
"28.08.2019","29,719","29,719","29,719","29,719","0,89%"
"27.08.2019","29,457","29,457","29,457","29,457","-0,21%"
"26.08.2019","29,518","29,518","29,518","29,518","1,06%"
"23.08.2019","29,209","29,209","29,209","29,209","-2,84%"
"22.08.2019","30,062","30,062","30,062","30,062","0,07%"
"21.08.2019","30,042","30,042","30,042","30,042","0,79%"
"20.08.2019","29,807","29,807","29,807","29,807","-0,73%"
"19.08.2019","30,026","30,026","30,026","30,026","1,30%"
"16.08.2019","29,641","29,641","29,641","29,641","1,49%"
"15.08.2019","29,206","29,206","29,206","29,206","0,63%"
"14.08.2019","29,023","29,023","29,023","29,023","-2,58%"
"13.08.2019","29,792","29,792","29,792","29,792","1,76%"
"12.08.2019","29,276","29,276","29,276","29,276","-1,34%"
"09.08.2019","29,674","29,674","29,674","29,674","-0,66%"
"08.08.2019","29,871","29,871","29,871","29,871","2,03%"
"07.08.2019","29,276","29,276","29,276","29,276","-0,18%"
"06.08.2019","29,329","29,329","29,329","29,329","1,29%"
"05.08.2019","28,954","28,954","28,954","28,954","-3,70%"
"02.08.2019","30,066","30,066","30,066","30,066","-1,11%"
"01.08.2019","30,403","30,403","30,403","30,403","-0,22%"
"31.07.2019","30,469","30,469","30,469","30,469","-1,04%"
"30.07.2019","30,789","30,789","30,789","30,789","-0,32%"
"29.07.2019","30,888","30,888","30,888","30,888","-0,21%"
"26.07.2019","30,952","30,952","30,952","30,952","1,03%"
"25.07.2019","30,637","30,637","30,637","30,637","-0,66%"
"24.07.2019","30,842","30,842","30,842","30,842","0,53%"
"23.07.2019","30,678","30,678","30,678","30,678","1,34%"
"22.07.2019","30,272","30,272","30,272","30,272","0,28%"
"19.07.2019","30,187","30,187","30,187","30,187","-0,65%"
"18.07.2019","30,384","30,384","30,384","30,384","0,43%"
"17.07.2019","30,254","30,254","30,254","30,254","-0,67%"
"16.07.2019","30,459","30,459","30,459","30,459","0,00%"
"15.07.2019","30,458","30,458","30,458","30,458","-0,07%"
"12.07.2019","30,478","30,478","30,478","30,478","0,47%"
"11.07.2019","30,335","30,335","30,335","30,335","0,21%"
"10.07.2019","30,271","30,271","30,271","30,271","0,05%"
"09.07.2019","30,255","30,255","30,255","30,255","0,23%"
"08.07.2019","30,186","30,186","30,186","30,186","-0,42%"
"05.07.2019","30,314","30,314","30,314","30,314","0,36%"
"04.07.2019","30,207","30,207","30,207","30,207","-0,00%"
"03.07.2019","30,208","30,208","30,208","30,208","0,90%"
"02.07.2019","29,938","29,938","29,938","29,938","0,56%"
"01.07.2019","29,771","29,771","29,771","29,771","1,33%"
"28.06.2019","29,380","29,380","29,380","29,380","0,40%"
"27.06.2019","29,261","29,261","29,261","29,261","0,46%"
"26.06.2019","29,126","29,126","29,126","29,126","-0,07%"
"25.06.2019","29,147","29,147","29,147","29,147","-0,89%"
"24.06.2019","29,409","29,409","29,409","29,409","-0,78%"
"21.06.2019","29,639","29,639","29,639","29,639","-0,38%"
"20.06.2019","29,753","29,753","29,753","29,753","0,28%"
"19.06.2019","29,670","29,670","29,670","29,670","0,03%"
"18.06.2019","29,661","29,661","29,661","29,661","1,34%"
"17.06.2019","29,269","29,269","29,269","29,269","0,08%"
"14.06.2019","29,244","29,244","29,244","29,244","0,27%"
"13.06.2019","29,165","29,165","29,165","29,165","0,86%"
"12.06.2019","28,917","28,917","28,917","28,917","-0,26%"
"11.06.2019","28,991","28,991","28,991","28,991","-0,03%"
"10.06.2019","28,999","28,999","28,999","28,999","0,67%"
"07.06.2019","28,808","28,808","28,808","28,808","0,57%"
"06.06.2019","28,646","28,646","28,646","28,646","0,45%"
"05.06.2019","28,518","28,518","28,518","28,518","0,56%"
"04.06.2019","28,358","28,358","28,358","28,358","1,86%"
"03.06.2019","27,840","27,840","27,840","27,840","-0,79%"
"31.05.2019","28,062","28,062","28,062","28,062","-1,46%"
"30.05.2019","28,477","28,477","28,477","28,477","0,36%"
"29.05.2019","28,373","28,373","28,373","28,373","-0,41%"
"28.05.2019","28,490","28,490","28,490","28,490","-0,68%"
"27.05.2019","28,685","28,685","28,685","28,685","0,11%"
"24.05.2019","28,654","28,654","28,654","28,654","-0,34%"
"23.05.2019","28,751","28,751","28,751","28,751","-1,15%"
"22.05.2019","29,085","29,085","29,085","29,085","-0,04%"
"21.05.2019","29,095","29,095","29,095","29,095","0,70%"
"20.05.2019","28,893","28,893","28,893","28,893","-0,72%"
"17.05.2019","29,103","29,103","29,103","29,103","-0,40%"
"16.05.2019","29,221","29,221","29,221","29,221","1,16%"
"15.05.2019","28,887","28,887","28,887","28,887","0,65%"
"14.05.2019","28,701","28,701","28,701","28,701","1,09%"
"13.05.2019","28,392","28,392","28,392","28,392","-2,40%"
"10.05.2019","29,091","29,091","29,091","29,091","0,27%"
"09.05.2019","29,014","29,014","29,014","29,014","-0,52%"
"08.05.2019","29,166","29,166","29,166","29,166","-0,28%"
"07.05.2019","29,249","29,249","29,249","29,249","-1,59%"
"06.05.2019","29,721","29,721","29,721","29,721","-0,51%"
"03.05.2019","29,873","29,873","29,873","29,873","0,93%"
"02.05.2019","29,597","29,597","29,597","29,597","0,30%"
"01.05.2019","29,508","29,508","29,508","29,508","-1,05%"
"30.04.2019","29,820","29,820","29,820","29,820","-0,27%"
"29.04.2019","29,901","29,901","29,901","29,901","0,08%"
"26.04.2019","29,877","29,877","29,877","29,877","0,30%"
"25.04.2019","29,787","29,787","29,787","29,787","0,49%"
"24.04.2019","29,642","29,642","29,642","29,642","-0,18%"
"23.04.2019","29,696","29,696","29,696","29,696","1,32%"
"22.04.2019","29,309","29,309","29,309","29,309","0,00%"
"18.04.2019","29,309","29,309","29,309","29,309","0,69%"
"17.04.2019","29,109","29,109","29,109","29,109","-0,24%"
"16.04.2019","29,180","29,180","29,180","29,180","0,13%"
"15.04.2019","29,141","29,141","29,141","29,141","-0,02%"
"12.04.2019","29,148","29,148","29,148","29,148","0,30%"
"11.04.2019","29,060","29,060","29,060","29,060","-0,19%"
"10.04.2019","29,115","29,115","29,115","29,115","0,55%"
"09.04.2019","28,956","28,956","28,956","28,956","-0,69%"
"08.04.2019","29,156","29,156","29,156","29,156","-0,24%"
"05.04.2019","29,225","29,225","29,225","29,225","0,41%"
"04.04.2019","29,107","29,107","29,107","29,107","0,34%"
"03.04.2019","29,008","29,008","29,008","29,008","-0,13%"
"02.04.2019","29,047","29,047","29,047","29,047","0,28%"
"01.04.2019","28,967","28,967","28,967","28,967","1,23%"
"29.03.2019","28,616","28,616","28,616","28,616","0,73%"
"28.03.2019","28,408","28,408","28,408","28,408","0,52%"
"27.03.2019","28,260","28,260","28,260","28,260","-0,21%"
"26.03.2019","28,320","28,320","28,320","28,320","1,09%"
"25.03.2019","28,014","28,014","28,014","28,014","-0,43%"
"22.03.2019","28,134","28,134","28,134","28,134","-1,22%"
"21.03.2019","28,482","28,482","28,482","28,482","1,01%"
"20.03.2019","28,195","28,195","28,195","28,195","-0,34%"
"19.03.2019","28,291","28,291","28,291","28,291","-0,09%"
"18.03.2019","28,317","28,317","28,317","28,317","0,27%"
"15.03.2019","28,241","28,241","28,241","28,241","0,32%"
"14.03.2019","28,152","28,152","28,152","28,152","-0,02%"
"13.03.2019","28,157","28,157","28,157","28,157","0,39%"
"12.03.2019","28,049","28,049","28,049","28,049","-0,15%"
"11.03.2019","28,091","28,091","28,091","28,091","1,56%"
"08.03.2019","27,659","27,659","27,659","27,659","-0,23%"
"07.03.2019","27,724","27,724","27,724","27,724","-0,04%"
"06.03.2019","27,734","27,734","27,734","27,734","-0,76%"
"05.03.2019","27,945","27,945","27,945","27,945","0,03%"
"04.03.2019","27,938","27,938","27,938","27,938","0,19%"
"01.03.2019","27,884","27,884","27,884","27,884","0,69%"
"28.02.2019","27,693","27,693","27,693","27,693","-0,30%"
"27.02.2019","27,777","27,777","27,777","27,777","-0,25%"
"26.02.2019","27,848","27,848","27,848","27,848","-0,18%"
"25.02.2019","27,897","27,897","27,897","27,897","0,06%"
"22.02.2019","27,879","27,879","27,879","27,879","0,71%"
"21.02.2019","27,681","27,681","27,681","27,681","-0,34%"
"20.02.2019","27,775","27,775","27,775","27,775","0,06%"
"19.02.2019","27,757","27,757","27,757","27,757","-0,09%"
"18.02.2019","27,782","27,782","27,782","27,782","-0,39%"
"15.02.2019","27,889","27,889","27,889","27,889","1,20%"
"14.02.2019","27,559","27,559","27,559","27,559","-0,13%"
"13.02.2019","27,595","27,595","27,595","27,595","0,42%"
"12.02.2019","27,481","27,481","27,481","27,481","1,08%"
"11.02.2019","27,186","27,186","27,186","27,186","0,53%"
"08.02.2019","27,042","27,042","27,042","27,042","0,34%"
"07.02.2019","26,951","26,951","26,951","26,951","-0,73%"
"06.02.2019","27,149","27,149","27,149","27,149","0,06%"
"05.02.2019","27,133","27,133","27,133","27,133","0,63%"
"04.02.2019","26,962","26,962","26,962","26,962","1,03%"
"01.02.2019","26,688","26,688","26,688","26,688","0,16%"
"31.01.2019","26,647","26,647","26,647","26,647","0,44%"
"30.01.2019","26,529","26,529","26,529","26,529","1,47%"
"29.01.2019","26,145","26,145","26,145","26,145","0,04%"
"28.01.2019","26,135","26,135","26,135","26,135","-1,11%"
"25.01.2019","26,429","26,429","26,429","26,429","0,48%"
"24.01.2019","26,304","26,304","26,304","26,304","0,35%"
"23.01.2019","26,213","26,213","26,213","26,213","0,02%"
"22.01.2019","26,208","26,208","26,208","26,208","-1,33%"
"21.01.2019","26,562","26,562","26,562","26,562","0,01%"
"18.01.2019","26,560","26,560","26,560","26,560","1,44%"
"17.01.2019","26,184","26,184","26,184","26,184","0,90%"
"16.01.2019","25,951","25,951","25,951","25,951","0,56%"
"15.01.2019","25,807","25,807","25,807","25,807","1,38%"
"14.01.2019","25,455","25,455","25,455","25,455","-0,43%"
"11.01.2019","25,565","25,565","25,565","25,565","0,37%"
"10.01.2019","25,471","25,471","25,471","25,471","0,36%"
"09.01.2019","25,380","25,380","25,380","25,380","-0,17%"
"08.01.2019","25,424","25,424","25,424","25,424","1,15%"
"07.01.2019","25,136","25,136","25,136","25,136","0,24%"
"04.01.2019","25,075","25,075","25,075","25,075","3,27%"
"03.01.2019","24,280","24,280","24,280","24,280","-2,78%"
"02.01.2019","24,974","24,974","24,974","24,974","0,81%"
"31.12.2018","24,774","24,774","24,774","24,774","0,88%"
"28.12.2018","24,557","24,557","24,557","24,557","-0,39%"
"27.12.2018","24,654","24,654","24,654","24,654","0,91%"
"26.12.2018","24,432","24,432","24,432","24,432","5,02%"
"24.12.2018","23,264","23,264","23,264","23,264","-2,71%"
"21.12.2018","23,912","23,912","23,912","23,912","-2,05%"
"20.12.2018","24,411","24,411","24,411","24,411","-1,51%"
"19.12.2018","24,786","24,786","24,786","24,786","-2,03%"
"18.12.2018","25,301","25,301","25,301","25,301","-0,23%"
"17.12.2018","25,359","25,359","25,359","25,359","-2,41%"
"14.12.2018","25,985","25,985","25,985","25,985","-1,46%"
"13.12.2018","26,371","26,371","26,371","26,371","0,15%"
"12.12.2018","26,330","26,330","26,330","26,330","0,17%"
"11.12.2018","26,285","26,285","26,285","26,285","0,73%"
"07.12.2018","26,094","26,094","26,094","26,094","-2,39%"
"06.12.2018","26,733","26,733","26,733","26,733","-0,50%"
"05.12.2018","26,866","26,866","26,866","26,866","0,09%"
"04.12.2018","26,841","26,841","26,841","26,841","-3,27%"
"03.12.2018","27,747","27,747","27,747","27,747","0,87%"
"30.11.2018","27,508","27,508","27,508","27,508","1,40%"
"29.11.2018","27,129","27,129","27,129","27,129","-1,17%"
"28.11.2018","27,451","27,451","27,451","27,451","2,43%"
"27.11.2018","26,800","26,800","26,800","26,800","0,77%"
"26.11.2018","26,595","26,595","26,595","26,595","1,60%"
"23.11.2018","26,176","26,176","26,176","26,176","-0,10%"
"22.11.2018","26,202","26,202","26,202","26,202","-0,11%"
"21.11.2018","26,232","26,232","26,232","26,232","0,46%"
"20.11.2018","26,111","26,111","26,111","26,111","-1,45%"
"19.11.2018","26,495","26,495","26,495","26,495","-2,17%"
"16.11.2018","27,083","27,083","27,083","27,083","-0,44%"
"15.11.2018","27,201","27,201","27,201","27,201","0,98%"
"14.11.2018","26,936","26,936","26,936","26,936","-0,98%"
"13.11.2018","27,203","27,203","27,203","27,203","-0,41%"
"12.11.2018","27,314","27,314","27,314","27,314","-1,08%"
"09.11.2018","27,612","27,612","27,612","27,612","-0,27%"
"08.11.2018","27,687","27,687","27,687","27,687","0,17%"
"07.11.2018","27,639","27,639","27,639","27,639","1,64%"
"06.11.2018","27,192","27,192","27,192","27,192","0,49%"
"05.11.2018","27,061","27,061","27,061","27,061","0,36%"
"02.11.2018","26,963","26,963","26,963","26,963","-0,46%"
"01.11.2018","27,088","27,088","27,088","27,088","0,47%"
"31.10.2018","26,961","26,961","26,961","26,961","1,38%"
"30.10.2018","26,594","26,594","26,594","26,594","1,80%"
"29.10.2018","26,122","26,122","26,122","26,122","-0,82%"
"26.10.2018","26,339","26,339","26,339","26,339","-1,65%"
"25.10.2018","26,781","26,781","26,781","26,781","2,00%"
"24.10.2018","26,255","26,255","26,255","26,255","-2,55%"
"23.10.2018","26,943","26,943","26,943","26,943","-0,45%"
"22.10.2018","27,065","27,065","27,065","27,065","-0,20%"
"19.10.2018","27,119","27,119","27,119","27,119","-0,09%"
"18.10.2018","27,143","27,143","27,143","27,143","-1,09%"
"17.10.2018","27,444","27,444","27,444","27,444","0,42%"
"16.10.2018","27,329","27,329","27,329","27,329","2,21%"
"15.10.2018","26,739","26,739","26,739","26,739","-0,81%"
"12.10.2018","26,956","26,956","26,956","26,956","1,41%"
"11.10.2018","26,581","26,581","26,581","26,581","-2,29%"
"10.10.2018","27,203","27,203","27,203","27,203","-3,82%"
"09.10.2018","28,282","28,282","28,282","28,282","-0,10%"
"08.10.2018","28,309","28,309","28,309","28,309","0,29%"
"05.10.2018","28,227","28,227","28,227","28,227","-0,46%"
"04.10.2018","28,358","28,358","28,358","28,358","-0,65%"
"03.10.2018","28,545","28,545","28,545","28,545","0,22%"
"02.10.2018","28,481","28,481","28,481","28,481","0,21%"
"01.10.2018","28,420","28,420","28,420","28,420","0,63%"
"28.09.2018","28,243","28,243","28,243","28,243","0,54%"
"27.09.2018","28,093","28,093","28,093","28,093","0,90%"
"26.09.2018","27,842","27,842","27,842","27,842","-0,02%"
"25.09.2018","27,848","27,848","27,848","27,848","-0,09%"
"24.09.2018","27,872","27,872","27,872","27,872","-0,60%"
"21.09.2018","28,040","28,040","28,040","28,040","-0,11%"
"20.09.2018","28,071","28,071","28,071","28,071","0,08%"
"19.09.2018","28,048","28,048","28,048","28,048","0,38%"
"18.09.2018","27,941","27,941","27,941","27,941","0,45%"
"17.09.2018","27,815","27,815","27,815","27,815","-0,75%"
"14.09.2018","28,025","28,025","28,025","28,025","0,11%"
"13.09.2018","27,995","27,995","27,995","27,995","0,12%"
"12.09.2018","27,962","27,962","27,962","27,962","-0,30%"
"11.09.2018","28,047","28,047","28,047","28,047","0,54%"
"10.09.2018","27,897","27,897","27,897","27,897","0,01%"
"07.09.2018","27,893","27,893","27,893","27,893","0,20%"
"06.09.2018","27,838","27,838","27,838","27,838","-0,40%"
"05.09.2018","27,949","27,949","27,949","27,949","-0,88%"
"04.09.2018","28,197","28,197","28,197","28,197","0,46%"
"03.09.2018","28,070","28,070","28,070","28,070","0,07%"
"31.08.2018","28,049","28,049","28,049","28,049","0,21%"
"30.08.2018","27,989","27,989","27,989","27,989","-0,14%"
"29.08.2018","28,028","28,028","28,028","28,028","0,75%"
"28.08.2018","27,819","27,819","27,819","27,819","-0,34%"
"27.08.2018","27,914","27,914","27,914","27,914","0,40%"
"24.08.2018","27,802","27,802","27,802","27,802","0,17%"
"23.08.2018","27,756","27,756","27,756","27,756","0,04%"
"22.08.2018","27,745","27,745","27,745","27,745","-0,72%"
"21.08.2018","27,947","27,947","27,947","27,947","-0,54%"
"20.08.2018","28,100","28,100","28,100","28,100","0,04%"
"17.08.2018","28,089","28,089","28,089","28,089","0,18%"
"16.08.2018","28,038","28,038","28,038","28,038","0,11%"
"15.08.2018","28,006","28,006","28,006","28,006","-0,22%"
"14.08.2018","28,068","28,068","28,068","28,068","1,03%"
"13.08.2018","27,782","27,782","27,782","27,782","-0,26%"
"10.08.2018","27,853","27,853","27,853","27,853","0,53%"
"09.08.2018","27,708","27,708","27,708","27,708","0,14%"
"08.08.2018","27,668","27,668","27,668","27,668","-0,12%"
"07.08.2018","27,703","27,703","27,703","27,703","-0,01%"
"06.08.2018","27,706","27,706","27,706","27,706","0,64%"
"03.08.2018","27,531","27,531","27,531","27,531","0,66%"
"02.08.2018","27,349","27,349","27,349","27,349","1,02%"
"01.08.2018","27,072","27,072","27,072","27,072","0,14%"
"31.07.2018","27,035","27,035","27,035","27,035","0,58%"
"30.07.2018","26,878","26,878","26,878","26,878","-1,07%"
"27.07.2018","27,169","27,169","27,169","27,169","-0,60%"
"26.07.2018","27,332","27,332","27,332","27,332","-0,18%"
"25.07.2018","27,382","27,382","27,382","27,382","1,19%"
"24.07.2018","27,061","27,061","27,061","27,061","0,47%"
"23.07.2018","26,934","26,934","26,934","26,934","0,21%"
"20.07.2018","26,878","26,878","26,878","26,878","-0,90%"
"19.07.2018","27,122","27,122","27,122","27,122","-0,13%"
"18.07.2018","27,158","27,158","27,158","27,158","0,56%"
"17.07.2018","27,006","27,006","27,006","27,006","0,61%"
"16.07.2018","26,842","26,842","26,842","26,842","-0,44%"
"13.07.2018","26,962","26,962","26,962","26,962","0,25%"
"12.07.2018","26,893","26,893","26,893","26,893","1,20%"
"11.07.2018","26,575","26,575","26,575","26,575","-0,71%"
"10.07.2018","26,766","26,766","26,766","26,766","0,68%"
"09.07.2018","26,585","26,585","26,585","26,585","0,88%"
"06.07.2018","26,352","26,352","26,352","26,352","0,39%"
"05.07.2018","26,251","26,251","26,251","26,251","0,38%"
"04.07.2018","26,153","26,153","26,153","26,153","0,04%"
"03.07.2018","26,141","26,141","26,141","26,141","-0,86%"
"02.07.2018","26,369","26,369","26,369","26,369","0,91%"
"29.06.2018","26,132","26,132","26,132","26,132","-0,81%"
"28.06.2018","26,345","26,345","26,345","26,345","0,78%"
"27.06.2018","26,142","26,142","26,142","26,142","-0,26%"
"26.06.2018","26,211","26,211","26,211","26,211","0,40%"
"25.06.2018","26,107","26,107","26,107","26,107","-1,78%"
"22.06.2018","26,580","26,580","26,580","26,580","-0,08%"
"21.06.2018","26,600","26,600","26,600","26,600","-0,87%"
"20.06.2018","26,833","26,833","26,833","26,833","0,05%"
"19.06.2018","26,821","26,821","26,821","26,821","0,03%"
"18.06.2018","26,814","26,814","26,814","26,814","-0,18%"
"15.06.2018","26,863","26,863","26,863","26,863","0,19%"
"14.06.2018","26,813","26,813","26,813","26,813","1,33%"
"13.06.2018","26,461","26,461","26,461","26,461","-0,29%"
"12.06.2018","26,538","26,538","26,538","26,538","0,35%"
"11.06.2018","26,446","26,446","26,446","26,446","-0,24%"
"08.06.2018","26,508","26,508","26,508","26,508","0,82%"
"07.06.2018","26,294","26,294","26,294","26,294","-0,43%"
"06.06.2018","26,407","26,407","26,407","26,407","-0,10%"
"05.06.2018","26,434","26,434","26,434","26,434","0,31%"
"04.06.2018","26,351","26,351","26,351","26,351","0,16%"
"01.06.2018","26,309","26,309","26,309","26,309","1,18%"
"31.05.2018","26,003","26,003","26,003","26,003","-1,19%"
"30.05.2018","26,316","26,316","26,316","26,316","0,86%"
"29.05.2018","26,091","26,091","26,091","26,091","-0,67%"
"28.05.2018","26,266","26,266","26,266","26,266","0,29%"
"25.05.2018","26,191","26,191","26,191","26,191","0,37%"
"24.05.2018","26,095","26,095","26,095","26,095","-0,37%"
"23.05.2018","26,192","26,192","26,192","26,192","0,92%"
"22.05.2018","25,953","25,953","25,953","25,953","-0,51%"
"21.05.2018","26,085","26,085","26,085","26,085","0,91%"
"18.05.2018","25,851","25,851","25,851","25,851","-0,07%"
"17.05.2018","25,869","25,869","25,869","25,869","-0,11%"
"16.05.2018","25,898","25,898","25,898","25,898","1,07%"
"15.05.2018","25,624","25,624","25,624","25,624","0,21%"
"14.05.2018","25,570","25,570","25,570","25,570","-0,11%"
"11.05.2018","25,600","25,600","25,600","25,600","-0,35%"
"10.05.2018","25,688","25,688","25,688","25,688","0,75%"
"09.05.2018","25,498","25,498","25,498","25,498","0,97%"
"08.05.2018","25,252","25,252","25,252","25,252","0,48%"
"07.05.2018","25,133","25,133","25,133","25,133","0,48%"
"04.05.2018","25,013","25,013","25,013","25,013","1,48%"
"03.05.2018","24,648","24,648","24,648","24,648","-0,18%"
"02.05.2018","24,693","24,693","24,693","24,693","-0,45%"
"01.05.2018","24,804","24,804","24,804","24,804","1,03%"
"30.04.2018","24,552","24,552","24,552","24,552","-0,66%"
"27.04.2018","24,714","24,714","24,714","24,714","0,21%"
"26.04.2018","24,662","24,662","24,662","24,662","1,54%"
"25.04.2018","24,288","24,288","24,288","24,288","0,53%"
"24.04.2018","24,161","24,161","24,161","24,161","-1,29%"
"23.04.2018","24,476","24,476","24,476","24,476","0,48%"
"20.04.2018","24,359","24,359","24,359","24,359","-0,16%"
"19.04.2018","24,397","24,397","24,397","24,397","-0,46%"
"18.04.2018","24,511","24,511","24,511","24,511","-0,18%"
"17.04.2018","24,555","24,555","24,555","24,555","1,25%"
"16.04.2018","24,253","24,253","24,253","24,253","0,49%"
"13.04.2018","24,135","24,135","24,135","24,135","-0,36%"
"12.04.2018","24,223","24,223","24,223","24,223","1,38%"
"11.04.2018","23,892","24,091","23,892","23,892","0,47%"
"06.04.2018","23,782","23,782","23,782","23,782","-2,45%"
"05.04.2018","24,380","24,380","24,380","24,380","1,28%"
"04.04.2018","24,073","24,073","24,073","24,073","0,96%"
"03.04.2018","23,844","23,844","23,844","23,844","1,56%"
"02.04.2018","23,479","23,479","23,479","23,479","-2,32%"
"29.03.2018","24,037","24,037","24,037","24,037","1,81%"
"28.03.2018","23,609","23,609","23,609","23,609","0,07%"
"27.03.2018","23,592","23,592","23,592","23,592","-1,35%"
"26.03.2018","23,916","23,916","23,916","23,916","2,04%"
"23.03.2018","23,438","23,438","23,438","23,438","-2,50%"
"22.03.2018","24,040","24,040","24,040","24,040","-2,84%"
"21.03.2018","24,743","24,743","24,743","24,743","-0,14%"
"20.03.2018","24,778","24,778","24,778","24,778","0,63%"
"19.03.2018","24,624","24,624","24,624","24,624","-1,82%"
"16.03.2018","25,079","25,079","25,079","25,079","0,50%"
"15.03.2018","24,954","24,954","24,954","24,954","0,24%"
"14.03.2018","24,894","24,894","24,894","24,894","-1,63%"
"09.03.2018","25,305","25,305","25,305","25,305","1,81%"
"08.03.2018","24,855","24,855","24,855","24,855","1,07%"
"07.03.2018","24,592","24,592","24,592","24,592","-0,06%"
"06.03.2018","24,608","24,608","24,608","24,608","-0,32%"
"05.03.2018","24,687","24,687","24,687","24,687","0,97%"
"02.03.2018","24,451","24,451","24,451","24,451","-0,56%"
"01.03.2018","24,590","24,590","24,590","24,590","-1,17%"
"28.02.2018","24,882","24,882","24,882","24,882","-0,76%"
"27.02.2018","25,072","25,072","25,072","25,072","-0,87%"
"26.02.2018","25,291","25,291","25,291","25,291","1,26%"
"23.02.2018","24,976","24,976","24,976","24,976","1,80%"
"22.02.2018","24,535","24,535","24,535","24,535","0,10%"
"21.02.2018","24,510","24,510","24,510","24,510","-0,38%"
"20.02.2018","24,602","24,602","24,602","24,602","-0,13%"
"19.02.2018","24,635","24,635","24,635","24,635","0,42%"
"16.02.2018","24,532","24,532","24,532","24,532","0,29%"
"15.02.2018","24,461","24,461","24,461","24,461","0,63%"
"14.02.2018","24,307","24,307","24,307","24,307","0,95%"
"13.02.2018","24,079","24,079","24,079","24,079","-0,38%"
"12.02.2018","24,172","24,172","24,172","24,172","1,17%"
"09.02.2018","23,893","23,893","23,893","23,893","1,59%"
"08.02.2018","23,519","23,519","23,519","23,519","-3,46%"
"07.02.2018","24,361","24,361","24,361","24,361","-0,09%"
"06.02.2018","24,383","24,383","24,383","24,383","2,38%"
"05.02.2018","23,816","23,816","23,816","23,816","-3,97%"
"02.02.2018","24,801","24,801","24,801","24,801","-1,85%"
"01.02.2018","25,269","25,269","25,269","25,269","-0,16%"
"31.01.2018","25,309","25,309","25,309","25,309","-0,32%"
"30.01.2018","25,390","25,390","25,390","25,390","-1,52%"
"29.01.2018","25,782","25,782","25,782","25,782","-0,05%"
"26.01.2018","25,796","25,796","25,796","25,796","1,75%"
"25.01.2018","25,352","25,352","25,352","25,352","-0,91%"
"24.01.2018","25,584","25,584","25,584","25,584","-0,77%"
"23.01.2018","25,784","25,784","25,784","25,784","-0,12%"
"22.01.2018","25,815","25,815","25,815","25,815","0,58%"
"19.01.2018","25,665","25,665","25,665","25,665","0,56%"
"18.01.2018","25,521","25,521","25,521","25,521","-0,13%"
"17.01.2018","25,554","25,554","25,554","25,554","0,84%"
"16.01.2018","25,341","25,341","25,341","25,341","-0,00%"
"15.01.2018","25,342","25,342","25,342","25,342","-1,03%"
"12.01.2018","25,606","25,606","25,606","25,606","-0,16%"
"11.01.2018","25,647","25,647","25,647","25,647","0,17%"
"10.01.2018","25,603","25,603","25,603","25,603","-0,54%"
"09.01.2018","25,742","25,742","25,742","25,742","0,54%"
"08.01.2018","25,604","25,604","25,604","25,604","0,67%"
"05.01.2018","25,434","25,434","25,434","25,434","1,03%"
"04.01.2018","25,174","25,174","25,174","25,174","-0,02%"
"03.01.2018","25,178","25,178","25,178","25,178","0,82%"
"02.01.2018","24,974","24,974","24,974","24,974","0,52%"
"29.12.2017","24,844","24,844","24,844","24,844","-1,09%"
"28.12.2017","25,118","25,118","25,118","25,118","-0,18%"
"27.12.2017","25,163","25,163","25,163","25,163","-0,16%"
"26.12.2017","25,202","25,202","25,202","25,202","-0,36%"
"22.12.2017","25,294","25,294","25,294","25,294","0,17%"
"21.12.2017","25,250","25,250","25,250","25,250","0,39%"
"20.12.2017","25,153","25,153","25,153","25,153","-0,68%"
"19.12.2017","25,324","25,324","25,324","25,324","-0,31%"
"18.12.2017","25,402","25,402","25,402","25,402","0,14%"
"15.12.2017","25,366","25,366","25,366","25,366","0,99%"
"14.12.2017","25,118","25,118","25,118","25,118","-0,55%"
"13.12.2017","25,257","25,257","25,257","25,257","-0,28%"
"12.12.2017","25,328","25,328","25,328","25,328","0,72%"
"11.12.2017","25,146","25,146","25,146","25,146","-0,05%"
"08.12.2017","25,160","25,160","25,160","25,160","0,89%"
"07.12.2017","24,939","24,939","24,939","24,939","0,30%"
"06.12.2017","24,865","24,865","24,865","24,865","0,35%"
"05.12.2017","24,778","24,778","24,778","24,778","-0,22%"
"04.12.2017","24,832","24,832","24,832","24,832","0,04%"
"01.12.2017","24,823","24,823","24,823","24,823","0,28%"
"30.11.2017","24,754","24,754","24,754","24,754","0,23%"
"29.11.2017","24,698","24,698","24,698","24,698","0,12%"
"28.11.2017","24,670","24,670","24,670","24,670","1,42%"
"27.11.2017","24,324","24,324","24,324","24,324","0,12%"
"24.11.2017","24,294","24,294","24,294","24,294","-0,58%"
"23.11.2017","24,437","24,437","24,437","24,437","-0,47%"
"22.11.2017","24,553","24,553","24,553","24,553","-0,59%"
"21.11.2017","24,697","24,697","24,697","24,697","0,84%"
"20.11.2017","24,491","24,491","24,491","24,491","0,41%"
"17.11.2017","24,390","24,390","24,390","24,390","-0,34%"
"16.11.2017","24,473","24,473","24,473","24,473","1,09%"
"15.11.2017","24,210","24,210","24,210","24,210","-0,93%"
"14.11.2017","24,437","24,437","24,437","24,437","-0,98%"
"13.11.2017","24,680","24,680","24,680","24,680","0,08%"
"10.11.2017","24,660","24,660","24,660","24,660","-0,39%"
"09.11.2017","24,756","24,756","24,756","24,756","-0,70%"
"08.11.2017","24,929","24,929","24,929","24,929","0,07%"
"07.11.2017","24,913","24,913","24,913","24,913","0,06%"
"06.11.2017","24,897","24,897","24,897","24,897","0,40%"
"03.11.2017","24,797","24,797","24,797","24,797","0,80%"
"02.11.2017","24,600","24,600","24,600","24,600","-0,46%"
"01.11.2017","24,714","24,714","24,714","24,714","0,44%"
"31.10.2017","24,605","24,605","24,605","24,605","-0,09%"
"30.10.2017","24,628","24,628","24,628","24,628","-0,70%"
"27.10.2017","24,801","24,801","24,801","24,801","2,92%"
"25.10.2017","24,098","24,098","24,098","24,098","-0,88%"
"24.10.2017","24,313","24,313","24,313","24,313","0,02%"
"23.10.2017","24,307","24,307","24,307","24,307","-0,04%"
"20.10.2017","24,316","24,316","24,316","24,316","1,08%"
"19.10.2017","24,055","24,055","24,055","24,055","-0,61%"
"18.10.2017","24,203","24,203","24,203","24,203","-0,13%"
"17.10.2017","24,234","24,234","24,234","24,234","0,45%"
"16.10.2017","24,125","24,125","24,125","24,125","0,50%"
"13.10.2017","24,005","24,005","24,005","24,005","0,18%"
"12.10.2017","23,963","23,963","23,963","23,963","-0,23%"
"10.10.2017","24,018","24,018","24,018","24,018","-0,44%"
"09.10.2017","24,123","24,123","24,123","24,123","-0,22%"
"06.10.2017","24,178","24,178","24,178","24,178","-0,24%"
"05.10.2017","24,235","24,235","24,235","24,235","0,98%"
"04.10.2017","24,000","24,000","24,000","24,000","0,07%"
"03.10.2017","23,983","23,983","23,983","23,983","0,06%"
"02.10.2017","23,968","23,968","23,968","23,968","1,12%"
"29.09.2017","23,702","23,702","23,702","23,702","0,06%"
"28.09.2017","23,688","23,688","23,688","23,688","-0,32%"
"27.09.2017","23,764","23,764","23,764","23,764","0,71%"
"26.09.2017","23,597","23,597","23,597","23,597","0,88%"
"25.09.2017","23,391","23,391","23,391","23,391","0,62%"
"22.09.2017","23,247","23,247","23,247","23,247","-0,32%"
"21.09.2017","23,322","23,322","23,322","23,322","0,31%"
"20.09.2017","23,249","23,249","23,249","23,249","-0,08%"
"19.09.2017","23,267","23,267","23,267","23,267","-0,09%"
"18.09.2017","23,289","23,289","23,289","23,289","0,22%"
"15.09.2017","23,237","23,237","23,237","23,237","-0,57%"
"14.09.2017","23,370","23,370","23,370","23,370","0,28%"
"13.09.2017","23,304","23,304","23,304","23,304","0,39%"
"12.09.2017","23,214","23,214","23,214","23,214","0,59%"
"11.09.2017","23,078","23,078","23,078","23,078","1,40%"
"08.09.2017","22,760","22,760","22,760","22,760","-0,25%"
"07.09.2017","22,818","22,818","22,818","22,818","-0,58%"
"06.09.2017","22,951","22,951","22,951","22,951","0,18%"
"05.09.2017","22,909","22,909","22,909","22,909","-0,84%"
"04.09.2017","23,104","23,104","23,104","23,104","-0,28%"
"01.09.2017","23,168","23,168","23,168","23,168","0,29%"
"31.08.2017","23,100","23,100","23,100","23,100","0,80%"
"30.08.2017","22,917","22,917","22,917","22,917","1,41%"
"29.08.2017","22,599","22,599","22,599","22,599","-0,49%"
"28.08.2017","22,711","22,711","22,711","22,711","-0,65%"
"25.08.2017","22,859","22,859","22,859","22,859","-0,39%"
"24.08.2017","22,948","22,948","22,948","22,948","-0,12%"
"23.08.2017","22,976","22,976","22,976","22,976","168,94%"